ply
format ascii 1.0
element vertex 10000
property float x
property float y
property float z
element face 0
property list uchar int vertex_indices
end_header
-0.80463 0.0620679 0.356418
-0.806017 -0.257364 -0.031094
0.45445 0.492741 0.263467
0.195078 -0.623426 -0.612271
-0.238774 0.798175 0.0900994
-0.103571 0.827301 -0.180158
-0.571641 -0.153341 -0.541467
-0.78312 0.287565 0.234746
-0.792511 -0.268225 -0.072029
-0.860197 -0.154914 0.147985
0.718634 0.105929 0.256776
-0.618299 -0.262068 0.648892
-0.727169 -0.345225 0.491118
-0.0657981 -0.0838746 -0.79168
-0.754319 -0.411738 -0.0595282
-0.1046 0.771403 0.236038
-0.701229 -0.536263 0.248624
-0.109312 0.852323 -0.0883547
0.374436 -0.390858 -0.68664
-0.833856 -0.214421 0.0578312
-0.354461 0.696584 0.262572
0.620159 0.388411 0.161383
-0.0227616 -0.0733716 0.937868
0.247524 -0.76705 0.37896
0.0829457 -0.406878 -0.745097
-0.180763 0.0546258 -0.751935
0.0437932 -0.569651 0.774965
-0.169449 0.377728 -0.649198
-0.761066 -0.380012 -0.0858825
-0.160003 -0.836912 0.0301917
-0.721302 -0.249063 0.537585
-0.71596 -0.0890862 0.547817
0.74129 -0.266934 -0.394709
-0.647042 0.36637 -0.394488
-0.0778205 0.106045 0.882496
-0.838042 -0.190866 0.264707
0.51948 -0.357229 0.520649
-0.300884 -0.210318 -0.69202
0.370559 -0.391934 -0.688271
0.466351 0.57107 -0.0728136
-0.522892 -0.71682 0.380745
-0.811525 -0.224088 -0.0367431
-0.661917 0.395332 0.345384
-0.208574 -0.394116 0.85955
0.017442 0.570107 0.50361
0.0721267 0.215927 0.835465
-0.0550834 0.0633939 0.908909
0.348655 -0.764957 -0.288907
-0.294355 -0.641576 -0.425491
0.229364 -0.664658 -0.58128
0.548154 0.246483 -0.526757
-0.26927 -0.224487 -0.701059
-0.811788 -0.221803 -0.0375523
-0.272919 -0.282398 -0.683378
0.0846637 -0.587118 -0.648011
-0.624218 0.169835 0.559455
0.537221 0.060153 0.531871
-0.136137 -0.0184433 0.919028
0.861918 -0.240952 -0.0962957
-0.0331583 0.649918 -0.446551
0.525364 -0.699158 -0.152167
0.139944 -0.470026 -0.706983
0.0419841 -0.694258 0.61546
0.639932 0.223246 0.292609
0.58343 -0.470742 -0.476035
0.365518 0.333268 -0.603609
-0.312136 0.719388 -0.287733
-0.216843 -0.605545 -0.528119
-0.415241 -0.375814 -0.578663
-0.58718 0.350262 -0.496556
0.810344 -0.278558 -0.214805
0.533958 0.447918 -0.279368
-0.202322 0.714116 -0.35119
0.603331 0.453548 -0.0898888
0.87315 -0.0236466 -0.0909446
0.146493 -0.50597 0.760359
-0.0964865 -0.677388 0.684022
0.412078 -0.440484 0.577908
0.795035 -0.201977 0.286393
-0.37106 0.0104103 0.846408
-0.237533 -0.663803 0.694049
-0.334662 -0.805875 0.123824
0.663753 -0.354088 -0.464483
0.331974 -0.0189047 -0.726932
-0.2016 -0.748863 0.506092
0.636085 -0.306165 0.429105
-0.452152 0.281261 -0.661149
-0.202242 0.717107 0.34422
0.746884 0.0414775 -0.358562
0.719034 -0.102564 0.377522
-0.443537 0.220375 0.700884
0.621607 -0.0230168 0.480968
-0.150533 -0.50438 0.832737
0.519334 0.0374424 0.56242
0.40252 0.509128 -0.370208
0.41764 -0.177774 -0.699624
-0.575369 0.391437 -0.484971
-0.0760779 0.758455 0.246356
-0.27207 0.73252 -0.291688
-0.0398516 -0.853295 -0.00116789
-0.76718 0.389078 -0.0698146
0.261064 0.0179987 -0.755623
-0.851228 -0.121511 0.270192
-0.492838 -0.0103155 -0.643482
0.542941 0.243713 -0.533885
0.698994 -0.39938 0.289249
0.451326 0.199732 0.553847
0.546192 -0.667795 0.00447622
-0.504746 0.64412 0.118118
-0.648392 -0.202939 0.636578
-0.170065 0.625135 0.469242
0.0372515 -0.570329 -0.660372
0.656038 -0.373664 0.365533
0.773384 0.245735 -0.0780301
0.147246 -0.837286 0.292822
0.0292438 0.306271 -0.693965
0.124198 0.770785 -0.15159
-0.81428 0.17646 0.2641
-0.841233 0.0551399 0.275304
0.147893 -0.559555 0.732202
0.0206481 -0.700413 0.612721
-0.0911732 -0.38195 0.909368
-0.299638 0.176811 -0.707625
0.510933 0.125894 0.526088
-0.486113 0.500761 0.430719
-0.750895 -0.162595 -0.305898
0.518061 0.335683 0.369995
-0.591656 -0.267546 0.672605
-0.236599 -0.824789 0.179025
-0.663912 0.192981 -0.510128
-0.711822 -0.531127 -0.0328363
0.526924 0.150688 0.494411
-0.114225 -0.756365 -0.408145
0.494456 0.111012 0.552935
-0.489887 0.629231 0.221498
-0.0581291 0.0393494 -0.770222
-0.505338 -0.710048 0.418104
-0.480676 -0.0246289 0.809919
0.834188 0.0536661 0.035014
0.570544 -0.13022 0.547545
-0.314112 0.700044 0.308935
-0.525947 0.586434 0.280359
0.128124 -0.142526 -0.781604
-0.50497 0.32263 0.588301
0.611788 -0.428131 -0.473309
0.117741 -0.0601422 -0.784172
-0.563434 0.424612 -0.474821
-0.0753422 0.27306 -0.702624
-0.238314 0.337496 -0.660883
0.226422 0.16334 0.783926
-0.202142 -0.0320269 -0.763123
-0.23337 0.704803 -0.347023
-0.296998 0.791805 -0.000113066
0.182899 0.77383 0.0586846
-0.164951 -0.768938 0.472449
0.447965 0.529874 -0.257156
0.236598 0.471059 0.523184
-0.302734 -0.0663116 0.893323
-0.700279 -0.333523 -0.270509
-0.174874 0.449598 0.639691
0.420286 0.552399 0.224668
0.748859 -0.00593948 -0.377598
-0.527417 0.113826 0.700085
-0.290728 -0.472755 -0.603859
-0.0753743 -0.109468 -0.783586
-0.651583 -0.54628 0.440965
0.561901 -0.614658 -0.358112
0.259445 0.629003 -0.309733
0.027095 -0.381161 -0.752005
-0.432473 0.708939 -0.177784
0.0491265 -0.760666 -0.430012
0.00276028 0.307072 0.780538
0.44681 0.432343 -0.448782
0.666958 -0.572003 -0.0576435
-0.557559 0.0662101 -0.609811
-0.184073 -0.814507 0.356597
0.182068 0.591552 -0.41651
0.357372 -0.721495 0.315275
-0.60746 -0.459954 -0.313449
0.136049 -0.779787 -0.367133
0.193593 0.767338 -0.0522634
0.818651 -0.162445 -0.252471
0.219421 0.0911078 0.816586
-0.15431 -0.806672 -0.230957
0.741538 -0.374601 0.251633
0.138702 -0.827967 0.377752
0.754465 0.261538 0.0298221
-0.287403 0.256957 0.744505
-0.554013 -0.720954 0.0767998
-0.749409 -0.047306 -0.400624
-0.365967 -0.493373 -0.553746
0.161816 -0.539849 -0.668539
-0.0760817 0.387644 -0.651139
0.429643 -0.762677 -0.0721773
0.891854 -0.209606 0.0318494
0.59311 -0.470043 0.372981
0.107801 -0.142274 -0.784359
-0.610477 -0.615495 -0.0798334
-0.396509 -0.726305 0.483634
-0.0900215 -0.701789 -0.486223
0.902117 -0.165133 -0.00260959
-0.125906 0.464855 0.633049
-0.20089 0.296752 -0.68235
0.582115 0.426233 -0.236432
-0.00978582 0.25702 -0.714022
0.728928 0.184959 0.158183
-0.784711 -0.36905 0.150395
0.712359 -0.468134 0.158916
0.609409 -0.539974 -0.370087
-0.0166051 0.00873529 0.931131
-0.0674083 0.410492 -0.641203
0.19363 0.681756 -0.281728
-0.0953081 -0.108333 0.960689
-0.0291677 -0.680085 0.659055
0.528485 0.345835 0.344054
-0.460535 0.109469 -0.680171
0.470602 -0.688366 -0.328046
-0.08069 -0.525694 0.816016
0.874139 -0.205953 0.11338
-0.00646325 -0.190159 0.934973
0.592563 -0.373168 0.435344
-0.809907 -0.229324 -0.0385972
0.0660834 0.531668 -0.569639
0.494933 0.255514 0.470346
-0.704739 0.409311 -0.250611
0.38495 -0.321061 0.666041
-0.0174236 -0.647981 -0.565319
-0.564329 -0.675185 0.404
-0.559565 -0.378964 -0.445822
0.17618 -0.23933 0.842191
-0.18467 -0.653114 0.734576
-0.875334 -0.054073 0.171019
-0.715493 0.354687 0.296668
-0.184313 0.757215 -0.305253
0.328123 0.106032 -0.713268
-0.410488 -0.783734 0.202639
-0.363872 0.746641 0.0863004
-0.834869 0.146769 0.118357
-0.655659 -0.198545 0.630921
-0.37924 0.621873 0.388315
-0.342105 -0.730577 0.495286
0.245087 0.0115632 0.807786
0.138546 0.192048 -0.751458
0.228526 -0.837968 0.00973333
0.0651174 -0.849937 -0.0134495
-0.841113 -0.073876 -0.0378164
-0.466408 0.219237 0.687341
0.477535 0.109475 0.572917
-0.296529 0.228967 -0.695061
0.0110399 0.0715073 -0.770416
-0.703316 0.482247 -0.0135809
0.105511 0.602907 0.420832
-0.711434 -0.263545 0.548116
-0.476795 -0.288499 0.75992
-0.276151 -0.556645 0.776221
-0.807181 -0.30384 0.182623
-0.870314 -0.0780738 0.105387
-0.0889047 -0.819649 -0.245516
0.042375 0.708263 -0.320434
-0.679726 -0.574609 0.23847
-0.34021 0.688902 -0.311938
0.75583 0.272346 -0.0650505
-0.241454 -0.0805748 -0.741666
-0.0366853 -0.758351 0.536962
-0.822377 0.0930338 0.317586
-0.174444 -0.832217 0.285418
0.455213 -0.145305 0.658634
-0.762501 -0.0390069 -0.359215
-0.539846 -0.705286 -0.0160025
0.118512 -0.268335 -0.779547
-0.370601 0.149505 0.775515
-0.847299 0.12443 0.0260401
-0.226437 0.523635 0.558819
-0.764628 0.256705 0.313992
-0.237728 0.467407 -0.602865
0.0909458 0.601191 -0.459766
-0.55636 -0.722657 0.324644
0.375514 -0.255298 0.707974
0.208292 -0.290488 0.806408
-0.350741 0.516315 -0.525422
-0.255635 0.737713 0.287805
-0.767705 -0.400814 0.0136336
0.463824 -0.700488 -0.307451
0.11979 0.352978 0.709672
-0.463623 -0.767811 0.25866
-0.356947 0.616491 -0.395007
-0.622413 0.277615 -0.503029
0.63831 -0.23717 0.458055
0.103349 -0.558473 -0.667907
-0.023162 -0.440435 -0.727501
0.46774 -0.734681 -0.21989
-0.102028 0.147328 0.856322
-0.539412 0.633597 0.0442822
-0.204557 0.411324 -0.630969
0.754326 0.157852 -0.276951
0.700623 -0.541494 -0.0105043
0.790831 0.149675 -0.19872
0.646844 0.39807 0.0212433
-0.152573 -0.838593 0.049597
0.0459036 -0.618694 0.729072
0.59784 -0.0766361 -0.563277
0.633003 -0.450483 0.335938
-0.300265 -0.48017 -0.595295
-0.810113 -0.111791 -0.12888
-0.250186 0.399645 -0.632015
-0.53548 0.64912 -0.0125566
0.418339 0.0720203 0.65084
-0.492631 0.484909 0.442159
-0.586036 0.544025 0.251246
-0.419748 0.593722 -0.389558
-0.180857 0.369332 -0.651908
0.014391 -0.676962 0.650297
0.364605 -0.777294 0.0514939
-0.708897 -0.314994 0.535932
0.218674 -0.296882 0.797861
-0.328416 0.635376 -0.386095
0.0467283 0.446071 -0.631908
-0.722285 0.116051 0.450702
0.721684 -0.417379 -0.313235
-0.500916 0.631592 -0.274472
0.578117 -0.494081 -0.461993
-0.772303 -0.393229 0.18923
-0.226794 0.815224 0.0104308
0.880615 -0.232509 0.0785738
-0.827817 0.166255 0.13859
-0.195641 -0.765913 0.467807
0.652632 -0.00762834 -0.493207
-0.148272 -0.410426 0.881737
0.40641 0.325768 0.522783
-0.449824 0.297428 -0.658764
-0.18895 0.375852 -0.648253
-0.428354 -0.50328 -0.50621
0.719536 0.206346 -0.31565
0.324644 0.533628 0.398827
-0.223112 0.239155 -0.701203
-0.758068 0.320798 0.255392
0.258153 0.368741 0.613902
0.862889 -0.0177652 -0.12114
0.0442161 -0.855262 0.0468943
-0.0798622 0.16519 -0.736455
-0.651186 0.307253 -0.439672
-0.414722 0.0926623 0.791881
-0.544424 -0.726649 0.0678865
0.711736 -0.418459 0.240007
-0.701397 0.218752 -0.435419
-0.0624809 -0.222488 0.959764
0.0123029 0.173942 -0.745167
0.363291 -0.801713 -0.189036
-0.820996 0.0465527 0.333775
-0.267985 -0.819721 0.141352
-0.117747 -0.665144 -0.513136
-0.179896 -0.420043 0.865362
0.695054 -0.313258 -0.452011
0.303274 0.389087 -0.596155
0.831779 -0.321924 -0.123922
-0.533413 0.497425 -0.414867
-0.592466 -0.715824 0.245102
-0.333399 0.299868 0.700715
0.170501 0.778581 0.0667827
0.620926 -0.212277 0.481498
-0.76792 0.312866 0.245942
-0.0771814 0.814516 0.116119
0.433323 0.355376 0.46751
-0.584735 0.337544 -0.506048
-0.396478 0.280239 0.689836
0.173139 -0.534397 0.725024
0.236238 -0.746296 -0.432273
0.0222328 -0.809765 -0.302052
-0.10214 -0.394676 0.901269
0.0204657 -0.850772 -0.0604325
0.55704 -0.67045 -0.144273
-0.737721 -0.455748 -0.076782
-0.255504 -0.607714 -0.505416
-0.785976 0.174298 0.336829
0.530149 -0.359279 -0.606357
0.586861 0.363564 -0.355277
-0.664391 0.361612 0.384226
-0.0928655 -0.423445 -0.713149
0.147377 0.309653 0.731624
-0.687391 -0.365766 -0.265424
-0.669219 -0.215487 0.612672
0.6269 -0.154688 0.487116
0.647526 0.0324388 -0.492842
-0.688011 -0.0495443 0.568169
0.45471 0.556 -0.186443
0.709634 0.0766409 -0.392252
-0.0244406 0.149857 0.87281
0.724186 -0.522076 0.0486998
-0.815073 0.0604548 -0.210734
0.0430452 0.374876 0.72971
0.135183 -0.0292649 0.861455
0.0491812 0.509545 0.57026
0.179516 0.557734 0.448225
-0.660587 -0.254917 -0.388794
-0.195562 0.814678 0.0835495
-0.594836 0.026501 0.65312
0.647305 -0.437999 -0.409388
0.534133 0.0640287 0.533281
-0.13873 0.74324 0.310942
0.855946 0.0407003 -0.0898495
-0.67372 -0.610294 0.145458
0.684157 0.34575 -0.2015
0.217954 -0.370226 -0.736881
-0.615117 -0.679225 0.124351
-0.556197 0.0462221 -0.609255
-0.759359 0.100715 0.406252
0.701013 0.222592 -0.337052
-0.697432 -0.307665 -0.294217
0.200507 -0.552374 0.691954
0.0253645 -0.635589 -0.589794
0.858035 -0.173155 0.187493
0.722562 -0.30514 0.331701
-0.656266 0.183157 -0.521511
0.367053 -0.764935 0.104791
0.4944 -0.672942 0.149864
0.153139 0.594975 -0.431959
0.253209 -0.170435 -0.75919
0.210358 -0.348024 -0.746639
0.701583 0.303337 -0.226561
0.0970378 -0.808159 -0.29624
-0.746821 -0.390421 -0.14432
-0.402268 0.631004 0.347351
-0.828669 0.202496 -0.0458846
0.261811 -0.515393 0.661726
0.18105 0.235843 -0.730113
-0.829864 -0.0562497 0.327654
0.556883 -0.671078 -0.13277
0.0560281 -0.588553 -0.646481
-0.340678 -0.641471 -0.384836
-0.488894 0.433988 0.503354
-0.756593 -0.426372 -0.00733471
-0.857269 -0.0755733 0.0411884
0.607007 0.426855 -0.188293
0.451311 -0.191041 -0.684233
-0.745978 0.174871 -0.387565
-0.226493 -0.64621 -0.477393
-0.566296 -0.528913 -0.302826
0.728712 -0.25084 -0.430461
-0.371401 -0.435029 -0.577695
0.230864 -0.787077 0.335155
-0.77587 0.358573 0.00296013
0.68404 -0.136308 0.43197
-0.00766729 0.521272 -0.594164
0.412865 0.602448 0.159134
0.0954184 0.767093 0.132927
0.363963 -0.542168 0.55032
0.442709 0.601833 0.112318
-0.574569 0.619014 -0.0699754
0.772774 -0.166057 -0.364345
-0.325741 0.760778 -0.182275
-0.300269 -0.468198 0.798237
0.790687 -0.150023 -0.322428
0.327543 0.382749 0.559737
0.24647 -0.709442 0.489069
0.813678 0.126667 0.0275281
-0.0374382 0.68558 0.366779
0.720062 -0.325108 -0.397253
0.126894 -0.82757 -0.220029
-0.739983 0.354125 -0.256034
0.416373 -0.470663 -0.62009
0.09503 -0.629763 0.697022
-0.493535 -0.492445 -0.454973
0.175346 -0.323782 0.813046
0.680454 -0.51133 -0.271958
-0.427124 -0.712585 -0.197932
0.23197 -0.690701 0.522661
-0.622195 -0.653221 0.292041
-0.0583471 0.756067 0.241458
0.679843 -0.529758 -0.213132
0.2475 0.68092 -0.240931
-0.266272 0.39575 0.662693
-0.391643 0.676768 0.257083
-0.327446 -0.169302 -0.69256
0.0128188 0.132672 0.882773
0.396173 0.560728 -0.284914
0.0871362 0.751105 0.171025
0.204148 -0.285466 0.810764
0.770875 0.251996 -0.0599557
0.777701 0.145651 0.0908261
-0.492837 0.338259 0.586119
-0.24001 0.809201 0.0185217
0.0445983 -0.779867 0.484558
0.0394408 -0.859682 0.114122
-0.766851 -0.385767 -0.0289968
0.402767 0.624675 -0.0597963
-0.803117 0.167264 -0.222764
-0.784451 -0.067803 -0.256712
-0.531576 -0.123314 -0.582758
-0.551893 -0.393841 -0.446046
-0.347143 -0.299614 -0.648051
-0.427817 0.340168 0.631015
0.385223 0.0818269 -0.686939
0.117324 0.544404 0.493574
0.721719 -0.219503 -0.447979
-0.0260658 0.629277 0.444035
-0.598357 0.533427 0.245107
-0.586557 0.279924 -0.536531
-0.283896 0.675939 0.393064
-0.80706 0.220867 0.211112
-0.557485 0.248205 -0.582497
-0.766648 -0.078407 0.463314
-0.182505 0.434688 -0.622542
0.429533 0.485983 -0.380113
-0.571631 0.230824 0.589057
-0.43704 -0.300226 -0.595096
0.703011 -0.330343 -0.425727
-0.55201 -0.108588 -0.571744
0.819757 -0.259985 0.237724
0.441657 0.333716 0.474183
0.151858 -0.850108 0.149769
-0.75324 -0.306283 0.457531
-0.607779 -0.345922 0.633737
-0.23725 -0.401144 -0.664864
0.0463177 0.480797 0.609849
0.51605 -0.524889 0.422241
0.0290152 -0.613348 -0.616159
-0.278685 0.46528 -0.599852
-0.36459 -0.271306 -0.648788
0.436845 -0.457365 -0.615547
-0.522076 0.282201 0.604789
0.734696 0.114636 0.213641
-0.493582 0.419784 -0.532105
-0.271795 -0.628668 0.712915
-0.271541 -0.810854 0.317661
0.663194 0.382708 -0.0277229
0.430224 -0.671515 -0.420385
0.414352 0.623249 0.0161763
0.645633 0.196911 0.306914
0.466785 0.488411 0.250978
0.736348 0.0447217 -0.371154
0.501724 -0.693006 0.0497951
0.0832932 0.772821 -0.175117
0.49528 0.423738 -0.405079
-0.803647 0.0669947 -0.269961
-0.10332 0.176949 -0.73077
-0.611456 0.509994 0.266143
0.293458 -0.711908 -0.464152
-0.288541 0.179873 -0.708176
-0.0212954 -0.831744 -0.243938
-0.750452 0.0756472 -0.428987
0.29525 0.134224 0.749532
0.222134 -0.828577 -0.155674
-0.0403796 0.55321 -0.566894
0.611213 -0.448511 -0.454869
-0.102242 -0.850035 0.182861
-0.615661 -0.673916 0.262172
-0.790698 0.229616 0.294178
-0.314215 0.595693 -0.443954
0.592225 -0.422168 -0.5087
-0.0174494 -0.479887 0.839844
-0.725952 0.0675402 -0.46994
-0.453164 -0.285319 -0.587547
0.509715 0.159339 0.509307
0.23302 0.039735 0.812346
0.241896 -0.642553 -0.592104
-0.521644 -0.444088 0.680755
0.29459 -0.79974 -0.253525
0.267 0.704314 0.166892
0.61398 -0.213372 -0.558743
-0.364117 -0.566261 -0.479537
0.346292 0.321608 0.595712
-0.299382 -0.235663 0.861062
0.381313 -0.226681 0.711851
-0.360014 0.744447 -0.180546
0.811304 0.0790897 0.0767785
-0.718074 -0.54248 0.0022745
-0.168894 0.00964895 0.901027
-0.100053 -0.850725 0.199774
-0.119966 0.338716 -0.67079
0.275038 -0.752632 0.375284
-0.374185 -0.268754 0.819633
-0.312958 -0.00414751 0.868978
0.0997069 0.0462014 0.87483
-0.748884 -0.298796 -0.207752
-0.1473 0.701354 -0.380573
0.837946 -0.122772 0.200157
0.742385 -0.146927 0.352665
0.399271 0.461409 0.38916
-0.751467 0.252693 -0.323583
0.673434 -0.339359 -0.463727
0.431893 0.311629 -0.575307
0.0517555 0.217853 -0.734934
0.392829 0.562517 -0.287159
0.0824433 -0.822436 0.404806
0.691863 -0.484077 -0.295385
0.527219 0.259158 -0.542613
0.309598 0.209006 0.70094
0.230661 0.0452396 0.813238
0.64064 -0.319721 0.416268
-0.629282 -0.62289 0.3404
0.23746 -0.460554 0.712088
0.285654 0.508005 -0.461315
-0.509524 0.381052 -0.552512
-0.233292 0.628936 0.455845
0.212803 0.550915 -0.452061
-0.432677 -0.776576 0.327447
0.538361 -0.445881 -0.561249
-0.559459 0.0278665 -0.603909
0.88225 -0.261841 -0.000867089
-0.299573 -0.165815 -0.704993
-0.125547 -0.70047 -0.469376
0.691741 0.349501 -0.0376999
0.591712 0.381327 -0.312474
-0.050896 -0.770037 0.509792
-0.591668 0.101275 0.627154
0.455634 0.248251 0.522582
0.197944 0.316625 0.696334
-0.00674944 -0.845914 -0.178615
-0.761534 -0.372769 -0.0995139
-0.36599 0.67551 0.294968
0.000793334 0.271877 -0.707907
-0.413958 -0.667179 -0.279295
0.140191 0.662922 -0.340408
-0.822488 0.150392 0.253122
-0.781546 0.123896 0.364328
0.0435841 -0.230732 -0.788049
0.15419 -0.851144 0.128202
0.615664 -0.3753 0.408793
0.103202 -0.393234 -0.750249
-0.447952 0.659529 0.205889
-0.400338 0.332041 0.652924
0.191661 -0.833554 -0.114199
0.524839 0.290324 0.406428
0.797478 -0.403523 -0.0406074
0.173687 0.530677 -0.507874
0.365123 0.280712 -0.639386
0.261824 -0.691213 -0.54055
0.311693 0.684975 -0.165659
-0.810234 0.121445 -0.214287
0.365653 0.507818 -0.405561
0.644052 -0.589214 0.0166214
-0.805571 0.260129 -0.151404
0.754141 -0.409638 0.170403
0.346121 0.413621 -0.550467
0.308526 0.325545 -0.642441
0.398216 -0.389199 0.617595
0.190331 0.769143 -0.0552995
-0.00355686 -0.865096 0.208445
0.378582 0.592196 0.228158
0.654971 -0.352142 -0.479679
-0.00693403 -0.856249 -0.0064059
0.802563 0.045727 -0.250351
-0.239771 0.791807 0.127617
0.294739 0.394934 0.568109
0.246356 0.483758 -0.522677
-0.457137 -0.757919 -0.0812689
0.527577 -0.580988 0.316041
0.31953 -0.718379 0.402544
-0.0400928 0.442462 0.664977
-0.817922 0.0593573 -0.196045
0.603644 -0.626461 -0.16113
0.701644 -0.280179 0.374387
-0.362963 0.0990943 -0.718181
0.635146 -0.284434 0.440358
0.367129 -0.498382 -0.633289
0.833005 0.0220781 0.0740505
-0.307916 0.698131 -0.317017
0.358849 -0.604477 0.490878
-0.479641 -0.70228 0.467783
-0.342814 -0.159704 -0.688923
-0.80021 0.157987 -0.243854
-0.479978 0.657649 -0.268434
0.73144 0.0552281 0.274423
-0.23846 0.711534 -0.335811
0.801496 0.17987 -0.0996655
0.372091 -0.731766 0.239825
-0.232389 -0.804683 0.361336
-0.31992 0.685316 0.334599
-0.267492 -0.648967 -0.437823
-0.129199 -0.726823 -0.437867
0.388098 0.274369 0.584512
-0.796496 0.304855 -0.0170224
0.414813 -0.734649 -0.28768
0.536852 0.198274 -0.560395
0.249636 -0.815932 -0.218118
-0.494766 -0.754901 0.0437357
-0.716338 0.0588262 -0.481766
-0.360545 0.451746 -0.577629
0.40366 -0.506801 0.545668
-0.032459 0.406086 0.701644
-0.0333824 -0.243231 0.949823
0.385952 -0.697199 -0.410882
0.00965947 -0.607686 -0.618001
0.558494 0.274763 0.372264
-0.448631 -0.529698 0.698332
0.0728443 -0.630037 0.703483
0.786095 0.121184 0.094389
0.410921 0.085276 0.65249
-0.10075 -0.0973419 0.955483
0.550213 -0.536098 0.367168
0.638107 -0.133285 -0.527486
0.277774 -0.829411 -0.0658577
0.449247 -0.361622 0.58831
-0.818198 -0.145149 -0.0735029
0.734583 0.22741 0.10496
-0.277284 0.798597 -0.117479
0.389547 -0.116321 -0.709778
0.357816 -0.645528 -0.535125
0.0163889 -0.718953 0.585868
0.341698 -0.707833 -0.429713
0.178691 -0.00686964 -0.773871
-0.420208 -0.6499 0.61589
-0.829224 0.0421995 0.316517
0.592372 0.216422 0.38165
-0.698283 -0.536111 -0.0605166
-0.0701549 -0.467834 0.852924
0.429411 -0.297081 0.638664
-0.770524 -0.277758 -0.14498
0.0602964 0.14483 -0.758052
-0.305702 0.189497 0.776051
-0.0805283 -0.0942326 -0.785271
0.579169 0.467918 0.0940073
0.219651 0.53993 0.454157
-0.174391 -0.829444 -0.099506
-0.819309 -0.247536 0.27963
0.666642 0.195843 -0.395197
0.299576 0.708639 0.0420068
-0.830392 -0.22746 0.0627605
0.581005 -0.42734 -0.520855
0.00980522 0.793147 -0.180466
-0.781154 0.332647 0.0558724
-0.602285 0.292402 -0.514284
0.60931 -0.173379 -0.564662
-0.0629319 0.738928 0.278212
0.45318 -0.64555 -0.453059
-0.408023 0.64847 0.299926
0.220377 -0.50748 -0.67648
0.805935 0.148108 0.0263474
0.802233 -0.338536 0.189691
-0.492425 0.184596 -0.646671
0.350348 0.676608 0.0236528
-0.617658 0.440482 0.357974
-0.827353 -0.182092 -0.0114384
0.809257 -0.227759 0.260175
-0.62575 -0.114273 0.666667
0.115177 0.0510768 -0.779853
0.516986 0.414356 -0.384322
0.162309 -0.0639256 0.850033
-0.238601 -0.177758 0.90189
-0.731141 -0.492958 0.211451
-0.79221 0.0214636 0.391493
0.773736 0.137568 0.10686
0.338871 -0.19992 -0.733115
-0.00181678 -0.137796 -0.797375
0.601099 0.450786 -0.124212
-0.227386 0.260584 0.763819
-0.757164 -0.00193409 -0.406997
-0.132058 -0.618566 -0.557942
-0.514231 -0.49144 0.668068
0.431493 0.567368 0.184217
0.614161 -0.296108 -0.545295
-0.738034 -0.497856 0.115292
0.0212733 -0.46838 0.843587
0.328204 0.140505 -0.708547
0.539836 0.10767 0.50308
0.384814 -0.705049 0.320031
0.115914 -0.522334 0.772078
0.32222 -0.688132 0.438487
0.364639 0.345074 0.554208
-0.443433 -0.418068 -0.540138
0.423136 -0.640377 0.385317
0.161142 -0.161997 0.854521
-0.785087 0.0861763 -0.367144
-0.682031 -0.60907 0.100283
0.24085 -0.724884 0.4783
-0.664028 -0.129601 -0.472416
-0.298884 -0.354003 0.830415
-0.722828 0.278369 0.364212
-0.744147 -0.0480581 0.490676
-0.415265 0.415744 -0.581907
-0.836414 0.0591364 -0.101628
0.552004 0.0218247 -0.598151
-0.144563 -0.676225 0.699214
-0.635555 0.216107 0.526924
-0.407866 -0.437705 0.750942
0.128681 -0.390902 0.814818
0.315128 0.390777 0.559775
-0.811886 0.100882 -0.218572
-0.245872 -0.805825 0.353416
-0.164535 -0.571724 0.791105
-0.502847 -0.729282 0.376215
0.127055 -0.734798 -0.484606
-0.625457 -0.0121932 0.630679
0.190116 0.465846 0.55678
-0.789293 0.125353 -0.321677
0.795642 -0.197407 0.285022
0.721658 0.283908 -0.205449
-0.181294 0.382272 -0.646084
-0.321984 -0.116134 -0.709661
0.457083 0.254524 0.516713
-0.822973 -0.193674 -0.0184718
0.381557 -0.730964 -0.336277
-0.807934 -0.0493473 0.37565
-0.725996 -0.489765 0.268733
0.0213863 -0.0546386 0.916286
-0.038565 0.121702 -0.752114
0.00137776 0.20771 0.839875
0.702176 0.259955 -0.29398
0.373115 0.131877 0.670371
0.555747 -0.667941 -0.0766271
-0.816009 0.166922 0.268202
-0.100609 -0.0946833 0.954587
0.578477 0.178091 -0.520273
0.577071 0.4623 -0.166812
-0.27908 0.802455 -0.094351
0.475555 0.169132 0.542882
-0.715188 -0.44883 -0.158508
-0.425031 0.352963 0.624061
0.110474 0.205862 0.824352
0.172129 0.342435 0.688672
0.543418 0.509279 -0.0587166
-0.217409 -0.337035 -0.690934
-0.795037 0.131542 -0.287649
0.732651 -0.48583 -0.107521
-0.811353 -0.120204 -0.117835
0.0349128 0.688435 0.321964
0.107117 0.507058 0.547882
0.0928532 0.478149 0.592742
-0.642021 -0.176521 0.648576
0.0905314 0.0918264 -0.774763
-0.183565 -0.672312 0.695272
-0.121104 -0.784889 -0.327081
0.57741 0.397573 0.212572
0.269728 -0.784287 -0.312094
-0.142269 -0.0179971 0.917344
0.246105 -0.82304 -0.181104
0.537673 0.30604 -0.482287
-0.542225 0.0718369 -0.622132
0.749321 -0.325469 0.280827
0.589275 -0.620963 0.074418
-0.693481 -0.554753 0.228093
-0.0996995 -0.849269 0.146639
-0.350513 0.752905 0.0926714
-0.826009 0.0741297 -0.156806
-0.321292 0.630613 0.432595
-0.138159 0.681673 -0.406277
-0.86199 -0.0210245 0.0445134
0.765399 -0.118085 0.314077
-0.758374 0.0927166 -0.410949
0.778601 -0.417191 -0.158386
0.361782 -0.805851 -0.180672
-0.217517 -0.829131 0.0471392
-0.801518 0.141966 -0.247086
0.165601 -0.848273 0.0958622
0.872252 -0.135636 0.108246
0.38808 -0.750938 -0.282178
-0.320372 0.383719 0.650186
0.813474 0.02951 0.116727
0.831086 0.128947 -0.0453424
-0.491063 -0.515957 0.681319
0.185134 0.65716 -0.322221
0.604054 -0.465626 0.36208
-0.126663 0.270575 -0.698931
0.511613 -0.686533 0.0441224
0.368281 -0.23977 0.720188
0.00530419 -0.562781 0.78325
-0.202078 -0.634971 -0.502813
-0.00237482 0.253035 -0.716226
-0.780428 0.347945 -0.00411929
0.570708 -0.585774 0.219327
-0.716669 -0.359703 -0.226393
0.195593 -0.726427 -0.49552
-0.00649268 -0.530826 -0.689374
0.50001 -0.31046 -0.635157
0.617072 -0.201279 -0.557621
0.703689 -0.518667 -0.116907
-0.534453 0.577971 -0.29768
-0.177478 -0.106924 0.939725
0.0272519 0.398979 0.713472
-0.406536 -0.298002 -0.621567
-0.34985 -0.713699 -0.265979
-0.299658 0.777561 -0.164494
-0.762196 -0.131593 0.48093
-0.174528 0.622592 0.471052
-0.716259 0.462856 0.00273952
0.63493 -0.177768 -0.537208
-0.568991 -0.0496265 -0.576982
-0.244748 -0.0160013 -0.754163
0.598484 -0.433385 0.391241
0.0205913 0.291633 0.790471
0.145435 0.554212 -0.494603
0.384046 -0.665013 0.39824
-0.310548 -0.740028 -0.260224
0.247258 -0.794498 0.265982
0.0237245 0.151149 -0.752167
-0.792814 -0.232164 -0.0988541
-0.824645 0.106181 -0.148305
0.0345397 0.58355 0.478109
-0.33718 0.391371 0.638767
0.268766 -0.805156 -0.262767
-0.688463 0.496448 -0.159072
-0.483693 0.59381 -0.345065
-0.608259 -0.56348 0.526039
0.34703 -0.755046 -0.313719
0.759543 0.247915 -0.149542
0.383699 -0.270754 -0.712232
0.44448 0.570041 0.159933
-0.753379 -0.0808505 -0.360135
0.436561 0.482452 -0.378627
0.192025 -0.841311 0.0157339
0.475633 -0.730674 -0.0880543
-0.813638 0.197242 0.217065
-0.788005 0.155668 -0.309339
-0.0716521 0.81071 -0.194593
0.702423 -0.453234 0.202502
0.588504 -0.561693 0.235428
-0.334656 0.519789 -0.529501
-0.544914 0.417201 -0.496733
-0.472876 -0.277659 -0.5739
-0.117887 -0.367454 0.906267
0.716854 0.0972472 -0.373186
-0.217531 0.609138 0.477656
-0.848375 0.0745146 0.208447
-0.612426 -0.301151 -0.425697
-0.0279187 -0.152677 0.943641
0.0777484 -0.208346 -0.78666
0.628651 -0.606899 -0.0738419
0.781448 0.228899 -0.0818441
0.207884 0.754537 -0.107168
0.78641 -0.233179 -0.299832
-0.539365 -0.140182 0.751249
-0.221211 0.707909 0.355695
-0.822811 0.0728997 -0.17296
-0.360217 -0.788342 -0.103267
0.161925 -0.835432 -0.123423
0.416996 -0.720683 -0.318604
-0.67258 -0.321865 0.576901
-0.0588213 -0.256485 -0.757746
-0.453948 -0.506054 -0.477541
-0.438766 0.643 0.270516
0.584308 -0.225989 0.514158
0.834746 0.121444 -0.0530491
0.684106 -0.323165 -0.46281
0.78357 -0.0245999 -0.329833
0.044479 0.654708 0.373457
0.183251 -0.559553 0.702396
0.399941 -0.59063 0.465834
0.665971 -0.0697802 -0.487811
0.680838 -0.320914 -0.469951
-0.387487 -0.336786 -0.614278
-0.495953 -0.562041 0.63628
0.055766 -0.787375 0.469687
-0.200465 0.81343 0.080396
-0.197734 0.492498 0.594677
-0.760338 -0.445287 0.0890668
0.277324 -0.089682 -0.760791
0.0607214 0.744483 0.199656
-0.0862532 0.452523 0.650201
0.524639 0.0799094 -0.607085
0.834229 0.0325652 0.0581332
0.145294 0.792351 0.0521063
-0.721473 -0.0641128 0.529461
0.528569 0.406789 -0.377874
-0.120172 -0.842613 0.028421
0.0582525 0.167777 0.85952
-0.356111 -0.798076 0.210941
-0.109576 -0.141116 -0.767123
-0.528019 -0.661191 -0.149161
0.505749 -0.53107 0.426025
0.180665 0.293006 0.726959
0.202235 -0.810581 0.30262
0.537104 -0.543755 0.376977
0.0153859 -0.793949 -0.34923
0.437264 0.562492 -0.204478
-0.5522 -0.698116 0.37725
0.509557 0.272113 0.439918
0.209024 0.717241 0.1732
-0.507638 0.550108 -0.375256
0.107687 -0.113953 0.877916
-0.715338 0.305741 0.351206
0.504533 0.54504 0.0591101
-0.686554 -0.285636 -0.327
0.498549 0.417738 -0.411184
0.545072 0.257314 -0.523362
0.0855117 -0.859579 0.175259
0.378493 0.554191 0.286812
-0.378611 -0.0752568 -0.697801
0.265318 -0.798691 0.200035
-0.482117 -0.762042 0.323409
-0.583429 -0.439493 0.617849
-0.728626 0.0583798 -0.46858
-0.530446 -0.513502 -0.373844
0.604232 0.126436 -0.509365
-0.663564 0.434195 -0.287958
-0.830219 -0.209361 0.020155
-0.558969 0.0965753 0.669514
0.807501 -0.0211318 -0.268475
0.532379 -0.57084 0.32823
0.181143 0.0226698 -0.772309
0.2895 0.375611 -0.614097
0.237462 -0.241527 0.807978
-0.81607 0.251254 -0.101915
-0.522899 -0.747369 0.30935
-0.122539 0.0921828 0.876675
-0.694161 -0.362826 0.529442
-0.0315935 0.718631 0.301681
-0.69588 0.234702 0.435936
0.283034 -0.600444 0.568075
-0.0138788 0.461487 0.648977
0.191654 0.108399 -0.767326
-0.348026 0.263493 -0.68042
0.692463 -0.279923 -0.469249
-0.508666 0.230879 0.647981
0.0294017 -0.567269 -0.662636
-0.191163 -0.370813 0.873262
0.707713 0.330148 -0.0377407
0.35346 -0.768717 0.121021
-0.0734904 0.0261937 0.918997
-0.413301 -0.0195884 0.848302
0.707178 -0.0848424 0.38703
-0.0657627 -0.499472 0.831745
-0.431425 0.724119 0.0114778
0.468182 -0.125537 0.650322
0.774345 0.184139 0.0631812
-0.239567 -0.011215 0.890729
-0.0423993 0.553985 0.551639
-0.397952 0.0838462 0.802824
0.397293 0.180398 -0.660082
0.559984 -0.509196 -0.474925
0.611691 0.0123531 0.473044
0.533753 0.161517 -0.576463
0.263414 -0.431539 0.706438
-0.49988 0.140896 -0.64774
0.729179 -0.261982 0.355702
0.464326 -0.470719 -0.592761
-0.717573 0.463117 -0.0786922
0.569295 -0.449712 -0.517454
0.36713 -0.715268 -0.388949
-0.434588 -0.776811 0.168423
-0.762528 0.145765 -0.375035
0.632455 -0.531843 -0.341975
-0.0799459 0.839777 0.0507171
-0.518759 -0.242765 0.747889
-0.114355 0.62506 -0.479688
0.0446769 -0.61298 0.738136
0.238206 -0.817423 -0.216068
-0.418065 0.315491 -0.654276
0.738405 -0.498002 0.00752436
0.388695 0.320374 -0.599474
-0.807844 -0.00655369 -0.215292
-0.373039 0.312391 -0.65978
-0.121805 -0.704786 0.640747
-0.430449 0.089848 -0.704328
-0.746068 0.35132 0.243358
-0.0350488 0.432669 0.675163
0.071159 0.59241 -0.483569
0.233387 -0.440956 -0.707217
-0.294556 -0.721311 0.535802
-0.425823 -0.706076 0.519522
0.159643 -0.22507 -0.775139
0.0142625 0.821377 -0.0913622
0.121117 -0.846895 0.272149
0.193799 -0.831265 -0.149482
-0.220812 0.632137 -0.446165
0.562559 0.349678 -0.408087
-0.863547 -0.0407784 0.0591645
0.0380371 0.410127 0.704862
-0.245801 0.653044 -0.406597
-0.261232 0.560843 0.51584
0.556736 0.379083 -0.380021
-0.668579 -0.581166 -0.0328602
-0.165899 0.0532507 -0.754051
0.780962 -0.417053 0.105491
-0.399396 -0.696108 -0.249305
-0.40745 -0.650107 0.623122
-0.799503 -0.026269 -0.231976
0.122879 0.651645 -0.366653
0.0838948 -0.772144 -0.394979
-0.48866 0.460888 0.473215
-0.35872 -0.501896 -0.553731
-0.530164 -0.550753 0.615911
-0.337266 -0.668429 0.642785
0.439566 0.428985 0.373993
0.355539 -0.740722 -0.339667
0.387594 0.597511 0.205979
-0.822445 0.154042 0.247609
-0.270425 -0.817084 0.195594
0.507775 0.532567 -0.111159
-0.353812 0.0966694 0.810622
-0.738565 -0.202604 -0.31207
0.260618 0.3105 -0.673281
-0.360747 -0.544957 -0.51518
-0.582656 -0.0961627 -0.552163
0.470732 0.386757 0.385435
-0.421345 0.468478 0.531349
-0.345874 0.75429 -0.166908
0.629055 -0.601489 0.0123167
-0.0149702 0.423188 -0.63874
-0.160564 -0.701652 -0.449692
0.616304 0.0409602 -0.525707
-0.64641 -0.370238 -0.323079
-0.155582 -0.775886 -0.324567
-0.641421 -0.557169 -0.147391
-0.036286 -0.849182 -0.149148
0.354099 -0.780877 0.0608624
0.580583 0.405032 0.197867
0.761763 0.132279 -0.277845
-0.148188 -0.697474 0.64903
0.452978 0.449021 -0.416241
0.401249 0.329136 0.526402
-0.651538 -0.523431 0.475762
0.349587 -0.751077 0.212126
0.00414337 0.695595 0.326923
0.659562 0.288842 -0.351326
0.383214 -0.692573 0.362292
-0.105628 -0.284879 -0.738323
0.24504 -0.206193 0.80734
0.467585 0.458848 0.292112
-0.487969 -0.0502838 -0.635585
0.543948 -0.124013 0.575126
0.594039 0.193122 -0.493209
-0.2067 0.815624 0.052789
-0.532835 0.581495 0.282353
-0.32447 0.108709 0.813052
0.173926 0.476937 -0.576045
-0.215381 0.199655 -0.711909
0.814751 -0.146158 0.252185
0.639817 0.128732 0.370191
0.461272 0.121654 0.584167
-0.246491 0.376007 0.683233
-0.300728 -0.763188 -0.233356
-0.0748542 -0.496502 0.834586
0.36379 0.621364 -0.210244
-0.679426 0.0375215 -0.51318
-0.306121 -0.349562 0.8284
-0.319562 -0.67069 0.645131
0.645655 -0.451071 -0.399346
-0.643433 0.448663 -0.303053
0.634203 -0.241661 0.460561
0.253792 0.436895 0.548816
-0.844717 0.0627537 0.250417
-0.808493 0.280367 -0.0923049
0.0646673 -0.481323 0.81788
0.490998 0.253733 0.476461
0.582742 0.0583671 -0.55981
0.159765 0.759004 0.113765
-0.753107 0.213872 0.366097
-0.452467 0.0202827 0.819282
0.433658 -0.664347 0.325067
-0.199709 -0.831762 0.0489905
0.389355 -0.265677 0.69104
0.802432 -0.207085 0.274722
-0.50118 -0.746789 0.0093619
0.651893 0.294095 -0.358277
-0.760152 0.270067 -0.293786
-0.321191 0.191752 -0.701376
-0.787964 -0.188947 -0.150045
0.00428574 -0.758295 0.529836
0.762997 0.126111 0.14088
0.00745057 0.594623 -0.507164
-0.421391 0.310714 0.654701
-0.255543 -0.664775 0.684579
-0.0777196 0.462572 -0.616623
-0.392555 0.54612 -0.465527
-0.582783 -0.445216 0.61561
-0.152874 -0.834985 -0.0643718
-0.622437 -0.081113 0.661966
-0.329409 -0.393647 0.805508
0.0973317 -0.528527 0.780634
-0.442563 0.0286246 -0.691007
-0.777421 0.312712 -0.228923
-0.119296 -0.838514 -0.10668
-0.6033 -0.302952 -0.437931
-0.0671004 -0.844663 -0.151249
-0.685066 -0.372903 -0.263513
0.472839 -0.320322 -0.649994
-0.787934 0.341205 -0.0641209
0.761767 0.149423 -0.267503
0.780201 0.0434883 0.177488
0.483299 0.56526 0.0570423
-0.198542 0.643832 0.446566
-0.808899 0.0599932 0.35105
-0.0124962 0.442907 0.667441
-0.00938803 -0.657811 0.68677
0.466704 0.58138 0.0267563
0.613048 -0.407813 0.391325
-0.591709 -0.458753 0.598655
0.19554 -0.72596 -0.496733
0.512467 0.536401 0.0993683
-0.824953 0.109163 0.302792
0.133833 0.362896 -0.67104
0.234655 -0.827708 0.133954
0.381354 0.506687 0.353898
0.0978162 -0.213629 -0.783805
0.292843 -0.827474 -0.0776316
-0.171171 0.201075 0.811844
-0.676928 0.506215 0.0771005
-0.0244342 0.677557 -0.406256
0.841354 0.0702496 -0.127986
0.463365 0.488183 -0.321278
0.41517 -0.332615 -0.683266
0.450071 0.557023 -0.192804
-0.156483 0.588248 0.507464
0.562539 -0.580425 -0.403795
0.171726 -0.838433 -0.0599877
0.00699054 -0.113765 0.925559
-0.150133 0.842295 0.0125881
0.427523 -0.642449 -0.491018
0.425432 -0.749743 -0.237652
-0.384973 -0.517241 -0.53056
-0.233074 -0.264743 0.882551
0.078839 0.784352 -0.152845
-0.0125989 -0.707198 0.612717
0.166566 -0.533311 -0.671612
0.388566 -0.612265 0.454115
0.532954 0.416302 0.253474
-0.687164 0.255835 0.434218
0.366819 -0.0659277 0.729443
-0.313994 -0.65035 -0.39473
0.437638 0.161364 0.590277
0.109475 -0.565175 0.759486
-0.20129 0.498914 0.587908
-0.420037 -0.756096 -0.139114
-0.511955 -0.0446913 0.779167
0.27008 0.544623 0.425366
0.503438 -0.713291 -0.124017
0.634096 -0.403184 0.371242
-0.600361 -0.593784 -0.152024
-0.198663 0.799848 0.15382
-0.520995 -0.319925 0.723009
-0.452104 0.26901 -0.662964
-0.449348 0.236328 -0.669663
0.570207 0.480424 -0.108719
-0.804555 -0.31374 0.167946
-0.0710945 -0.326196 0.937545
-0.465601 0.619099 0.28929
-0.426171 -0.738049 0.444182
-0.393548 0.758223 -0.0322685
0.408524 -0.760205 0.0224921
0.616662 -0.449241 -0.445892
-0.511347 0.0864791 -0.64721
0.268196 -0.235415 -0.749789
0.840904 -0.170297 0.219386
0.164816 -0.763384 -0.404969
-0.288176 -0.483079 0.800084
-0.793947 -0.0578494 -0.229699
-0.10218 0.296922 0.785686
-0.114348 -0.84311 0.0174042
-0.267983 0.0616276 -0.73917
0.65431 -0.0874191 -0.503137
0.0770429 0.800756 0.0727959
-0.736937 0.409245 0.17216
-0.50214 0.110372 0.725808
0.81447 -0.134479 0.246912
0.63452 0.268818 0.260094
0.796818 -0.403014 -0.0526933
-0.560491 0.333225 0.524782
-0.796229 0.0808733 -0.309739
0.481065 -0.717216 -0.00780815
0.856717 0.0318486 -0.0992123
-0.214476 -0.667902 0.693605
0.395141 -0.738882 -0.302625
-0.270667 -0.808872 0.336593
0.132125 -0.109806 0.866184
-0.0151499 0.614365 0.459072
-0.723878 -0.525197 0.151202
-0.699682 -0.469553 -0.165657
-0.285983 -0.810447 0.266113
0.00422127 0.784469 -0.201762
-0.658348 -0.27506 -0.376962
-0.25081 -0.230639 -0.706929
0.117207 -0.739365 -0.474359
-0.407794 -0.761898 -0.141001
-0.587884 0.241641 0.567403
-0.734963 0.431457 0.0687274
0.45536 -0.692854 0.185359
-0.226092 -0.819976 0.320403
0.153756 0.753798 -0.168659
-0.00479062 -0.70013 0.621037
0.739531 -0.436753 0.155679
0.560146 0.45541 0.155059
0.32336 -0.406825 0.670161
-0.27745 0.591121 0.484047
0.30211 -0.820661 0.00104693
-0.761221 -0.131762 0.482915
-0.503724 0.580365 0.32043
-0.210583 -0.334871 -0.694345
0.811101 -0.137224 0.253415
-0.0554842 -0.143003 0.956305
0.324311 0.244739 -0.67451
-0.81559 0.224768 0.0570691
0.168514 -0.833818 -0.141367
0.72109 -0.11245 0.378049
-0.527312 0.266953 -0.601284
0.0266271 -0.729935 0.566006
0.170805 -0.836207 -0.098374
0.525663 0.392345 -0.40793
-0.598845 -0.298887 -0.447625
-0.776147 0.301825 0.2429
-0.799997 0.29278 -0.0157394
-0.14276 0.851255 -0.0283187
0.338345 0.661641 0.172006
-0.645307 -0.339673 0.598029
0.0942937 0.764451 0.139087
-0.783688 0.0169747 -0.322146
0.872641 -0.213768 -0.0845018
0.461458 0.572778 -0.0945189
-0.551557 -0.730525 0.101344
0.787854 0.156357 -0.198006
-0.0969151 0.805378 -0.221149
-0.199716 -0.832625 0.0766203
0.308655 0.586507 0.334353
-0.0566079 0.402064 0.70307
-0.371727 0.740193 -0.172871
0.0537464 -0.245165 0.907161
0.127466 -0.722763 -0.510493
-0.817172 -0.22049 -0.0188965
0.798354 0.03873 0.14175
0.854011 -0.0432346 0.0712941
-0.0677308 -0.81913 0.390491
0.843746 -0.339259 0.000137125
-0.834785 0.127496 0.203804
-0.487754 0.0123763 -0.65342
-0.37298 -0.755324 0.424573
0.397001 -0.547277 -0.59014
-0.266323 -0.234708 -0.699414
-0.592766 0.444925 0.381772
-0.68291 0.497179 0.0889713
-0.0653028 0.568093 0.538461
0.528514 -0.693775 -0.121744
-0.0783528 0.856009 -0.0103306
0.901542 -0.11317 -0.0207663
0.235539 -0.000355858 0.81279
0.594582 0.456517 0.0282997
0.607747 -0.561829 -0.349075
0.476861 -0.689425 0.141577
-0.447382 0.69016 -0.233043
-0.619328 0.458726 -0.331112
0.48434 -0.519489 -0.554506
-0.824456 -0.211248 0.000557608
-0.447974 -0.719419 0.466583
0.306277 0.430976 0.523328
0.0936361 -0.720531 -0.508836
-0.265438 -0.6259 0.718713
0.752904 0.0142655 0.264049
0.697439 -0.0184653 0.369531
0.589348 -0.578993 0.19655
0.775662 -0.430105 0.0949791
-0.408077 0.684036 -0.277932
-0.545882 0.194111 0.635016
0.511483 -0.382015 0.516818
-0.257619 -0.150152 -0.72251
0.838792 -0.255584 0.208432
0.691087 -0.0289262 0.384371
0.0839086 0.723895 -0.271754
0.681282 -0.441852 0.26257
0.115125 -0.599257 0.730931
0.71112 -0.507119 -0.131833
0.269692 0.483624 0.489927
0.815562 -0.333477 -0.171348
-0.29866 0.563876 0.503236
-0.54506 -0.743906 0.244776
0.792719 -0.255987 -0.271893
-0.018103 -0.0617094 -0.800004
-0.209837 -0.609468 0.762211
0.276872 0.481796 -0.50422
-0.123031 0.442278 -0.623031
0.0983124 0.5487 0.49628
0.559107 0.423754 0.204663
0.209144 -0.27819 0.810608
0.13071 -0.603955 0.711009
-0.470659 0.0792998 0.773099
-0.363754 -0.796706 0.0112776
-0.5779 0.557155 0.232109
-0.0249561 0.736506 0.262336
0.300826 -0.628595 0.521455
-0.298005 -0.78018 -0.192623
0.533181 -0.196177 0.57089
-0.744279 0.416544 -0.17194
0.433155 0.559434 0.193853
-0.0840705 -0.688176 0.663779
-0.124634 0.191568 0.829196
0.64855 0.0428151 -0.488138
0.00681432 -0.496853 -0.705165
-0.0906742 0.412879 -0.638612
0.209781 0.645837 -0.320865
-0.382639 0.110792 0.793071
-0.833426 -0.141674 0.330568
-0.343836 0.734473 0.168062
0.169675 -0.0932879 0.847746
0.127912 -0.558025 0.749623
0.250384 0.220989 0.734618
-0.729932 -0.39955 0.406331
0.438867 -0.752405 -0.214039
-0.593102 0.364503 -0.480992
0.223035 -0.715702 0.505067
-0.367536 -0.575298 0.70785
-0.420819 -0.147147 -0.656522
-0.244162 -0.819581 0.253589
0.445086 0.321866 0.479198
0.0206223 -0.0200327 -0.794243
0.797389 -0.117938 0.265
0.546185 -0.495464 -0.507954
-0.281889 0.731314 -0.288152
0.686919 -0.0832132 0.417269
-0.727504 0.213157 0.401667
0.562951 -0.287168 -0.597442
0.476048 -0.722562 -0.020074
-0.157287 0.040302 0.891494
0.574684 -0.258 -0.590501
-0.146112 -0.822234 0.352853
-0.037145 -0.0854185 -0.799629
0.123853 0.446567 0.61717
-0.660028 -0.296009 -0.358689
0.144968 -0.0454987 -0.779954
0.426744 -0.203756 0.673161
0.423265 0.596255 -0.147409
-0.798323 0.28261 0.0588364
-0.789448 0.0408254 -0.318054
-0.85196 -0.172469 0.196799
0.862554 -0.213718 -0.112787
0.269348 0.577199 -0.375553
-0.0635245 0.693635 0.367642
-0.456106 0.191822 0.711085
-0.665486 0.250241 -0.464117
-0.569918 -0.175848 0.715444
-0.30033 -0.418365 -0.623736
-0.622817 -0.360461 -0.36557
-0.28478 0.00676275 0.871751
-0.19339 -0.831705 0.0179845
0.873668 -0.027303 -0.0162283
0.312969 0.691746 -0.122515
-0.28007 -0.641073 0.697215
-0.618618 -0.386395 -0.352297
-0.579184 -0.0602696 0.70718
0.00254152 -0.0869202 -0.80007
0.402712 0.121304 0.644658
0.346911 -0.752859 0.21093
0.780588 -0.288447 0.268672
0.196989 0.506317 -0.525725
-0.793076 -0.0929657 0.412606
-0.1782 -0.800085 -0.231449
0.718076 -0.489345 -0.184457
-0.0918778 0.290074 -0.694613
0.597789 0.427462 -0.204284
0.281001 0.432375 0.537134
0.788503 -0.0730431 0.256688
0.813511 -0.371061 -0.108639
-0.0150211 -0.857048 0.00410722
0.153581 0.520148 0.509827
0.21375 -0.529965 -0.665096
0.632209 -0.465871 -0.40604
-0.217504 0.82277 -0.140205
0.491572 -0.211612 -0.660348
0.810237 -0.200647 -0.254773
0.321416 -0.731515 0.356142
-0.540545 0.260194 -0.592225
0.132291 -0.852288 0.184962
-0.177249 0.445438 0.642848
0.248619 0.622689 -0.32618
-0.0856229 -0.740395 0.568935
0.735625 0.241556 0.0889996
0.465223 -0.378621 -0.641504
-0.00693863 0.640188 -0.451801
0.226261 0.216198 0.752546
-0.687816 0.507228 -0.0986655
-0.805966 0.272058 -0.0129312
-0.208367 0.153892 -0.724084
-0.814478 -0.0401932 -0.166214
0.55745 -0.368458 0.476622
0.86628 0.0120384 -0.0749166
0.4199 -0.28143 -0.689698
-0.547254 -0.738405 0.150961
-0.58773 0.551266 0.21969
-0.657002 0.549882 -0.0886536
-0.550877 -0.674977 -0.0719175
0.661772 -0.489788 0.224053
0.559405 -0.451136 0.422807
0.358037 0.443233 -0.501247
-0.510433 0.670157 -0.0433387
0.550278 -0.319022 -0.602173
-0.370792 0.584883 -0.427816
0.359417 0.498441 0.397407
-0.220291 0.592391 -0.49654
0.108212 0.262483 0.795475
0.348045 0.681196 0.120474
-0.594928 -0.680153 0.0602656
0.852866 -0.20073 0.196146
-0.429908 0.615745 0.34487
-0.111232 -0.79057 -0.318075
0.178103 0.526251 -0.510997
0.124088 0.21982 0.813779
0.417086 -0.567676 0.473381
0.396717 0.495371 -0.398634
-0.302346 0.0314696 0.855618
0.017539 0.682136 0.342176
-0.788177 0.0616715 -0.337915
-0.325372 -0.782427 -0.162385
-0.314927 0.473609 0.581018
-0.846362 0.0520132 -0.0498657
0.649556 0.398847 -0.0374136
-0.194166 -0.797757 -0.225255
-0.700363 -0.560347 0.166825
-0.798266 -0.026545 -0.236373
0.726734 -0.427248 -0.295828
0.0234886 -0.821262 -0.268279
-0.595276 0.277655 -0.52934
-0.122122 -0.840218 -0.0391486
-0.492977 0.598556 0.299181
0.834276 0.0183354 -0.183294
0.486382 0.315985 -0.527372
0.210503 0.00960671 -0.768969
-0.630069 -0.646339 0.275772
0.589063 0.381819 -0.316321
-0.0745653 -0.845717 -0.0830431
-0.811406 -0.0748357 -0.152478
-0.253922 -0.625702 0.724752
-0.23104 0.0651737 0.859426
0.657769 -0.505435 0.206809
0.611539 0.00393639 0.47779
0.409379 -0.482992 -0.617478
-0.089396 0.508023 0.595152
0.249793 0.062587 0.803478
-0.79621 -0.219532 -0.0962294
0.68361 0.187486 -0.37635
-0.175352 -0.430915 0.864519
-0.0930773 -0.106977 -0.778995
0.169948 0.781446 0.00686107
0.356759 -0.567002 0.532152
0.310295 0.437645 -0.542095
0.24328 -0.76955 -0.370312
0.592929 -0.455473 -0.476066
0.189695 -0.302749 -0.762228
-0.830238 0.196818 -0.0440534
-0.550048 -0.314393 -0.492559
-0.0335395 0.29135 0.79197
0.273151 0.7211 -0.153665
-0.205143 -0.761483 0.474683
0.361864 0.652959 0.158651
0.25831 0.302517 -0.677513
0.815946 -0.31174 -0.183409
0.019101 0.742655 0.226013
0.390591 0.611666 0.179531
0.319532 0.566359 -0.355255
0.0331019 -0.833744 -0.230456
0.269417 -0.825446 0.0551342
-0.319995 -0.727117 -0.271704
-0.490002 -0.0831907 -0.62471
-0.168698 0.691131 0.403636
0.710236 0.323772 0.0114927
-0.642938 -0.352548 -0.341568
-0.149879 0.276761 0.782013
-0.553516 0.501693 -0.378095
0.698284 0.135129 -0.380679
-0.56956 0.614366 0.0259482
-0.565396 -0.352091 -0.457374
-0.128289 0.196897 0.82567
-0.240728 0.742401 -0.295281
-0.595877 -0.698798 0.285985
0.678055 -0.53694 -0.185098
0.651086 -0.581182 -0.117995
-0.832598 -0.130347 -0.0323537
0.150402 0.792438 0.00269009
-0.143304 -0.652819 -0.51358
0.631645 0.138832 0.375397
0.136044 -0.150116 -0.78033
0.105844 -0.858203 0.202555
0.49448 0.462012 -0.321594
0.533618 -0.610876 -0.41614
-0.203492 -0.277637 -0.711584
0.695409 0.26542 -0.303468
-0.0252553 0.077379 -0.764674
-0.0457908 -0.13821 -0.786139
0.210134 -0.77135 -0.377353
-0.183437 -0.448369 -0.67301
0.364217 -0.132774 -0.722766
-0.813522 0.0245878 -0.207053
0.135737 -0.598517 0.711867
-0.309008 0.718871 0.27301
-0.596019 -0.0308357 -0.561633
0.771153 -0.175712 -0.367406
-0.0169298 0.483119 -0.611091
0.662216 -0.387513 0.346664
0.448103 -0.482599 0.520375
-0.657762 0.188189 -0.518779
0.216003 -0.719238 -0.510886
-0.0600098 -0.424762 0.880173
-0.417864 0.176257 -0.692866
0.482182 0.143295 0.549373
-0.121272 -0.170922 0.953207
0.0594949 0.753978 0.180516
0.53784 -0.671719 0.0171049
-0.633901 0.198201 0.53613
0.207842 -0.393363 0.767345
0.423091 0.489279 -0.38138
0.283404 -0.762084 -0.353668
-0.26493 -0.44391 0.821853
0.191892 -0.799611 -0.307281
-0.502109 -0.756655 0.201205
0.722659 0.268881 -0.225976
-0.487515 0.670327 -0.196996
0.336062 -0.016038 -0.724514
0.421625 0.355255 -0.544078
-0.770982 0.323993 0.217095
0.568265 0.462297 -0.183367
-0.668687 0.467896 0.217078
-0.723453 -0.518318 0.180808
0.264879 0.728178 0.085667
0.832036 -0.331414 0.134799
0.389136 -0.779918 -0.0232959
0.0505576 -0.818504 0.415107
0.831741 -0.130933 0.218724
0.579646 -0.292206 0.491783
-0.642716 -0.281375 -0.395484
0.0536556 0.316201 -0.69083
0.839118 0.0996794 -0.0381729
-0.509081 -0.0663043 0.78631
0.140391 0.467377 0.585228
0.607277 -0.277433 -0.555107
-0.365446 -0.728342 0.491234
0.352509 -0.709938 0.373424
-0.476949 -0.512347 0.692038
-0.137857 -0.587385 0.781175
0.652692 0.298021 -0.354472
0.68532 0.178864 -0.378006
-0.711134 -0.472786 -0.130063
0.423858 -0.375378 -0.666787
0.641909 0.140585 0.360582
0.289172 0.30902 -0.66173
0.885604 -0.154984 0.0712632
-0.244891 -0.358396 -0.673666
0.0989577 -0.714844 -0.516631
0.12071 -0.2449 0.871461
-0.658968 -0.0649494 0.61028
0.247657 -0.708783 0.488617
-0.381957 -0.779417 0.363758
0.619441 -0.519312 0.260226
0.167895 -0.161367 -0.775723
0.825169 0.117624 -0.126525
-0.705327 0.481639 -0.100614
0.221681 -0.839245 0.0217073
-0.843569 -0.0144932 -0.0472197
-0.461308 0.630671 0.267172
0.495309 -0.721728 -0.173582
-0.0901455 0.370597 0.730566
0.866176 -0.176252 0.151959
0.84032 -0.0212261 0.0957589
-0.567164 -0.681043 0.388866
0.363128 0.163552 0.666339
0.49081 -0.617991 0.310182
0.303503 0.463888 0.490299
-0.558378 -0.157553 -0.551045
-0.333215 -0.545797 -0.534212
-0.451638 -0.66403 -0.244671
0.277542 0.0494823 -0.745311
-0.381723 0.298323 -0.665274
-0.117966 -0.769871 0.488361
0.221973 0.701579 -0.230867
0.61318 -0.616126 -0.174863
0.102262 -0.823983 -0.249266
-0.409387 -0.307815 0.789486
0.000619945 0.649499 0.405245
-0.149621 0.267213 0.78659
0.0235163 0.465984 0.639706
0.113289 -0.821332 -0.255465
0.147913 -0.0567797 -0.780036
-0.495165 0.640879 -0.270355
0.637244 -0.434512 0.342809
0.4871 0.553421 -0.0785314
0.289716 -0.477426 0.65937
-0.812948 0.253227 -0.117053
-0.342283 0.618611 -0.400055
-0.238959 -0.787568 -0.219378
0.732623 -0.474418 -0.17105
-0.330447 0.532343 0.52354
-0.476823 -0.76413 0.217739
-0.490911 0.107072 0.738286
-0.160449 -0.839117 0.102737
-0.142073 -0.797056 0.414345
0.530962 -0.0157955 -0.623517
0.774093 0.193086 -0.186664
0.212172 0.419621 0.592193
0.656342 0.16522 0.317424
0.0937437 0.164727 0.845709
0.316303 -0.768329 0.217032
-0.0599485 0.604769 0.491729
-0.0768929 -0.426765 -0.717068
-0.66253 0.451997 0.260348
0.282494 -0.387093 -0.714123
0.386808 -0.758936 0.0836215
-0.0497262 0.832666 -0.132508
0.0840724 0.156706 -0.757915
-0.0760123 -0.814235 0.398947
-0.683471 -0.40505 -0.241684
0.429201 0.564262 -0.215551
-0.518683 -0.39779 -0.483568
-0.177748 -0.81482 0.358294
0.222082 -0.00826627 0.81948
-0.440787 -0.457548 0.727635
0.481505 0.0962061 0.574827
-0.14975 0.84902 -0.0301045
-0.296702 0.675673 0.387717
-0.724281 -0.0304147 0.511073
-0.716102 0.0406545 -0.484674
0.360923 0.485435 -0.44031
-0.439478 -0.295869 0.777294
-0.701186 -0.544439 0.219356
-0.634302 0.256919 0.511159
-0.410737 -0.766339 0.383783
0.195235 0.409317 0.613297
-0.360719 -0.673288 -0.318381
-0.481655 -0.758906 0.0156322
0.765727 -0.109879 0.309567
0.00897569 0.300895 0.784569
-0.500968 0.131422 0.714379
0.773347 0.0274737 0.207051
-0.748997 -0.106729 -0.356101
0.481935 -0.268685 0.59987
0.309097 -0.777715 -0.293954
0.700595 -0.497912 0.134286
0.645251 0.00498022 -0.499404
0.862648 -0.153176 -0.143387
0.231309 0.49454 -0.518203
-0.756552 0.317636 0.261792
-0.546342 -0.174478 -0.554255
-0.212769 -0.829979 0.0523342
0.618427 -0.306956 0.446264
0.204124 -0.830609 -0.146341
-0.398905 0.527829 0.482405
0.451512 0.38102 0.421656
-0.00834116 -0.764499 -0.420461
0.374895 0.349408 0.539023
-0.120003 -0.833576 0.335932
0.622755 -0.345668 -0.527942
-0.509105 -0.753512 0.154226
-0.0385856 0.574389 -0.540512
0.850483 0.0242853 0.00941255
-0.129544 -0.844493 0.221739
0.813789 -0.212727 -0.23943
-0.53722 -0.704046 -0.0277002
0.42912 -0.355577 0.610359
0.375396 -0.666721 0.406114
-0.318046 -0.565172 -0.520405
-0.825577 0.196848 0.029933
-0.843036 0.0996412 0.201394
0.775647 0.149 -0.240656
-0.0444217 -0.859674 0.223883
0.623758 0.163882 -0.467075
-0.307054 0.468866 -0.588657
-0.189934 -0.834477 0.090633
0.270041 0.138023 -0.735797
0.599824 -0.621689 -0.232357
-0.764373 -0.139317 -0.274682
0.520162 -0.680574 0.041055
-0.186368 -0.382581 -0.69097
-0.152349 -0.840018 0.0941172
-0.650164 -0.115728 0.640052
-0.476501 0.257694 -0.64733
-0.302927 0.086962 0.829271
0.354916 0.671592 0.0117685
-0.444238 0.718088 -0.0596088
-0.514359 -0.298465 -0.529732
0.786419 -0.243198 -0.294703
0.10009 -0.143498 -0.785369
-0.732911 -0.120071 0.537127
-0.361503 -0.272569 0.824198
-0.750101 -0.446019 0.208502
0.671818 0.142069 -0.412864
-0.781646 0.297757 0.206688
-0.0525461 0.791277 0.165307
0.769649 0.139399 0.114221
-0.842096 -0.202693 0.0901883
-0.492582 0.00546074 0.788118
0.215703 -0.729187 -0.485264
-0.23839 0.011447 -0.754856
0.246156 -0.727976 -0.467753
-0.801768 0.258798 0.116368
0.0515177 0.535043 -0.570373
0.531873 -0.57213 -0.456167
0.263929 -0.457204 -0.694421
-0.695088 0.0106844 0.533567
0.382663 -0.515243 0.55855
-0.543699 0.468542 0.408439
-0.54632 -0.202164 -0.542692
0.720079 0.3194 -0.102292
-0.783284 -0.255746 -0.115407
0.368663 -0.187538 0.732415
-0.692339 0.285241 0.40373
0.400241 -0.754948 0.0687881
0.627958 -0.100546 0.495574
0.76254 0.156504 -0.261725
-0.754683 0.352029 0.226467
0.390161 0.622608 -0.15489
-0.638682 -0.628418 0.0157891
-0.560876 0.627413 -0.0029381
-0.150359 0.678588 -0.407401
0.0969852 -0.51259 0.78693
-0.752913 0.0570831 0.433932
-0.797128 -0.34218 0.0909687
0.334199 0.376013 0.559305
-0.376324 -0.334006 0.798924
-0.595086 0.182256 0.590555
0.293235 0.0987595 0.767642
-0.166201 -0.269909 0.910525
-0.717007 0.294974 0.359503
0.459461 -0.109969 -0.674068
0.168436 0.230501 0.780162
0.6412 -0.156823 -0.5274
0.11719 0.800377 -0.0373783
0.909248 -0.128766 -0.0343101
-0.191273 -0.442549 -0.671461
-0.255979 0.214776 0.779486
-0.371459 -0.3817 -0.602235
0.438192 -0.718657 -0.296378
0.232367 -0.519578 -0.667978
0.251844 -0.277731 -0.749826
-0.613555 0.465578 -0.331723
0.32243 0.0344317 0.755246
0.12857 0.0263475 0.862226
0.81753 -0.323485 0.183663
0.693747 0.174006 -0.368968
0.302635 -0.112759 0.781909
-0.539412 0.261614 -0.59253
0.721063 -0.500371 -0.1035
-0.328669 -0.808514 0.0643586
-0.0729337 0.0851852 -0.75711
-0.0925278 -0.577757 0.783037
0.0391386 0.479437 0.614846
-0.568889 0.614862 0.0260443
0.511127 -0.435656 0.485188
-0.513198 -0.272274 0.742702
0.237473 -0.466555 -0.694022
-0.227866 -0.813528 -0.135497
-0.215342 -0.811949 0.350618
-0.461367 0.344736 0.607712
0.665553 0.145576 0.319455
-0.114072 0.134862 -0.739936
-0.66581 0.259705 0.462629
-0.711315 0.141175 -0.465565
0.0544485 -0.655561 0.6704
-0.514628 0.170734 -0.632962
-0.681923 0.247913 0.448092
0.405227 -0.419211 -0.653951
0.304452 -0.798192 0.103285
0.2108 0.0922385 -0.763561
0.473924 0.486731 -0.30485
-0.249879 0.229217 -0.700506
-0.31357 -0.480209 0.787611
-0.629485 0.565606 -0.130835
0.318906 0.695688 0.130117
-0.862345 -0.104187 0.0760962
-0.395957 0.352663 -0.63918
-0.850492 -0.0560309 0.00128744
0.290613 0.291564 -0.668948
0.575848 0.412114 -0.279174
-0.53117 0.446504 -0.481409
0.0807765 -0.831654 -0.222326
-0.434779 0.00569105 0.831064
0.349246 -0.742787 0.246769
0.453372 -0.0316909 0.649512
-0.383509 0.0238813 -0.722417
-0.6051 0.172577 0.582026
-0.726015 -0.191556 -0.339076
0.266098 -0.828835 -0.0914102
-0.319951 0.286225 0.714825
-0.58898 -0.448485 0.607008
-0.497301 -0.756836 0.133327
-0.64154 0.424587 -0.339452
-0.0220089 0.252704 0.814086
0.167065 0.127089 -0.769799
0.0522575 -0.614487 0.733495
0.486787 0.20375 0.511286
-0.30283 -0.101463 0.892599
0.296249 0.677798 -0.204609
-0.189144 -0.721331 0.576437
-0.556364 0.10673 -0.612702
0.0128578 -0.803615 0.446166
0.0163938 0.0206548 0.915097
-0.419482 -0.18829 -0.645733
0.292598 0.0790295 0.773911
-0.679123 0.374204 0.342577
-0.143472 0.379214 -0.650679
0.404405 -0.11238 0.703856
0.384522 -0.370289 0.639365
0.690479 0.0827835 0.328363
-0.368424 0.0291643 -0.727871
-0.728179 -0.505411 0.189866
0.110561 -0.102944 0.876111
-0.446847 -0.682472 -0.222203
-0.793503 0.296428 0.0700553
-0.242144 -0.792838 -0.200104
-0.284704 -0.651364 0.685325
0.0299532 -0.0906473 0.913751
-0.327621 0.752297 -0.213691
-0.15539 -0.676756 -0.480363
-0.2115 0.497703 -0.591721
0.585969 0.0862855 -0.550838
-0.587784 -0.706416 0.126441
0.0915689 0.510609 0.550044
-0.229165 0.318127 0.728066
0.550668 -0.409618 -0.576285
-0.503156 -0.541337 0.649128
0.34249 -0.714164 0.378909
0.335253 0.492747 -0.448015
0.643623 0.372389 0.14532
-0.783401 -0.156803 -0.191614
-0.712646 -0.567022 0.0694296
-0.654223 -0.608152 0.269533
-0.739831 -0.47162 0.209338
0.148727 0.674931 -0.317745
0.218597 -0.82217 0.205369
-0.638406 0.172948 0.540645
0.453794 0.230833 0.53414
0.402073 -0.786348 -0.102064
0.0252443 0.571972 -0.531126
-0.352815 -0.650029 0.651924
0.338234 -0.784805 -0.251667
0.155223 0.677868 -0.309849
0.847834 -0.100188 0.156069
0.0732847 -0.853642 0.0595096
0.638922 0.288567 -0.37972
0.108775 -0.68029 0.61598
0.613446 -0.0149939 0.485903
-0.191797 0.132718 0.8384
0.556856 0.497835 -0.0311502
-0.626179 0.191618 0.548321
0.814095 0.156927 -0.00731595
-0.0754502 -0.544525 0.803153
-0.590209 -0.716957 0.25863
0.373305 -0.399169 -0.682839
0.131133 0.535057 -0.531519
-0.396855 -0.594399 -0.405534
-0.437283 -0.688013 -0.223929
-0.772203 -0.405336 0.13251
0.440771 0.597935 -0.0177929
0.86474 -0.310693 0.023405
0.444523 0.601407 0.0815146
0.191091 -0.842558 0.0352591
0.384284 -0.558217 0.514864
-0.836245 0.146765 0.0964892
-0.607342 -0.674991 0.0791155
0.0135046 -0.69766 -0.51581
0.771266 -0.055181 0.27437
0.0629012 0.185439 -0.748177
0.395758 -0.780186 -0.0413586
-0.329001 -0.808338 0.0801235
-0.711381 -0.47687 -0.122729
-0.469052 0.0976054 0.762536
0.618948 -0.596976 -0.242979
0.337454 0.0115899 -0.720361
-0.766514 0.382845 -0.0193356
-0.0719601 0.636135 -0.4667
0.307094 0.249805 -0.680185
0.654285 0.190981 0.297298
0.030511 -0.734694 0.55757
-0.13905 -0.843247 0.135926
-0.0181741 0.523871 -0.592295
0.566809 -0.0507551 0.550893
0.670784 -0.562505 0.0535704
-0.232132 -0.0449691 -0.751772
-0.416939 -0.452742 -0.540731
0.396019 -0.796258 -0.150459
0.69514 0.0989854 0.310791
0.822915 -0.294805 -0.174009
0.484122 0.506698 -0.241418
0.704735 -0.303977 0.35596
0.247614 -0.117651 0.810977
-0.453759 -0.540074 0.686817
0.136206 0.293382 0.752298
0.279917 -0.168831 -0.753035
-0.289166 0.0174842 -0.746958
0.536618 0.155478 -0.575962
-0.483275 0.488175 -0.478702
0.261802 0.30661 0.668222
0.875217 -0.122017 0.0826764
-0.396673 -0.594936 0.674782
-0.212387 0.427149 0.65023
-0.115771 0.834557 0.0766015
0.150843 -0.265359 -0.774768
0.408977 0.0417559 0.674168
-0.318506 0.408684 0.634381
0.692109 -0.388449 -0.387308
0.286066 -0.76965 -0.333189
-0.360386 0.443586 0.595456
0.494647 0.464315 0.244808
-0.777006 0.303838 0.235185
0.1137 -0.843006 -0.0628363
-0.633899 0.377891 -0.405334
-0.36075 -0.742301 -0.212508
0.713334 -0.244685 0.381591
-0.0345586 -0.574967 -0.644883
-0.59561 0.0670712 -0.580431
0.790316 -0.118044 0.275887
0.614166 0.439594 -0.123953
-0.123893 -0.841868 0.021793
-0.610743 0.586403 -0.101955
-0.336976 -0.571326 -0.495681
-0.776921 -0.0673295 -0.28459
-0.0411559 -0.86066 0.254202
0.621452 0.207885 0.338941
0.116285 0.783358 0.0871925
-0.854898 -0.173263 0.171885
-0.449957 -0.748446 -0.117392
0.454509 -0.288655 0.617741
0.858859 0.0278566 -0.093076
-0.246719 -0.821337 -0.0335944
-0.289263 0.0156068 0.866498
0.584876 0.178401 -0.511789
-0.552737 -0.3955 0.669548
0.583003 0.317325 0.292096
0.0616928 0.755788 -0.225301
-0.823548 -0.185779 -0.0224865
0.70093 0.276878 -0.271177
-0.866297 0.0364424 0.128386
0.729735 -0.470899 0.120139
0.165904 0.151049 0.820235
-0.366581 -0.0204009 0.86165
0.19806 0.205319 0.776647
0.184945 -0.842996 0.124863
-0.0474976 -0.255943 -0.761128
-0.58838 -0.278783 0.672666
-0.621535 0.0265867 -0.557105
0.317091 -0.534919 0.601983
0.378749 -0.501853 -0.62482
0.245332 -0.78159 0.324658
0.482114 0.339138 0.419991
0.036071 0.37947 -0.661345
-0.487305 0.357345 0.574858
-0.856359 0.0594535 0.176819
-0.558264 -0.43777 -0.403484
-0.036331 0.743284 -0.299846
0.237491 -0.157386 0.814128
0.431436 -0.748537 0.0125112
-0.00302532 -0.0914448 -0.800702
0.527681 -0.504257 0.424236
0.743533 0.242119 -0.206275
0.791371 0.221377 -0.0478961
-0.576161 -0.0373973 -0.574763
-0.465105 -0.30602 0.760755
0.404324 -0.415506 -0.656447
-0.246894 -0.0377569 -0.749013
-0.439806 -0.773821 0.0716841
-0.231572 0.656017 0.429573
-0.748038 -0.255231 0.485317
-0.322859 -0.72661 -0.269958
0.0655874 -0.782015 -0.372368
0.0864537 0.267509 -0.714581
0.737197 -0.165134 0.361945
0.227721 -0.817666 -0.220342
-0.66558 -0.204661 -0.419198
0.690784 -0.253662 -0.476222
-0.343506 0.466785 0.579704
-0.375459 0.0624446 -0.725295
-0.625226 0.234908 -0.524202
0.668665 -0.311836 -0.486862
0.671817 -0.381374 -0.425799
-0.118112 0.835592 0.0724965
-0.299684 -0.295164 0.84541
0.567341 0.470317 0.119653
-0.0244317 -0.827678 0.386854
0.416245 0.452808 -0.447264
-0.521401 -0.117871 -0.592067
-0.050555 -0.125135 0.953252
-0.236171 0.575522 0.507742
-0.202208 0.233732 0.787853
-0.522433 -0.177457 -0.572617
-0.162353 -0.219187 -0.735631
0.611872 0.444364 -0.110905
0.567442 0.409017 -0.301762
0.104497 -0.64351 0.673197
0.254759 -0.612727 0.582421
-0.183223 0.396401 -0.639591
0.523312 0.0559841 0.549939
0.631506 0.384312 0.15003
0.156853 0.72354 0.189071
0.14225 -0.815669 0.398269
-0.622592 -0.217409 -0.470322
0.459337 -0.144949 0.654686
-0.464037 -0.563299 0.661739
0.0332349 0.537301 -0.573674
-0.184498 -0.835105 0.0855858
0.591943 0.230175 -0.479298
0.123654 0.679747 -0.323875
0.0499983 -0.86308 0.185237
-0.279247 -0.797427 -0.154259
-0.343188 -0.190831 -0.680072
0.583819 -0.638795 -0.00362821
0.430135 0.420091 -0.474962
-0.79613 -0.0558501 -0.223035
0.417571 -0.684833 -0.404418
-0.114832 -0.35602 -0.720851
0.218509 -0.114144 0.825466
0.601012 0.262485 -0.449058
-0.401377 -0.467334 0.745377
0.628887 -0.246637 0.464082
-0.659572 -0.586644 0.305422
0.883179 -0.0555147 -0.0815512
0.657854 0.293782 -0.35034
0.265771 0.583774 -0.368825
0.248101 0.144847 -0.742794
-0.138677 0.167445 0.836697
-0.686541 -0.123564 -0.449045
-0.281847 -0.622212 -0.466209
-0.709894 0.473571 -0.0492046
-0.176857 -0.830766 0.304929
0.255815 0.539615 0.43854
-0.773042 0.380644 -0.090179
0.633022 0.287337 0.245661
-0.652892 -0.332299 0.593216
-0.134755 -0.642122 0.744975
0.00946105 -0.799295 -0.334438
0.376097 -0.191 -0.717372
0.1685 0.146692 -0.768788
0.011867 0.401297 0.711029
-0.118486 -0.205254 0.946255
0.658284 -0.51988 -0.308389
-0.0534278 -0.394269 0.899523
0.100871 -0.584459 -0.650312
-0.0254219 0.452929 -0.62441
-0.655256 -0.378623 -0.303593
-0.0271417 0.635449 0.436285
-0.0292528 -0.854038 -0.0263675
0.671417 -0.472877 -0.338099
-0.0806572 -0.676069 -0.517949
-0.326145 0.769862 0.0717805
-0.136348 0.37831 0.714633
0.245027 -0.77552 0.350154
-0.836012 0.0489717 -0.102275
0.140154 -0.673384 0.613774
0.312241 0.621615 -0.277007
0.434799 -0.639531 -0.487517
0.638073 0.272664 -0.391566
-0.228082 -0.0638931 0.912045
0.0331799 -0.224884 0.917587
-0.0147117 -0.115506 -0.799189
0.46096 0.394116 -0.473603
-0.838268 -0.143794 -0.00122406
-0.522278 0.478038 -0.450899
-0.567027 0.117665 -0.603563
-0.0051122 -0.849521 -0.116187
-0.128809 0.347477 -0.666197
0.688052 -0.521155 0.121703
0.20848 0.378726 -0.647837
-0.677834 0.283445 0.426469
0.275941 -0.789673 0.216536
0.0985344 -0.0338754 0.878984
0.785627 0.0368802 -0.288756
-0.528989 0.257714 0.612981
0.0302614 0.501574 -0.605646
0.0677382 0.815307 -0.0425345
0.356081 -0.0424724 -0.717728
-0.771998 -0.214122 -0.188884
-0.443562 0.164494 0.736173
0.629692 0.421698 -0.0415394
0.629536 -0.181829 0.479721
0.433796 -0.261396 0.64918
-0.0895908 0.431177 0.670896
0.428823 -0.0956178 0.683329
0.218296 -0.058529 0.823322
-0.208011 -0.827836 0.235469
0.264661 -0.0259929 0.800056
-0.761329 -0.356206 -0.117814
0.774526 0.235292 -0.102593
-0.828207 0.113778 -0.124833
-0.234533 -0.693295 0.625655
0.561802 0.491381 0.0298358
-0.364884 -0.79733 0.0610147
0.663621 0.0851971 0.363117
0.484256 0.562998 0.106306
-0.120284 -0.504028 -0.681453
0.808307 0.136295 0.031774
-0.338994 0.781824 -0.0327712
-0.0562815 0.824895 -0.155932
0.507015 -0.331424 0.545284
0.21765 -0.710434 0.515768
0.499953 -0.181295 0.606739
-0.227498 0.312502 -0.673045
-0.320227 -0.66524 0.654405
0.796825 -0.388545 -0.169202
-0.598108 0.553156 0.177685
0.105415 -0.822472 0.400793
-0.487705 0.117402 -0.659776
0.298548 0.262381 -0.678458
-0.808546 0.012356 0.364358
0.748816 0.276094 -0.122474
0.542574 -0.305075 0.522486
-0.570235 0.219309 0.597218
0.717838 -0.110672 0.382331
0.705199 0.315476 0.08127
-0.499837 -0.00540695 0.783481
-0.454094 0.149034 0.739372
0.161878 -0.337293 -0.762946
0.3439 0.249812 -0.663158
0.706629 0.138688 0.25023
0.00229225 0.27296 -0.707501
0.271994 -0.779161 -0.322462
0.598328 0.33415 0.252012
0.806988 0.173581 -0.0863043
-0.20092 -0.000799922 -0.762534
-0.478203 -0.488723 0.698534
0.32519 0.653 0.202286
0.0941387 -0.474922 -0.711466
-0.0569251 -0.76095 0.528559
0.718586 0.186534 -0.329448
0.274838 0.21198 0.724703
-0.205825 0.823689 -0.159575
0.539045 -0.14375 0.576541
-0.641446 0.551968 -0.151352
0.0123397 0.70293 0.309094
0.215312 -0.0584692 0.824731
-0.260816 0.174245 -0.712845
-0.411671 -0.65112 -0.305598
0.778583 0.181922 -0.189235
-0.677503 -0.424895 -0.235628
0.182264 -0.777601 -0.365569
0.145689 -0.823385 -0.232888
-0.0280155 0.80222 -0.185137
-0.410508 0.0408769 -0.717135
0.0826379 -0.83257 -0.216322
0.405155 -0.734313 0.154188
-0.437655 -0.24537 -0.616155
0.442151 0.499987 -0.334503
-0.778238 0.0448322 0.402145
0.193056 -0.50281 -0.682883
-0.108011 -0.84759 0.247961
-0.553244 0.118804 0.667716
-0.142869 -0.597394 -0.576051
-0.0663135 0.344028 -0.671697
0.814992 -0.37769 0.0694475
0.485226 0.207808 -0.598936
-0.233528 -0.683489 -0.4148
-0.537428 0.0724116 0.705839
-0.337211 0.430458 -0.605083
-0.332182 -0.0982879 -0.710454
-0.171162 0.597845 0.495815
-0.626271 0.334347 -0.45535
0.415775 0.496153 -0.377708
0.541511 0.125606 0.491427
-0.608229 0.0264382 0.636566
-0.516807 -0.305329 -0.524768
0.140963 0.445733 -0.620796
-0.644676 0.411808 0.351936
-0.513817 -0.566553 -0.3139
-0.274396 0.141545 0.8114
-0.234406 -0.776647 0.427295
-0.081864 -0.851763 0.143953
0.288557 -0.825683 -0.00324353
-0.090219 -0.735964 0.577858
-0.0519914 -0.856946 0.171636
-0.319254 0.67029 -0.346619
-0.526957 0.336509 -0.562696
0.679717 -0.473199 0.215267
-0.220161 -0.791142 0.398289
0.251135 0.734062 -0.11243
0.210012 -0.195401 -0.767125
0.338488 0.537736 -0.382565
0.391713 0.626504 -0.127886
-0.0984214 -0.0418468 0.936622
0.632484 -0.593225 0.0468492
-0.602814 0.180984 0.581496
-0.031075 0.654078 0.413199
-0.460733 -0.768449 0.135122
-0.490619 0.673774 0.032761
0.0843244 -0.614299 -0.626884
-0.10717 -0.848939 0.223893
-0.0651252 -0.357468 -0.734896
-0.195666 -0.330761 0.881734
-0.619824 -0.576392 0.49952
0.559914 -0.241629 -0.607754
0.334396 0.689549 0.0884713
0.255691 0.402636 0.583795
-0.134282 0.606944 -0.497308
0.80904 -0.38686 0.0693252
-0.0161845 -0.283219 0.941139
0.667728 -0.0287776 -0.479845
0.0986457 -0.341672 0.851294
0.285409 0.235029 0.70437
0.0684209 -0.774945 -0.390167
-0.126182 -0.804762 0.402135
0.414719 -0.331262 0.635686
-0.255214 0.80199 0.0295894
0.290464 -0.314869 -0.734972
-0.0490522 -0.538071 0.804792
-0.008425 0.834106 -0.0684864
0.384767 -0.0784552 0.71645
-0.266752 -0.711072 -0.343224
-0.801653 -0.165684 0.39808
-0.783338 0.278152 0.256155
0.869499 -0.233512 -0.076201
-0.762112 0.137638 -0.380743
0.717524 0.308513 0.0620466
-0.791782 -0.346553 0.0617671
-0.195794 -0.832991 0.0701774
-0.217726 0.344115 0.715206
0.773025 0.153134 -0.243284
-0.0646707 0.518598 -0.591731
0.054248 0.459014 0.635368
-0.802187 0.138496 -0.245758
0.591844 -0.0607846 0.530197
0.311169 -0.0955212 0.775148
0.211899 -0.579829 -0.635447
0.148382 0.502552 -0.562138
0.24743 -0.568669 -0.635736
0.568873 -0.487869 -0.481932
0.288269 0.0532028 -0.739948
-0.677455 -0.42421 0.515422
-0.34158 -0.0819789 -0.711147
-0.493741 0.67726 -0.0923529
0.21925 0.38769 0.619708
0.131204 0.77269 -0.136617
0.70688 -0.049038 -0.440054
0.843159 -0.160605 -0.190014
0.442082 0.602808 0.111775
-0.393382 -0.399251 -0.581629
0.704365 -0.435074 -0.323177
0.472739 -0.187942 0.631817
0.745798 0.0762334 0.223809
0.33935 0.0939843 -0.709115
-0.386265 0.255457 -0.677898
0.802943 -0.400396 0.000172022
0.523116 -0.548995 -0.490757
-0.512229 -0.519991 -0.387837
0.257304 -0.709949 0.478109
0.230959 0.52293 0.471803
0.609279 0.387334 -0.269198
-0.39014 -0.42044 0.765485
-0.0403736 0.238339 0.822216
-0.236429 0.685585 -0.369948
-0.176337 -0.349447 -0.704352
-0.337235 -0.591759 -0.464115
0.394506 0.0876061 0.668348
-0.36903 0.689552 -0.294285
-0.164085 -0.703052 0.629618
0.419254 -0.777386 -0.16947
-0.733826 0.383585 -0.235434
0.721333 -0.287799 -0.419697
0.197248 0.304702 -0.694709
0.0828228 0.612733 -0.446703
0.462997 -0.265508 -0.667429
-0.767766 0.167355 -0.349366
0.522435 0.0993977 0.527386
-0.333795 0.0181652 -0.735576
0.61183 -0.458596 0.357364
0.381178 0.0504677 0.69887
0.888042 -0.213772 0.0489542
0.0234824 0.792142 0.120859
-0.203559 0.123323 0.839582
0.858438 -0.305991 0.0858041
0.204003 0.762726 0.0584364
-0.543847 -0.731286 0.321231
0.146875 0.640657 -0.370403
-0.209873 0.53754 -0.564972
0.441203 -0.357574 -0.661944
0.784758 -0.326184 -0.256723
-0.127278 0.119068 -0.742292
0.81332 -0.335276 0.173025
-0.20378 0.671228 0.41892
0.404822 -0.470911 -0.626533
-0.421268 0.472474 -0.530729
-0.659998 -0.62982 0.156827
-0.813966 -0.271303 0.0452126
0.765325 0.138192 -0.267326
0.673127 -0.324166 -0.478593
-0.397333 0.323965 0.660162
-0.360993 0.6553 0.34761
0.0187109 -0.39346 0.878483
-0.00211263 -0.454459 -0.726049
-0.394931 0.48484 0.537662
-0.562361 -0.167406 0.72422
0.147005 0.142788 -0.768796
0.241377 -0.826111 0.128681
-0.47992 0.156448 0.718583
0.331647 -0.011128 -0.726125
-0.0797137 -0.71351 -0.475265
-0.533663 0.29372 -0.580139
0.265505 -0.0684928 0.801391
0.183139 0.595764 -0.409845
0.00103153 0.645843 0.409936
-0.484235 -0.703401 0.459528
0.555263 0.459123 -0.21476
0.690444 0.344165 0.061469
0.553341 -0.189508 -0.622622
-0.763515 -0.0908591 -0.315348
-0.557927 -0.434526 -0.406429
0.842366 -0.300608 0.171373
-0.766426 -0.0938367 -0.302408
-0.250182 0.646921 -0.412141
-0.0828581 -0.125985 -0.777986
0.454333 -0.521026 0.484832
-0.796469 -0.151799 -0.147744
-0.15154 -0.621017 0.760464
-0.452088 0.489504 -0.501383
-0.779825 0.373911 -0.151366
0.166054 -0.668346 0.609527
0.504326 0.494368 0.183507
0.107604 0.410081 -0.649713
0.711201 0.285768 -0.230268
0.365415 -0.512749 -0.626581
0.126985 0.665776 0.309198
0.0827886 0.0469558 0.882729
0.822956 -0.0684765 -0.245178
0.348079 -0.21446 0.747586
0.355145 -0.802198 -0.0444374
0.179616 0.703035 0.217367
-0.797997 -0.137802 -0.153002
0.36974 -0.735932 0.228153
0.55613 -0.666952 -0.24778
-0.406988 0.741012 0.0168885
0.274302 0.453285 -0.545434
0.856416 -0.317957 -0.0185526
0.652937 -0.453097 0.300496
0.635865 0.19038 0.329942
0.0202889 -0.845803 -0.143583
-0.511185 0.663222 -0.100756
0.547963 -0.651821 0.0787366
-0.26393 0.0404826 0.861985
0.157915 0.783931 0.0626463
-0.780756 -0.381668 0.0644869
0.253347 -0.80273 -0.281891
0.445725 -0.231992 0.647348
-0.181846 0.176624 0.820431
-0.426073 -0.375588 0.760191
0.715175 0.315088 0.0456418
-0.554206 0.335585 0.529034
0.841597 -0.0119758 -0.175164
-0.73745 0.328211 0.285537
0.0154072 0.61998 -0.471013
-0.0128831 -0.324296 0.923462
-0.646199 0.550124 0.0250564
0.316479 -0.067293 -0.740783
0.642019 -0.368659 -0.483716
-0.638933 -0.532611 0.501993
0.062709 0.765994 0.15357
-0.74417 0.0249443 -0.454715
-0.0107668 -0.731773 -0.470888
-0.578302 -0.380508 -0.416762
0.326615 0.201566 0.686771
-0.230889 0.615588 0.469292
0.659026 0.393532 -0.120242
0.168553 -0.279381 -0.769325
0.101253 0.198856 -0.746341
0.105431 0.210186 -0.741463
0.174421 -0.376666 0.793374
-0.402595 -0.174172 -0.660302
0.513249 0.179158 -0.588888
-0.534116 -0.41888 0.678715
-0.854316 0.0594461 -0.0102988
0.405637 -0.753132 0.0638599
-0.614494 0.581945 0.0157228
-0.688424 -0.582519 0.158007
-0.417074 0.486676 -0.520661
0.46161 0.468117 0.288288
0.426662 0.526066 -0.305297
0.484764 -0.243123 0.605622
0.422252 -0.486147 -0.608462
0.759464 -0.319247 -0.323517
-0.24095 -0.506873 0.815946
-0.75559 0.202031 -0.350247
-0.150191 -0.694146 0.656178
-0.703935 -0.515735 0.300319
-0.060464 -0.811472 -0.295315
0.48864 -0.0326653 0.61794
-0.353679 -0.362844 -0.620521
0.254438 0.392274 -0.615582
-0.261318 0.795166 -0.167634
-0.280909 -0.808994 0.316669
0.0130564 -0.862806 0.130271
-0.134377 -0.234819 -0.74045
-0.287751 0.654503 -0.383064
-0.728587 0.149759 0.427497
-0.70673 -0.569109 0.0971943
-0.695365 -0.343306 -0.27046
0.229588 0.453712 -0.571774
-0.19482 -0.0467574 -0.762169
0.480994 -0.524685 -0.553606
-0.582997 -0.585939 -0.19283
-0.0369339 0.829979 -0.126128
0.43616 -0.243561 -0.686847
0.191458 0.528664 0.481677
0.681429 -0.057754 0.413245
-0.0643046 -0.264969 0.953027
0.332817 -0.224043 0.758611
0.456763 -0.228854 -0.677483
-0.0340071 -0.462905 0.852607
0.023248 0.366758 -0.66637
0.64717 0.0817738 0.387214
-0.860388 -0.107091 0.226275
0.741151 -0.434631 0.155889
-0.471949 -0.67198 -0.206397
0.434086 -0.708315 0.189873
0.830333 -0.281463 0.208936
-0.413654 0.420849 -0.578338
0.519193 0.254875 0.441611
-0.154109 -0.834098 -0.0870258
0.834896 -0.164855 0.227046
0.0603297 0.316956 0.769987
0.32455 -0.785534 0.113309
-0.00212996 -0.0215574 0.925763
-0.495428 0.647099 -0.260791
-0.18842 0.833255 -0.0167392
0.485938 0.204501 0.511845
-0.0130084 0.415123 0.694781
-0.421927 -0.282181 0.790662
0.128808 -0.29552 0.851207
-0.307298 0.10428 -0.724035
-0.255214 -0.0985275 -0.733955
0.548671 -0.326893 -0.601545
-0.102106 -0.253183 -0.74594
-0.851064 -0.171488 0.0832573
0.373685 0.655622 0.00655129
0.319739 0.04682 0.755393
-0.123203 -0.21076 -0.748686
0.211454 0.335614 0.671932
0.698655 0.150535 -0.37314
-0.0216076 -0.59465 -0.625435
0.315527 0.464176 0.4827
-0.785353 -0.301739 0.368646
0.670392 0.172799 0.285971
0.187507 -0.560945 0.697924
0.258674 -0.576892 0.616197
-0.182837 0.248867 -0.702056
-0.386058 0.168115 0.759515
-0.0551514 -0.0674499 -0.796919
0.0802723 -0.323277 0.869126
-0.277488 -0.347039 -0.663438
-0.703877 0.126565 -0.484166
-0.816814 0.215132 0.0830362
-0.565797 0.60735 -0.197895
-0.49814 0.54352 -0.393447
-0.12266 -0.699129 0.652833
-0.409217 -0.432503 -0.555433
0.106068 0.605473 -0.445236
0.699194 0.345764 -0.152479
-0.393628 0.573968 0.432114
0.657503 0.173968 0.30735
0.683996 -0.540467 -0.126216
0.487157 -0.269877 -0.651523
0.677035 -0.560319 -0.0620947
0.254438 -0.335302 -0.738742
-0.433069 0.446393 0.544667
0.458706 -0.137448 0.657007
0.0201035 0.647275 0.399449
0.239228 -0.134958 0.81447
-0.600266 0.559015 0.149473
0.212638 -0.117327 0.828372
0.379683 -0.718437 -0.367783
0.0198694 -0.771801 0.504152
0.490182 0.359202 -0.48212
0.382491 -0.0334634 0.713646
-0.320116 0.691797 -0.318791
0.834486 -0.296742 -0.139656
-0.152608 -0.513849 -0.659481
-0.170786 0.0940867 -0.743349
-0.689258 -0.548047 0.277505
-0.674524 -0.350661 0.562191
0.0155857 -0.864924 0.169055
-0.832024 0.180937 0.0024414
-0.746623 0.103685 0.422512
0.606215 0.236027 0.339587
0.648703 0.0398952 0.409156
0.129691 0.707873 0.235201
-0.0762041 -0.850303 0.0711423
-0.250531 -0.821272 -0.0270176
0.558274 -0.297247 -0.600458
-0.323623 -0.596514 -0.468815
-0.798007 -0.305889 0.00997987
-0.2123 -0.755914 0.485178
0.550208 0.0207689 -0.599845
-0.794479 0.317357 -0.173546
-0.20935 -0.831818 0.0953164
0.0244911 -0.848678 -0.0898697
0.249977 0.542489 0.437298
-0.457755 -0.505141 -0.474929
-0.726523 0.387623 0.236613
0.880068 -0.166492 0.0934745
-0.303802 -0.570887 0.748456
0.389366 0.0952571 -0.682565
0.70307 -0.451974 -0.308885
-0.520571 0.624811 0.150435
0.500091 0.429665 0.283997
-0.165557 0.788823 0.200613
0.214563 0.730916 -0.177283
0.155903 -0.746098 0.497707
0.169617 0.3807 0.655674
0.261971 -0.177653 -0.756471
0.137656 -0.163865 0.865712
-0.249995 -0.541564 0.802429
-0.674373 -0.500498 -0.182035
0.863254 -0.191393 0.162383
-0.58956 0.0961516 -0.587456
0.709802 -0.527136 -0.0294578
0.507015 -0.0739292 -0.644878
-0.612076 -0.478898 -0.292076
0.380074 -0.261794 0.701371
0.736697 -0.149434 0.360808
0.094895 -0.514587 -0.691858
-0.247847 -0.382744 0.845296
-0.256163 0.707833 0.344648
-0.840337 0.12636 -0.0532757
-0.35802 0.369097 0.645616
-0.0528718 0.777256 0.194827
-0.743901 -0.459978 0.215454
-0.438521 0.425602 0.559489
-0.486506 0.606273 -0.326424
0.0212487 0.506684 0.586461
-0.613865 0.284148 0.512324
0.385811 0.00448499 0.703688
-0.802134 -0.0435412 -0.20966
-0.173717 0.522239 -0.583048
0.311821 0.0717696 0.75794
0.403661 -0.68156 -0.428317
0.00382421 0.105624 0.898184
-0.386376 -0.736517 -0.1988
-0.286714 -0.685928 0.622394
0.49579 0.302118 -0.532665
-0.817273 -0.049363 -0.149169
0.32754 0.589325 -0.313442
0.416037 -0.361142 0.618182
-0.365215 -0.647632 -0.353769
-0.491278 -0.302754 0.746972
0.553651 -0.588071 -0.409461
0.316138 0.674658 -0.180348
0.455934 -0.750944 -0.145779
-0.478602 0.194128 -0.655076
-0.146648 0.226863 0.806454
-0.18255 0.426001 0.659123
-0.758655 -0.0692334 0.477873
-0.0495912 0.66188 0.41101
0.401427 0.630286 0.134035
-0.0990769 -0.626318 -0.566526
-0.70558 0.434923 0.199021
-0.428344 -0.777686 0.341422
-0.665656 0.275737 -0.443295
0.139962 -0.850804 0.103117
0.611889 -0.369675 -0.528556
0.586742 0.14753 0.428015
-0.847655 -0.174127 0.0648134
0.735957 -0.373508 -0.333309
0.318297 0.271794 -0.665072
0.172909 -0.231492 0.84438
0.628828 0.0671459 -0.503296
-0.146604 0.676023 -0.411298
-0.547025 0.0309395 0.710535
-0.344495 0.756157 -0.161162
-0.794599 -0.0466924 -0.235373
0.123008 0.503009 0.546232
-0.373153 0.62605 -0.374323
-0.556997 -0.548518 0.590947
-0.636468 -0.598456 0.373083
0.829034 -0.364129 0.0229324
-0.571204 0.169793 0.625101
-0.676115 0.233884 -0.4613
-0.479064 -0.580718 -0.337839
0.784704 -0.412412 -0.123217
-0.770036 -0.343703 0.359972
-0.810322 0.267145 -0.0590376
0.524447 0.359404 -0.443191
0.149812 -0.847784 0.0661555
-0.746993 -0.433763 0.294875
0.536022 0.354181 -0.434858
-0.674305 0.209774 0.476393
0.442661 -0.0406272 0.660795
0.692887 0.042454 0.346754
-0.0626417 0.133191 -0.746422
0.219041 0.720329 -0.197466
0.259461 -0.200745 0.799957
0.756218 0.258537 -0.141301
-0.762828 -0.435629 0.104289
-0.622165 0.0716345 -0.560246
-0.0316983 0.0390062 -0.773428
-0.304121 0.401381 0.644652
-0.789309 0.0860088 -0.345771
-0.775378 -0.368667 0.268172
0.592347 -0.0014358 0.502561
0.831679 -0.328736 0.145274
-0.576483 0.422273 -0.455711
-0.67641 -0.184695 0.613625
0.289723 0.141622 -0.728172
0.744365 -0.0938759 0.334476
-0.532237 -0.186394 0.74809
0.807174 0.171372 0.00138986
0.286684 -0.633534 0.529893
0.16453 -0.0171855 -0.776178
-0.178038 0.0731845 -0.747675
0.548783 -0.0673997 -0.615541
-0.423786 0.526887 0.460026
-0.0619756 0.673938 0.399947
-0.133809 0.684181 -0.404177
-0.130232 0.838122 0.060066
-0.15654 -0.670068 -0.48727
0.445611 0.449426 -0.423176
-0.0553133 0.54836 0.558967
-0.483722 -0.634573 0.579511
0.513437 -0.363241 0.523795
0.560696 0.377665 -0.375575
-0.0953899 -0.851295 0.215449
-0.820537 0.185293 0.164582
-0.770004 -0.353676 -0.0823376
-0.802573 -0.324249 0.142326
0.30041 -0.587497 -0.60629
0.34692 -0.394749 0.657202
-0.511393 -0.403308 -0.48786
0.688776 -0.512473 -0.249951
0.0599498 0.252189 0.814708
-0.391071 0.441954 0.584419
-0.571952 -0.55188 0.572529
0.343305 -0.244192 0.740098
-0.439577 0.332741 0.628986
0.627796 0.0814926 -0.498293
-0.411962 0.708529 -0.227667
-0.544847 0.611708 -0.230964
-0.800762 0.122138 -0.26354
0.013506 -0.433773 0.863929
-0.781726 0.345642 -0.00938997
0.846767 0.0877053 -0.0694871
0.302116 -0.178411 0.778471
0.416959 -0.239104 -0.697904
-0.783639 0.142684 0.353432
-0.384696 -0.450886 -0.562546
-0.304357 -0.633473 0.691905
0.667913 0.384991 -0.162869
-0.686777 -0.468117 0.444031
-0.301114 -0.698119 -0.332814
-0.433037 0.368989 0.608477
0.22969 -0.545415 -0.652925
0.438041 0.607161 0.096129
0.0405383 -0.847931 -0.0804476
0.321198 -0.824359 -0.0909179
-0.495518 -0.567377 0.631682
0.259039 -0.591183 -0.6201
-0.209272 0.15476 0.823167
-0.848401 0.10995 0.076819
0.809066 0.163969 -0.0994044
0.351281 0.627305 -0.220311
0.77371 0.15639 -0.238284
0.352183 -0.145863 0.744434
-0.52801 0.217524 0.637816
-0.685342 -0.144161 0.60602
-0.040428 -0.470448 0.848291
0.59837 0.19034 0.390645
0.844551 -0.342056 0.0378799
0.649545 -0.157964 -0.518417
-0.700018 0.134004 0.473633
0.509156 -0.332587 -0.624907
0.284093 -0.0598981 0.792244
-0.44744 -0.080629 0.836439
-0.810447 0.236762 0.0822831
0.379976 0.465098 -0.45553
-0.723556 0.176461 -0.425227
-0.717355 -0.0232624 -0.471309
0.481743 -0.674453 -0.347382
-0.263427 0.630815 0.449394
0.539445 0.49836 -0.146989
-0.232734 -0.818907 0.314624
0.463273 0.282098 -0.576956
0.220668 -0.594552 0.634276
-0.085152 0.57356 -0.546473
-0.285895 0.410214 0.645643
0.799304 0.143713 -0.182773
-0.725903 -0.00928479 0.499732
-0.529329 -0.210789 0.74563
-0.442941 -0.770785 -0.0318026
-0.142101 0.719631 -0.359619
0.610646 0.291801 -0.410562
-0.636371 -0.558752 0.47198
-0.391042 0.328895 0.659713
0.113286 -0.826463 0.392442
-0.179704 -0.650175 -0.497467
0.431163 -0.449206 0.55669
-0.845684 0.10731 0.128881
-0.832508 0.16837 -0.0678883
0.522993 -0.236186 0.570697
-0.15942 -0.834151 -0.0607667
0.245008 0.0299125 0.807075
0.641618 0.174866 0.334198
-0.0619714 0.41645 -0.638816
-0.155635 -0.83699 0.266259
-0.50533 0.576324 0.323754
0.875365 -0.18301 0.111381
0.0934088 -0.778012 0.472244
-0.61837 0.113722 0.589123
-0.831003 0.122688 0.24278
-0.804423 0.230904 0.205712
-0.191434 0.186732 -0.717941
-0.710886 -0.228852 0.559778
-0.21427 -0.526034 -0.618759
-0.829398 0.0092585 0.320334
-0.440323 0.670144 -0.276697
-0.476245 0.649629 0.181121
0.220351 -0.21865 -0.762588
-0.584443 0.374814 -0.48547
0.811319 -0.255098 -0.224234
0.541431 0.275817 0.396596
0.412373 -0.459998 -0.628071
-0.167264 0.28676 0.770449
0.439473 0.387856 -0.497964
0.793086 -0.0648079 0.245645
0.697652 -0.502294 -0.247719
0.104959 -0.840383 -0.118516
0.687291 0.15095 -0.388134
-0.450416 -0.657815 0.587881
0.364695 0.661649 -0.00618971
-0.028922 -0.236527 0.947445
-0.741753 -0.335991 -0.20358
0.538553 -0.158705 0.574161
0.621319 -0.152485 -0.548573
0.778164 0.177541 0.061032
-0.0115639 -0.404699 0.888352
-0.112784 0.813124 -0.215005
-0.812282 0.00899617 -0.207472
-0.508114 0.403281 0.518448
0.473949 -0.62916 -0.462008
0.727138 0.0868227 -0.364213
-0.411185 -0.281278 -0.625089
-0.0824898 0.729138 0.308445
-0.556749 -0.195747 0.723431
-0.726325 0.363059 0.266987
-0.338176 0.751823 -0.194702
0.00960199 -0.812673 0.426178
-0.527589 -0.100398 0.769896
0.252597 -0.783447 0.300545
0.412972 0.616471 -0.0581387
-0.809309 0.154817 -0.198121
0.683214 0.204776 -0.368975
-0.0111753 0.720119 0.287569
0.0594378 0.608312 0.434061
-0.53184 -0.489001 0.649782
0.520222 0.427993 -0.348878
-0.353035 0.323182 -0.656787
0.513017 0.53729 0.0479885
0.48502 -0.682109 -0.324706
0.779012 -0.285394 -0.292366
0.629811 -0.351514 -0.518523
-0.815467 -0.0460706 0.358677
-0.0975133 -0.841535 -0.110751
0.311633 -0.171953 -0.74514
-0.634147 -0.333084 -0.369312
0.228788 -0.187619 0.817059
0.353681 0.536615 0.352406
0.472184 0.346862 0.426858
-0.477601 0.68832 0.0122717
0.170509 -0.153789 0.849761
-0.0937931 0.724065 -0.354744
-0.758475 0.356279 -0.224393
-0.645249 0.431309 0.322022
-0.7406 0.0388831 0.458733
-0.00712852 -0.382526 -0.744026
0.401955 -0.22635 0.691857
-0.0769029 -0.45352 -0.711493
0.780319 -0.293989 0.264711
0.0166011 0.25753 -0.715242
0.154478 -0.302907 -0.770521
0.383117 0.21219 -0.657636
0.387244 -0.396063 0.62295
-0.444622 0.337594 0.622699
-0.6278 -0.380404 -0.343136
0.0497551 0.562239 -0.535778
-0.323433 -0.772784 -0.193277
0.131602 0.523262 0.515424
0.197367 0.684879 -0.274726
0.329764 0.0143837 -0.723887
0.640147 -0.52213 0.214785
0.226478 0.747717 0.0934893
0.197759 0.286909 -0.702716
-0.142125 0.630436 0.468323
-0.694872 -0.000141158 -0.495765
-0.36781 -0.796422 0.177997
-0.605393 -0.608006 0.47463
0.624573 0.430662 -0.100002
0.786068 -0.252703 -0.290769
0.532173 -0.352947 0.510078
-0.417969 0.486998 -0.519956
0.652683 0.355021 -0.252618
0.375546 0.401511 0.488031
0.123434 -0.837476 -0.141829
-0.667074 -0.580035 -0.0387463
0.288407 -0.174167 -0.75055
0.350107 -0.115757 -0.728604
-0.514818 0.331805 0.571014
-0.441755 -0.641305 -0.288828
0.18154 0.533023 -0.49908
-0.366173 -0.796426 0.196109
-0.79837 -0.0340457 -0.230542
0.274473 -0.00928163 0.794732
-0.353239 -0.643606 -0.370496
-0.0483395 -0.848997 -0.0993679
0.25831 -0.827254 -0.128412
0.0440767 0.399347 -0.652824
-0.304649 -0.783241 0.38449
-0.257608 0.772667 -0.246348
0.537727 -0.00366294 0.562055
0.330422 -0.730876 0.338262
0.0815073 0.413568 0.677568
-0.720186 0.290635 0.358338
-0.406289 0.412161 -0.589282
-0.793437 0.29445 0.0797375
-0.499589 0.409632 -0.536349
0.244547 -0.816604 -0.217164
-0.451621 -0.310738 -0.578234
0.870625 -0.232833 0.124679
0.170478 -0.471968 -0.701437
0.0164429 0.144632 0.875958
-0.0604591 -0.478078 0.845254
0.835855 -0.0258117 0.116704
-0.558471 -0.457957 -0.387977
0.276947 -0.600971 0.573382
-0.635079 -0.657751 0.111595
-0.206078 -0.622146 -0.515119
0.0918787 -0.51936 -0.689966
-0.786921 -0.0911012 0.424664
-0.169991 0.694177 0.397862
0.0220301 0.6036 -0.490431
-0.696919 -0.511991 0.339837
0.481692 0.554929 0.123863
0.538667 -0.537216 -0.479349
0.259636 0.721572 0.136079
-0.710081 -0.147198 0.579866
0.0272256 -0.606752 0.752262
0.737611 0.210985 -0.266025
-0.544324 0.566258 0.298972
0.313927 0.444703 0.504228
0.511468 -0.673634 0.104132
-0.394187 -0.0594478 0.858345
0.276633 0.307048 0.659277
-0.357431 0.622637 0.408007
0.267458 0.457204 0.519138
-0.285972 -0.360139 -0.656289
0.235118 0.744737 0.0161783
0.817853 0.158014 -0.0218884
0.123137 0.635756 0.361869
0.03137 -0.83486 0.380621
0.893287 -0.22237 -0.0007327
0.390747 -0.692083 0.351437
-0.347056 0.31103 0.688167
-0.108986 0.8593 -0.0185059
-0.779292 0.34242 0.034364
0.108411 -0.800867 -0.315952
-0.358389 -0.50988 0.755076
0.295892 0.463302 0.495517
0.670982 -0.561197 0.0590441
0.319365 0.241037 -0.678469
-0.043096 0.421058 0.685764
-0.355539 -0.5468 -0.516942
0.30498 -0.739158 0.36231
-0.848027 0.0892967 -0.0362781
-0.314115 -0.204024 -0.688339
0.699999 -0.429849 0.244886
0.0792457 0.0306261 -0.785468
-0.727758 -0.116236 -0.393189
0.828209 0.119616 -0.107163
0.597649 -0.59028 0.152465
-0.448912 -0.184941 0.805937
-0.0982817 -0.6357 -0.556406
0.575393 -0.651704 -0.0693297
0.640119 -0.291931 0.431859
0.0920139 -0.788214 -0.352254
-0.651759 0.546422 -0.133561
-0.522439 -0.58842 0.587672
-0.470534 0.269781 -0.649799
-0.192628 -0.533553 -0.62166
-0.764375 0.117289 -0.388286
0.648743 -0.4643 0.290772
0.373066 -0.192232 0.728226
-0.142593 -0.801414 -0.257417
-0.792649 -0.29235 -0.0528399
0.508762 -0.550308 0.40334
0.239565 -0.0958757 0.814774
0.602333 -0.536413 -0.384566
-0.23651 -0.713468 -0.366193
-0.721134 0.380632 0.256206
0.195505 0.360859 -0.661595
0.0631372 0.363334 0.733326
-0.606326 0.21269 -0.554514
0.38917 0.585935 0.221355
0.2677 -0.218232 0.794573
-0.691539 -0.143238 -0.42679
0.332515 -0.749398 -0.340262
-0.812218 0.113358 -0.208972
-0.461201 0.693452 -0.16677
0.308838 0.702979 0.00826645
0.676626 -0.556307 0.060383
0.456204 0.506373 0.239754
0.182011 -0.475587 0.749173
-0.620185 -0.266222 0.645758
0.560398 -0.587256 0.236801
0.19302 0.340316 -0.674513
-0.31563 0.25258 -0.686951
-0.0395905 0.494373 0.613849
-0.0218706 -0.473334 0.844576
-0.840104 0.142916 0.0532685
0.0580477 0.315349 -0.691456
0.860803 -0.307159 -0.0330357
-0.129772 0.351576 0.740668
0.505571 -0.690351 0.0482818
-0.661035 0.324174 0.419507
-0.608901 0.589622 0.000425423
0.00649072 0.742578 -0.27902
0.417479 -0.741492 0.0898993
0.228062 0.41329 -0.609347
-0.863336 -0.124254 0.176951
0.58841 -0.534208 0.294691
-0.667908 0.482952 0.183139
0.443491 -0.34507 -0.663106
-0.689886 -0.140419 0.600855
-0.665534 0.201609 0.491992
-0.862732 0.0591283 0.0834182
-0.0784149 0.408751 0.694183
0.760927 -0.281701 -0.339293
-0.0666713 -0.306139 0.944306
0.437402 -0.716729 -0.302043
0.39068 -0.748543 -0.284969
0.405873 -0.278225 0.670776
-0.100023 0.0110393 -0.772295
-0.598172 -0.699137 0.275349
-0.265181 -0.277071 -0.688047
-0.802488 -0.252068 0.357993
0.0260195 -0.850251 -0.061544
-0.370105 0.469678 -0.55776
0.40109 0.0595634 -0.681735
-0.601181 0.336666 0.480295
-0.540593 0.64198 -0.0930559
0.131696 -0.765034 0.478926
0.541725 -0.68308 -0.182221
-0.699746 -0.566183 0.149432
0.65606 0.397426 -0.129501
0.834943 -0.341419 -0.0887547
-0.22496 0.334498 0.71883
0.221362 -0.808392 -0.274501
-0.196298 -0.831486 0.0244085
0.155496 0.751303 -0.172947
0.0964152 -0.849616 0.0238946
-0.229445 0.777935 0.210642
-0.241317 -0.292388 -0.693579
-0.557397 0.202921 -0.597683
0.157384 0.157453 -0.766385
-0.664175 0.511822 0.100458
0.149918 -0.676726 0.604785
0.0633053 0.821996 -0.0200233
-0.220618 -0.579383 -0.555519
-0.505414 0.0143486 0.76868
0.206181 -0.789541 0.381142
0.310481 0.640028 0.241734
-0.470445 0.00823923 0.814413
-0.0536659 -0.326285 0.942057
-0.589433 0.41586 0.417577
0.191446 -0.15958 0.838562
-0.453875 0.657308 -0.285373
-0.0336963 0.300089 0.786978
-0.500117 -0.406642 0.710288
-0.611732 0.546396 -0.216155
0.374922 0.00827373 0.712795
0.690401 -0.543961 0.0649667
-0.70728 -0.465586 0.380725
0.247863 0.375755 0.613603
-0.0980018 0.00460348 0.920455
-0.166272 0.631368 0.463716
0.0461032 0.355932 -0.672506
-0.320367 -0.758806 -0.222775
-0.642764 -0.655065 0.168508
-0.776758 0.277048 0.269858
0.059413 -0.0807575 -0.792544
-0.119025 -0.214692 -0.749073
0.440657 -0.39156 -0.648569
0.324334 0.6796 -0.14784
0.0693845 0.591984 -0.48516
0.837033 -0.301818 -0.125198
0.18069 0.756289 -0.13773
0.41742 0.612867 -0.0576782
0.083905 -0.854721 0.301903
0.465815 0.500271 0.234225
-0.320863 -0.284455 0.838917
0.458593 -0.729458 0.0141282
-0.0189045 -0.538188 -0.684535
0.41526 0.628909 0.0918782
0.0499515 0.686906 -0.352439
0.379428 -0.672768 0.393275
0.609894 -0.549292 -0.360336
-0.0146477 -0.856477 -0.0131242
-0.182484 -0.114129 0.938556
0.453799 -0.129457 -0.679354
-0.834017 0.033421 -0.110306
0.578854 -0.0682528 0.543263
-0.506203 0.00545673 -0.637893
0.244469 0.615862 -0.338675
0.52638 -0.591854 0.295084
-0.836977 -0.231145 0.1594
0.247532 -0.265037 0.793071
-0.801138 0.0851417 0.351889
0.257804 -0.761316 -0.377583
0.518214 -0.667286 0.107348
0.607041 -0.348929 -0.543874
-0.841512 0.0985551 0.214072
0.120051 0.568303 -0.492587
0.124482 0.578176 -0.475617
0.216257 -0.827638 -0.171895
-0.523311 0.120601 -0.634095
-0.596285 0.507201 0.297521
-0.702351 -0.490385 0.359179
-0.291364 -0.811634 -0.0330221
0.435692 0.122462 -0.652136
-0.139498 -0.667709 -0.498854
0.228277 -0.710768 -0.524521
-0.763386 -0.0537999 -0.344524
0.553975 0.499804 -0.0662696
-0.291126 0.294864 0.720015
-0.847539 0.115016 0.0666338
-0.368232 -0.0225686 -0.716789
0.196579 -0.62972 0.620615
-0.0421938 0.0889323 0.90042
-0.318298 -0.102577 -0.714903
0.0347511 0.097411 -0.766793
-0.0814185 -0.822567 -0.242676
-0.330274 0.742373 -0.243737
0.411552 0.615423 0.141196
-0.691606 0.00985875 0.538718
-0.823783 -0.0212701 0.336839
-0.205254 -0.678666 -0.447108
-0.147949 -0.662832 0.722095
0.1546 0.761077 -0.152098
-0.360172 -0.795684 0.252817
-0.47641 -0.763935 0.157853
-0.341091 0.705787 -0.289838
-0.215113 -0.724726 0.558332
-0.614086 0.293056 0.504454
-0.267778 0.230829 0.76623
0.62114 0.155592 -0.474196
-0.154248 0.467435 0.626185
0.315338 0.410632 0.539305
-0.202974 -0.663696 -0.470084
-0.101588 0.743521 0.290119
-0.116015 -0.843929 0.051304
-0.0312401 -0.767157 0.518718
-0.42212 -0.231622 0.805874
0.573091 -0.634112 0.0707251
-0.362033 -0.0731067 -0.705217
0.14317 0.632961 -0.383984
-0.461596 0.692355 0.0501037
0.0389362 -0.292839 -0.774379
-0.561229 -0.653905 0.448905
-0.737768 0.234942 -0.363899
-0.355254 0.447439 0.5942
-0.162994 0.491127 0.601633
0.428754 -0.453421 -0.622262
-0.582201 0.613109 -0.071509
-0.403911 0.352368 0.637093
-0.46484 -0.767717 0.205989
-0.725795 0.0442445 -0.474051
-0.197081 -0.228314 0.907502
0.47269 -0.572954 -0.52221
0.0766422 0.324917 -0.688164
-0.734349 0.279459 0.344585
0.803951 -0.366752 0.140935
0.902032 -0.126063 -0.00829642
0.897615 -0.0906671 -0.0542837
0.0730277 0.242613 0.820228
0.67039 -0.057415 0.42999
-0.647267 0.206324 -0.518813
0.391267 -0.338614 0.65115
0.359856 -0.643863 -0.535745
0.652907 -0.436407 -0.402184
-0.117065 0.277829 0.790581
-0.522562 -0.681359 0.450654
-0.298966 0.0610397 -0.735366
-0.681137 -0.527169 -0.120519
0.000274802 -0.845299 0.354444
-0.0504498 0.196949 -0.732054
0.898174 -0.123953 -0.064641
0.783535 -0.16957 -0.337991
-0.789896 -0.0921615 0.418863
0.275368 0.672392 0.216008
-0.84858 0.0290818 -0.0353766
0.357448 0.664081 -0.0392571
-0.353515 0.00548777 -0.727244
0.824538 -0.267818 -0.183561
-0.709857 0.473825 -0.056637
0.278176 0.00675286 -0.750834
-0.0521567 0.0751574 0.904166
0.295732 -0.251152 -0.741873
0.244221 0.739365 -0.00191264
-0.0902393 -0.844844 -0.0385401
-0.10954 0.72138 -0.35822
0.0211804 0.101988 0.897999
0.180242 0.555902 0.450345
-0.680992 0.514372 -0.0288366
0.365769 -0.701804 -0.421933
0.614092 -0.610908 -0.197785
-0.780731 -0.150394 0.443205
0.688769 -0.392889 -0.388233
0.29021 0.441041 0.522428
0.439867 -0.497878 0.518342
-0.756035 -0.237911 -0.228781
-0.102973 0.429093 -0.630376
0.482028 0.174249 0.532732
-0.260666 -0.0695714 -0.738412
-0.292832 -0.190142 0.875806
-0.368343 -0.796151 0.0567405
0.341118 0.434234 0.49044
-0.167009 -0.555933 -0.609957
0.357289 0.452687 0.451838
0.151731 -0.85156 0.131775
-0.224617 -0.823585 0.253121
0.672446 -0.294074 -0.487314
-0.395587 -0.787093 0.277795
0.206132 -0.441952 0.747346
-0.379714 0.543034 -0.476222
-0.081425 -0.700982 0.643499
0.413017 0.0661096 0.658995
-0.0463595 -0.655573 -0.549672
-0.555322 -0.119537 0.740707
0.415178 -0.2432 -0.698423
-0.295404 -0.173578 -0.704539
0.231864 -0.32006 0.781247
-0.708714 -0.443184 0.410108
0.880787 -0.279945 0.059024
-0.490127 0.265852 -0.635659
-0.634766 -0.27721 -0.410459
-0.54552 0.294143 0.571804
-0.0592775 -0.197633 -0.769871
0.873199 -0.0975069 -0.123365
0.285543 0.486134 0.477697
-0.2321 0.811323 0.0229339
-0.248303 0.113514 0.831841
-0.375012 -0.576118 0.702838
0.411034 -0.692651 0.299
0.184827 -0.509395 0.729034
-0.483582 0.330889 0.60025
0.694398 0.313394 0.106079
-0.865018 -0.0619305 0.0738959
-0.0411079 -0.00625672 -0.783539
-0.22571 0.757318 0.259586
-0.302442 -0.812448 0.135554
0.561703 -0.330823 -0.591676
-0.737216 -0.455169 0.298187
0.23503 -0.104163 -0.768171
-0.641957 -0.544826 0.474818
-0.30047 -0.782284 -0.183919
-0.766095 -0.420465 0.136186
0.402359 -0.641329 -0.510798
-0.703295 -0.169611 0.585441
-0.033576 -0.860996 0.216042
-0.0762049 0.220563 -0.722364
-0.139111 0.782271 -0.280741
0.0765146 0.794487 -0.119627
0.156958 0.498976 -0.561478
0.165169 -0.682996 -0.569026
0.176625 0.737037 0.150275
0.263325 -0.77982 0.290951
-0.416324 0.711964 0.0950472
0.439261 -0.0261952 0.661205
-0.580901 -0.629566 -0.111615
0.115912 -0.780111 -0.369435
-0.57428 0.000122046 -0.585761
-0.819828 -0.175652 -0.0439215
0.513143 -0.656508 0.15493
-0.312561 -0.802853 0.310444
-0.340752 -0.180687 -0.683908
-0.291399 0.697498 -0.326357
-0.0657252 -0.609436 0.759631
0.560489 0.489205 0.0862748
0.251867 0.717394 -0.181441
0.891419 -0.111369 0.0132769
-0.293306 -0.258154 0.85786
-0.0985248 -0.850507 0.226108
0.586497 -0.296205 0.48308
-0.0340841 -0.279686 -0.759796
-0.654651 -0.388215 0.564934
-0.262907 0.607598 0.472223
-0.457029 0.0297644 0.812309
-0.573125 -0.726963 0.173456
0.115099 -0.306056 -0.779002
-0.0255178 0.828687 0.0542373
-0.48583 -0.664591 0.534004
0.61376 0.307377 -0.390943
-0.346267 -0.413083 0.790764
0.0592081 0.576229 0.476927
-0.160158 0.0672801 -0.75125
0.492821 0.464356 -0.319466
-0.54329 0.628423 0.0542163
-0.522633 0.105295 -0.636799
0.253226 -0.527625 0.661738
0.370629 0.645275 -0.114214
-0.755402 0.303916 -0.276042
0.163515 0.279884 0.748333
0.596824 -0.573856 0.192615
-0.661466 0.322646 -0.41031
0.0162569 -0.448176 -0.728235
-0.24555 -0.126296 -0.730962
0.785682 -0.0744461 0.261694
0.161202 0.3718 0.668842
0.718741 -0.0307389 -0.424374
0.731956 -0.0204318 -0.406455
0.777957 -0.331412 0.238687
-0.680724 -0.249239 0.590984
-0.261764 0.801934 -0.138699
-0.206654 0.760806 -0.289419
0.421584 0.427246 -0.47528
-0.353866 -0.724114 0.505797
0.0832031 -0.860781 0.192162
-0.829078 -0.00545939 0.322932
0.780855 0.00890882 -0.314934
0.494867 0.157575 -0.612024
0.161293 0.786423 0.0137138
0.756407 0.243487 -0.167688
-0.714995 -0.463919 -0.134344
0.0505835 -0.0631559 0.902868
-0.800506 0.249563 0.179993
-0.557215 0.549904 0.303703
-0.274171 -0.629459 0.710974
-0.501881 0.659658 0.0574602
0.682466 -0.525049 -0.221902
-0.484748 0.286888 -0.63143
0.444776 -0.70537 -0.320032
0.799531 0.128564 -0.202986
-0.144679 -0.0592857 0.931208
-0.338598 0.702461 0.270534
0.0502514 -0.311625 0.891228
-0.841785 -0.138272 0.305361
-0.0555914 0.845172 -0.0735793
0.48761 -0.709642 0.0121146
-0.101394 -0.299034 0.931281
0.675597 -0.558535 -0.0815099
0.0552728 0.420818 0.685781
-0.468975 0.143621 0.733513
0.601374 0.254077 -0.454214
-0.52226 -0.33878 -0.506114
-0.761393 0.360675 -0.215781
-0.23097 -0.475858 -0.634686
0.464816 0.116751 -0.636995
0.0275391 -0.69002 0.626378
0.212336 -0.0639105 0.826362
0.864278 -0.305234 0.0591598
-0.022712 -0.720323 0.595907
0.639927 -0.489955 -0.370749
-0.0736354 0.158193 -0.738925
0.446359 0.599979 0.0700433
-0.663123 0.539629 -0.117852
0.65758 -0.211789 -0.51582
0.442055 -0.755776 -0.0876143
-0.369996 0.455411 0.583074
-0.0625401 -0.479206 -0.710015
-0.0941689 0.231911 -0.716459
-0.837473 -0.192501 0.265356
0.65679 -0.446502 -0.38638
0.435847 -0.225637 -0.689301
-0.791044 0.304699 0.062478
0.57999 0.391024 -0.315093
0.0469 0.828107 0.0214834
-0.201786 -0.820598 -0.123851
-0.653584 0.45487 -0.276874
0.364097 0.17304 0.661052
-0.782658 -0.170427 0.435888
0.862749 -0.282719 0.139896
0.687448 -0.242984 0.408105
-0.0363124 -0.852111 -0.0553873
-0.817514 0.192814 -0.131149
-0.783745 0.328788 0.0420423
-0.862037 0.0479931 0.0306923
-0.595591 0.548911 -0.23917
-0.57739 0.423053 -0.453063
-0.169113 0.726599 0.336128
0.156454 -0.506318 0.753612
0.267856 0.726903 0.0688881
-0.249137 0.545417 0.533045
0.0545178 0.826587 -0.00750619
-0.613817 0.271069 -0.515033
0.0289991 -0.297209 -0.771175
-0.779034 -0.0633044 0.435973
0.0233637 -0.844059 -0.168489
-0.579761 -0.460765 0.610939
-0.610931 -0.385922 -0.364099
-0.217638 0.0297427 -0.753152
0.661168 -0.512756 0.188323
-0.221865 0.281472 -0.686226
-0.6167 -0.176693 0.671972
-0.139747 0.786112 0.21874
0.31051 0.290637 -0.660163
0.275169 0.303575 0.663158
0.196138 -0.33567 0.79628
0.596171 0.0202778 0.486411
0.437467 -0.698419 -0.346166
0.487945 0.555478 -0.0526879
-0.154605 -0.543345 0.808762
0.114145 -0.7838 0.457022
-0.519044 -0.0526892 0.772833
0.116337 0.520316 -0.559936
0.393686 -0.248978 -0.709021
0.0681268 0.0482563 0.889543
0.778637 -0.00372077 -0.326879
0.830228 0.0673752 0.0339948
0.520376 -0.494482 0.438321
-0.767478 0.367649 -0.198856
0.546597 0.506521 -0.0600959
0.294127 -0.444465 0.673801
-0.547925 -0.0292194 -0.597911
0.678351 0.266701 0.18535
0.418081 -0.660295 0.364569
-0.718887 0.135577 -0.455742
-0.798022 -0.046016 0.395017
-0.581936 -0.328315 -0.450646
0.756262 0.0976389 0.18142
0.790279 -0.322211 0.229704
-0.703223 0.479765 0.0646145
-0.37789 -0.426656 0.770039
-0.672287 -0.248827 -0.375959
0.597135 0.21342 0.37621
0.578535 -0.127128 -0.591765
-0.453007 -0.691335 0.526034
0.826416 -0.121262 0.222158
0.0879239 0.112427 0.866386
0.679365 0.268844 -0.337696
-0.850671 0.022667 -0.0238193
-0.227003 -0.00758109 0.892586
-0.581572 -0.537052 -0.270139
-0.520622 -0.0990054 0.777115
-0.246861 0.205106 0.788186
0.57417 0.368675 0.252578
0.150062 -0.0932376 0.857024
-0.38181 -0.315794 -0.627014
-0.428302 0.614911 -0.356544
0.737434 0.0925468 0.227534
-0.358224 0.365789 -0.637266
0.0217096 0.359649 -0.66949
-0.130264 0.43243 0.664154
0.642649 -0.383663 -0.468537
-0.111666 -0.633603 -0.551745
0.476459 -0.40823 0.539149
-0.789333 0.278052 0.202753
-0.357259 -0.734378 0.480303
0.631373 0.422048 -0.075956
-0.584468 -0.715449 0.172186
0.0949391 -0.830744 -0.21974
-0.18559 -0.0887255 -0.756093
0.310561 -0.784966 -0.275265
0.502987 0.307006 0.420906
0.0861767 0.754389 0.164693
-0.530259 0.288762 -0.586217
-0.58415 -0.62173 -0.122667
-0.646472 -0.496321 -0.227423
-0.151346 -0.790689 0.425923
-0.165972 -0.354963 -0.70631
-0.534862 0.532801 0.346238
0.59927 -0.0700524 0.525214
0.151559 -0.691118 0.582409
-0.0641176 0.60957 0.487179
0.0539226 -0.859512 0.325808
-0.269374 -0.517625 0.799498
0.0349627 -0.804653 -0.315203
0.853109 -0.289744 -0.0788194
0.49875 -0.5666 0.395319
0.344791 0.554582 0.338549
0.656943 -0.122123 0.462914
-0.748432 -0.124048 -0.344753
0.370717 -0.782855 0.00923282
0.681897 -0.541599 -0.133822
-0.0231856 -0.327206 0.927127
-0.723097 -0.524332 0.161216
0.497488 -0.351805 0.545066
0.485641 0.523608 -0.20095
0.767464 0.00877773 0.236893
0.00549718 -0.694083 0.627037
0.206255 0.479743 -0.556048
0.559394 -0.661815 -0.0425137
0.25562 0.733092 0.0853015
0.766409 0.200156 0.0643401
0.0113532 0.0432162 0.916403
-0.0899401 -0.106665 0.961442
-0.0130059 -0.646622 -0.567937
0.645822 0.403404 -0.04217
0.652817 -0.304361 -0.505689
-0.290662 0.369355 -0.641853
-0.0962536 -0.426426 0.88199
-0.00279139 -0.166972 0.932315
0.0244913 0.0604419 -0.774747
-0.0415213 -0.797911 -0.345641
0.310485 -0.512386 -0.655125
0.449631 -0.332317 -0.661928
0.174502 0.417522 0.617179
-0.251503 -0.602256 0.747704
0.05351 -0.395126 0.857391
-0.340548 -0.618539 -0.420123
-0.253115 -0.693486 0.618019
-0.731112 0.279155 0.350728
-0.571369 -0.669034 -0.0410998
-0.690646 -0.485786 0.404652
0.118255 0.187264 -0.752483
0.00702888 -0.360834 0.897823
-0.673346 0.113915 -0.518487
-0.374725 -0.413836 0.775584
0.00820659 -0.847366 -0.133986
-0.317193 0.733646 0.22537
0.540715 -0.0440251 0.573147
0.036361 0.591179 -0.502039
-0.767871 0.0258499 0.425201
-0.660015 -0.385666 0.56027
-0.165898 -0.833296 -0.0581753
0.243136 0.704623 0.179567
0.64736 0.40706 -0.130874
-0.182009 0.261449 -0.697381
-0.11656 -0.197286 -0.753409
0.159672 0.782477 -0.0547334
-0.312086 0.148858 -0.712838
-0.218567 0.0875995 0.852291
0.595303 -0.396212 -0.528621
-0.747099 -0.46542 0.157437
-0.421744 0.495831 -0.510619
-0.640985 -0.00236971 -0.53538
-0.0053154 -0.411444 0.88248
-0.352619 -0.80133 0.0910718
0.808269 -0.342384 0.171579
-0.115128 -0.822884 0.363263
-0.345743 -0.757101 0.430854
-0.448617 -0.621162 -0.311667
0.284862 0.715579 -0.0668379
0.0406355 0.824813 0.0331498
-0.584934 0.573894 0.147439
0.181065 -0.163565 -0.773883
0.888302 -0.226082 -0.0151493
0.0160352 0.725249 -0.304353
0.456287 -0.0878 0.657191
0.639826 -0.339373 -0.511057
0.312911 -0.440457 -0.687495
-0.0254908 -0.124361 0.941361
0.666739 0.209768 0.25831
0.755807 -0.142453 0.333616
-0.157572 -0.74987 0.520686
0.523397 0.109868 0.520603
0.594623 -0.241092 -0.573468
-0.0458066 -0.849502 -0.0949109
-0.510451 -0.534468 -0.367842
0.858445 -0.125781 0.146521
0.201572 -0.437891 -0.713508
-0.100072 0.846712 0.0419316
0.485192 0.516085 -0.218531
-0.621511 0.540339 -0.208864
0.0621507 0.822645 -0.0188555
-0.44482 -0.608279 -0.334816
-0.835504 0.146763 0.108281
-0.139063 -0.838896 -0.0031395
0.10327 -0.039657 0.876979
-0.764966 -0.00621941 -0.374887
-0.495555 -0.11921 0.796218
0.50456 -0.262262 -0.642289
0.382849 0.632641 -0.136413
0.357005 -0.724088 -0.37748
0.427298 -0.6865 -0.387949
0.0930301 -0.841677 -0.113195
0.120032 -0.461674 -0.714083
0.321499 -0.782195 -0.272495
0.692926 -0.123306 -0.466026
-0.0149436 -0.483546 0.837199
0.844696 -0.335895 0.0571624
0.701502 0.340842 -0.084326
-0.236897 -0.814689 -0.108709
0.717821 -0.483442 -0.218902
0.251857 -0.240501 0.799909
0.452861 0.319393 -0.552214
0.774639 -0.418215 -0.197976
0.27557 0.600586 0.33679
-0.11313 -0.0730611 -0.78027
0.744426 0.0270457 0.271213
0.088773 -0.846067 -0.045749
0.653457 0.296592 -0.354462
-0.501308 -0.0486786 -0.626387
-0.400601 -0.755883 0.412435
0.259608 -0.656118 -0.575029
-0.318144 -0.447893 -0.600515
0.374554 0.562625 -0.311766
0.289045 0.401972 -0.591449
-0.703424 0.187073 0.446072
0.0214246 0.724791 0.260447
-0.277216 0.786987 -0.169973
0.481966 -0.350515 -0.638089
0.0793707 -0.319532 -0.777486
-0.0646658 0.299034 -0.692069
0.44601 0.48649 -0.35736
-0.210007 0.81559 0.0456172
-0.0672024 0.425383 -0.634377
-0.799795 0.246132 0.207492
-0.460677 -0.555024 -0.397588
-0.591723 -0.671519 0.372667
-0.265545 -0.571708 0.768862
-0.153709 -0.728323 0.573467
-0.067372 0.125643 0.876136
-0.142817 -0.837743 0.304037
-0.0824714 -0.51736 -0.695722
-0.613219 0.327255 0.476004
-0.663399 0.509666 0.110779
0.434249 -0.618399 0.401706
-0.695477 -0.509412 0.35264
0.753059 -0.0296946 -0.382799
-0.848799 0.0541562 -0.0377279
0.047113 0.333503 -0.682672
0.467225 -0.739522 -0.114743
0.00679746 -0.44192 0.862361
0.809153 -0.13571 0.255659
0.778013 -0.189363 -0.343874
-0.40778 0.0713299 0.806387
-0.100715 0.621213 0.482364
-0.306975 0.607724 -0.432505
-0.178887 0.353627 -0.659108
0.232713 0.24787 -0.709816
0.0497827 0.0169999 -0.788504
0.524252 -0.034824 -0.630379
0.588554 -0.637905 -0.0336841
-0.807836 0.125762 -0.224145
-0.0401814 -0.775097 0.500356
-0.541856 0.637339 -0.126332
-0.0506855 0.780901 0.185973
-0.112587 0.7499 0.28337
0.021901 0.161782 -0.749316
0.619358 -0.58458 0.115455
-0.277601 0.663665 -0.376626
0.407094 0.442961 -0.467592
-0.304907 -0.402718 -0.628475
0.361676 -0.806202 -0.0802622
-0.386183 0.0484124 0.824446
0.824953 0.146998 -0.0427404
-0.0599305 -0.539076 0.805202
0.459209 -0.243686 0.630324
-0.214361 -0.0522864 0.911397
0.0522521 0.169106 0.861571
-0.789563 0.305862 0.0750648
-0.665638 -0.544914 0.387628
0.202303 0.762878 -0.0156184
0.437877 0.506171 -0.328697
-0.648168 -0.572595 -0.0970558
0.356168 0.507096 0.390406
-0.0212726 0.752441 -0.276104
0.899231 -0.162814 -0.0396113
-0.185203 0.823436 -0.201555
0.272936 -0.71565 0.457091
-0.537014 0.521149 0.357262
0.178578 0.503306 -0.54266
-0.145317 0.513089 0.582817
0.558402 -0.426451 -0.55554
0.665034 -0.100671 -0.493355
-0.793179 -0.288198 -0.0541193
0.682754 0.107865 0.324197
-0.0496848 0.694438 -0.391985
0.80423 -0.393152 -0.042666
0.630005 0.26811 -0.405653
0.747076 -0.450132 -0.210204
-0.468586 -0.662047 -0.226157
0.484562 -0.272116 0.595752
-0.659871 0.487881 0.19246
0.0560364 0.769545 0.149884
0.0908899 -0.32392 -0.779074
-0.602069 -0.605917 -0.12026
0.0660921 0.532453 -0.568691
-0.0174229 0.680321 0.364565
0.50657 -0.653986 -0.364514
0.050413 -0.0402132 -0.792252
0.473654 0.573295 0.0979704
-0.669833 0.467771 0.214367
-0.600496 -0.636751 -0.0523973
-0.464748 -0.68222 -0.200087
-0.491504 -0.492334 0.689795
-0.824016 0.168601 0.186415
0.822146 -0.280885 -0.18309
0.657626 0.234596 -0.389528
-0.669609 -0.242983 -0.384346
-0.365753 -0.703372 -0.267806
0.825336 -0.215686 -0.208055
0.525832 0.505815 -0.16572
0.655115 -0.58355 -0.0445797
0.678831 0.315524 -0.267097
-0.428383 -0.541909 -0.450814
0.420221 -0.662118 0.356784
-0.332003 0.21083 -0.695369
-0.1109 0.630865 -0.473418
0.844425 0.0258065 0.0292976
-0.853954 0.0870382 0.0934226
-0.315999 0.779542 0.0340123
0.654004 -0.512823 0.202369
0.782671 0.153338 -0.216939
0.273167 -0.508556 0.656037
0.123985 -0.84614 0.00349186
0.307888 -0.175493 -0.745835
-0.719776 -0.00958099 -0.474373
-0.0948207 0.679963 0.406965
0.318966 0.299545 -0.652229
-0.214151 0.010494 0.889441
-0.46606 0.130989 -0.673131
0.165609 0.653358 0.308747
0.227237 0.170928 0.778897
0.698452 -0.071288 -0.452533
-0.0477161 0.117044 -0.752188
-0.535026 0.601143 0.207393
0.293476 -0.797433 0.134749
-0.524719 0.493282 -0.429138
-0.0805684 -0.434671 0.875694
0.330516 0.67993 -0.0981369
0.378825 0.519797 -0.376457
0.640551 -0.557244 -0.279949
0.48392 -0.71468 -0.247479
-0.762243 -0.368919 0.347207
-0.489791 -0.745049 -0.0293475
-0.362176 0.752091 0.0715228
-0.241689 0.790439 0.131874
-0.0636193 0.335364 -0.67575
0.21572 0.547796 -0.454399
-0.172508 0.757 0.275573
0.45894 -0.742001 -0.213477
-0.648421 0.344384 0.422347
0.647956 -0.418318 -0.42737
0.807586 0.00275948 -0.259438
0.0934662 0.694793 -0.317313
0.161978 0.70886 0.215615
0.798293 0.197977 -0.0705781
0.278616 0.660594 0.234075
0.0510135 -0.432638 -0.734133
-0.354782 -0.799898 0.0290706
-0.705037 -0.315106 -0.277291
0.303234 0.684569 -0.182313
-0.498301 -0.149141 -0.599856
0.166347 -0.380112 -0.746895
-0.73751 0.42071 -0.177977
-0.18823 0.826362 -0.18342
0.745835 0.193147 0.114555
-0.608378 0.584726 -0.122875
-0.274984 -0.747496 -0.280105
0.605688 -0.151834 0.508744
-0.194118 0.81824 0.0645414
-0.660496 0.0569515 0.559664
0.0599041 0.210601 -0.738407
-0.575169 0.55564 -0.263086
0.835339 -0.266914 -0.156083
0.111693 -0.84694 7.31388e-05
0.129486 -0.138236 0.868561
0.108888 -0.857036 0.205437
0.124774 -0.555635 -0.665741
0.353733 -0.3187 -0.716935
0.429709 -0.678015 0.29846
-0.327668 0.649716 0.403686
0.587843 0.0204338 -0.559863
-0.640178 0.495452 0.226066
-0.321283 0.15641 -0.709873
0.853477 -0.316143 0.0775537
-0.559743 -0.739484 0.264612
0.82297 0.10238 -0.171999
-0.759716 0.325317 0.247213
0.149636 -0.786052 -0.34885
0.102694 0.131685 -0.766317
0.627509 0.0881402 -0.495723
0.897628 -0.153901 0.0195922
-0.460877 0.145394 -0.674709
0.365642 0.656584 -0.0464694
0.574008 -0.131432 -0.597342
-0.198278 -0.823359 -0.106831
-0.0811334 0.638939 0.455578
-0.289994 -0.723417 0.53255
0.55038 -0.535979 0.367089
-0.126903 0.587019 0.513194
0.740034 -0.258918 0.344776
0.537433 -0.685545 -0.218469
0.625836 -0.0968729 0.498332
-0.676574 0.501565 -0.1727
-0.840241 -0.207805 0.0885531
-0.466463 -0.766839 0.285842
0.824322 -0.196489 -0.220459
0.74882 -0.0274827 0.295226
-0.496244 -0.749609 0.336816
-0.308952 -0.291106 -0.66613
0.206932 -0.632588 -0.604619
-0.600392 0.0819373 0.624084
-0.530822 -0.125247 0.762307
0.0840763 -0.859144 0.256709
0.431277 0.537273 -0.27176
0.375458 -0.372136 0.645888
-0.815128 -0.256258 0.291681
-0.530036 0.379572 -0.535604
-0.61096 -0.381683 0.615419
-0.478407 0.155076 -0.660888
-0.24237 -0.818664 -0.0645395
0.0492751 0.530863 0.541803
0.176888 -0.642019 0.626681
0.904676 -0.162888 -0.0142814
-0.762379 -0.260939 -0.187767
0.627833 0.391749 0.145518
-0.394125 0.638142 0.342074
-0.464282 0.674572 -0.256332
0.352316 -0.275096 -0.726279
0.0344303 0.70962 0.283673
0.139315 -0.341003 -0.767648
-0.777835 0.0271229 -0.351269
0.762399 0.262155 -0.0358591
0.509049 0.00521806 -0.631986
-0.667895 -0.524347 0.420735
-0.715039 0.327819 0.327842
-0.120415 -0.262555 0.931865
0.395005 -0.690555 0.34619
-0.40438 0.517221 -0.495965
-0.603204 -0.361197 -0.39422
0.0314332 0.740293 -0.270161
-0.844862 0.0750227 0.230036
-0.714191 0.164166 -0.448239
-0.095163 0.229424 0.819478
-0.11973 -0.205258 0.945727
0.220018 -0.830266 0.150908
-0.218373 0.788885 -0.24756
0.501984 -0.697195 -0.266582
0.253399 -0.562529 0.635815
0.400086 -0.782717 -0.0691746
0.0607874 -0.464228 0.826696
-0.113655 -0.400687 -0.711888
-0.528424 -0.19231 -0.562113
0.0153409 0.125829 0.886691
0.737848 -0.357031 0.2713
0.579662 -0.382807 0.443404
-0.106552 0.365543 -0.659332
0.336654 -0.64611 0.46862
0.776548 -0.302435 0.263081
-0.420562 0.445906 0.55761
0.0586401 0.0731817 -0.775621
0.341038 -0.690324 -0.471526
0.587954 -0.558615 -0.38557
0.722163 0.0238638 -0.399639
-0.270332 0.262389 0.747516
0.15558 0.147574 -0.768622
-0.0882973 -0.103173 0.960628
-0.163083 -0.510284 0.828771
-0.30407 0.513428 0.547675
-0.00354224 -0.774234 0.504309
0.297456 0.708944 0.108512
0.0770439 0.802869 -0.0828981
0.21226 -0.83615 -0.0427752
-0.45853 0.047115 -0.684098
0.391996 0.650085 0.0957951
0.57639 -0.643015 -0.269048
0.62475 0.429668 -0.0830671
0.451308 0.460007 -0.400039
0.803873 0.107381 0.0676402
0.625743 -0.609504 -0.0761195
-0.0579362 0.063423 -0.764276
-0.0192556 0.511574 0.597906
0.493702 0.0436827 0.586007
0.271154 -0.552355 -0.641258
-0.488559 0.203208 -0.646706
-0.762239 -0.404465 -0.018192
-0.0813 -0.106874 -0.782416
0.138159 0.491134 0.55534
0.0178059 -0.316598 0.908399
0.00570473 -0.408275 0.878584
-0.0323409 0.724963 -0.329769
0.533714 -0.114734 0.586949
0.330407 -0.778934 0.130243
-0.344827 -0.124356 -0.697972
-0.29038 -0.665445 0.669109
0.714399 -0.398945 -0.342395
0.012814 -0.803348 -0.322126
-0.412975 0.0348411 0.823444
-0.0219257 0.577445 0.511288
-0.178736 0.447098 0.640947
0.0858123 0.589106 -0.480725
-0.0678281 0.836648 -0.138401
0.257931 -0.81653 0.132867
0.383448 0.397328 0.483793
-0.0120185 -0.0294654 0.930771
-0.823282 0.202962 0.0375833
-0.785082 0.365199 -0.171628
-0.395406 0.528796 -0.48601
-0.517442 -0.714036 -0.0518934
0.894483 -0.182401 -0.0370164
-0.360388 0.715959 0.196175
-0.561665 -0.160656 0.726289
0.435169 0.175031 -0.640337
-0.098013 -0.423253 -0.711703
-0.0881131 -0.448858 0.867132
-0.505795 0.281116 -0.614237
-0.471096 -0.709262 -0.149997
0.27706 -0.46728 -0.687465
-0.667988 0.299529 -0.42045
-0.608096 -0.179187 0.679408
-0.0914421 0.67734 -0.414268
0.173475 -0.839892 -0.0332532
0.886238 -0.0596802 -0.071615
-0.779434 -0.340417 -0.04482
0.164564 0.620409 -0.38824
0.562825 -0.270987 0.518566
0.376267 -0.735879 0.213516
0.0128854 0.18639 0.852096
-0.0688439 0.580775 -0.53639
-0.513893 0.645357 -0.229782
-0.607436 -0.578706 -0.171498
-0.597527 0.0518424 0.639659
0.158151 -0.27938 -0.771778
-0.0909084 -0.465396 0.856561
-0.548818 0.219801 0.616978
0.281345 0.628068 0.287328
-0.384412 0.67108 0.280277
-0.360437 0.752304 -0.141289
-0.634523 0.309794 -0.462723
-0.594382 0.428245 -0.416388
-0.0707955 0.713287 -0.368397
-0.495426 -0.757365 0.130044
0.137147 0.41405 0.643423
0.0925578 0.568636 -0.507982
0.126115 0.0215758 -0.779641
0.253286 0.734723 0.0362184
0.793567 0.196565 0.00990062
0.171285 0.423436 -0.62635
0.730294 0.0441332 -0.379511
0.124171 -0.521006 -0.684301
0.369332 0.359147 0.536227
0.644647 0.00965549 -0.49937
-0.632201 0.41541 0.368997
-0.843801 0.101463 0.18214
0.743886 -0.0814204 -0.404316
-0.448921 0.714668 -0.0587123
0.261334 -0.500379 0.670367
0.449997 0.59716 0.0468922
-0.135422 -0.725482 0.587288
0.571387 0.0870451 -0.567612
-0.597439 0.500167 0.305867
-0.0553179 0.255157 0.812552
-0.667214 0.347984 -0.378469
-0.585172 0.0751362 0.645645
-0.727897 -0.299284 -0.255165
0.165699 -0.443635 0.772899
-0.760448 -0.430947 0.156363
-0.00136804 -0.464506 -0.721163
-0.594954 0.605202 -0.0564159
-0.846872 0.000728097 -0.0366554
-0.480355 0.612631 0.283777
0.596098 -0.63476 -0.130351
0.0418279 -0.736178 -0.477025
0.0336707 0.81226 -0.103323
0.0640087 0.0233581 0.892642
-0.770044 0.355333 0.0875887
0.473734 -0.2732 0.60599
-0.19648 0.31194 -0.676134
-0.46007 0.686828 -0.218517
-0.757335 0.0239478 0.441378
-0.129444 -0.837718 -0.0852425
-0.834841 0.155296 0.0785745
0.1351 -0.644834 -0.603891
-0.662805 -0.591173 0.279631
-0.838067 -0.187136 0.272812
-0.0847089 0.857599 -0.0273558
0.745504 -0.348336 -0.33411
0.291339 0.0888558 -0.733948
-0.447415 -0.0292005 -0.670971
-0.455915 0.522882 -0.460787
-0.808831 0.280622 -0.0988783
-0.515766 -0.416047 -0.477721
0.292717 -0.78908 0.176891
0.298324 0.0642828 -0.733497
0.415414 0.354473 0.489783
-0.733921 0.393635 -0.221448
0.556715 -0.666637 -0.242323
-0.0131065 -0.422165 0.87727
0.87313 -0.0161011 -0.0266638
-0.524759 -0.739011 0.0518656
-0.151833 0.177165 -0.724989
-0.704012 -0.561562 0.140664
0.695148 0.30266 0.114938
0.399741 0.505236 0.328813
0.83524 -0.214627 -0.182976
0.579245 -0.234321 0.516531
0.773903 0.116046 0.125911
0.237592 -0.25009 0.804628
-0.338092 0.344772 -0.648503
0.6563 -0.429944 -0.403128
-0.1262 0.515426 -0.589233
0.504111 0.51904 0.144638
0.282604 0.510831 -0.459482
-0.806677 -0.202641 0.378304
0.399894 -0.687893 0.342113
-0.367434 -0.476023 -0.560948
-0.460945 0.253477 0.669116
0.298166 -0.355798 -0.720989
-0.506745 -0.354761 -0.512693
-0.579661 0.573736 -0.229094
0.549452 -0.583726 0.266323
-0.343439 0.483261 0.564743
-0.743472 -0.221932 -0.28706
0.290917 -0.638039 0.521098
0.534192 0.151593 0.485644
0.39507 0.467425 -0.441692
-0.753461 0.37927 -0.207239
-0.355626 0.650619 -0.35239
0.249379 -0.584981 -0.625575
0.00736097 0.838185 0.00372575
0.331905 -0.759374 -0.317337
-0.770838 0.312289 -0.24268
-0.0483363 0.821468 -0.15808
-0.225576 0.10394 0.842642
-0.401555 0.407447 -0.595576
0.669722 0.0139735 0.395733
0.452166 -0.11516 0.665925
-0.571486 -0.0243783 0.702364
0.345064 0.569341 0.315399
0.157017 -0.848756 0.148337
-0.304229 0.138545 0.804568
-0.591759 -0.508513 -0.299751
-0.520359 0.296374 0.594786
0.279463 -0.437665 0.689729
-0.649972 -0.531643 0.46854
-0.328204 -0.160613 0.867998
0.835991 0.0700985 0.0104832
-0.0307069 0.64012 -0.458347
-0.749132 -0.13702 0.508055
0.854368 -0.231407 0.188199
-0.0067697 0.809809 0.0952146
0.797653 -0.058152 -0.308108
0.741186 -0.484987 -0.0557348
0.0709114 -0.861383 0.272594
0.621639 -0.169855 -0.550659
-0.374132 0.526864 0.506967
-0.403094 0.448111 0.57103
-0.320186 -0.637159 -0.409505
-0.1561 -0.477601 -0.674297
-0.528566 0.0331296 0.732511
-0.804257 -0.324239 0.121389
-0.856522 0.0745378 0.109235
0.186006 -0.770807 -0.382514
0.216667 0.580442 -0.407887
-0.236438 -0.53232 -0.600078
-0.00156828 -0.128897 -0.799239
0.368407 0.48286 0.405383
-0.222232 -0.706684 -0.389178
-0.125799 0.624018 -0.478507
0.614336 -0.200404 -0.560471
0.235951 0.401562 -0.61593
0.468232 -0.673356 -0.367315
0.786425 0.155647 -0.203059
0.276844 0.720417 -0.042514
-0.377097 0.395174 -0.615379
0.244073 0.739071 -0.0317548
0.826658 0.110533 -0.13543
0.10381 -0.8561 0.142161
-0.0700804 -0.52278 -0.695767
-0.0921325 0.337552 0.762937
-0.746732 0.0870651 -0.431484
0.816306 -0.36322 0.109885
0.663957 0.293201 -0.34239
-0.674996 -0.494284 -0.186412
-0.564653 0.601261 -0.213527
0.683029 0.308931 0.134402
-0.69953 -0.099612 -0.447738
-0.770851 -0.0871143 -0.291444
-0.080142 0.432992 -0.630052
-0.619781 0.0547529 -0.560731
0.855264 -0.317626 -0.0351333
-0.714185 -0.0538384 0.535071
-0.0789035 -0.0927708 0.959324
0.77177 0.0530809 0.187426
0.67815 -0.553081 0.0668695
-0.0292381 0.538174 0.566877
-0.0355825 -0.663106 -0.543626
0.408164 0.210379 0.597209
-0.20733 0.595905 -0.495062
-0.220369 -0.498886 -0.629798
0.562624 -0.362755 0.474538
0.357699 0.667857 -0.00184628
0.0725825 -0.449918 -0.724792
0.508139 -0.666159 -0.333637
0.163306 -0.145491 0.852841
-0.714777 0.101243 0.467424
-0.71383 0.394096 0.251447
0.590198 0.170995 -0.508073
0.853967 -0.311931 0.0887924
0.158604 0.0469069 -0.774278
-0.272632 0.0694061 0.84593
0.0464678 0.819511 0.0443903
0.316531 -0.816068 -0.0133803
0.819657 -0.379195 0.0311215
-0.770195 -0.0125882 -0.350833
-0.756337 0.290944 -0.286113
-0.283822 0.126548 -0.721735
0.465545 0.261308 0.501282
-0.617696 0.556861 0.0979139
-0.224008 0.811686 0.0387276
0.632248 -0.478352 0.300772
0.400481 0.223566 -0.644015
0.437462 -0.627212 -0.500318
0.600144 -0.349325 -0.55064
-0.530246 0.532663 0.350969
-0.854997 -0.120673 0.2496
0.355223 -0.760774 0.154799
0.292164 -0.675872 0.480261
-0.631717 -0.0460192 0.63645
0.289683 -0.714672 -0.461092
-0.601443 -0.149765 0.691777
-0.70841 -0.0574666 -0.464552
0.0622495 -0.749594 0.525089
0.080904 0.564672 0.482711
0.510246 0.092138 -0.615954
-0.103453 0.342114 0.756194
0.533616 0.356047 -0.435789
-0.188101 0.764375 0.256616
0.644265 -0.311506 -0.513012
-0.0020925 -0.824501 -0.262406
0.310476 -0.548473 0.59514
0.527195 -0.498134 -0.531841
-0.401951 -0.78512 0.0369342
0.487382 -0.670052 0.177046
0.442899 -0.622114 -0.501353
-0.112014 -0.693381 0.664019
-0.672695 -0.615526 0.072283
0.342155 -0.740594 0.271863
-0.0154435 -0.20139 -0.78131
0.225813 -0.0443571 0.819187
-0.523596 0.262408 -0.607434
0.597436 0.029834 -0.547982
0.712082 0.301701 -0.20109
0.597303 -0.274023 -0.565531
0.100442 0.517614 0.536771
0.706972 0.23155 0.159172
0.133127 0.567652 -0.484344
0.670237 -0.466446 -0.346148
0.516437 -0.568882 -0.479755
-0.573608 -0.617052 -0.156405
-0.195547 -0.559759 0.797568
-0.338931 0.627587 -0.390431
-0.704842 -0.545848 0.192455
0.156185 -0.0595969 -0.779059
-0.228051 -0.768552 0.449016
0.439263 -0.304839 -0.674042
-0.130177 0.84258 0.0436644
-0.0334679 -0.675228 0.667768
-0.517028 0.467547 0.437586
0.143464 -0.391688 0.805828
0.0587751 -0.258845 0.903705
0.238597 -0.60078 -0.618023
-0.614834 -0.642226 0.351786
0.747758 0.0917626 0.205475
-0.226741 0.0839047 0.851775
-0.160802 -0.0095606 -0.769721
0.304912 -0.769528 -0.317236
0.399856 0.193501 -0.654298
0.584457 0.1714 -0.515445
0.368465 -0.275578 -0.719385
-0.165663 -0.729708 0.565557
0.558068 -0.595309 0.224163
-0.36064 -0.522345 0.750118
-0.55756 -0.622787 0.513362
0.0355542 0.818191 0.0530429
-0.0243176 -0.731755 -0.467656
-0.538048 -0.537414 -0.326932
-0.157189 -0.459128 0.860263
-0.28558 0.7848 0.0690932
-0.74404 -0.355376 -0.181627
0.515283 0.241299 0.456799
0.40045 -0.00932028 0.693045
-0.067944 -0.855972 0.214211
-0.242702 -0.769833 0.440313
-0.644207 0.396519 -0.372149
0.434603 -0.688091 -0.374764
-0.802663 -0.180929 0.392105
-0.498534 0.3897 -0.554085
0.664462 0.224792 0.24845
-0.838695 0.0942137 0.238911
-0.682913 0.27122 0.428507
-0.087109 0.559355 0.544782
0.0237185 -0.821049 -0.268868
0.807362 -0.383332 -0.0839916
-0.868074 -0.10833 0.141897
-0.644527 0.529375 0.10468
0.603082 0.294298 0.285812
-0.506323 -0.326412 0.730696
0.572574 0.000728615 -0.579478
-0.178619 -0.490514 -0.656191
0.287643 0.594272 -0.338765
0.658971 -0.450007 0.293542
-0.824794 0.076328 -0.163314
-0.151145 -0.0091822 0.912045
0.410262 0.530243 -0.326536
-0.124085 0.516239 0.582979
0.80693 -0.377346 0.110737
0.673512 0.331817 -0.253773
-0.227122 0.114114 -0.731732
-0.239061 0.26011 0.759931
0.387557 -0.670603 0.386626
-0.546523 0.297277 -0.565668
0.305648 -0.432747 0.670656
-0.0266302 0.789969 0.153509
-0.705459 -0.130759 -0.415459
0.672899 -0.201654 0.433049
-0.645096 -0.540347 0.471317
-0.50019 -0.182199 -0.588183
0.526919 -0.202401 -0.640769
0.645208 0.30537 0.207832
-0.164681 0.561905 0.532022
-0.188743 -0.0983335 0.93391
-0.550899 0.303906 -0.557711
0.247503 0.548113 0.430898
-0.472801 0.276089 -0.647112
0.070446 -0.798017 0.448964
-0.0332298 0.680346 0.373263
0.376402 0.234441 -0.654102
-0.714051 -0.551904 0.00703824
-0.415403 -0.779494 -0.0322486
-0.304898 -0.449891 -0.606745
-0.617192 0.499725 -0.275621
-0.458056 -0.717884 -0.153876
-0.64615 -0.644986 0.184699
-0.332845 -0.0632053 -0.718904
0.547113 0.0207263 0.541358
-0.331716 -0.645459 -0.386617
-0.388754 0.49875 -0.524029
0.0895688 0.145123 0.854295
-0.539961 -0.396341 -0.46193
-0.685288 0.375762 -0.32464
-0.601024 0.00671509 -0.567503
-0.257867 -0.635573 0.713602
0.359223 0.52015 -0.392416
-0.560249 -0.0417754 -0.58551
-0.692291 0.223151 -0.445589
-0.463198 -0.673713 0.548273
0.524277 -0.602248 0.276959
-0.365332 -0.0528273 0.869553
-0.200034 0.767263 0.24751
0.866811 -0.265928 -0.0530435
0.348414 -0.649443 0.453809
-0.411347 0.47814 0.530179
-0.434325 0.102929 0.779112
0.0266686 0.259444 -0.714932
0.265861 -0.811004 0.139383
0.272364 0.368799 -0.627789
0.217067 -0.820952 0.215111
-0.223132 -0.699028 0.616409
0.806664 0.0401839 0.122114
0.0558277 -0.813579 0.425365
0.548326 -0.454337 0.432902
0.13853 -0.710056 0.559106
-0.448112 -0.644916 0.602025
0.131149 -0.843737 -0.0268318
0.792802 -0.17864 -0.311081
0.0380334 0.788011 0.12134
-0.29942 -0.814851 0.087118
-0.63648 -0.262453 -0.419017
-0.580725 -0.572848 0.549549
-0.739993 -0.419211 0.343789
0.0489966 -0.423332 0.849261
0.0213463 0.471919 -0.618693
-0.750323 0.380547 0.201335
0.771058 -0.256783 0.305793
-0.354478 0.358528 -0.640855
0.0867749 0.520365 -0.575238
-0.87049 -0.000230383 0.184066
-0.240871 -0.826658 0.086145
-0.45906 -0.340251 -0.559529
0.0804705 -0.0992275 0.890198
-0.25254 0.285556 -0.681916
-0.464087 -0.667926 -0.223013
0.817822 0.153208 -0.080303
-0.499075 0.656219 0.0829665
0.175507 -0.804038 0.391626
-0.357486 -0.799365 0.166927
-0.0849015 -0.781025 -0.368648
0.590706 -0.638394 -0.16309
0.612695 0.377538 -0.281788
0.872565 -0.0285284 -0.0995898
0.351796 -0.384297 0.658887
-0.692548 0.314784 0.380441
0.226915 -0.771618 -0.374046
-0.609672 -0.695283 0.22075
0.489849 -0.473463 -0.576764
0.285839 0.396382 0.572083
0.238696 0.461851 -0.558287
-0.482248 -0.268899 -0.569552
0.113477 0.478712 0.582844
-0.64521 0.452523 -0.294657
0.525004 -0.282902 -0.625329
0.231848 -0.836968 0.0485861
0.754169 0.000755953 0.273242
-0.29989 0.509765 0.552104
-0.813738 -0.0369639 0.361397
-0.150013 -0.200807 0.933955
0.653756 0.391176 -0.178693
0.825535 0.0933803 0.022026
-0.411807 -0.781006 -0.01336
0.277719 -0.323118 0.751625
0.0172985 0.219265 0.833339
-0.809836 0.17353 -0.183568
-0.804153 0.17404 -0.213063
-0.382784 0.559364 -0.453876
0.362897 -0.788345 -0.220858
-0.517109 -0.624566 -0.22005
-0.685158 -0.579841 0.187167
-0.158491 0.839772 -0.147312
-0.819422 0.213994 0.0469349
-0.72536 0.285623 0.354289
-0.827848 0.193771 0.00832783
-0.31697 0.351129 -0.647593
-0.128693 -0.771976 -0.358481
-0.632172 0.456439 0.308277
-0.113912 0.713156 0.357527
-0.30058 -0.564295 0.755752
0.587972 0.284222 -0.445129
0.294496 0.122822 0.755464
-0.0511115 0.727181 0.295239
0.611673 0.417634 0.131627
-0.178109 -0.820572 -0.167089
-0.137136 0.714489 -0.366884
0.882858 -0.193646 0.0775623
0.52441 -0.31815 -0.618417
-0.79973 0.250629 0.187305
-0.176028 -0.241663 -0.727003
0.426151 0.151177 -0.652402
0.73033 -0.0560665 0.33751
-0.0280405 -0.697498 -0.506022
-0.124319 -0.528521 -0.663119
-0.658102 -0.610464 0.238039
0.302935 -0.209445 0.776278
0.75004 0.15313 0.144614
0.0263239 0.258059 -0.715538
-0.531663 0.413612 -0.509486
0.200982 -0.299874 -0.759825
0.188618 0.134004 0.816659
0.0779266 0.523501 -0.575572
-0.661272 0.488848 0.186471
-0.688665 -0.545047 -0.0713601
-0.414427 -0.111567 0.842985
0.493987 0.33906 0.402388
0.719447 0.182083 0.180979
-0.300389 -0.811334 -0.0187298
-0.496769 -0.428731 0.705749
-0.220176 -0.389392 0.855695
0.49013 0.510961 0.180005
-0.531469 -0.0490026 -0.604458
0.611192 -0.611046 -0.216209
-0.0576789 -0.740968 0.571559
-0.700095 -0.434351 0.450082
-0.657451 -0.527193 -0.181834
-0.0669646 -0.43246 0.875808
-0.712383 0.00947048 0.51027
-0.167196 -0.572584 0.790505
-0.289546 0.801526 -0.0735172
-0.317775 0.790771 -0.0421369
-0.114173 0.764551 -0.302819
0.60738 0.178552 0.385278
0.574724 -0.148727 0.54013
0.421385 0.533527 -0.298515
0.761644 0.02679 -0.341667
0.842964 -0.317901 -0.0872023
-0.711423 0.474004 -0.148773
-0.480932 -0.288762 -0.562368
-0.761081 -0.343091 -0.128877
0.477126 0.546554 0.144602
-0.833733 -0.24216 0.147091
0.159175 -0.535144 -0.671846
0.702786 0.0788231 -0.400404
0.127236 0.443662 0.618188
0.0376686 0.346974 0.749946
0.751121 0.166488 0.12934
-0.0379082 -0.857771 0.310021
-0.728831 0.175743 -0.416561
0.746126 0.189273 -0.271646
-0.660887 0.470871 -0.242175
-0.461726 0.488206 0.46906
0.486325 -0.384345 -0.62643
-0.700373 -0.0941114 0.570678
-0.0444142 -0.390047 -0.733785
-0.586174 -0.282413 0.673765
-0.18735 0.821012 -0.20734
0.446699 0.596083 0.010537
-0.241852 -0.788583 -0.213735
-0.398664 -0.333611 0.787306
0.111703 -0.445493 -0.723287
-0.663048 0.417051 0.311182
-0.379479 -0.566077 -0.465846
0.390987 0.00986648 -0.693603
0.757048 0.046798 -0.338581
-0.253189 -0.448667 -0.635221
-0.284223 -0.527709 0.788642
0.86465 0.00553402 -0.0944812
-0.695105 0.299466 -0.376923
0.453687 0.59294 0.0729745
-0.316988 0.522221 -0.535737
-0.334517 -0.4213 0.794448
-0.612326 -0.616621 0.42871
0.556175 0.112858 -0.573026
-0.834734 -0.230153 0.100364
-0.491619 0.540588 0.379521
0.279181 -0.215839 0.788585
0.711164 0.326924 -0.0524212
0.0207867 0.567545 -0.538463
0.797026 -0.395345 -0.11198
-0.00611092 0.123151 -0.755586
-0.516795 -0.61391 0.568938
-0.861029 -0.145067 0.126363
0.125361 0.140131 -0.766899
-0.791116 -0.342916 0.1957
0.89163 -0.130259 0.0333519
-0.555732 -0.172899 0.729195
-0.847482 -0.200008 0.122724
-0.0473456 0.499466 0.608012
0.377775 0.304989 -0.617585
-0.0569489 0.727489 0.29781
0.00162873 -0.350924 0.904786
-0.741 -0.0948905 0.514811
0.303462 0.361563 0.593494
-0.728403 0.152129 0.426729
-0.524567 -0.747336 0.125277
-0.731539 -0.448794 -0.115296
-0.146287 -0.835437 -0.080349
0.0860628 -0.633128 0.694689
-0.150677 0.705472 -0.374881
0.599943 -0.345649 0.44449
0.000694855 -0.866497 0.233583
0.336286 -0.151752 -0.734924
-0.0522528 -0.847408 -0.132071
-0.361837 -0.321712 -0.635068
-0.0198586 -0.745326 0.557028
0.0901126 -0.854895 0.281988
0.123682 -0.150636 0.871801
0.465946 0.501327 -0.287216
0.545485 -0.140573 0.570685
-0.208701 -0.474147 0.838621
0.345165 0.300338 -0.639753
0.413596 -0.00246905 -0.683751
-0.739986 0.305582 0.30634
0.823182 -0.256037 0.233027
-0.797499 -0.0553178 0.397584
0.130075 0.787156 -0.0760944
0.663502 -0.562234 0.0747776
0.351801 -0.779659 0.0725469
-0.676767 0.0424296 0.545119
-0.213708 -0.42584 0.849025
0.503416 -0.589951 -0.474237
-0.143425 0.426133 0.668311
-0.319945 -0.809288 0.117795
-0.0436197 -0.328416 0.936352
-0.112761 0.0764362 -0.754576
0.389831 0.559219 0.261463
-0.830843 0.158299 0.127994
-0.0736428 0.101908 0.885603
-0.722906 -0.532467 -0.00094369
0.653332 -0.270478 0.428927
-0.0128794 0.662476 0.392095
0.0855055 -0.350913 -0.771856
0.354416 -0.271602 -0.725434
-0.619768 0.553394 0.103229
-0.489162 -0.604948 -0.287146
0.108975 -0.61985 0.707143
0.332736 -0.356925 0.689766
-0.655185 -0.320624 -0.347367
-0.238759 0.0747188 0.852787
-0.573231 -0.559806 0.567004
-0.3851 -0.790988 0.0639236
-0.617417 -0.68044 0.154927
-0.829508 0.0610023 0.313478
0.614002 -0.591392 -0.278478
-0.0486665 -0.847333 -0.151058
-0.207513 -0.791382 0.402597
-0.413344 0.524337 -0.482204
0.303621 0.6583 -0.228238
-0.200273 -0.811923 -0.175528
0.459034 -0.522602 0.478814
0.715245 0.247198 -0.279047
0.263784 -0.806611 0.165795
0.747714 -0.465297 -0.121816
0.385929 -0.453758 -0.646458
0.0867761 0.553574 -0.533776
-0.591161 0.209594 0.583406
-0.76301 -0.275751 0.449311
0.532754 -0.0365882 0.578949
0.356709 -0.417683 -0.68238
0.163764 0.291629 -0.703933
0.42017 -0.755443 0.0159117
-0.752193 0.374848 -0.215523
-0.590393 0.0242631 -0.579919
-0.797667 -0.16735 -0.131322
-0.627615 -0.504014 0.535203
0.781765 -0.434922 0.0227078
0.294191 -0.124629 0.785741
-0.239078 -0.82386 0.187634
-0.17694 -0.768015 0.470019
0.570207 0.257559 0.372465
0.788437 0.195307 -0.128565
0.824765 -0.371843 0.0397384
-0.215209 -0.765026 0.462366
-0.0845077 -0.607322 -0.595496
-0.556854 -0.609757 0.536612
0.102582 -0.324163 0.855673
0.495546 -0.707534 -0.249856
-0.0813254 0.714286 0.337494
0.123229 0.38596 0.678482
-0.673941 0.0516312 0.545045
0.735654 -0.382002 0.25136
-0.349178 -0.0170127 -0.72381
-0.767064 0.236437 0.330881
-0.561359 -0.702639 0.0374915
0.0679441 -0.61416 0.729129
0.688497 0.346184 0.0661377
0.217781 -0.828819 -0.157579
0.133841 0.729118 0.190477
0.865905 0.00138422 -0.0202279
0.525033 0.5148 -0.126509
-0.588931 0.0599784 0.64705
0.331275 0.678339 -0.107233
0.0751464 -0.230579 -0.786418
0.0252418 -0.771351 -0.406167
-0.160345 -0.702933 -0.448369
-0.193433 0.375243 0.702338
0.737366 0.109879 -0.338986
0.0977688 0.265315 0.799029
-0.511742 0.578956 0.314542
-0.144863 -0.480507 0.847515
-0.453956 0.652459 0.217271
-0.608723 -0.170366 -0.502645
0.280531 -0.774766 0.272456
-0.801981 -0.02794 -0.221552
0.525245 -0.561701 0.362168
-0.515378 -0.554435 -0.330542
0.169681 -0.794674 0.418854
0.598761 -0.403373 -0.516578
0.600742 0.456456 -0.0991826
-0.0619642 -0.663351 0.694651
0.354842 -0.62068 -0.559828
-0.22962 0.365394 -0.649207
-0.743969 -0.198608 -0.303307
-0.114454 -0.788619 -0.321485
0.191474 0.259725 0.74836
0.837779 -0.319329 -0.10467
0.336159 -0.219442 0.757837
-0.494912 0.677016 0.00293253
0.585134 -0.439551 -0.503005
-0.507816 0.157228 -0.639748
-0.789259 0.195535 0.322535
0.0161592 -0.629378 0.722058
0.0144886 0.0633487 0.913989
0.23477 -0.315099 0.781435
0.756985 -0.108659 0.322363
0.632811 0.017816 -0.511097
-0.568628 0.363713 -0.50703
0.168099 0.325006 0.706237
-0.530106 0.143159 -0.626006
0.547566 -0.614603 -0.384182
-0.0465182 -0.813769 0.411439
-0.555637 0.435614 -0.469682
0.499753 0.0586462 0.573008
0.623471 0.430643 -0.128341
0.163953 -0.656589 0.623866
0.291538 0.607968 0.315531
-0.587274 0.118064 -0.589165
0.539645 0.248181 0.422137
0.582938 -0.382638 -0.560283
0.253555 0.575935 -0.388388
-0.822933 0.0432088 0.33043
0.537681 0.516036 -0.0395035
-0.678884 -0.132401 -0.453794
0.436938 0.398563 0.419268
-0.854244 0.0297208 0.234861
0.636592 0.225713 0.296157
-0.800735 0.0673048 -0.284437
-0.104575 -0.703432 0.645289
-0.812439 0.129886 -0.197403
0.844706 -0.2369 0.202476
0.352829 0.0584195 -0.706765
-0.458554 0.689608 -0.208664
-0.416811 0.727174 0.0431191
-0.224437 0.79958 0.113329
0.118126 -0.488093 -0.701385
0.0452153 0.396448 0.714186
0.406765 0.18895 0.609899
0.489321 -0.37559 0.541879
-0.0981326 0.32481 0.772126
-0.310052 -0.100201 0.889851
0.589167 -0.603676 -0.314185
0.271684 -0.79696 -0.279951
0.598045 0.0328139 0.477466
-0.174771 -0.825976 -0.128405
-0.00160848 0.438931 0.672506
0.277655 -0.156857 -0.754649
0.0164293 -0.847367 -0.12275
0.785441 -0.0188582 0.222185
-0.282017 0.778563 -0.195354
-0.00428085 -0.361776 0.903286
-0.0466703 0.46922 0.637903
0.133185 0.50192 0.543169
-0.496482 -0.758022 0.281676
0.586684 -0.617277 0.0936109
0.347046 -0.790079 -0.231246
0.756275 -0.0334018 0.286697
0.272716 -0.60124 0.577172
0.173167 -0.483767 0.751961
-0.245026 -0.666227 -0.431144
0.100644 0.128338 -0.766905
-0.180864 0.1385 0.838694
0.372633 -0.594688 0.487867
0.332615 -0.724218 0.360476
0.146791 0.60224 -0.426201
0.754726 -0.175655 -0.398554
0.258291 -0.753391 0.409977
-0.209118 0.612789 -0.474301
0.310615 -0.516485 0.619374
-0.302918 0.781747 0.0494476
-0.566409 0.0179489 0.691731
0.58799 -0.523471 0.315681
-0.392274 -0.438806 -0.56341
-0.524586 0.0528339 -0.634253
-0.729696 0.307177 0.323668
-0.232913 0.44421 0.62932
0.717757 0.289611 -0.206329
0.0978891 0.81166 -0.0159663
0.348976 0.121414 -0.700374
0.351641 0.29017 -0.641349
-0.578509 0.0446195 -0.591857
0.486803 0.120848 -0.624094
-0.223579 0.724623 0.323046
-0.478496 -0.763352 0.161804
-0.670003 0.530864 -0.058674
0.411731 -0.75462 0.041256
0.147932 -0.828165 -0.20553
-0.580433 0.239381 -0.565167
0.377649 0.537686 0.313534
0.424503 -0.267814 -0.689391
-0.130419 0.731003 -0.346031
0.862244 0.034613 -0.0536336
-0.402782 0.723266 0.0849226
-0.064245 -0.81434 0.403239
-0.106788 -0.217789 -0.75196
0.630449 0.0288924 -0.512035
0.419273 -0.559758 0.479572
-0.313837 -0.0270268 0.877766
-0.3153 0.418978 0.628786
0.00258507 -0.810885 -0.301538
-0.665003 0.16223 0.509694
0.444771 -0.70933 0.159374
0.528088 0.241358 0.441326
-0.435918 0.00807191 -0.689945
-0.254587 0.66283 -0.389581
0.685492 -0.117234 0.427746
-0.521987 0.481522 0.416893
0.655484 -0.274301 0.424974
-0.387545 0.746379 -0.104448
-0.852963 -0.0996496 0.0289386
0.643735 -0.00332086 -0.502293
0.606987 0.0118499 -0.540211
0.0329812 0.382275 0.725042
-0.245665 -0.155812 0.904097
-0.441104 0.0628519 -0.699671
0.495811 -0.273395 0.583973
-0.47891 -0.0126128 -0.652909
0.311844 -0.242217 -0.738879
0.123921 -0.829022 -0.213671
-0.695751 -0.478707 0.398646
0.0798531 0.822504 0.00933305
-0.444274 -0.705124 -0.191151
-0.262555 -0.142736 0.90004
0.187672 0.57343 0.423686
0.418807 -0.338365 0.628386
-0.276286 0.781034 -0.196489
-0.636906 0.519173 -0.214457
-0.578701 -0.431577 -0.377716
0.665161 -0.574469 -0.0039639
-0.802801 0.285629 -0.0265981
-0.267096 -0.353843 -0.665809
-0.809335 0.236088 0.103138
0.690528 0.333563 -0.205032
-0.619929 -0.666199 0.0864624
0.379664 -0.156041 -0.716364
-0.447645 0.617652 -0.34125
0.370524 -0.620311 0.463051
-0.812247 -0.059898 0.367673
0.380476 -0.641003 0.431792
0.772328 -0.43191 -0.115511
0.210954 -0.54985 -0.653645
0.304695 0.124519 -0.722763
0.362708 -0.115991 -0.722592
-0.239568 0.779306 0.202575
-0.350645 0.273845 -0.677483
0.131914 0.0903212 -0.775994
-0.618948 0.507775 0.252353
-0.572353 -0.00424552 0.693244
-0.106518 0.66699 -0.427508
-0.441862 -0.0157211 0.834884
-0.555475 0.630169 -0.0987314
0.620788 0.087018 -0.505062
0.881034 -0.0776523 0.0130643
-0.297697 -0.276768 -0.674764
-0.337136 -0.585247 -0.47419
0.217822 -0.840934 0.0446224
-0.575791 0.00997364 -0.587154
-0.380814 0.657879 0.315113
-0.541243 -0.741475 0.15223
-0.073629 -0.847546 -0.0289056
0.088599 0.0568971 -0.783129
0.540235 -0.552827 0.351205
-0.683266 0.50855 0.0413892
0.598265 0.452677 -0.126773
-0.468609 -0.504193 -0.465016
0.283251 0.714055 0.134873
0.141889 -0.116417 0.861824
0.543986 -0.661102 -0.299748
-0.365863 0.73109 -0.225668
-0.512554 -0.246048 0.751022
-0.358365 0.431805 0.604013
-0.101561 0.427172 0.673586
0.325864 -0.500313 0.616037
0.310801 -0.288947 -0.734907
0.583009 0.0927058 0.462049
-0.533924 -0.381901 -0.476644
-0.103774 0.229795 -0.716391
0.242984 -0.807754 0.212991
-0.00780187 0.803185 -0.17068
0.0112351 -0.79092 -0.357863
-0.331329 0.175257 -0.704118
-0.718237 -0.247023 0.542896
0.574843 -0.108553 -0.593081
-0.153149 -0.835408 -0.0495747
-0.109683 -0.781127 -0.347627
0.679334 0.372272 -0.150411
-0.75597 0.181352 0.376169
0.734088 -0.493951 -0.0529463
-0.794892 -0.299326 -0.027868
-0.263948 -0.203813 -0.709024
-0.269293 0.597059 -0.465847
0.036137 -0.861148 0.134089
0.234288 -0.485802 -0.685042
0.0848785 0.717268 -0.282822
0.021995 -0.438572 0.857823
-0.183557 -0.785553 -0.272619
0.236057 0.464145 0.530801
-0.505917 -0.0777643 0.791904
-0.561268 0.331789 0.5252
-0.794488 0.292934 0.0711321
-0.438419 -0.17859 0.813374
-0.161536 0.699379 -0.379922
-0.667232 0.119275 -0.524072
0.868776 -0.108115 -0.137194
0.812603 -0.201504 0.259657
-0.628591 0.00893722 0.618354
0.241568 -0.482309 0.696725
0.300722 -0.648735 -0.562871
-0.217606 -0.324859 -0.694255
-0.115031 0.613839 -0.493089
-0.332245 -0.350701 0.816649
0.0365296 -0.56131 -0.66737
0.778194 -0.098542 0.284932
-0.689307 0.503401 -0.0463186
-0.394846 -0.612859 -0.380138
-0.603279 -0.164066 -0.509934
-0.125549 -0.643694 0.74304
-0.525273 0.208907 -0.619877
-0.318684 -0.541472 -0.546686
-0.430298 0.0720765 0.797951
0.579851 -0.219415 -0.591573
0.0739763 0.381481 -0.66252
-0.0239404 0.502722 -0.601638
-0.445192 -0.0336804 0.83563
0.775328 -0.236407 -0.326851
0.195891 0.483833 -0.557322
-0.144778 0.706763 -0.37458
0.770065 -0.2857 -0.314985
0.513309 -0.658088 0.149425
-0.160527 0.0883984 0.867959
-0.44216 -0.381582 -0.556687
-0.412779 -0.782202 0.0627699
0.40923 -0.737095 -0.288914
0.0338324 -0.869185 0.265047
-0.350328 -0.5225 0.755489
0.243613 -0.615496 0.590247
-0.347773 -0.781564 0.37184
-0.473428 -0.76512 0.219697
0.486121 0.529686 0.156869
0.481518 0.365121 -0.483898
0.367046 -0.802824 -0.182992
-0.0862918 0.380851 -0.653603
0.08739 -0.853095 0.0696343
0.356907 -0.677746 -0.486647
0.0741128 -0.631934 -0.605685
0.660514 -0.125212 -0.501804
0.514962 0.00569571 -0.628625
0.40683 -0.635122 -0.515201
0.655461 -0.345423 0.384022
0.424991 0.580301 0.174401
0.098563 0.81881 0.016016
-0.394177 -0.014797 0.851527
-0.522956 -0.119411 0.770819
-0.628159 0.0796762 0.590614
0.405812 -0.604017 0.446158
-0.818227 -0.0354318 -0.155736
-0.730108 -0.49661 -0.0348385
0.760542 -0.437951 -0.188711
-0.266742 0.551746 -0.524781
-0.498977 -0.0787891 -0.61947
-0.0891901 0.686596 0.393684
-0.141245 0.844281 -0.132357
-0.176062 0.682283 -0.397462
-0.525572 0.623262 0.139921
0.616003 -0.499211 0.299335
0.746464 -0.372557 -0.316191
-0.193732 0.843179 -0.0975926
-0.681659 0.282077 -0.414047
-0.159204 0.451802 0.640745
-0.193811 -0.833697 0.0835987
-0.343028 -0.718355 -0.264848
-0.694231 -0.471518 -0.175115
-0.305707 -0.601859 -0.476403
-0.361252 -0.63797 -0.37208
0.659199 -0.442389 -0.386592
-0.546308 -0.533199 0.61079
-0.249928 -0.721317 0.553012
0.0315744 -0.611092 0.745066
0.357844 0.608547 -0.249844
-0.264906 0.625721 -0.431566
0.235783 -0.810249 0.219221
-0.0206743 -0.590717 -0.630166
0.305411 -0.776818 -0.299285
0.0895495 0.742614 -0.235213
0.411304 -0.769929 -0.0362825
0.000716416 0.692643 -0.369157
0.571914 -0.262302 -0.592554
0.397041 -0.357514 0.635971
0.418886 0.469734 -0.417601
-0.18821 -0.273721 0.899881
0.130739 0.573736 -0.477472
-0.00197666 -0.827322 -0.254147
-0.123285 -0.578034 -0.608059
0.559437 -0.309275 0.503746
0.173533 0.202468 -0.747031
0.389833 0.54395 -0.32648
-0.299261 -0.251611 0.856955
0.358834 0.401636 -0.552304
0.497304 -0.640541 0.246646
-0.43183 0.704348 -0.201684
-0.844729 0.00672553 -0.0492052
-0.497413 0.370193 -0.570065
-0.818944 0.0917314 -0.187309
-0.797303 0.127364 -0.278394
-0.720567 -0.554861 0.0347116
-0.827148 -0.20311 0.00408934
-0.474923 -0.223873 -0.594367
-0.529154 -0.621238 -0.209313
0.252507 0.65719 0.254244
0.468385 -0.044064 0.638268
0.627234 -0.564403 -0.298019
0.0727114 -0.584382 -0.649964
0.277988 -0.06992 -0.760505
-0.850991 -0.18466 0.181146
0.00234478 0.756796 0.20667
-0.129065 -0.16825 -0.755847
-0.771981 0.105476 -0.381843
-0.445367 -0.773238 0.248092
0.115822 0.787944 -0.0926676
0.496037 0.242818 -0.578463
0.812945 -0.0698588 0.207549
0.529575 -0.170442 -0.645409
-0.629967 0.190096 -0.541302
-0.4592 0.209843 -0.666534
-0.846157 -0.196113 0.104306
0.287904 0.659155 -0.240163
-0.555317 -0.727528 0.102312
-0.823259 0.16609 0.208532
-0.370914 0.734198 -0.202761
-0.0499839 0.170342 0.859849
-0.709328 -0.401657 -0.205736
-0.373035 -0.542941 -0.507027
-0.627399 -0.358123 -0.360507
-0.765909 0.342566 0.194673
0.81825 -0.0301272 0.160002
0.557222 -0.103931 -0.611663
0.741643 -0.0948141 0.339103
-0.59073 0.590845 0.0586644
-0.617602 -0.354572 -0.377769
0.889372 -0.0883329 -0.00483633
-0.723673 0.305118 0.336864
0.0519678 0.741634 -0.257242
0.571084 0.468068 -0.164137
-0.772799 -0.356789 0.330974
0.842693 0.08339 -0.0997467
-0.772118 0.0536276 0.40741
0.643222 -0.321442 -0.51197
-0.0707531 0.475428 -0.611166
-0.470665 -0.667144 -0.215551
0.598474 0.237385 0.351057
0.22097 -0.61498 0.612582
0.800218 -0.150898 0.273293
0.248827 0.735116 -0.132243
-0.138857 0.425752 -0.629603
-0.808873 -0.267151 0.314504
-0.214348 0.344819 -0.659802
0.686695 0.291948 -0.285626
0.873937 -0.0637827 0.023032
0.222854 -0.720923 0.499771
-0.379215 0.479895 -0.544674
0.482583 -0.728541 -0.193782
-0.330334 0.622244 0.434078
0.469862 -0.482135 0.498539
-0.75861 -0.0239632 0.459506
-0.71274 -0.000386973 0.514026
-0.0238288 -0.710442 -0.492198
0.524047 0.528781 -0.0235831
-0.475559 -0.0615177 0.822343
-0.558232 -0.380838 -0.446397
-0.866892 0.0174633 0.1809
-0.699487 0.489115 -0.0605407
-0.812305 -0.292738 0.0845609
-0.459067 -0.422846 0.728542
0.00317452 0.788264 -0.1946
0.346454 -0.125558 0.748524
-0.29471 -0.447755 0.80735
0.171601 -0.824986 0.310885
0.016487 0.832232 -0.0368897
-0.463432 0.00926127 -0.670365
0.665215 0.115653 -0.433761
-0.0351601 0.771659 0.196605
0.58464 0.369959 0.235666
0.777683 0.0681639 0.160778
-0.794833 -0.311104 -0.0010317
0.51712 0.0616828 0.553742
0.645812 0.322402 0.191105
0.101543 -0.597288 0.744185
-0.0204854 0.482717 -0.611047
0.65435 0.372502 0.129021
-0.480759 -0.567874 0.644559
0.120328 0.522727 -0.555306
0.394218 0.636362 -0.0159697
-0.739344 -0.446406 0.304531
-0.811053 -0.303639 0.135335
-0.458579 -0.769517 0.154658
-0.662343 -0.317508 -0.339055
-0.0665604 -0.854995 0.269055
-0.268736 0.699658 0.356221
-0.550225 0.0531879 -0.614438
-0.765336 0.257212 -0.292087
0.564996 -0.653367 -0.277756
-0.164018 0.763973 -0.301423
0.816911 0.0612789 0.080484
-0.838774 -0.148545 0.317391
-0.478042 -0.749854 -0.0474509
0.746714 -0.304192 -0.361216
0.521853 0.208488 0.468785
0.226017 -0.751892 -0.425079
-0.577663 -0.516886 -0.306406
0.00852128 0.00092402 0.919714
-0.180404 -0.290431 -0.715583
-0.101836 -0.0111393 -0.777579
0.606491 0.413347 -0.218886
0.0443198 -0.722533 0.571768
0.369788 0.595687 -0.256228
-0.0213393 0.733273 -0.309597
0.675765 -0.435224 -0.367659
-0.433882 -0.736205 0.444645
-0.471574 0.42864 -0.540675
-0.685444 0.185747 -0.485547
0.46463 0.204084 0.536334
-0.112185 0.857374 -0.0356813
-0.179504 -0.835855 0.086484
-0.430186 0.619693 -0.34912
-0.0617625 0.791777 0.16887
0.119115 0.132357 -0.768089
-0.183829 0.0218384 -0.759333
-0.724173 0.446552 0.109078
0.632178 -0.0889341 -0.527548
0.42946 -0.547224 -0.571695
-0.654668 -0.246622 0.617586
0.0212459 -0.856719 0.332775
-0.390133 0.39034 0.619419
0.0403608 0.432659 0.676656
0.871638 0.000781768 -0.0615461
0.0718455 -0.83022 -0.234949
0.0608576 -0.405677 0.849038
0.176399 0.196331 -0.749843
-0.624497 0.295712 -0.489187
0.185681 -0.800238 0.384066
0.623666 -0.0271767 -0.52777
0.236733 0.283244 0.703124
0.173788 0.758753 0.106426
-0.196837 0.734289 0.313052
-0.856283 -0.0643659 0.0323826
0.493257 0.0660636 0.576347
0.792681 0.125046 0.0763836
-0.663319 0.484632 0.191173
-0.503837 0.481167 0.435279
-0.835164 0.101429 0.249972
-0.735275 -0.254815 -0.27766
-0.67355 -0.615801 0.126584
-0.447386 -0.383078 -0.551594
0.425678 -0.45164 0.559918
-0.487425 -0.444035 0.706909
-0.312608 0.34893 -0.648975
-0.0536519 0.235806 0.823609
-0.135231 0.686854 0.414014
0.452463 -0.29328 -0.668233
0.00911154 0.229591 -0.726655
-0.561992 -0.372469 0.669891
-0.601206 -0.539255 -0.240869
0.369569 -0.612469 0.472186
0.0648054 -0.808896 0.431776
-0.797295 0.250792 0.225264
0.348018 0.68172 0.0780131
0.39673 -0.740814 0.145731
-0.0393277 0.0418439 0.922025
0.321395 0.344904 -0.620536
0.131539 -0.808088 0.414036
-0.81449 0.0503542 0.346224
0.496117 -0.402485 -0.611155
0.256151 -0.812972 0.154507
0.886246 -0.0783093 -0.00476039
0.102267 -0.316031 -0.780471
0.741465 -0.285544 -0.383463
0.772175 -0.40087 0.148869
0.677322 -0.552429 -0.103983
0.476824 -0.212378 -0.668738
-0.665286 0.171784 -0.517241
0.313718 -0.772674 0.202667
0.0690906 0.107278 0.876074
0.720216 0.311195 0.0151817
0.472075 0.452258 -0.385022
-0.0873264 -0.763206 0.516052
-0.119444 -0.834889 0.333022
-0.00290854 0.795442 0.128753
-0.288633 0.60361 -0.447405
0.502901 -0.394196 0.519555
0.616925 0.436227 -0.0418161
0.572576 0.470583 -0.146206
-0.579414 -0.347063 -0.440286
-0.818831 -0.216119 -0.0162224
-0.528725 0.61911 0.147747
0.840756 -0.0625697 0.139644
0.0222821 0.551745 -0.558829
-0.22989 0.422642 0.649723
0.029919 -0.216494 0.918798
0.471332 -0.733289 -0.0817266
-0.30749 -0.178065 -0.698316
0.431606 0.0791286 -0.661977
0.236473 -0.831402 -0.0889816
-0.268348 -0.791335 0.379233
-0.266096 0.574768 -0.495903
-0.735926 0.197195 -0.392306
-0.82023 0.217694 0.016627
0.120362 -0.737297 -0.4792
-0.592105 -0.0887806 0.699024
0.217658 -0.838244 -0.000474977
0.267595 -0.617744 -0.598779
-0.103269 0.284636 0.791182
-0.384786 -0.791496 0.163791
-0.309779 0.42656 0.625145
0.683698 0.3584 -0.0264747
0.567631 -0.633998 0.088413
0.78968 -0.0895017 -0.33026
-0.720785 -0.250178 0.538025
0.324994 -0.785244 0.113578
-0.460117 0.669525 0.147513
0.177855 0.202064 -0.746925
0.161336 -0.845188 0.171758
-0.724677 0.305555 0.334598
-0.327448 -0.473177 -0.583844
-0.136004 -0.834779 -0.125674
-0.025612 0.534174 0.570601
0.350142 0.347193 -0.602147
-0.388857 0.68324 -0.290595
-0.355522 -0.796579 -0.0417061
-0.570921 0.180518 0.619661
-0.133861 0.0281937 0.903257
0.257152 0.0287358 -0.755556
0.656387 0.285848 0.206325
0.173245 -0.330312 0.811786
0.347848 -0.573241 -0.596317
0.751248 0.0203452 -0.362392
0.546613 -0.179631 0.561528
0.520641 -0.401411 0.496209
-0.00390992 -0.631627 -0.587306
-0.205724 -0.755184 -0.329338
-0.15954 -0.734607 0.556258
0.388536 -0.419719 -0.66318
0.631217 -0.366296 0.397441
-0.566199 -0.288444 0.690946
-0.776998 -0.158383 0.450463
-0.817412 0.076587 -0.201026
0.44207 0.468494 -0.395719
-0.108039 -0.396533 -0.714374
-0.788669 -0.305772 -0.0569827
0.0694095 0.336363 0.753285
-0.520376 0.603076 0.245697
-0.299325 -0.764189 0.431895
0.14546 0.51929 0.514572
-0.0140698 -0.550584 -0.674972
-0.288974 -0.738263 -0.281941
-0.763133 -0.00701743 0.445831
0.552739 0.286346 -0.48462
0.389018 -0.655313 -0.503202
0.416307 -0.363732 0.616536
0.596485 -0.635758 -0.0980113
-0.349654 -0.161418 0.858384
0.678624 0.0320617 -0.453343
-0.641546 0.253324 0.502742
-0.621325 -0.658341 0.282491
0.257406 0.685891 -0.225002
0.116731 -0.656464 0.64877
0.420569 -0.186303 0.683162
-0.320205 -0.492441 -0.578877
0.282638 -0.602662 0.566131
0.0259393 0.190039 0.850065
0.353468 0.350199 0.561764
-0.181415 0.587687 -0.510506
-0.71317 -0.516874 0.247377
-0.312677 0.120267 0.810858
0.580895 -0.557578 -0.397587
-0.00464286 0.739705 0.244861
0.563885 0.431645 -0.25882
-0.335913 0.725067 0.215776
-0.0760407 -0.45373 0.862751
-0.67649 0.0590283 -0.517185
0.303935 0.686691 -0.176286
0.0991938 -0.526072 0.780478
0.405369 0.619944 -0.0841646
0.885243 -0.0755717 -0.00421103
-0.520665 0.528247 -0.389266
-0.336667 0.0998548 0.813859
0.496545 -0.169904 0.612659
-0.219892 -0.59112 -0.542719
0.6371 -0.553616 0.15541
0.39965 -0.384074 -0.675917
-0.449822 0.547403 -0.432247
-0.544808 0.283679 0.581142
0.623692 0.163629 -0.467275
-0.471427 -0.50668 0.696655
-0.383167 -0.420765 0.76905
-0.102176 -0.844703 0.0121001
-0.106324 0.78735 0.201658
-0.0591593 0.797416 0.152747
0.575583 -0.19812 -0.599215
0.709469 0.044092 0.320552
-0.246406 0.753612 -0.278053
-0.72182 0.221169 0.406042
0.189121 0.657141 0.289377
-0.740415 0.323557 0.285252
-0.124164 -0.0438371 -0.782526
0.33809 -0.791732 -0.235244
0.692975 -0.0357918 -0.453288
-0.181816 0.744367 0.29764
0.288965 0.553796 0.404277
-0.683404 0.376717 -0.326816
0.0976523 -0.66908 0.636462
-0.644835 -0.649692 0.126536
0.539608 -0.0235258 -0.618509
-0.620347 -0.618019 0.390992
0.34893 0.137751 -0.697543
0.126838 0.409047 -0.648665
0.614221 -0.604297 0.0618127
-0.0356515 -0.79079 -0.365507
0.502537 -0.672259 0.131316
0.388589 0.0454304 -0.690262
-0.308515 -0.804884 -0.0586164
-0.107357 -0.295263 -0.735661
-0.527595 -0.0882108 0.769956
0.655796 -0.24603 -0.512095
0.199724 0.309572 -0.691416
-0.143915 0.678602 0.420855
0.331348 -0.408982 0.662335
-0.66883 -0.105725 0.61437
0.442968 -0.514587 0.50195
0.166435 -0.829164 0.303858
-0.646813 -0.61222 0.29348
0.0273155 0.0612192 0.908073
0.6133 -0.596758 -0.270019
0.364016 -0.772969 0.0738096
-0.799262 0.276864 0.0710076
-0.193195 -0.831014 0.23221
0.0856798 -0.782981 -0.366742
0.399458 0.186252 0.618646
-0.528626 0.00252259 -0.620421
-0.232716 0.822084 -0.11116
-0.0380946 0.845659 -0.0339105
-0.0415569 -0.463175 0.853171
-0.701855 -0.201639 -0.36746
0.105079 -0.371555 -0.760621
0.562561 0.257083 -0.502899
-0.331413 -0.155563 -0.694767
0.143365 -0.506877 0.761851
-0.289854 -0.555469 -0.54608
-0.778413 -0.328052 0.356216
0.0801221 0.130909 0.863211
-0.53539 -0.662926 -0.133452
-0.771889 0.108099 -0.380527
-0.855518 0.0285641 0.230681
-0.749711 -0.331231 0.440809
0.575744 -0.650873 -0.196838
-0.693983 -0.571846 0.163375
-0.696503 -0.205318 -0.372658
-0.104164 0.812504 0.134208
0.754077 0.257005 0.0350513
0.201898 -0.424356 0.758991
-0.231429 -0.826647 0.162643
-0.213855 0.578485 0.508254
-0.436717 0.621545 0.322549
0.149208 -0.175068 0.860213
0.758588 -0.260962 0.318879
0.378582 -0.368309 -0.69561
0.354981 0.00789848 0.730815
0.173203 -0.398621 -0.737074
0.695002 0.201223 0.213922
0.305069 0.69936 0.14792
-0.186159 0.191791 -0.717309
-0.345553 -0.538764 0.750673
0.680719 -0.512581 0.149974
0.199806 0.48584 -0.55209
-0.532564 0.138952 -0.624876
0.147461 -0.0022024 0.854541
0.0316171 -0.626718 0.721308
-0.530327 0.525177 -0.381997
0.150954 0.236029 -0.732137
0.0146005 -0.868153 0.222273
-0.206146 -0.722842 -0.378569
0.494302 -0.721408 -0.137357
0.437532 -0.375831 -0.658761
-0.51422 -0.483579 0.671455
0.329522 0.0540456 0.74526
-0.719375 0.213144 -0.411806
-0.59355 -0.634741 -0.0721489
-0.267447 -0.114428 0.904673
0.675057 -0.447972 -0.356458
0.302193 0.366146 -0.615838
-0.78501 0.0427945 0.393107
-0.529172 -0.675772 -0.117275
-0.0670071 0.540784 0.565207
0.482359 0.212472 0.51159
-0.530214 -0.69036 0.422791
0.300133 -0.787898 -0.277207
0.416567 -0.544525 -0.580477
0.173192 -0.456959 0.763401
-0.125774 -0.777724 0.466654
-0.487237 -0.0172453 0.801334
-0.11033 -0.317053 -0.730265
-0.644414 -0.557239 0.445965
-0.809312 0.249531 0.0401079
0.400319 -0.516899 -0.604499
-0.534942 -0.707567 0.383372
-0.641573 0.355808 -0.4127
-0.513097 -0.564922 -0.317367
0.0214295 0.0775284 -0.770149
-0.719593 -0.525069 0.179461
-0.446159 -0.644381 -0.279651
0.874915 -0.023101 -0.0253008
0.529202 0.470421 0.181349
0.452984 -0.729328 0.0405226
-0.526274 0.460001 -0.469484
0.762806 -0.459516 -0.0080021
-0.816188 -0.180912 -0.0531473
-0.706892 -0.508574 -0.082767
-0.713533 0.465225 0.0632342
0.55963 0.0139189 0.531473
-0.555951 -0.467377 -0.384637
0.801755 -0.32768 -0.211996
0.487128 0.269202 0.469187
0.149497 -0.730336 -0.49262
-0.491485 -0.0388327 -0.636312
0.51726 -0.0648526 -0.63824
-0.364277 -0.129824 -0.688447
-0.830879 0.0804979 0.306642
0.143078 -0.48695 0.769638
-0.611064 0.413662 -0.407448
0.787536 -0.269308 0.274461
0.737056 -0.489166 -0.0598674
-0.709898 0.210162 0.427205
0.654023 0.380525 -0.201332
-0.705747 0.354923 0.314608
-0.861369 -0.114752 0.215821
0.392833 0.405885 -0.519776
-0.813982 0.139358 0.306766
-0.631655 -0.562105 -0.157215
-0.27947 0.54893 -0.521638
0.775846 -0.254226 -0.316435
0.421822 -0.735175 0.109304
0.267486 -0.488086 0.672001
-0.673869 -0.467008 0.485635
0.495903 0.551918 -0.0247447
-0.00862087 -0.143161 -0.794846
0.287826 -0.57839 0.586569
0.33666 -0.100893 0.755668
-0.658308 -0.624303 0.186834
0.587104 -0.309161 0.476324
-0.435196 -0.775453 0.0803913
0.444639 -0.58105 0.43285
0.545566 0.330323 0.334526
0.120248 0.309658 -0.697438
-0.739056 0.430017 -0.0174978
-0.759595 -0.206187 -0.240344
-0.830551 0.188169 -0.00824683
0.634835 0.292213 -0.381531
0.367524 -0.463061 -0.651956
0.693711 0.0464365 0.343547
0.440541 -0.0124461 0.657528
0.0429584 -0.768336 0.502588
-0.313752 -0.806234 -0.0373042
0.628453 -0.309486 0.435106
0.806007 -0.154567 -0.284949
0.52738 -0.503527 -0.527591
-0.475472 0.677443 0.069248
-0.690711 0.220886 -0.449797
-0.22837 0.817324 -0.00619849
0.64794 0.23504 0.267802
0.274458 0.209056 -0.712326
-0.215773 -0.0618458 -0.752979
-0.776386 -0.342244 -0.0626436
-0.106524 0.680854 -0.409844
-0.532614 -0.734222 0.0587597
-0.467321 -0.414834 0.726632
-0.51516 0.625855 0.164681
0.245618 -0.812531 -0.23888
0.417473 0.556283 -0.255148
0.193096 0.166784 -0.758305
-0.740696 -0.0160957 -0.449322
-0.629194 0.239779 0.525337
0.3945 -0.653449 0.40145
-0.600619 0.261203 0.543836
0.12819 -0.0528934 -0.782485
0.348715 -0.188244 0.747733
-0.390565 0.717088 0.130621
-0.357673 -0.518599 -0.5466
-0.0554661 -0.856723 0.180583
0.474226 -0.656397 -0.400589
0.861686 -0.107052 0.114335
0.0622986 -0.182384 -0.789442
-0.416187 0.677813 0.209687
0.387871 -0.144414 -0.712077
-0.807732 -0.159025 -0.100997
0.564978 0.361585 0.273542
-0.0751724 -0.681919 -0.51256
-0.162359 0.521353 -0.584186
-0.0444559 -0.859089 0.205348
-0.866194 -0.00558962 0.0593715
0.63774 -0.165353 0.474444
-0.780035 -0.00976128 0.422298
-0.760785 -0.256339 -0.197152
-0.150098 -0.0444641 0.924665
0.208633 -0.828785 0.198772
-0.481848 -0.727742 0.405577
-0.668768 0.452747 -0.2534
-0.0433784 -0.790678 -0.367001
-0.762777 -0.254751 0.455162
-0.656793 -0.371234 0.571327
-0.622437 -0.551926 0.516201
0.293149 0.475452 0.484363
-0.771643 0.361004 0.0428751
0.282459 -0.735858 0.422684
0.732998 -0.180976 -0.430216
-0.32207 -0.639135 -0.404815
0.469704 0.515678 -0.248275
0.345805 0.405428 -0.559588
0.557973 0.284319 0.363237
0.444401 -0.0245971 -0.670798
0.255795 -0.587365 0.607995
0.106899 0.794843 -0.0755484
0.311913 0.138604 0.730385
-0.0177896 0.310154 -0.689632
0.438125 0.602144 0.00133498
-0.26045 -0.154673 0.898104
0.874141 -0.270029 0.097016
0.00498795 -0.813687 0.423353
-0.85448 -0.060159 0.0221244
0.112795 -0.727492 0.543006
-0.301112 0.121052 -0.720839
0.0550451 -0.172614 -0.790683
0.581952 -0.0399525 0.532898
-0.511951 0.660387 0.0187845
-0.226313 -0.81573 -0.119594
0.564811 -0.0774778 0.5576
0.182 -0.33803 0.803689
0.2429 -0.76103 0.413762
0.0840234 -0.576832 -0.655995
-0.106842 -0.793148 -0.313684
0.899367 -0.139098 -0.0555801
-0.653534 0.195472 -0.518805
-0.281285 -0.255867 -0.687351
0.259233 0.151763 -0.737811
0.47941 -0.725114 -0.0594933
-0.625161 0.0584013 0.602829
-0.41403 -0.398836 -0.568427
0.646704 0.338837 0.174425
-0.540172 -0.34071 -0.489994
-0.0593903 -0.831199 -0.23418
-0.780532 0.243856 -0.27026
0.229801 -0.204724 0.815551
0.748732 0.163572 0.137215
-0.499324 -0.674593 -0.166295
0.532015 -0.198231 0.571562
-0.478285 -0.22278 0.778903
0.786118 -0.0229269 -0.323849
-0.219683 0.454101 -0.610463
-0.166755 0.649822 -0.438629
0.0865269 0.814654 -0.019025
0.411951 -0.766172 -0.0149155
-0.718273 -0.564286 0.0434698
-0.259568 -0.667854 0.675732
-0.384801 0.474606 0.559492
-0.690501 -0.474041 0.423005
-0.216151 0.531776 -0.570591
-0.285531 0.641189 0.435847
-0.477399 0.360001 0.581136
-0.456407 -0.769654 0.126803
-0.475017 0.309223 -0.628372
0.000768571 0.700037 -0.356224
-0.0531953 -0.476502 -0.712714
0.769201 -0.145724 0.315507
-0.119076 -0.389338 0.900038
-0.0298358 0.684988 0.363572
-0.189582 -0.561407 -0.591976
0.785164 0.143381 -0.223542
0.786921 -0.285243 0.262868
-0.135132 0.59621 -0.510084
-0.67797 -0.269492 -0.351937
-0.557257 0.315561 0.542549
0.442655 -0.699666 0.195842
0.421184 0.129901 0.62174
-0.808905 0.226214 0.156544
-0.664784 -0.233393 0.611603
0.619111 0.206852 -0.453665
-0.421749 -0.689711 -0.237608
0.280978 0.496603 -0.480601
-0.254955 0.576287 0.503451
-0.178846 0.842195 -0.120929
0.0709119 -0.665336 0.650442
-0.310385 -0.768131 -0.217266
0.186714 0.572277 -0.440327
0.529051 0.18117 -0.573918
0.153788 0.770954 0.0921148
-0.203766 -0.754823 -0.331617
-0.390956 0.68072 -0.292638
0.0176707 -0.33242 -0.760774
-0.163111 -0.614311 -0.546441
0.465581 -0.295844 -0.659557
-0.104998 0.730718 0.317566
0.220324 0.338284 0.664342
-0.790481 -0.0375253 -0.257335
0.126329 -0.274669 0.860635
0.280068 0.13613 -0.732429
0.19411 0.0986454 -0.76741
-0.674381 0.392164 0.327643
-0.860278 -0.14657 0.116182
0.814447 0.0199403 0.123217
-0.54836 0.11469 0.675406
0.257716 -0.668842 0.520782
0.59604 -0.628732 -0.218308
-0.217666 0.827298 -0.0474287
-0.2028 0.811333 -0.216782
-0.742714 0.340438 0.261905
0.515431 0.487644 -0.225534
0.349303 0.211165 0.659057
-0.378372 0.520618 0.510443
0.407742 0.282635 0.554465
-0.432303 0.0609342 -0.706328
-0.40595 -0.423435 0.756271
0.701694 -0.0499263 0.378379
0.787333 -0.0813755 -0.336664
0.77408 0.100314 0.139716
0.879961 -0.0609392 -0.00154314
0.235765 0.724755 0.142807
0.314542 -0.538235 -0.635139
-0.059762 0.610973 0.483377
-0.0411004 -0.618694 0.751141
0.695602 -0.462702 0.200758
0.268363 0.648229 -0.273295
-0.287881 -0.273698 0.856185
-0.431279 0.638487 0.291357
-0.516882 -0.752077 0.269537
-0.461543 0.046196 -0.681616
0.0336764 -0.628666 -0.599723
0.426546 -0.767738 -0.0912992
-0.360432 0.566698 -0.456363
-0.501893 0.641341 0.140786
-0.330583 0.318056 -0.661132
0.346408 0.303936 -0.636573
-0.430946 -0.653511 -0.281926
-0.383691 0.43333 -0.582152
0.345519 -0.677506 -0.497606
-0.808492 -0.0553106 -0.177483
-0.0696686 -0.490024 -0.705922
-0.798374 0.2468 0.226935
-0.555291 0.392955 -0.503605
0.292165 0.0978657 -0.732406
0.244112 -0.7684 0.381189
-0.291735 0.0623779 0.843966
0.750483 -0.164407 0.34352
-0.801957 -0.286994 0.322414
-0.133776 -0.667371 -0.502233
-0.195056 -0.834369 0.129344
-0.285706 -0.448881 0.811447
-0.370136 0.0290261 0.838031
-0.134708 0.613075 0.486469
-0.781016 0.371858 -0.139844
0.0463842 -0.861202 0.32255
0.106608 0.20852 -0.742278
0.352838 0.646793 -0.174036
0.25678 -0.758117 0.394253
0.307591 -0.746281 0.327267
-0.694835 0.243424 0.432585
0.0520515 -0.848636 -0.0529736
-0.724972 0.23597 -0.385563
0.676229 -0.437358 0.279778
0.762259 -0.294444 0.288017
0.738364 0.288368 0.0183646
0.483232 -0.578718 -0.505811
-0.394431 -0.601339 -0.397728
0.506191 -0.119488 0.613527
-0.407878 0.659872 0.274212
-0.318533 0.181106 0.776218
-0.151205 -0.44435 -0.688168
0.775344 0.0489628 -0.30155
0.774496 -0.317291 -0.287798
-0.282836 0.199029 0.778811
-0.239863 -0.473911 -0.630783
-0.843307 0.094237 0.209473
0.550497 -0.623252 -0.362995
0.347339 -0.535462 0.572711
-0.465677 -0.714288 -0.149383
-0.0991775 0.674139 -0.418374
0.383293 -0.264415 0.697364
0.668528 0.196485 0.267419
-0.25369 0.579759 0.500627
0.215547 -0.720869 0.50686
0.113081 0.536309 0.506246
-0.0467293 -0.0398594 -0.791207
-0.229609 0.613513 -0.465368
-0.0501474 -0.404745 0.892331
-0.71903 0.30903 0.34111
0.0923915 -0.300296 0.870787
-0.508355 0.595471 -0.315178
-0.837167 -0.216559 0.214197
0.542753 -0.191582 0.562582
-0.32628 -0.800823 0.294917
0.568751 -0.643849 0.0381711
-0.615744 -0.282694 0.645132
0.263551 -0.52089 -0.661553
-0.440667 -0.774415 0.28934
0.42713 0.583281 0.166491
-0.478098 0.423545 0.525843
-0.38777 0.76041 -0.0356254
-0.592007 -0.398886 0.627583
-0.227969 -0.78611 0.407255
-0.065489 0.466629 -0.615545
-0.426236 -0.514818 -0.493402
0.148978 -0.121575 -0.779343
-0.581192 -0.616733 0.491846
0.096495 0.219191 0.825563
-0.550353 0.606139 0.130834
0.486417 0.329184 0.423754
0.617655 0.173823 -0.470697
-0.677547 -0.254316 0.592583
0.247156 0.147967 -0.742706
-0.321405 0.434637 -0.608224
0.584414 -0.517649 0.332106
0.730734 -0.0463853 -0.413586
0.830556 0.0519027 0.0498857
0.172846 0.343894 -0.677069
-0.698101 0.221989 0.438356
0.441197 -0.0894668 -0.680709
0.173554 -0.0735268 -0.777302
-0.324062 -0.597921 -0.46627
-0.407196 -0.0528466 -0.69231
-0.513457 0.667657 -0.0195944
0.439442 -0.228725 -0.68708
-0.27966 -0.584294 -0.519054
0.0133338 -0.727743 -0.481293
-0.0645383 -0.741799 -0.446488
0.175285 -0.0143103 0.84187
0.116448 0.510909 0.538611
-0.27406 0.287025 -0.679419
-0.645627 0.456825 -0.288014
0.157584 0.709552 0.216628
-0.0260765 0.844108 0.0137775
-0.307105 -0.201614 -0.691894
-0.0210438 -0.268852 -0.765603
0.571606 -0.427074 0.424528
0.031545 -0.630441 0.715672
0.26111 -0.421544 -0.707644
0.511598 0.13674 0.519439
0.799016 -0.10982 -0.305856
-0.173815 0.220866 0.801774
0.497437 0.32302 -0.510943
-0.518961 0.592513 0.275543
-0.425802 0.650546 0.27114
0.516976 0.499516 0.154857
0.841705 0.0793335 -0.0200356
-0.394521 -0.788269 0.235694
0.511227 0.419173 0.281883
0.656283 0.0744452 -0.463941
-0.0102771 0.620296 0.449004
-0.512623 -0.376175 -0.49871
0.433255 -0.386186 0.590113
0.676691 -0.37781 0.335251
-0.183987 0.844627 -0.0836903
-0.516136 0.184128 -0.629947
0.187629 0.530981 -0.497684
0.755859 -0.0160239 0.278847
-0.146568 -0.312352 -0.720785
-0.0649233 0.805522 -0.201114
-0.552828 -0.185821 -0.543964
-0.722271 -0.487557 0.295284
0.502138 0.54256 -0.0645445
-0.692652 0.500056 -0.0952687
-0.680108 0.5088 0.057081
0.301867 -0.647856 -0.563008
-0.742115 -0.458111 -0.0384178
0.395968 -0.403805 -0.667462
-0.77414 -0.400136 0.0598406
0.809719 -0.0452662 -0.271529
-0.0661599 0.848978 -0.0627772
-0.518634 -0.434958 -0.464611
0.334152 0.635361 -0.234273
-0.365777 -0.329544 -0.629334
-0.632209 -0.654309 0.234223
-0.482003 0.679715 -0.149712
0.826321 0.146617 -0.0501786
-0.728107 -0.527358 0.0961679
-0.21783 -0.822168 0.310061
0.157173 -0.429392 0.783356
-0.275047 -0.757497 0.457196
-0.124382 0.843559 -0.146901
0.577681 -0.0743741 -0.584977
0.736687 0.156522 -0.312195
-0.602527 -0.590022 0.512925
-0.0412655 0.380374 0.726068
0.770957 -0.4188 -0.226084
-0.181168 -0.204073 0.919984
0.511657 -0.242123 -0.642042
0.592537 0.195488 -0.494136
-0.736698 -0.039707 -0.437497
0.209331 0.711479 -0.223546
0.443559 0.433633 0.361791
-0.427479 -0.776048 -0.0131821
0.0346504 0.643349 0.398016
-0.654465 -0.631238 0.184725
-0.760465 0.198485 0.362595
0.402422 -0.363092 -0.684887
0.28295 -0.660427 -0.562118
0.870168 -0.0547668 -0.115594
0.141403 0.256224 -0.722686
-0.179715 0.579351 -0.520931
0.126005 -0.324871 0.841634
-0.111845 0.852946 -0.0800649
0.353147 0.647377 0.178471
-0.469762 -0.761936 0.340499
-0.779725 0.153921 0.354458
0.307661 -0.735399 -0.395896
-0.80871 -0.275202 0.297845
-0.62199 0.579655 -0.086551
-0.132798 0.595596 0.503889
0.0992746 -0.678855 0.621106
-0.584051 0.290654 -0.532957
0.662689 -0.517917 0.177021
-0.685268 0.409017 -0.284858
0.262515 -0.655436 0.530208
0.00464385 -0.152359 0.928215
0.357876 -0.339305 -0.709903
0.625743 0.416658 -0.175449
0.236211 -0.0799149 -0.768658
0.347803 -0.196659 0.748559
-0.545109 0.596122 -0.253407
-0.200251 -0.748094 0.508443
0.282228 -0.659851 -0.56283
0.358238 -0.795337 -0.019243
-0.165282 0.78986 -0.269905
-0.35611 -0.797647 -0.0314828
0.451323 -0.161047 -0.682628
-0.163138 -0.773691 0.461836
0.0390894 0.49015 0.600589
-0.129716 0.729267 -0.348241
0.0417721 -0.522283 -0.69127
-0.0740541 0.437723 -0.62827
-0.841858 -0.213064 0.112184
-0.305888 0.742827 0.217771
0.854489 -0.282057 0.176828
0.195705 0.0700363 0.828695
-0.803273 0.242302 0.170238
0.433414 -0.718951 -0.30178
-0.0374605 0.261919 -0.710248
-0.473152 -0.187867 0.792315
-0.297893 -0.0828166 -0.724909
-0.636934 0.107604 0.568587
-0.0920834 -0.23516 -0.752587
0.354637 -0.798203 -0.0239156
0.18078 0.43151 0.598633
-0.724238 -0.0610201 -0.440003
0.740172 -0.0279046 0.30868
-0.374483 0.253345 0.715551
0.398882 -0.63885 -0.516301
-0.143103 0.080288 -0.750039
-0.784607 -0.36442 0.0515181
0.694903 0.338544 0.0651193
-0.607963 -0.204098 0.674273
-0.0357057 -0.665726 0.682901
-0.83423 -0.0577056 -0.0770234
-0.803417 -0.291602 0.288122
-0.469209 -0.355391 -0.544519
-0.56073 -0.0629794 0.728824
-0.330605 -0.807924 0.0684771
0.775978 0.169133 -0.214273
-0.456324 -0.236878 0.786311
0.142577 0.600873 -0.431072
-0.0880803 0.355037 0.746124
0.00465217 0.407035 0.704612
0.603617 -0.374525 0.422429
0.00932614 -0.854403 -0.0150389
-0.122977 0.564131 0.536221
-0.50188 -0.591362 -0.291349
0.311509 0.414312 0.537739
-0.525011 0.251646 -0.610808
0.369261 -0.0887788 -0.716871
-0.594513 -0.597268 -0.156686
-0.310822 -0.810901 0.128007
0.607084 0.180137 0.384768
0.126667 -0.274884 0.860355
-0.803299 0.0494702 0.363618
0.188165 -0.835121 -0.0928233
-0.724704 0.403804 0.217919
0.559249 0.396698 -0.341728
0.549784 0.475903 0.139238
-0.576991 -0.619824 -0.14264
-0.583917 0.50381 -0.324686
0.604926 -0.0397581 0.509057
0.792714 -0.413072 0.0655514
0.505319 0.0495357 0.571392
-0.209488 0.601762 -0.487533
0.221817 -0.82507 -0.182976
0.811706 -0.0262643 -0.259279
-0.646812 -0.532381 -0.191381
0.460426 -0.368633 0.573879
0.218977 0.698677 -0.237821
0.412687 -0.734912 0.133715
-0.686587 0.419941 -0.267545
0.0839056 -0.847299 0.350696
0.241158 -0.792029 -0.318116
-0.014381 -0.861758 0.309609
-0.218927 0.741751 -0.307374
-0.280746 0.252802 0.749218
0.659256 -0.273356 -0.504285
-0.367146 0.588097 -0.425661
0.61703 0.437241 -0.0636422
0.203908 -0.779822 -0.356464
-0.190663 -0.00638592 0.901221
-0.838492 -0.151797 0.00579276
0.209365 -0.502124 0.712622
0.377972 -0.685988 0.377273
-0.503618 -0.756013 0.192893
-0.200139 -0.542475 0.808024
-0.641476 0.223787 0.515568
-0.27506 -0.27372 0.8618
-0.702275 0.148439 -0.477009
0.0184591 0.618321 0.438892
-0.390076 -0.7897 0.211191
0.026566 -0.803751 -0.319016
-0.357321 0.495798 0.549693
0.537773 0.516115 -0.03693
-0.199311 -0.649278 -0.488197
-0.0104755 0.616701 0.453885
-0.585486 -0.178525 -0.519097
0.743079 -0.00107414 0.291123
0.6618 -0.388312 0.346587
0.341498 0.519555 -0.405991
-0.845337 0.077682 0.22279
-0.0311055 -0.198776 -0.777623
0.332477 0.660246 0.181356
-0.185116 -0.758715 0.489003
-0.643052 0.0347399 -0.541108
-0.0306835 0.81165 0.101675
0.746807 -0.00579817 -0.380275
0.60196 -0.627613 -0.170949
-0.297385 -0.789732 0.371843
0.532829 0.317324 0.366831
0.315216 -0.778387 0.171363
-0.206836 -0.826701 0.26342
-0.189738 0.412109 -0.631974
-0.347314 0.473853 0.572276
-0.357526 0.176852 -0.700405
-0.414951 0.448585 0.560144
-0.0726112 -0.843831 -0.152396
-0.534233 0.499946 -0.410834
-0.238568 -0.705595 0.59482
0.328864 0.0892852 -0.714986
-0.247809 0.170363 -0.715343
-0.714513 -0.252371 -0.310415
-0.698351 0.14746 0.47013
0.574732 0.0201696 -0.574233
0.838387 -0.112233 -0.210366
-0.851323 0.0892221 0.123128
-0.10321 -0.669879 0.697517
0.395471 -0.247782 0.691039
0.464412 -0.381671 0.563727
0.699354 0.343424 -0.083792
-0.0313207 0.0662799 -0.76671
-0.744368 -0.22126 0.501546
0.500364 -0.410128 0.512896
-0.0513233 0.619979 0.46763
0.168518 0.575675 -0.448296
0.381604 0.350299 -0.579835
-0.515777 -0.74349 0.0406907
-0.566527 -0.642689 0.462877
-0.592338 -0.669536 0.0176621
0.483417 0.480189 -0.301735
0.651186 -0.514722 -0.329275
-0.607523 0.38572 -0.440742
-0.530268 -0.565473 -0.293888
0.260984 -0.257731 0.787957
0.400399 -0.537097 0.520546
0.669585 -0.215784 0.43316
-0.165904 -0.374459 -0.701653
0.345905 -0.77865 0.0923415
0.17616 -0.844831 0.0528288
0.166896 -0.82366 0.329193
-0.0598226 -0.192947 -0.77069
-0.48255 -0.682817 -0.175708
0.0051555 0.838763 7.78341e-05
-0.29198 0.709355 -0.31094
0.644079 0.172473 0.332112
-0.757568 -0.17729 -0.270134
-0.682447 0.00314624 0.553995
0.235682 -0.106118 0.817019
-0.356014 -0.799193 0.0131511
0.198571 0.297998 0.712257
0.748628 0.2237 0.078942
-0.184198 -0.834349 0.0600168
0.0989898 -0.38497 0.834539
-0.554162 -0.711818 0.0470208
-0.349896 0.753968 0.0903742
0.35195 -0.316641 0.695707
-0.332496 -0.564988 -0.509349
-0.732598 -0.327546 0.494491
0.45341 -0.679707 0.232602
0.0273324 0.809989 -0.121947
-0.821136 -0.229549 0.305863
-0.528129 0.626924 0.114275
0.759933 0.0179883 -0.350314
0.260822 -0.55042 -0.644289
-0.336768 -0.415383 0.795058
0.723534 -0.373837 -0.352377
0.136705 -0.443622 0.789948
-0.294239 0.097389 0.826752
-0.670449 -0.487682 -0.198246
0.677831 0.313652 0.140773
-0.754574 -0.370522 -0.131405
0.515479 0.461061 0.217469
0.169616 0.274852 0.749211
-0.727729 -0.11555 -0.393749
-0.588686 -0.501374 -0.309796
0.411253 0.33476 -0.57115
0.552629 -0.613023 -0.377977
-0.581357 -0.522843 -0.292347
-0.572853 -0.369575 0.659929
-0.45444 -0.100203 -0.645595
-0.356373 0.310129 0.685238
0.779003 -0.400393 0.136145
-0.814135 -0.250555 0.311817
-0.0998126 -0.703688 0.643962
0.525902 -0.145492 -0.644981
0.0811983 0.640881 -0.405137
0.601151 -0.628126 -0.176631
-0.77867 0.0151397 0.413902
0.613379 -0.128309 -0.553855
-0.730889 -0.49837 -0.0247915
-0.0160632 0.69403 0.340733
0.740495 0.194573 0.124433
0.220025 -0.665827 0.560218
0.23349 0.745918 0.0368437
-0.298882 0.579532 0.488945
0.613813 -0.0177332 0.486973
-0.523479 0.580513 -0.312108
0.122339 -0.842824 0.309714
0.0129224 -0.268404 -0.773903
0.784889 0.232222 -0.0521798
-0.288944 -0.744499 0.482771
-0.482364 -0.135625 -0.615256
-0.547659 0.577275 0.259562
-0.823125 0.164617 0.216883
-0.668444 -0.0364462 0.587156
-0.0302643 -0.0551571 0.940532
-0.813611 0.0649434 -0.218821
-0.593596 -0.697731 0.114538
0.196203 -0.828008 -0.18059
0.457407 0.335761 -0.532757
0.0749505 -0.821049 0.408233
-0.0010627 -0.134103 0.930191
-0.686942 0.270115 0.423438
0.310249 0.38629 -0.595411
-0.0492338 0.605298 0.486273
-0.498731 -0.351656 0.727747
-0.72331 0.210714 -0.406405
0.721361 -0.510828 -0.0434867
-0.027823 -0.181193 -0.78221
-0.557687 -0.604982 -0.196798
-0.0484127 -0.743582 -0.448316
-0.157524 0.842091 -0.00263781
-0.579382 0.447197 -0.415283
0.598149 -0.137234 -0.571806
-0.578675 0.0859144 -0.595055
-0.374381 0.0663379 0.81925
-0.4961 -0.40428 0.713554
-0.622605 0.423172 -0.37431
0.0565006 0.449489 0.647065
0.669408 0.155053 -0.410149
0.680857 -0.0067299 0.389203
-0.621372 0.551451 0.104701
0.47342 -0.199982 0.628414
-0.39037 -0.534155 0.728465
-0.393354 -0.603757 0.669448
-0.827824 0.122544 0.263271
-0.729139 0.43219 0.140174
-0.160116 -0.547656 -0.622865
-0.842454 0.10316 -0.0567836
-0.537653 0.568134 -0.306822
-0.752624 -0.393618 -0.115824
-0.191182 -0.83112 -0.0109414
0.536328 -0.682839 -0.249924
0.128913 -0.718677 0.549987
0.490993 -0.724886 -0.147816
0.431328 0.594366 -0.123941
0.574503 0.471734 -0.132935
0.607769 0.0103773 0.478584
0.755557 0.27255 -0.0630768
-0.738057 -0.479725 0.193637
-0.589377 -0.0542446 -0.560289
-0.702343 -0.580334 0.040987
-0.750993 -0.431219 0.262573
0.432951 0.482571 -0.382156
0.570022 -0.497798 0.381633
-0.686032 -0.53224 -0.0992701
0.364253 0.457278 0.438932
0.820081 -0.16646 -0.246726
0.529924 0.466499 -0.245613
-0.486035 -0.639663 -0.237702
-0.139081 0.70253 0.391967
0.244589 0.512479 -0.483786
0.173274 -0.378043 0.793521
-0.809305 0.216226 0.197297
-0.00859506 -0.417473 0.879904
0.650567 0.291949 -0.361532
0.51307 -0.456575 -0.572576
-0.866492 -0.0977865 0.195808
0.0348251 -0.304884 -0.770768
-0.36644 0.32261 0.673175
-0.439506 0.492729 -0.504701
0.0779973 0.545908 0.509011
0.187077 0.725448 -0.208104
0.249698 -0.797097 -0.298574
-0.591494 0.211484 -0.567109
0.86868 -0.188896 0.139352
0.595772 -0.198979 -0.579084
-0.54203 -0.365667 0.692827
-0.441822 -0.710563 -0.185608
-0.0669118 0.808657 0.126731
0.848773 -0.0684789 0.117768
0.71953 -0.496872 -0.133063
0.559137 -0.652552 -0.293184
0.670218 0.0911174 0.350848
0.492217 -0.707911 0.00250709
-0.536691 0.482872 -0.429807
-0.294365 0.6676 0.404336
0.151728 -0.213934 -0.776507
-0.020598 0.260578 -0.711825
-0.238082 -0.81273 0.339984
0.34618 -0.741146 0.260451
-0.213827 0.808125 -0.20819
0.486468 0.401139 -0.444635
0.323788 -0.636854 -0.56152
0.412549 -0.607257 -0.544454
-0.0869209 -0.487003 0.842
0.383537 0.480108 -0.431956
0.472741 0.411918 -0.446092
-0.55212 -0.312611 0.697698
-0.649859 -0.645545 0.16055
0.351671 -0.73867 0.258073
0.122136 0.106636 -0.774823
0.211939 -0.130467 0.829224
-0.727651 0.373277 -0.258769
0.221851 0.472801 0.530261
0.647329 0.395739 -0.180764
0.219686 0.3698 0.635842
-0.334264 -0.539147 -0.54113
0.837797 -0.188455 -0.189696
-0.824501 -0.196043 -0.0110538
0.636393 0.227211 0.295124
-0.788872 0.284969 0.177231
-0.779424 0.302497 0.212122
-0.632578 0.38124 0.409484
-0.303206 -0.810232 -0.0228695
0.33711 -0.765114 0.179799
-0.115887 0.557286 -0.561171
0.136474 -0.817648 -0.262975
-0.727615 -0.405714 -0.175452
-0.405101 0.741852 -0.083942
-0.03803 0.84581 0.0149407
-0.604587 0.318158 0.492676
-0.0372397 -0.854332 0.0199151
0.156405 -0.620872 0.668553
-0.380002 0.633848 -0.360811
0.209781 0.169085 0.790903
-0.805907 -0.295446 0.238687
-0.0787754 -0.845258 -0.0782749
0.851063 0.053262 -0.0245991
0.296356 0.654536 0.234049
-0.478261 -0.751906 -0.0400338
0.0349743 -0.852081 -0.0187953
-0.453379 -0.543614 -0.422195
-0.141243 -0.749865 0.527001
-0.621031 -0.213794 -0.473503
0.114074 -0.77619 -0.379839
0.424497 0.187899 0.590824
-0.821265 0.13753 -0.14629
0.434159 -0.113515 0.680748
0.531587 -0.011648 0.57199
-0.0566369 0.835163 -0.131464
-0.726282 -0.532642 0.0931462
0.562723 -0.535234 -0.446302
-0.361499 -0.433915 -0.583553
-0.0238828 -0.0672553 0.938107
0.10788 -0.433252 0.810856
-0.326355 0.609505 -0.420017
-0.105019 -0.121103 -0.772606
0.217962 0.735903 -0.164007
-0.644218 -0.555303 0.451439
-0.140769 -0.216447 -0.742431
0.438769 -0.0407966 0.664329
-0.138481 0.853905 -0.0359885
-0.765114 0.39545 -0.151276
0.874406 -0.232526 0.108425
0.473214 -0.443163 -0.602438
0.22103 0.740059 -0.150913
0.101116 -0.763413 0.49204
-0.536252 0.624363 0.0974097
-0.604133 0.414793 0.402929
-0.732278 -0.435163 0.344866
-0.59787 -0.427607 -0.352162
-0.672877 0.20428 -0.490057
0.755548 -0.229368 -0.379346
0.409745 0.341535 -0.566633
-0.0671771 -0.327486 -0.740548
-0.377118 -0.237907 0.826392
0.0926995 -0.536565 0.780284
-0.582847 0.544635 -0.266534
-0.170877 0.0649091 0.876183
0.416991 0.560376 0.217504
0.408057 0.546933 -0.293491
0.388727 0.53928 -0.335238
-0.440352 0.334555 -0.635142
0.474663 -0.506105 -0.567952
0.537773 0.39709 0.272062
0.662298 0.240378 0.237876
0.241798 -0.828721 0.102824
-0.0992646 0.731817 0.312242
0.562257 -0.347858 -0.588395
0.067394 -0.853463 0.33821
-0.313404 0.161735 -0.709612
-0.196321 -0.749937 0.505573
-0.826587 -0.192273 -0.00635138
-0.346162 0.722752 0.202548
0.344305 0.437005 -0.519387
0.419567 -0.512712 -0.595784
0.666514 -0.43552 0.301929
-0.517933 0.546208 0.347876
0.846421 -0.218373 0.20313
-0.112303 0.503196 -0.595743
-0.279401 0.760378 0.213219
0.676755 0.218277 -0.371433
-0.499181 0.596973 0.294442
0.32493 0.422818 -0.552448
-0.545696 0.305102 0.562586
-0.577971 0.56467 0.205088
0.655525 -0.454688 0.292823
-0.250054 0.43256 -0.617314
0.684751 -4.40941e-05 0.379973
-0.72548 -0.159023 0.55627
0.270502 0.689605 0.189719
0.419534 -0.746283 -0.253552
0.47862 -0.164872 -0.669781
0.110984 -0.715041 -0.519292
-0.593136 0.369065 0.460763
0.159785 -0.751607 -0.436138
0.196388 0.766488 0.00553934
-0.673539 -0.539192 0.368843
-0.0106633 -0.575502 -0.650007
0.756422 -0.362282 -0.304366
-0.839463 0.0709647 -0.0877023
-0.0087584 -0.859106 0.0409552
-0.53586 -0.685353 0.424439
-0.363295 -0.694303 -0.28388
-0.672582 0.0950225 0.528217
0.0225155 0.795009 -0.167996
0.633093 -0.597905 0.0164121
0.394554 0.048234 0.686099
-0.249883 0.65094 -0.407172
0.501118 0.455526 -0.323673
0.330773 -0.757588 -0.322574
-0.153404 0.522135 -0.584402
0.414137 -0.694136 0.286316
-0.804943 0.259374 0.0631582
-0.692667 0.269006 -0.408014
0.679613 0.177449 -0.386277
0.135375 -0.586675 0.724623
-0.796876 -0.067834 -0.211293
-0.518798 -0.661197 -0.161304
-0.251159 -0.71616 -0.349158
-0.826117 -0.0916905 -0.0855707
-0.494922 0.225399 0.664111
0.736876 0.0659578 -0.360741
0.685987 0.0178222 -0.449969
0.895776 -0.0994341 -0.0645267
0.588544 0.454976 0.109559
-0.301835 -0.253043 -0.679691
0.363637 -0.738884 -0.336601
0.329457 -0.275259 0.735315
-0.587326 0.457589 0.373595
0.506964 -0.397049 -0.607887
-0.546958 -0.624985 -0.180072
-0.60415 0.552817 -0.219276
-0.287334 0.455694 0.604563
0.315543 0.699935 0.102679
-0.0484882 0.731929 -0.325928
0.69853 -0.452201 0.211854
0.463533 0.256013 -0.594431
-0.515786 -0.648367 -0.185069
-0.550309 0.625317 0.0437082
-0.0898978 -0.19441 0.960933
0.597367 0.0340471 -0.547433
-0.309257 0.734724 0.236168
0.415906 -0.469986 0.557272
-0.609622 0.201766 -0.554848
-0.270078 0.00696334 -0.751634
0.186478 -0.47951 -0.695324
0.687306 -0.446799 0.242715
-0.516477 -0.455146 -0.452624
-0.468591 0.665319 0.144249
-0.181979 0.00790207 0.898379
-0.617291 -0.685439 0.197272
0.308694 0.664256 -0.21387
-0.394469 -0.786943 0.2887
0.0495876 0.72125 0.252161
0.459078 0.312096 0.46988
-0.499919 -0.722617 0.395381
-0.0322692 -0.0257478 -0.789415
-0.630195 -0.547433 0.507747
-0.166623 0.615351 -0.480267
-0.120268 -0.144027 0.960003
-0.81009 0.105924 -0.224816
-0.0779864 -0.8403 0.336142
-0.67323 0.40435 -0.312201
0.569183 0.434416 -0.242788
0.50455 -0.664274 0.151864
0.378329 0.506192 0.359024
0.583223 0.194942 0.406265
-0.30867 0.790665 -0.0191675
-0.0769375 -0.568539 0.787551
-0.0994533 0.844298 -0.142656
-0.824247 0.130626 0.273252
-0.588169 -0.483012 -0.324608
0.630915 -0.510069 -0.365396
0.466193 -0.175783 -0.676304
-0.565159 -0.0551389 0.722492
-0.400068 -0.727192 -0.201039
-0.639602 -0.00663069 0.610944
-0.601604 -0.462036 -0.320597
0.556579 -0.0618748 0.562144
0.313378 -0.731904 -0.398906
-0.226094 0.242364 -0.700055
0.0582312 0.753356 -0.232439
-0.32809 -0.0862311 -0.715481
0.156606 -0.8459 0.178397
0.203722 0.246406 0.748639
-0.0842449 -0.518937 -0.694038
-0.436966 -0.282075 -0.602752
0.536389 0.407722 -0.361945
0.223931 0.436385 0.567406
-0.541034 -0.506542 -0.370632
0.148854 0.321257 -0.690432
0.29878 -0.422988 -0.697302
0.365958 -0.520081 -0.62235
0.369604 0.264543 -0.644615
0.534887 0.256863 0.421169
-0.844405 0.114219 -0.0395838
0.752605 0.275392 -0.0509258
0.192706 -0.414188 -0.72649
0.544169 -0.674231 -0.0464082
-0.273532 0.775184 0.156007
-0.711002 -0.49263 -0.0979606
-0.690804 -0.434812 0.478261
0.3776 0.269037 0.600143
0.0829389 0.649617 -0.391038
-0.279168 0.463292 0.599804
0.039065 0.322906 -0.687006
-0.118086 -0.798231 0.420806
-0.3961 0.28412 0.687412
-0.0547474 0.161827 -0.740254
0.33521 0.180891 0.687263
-0.717086 0.322692 -0.320877
-0.810878 -0.237828 -0.0284644
0.437866 -0.394802 -0.648425
-0.338687 -0.0129779 -0.727678
-0.195332 0.195237 0.807919
-0.39749 0.385145 -0.614743
-0.613229 0.378361 -0.438137
0.851992 -0.165642 -0.164601
0.730345 0.27397 -0.197774
-0.27227 -0.126886 -0.723127
0.178175 -0.46706 0.756543
0.00907285 -0.646205 -0.573716
0.205069 0.71286 -0.22343
-0.467341 0.682455 -0.222183
0.119588 0.241104 -0.728304
-0.785554 0.328219 0.0228419
-0.669954 -0.564698 0.318081
-0.628857 -0.618143 0.354492
0.528471 0.44942 0.215214
-0.344645 0.46964 0.576808
-0.661463 -0.492245 0.488721
-0.0458189 0.669408 0.398639
-0.528692 0.105126 0.703579
-0.109769 0.700116 0.381327
-0.530405 -0.664077 -0.141565
0.217831 0.753696 0.0777392
-0.811499 0.154639 -0.186745
0.324258 0.500632 0.435469
0.181773 -0.822548 -0.218183
-0.662234 -0.588087 0.290375
0.435366 -0.558904 0.464978
0.338521 0.140001 -0.702918
0.239583 0.672981 -0.259718
0.547467 -0.0376641 -0.61262
-0.541403 0.26008 0.59995
-0.161817 -0.0830434 -0.764138
0.628891 -0.523487 0.234844
0.338392 0.665956 -0.156382
-0.210098 -0.766064 -0.30769
-0.000526988 0.690218 0.338559
-0.731943 0.333146 -0.287672
-0.15604 -0.0126749 0.912049
-0.763915 -0.0319324 0.455085
0.550733 -0.445819 0.435598
0.728374 -0.100342 -0.423967
-0.141277 -0.384374 -0.707313
-0.403861 -0.679385 0.591058
-0.616475 -0.367179 -0.369956
0.326879 0.222407 0.677077
-0.632985 -0.599134 0.386136
-0.523521 -0.46379 0.670358
-0.288907 -0.272622 0.856015
-0.673922 -0.531865 0.386176
-0.337363 -0.458646 -0.585187
-0.480154 0.0622304 -0.669398
0.786035 -0.17267 -0.331629
-0.311383 0.567475 0.496617
-0.456523 0.700447 0.0310889
0.0444458 0.74597 0.205563
0.494131 -0.702156 0.0315828
0.59762 -0.63085 -0.189857
-0.380028 -0.658659 0.630089
-0.411749 -0.254511 0.804391
0.0221194 0.334892 -0.680673
0.414612 -0.359564 0.620234
0.801622 0.170017 0.0160908
-0.0954581 -0.172018 -0.764762
0.861218 -0.278599 -0.060565
-0.576552 0.619145 -0.0553639
0.611295 0.0749558 -0.522899
-0.153199 -0.638251 -0.524753
-0.450987 -0.250074 0.785118
-0.504878 0.109887 0.723534
-0.773441 -0.400732 0.0560808
-0.401335 -0.276368 0.803242
0.718081 -0.0411905 -0.426645
-0.679217 0.423395 0.272753
0.181904 -0.830856 0.256436
-0.743464 -0.0595856 -0.412182
0.17034 0.732716 0.16284
-0.137343 -0.356777 0.900522
0.311543 0.11884 -0.720022
-0.42258 -0.383517 0.759625
-0.656798 -0.421344 -0.269133
-0.314067 -0.531281 0.771881
0.0443731 -0.833725 -0.228928
0.803167 0.150927 -0.157904
0.130053 -0.773279 -0.384858
-0.145545 -0.840287 0.240998
-0.100466 0.796599 0.17446
-0.579578 0.351363 -0.503317
-0.367411 0.76658 -0.0549226
-0.0317357 -0.847006 -0.194475
0.744897 0.240156 0.0708052
0.376439 0.597429 -0.239968
-0.751014 -0.445674 0.200108
-0.0337583 0.190338 0.849655
-0.404108 -0.155073 0.836163
0.805004 0.0663032 -0.233182
0.304663 -0.826888 -0.0625295
0.663846 -0.519564 0.172085
0.139163 -0.343358 0.826832
-0.458667 -0.294041 0.767767
-0.32142 0.152959 -0.710676
0.377843 -0.797578 -0.0797028
-0.85457 0.0998834 0.0261807
0.183241 -0.706078 -0.546647
-0.155862 0.792793 -0.267392
0.223982 -0.68048 0.541057
-0.653514 0.222832 -0.503511
-0.404768 -0.590589 0.673664
0.391452 0.579592 -0.251716
0.620247 0.112349 -0.494543
-0.700526 -0.583356 0.0827728
-0.354468 -0.272534 0.827292
0.381364 -0.805811 -0.158667
0.247743 -0.238892 0.802942
0.629221 -0.309588 0.434295
-0.170657 0.611028 -0.484625
-0.727853 0.079421 -0.464317
-0.14402 0.699927 0.395642
-0.0840588 -0.844573 -0.0757817
-0.0344532 -0.229561 0.949787
-0.410051 0.465664 0.545718
0.0644889 0.716823 0.252881
-0.534376 0.38942 0.50366
-0.481635 -0.642371 0.574105
-0.405699 0.711163 -0.22918
0.701482 -0.483713 0.155361
-0.288043 -0.595677 -0.501448
0.627652 -0.593227 0.0656807
-0.580952 -0.58431 -0.198039
-0.516596 0.0673644 -0.641607
-0.781655 0.151019 -0.332275
-0.537723 0.638504 -0.143819
-0.710212 0.270387 -0.378584
0.372367 0.530956 -0.36485
0.872647 -0.240035 -0.0580817
0.385542 0.345213 0.531194
-0.842225 -0.199186 0.214773
-0.243231 -0.00564769 -0.756757
-0.728834 0.436296 0.116672
0.379485 0.264933 -0.639869
-0.26515 -0.714102 0.564312
0.845235 0.00990366 0.0439449
0.322633 -0.692995 -0.482039
-0.522672 0.63819 -0.228607
-0.010774 -0.156329 -0.791711
-0.21684 -0.712879 0.585865
0.466146 -0.737157 -0.0815673
-0.104132 0.223819 -0.718614
-0.512572 0.66414 -0.000477269
-0.306027 0.689643 -0.328816
0.259929 0.551056 -0.418866
0.19517 0.262355 0.744485
0.362668 0.607425 0.229425
-0.645012 0.53861 -0.172515
0.398176 -0.492304 -0.618873
0.703764 -0.0423213 -0.442463
-0.654952 0.539948 -0.154104
0.600293 0.317564 0.266099
-0.78471 0.00460277 0.40948
-0.0781136 0.835742 0.060506
0.859059 -0.0585626 0.0702269
0.596055 -0.256248 0.492566
-0.491759 -0.71215 0.429854
-0.136071 -0.524172 0.82102
0.334426 -0.411866 0.658192
0.13527 -0.333582 0.832858
-0.821141 -0.230615 0.303456
0.876835 -0.0246838 -0.0303872
0.659858 -0.562749 -0.162258
-0.239815 0.773148 -0.256549
-0.204483 -0.720375 0.572792
0.202135 0.133086 -0.761055
0.88346 -0.144733 -0.0938556
0.497036 -0.219558 0.600889
-0.207818 -0.807331 0.364515
-0.0689778 -0.849949 0.0264181
-0.00771885 -0.474614 0.842347
-0.208952 -0.625893 0.747446
-0.375422 0.33648 -0.648794
-0.657573 -0.55209 0.403346
-0.577054 -0.0694492 0.712039
-0.812503 -0.124851 -0.110033
-0.143477 -0.843338 0.162919
0.0461838 -0.545847 0.79034
-0.200974 -0.571426 -0.574754
-0.59945 -0.203465 0.682285
-0.0214188 -0.754659 0.541416
0.0183883 0.698525 -0.349787
-0.569594 0.601545 0.0841778
0.859223 -0.00354911 -0.125567
-0.570577 -0.694227 0.358957
-0.239516 0.765027 0.240491
-0.584974 0.537104 0.271455
-0.561179 -0.698466 0.364023
-0.0321039 0.0240125 0.930072
-0.606976 -0.246842 0.663754
0.667885 -0.258737 -0.498085
0.0502015 0.826605 -0.0161206
0.229411 -0.66945 -0.578369
0.785639 0.112253 -0.243295
0.855843 -0.280241 -0.0785096
0.681445 -0.292261 -0.478028
0.657252 -0.572812 -0.123651
-0.0893981 -0.848962 0.29716
-0.447915 -0.771849 0.101795
-0.198555 -0.286989 0.891884
0.868432 -0.187803 -0.110787
0.109851 0.582148 0.446578
0.795879 -0.208556 -0.287883
-0.342589 -0.46365 0.77738
0.445785 0.445002 0.34304
0.0989292 0.436461 0.642894
0.110572 -0.494554 -0.699346
-0.398323 -0.556007 -0.461182
-0.395932 0.572168 0.432094
-0.412295 -0.409873 0.757045
-0.177443 -0.690257 0.65492
-0.717361 0.0748462 -0.478299
-0.384161 -0.268386 -0.641557
-0.226868 -0.331765 0.867791
0.597196 -0.088679 0.528298
-0.16738 -0.825371 -0.147379
0.753038 -0.218958 0.346344
0.0203496 -0.148332 -0.796023
-0.384293 0.261977 -0.676514
-0.4393 -0.262128 -0.6091
-0.727176 -0.524677 0.0110501
-0.550491 -0.0282477 -0.596246
0.257053 0.702148 -0.200471
-0.373509 0.755422 0.0371682
-0.501458 0.671089 0.00692407
0.380638 0.568987 0.2607
0.570221 -0.637063 -0.296125
0.430376 -0.518956 0.509686
-0.0948099 -0.691973 0.661339
0.732224 -0.35253 -0.356209
-0.82255 0.202274 0.0524676
-0.858851 0.0515375 0.173946
0.350012 0.198799 0.663917
0.032405 -0.136408 0.914441
0.792436 0.179776 -0.144469
0.194578 -0.831241 0.215468
0.562155 -0.321588 0.495198
-0.673852 0.412137 0.299063
-0.650509 0.301215 0.452855
-0.642712 0.117527 -0.54804
0.401159 0.19849 0.611362
0.507832 0.0583698 0.564809
-0.185237 -0.83203 -0.00929904
-0.713337 0.460076 0.117787
-0.497927 -0.347014 0.729631
-0.0708478 0.786818 0.1849
0.553829 0.499536 0.0115973
0.861441 -0.258213 -0.080484
0.659533 -0.574672 0.0356285
0.575127 -0.636021 -0.286457
0.839418 0.0469325 -0.15918
0.186972 0.50525 0.514877
0.554567 0.432971 0.199053
-0.282146 0.2025 -0.703321
-0.0974326 -0.765055 0.507748
-0.219966 -0.806065 -0.177279
-0.19552 0.0649788 0.869337
-0.614875 -0.311102 -0.414559
0.701948 -0.44702 0.213429
0.758713 -0.461355 -0.0426052
0.684646 -0.360853 0.338024
0.569107 -0.540627 0.319574
0.806714 -0.165961 -0.281557
-0.645488 0.506793 -0.218427
-0.0275485 0.73609 0.264581
0.684757 0.343748 -0.203281
-0.529934 -0.426877 -0.45387
0.172488 -0.492683 -0.690954
-0.66134 -0.351374 0.576464
0.0932336 -0.137711 0.8857
0.384819 0.57294 -0.278873
-0.490368 0.420601 -0.533762
0.712678 0.325905 -0.0647398
-0.329872 0.0596981 -0.731751
-0.3412 -0.795464 -0.0779881
-0.728418 -0.495448 0.23017
-0.415235 0.133999 -0.703237
-0.146277 -0.164938 -0.751569
-0.329767 -0.70268 0.565822
-0.496712 0.511188 0.408444
-0.519842 0.0894133 0.720814
-0.117713 -0.709115 -0.463775
-0.776192 -0.38536 0.178444
0.463995 0.434475 0.330569
-0.564519 -0.558733 -0.259157
-0.0429781 -0.622849 -0.587986
0.224311 0.636169 0.305226
-0.660844 -0.368963 -0.302547
0.789027 -0.372787 0.16072
-0.614616 0.15496 0.577288
0.304714 0.139949 0.737193
0.679039 -0.243168 -0.489536
0.536413 -0.41993 0.467414
0.0449601 0.474095 0.619385
0.347135 0.669458 -0.0682978
-0.366441 -0.340636 -0.623864
-0.187337 0.128711 0.841524
0.134907 0.709322 0.229458
-0.500348 -0.707432 0.430339
-0.16808 -0.828619 0.329178
0.579335 0.443156 -0.204543
-0.549501 0.275313 -0.575072
0.3527 -0.721692 -0.38705
0.624254 -0.283115 0.451801
-0.0624362 -0.351519 -0.736911
0.54085 0.305319 -0.479269
-0.385718 0.146568 -0.704009
-0.243826 0.616488 0.46643
0.282416 -0.775503 0.265155
0.254313 -0.7699 0.351985
0.00554496 -0.436251 -0.734488
0.617637 -0.511987 0.275567
0.445979 -0.746518 -0.219151
-0.764335 -0.432716 0.0655228
-0.218288 -0.758857 0.475862
-0.189764 0.688337 0.401731
0.605338 0.365245 -0.318644
0.689263 -0.176187 -0.477459
0.531412 -0.446167 0.456473
-0.319586 -0.811059 0.0300272
-0.854028 0.097372 0.0466498
0.327988 -0.128128 -0.738809
-0.74746 -0.43506 0.284237
-0.761498 -0.105116 0.478015
-0.797299 0.0290783 0.380885
-0.642132 0.492527 -0.24492
0.807504 0.0202657 0.138233
-0.517822 0.530188 0.366074
-0.139929 -0.805593 0.394853
-0.465537 -0.765991 0.0876997
0.348926 0.183091 0.672137
-0.460581 0.4995 -0.488034
-0.0958717 0.344282 -0.669782
-0.743446 -0.138837 -0.351167
-0.0841248 -0.313003 -0.738673
-0.703653 -0.0684953 0.555893
0.0150234 -0.18086 -0.792167
0.339609 -0.737664 -0.361405
-0.642503 0.458673 0.286418
-0.6937 -0.175139 -0.399554
0.226859 0.121754 -0.753672
-0.379413 -0.581299 -0.442995
0.803144 -0.373533 -0.175922
0.307406 0.269991 -0.670924
0.031144 0.190533 -0.743278
-0.37835 -0.785935 -0.089937
-0.00728178 -0.169909 -0.789684
0.172352 0.779718 -0.0224041
-0.39317 0.380013 -0.620222
-0.498842 0.581332 0.323884
-0.782659 0.356711 -0.0703298
0.203213 -0.181535 0.831044
-0.207143 -0.809475 -0.17741
-0.372844 0.222795 -0.687543
-0.688948 0.18502 0.466893
-0.0818896 -0.850157 0.0927278
-0.35884 -0.797512 -0.0266956
-0.545008 -0.574263 -0.260905
0.0286336 0.61161 -0.477333
0.566584 -0.604497 0.18594
0.847815 0.0586574 -0.0189868
-0.0698238 -0.46129 -0.711918
0.404758 -0.682343 -0.425277
0.055045 -0.740682 0.540865
-0.15117 -0.146086 0.946426
0.259246 0.489786 0.489743
-0.296357 -0.640748 -0.424996
-0.0908047 -0.676407 0.68375
-0.642862 -0.168383 -0.47426
0.553359 0.309426 0.344354
-0.600138 -0.109231 -0.534606
-0.752311 -0.241918 0.479945
-0.601262 -0.0440217 -0.554351
-0.100836 0.653594 0.444781
0.623289 0.42757 -0.0201805
0.128424 -0.550215 -0.668341
-0.555425 -0.197639 0.724257
0.476267 -0.618093 0.339103
-0.130638 0.792242 0.20025
-0.170753 0.812966 0.123354
0.107653 -0.616998 0.71198
0.0838577 -0.223721 0.892314
0.508576 0.201386 0.48776
-0.80898 -0.0553443 -0.175646
-0.477456 -0.762492 0.101567
-0.561242 0.586427 0.177838
-0.383144 0.736542 0.0806671
0.511815 -0.466164 0.465368
-0.814475 0.254781 -0.0667695
-0.0266431 -0.741485 0.564968
0.157603 -0.838548 -0.0773326
-0.725095 -0.0211585 0.505962
-0.546919 -0.289896 -0.505481
0.590689 0.467249 -0.0872574
0.0235073 0.745849 0.217227
0.0458838 -0.0381534 -0.792766
-0.474974 0.570695 -0.383284
-0.583465 -0.344162 -0.436439
-0.380377 0.258937 0.710015
-0.128287 -0.774432 0.473521
0.0842107 -0.699612 -0.530547
0.0903056 0.746561 -0.226627
-0.407742 0.732833 -0.12143
0.208504 -0.504065 0.712273
-0.784803 -0.267229 -0.100964
-0.631186 0.171349 0.550223
0.578999 -0.268883 -0.584482
0.431944 0.291098 -0.592281
-0.101509 0.0694702 -0.757632
0.0270682 0.614594 -0.47367
0.810087 0.0413142 0.113545
-0.408085 -0.441301 0.749738
-0.183616 0.842508 -0.0682927
0.719685 0.3078 0.0569821
-0.555025 -0.238204 0.714979
0.445459 0.375971 0.436805
0.0673176 0.816252 -0.0390641
0.282278 0.558075 -0.393358
0.00114886 0.733561 -0.297511
-0.503174 0.133921 -0.646421
0.162838 0.688868 -0.2892
0.662162 0.380235 0.0276839
0.0765848 -0.255644 0.894387
-0.00264463 -0.86697 0.264126
0.00165379 -0.847796 -0.135745
-0.198036 -0.300312 0.888637
0.53596 0.515234 0.0578298
-0.680453 -0.26904 -0.34858
-0.110523 0.284057 -0.695297
0.0108898 -0.0486934 -0.79784
-0.623723 0.431326 0.360645
0.18461 -0.38248 -0.741297
-0.0921152 -0.773336 -0.385092
-0.625428 -0.653526 0.0604654
0.338474 0.36447 0.565158
0.563262 -0.594654 -0.389259
0.596283 -0.635731 -0.103135
-0.547059 0.497631 -0.394741
-0.083853 0.310056 -0.686047
0.29687 -0.681542 0.46979
0.5331 -0.383424 0.49385
-0.512102 0.619308 0.205213
-0.139955 -0.840439 0.05032
0.758474 -0.0180829 -0.370304
-0.105417 0.859731 -0.0143755
-0.188242 0.259556 -0.697533
0.42079 0.0838058 0.642986
0.583017 0.264731 -0.470888
-0.463037 0.669622 0.141208
-0.554666 -0.619363 0.523938
0.590621 -0.524947 -0.413731
0.243205 0.465424 -0.550218
-0.0713507 -0.0222494 -0.783933
-0.264619 -0.82099 0.126447
0.73604 -0.471925 -0.162274
-0.115248 0.641475 0.460858
-0.383641 -0.767803 -0.153225
-0.722269 -0.318779 -0.248866
-0.732024 -0.483535 -0.0521286
-0.830215 -0.211893 0.276833
-0.628736 -0.639279 0.300312
0.498788 0.448816 0.259847
-0.373649 -0.577285 0.702668
0.267689 0.572458 0.388503
-0.704587 -0.542605 0.205683
0.694464 0.302149 0.116878
-0.818885 0.147953 0.279951
-0.685518 -0.208883 -0.386331
-0.0229083 -0.00540948 0.93475
-0.0172263 -0.863676 0.296872
0.457599 -0.68689 0.198826
-0.7161 -0.537935 -0.0103834
-0.438557 -0.50025 0.715873
-0.235039 -0.477032 -0.631949
-0.720088 -0.143265 0.56548
0.269714 0.724194 -0.0624493
-0.221349 -0.814796 0.341525
0.482718 -0.564144 -0.519679
0.305581 -0.820298 -0.0059992
-0.0263178 0.592286 0.493454
0.592998 -0.404421 0.415335
-0.13531 0.647492 -0.448144
0.739528 -0.370347 -0.330664
0.796562 -0.28232 -0.248536
-0.84762 -0.133756 0.284595
0.73002 -0.415635 -0.30191
-0.535398 0.347255 -0.54849
-0.156998 -0.508946 0.82976
0.0634273 -0.843488 -0.12336
-0.749929 -0.240368 -0.249188
0.388136 0.646467 0.0320277
-0.686539 -0.281236 -0.330336
0.0247926 -0.86214 0.135171
-0.0362865 -0.516387 0.817758
-0.551251 0.609286 -0.223923
-0.662225 -0.352468 0.574973
0.561047 -0.506046 0.386692
0.27302 -0.825494 0.0441055
-0.318103 -0.805077 0.242282
-0.0611934 -0.618577 -0.58851
-0.102727 0.0880323 -0.752886
0.806674 0.128156 -0.183181
0.232874 -0.765784 -0.388168
0.661909 -0.448279 0.290515
0.513815 0.122401 -0.606176
-0.496605 0.19437 -0.642292
-0.0968387 0.374214 0.726295
0.855145 -0.270986 -0.090469
0.78524 0.137956 -0.228581
-0.112086 -0.150302 -0.764485
0.426632 -0.730455 0.119844
0.142349 -0.395188 0.805145
-0.116544 -0.813437 -0.241656
-0.121817 0.503553 -0.594968
0.285592 -0.210997 0.78544
-0.376299 0.626422 -0.372191
0.660572 0.226835 0.253348
0.181459 0.399289 0.631587
0.717439 0.166581 0.200297
-0.240853 -0.105114 0.916322
0.233539 -0.532456 0.675665
-0.873347 -0.0390702 0.106105
0.069087 -0.719599 0.56855
0.0502101 -0.037068 0.901946
-0.20283 -0.296964 0.887408
0.782977 -0.233147 -0.308728
0.672631 -0.509918 -0.293166
-0.584181 0.0215461 -0.583856
-0.480806 -0.474045 -0.483446
-0.203348 -0.423062 -0.672679
0.279827 0.648439 -0.263326
-0.760911 -0.40991 0.247064
-0.665805 0.136256 -0.523071
0.416588 -0.754636 -0.237153
-0.710974 -0.505686 0.296398
-0.34528 0.737378 0.155377
-0.670076 -0.334549 0.574679
-0.191564 -0.571764 -0.579306
0.531741 -0.693096 -0.141467
-0.738596 -0.148092 -0.353067
0.295829 -0.322129 0.737873
0.863243 -0.0605734 -0.136
-0.335637 -0.148086 0.867817
-0.510562 -0.209876 -0.570036
-0.129646 -0.709135 -0.457497
0.0472196 -0.851575 0.343424
-0.783321 -0.29708 0.37812
-0.698683 -0.323105 -0.280729
0.192689 -0.831481 -0.147388
-0.465424 0.302926 -0.641206
0.733989 0.246712 0.087435
-0.0405334 -0.844827 0.33982
-0.101902 -0.75082 0.53991
-0.234957 -0.723805 -0.351709
0.0122727 -0.665824 0.667878
0.64595 0.386307 0.125907
-0.607591 -0.401705 -0.357189
-0.538876 0.439718 0.445582
-0.386453 -0.0211227 0.856524
-0.759575 -0.105491 0.481937
-0.691884 -0.593685 0.0548726
0.0447375 -0.776861 0.489082
-0.528177 0.59732 0.24623
-0.635158 0.0329113 0.60064
-0.505156 -0.73817 0.352613
-0.460527 0.00416166 -0.671012
-0.383677 -0.624986 -0.372235
-0.409572 0.397773 -0.599947
-0.634753 -0.503427 -0.239478
0.393198 -0.770126 -0.22968
0.141567 -0.841525 0.266598
-0.485424 -0.745516 -0.0404374
-0.545372 -0.727449 0.0732766
-0.636071 -0.584295 0.411415
-0.0192695 0.316525 0.775133
-0.718125 0.418355 -0.214908
-0.772622 -0.369925 -0.0242976
-0.24569 -0.128776 0.91049
0.641003 0.390443 -0.204265
-0.79031 0.27845 -0.219922
0.105298 -0.181566 0.881731
0.794385 -0.052112 0.232466
-0.359493 -0.289151 0.820755
-0.250523 0.617835 0.464086
0.897089 -0.188261 0.0138063
0.501737 0.544509 -0.049332
-0.635614 -0.556292 -0.162044
0.658244 -0.578214 0.0142179
0.152691 0.773512 0.0873761
0.113309 -0.84834 0.025635
-0.534437 -0.0517315 -0.601529
-0.0227494 0.36325 0.742005
-0.555002 0.625202 -0.1467
-0.819949 0.210397 0.0555188
0.0336933 -0.833352 -0.231518
-0.172573 0.653312 -0.433175
0.754115 -0.20001 0.342651
-0.129783 0.816618 0.127312
0.577918 -0.3712 0.452563
-0.0588205 -0.674351 -0.52516
0.425371 -0.706394 -0.342388
-0.825469 0.00982628 -0.143779
-0.0051416 0.12667 0.886129
0.0297854 0.805259 -0.138821
0.206595 0.701991 -0.243181
0.748099 -0.473274 -0.0747037
-0.429547 -0.404028 -0.555871
0.674691 -0.566211 0.00358712
-0.420292 -0.0933195 0.844932
0.224006 0.324234 0.674634
0.480186 -0.7281 -0.211992
0.343313 -0.128151 0.750974
0.457305 -0.747113 -0.116448
-0.00472619 0.215764 0.835251
-0.807148 0.228467 0.173871
-0.81391 0.00157713 -0.19691
-0.712274 -0.346708 -0.242722
-0.663433 -0.48991 0.485885
0.456257 -0.483124 0.511796
0.0970332 -0.0867447 0.881851
0.185076 0.516663 -0.519581
-0.783987 0.190694 -0.300022
-0.671424 0.228802 -0.472466
-0.304166 -0.811428 0.153457
0.0128734 -0.843313 0.360537
-0.0114472 0.134177 -0.752222
-0.751798 -0.368507 -0.14311
0.317514 0.644735 0.225399
0.786929 0.0579866 -0.27349
-0.824519 -0.00936989 0.333666
-0.262635 -0.652156 0.695814
0.611018 -0.0987734 -0.552113
0.764186 0.255459 -0.106416
0.283086 -0.67552 0.489367
-0.753525 -0.305724 0.457147
-0.655738 0.0677704 0.561229
-0.753126 -0.438058 0.210065
-0.363746 -0.599782 -0.428452
0.344587 -0.591669 0.518024
-0.844539 -0.020084 0.276388
-0.318493 0.643262 0.420085
-0.818923 -0.237992 0.30374
-0.446622 0.687446 -0.246244
-0.192136 -0.541939 0.808576
-0.274482 0.0443147 0.85726
-0.3692 -0.792058 0.29538
-0.803242 -0.315975 0.0732224
0.439857 0.0444376 -0.663471
0.212285 0.270418 0.728452
-0.133458 -0.241392 0.931353
0.334531 0.50191 0.422862
0.25118 -0.619131 0.579156
-0.765548 0.128375 0.385808
0.336851 0.687465 0.0333237
-0.733062 0.102146 -0.448617
0.576045 -0.406158 0.432756
0.101735 0.428055 0.650061
0.444469 -0.692611 -0.351229
-0.207592 -0.818759 -0.128708
-0.51469 0.209256 0.655208
-0.82708 -0.204532 0.316759
-0.802186 0.0733595 0.355275
0.171809 0.729258 -0.210189
-0.672687 -0.000514374 0.567541
0.769629 -0.427115 -0.186739
-0.51367 -0.68766 -0.123502
-0.695568 0.496217 -0.111298
-0.389547 -0.329772 0.793259
-0.24073 0.652057 -0.410477
0.000890586 -0.19743 -0.785808
-0.399667 0.0736521 -0.719552
0.132532 0.549224 -0.510643
0.0524481 0.632845 -0.432604
0.567111 -0.269195 -0.596205
0.303425 -0.823846 -0.123738
-0.0982806 0.700567 0.37416
0.22209 0.6395 -0.321147
-0.346641 0.379945 0.642745
-0.0619125 0.749952 0.255623
-0.33393 -0.309607 0.826628
-0.741545 0.0450968 0.454754
-0.112026 0.84405 0.048394
0.0754468 -0.854359 0.330307
0.395168 -0.0970015 0.709942
-0.173046 0.749513 0.290089
-0.0684402 -0.617475 -0.588033
-0.0606519 0.76506 -0.274362
0.0899832 -0.444197 0.817192
-0.214717 -0.506396 0.827572
0.527267 -0.130789 0.590549
-0.29139 -0.367357 0.830218
0.0199856 -0.858737 0.071824
-0.261258 0.738194 0.285088
0.426828 0.466632 0.341496
0.321326 0.677949 -0.163362
0.497031 -0.613936 0.306433
0.069332 -0.815782 -0.277856
-0.294831 -0.567392 0.756538
-0.607231 -0.0425696 0.665384
-0.363709 -0.76416 0.407118
0.0476685 0.583675 -0.508167
0.318776 -0.361912 -0.713466
-0.752834 -0.0823066 0.491696
0.433708 -0.715095 -0.310713
0.629121 -0.398272 0.379743
-0.778417 -0.262837 0.418889
0.625457 -0.563809 -0.303351
-0.337122 -0.372503 0.80786
0.00745135 -0.276124 0.929958
0.00329076 -0.852428 -0.0562269
-0.0120175 -0.718071 -0.486291
-0.764206 -0.408691 0.216093
0.554047 -0.183007 -0.622966
0.699586 -0.395353 0.291607
0.125068 0.291594 0.760292
-0.652463 -0.473431 -0.235984
-0.296127 -0.799438 -0.128269
0.315974 -0.821914 -0.0453446
-0.490094 0.631111 -0.291371
0.29676 -0.466663 0.659423
-0.102833 0.114223 0.871722
0.355953 -0.459698 0.614027
-0.367525 -0.791064 -0.0663686
-0.262783 -0.541031 0.795872
0.143529 0.217197 -0.740395
-0.336708 -0.564148 0.734912
0.294951 -0.428075 0.682116
0.373971 -0.167055 0.728033
0.27036 0.371667 -0.626214
0.773467 -0.43449 -0.0809723
-0.169328 0.228314 0.799499
-0.369321 0.131546 -0.709664
-0.833854 0.108029 0.247859
-0.526505 -0.516243 -0.374809
0.0869809 0.797438 0.0741656
0.102457 0.591618 -0.468049
0.112979 0.341844 -0.68253
0.402712 0.113844 0.648031
0.643362 -0.489651 0.260648
-0.134909 0.164637 -0.730093
-0.201119 0.473572 0.610991
0.145051 -0.515325 -0.683953
-0.74823 -0.342901 -0.175978
-0.759259 -0.445902 0.099574
-0.365047 0.111624 -0.71494
-0.810987 -0.130055 -0.111541
-0.392859 -0.528962 -0.507162
0.470973 0.135429 -0.630317
0.80875 0.190445 -0.0337959
0.544212 -0.0882754 -0.623591
-0.809307 0.138669 -0.208301
-0.101384 -0.010006 -0.777352
0.766154 -0.373655 -0.278556
-0.641609 -0.328754 0.605472
0.0646473 0.786339 -0.158195
0.244097 -0.739099 0.460281
-0.817321 -0.185833 -0.0451963
0.337334 0.0861003 -0.711116
0.855558 -0.118282 0.148527
-0.685632 0.00834855 -0.504826
-0.612805 -0.617735 -0.0695927
0.182021 -0.144103 0.843927
0.116218 0.463876 0.601405
0.659333 0.277413 0.208956
0.527612 -0.301819 0.538892
-0.204119 -0.665267 0.703932
-0.490094 0.402049 -0.549752
-0.369712 -0.461783 0.763695
-0.82607 0.103391 0.304826
0.252765 0.548162 0.428499
0.326538 0.693269 0.0314244
0.218797 -0.229233 -0.762
-0.120825 0.204783 0.824012
-0.113274 0.387916 -0.648624
0.712427 -0.328026 -0.40962
-0.775298 0.272878 0.277257
0.0516601 0.29965 0.782862
-0.553986 -0.312157 -0.490128
0.104677 -0.140107 -0.784839
0.589954 -0.250198 0.500816
0.264835 -0.608011 0.577664
0.674956 0.00693546 0.391569
-0.502577 0.0948487 0.734637
-0.17098 -0.140092 0.939455
-0.526612 -0.699068 0.411228
-0.243873 -0.0549323 0.904972
-0.329899 -0.616793 -0.432184
-0.451321 0.572003 0.379959
-0.826697 0.0619955 -0.151621
-0.665246 -0.594619 0.25262
-0.0236363 -0.42792 0.87453
0.243832 -0.6874 0.514702
0.0985607 0.771115 0.12275
0.267394 -0.327462 -0.737527
-0.544097 -0.281022 -0.511606
0.637242 -0.519519 -0.346402
-0.211797 -0.268388 -0.711113
-0.0145441 -0.821364 0.404096
0.552685 0.448722 -0.242415
0.410499 -0.39049 0.606672
0.152107 0.53197 -0.521168
0.375542 -0.457411 0.598994
-0.388955 -0.764207 -0.15406
0.495268 -0.722214 -0.169769
-0.655715 -0.507676 -0.204945
0.819641 -0.242398 -0.209177
-0.419492 0.0359282 0.821129
0.660044 -0.578608 -0.00491356
-0.577079 0.47965 -0.371459
0.336577 -0.780285 0.108105
-0.374254 -0.794499 0.183145
-0.15073 0.782881 -0.280004
0.575142 -0.641396 -0.276283
-0.0018528 0.556732 -0.55775
0.798349 0.207464 -0.0460472
0.782088 -0.00963675 0.221259
0.103703 0.00256027 -0.783405
0.722472 0.275552 -0.216181
-0.277124 -0.397684 0.828563
0.590375 0.428621 0.148679
-0.282395 0.205869 0.775109
0.611253 -0.246896 -0.556067
-0.515362 0.640714 0.0963449
-0.415934 -0.747647 0.42569
-0.850536 0.0987822 0.0935448
-0.763095 -0.283475 -0.167695
0.471485 -0.466401 -0.590995
-0.052981 -0.523411 -0.695102
-0.460267 0.135316 -0.676605
-0.16854 0.124484 0.848715
0.721498 0.298087 0.0638063
-0.671166 -0.297632 -0.340881
0.0546692 0.621641 -0.448308
0.253854 0.516359 -0.471849
-0.43615 0.711749 0.051188
0.496005 0.517769 -0.194649
0.161469 -0.436842 0.777983
0.493226 -0.215232 0.605595
-0.487073 0.303059 -0.620123
-0.0845688 0.366792 0.734903
-0.776853 -0.402431 0.0884751
-0.726246 -0.47029 0.311226
-0.370925 0.646503 0.354254
0.409475 -0.167576 0.698259
0.0947041 -0.0672611 0.882159
-0.790163 -0.10948 0.421151
-0.0942029 -0.84812 0.0845127
0.311781 -0.328486 0.722071
-0.0557543 0.61974 -0.486636
0.510057 0.385037 0.32936
0.690452 -0.241073 0.405972
-0.21379 0.163076 -0.721166
0.188191 0.46279 -0.583642
-0.497515 -0.396045 -0.503314
-0.759 -0.314415 0.434625
0.0649644 0.56899 -0.521774
0.171884 -0.846728 0.0786489
-0.0772982 -0.627351 -0.574587
-0.0421605 0.739535 0.265667
-0.455226 -0.713445 -0.164455
0.280215 0.667211 -0.234331
-0.782464 0.229925 -0.275958
0.40149 -0.435622 0.589382
-0.607605 0.151413 0.587385
0.181165 0.599141 -0.406485
0.311154 0.702515 0.0751599
0.0562013 0.744172 -0.250631
-0.219368 -0.789534 0.402422
-0.0209161 0.555518 0.540068
-0.576485 -0.12097 -0.549037
0.290962 0.300426 0.656793
-0.268847 -0.4839 0.809705
-0.543103 -0.0147477 0.733652
-0.521753 -0.00715643 -0.623071
0.863309 -0.165158 0.165904
-0.146676 0.531187 -0.580678
-0.53967 0.38008 0.506235
0.219808 0.27715 -0.700794
0.308245 -0.809743 0.0380674
-0.0396744 -0.854571 0.0388
-0.447898 0.681497 -0.256783
-0.427854 0.659277 0.245423
-0.457933 0.698391 -0.144387
0.0171172 0.773394 -0.216587
-0.648039 -0.453466 -0.257852
0.476987 0.470484 -0.335308
-0.348984 -0.524864 -0.548404
-0.857583 -0.167469 0.134447
0.651273 -0.579629 -0.125381
0.338007 -0.224416 0.754482
-0.163806 -0.378602 0.883226
0.580442 -0.650141 -0.0949208
0.214568 0.300479 -0.691621
-0.395676 -0.464959 -0.548681
-0.668023 0.332915 0.402425
0.212942 0.69704 -0.2454
0.530694 -0.4789 0.436796
0.85546 -0.316526 -0.0416399
0.257137 0.625376 0.305245
0.765799 -0.454628 0.0647133
0.596358 -0.633457 -0.0518649
-0.702276 0.481145 0.0631331
0.320748 -0.0399877 0.763356
-0.332391 0.509063 -0.542409
-0.488501 -0.676067 0.508391
0.40809 0.443209 0.400953
0.108933 0.48798 -0.598084
-0.146447 0.663146 0.435611
0.435456 -0.729241 0.10333
-0.526218 0.199323 -0.6206
-0.0799996 0.755164 0.255074
-0.291303 0.726394 0.27971
0.317392 0.443528 -0.529035
0.748644 0.274436 0.026297
0.418775 -0.00620446 0.675976
0.313848 -0.458535 -0.680921
0.349202 -0.142914 0.746677
-0.64584 0.199253 0.52013
-0.761989 0.0939879 0.40536
-0.28482 -0.578886 0.75241
0.862213 -0.0474323 0.0467326
0.791227 -0.224357 0.289297
-0.176528 -0.154342 -0.745043
-0.241857 -0.613152 -0.506463
0.0379396 -0.635573 -0.59283
0.239785 -0.529128 -0.660895
-0.282016 0.0553088 0.849989
-0.00744051 0.139438 0.878828
-0.508316 -0.643005 0.543702
0.571908 0.449789 0.144929
-0.658173 -0.626503 0.0658547
-0.399297 0.277759 0.690116
-0.0605007 0.842763 -0.103975
-0.214688 0.681483 -0.38641
0.242498 -0.658436 0.546332
0.149506 0.51918 -0.540875
-0.698528 -0.573298 0.131013
0.0226531 -0.852537 -0.027986
-0.566693 -0.434465 0.638417
0.3171 -0.170167 -0.742835
0.49111 0.136353 -0.618996
-0.799706 -0.185911 -0.109497
0.399069 0.547128 0.265733
-0.801614 -0.0560563 -0.202505
-0.861458 0.00583789 0.0335668
-0.501784 0.663395 0.0407918
0.0318391 -0.862744 0.154859
-0.684189 -0.129655 -0.447962
0.10542 -0.843528 -0.0654223
-0.329032 0.758513 -0.185126
-0.632646 -0.564969 0.474763
0.220324 -0.743582 0.475458
0.122772 -0.582623 -0.649875
-0.0351211 0.517589 -0.594092
-0.603294 -0.625607 0.443856
0.316651 -0.71487 0.410629
0.100381 -0.176154 0.883843
-0.311083 0.392162 0.648116
0.44637 -0.732839 0.04759
0.763224 0.247731 0.0247792
-0.0162027 -0.544035 0.797655
-0.533938 -0.350908 -0.491057
-0.754163 0.199956 -0.354605
-0.294667 0.784644 0.0497862
0.00802544 0.0622553 -0.772354
0.460991 -0.746848 -0.171677
0.0790902 -0.803862 0.437402
0.634863 -0.0796379 0.49237
0.384816 -0.239476 -0.712943
-0.764668 -0.0784056 -0.320781
0.1111 -0.84802 0.0172895
-0.0319772 0.535231 0.572015
-0.725823 0.434499 -0.179327
-0.597611 0.551171 0.186448
0.851528 -0.0811272 0.121906
0.715631 -0.0364933 0.350468
0.451728 -0.547391 0.461291
-0.77917 -0.222566 -0.156137
-0.325753 0.758623 -0.191181
0.729733 0.105349 0.232964
0.622193 0.07142 0.426755
-0.831866 0.116362 -0.104009
-0.0744695 0.399525 0.703694
0.209168 0.027483 -0.768397
-0.6121 0.176713 -0.559813
-0.43712 0.086817 -0.700044
-0.540434 0.32574 0.550746
0.386216 -0.366846 0.639848
-0.213033 0.527863 -0.575921
-0.0675434 -0.647539 -0.553793
0.558693 0.147564 0.459935
-0.269519 -0.521545 -0.592828
0.405375 0.139784 0.633559
-0.833649 -0.00712874 -0.0980003
-0.0110374 -0.772447 0.508787
-0.142993 -0.276207 0.919059
-0.635557 0.356791 0.427718
0.381171 -0.703857 0.333191
0.429468 -0.761144 -0.0613066
0.00342977 -0.708157 -0.501361
0.50381 -0.682119 0.0963674
-0.0653337 0.3417 0.75997
-0.652577 -0.393769 -0.296178
0.113167 0.0323673 -0.780903
0.398617 0.614918 -0.15756
0.74549 -0.0223999 0.297845
-0.448427 -0.33034 0.762151
-0.688309 0.507256 -0.126581
-0.168152 0.701949 0.384057
0.207445 0.357391 0.654504
0.585966 0.382659 -0.320312
0.182192 -0.72036 0.525908
0.662366 0.170962 0.301644
0.46987 -0.297587 -0.656534
-0.199075 0.00350255 0.895661
-0.407933 -0.783515 0.302667
-0.0241809 -0.49917 0.82786
0.57575 -0.0529174 -0.583948
0.776925 -0.324488 -0.277847
-0.0449098 0.280261 0.798257
-0.205622 0.00970541 -0.75944
-0.10416 -0.493938 -0.693655
0.140109 -0.827126 0.377981
-0.0861507 -0.850018 0.10798
0.254797 0.0112637 0.803204
0.279703 0.377832 -0.616623
-0.355162 -0.375356 0.797518
0.532155 -0.306778 -0.615956
-0.169972 -0.782215 0.438906
0.678836 0.248581 -0.352035
0.0990635 0.161091 -0.758597
0.574074 0.465876 -0.162355
0.0191571 0.761191 -0.240007
-0.163914 -0.454069 -0.680228
-0.243941 0.380934 -0.640951
-0.0359691 -0.848437 -0.174418
0.233335 -0.757591 -0.407627
-0.538877 0.0939619 0.695432
0.0196514 0.0107069 0.914036
0.541849 -0.681683 -0.212792
0.405099 0.573727 -0.239359
0.338437 0.675836 -0.0754849
-0.361047 0.645195 -0.356413
-0.0486174 -0.849307 -0.0881681
-0.133974 0.794537 0.194621
0.585982 -0.64097 -0.206267
0.0772559 0.333678 -0.684249
-0.177716 -0.229571 -0.729034
-0.161242 0.534265 -0.578328
0.352581 0.18898 -0.682649
-0.303171 -0.395777 0.817639
-0.273282 -0.263453 -0.688522
0.202882 0.200201 -0.740552
-0.539151 0.642749 -0.0958947
0.270216 0.151228 -0.733909
0.184418 0.323378 0.698239
-0.0474396 -0.857202 0.303382
0.0773853 -0.824283 -0.251883
-0.339641 -0.798299 0.290897
0.351198 -0.667342 -0.514325
-0.0221481 0.744735 0.244357
-0.632578 0.454771 0.310018
0.246045 -0.121836 0.811577
-0.17854 0.379322 -0.647654
-0.628047 -0.406059 0.585377
0.314686 0.509022 -0.439558
-0.184923 0.837702 -0.0386088
-0.350385 0.229498 -0.68857
-0.4724 0.62428 0.266299
-0.276732 -0.81812 0.133074
0.739223 -0.258755 0.345965
0.114 0.428044 0.642659
0.901594 -0.141141 0.00256433
-0.849195 0.091516 0.144869
-0.684365 0.513119 -0.129839
0.184101 -0.722375 -0.507765
-0.096575 0.835223 -0.159548
-0.717709 -0.324958 0.51834
0.119407 -0.765885 0.482611
0.472397 -0.346123 -0.644938
-0.160906 0.263175 -0.698634
-0.227124 0.158927 -0.720621
0.223986 0.214768 0.754819
0.700138 -0.530007 0.0798408
0.0376866 -0.86699 0.233685
-0.828804 -0.184584 -0.00420855
-0.562565 -0.731446 0.297894
-0.0014513 0.0194565 -0.781846
-0.0068793 0.515377 -0.596922
-0.761212 -0.266755 -0.187523
-0.381663 -0.201229 0.833966
0.094864 0.667025 -0.358427
0.181682 -0.734215 -0.477594
-0.00902491 -0.156548 -0.792035
0.312775 0.504547 0.440658
0.57507 0.471093 -0.133713
-0.31513 -0.6832 -0.343346
-0.500042 -0.190273 0.775395
-0.74135 0.405762 0.157105
0.219506 0.583096 0.396684
-0.584196 -0.28036 -0.476962
0.707497 0.233522 -0.320657
-0.169628 0.518687 -0.584943
0.119388 0.571013 -0.489246
0.310775 -0.745786 0.322045
-0.746761 -0.439692 0.271856
0.516751 0.222939 -0.570592
0.172395 -0.793866 -0.325144
-0.265097 -0.818819 0.182392
0.629601 0.112913 0.393003
0.467123 0.230015 -0.602111
0.38028 -0.775934 -0.231912
-0.259197 -0.061793 0.903557
-0.247676 -0.543335 0.803112
0.201774 0.524729 0.482348
0.864642 -0.162555 0.160529
0.457376 0.582281 0.119754
0.573822 0.101824 0.467557
0.524291 -0.201273 0.578417
0.878977 -0.224304 0.0894074
0.660337 -0.492644 -0.336307
0.125404 -0.236186 0.86945
-0.0796504 -0.48789 0.840705
-0.420331 -0.188072 -0.645181
-0.345189 0.580091 0.470544
-0.10257 0.10708 -0.748182
0.129153 0.300741 -0.701891
-0.345844 -0.025912 0.869402
0.346793 -0.0594824 -0.724533
0.0773746 -0.601413 0.745576
-0.492511 -0.0279232 0.797492
0.24876 -0.115453 0.81049
-0.262693 0.812027 -0.087476
-0.128248 -0.0813599 -0.774178
0.300419 -0.596938 0.555015
0.501881 0.37156 0.357291
-0.0558975 -0.800995 -0.332134
-0.772091 0.384702 -0.131459
0.430647 0.508538 0.27611
-0.65468 -0.102005 -0.491952
-0.172813 0.841718 -0.0365004
-0.314094 0.746107 0.189989
0.727359 -0.454183 -0.268553
-0.536585 0.631554 -0.199774
-0.0614606 0.465713 -0.616225
0.233824 0.745638 0.0296192
0.763973 -0.189232 -0.379507
-0.0419148 0.579204 0.517809
0.597532 -0.51931 -0.408566
-0.632195 -0.56228 0.480337
0.434265 0.43309 -0.45895
0.319452 -0.78802 0.114257
-0.0473595 -0.845699 -0.198049
0.11076 -0.265445 -0.780672
0.0944558 -0.240637 -0.783539
-0.653977 -0.602385 0.288475
0.119299 0.558436 0.473995
-0.670762 0.485184 0.170312
0.602231 0.150584 0.408238
-0.856341 -0.126344 0.0549122
0.260729 0.0250132 0.799836
-0.425117 0.537136 -0.459747
0.795418 -0.120711 -0.313593
0.808367 -0.0146742 0.167855
0.321111 -0.129728 -0.741718
0.568241 -0.660409 -0.101388
0.367294 0.624592 -0.196535
-0.159653 -0.276595 0.911652
0.828502 -0.349541 -0.101072
-0.648863 0.0905547 0.560634
-0.31194 -0.0895693 0.889334
-0.208884 -0.0931711 -0.748444
0.19103 -0.830493 -0.166132
0.529003 -0.362329 -0.606439
-0.860438 0.0794267 0.0293505
0.0437575 -0.858577 0.101587
0.472551 -0.646736 0.284986
-0.109747 -0.8468 0.114134
0.0294521 -0.151838 -0.794699
0.721051 -0.508152 -0.0603929
-0.357675 -0.609416 -0.419024
0.1392 -0.0790588 -0.7818
0.185967 0.590571 0.401595
-0.675861 0.502531 0.093856
0.0700463 -0.858349 0.133634
-0.0989926 -0.796272 -0.310503
0.0128246 -0.0889943 -0.798624
-0.239257 0.459509 0.613743
0.627448 -0.358611 -0.515389
-0.190331 -0.395509 0.867186
-0.231879 0.811426 0.022779
0.000551519 0.128342 0.885197
0.12204 0.756288 0.140606
0.792872 -0.394595 -0.168173
-0.745705 0.231465 -0.350075
-0.138878 -0.755445 0.514631
-0.80231 0.290161 -0.0401742
0.226213 -0.0185285 0.817944
-0.460551 -0.766878 0.0526481
-0.619568 -0.594523 0.455111
-0.635588 -0.654037 0.215042
-0.737055 0.0337788 0.465816
-0.382227 0.677183 0.269344
-0.750458 -0.471267 0.0877892
0.424065 -0.407645 0.585972
-0.235997 0.814011 -0.00254249
0.618819 -0.523454 0.254796
0.693977 0.181035 -0.365449
0.575744 0.1117 -0.552915
0.475369 0.293063 -0.558543
0.0770657 -0.745012 0.527458
-0.841136 0.0749989 0.253818
-0.586013 -0.599952 0.517094
0.882414 -0.1428 -0.097545
-0.594315 0.460819 -0.370579
-0.257498 0.349 -0.653986
0.702183 -0.401011 0.283802
-0.243288 0.683081 0.39365
0.422281 -0.417295 0.582157
0.088183 0.190857 0.838927
0.246074 -0.550684 0.654028
-0.636974 -0.654431 0.0992556
0.419291 0.351581 0.487343
-0.0916907 -0.640065 0.739251
-0.541821 -0.34194 -0.48801
0.37685 0.449203 0.433733
0.235704 -0.83053 -0.104583
-0.260613 -0.133609 0.903024
-0.351127 -0.527969 -0.544843
-0.774883 -0.210792 -0.180922
0.504743 0.54637 0.00341144
0.334073 -0.10985 -0.735955
0.773623 -0.378641 0.181744
0.56941 -0.611751 0.155411
0.226659 0.738349 0.11947
0.683134 -0.539004 -0.140038
0.113243 0.312288 0.749027
0.584089 -0.457891 -0.487213
0.320783 -0.384387 -0.705073
-0.523879 0.360055 -0.552503
-0.324242 0.686508 -0.323404
-0.13215 -0.344375 0.906033
-0.381192 -0.649376 -0.337017
-0.193853 0.575397 -0.52269
-0.780025 -0.134763 -0.221022
0.052914 -0.835052 -0.218622
-0.136891 -0.671283 -0.496207
-0.0811229 -0.62756 0.749258
0.22005 -0.456378 0.728717
0.6335 0.0244783 0.438448
-0.32977 -0.783583 -0.155025
0.534166 0.478965 0.159695
-0.100899 0.211331 -0.722531
-0.403668 0.655727 0.289287
-0.793733 -0.348039 0.0798582
0.398464 -0.631445 0.424493
0.183752 0.208317 0.783803
-0.1792 -0.765188 -0.336087
-0.24543 -0.429484 -0.648248
-0.0918338 -0.549894 -0.656147
-0.572365 0.444594 -0.430713
-0.616341 0.146942 0.578356
-0.536366 -0.484946 -0.400436
0.464727 0.480906 -0.334938
0.0849271 -0.0389048 -0.787627
-0.692482 0.345263 -0.340285
0.473301 0.56462 -0.0797837
0.545079 -0.426199 0.454034
0.388062 0.383787 0.493233
-0.210147 0.741125 0.295811
0.603403 0.0974691 -0.5233
0.513561 -0.660226 0.141907
0.773689 0.198319 0.0507705
-0.376679 -0.698937 0.555914
0.331639 0.477978 0.452622
0.684936 0.169052 -0.383004
-0.0281387 -0.0135212 0.937583
0.00425262 -0.11507 -0.799088
-0.153276 0.63344 0.463674
0.237594 -0.0785576 0.815008
-0.188452 0.441853 -0.618795
-0.738991 -0.429698 -0.125418
0.396425 -0.75033 0.10069
-0.4936 -0.741266 -0.0308319
-0.751184 -0.276078 0.473522
0.68911 -0.175425 0.42151
-0.288693 -0.777247 0.404916
-0.610023 -0.409275 -0.347868
-0.00708273 0.484871 0.626636
0.021215 0.755059 0.199721
-0.0351104 0.837911 0.0344195
0.0588074 -0.194495 -0.789591
-0.76919 -0.377278 -0.0320857
-0.662015 0.137206 0.524591
-0.314426 0.0974887 0.821124
-0.504016 -0.756124 0.217923
0.621381 0.352854 -0.313374
-0.53344 0.134039 -0.62497
-0.514437 0.654036 -0.161521
0.636106 0.403052 0.114176
0.166395 -0.807785 0.397006
0.114033 0.499165 -0.58357
-0.242941 0.794193 -0.208141
-0.580571 -0.726016 0.23008
-0.329601 0.756286 0.124158
-0.482285 -0.726355 0.408281
-0.580094 -0.727767 0.241133
-0.136708 -0.591649 -0.585732
0.844022 -0.337207 0.0562633
-0.64048 0.571369 -0.0378218
0.15028 0.742704 -0.195398
0.233843 0.612025 0.340604
-0.643202 -0.365863 0.588954
0.375643 0.467018 -0.455868
0.760449 -0.398982 0.175072
-0.279732 -0.31677 -0.670973
-0.753143 -0.0428161 0.475355
0.50515 -0.639438 0.230191
-0.0119431 0.207976 -0.732915
-0.0402478 -0.848321 -0.15836
-0.428757 0.156939 0.749798
0.0963965 -0.600697 -0.637629
0.54987 -0.267502 0.533086
-0.519981 0.329773 -0.573236
0.806582 -0.390756 0.0689171
0.60449 0.364285 0.211921
-0.110409 0.753383 0.275221
-0.507357 -0.754031 0.152497
0.36842 -0.207758 0.729235
0.256613 -0.597735 -0.616598
-0.203656 -0.768649 0.458201
0.784854 -0.403347 0.119836
-0.843902 0.120528 0.0982838
-0.105647 -0.188889 -0.758308
-0.417916 -0.284201 0.792158
0.676246 -0.559661 -0.070964
0.787375 -0.297211 -0.264714
-0.299912 0.733521 0.251942
0.00611788 0.187631 0.851361
-0.787232 -0.0458449 -0.263371
-0.447874 -0.38174 -0.551736
-0.0274078 -0.381686 -0.739666
-0.0773083 0.126429 -0.746367
0.182546 0.62179 0.352529
0.840547 0.00214908 -0.172725
-0.82282 -0.190887 0.347097
-0.865905 0.0444284 0.0509295
0.274179 -0.807299 0.136144
-0.278679 0.276091 -0.68313
-0.461492 -0.335607 -0.559392
0.445819 -0.302428 0.61983
-0.513668 -0.0479751 0.777885
0.231332 0.747496 0.0652606
0.746463 -0.316517 -0.353485
0.556359 0.256176 -0.511163
0.298527 -0.790884 0.153483
-0.52609 -0.628709 0.546094
0.631296 -0.284989 -0.530109
-0.690481 0.40104 -0.286767
0.600709 0.400849 0.173591
-0.505535 -0.10676 0.789611
0.346894 -0.0883823 -0.728091
-0.272262 -0.648091 -0.434963
0.110651 -0.686153 0.606438
-0.617387 0.560289 -0.186406
-0.232171 0.686824 -0.370567
-0.0989901 -0.272544 -0.742808
-0.840888 -0.0891128 0.300319
-0.116289 -0.505239 -0.683052
-0.680528 0.369688 0.345051
-0.78345 -0.384023 0.0901938
0.746942 0.118463 -0.315113
-0.691895 -0.110093 0.587562
0.593428 -0.449133 0.386917
-0.542026 -0.32768 -0.493859
0.00337798 0.755202 -0.258588
0.457432 0.470024 0.291842
-0.301912 -0.461992 0.799254
-0.137242 0.701825 0.392899
-0.580051 -0.431785 -0.37555
-0.449628 -0.612781 0.629373
0.316187 0.261891 -0.67052
-0.249074 -0.529108 -0.597061
-0.604707 0.578341 0.0634009
0.536145 0.312847 0.366484
0.150188 0.0740377 0.849852
0.526222 -0.626851 0.216949
-0.577779 0.560342 0.221161
-0.860703 0.0660283 0.0837956
-0.772903 0.363787 0.015218
-0.394916 0.749928 -0.06932
0.115828 0.660806 -0.356608
0.641917 -0.582707 -0.170201
-0.193925 -0.399196 0.864648
-0.81794 0.120876 -0.17422
-0.526536 0.657752 -0.0461
0.786944 -0.124789 0.284347
-0.386965 -0.787 0.324651
0.015419 0.643781 -0.435892
-0.78727 -0.347566 0.221363
0.544698 -0.252596 -0.61936
0.674045 -0.128183 -0.487396
-0.163541 -0.805322 0.386386
0.585026 0.407972 -0.271011
0.369673 -0.159569 -0.720572
-0.851891 0.0790098 0.158791
0.674561 -0.564535 0.0223158
0.241614 -0.588534 -0.624842
-0.644906 -0.0489127 -0.519365
0.195111 0.76668 -0.0363801
0.125821 0.300388 0.752169
0.316408 -0.571518 0.566259
0.329277 0.463516 0.471297
-0.614025 0.375082 0.434144
0.590923 0.459709 -0.123451
0.110585 -0.801068 0.431884
-0.29386 0.418022 -0.619806
-0.104558 -0.726133 0.597083
0.020037 0.546895 0.5334
-0.760773 -0.41741 0.216264
-0.795855 0.30824 -0.0227912
0.847043 -0.0979664 0.156436
0.273598 0.215976 -0.709634
-0.247258 -0.574249 -0.547321
0.137285 0.664657 0.305386
-0.451169 0.374732 -0.599516
-0.177872 -0.802005 0.38875
0.494655 0.0445538 0.584632
0.271101 0.295076 0.672937
0.565664 -0.662593 -0.140625
0.472007 0.475535 0.262693
0.319521 0.138206 0.722726
0.4571 0.132225 0.583686
0.607979 -0.542709 0.237206
0.259468 0.300065 0.675292
-0.174776 -0.835279 0.221765
0.288097 -0.765767 0.292006
-0.570844 -0.715581 0.107733
0.678882 0.362949 -0.18652
0.357885 0.330059 0.575306
-0.648534 0.343532 -0.412464
0.467831 0.52282 0.196374
0.808257 -0.160125 -0.279007
0.151455 0.418085 0.630518
-0.254732 -0.67147 0.669156
0.280244 -0.1835 -0.751633
-0.54347 0.496151 -0.402852
-0.650307 -0.41598 -0.282836
-0.443897 -0.502775 0.712303
-0.582375 -0.585982 0.535775
-0.168916 0.543715 0.549198
0.0214794 0.340832 -0.67796
-0.671913 0.403919 -0.315082
0.832981 0.0597701 -0.171422
-0.124472 -0.398241 0.89535
-0.739209 0.0292568 0.464797
0.0207757 -0.849501 -0.0812199
-0.287306 0.366178 0.674295
-0.105141 0.0960031 0.879682
-0.239746 0.277748 0.749737
-0.583113 -0.567903 -0.220508
-0.767578 -0.39392 0.243799
0.5121 -0.664148 0.133022
0.428617 0.299772 0.51609
0.369967 -0.507047 -0.62704
0.048857 -0.739366 0.544783
0.537229 -0.064129 -0.627674
-0.227838 -0.606739 -0.521014
-0.582715 0.0478888 0.659577
0.20396 -0.0963139 0.831645
0.00513229 0.407121 0.704578
-0.48711 0.417608 -0.538694
0.755812 0.271831 -0.0784574
-0.58223 -0.32105 -0.455678
-0.195213 0.649961 -0.432395
0.332396 0.0604775 0.741491
0.254055 0.710973 0.161163
0.260863 -0.708654 -0.501002
-0.119665 -0.599059 0.771733
-0.451637 0.360724 0.602654
0.541436 -0.398343 -0.58757
-0.452837 0.620905 -0.333837
0.137264 0.197998 0.815866
0.701796 -0.539251 -0.0151949
-0.780921 0.346935 -0.00551332
-0.763445 -0.316019 -0.141208
-0.570891 -0.619198 -0.157351
-0.432374 -0.21022 -0.630133
-0.74949 -0.459853 0.154498
-0.822256 -0.231033 0.294144
-0.708677 0.473393 0.0238431
-0.33676 0.680463 -0.32447
0.524702 0.366668 0.328318
0.705366 -0.507387 -0.168412
-0.732001 -0.309602 0.502376
0.406529 0.5239 -0.341973
-0.430291 -0.563142 -0.417201
-0.33677 0.54694 0.508607
-0.469653 0.458777 0.494432
-0.0971429 0.658012 -0.438914
-0.791037 0.281769 -0.214018
0.879823 -0.267727 0.0701615
-0.801158 -0.00140367 0.381441
-0.715845 0.466667 -0.116644
0.765612 -0.242747 -0.347951
-0.479706 0.0553982 0.779531
-0.262494 0.253366 -0.69303
0.601051 -0.0261548 0.506079
-0.616603 0.400412 -0.413043
0.279113 -0.618106 0.553344
0.473644 -0.73803 -0.14942
-0.609323 -0.0665362 0.672374
0.413522 0.565844 0.214471
-0.682172 -0.0469957 0.574378
-0.711543 -0.503133 0.300587
-0.453721 -0.245824 -0.603592
0.419134 0.0844141 -0.667965
-0.0596093 0.131791 -0.747127
-0.46634 -0.360001 0.743756
-0.0597925 -0.848311 -0.0683654
0.354275 0.14864 0.682202
0.838415 -0.0213457 -0.187014
0.641303 0.1653 -0.443012
-0.00867029 -0.858895 0.0353738
0.572283 -0.191438 0.533763
-0.297916 0.580454 -0.471895
0.691457 0.0598747 -0.424128
-0.172138 0.821087 -0.230388
0.728704 0.17799 0.165435
-0.373301 0.53363 0.499646
-0.161636 0.810824 -0.244439
-0.297196 0.794192 -0.0154511
0.364148 -0.228459 0.727977
-0.0578687 -0.804441 -0.319628
-0.2511 -0.815206 0.313813
-0.0886354 -0.744276 -0.437864
-0.358053 0.558208 -0.468394
-0.113702 0.645911 -0.45439
0.100412 0.789063 -0.109448
-0.353655 -0.16962 -0.681695
0.547258 -0.574123 0.291358
0.0366219 -0.697699 0.611892
0.270381 -0.0692293 0.799114
0.860834 -0.239485 -0.101744
-0.349701 -0.538507 0.748478
0.428742 0.50563 0.283546
0.0721368 0.647027 0.371094
0.170573 0.517991 -0.527871
-0.167242 -0.671646 -0.479888
0.335404 -0.717895 0.379782
-0.597208 -0.318576 -0.435239
-0.691558 0.186606 0.462615
0.309643 -0.315844 -0.729557
-0.00639356 -0.847653 -0.14911
0.382483 0.643453 -0.0398891
-0.371045 0.70234 0.219964
0.78122 0.214512 0.0191319
-0.0331449 -0.857003 0.0864021
-0.161781 -0.481456 0.846462
-0.392364 0.509276 0.510812
0.246373 0.176858 0.763408
-0.154389 -0.085686 -0.765732
-0.396778 -0.587448 0.680885
-0.749577 -0.429587 0.28491
0.443417 -0.754344 -0.0833029
0.442625 -0.543353 0.474194
-0.34845 -0.0412684 -0.718968
-0.317776 -0.34633 -0.647072
-0.0231554 0.214171 0.836087
-0.702079 -0.476368 -0.148168
-0.435849 0.186923 0.726813
0.287818 -0.508657 -0.664523
-0.516435 -0.350722 0.71661
0.81008 0.0947707 -0.20611
0.872042 -0.218826 0.120575
0.472031 -0.662628 0.240051
0.67905 -0.428931 0.287752
0.48021 0.422692 0.322746
0.805393 0.165093 0.0122184
0.410936 -0.76418 -0.221341
0.0171098 0.722809 0.266763
0.718772 -0.0883373 0.370976
0.866123 -0.274997 -0.0463323
-0.724646 -0.330562 -0.236456
-0.039329 -0.572017 -0.647119
0.0874261 0.651837 0.354541
-0.453028 0.284449 0.653475
0.161492 0.660736 -0.332329
0.295894 -0.290915 -0.738246
0.154645 -0.753935 -0.430931
0.0657495 -0.299768 0.88665
0.395647 0.635659 -0.0115478
0.0233566 0.718911 -0.311644
0.399297 -0.590874 -0.562107
-0.181502 0.164216 -0.724696
0.715087 -0.425317 0.222362
-0.347105 -0.622708 0.680138
0.629103 -0.284192 -0.532409
0.0243692 -0.669924 -0.550205
0.0186891 -0.380119 0.883596
-0.170928 0.786932 -0.272236
-0.315019 -0.405618 -0.621681
0.832888 -0.294681 -0.14717
-0.762622 -0.373883 -0.0890958
0.558236 -0.660624 -0.0203383
0.84275 -0.0529523 -0.187242
0.719232 -0.187638 0.389362
0.391846 0.227979 0.606227
-0.870526 -0.0834193 0.108337
0.0837743 -0.682087 -0.550527
0.0920914 0.236522 -0.728859
-0.621921 0.163723 -0.555333
-0.554884 0.210072 -0.597758
0.0459018 0.304018 -0.695896
-0.500791 -0.528191 -0.390257
0.802731 -0.387539 0.0985575
-0.433943 -0.193868 0.811098
0.569019 0.147352 0.448292
0.227322 -0.620483 0.600702
-0.450564 0.551141 -0.426886
-0.452433 -0.641864 -0.276854
0.726686 -0.12565 -0.429367
0.0808164 -0.73138 -0.489898
0.0860051 -0.860445 0.19038
0.818628 -0.123806 -0.257149
-0.653369 0.107825 0.548152
0.5342 -0.37453 0.497814
0.0540829 -0.0105033 0.898884
-0.0716326 0.771953 -0.267987
0.408029 -0.690524 0.313501
-0.715304 0.435294 0.172607
0.185769 -0.800221 0.383939
0.270556 0.723693 -0.0645106
-0.214102 0.805061 0.102193
-0.307729 -0.659581 0.666003
0.535487 -0.510022 -0.509694
-0.451485 0.421386 0.551893
-0.826474 0.210673 -0.0495498
0.551072 0.378557 0.276844
0.112513 0.535782 -0.543538
-0.477857 -0.563502 0.651269
0.053517 0.393289 0.71269
0.0370051 0.369671 -0.665813
-0.42485 -0.518717 -0.489042
-0.423979 0.720531 -0.141955
-0.832305 -0.168825 0.334306
0.648012 -0.269982 0.434445
0.381568 0.0764088 -0.689612
0.10848 -0.838537 -0.144521
0.793221 -0.109301 -0.319925
0.578469 -0.548591 -0.409796
0.164402 0.463635 -0.594626
-0.743368 0.406771 0.123889
0.578817 0.474402 0.0182388
-0.635566 0.561252 0.0215379
0.0560772 0.176708 0.857317
-0.624546 -0.200691 -0.476354
-0.156688 -0.780159 -0.311153
0.484293 0.555245 -0.0830516
-0.259915 0.792791 0.0765123
0.622755 -0.36428 -0.517151
-0.274739 -0.473439 0.80985
-0.386092 0.401618 -0.607093
-0.347081 -0.794344 0.340499
-0.494348 0.173063 0.695795
-0.202007 -0.347589 -0.694318
-0.547079 0.638856 -0.0772992
0.529693 0.224583 0.451114
-0.33735 0.158482 0.782285
-0.622708 0.581309 -0.0736597
-0.555304 -0.696024 0.376896
-0.74061 -0.234416 -0.284748
0.68362 0.159623 0.275052
0.744097 0.203185 -0.258275
-0.472202 0.383217 -0.578875
-0.316548 0.432506 0.617958
0.409959 -0.553252 -0.57957
-0.792776 0.27567 0.172054
0.275792 0.143792 0.764718
0.623879 0.185787 0.355052
0.115006 0.762028 -0.17711
-0.393786 0.692336 0.206909
0.163175 0.502269 -0.554756
0.821638 -0.270577 0.228798
0.762877 -0.356768 -0.295881
0.545326 -0.585573 0.270621
-0.813016 0.117576 -0.202131
-0.0206138 0.786417 -0.213077
-0.693193 -0.559115 0.214062
-0.694042 -0.580295 0.132518
0.194421 0.471508 0.548208
-0.0931058 -0.847627 0.308935
-0.701805 -0.144833 -0.410303
0.83442 -0.355203 0.0160204
0.592687 0.129603 -0.52315
-0.192821 -0.488347 0.841376
-0.390195 0.496298 0.52841
-0.326769 0.0221819 -0.738441
-0.300878 -0.695886 0.593324
0.279928 -0.421629 0.698147
0.323423 -0.353027 0.699557
-0.348139 -0.778814 0.378244
-0.767139 0.180342 -0.341651
-0.477777 -0.762516 0.107963
-0.680156 0.176721 -0.499711
0.276227 0.193756 -0.718324
-0.3503 -0.263088 0.831583
0.189163 0.700325 -0.257871
-0.338694 0.769447 0.0463568
0.318836 -0.161971 -0.742215
-0.110259 0.548317 -0.573197
0.0479599 0.384971 0.722208
0.286463 0.0126124 -0.745927
0.467332 0.0852288 0.594392
-0.604203 0.381214 -0.450099
0.0784585 -0.630187 0.701516
-0.746515 -0.05287 -0.406885
-0.579259 0.0658731 -0.592989
0.444062 -0.588628 0.425465
-0.703751 0.449404 0.169214
-0.791329 0.26341 0.244527
0.494985 0.122626 -0.619249
0.598012 0.38236 0.20237
0.00774809 0.787065 -0.194246
-0.568417 -0.601561 -0.187937
0.770325 0.11386 -0.27223
-0.200572 -0.833173 0.0980798
-0.567157 0.238969 0.588399
0.330287 0.0684836 0.74192
0.197267 0.610939 0.362658
0.473539 -0.710684 -0.270406
-0.16615 0.515032 0.577726
-0.0398927 -0.0808162 0.94625
-0.647095 0.286596 0.46925
-0.754565 -0.226265 0.479318
-0.737986 -0.328322 0.481268
-0.406627 0.709172 -0.235592
-0.769784 0.272165 0.288238
0.436036 -0.523623 -0.580573
0.750029 0.115531 -0.310854
0.454758 0.592027 0.0692151
0.491493 -0.00304341 -0.643106
-0.290241 -0.270885 -0.679473
0.187183 -0.487465 0.738935
-0.533926 0.209741 0.636909
0.078232 0.163949 -0.755429
0.545027 -0.667094 0.0125774
-0.376219 0.148778 -0.704693
0.661138 -0.077299 0.453874
-0.224525 -0.825902 -0.023717
-0.541669 0.282336 0.585348
0.312024 0.43511 -0.544401
-0.00699308 -0.407747 -0.738425
-0.512708 0.226657 0.646709
-0.573612 0.491917 -0.359192
0.251885 -0.0987682 -0.765971
0.793558 -0.366333 0.162145
-0.448959 -0.335743 -0.57005
-0.789845 0.272711 0.220593
0.444267 -0.553921 0.461631
0.0254008 -0.856746 0.333291
0.763941 -0.0137551 -0.361023
0.464534 -0.535981 -0.557741
-0.706667 0.220689 0.427119
-0.0336026 -0.0517665 0.941938
-0.876017 -0.00695958 0.109642
-0.365959 -0.745896 0.449725
0.512453 0.512931 0.140834
0.270931 -0.787852 0.237999
-0.301947 -0.609703 -0.467685
0.755907 -0.296343 0.294862
0.533204 -0.683644 -0.054169
-0.336548 -0.581159 -0.480976
0.355293 -0.716637 0.339851
0.551673 0.202729 -0.541602
-0.14222 -0.555238 0.801824
0.363854 -0.686153 -0.460519
0.457578 0.336503 0.452852
-0.185136 -0.287653 -0.714796
-0.194053 -0.192701 0.91722
-0.573556 0.456061 0.390118
0.229207 -0.6607 0.556752
-0.0666722 -0.853967 0.144234
-0.680622 -0.517213 0.389762
0.789027 -0.195696 0.293955
-0.122215 -0.144823 0.95899
0.295422 0.257919 -0.681919
0.446012 0.075983 -0.654545
-0.298734 0.717165 -0.297492
-0.801117 0.0692795 -0.283186
-0.817676 0.186458 0.203591
0.732802 -0.131419 0.364089
0.734157 -0.151842 0.364596
-0.240757 0.788976 -0.233407
0.518288 -0.549373 -0.495637
0.411416 -0.782939 -0.131749
0.284376 -0.23592 0.782545
0.149107 0.170896 0.820354
-0.763148 0.349195 0.198106
0.341475 -0.58853 -0.588203
0.305093 -0.287671 -0.736369
-0.766817 0.0209933 -0.387765
0.8066 -0.165021 -0.282331
-0.651188 -0.581566 0.354208
-0.655052 -0.637337 0.159198
-0.190137 0.842141 -0.0817095
-0.714707 -0.465667 0.35619
0.0979125 -0.543706 0.77449
0.238338 -0.512169 -0.671354
0.844661 -0.253634 -0.138736
-0.501005 0.658722 -0.210238
-0.198605 -0.364217 -0.69107
-0.407597 -0.761172 0.397204
0.751393 -0.467984 0.0820328
0.17262 -0.833526 -0.140644
-0.778442 0.283212 0.259742
-0.669616 -0.019922 0.579101
0.193793 -0.389116 -0.736576
0.0689909 -0.761893 -0.423751
0.286331 -0.829559 -0.0517167
0.0443868 0.475213 0.618149
-0.233249 -0.53903 -0.594215
0.763794 0.261549 -0.0523169
0.169463 -0.782033 -0.356129
0.410004 -0.652373 0.384674
-0.128944 0.809198 -0.232495
-0.641763 -0.652915 0.182251
0.336202 -0.807573 -0.198828
-0.174669 0.828769 0.0422438
-0.282942 -0.80785 0.331521
0.437309 0.0531466 0.639829
-0.720489 -0.421545 0.404341
-0.587663 -0.559181 0.551232
-0.218831 -0.730725 -0.355303
0.134236 -0.724099 -0.508811
0.260312 0.323896 -0.667607
-0.413108 0.679469 0.210444
0.594922 -0.633848 -0.178138
-0.647581 0.351708 -0.406702
0.473174 -0.655976 -0.402953
0.538493 0.5132 0.044291
-0.091192 -0.022758 0.931736
0.368755 0.647154 -0.111025
-0.0315337 -0.851767 -0.0884434
0.699108 0.147357 -0.373989
0.0833697 0.707435 -0.300762
0.413315 -0.262312 0.668824
-0.273971 -0.266738 -0.687321
-0.616173 0.0738764 -0.565064
-0.797409 0.152714 -0.261871
-0.569286 0.505128 -0.346959
-0.202509 0.817068 0.0531267
-0.670954 0.411276 0.305541
-0.185139 -0.133052 0.935125
-0.291891 0.345095 -0.652585
0.371077 -0.512461 -0.623513
0.538567 0.17246 0.469325
-0.455478 0.635793 0.263026
-0.458308 -0.277351 0.77301
0.717602 -0.176281 0.390292
0.5089 -0.698423 -0.0112991
0.134618 -0.447946 0.789521
0.846908 -0.123233 -0.188766
-0.13205 -0.465687 -0.690082
-0.480695 0.458953 0.483291
-0.442161 -0.773827 0.318798
0.169476 0.174517 -0.761041
0.581917 -0.550231 0.273263
-0.239416 -0.334611 -0.682563
-0.509913 0.275905 0.620017
-0.645751 0.321162 -0.43664
-0.559797 -0.181586 -0.539778
0.167344 0.415852 -0.634715
0.576138 0.26596 -0.477775
-0.2065 0.408613 0.66863
0.00519908 -0.491991 -0.707587
0.693818 -0.547149 -0.02415
-0.868288 -0.052099 0.08623
-0.0838637 0.689025 0.386649
0.709235 -0.530423 -0.0149697
0.491854 -0.723197 -0.136899
-0.6368 -0.261302 0.630805
-0.422397 0.391303 -0.599275
0.0466764 -0.616085 0.732798
0.739817 -0.078307 -0.408337
0.0402673 -0.491489 -0.70621
-0.736245 -0.373686 -0.186717
0.263729 -0.515938 0.659768
-0.764574 0.195393 -0.336472
-0.789488 -0.320686 -0.0176614
-0.754029 0.244888 -0.323752
-0.409023 -0.298752 0.792422
-0.784907 -0.361874 0.18231
0.600626 -0.539456 0.258932
-0.361431 0.580548 0.454651
-0.453315 -0.291804 -0.584705
-0.16806 0.318183 0.751143
0.00260754 0.820357 0.0629206
0.39133 -0.135802 -0.709964
-0.849742 -0.0176328 0.258131
-0.0638591 -0.84983 -0.00101622
0.460168 0.303178 -0.561599
-0.171052 0.53512 0.557293
-0.621247 -0.663487 0.0813098
-0.101664 0.553822 -0.568384
0.671794 -0.567103 0.0183202
0.746198 -0.429882 0.153553
0.447894 0.58828 -0.0535417
-0.276448 -0.736312 0.507083
0.196501 -0.76431 0.453818
0.0709392 0.575852 0.472227
-0.14288 -0.113556 0.950668
0.0641629 -0.0482339 -0.790768
0.56679 -0.383621 0.456947
0.318495 0.64463 0.224408
0.822904 -0.0534265 -0.239762
-0.554418 0.238429 -0.590206
0.831284 -0.141404 -0.224953
0.195367 -0.831467 -0.143965
0.512517 0.193381 -0.584634
0.379729 -0.485716 -0.632894
0.13532 0.684955 0.2723
0.347071 0.368341 -0.588158
0.116051 -0.364468 -0.762454
0.482295 -0.500655 0.473307
-0.50318 0.617398 -0.291557
0.496822 -0.468244 -0.575585
0.670495 -0.0530474 -0.480418
0.34528 0.218462 0.659902
-0.610084 0.437165 -0.37683
0.0199735 -0.593978 -0.636187
-0.143996 -0.722059 0.592125
0.185825 0.457605 -0.590119
0.262194 0.700556 -0.198575
0.174075 0.670957 -0.310201
-0.636961 -0.3039 -0.387094
-0.0235806 -0.543771 -0.680129
-0.719837 -0.0785095 0.537919
-0.29403 0.0884206 -0.729491
-0.657865 0.546446 -0.0216462
-0.19459 -0.513568 -0.636949
-0.0166424 -0.129325 0.937376
-0.0857847 -0.554934 0.797341
-0.436489 -0.73247 -0.158545
0.0269626 0.119893 0.889332
-0.202788 0.143722 0.830169
0.867791 -0.0174789 -0.108106
0.766364 -0.455378 0.00161152
-0.296267 0.338166 -0.655282
-0.195486 -0.77639 -0.289726
0.148704 -0.834514 -0.156782
-0.155747 0.73961 0.31449
-0.179271 -0.26993 -0.72018
-0.178458 0.762643 0.262796
0.280165 -0.159384 0.791255
-0.778851 0.0484849 -0.362999
0.178887 -0.675749 -0.580501
-0.235393 -0.0037888 -0.758856
0.183233 -0.16123 -0.773653
0.30884 0.112417 0.74539
-0.62404 0.160427 0.563436
-0.333785 -0.615919 -0.430101
0.396783 0.578545 -0.244119
-0.454888 -0.770856 0.164177
-0.693746 -0.59072 0.0966393
0.0334106 -0.333403 0.892801
-0.401463 -0.690503 -0.25608
0.821686 0.0299619 -0.212211
0.195101 0.672708 0.259862
0.764263 0.0253649 0.228986
-0.244053 0.361074 -0.649818
-0.763562 0.350663 0.186524
-0.849729 -0.0622436 0.265545
-0.483509 -0.668511 -0.196518
0.451053 -0.541638 0.467836
0.878783 -0.0730577 -0.0996167
0.553018 0.464221 0.152592
-0.128765 0.814012 0.135822
-0.741044 0.429572 -0.109367
-0.706064 -0.399461 -0.21225
-0.687565 -0.428629 -0.217834
0.031295 0.399817 0.712628
0.846697 -0.225079 -0.148016
0.340519 0.211142 -0.682182
-0.341439 0.429364 -0.604225
-0.565295 0.355753 -0.51472
-0.792615 -0.162517 -0.153524
-0.207765 0.82391 -0.00130715
-0.384803 0.528717 -0.491706
-0.492431 0.409186 0.526963
0.52 0.42971 0.254637
-0.574849 -0.476829 -0.349213
0.65961 -0.572693 0.0453856
-0.327065 -0.515998 -0.56432
-0.610292 -0.682832 0.26201
0.54169 -0.581354 0.286974
-0.511611 -0.643777 0.537621
-0.791394 -0.350988 0.153593
0.84774 -0.134109 -0.185782
-0.517129 0.092471 -0.64256
0.206186 -0.828962 0.204117
0.644548 -0.302173 -0.514229
-0.812717 0.164154 -0.174361
0.618726 0.423493 -0.173645
0.139911 -0.73526 -0.481411
0.547618 -0.674916 -0.24637
-0.711796 -0.0146546 -0.478889
-0.877352 -0.0534534 0.150712
0.571868 0.107008 0.466966
-0.291262 -0.0827096 0.897407
-0.72932 0.390092 -0.234316
-0.620824 -0.295049 -0.417787
0.844858 0.0240596 0.0296819
-0.306585 0.368657 -0.640708
0.367585 -0.0923872 0.731234
-0.0293386 0.181112 -0.738473
0.120912 0.234725 0.807343
0.169655 0.168098 -0.763963
-0.78073 -0.125305 0.442678
0.0281205 0.408605 0.705534
-0.537538 -0.558928 0.601602
0.582226 0.44263 0.139592
-0.192209 -0.166702 0.92416
0.033872 0.339381 0.755594
0.0825202 0.607481 -0.454782
-0.502021 -0.209792 -0.577373
-0.403533 0.371938 -0.622093
0.504242 0.508447 0.161291
0.0795807 0.618053 -0.440415
-0.0811343 0.66927 0.415148
-0.828381 0.182588 0.052587
0.19174 -0.839374 -0.0169851
0.366491 0.572596 0.277113
-0.782684 0.23314 -0.273281
0.388831 -0.724307 0.23221
0.85057 -0.134021 -0.178941
0.514157 0.135468 0.517217
0.523101 0.128841 0.510633
-0.236425 0.805675 0.0485304
0.50496 0.543106 -0.037643
-0.328724 -0.776025 -0.179379
0.120304 -0.643091 -0.603988
0.282446 -0.23327 0.784692
-0.798838 -0.195258 0.396298
-0.626454 -0.59328 0.429052
-0.280666 -0.765442 -0.247576
0.747764 0.158301 0.144385
-0.0110974 -0.403465 -0.738461
0.172857 -0.734344 -0.478638
-0.113627 0.266637 0.796813
-0.259412 -0.782778 -0.217126
0.39931 0.155713 -0.666483
-0.458232 -0.400417 -0.535068
0.354003 0.663371 -0.0725035
-0.543681 0.633828 0.0282434
-0.786823 -0.348232 0.223743
-0.359442 -0.439586 0.775815
0.00882886 -0.319446 0.912587
0.234804 0.224841 0.74206
-0.45002 -0.768822 -0.0177235
0.0746277 -0.281774 0.88831
-0.826955 -0.00387075 -0.131649
0.428692 0.58212 0.165853
0.547306 0.489629 -0.157033
0.180151 -0.422602 0.772445
0.0277487 0.786875 -0.182275
0.137635 -0.0156902 -0.779676
0.757913 0.0159138 0.251517
-0.0276748 -0.41983 0.880232
-0.42974 -0.442649 -0.537255
-0.282905 -0.644217 -0.431526
0.0304724 -0.763869 0.513248
0.498873 -0.392167 0.52452
0.261272 0.394953 0.588024
-0.505592 0.539133 0.368062
-0.214847 -0.830403 0.143938
0.776177 -0.182935 -0.351897
-0.343584 -0.0292044 -0.722885
-0.775357 -0.175199 0.449667
0.11283 -0.65564 0.651589
0.0271978 -0.0488602 0.91329
-0.674959 -0.565919 -0.054235
0.590422 -0.63382 -0.227243
-0.499561 0.485576 -0.465033
-0.305295 -0.203195 0.866938
0.135136 0.565786 0.457175
0.295763 0.446408 -0.540056
0.146981 0.442216 0.607775
-0.115938 -0.496309 -0.687356
0.0721367 -0.624661 -0.613545
-0.000786344 -0.237616 -0.777274
-0.421463 0.736374 -0.0490151
-0.422242 0.0430101 -0.70983
0.775722 0.190951 0.0536507
0.286309 -0.799127 -0.262136
0.511025 -0.0572344 0.602301
-0.51494 -0.17653 0.766178
-0.550876 0.193109 0.630936
-0.868887 -0.0404405 0.0849533
0.693852 0.313765 0.10687
0.0411079 0.198391 -0.74132
0.7494 0.199651 0.100707
0.79654 -0.186572 0.282522
0.367507 0.439367 0.45512
0.0934971 -0.855414 0.116657
0.234807 -0.823467 0.158056
0.491435 -0.171177 0.617362
0.425169 -0.721368 -0.306493
-0.275431 0.564768 0.508536
-0.248089 0.361701 0.69209
-0.346847 0.747283 0.119001
-0.79412 -0.129312 0.416437
0.103267 -0.846881 -0.0124038
-0.676204 0.221114 0.468891
0.12722 0.618587 0.388517
-0.83787 0.133644 0.131345
0.177817 -0.708582 0.545446
-0.296835 0.709349 -0.308438
0.658017 -0.44546 0.302736
0.824528 -0.122094 -0.243024
-0.00281225 0.75353 -0.264696
-0.121752 0.366414 -0.657954
-0.338631 -0.567616 -0.499913
0.278622 -0.680117 0.488846
-0.52038 0.249625 0.625856
-0.328115 0.148643 0.791122
-0.356712 0.294764 0.695272
0.0635439 -0.544226 0.789699
-0.320659 -0.625125 -0.427545
0.530842 -0.343724 -0.60914
-0.574603 0.457451 -0.408139
0.842308 -0.337073 -0.0348522
-0.731943 -0.500717 0.169379
0.51883 0.170122 0.493069
0.715072 -0.107331 0.38576
-0.372388 0.599141 -0.408879
0.0394189 -0.19028 -0.792325
0.496217 -0.716019 -0.215783
-0.65768 0.166753 0.51783
-0.256328 0.62125 -0.441699
-0.854366 0.071319 0.155199
-0.325649 0.131682 0.801569
0.548918 0.00887359 -0.603597
-0.731463 0.150172 0.423357
-0.256571 -0.547591 -0.572375
0.880256 -0.132867 0.076707
-0.62073 -0.654507 0.294941
0.574982 -0.103921 -0.592252
-0.549307 0.460776 0.411007
0.149828 -0.258441 -0.775576
0.382579 0.657971 0.0972191
0.0229167 0.4502 -0.628739
0.119319 -0.436477 -0.726573
0.335871 -0.647388 0.468035
-0.335217 -0.185781 0.85836
0.432439 -0.458586 0.549977
-0.196742 0.546507 -0.556947
-0.446411 0.65043 0.239142
0.59557 -0.609233 -0.288523
-0.691035 -0.10432 0.586319
0.238017 -0.828655 -0.132715
-0.407487 0.158979 0.757042
-0.50897 0.659877 -0.145896
0.647508 0.1982 0.302462
-0.358443 -0.60879 -0.419309
0.117391 -0.855249 0.146487
0.327816 0.461103 -0.497498
-0.105624 0.532049 -0.582922
0.729695 -0.0756861 -0.41903
-0.251448 0.376662 -0.642174
0.81223 -0.302366 -0.197795
-0.664101 -0.33771 0.579484
0.862638 -0.303814 0.0719444
-0.300777 -0.815319 0.0160256
0.639512 -0.201454 -0.53537
-0.828528 -0.0572096 -0.101641
0.309627 0.602109 0.30683
0.201787 -0.841332 0.0293893
-0.183115 -0.157281 -0.74253
-0.468507 0.660209 -0.272716
-0.411468 -0.76411 0.388751
-0.856169 -0.123479 0.0530529
-0.0213903 0.228974 0.82764
-0.320268 0.269607 0.725671
-0.0240361 0.836685 -0.0792768
-0.28195 -0.18539 -0.70677
0.667667 -0.459181 0.261612
0.36438 0.566838 0.289257
-0.429597 -0.666411 0.596854
-0.55504 -0.731009 0.308149
-0.145921 0.832469 -0.195658
0.448534 0.176575 -0.632235
-0.231398 -0.827247 0.147744
0.757323 0.187285 -0.242463
-0.275702 0.18034 0.791894
-0.536464 0.533559 0.343794
-0.694423 0.167863 0.466747
-0.000644826 0.119558 0.890208
-0.636952 -0.531383 0.50785
0.327563 0.67829 0.156719
-0.244781 0.817421 -0.104625
0.628808 0.19892 -0.444337
-0.273199 0.734911 0.284683
0.847578 -0.0915569 0.147463
-0.78137 0.356798 -0.187132
0.452015 0.21793 -0.616545
0.00738351 -0.204069 -0.785829
0.197258 -0.33544 0.79571
-0.432391 -0.602728 0.647647
0.0526291 -0.62449 0.71818
-0.706022 -0.106362 -0.43299
-0.774039 0.337578 0.119303
0.0737309 -0.857726 0.128272
-0.690368 -0.45417 -0.194145
0.224913 0.572743 -0.412927
0.802421 0.163106 0.0205647
0.466902 0.497726 -0.29345
0.00260853 -0.707422 -0.502006
0.57594 0.246279 -0.493316
0.231996 0.70374 -0.219131
-0.521578 -0.582567 0.593922
0.781062 -0.130686 0.296237
-0.193573 -0.766166 -0.32121
-0.341397 -0.0635915 -0.716355
-0.662558 0.322171 -0.40898
-0.479242 0.596943 -0.345746
0.240895 0.741684 0.0329629
-0.0647686 -0.386452 -0.728963
0.753505 -0.445709 -0.192216
0.174763 0.558524 0.44928
-0.237475 0.477832 0.597555
-0.613113 0.171101 0.572696
0.151387 -0.735804 -0.478217
-0.691595 -0.513204 -0.115679
-0.196003 0.609673 -0.480858
-0.206961 -0.829704 0.0166887
-0.477739 -0.62123 -0.277076
-0.507571 -0.608604 -0.257247
0.835231 -0.107969 -0.218384
-0.686701 0.336243 0.370713
0.605154 -0.377252 0.419047
0.750354 -0.0835723 0.320269
0.600329 -0.284092 -0.56092
0.607283 0.447955 -0.0635117
-0.220537 -0.824155 0.258443
-0.707338 0.477157 -0.0433529
-0.259854 -0.0499974 0.899262
0.259289 0.623798 0.306713
-0.313763 0.434597 0.61679
0.428381 0.0997205 0.62797
-0.629521 0.283743 0.496589
-0.497349 -0.679575 0.489326
-0.563822 -0.697041 0.36304
0.246475 0.736852 -0.0999816
0.584472 -0.165329 -0.590745
0.731602 0.232115 0.10667
0.470019 -0.67793 -0.353986
-0.710288 -0.0694406 0.547162
-0.301748 -0.696413 0.591736
-0.34789 -0.321334 -0.641675
0.328727 -0.150503 0.762503
-0.758336 -0.257685 0.463533
0.851118 0.0327513 -0.00218249
0.786125 -0.00458744 0.2078
0.439057 -0.759532 -0.103417
0.190297 -0.78861 -0.335915
0.282427 -0.603598 0.565355
-0.00583785 -0.863874 0.179917
-0.266129 -0.811592 0.325074
0.443487 -0.0865034 0.668476
-0.553741 0.625023 0.0329933
-0.530737 0.445792 0.447615
-0.169389 0.462137 0.62906
0.497952 -0.585753 0.36516
0.412527 -0.725872 0.171904
-0.0732891 -0.84586 -0.0843781
0.44357 -0.704523 0.177891
0.764848 0.100547 0.159863
0.800989 -0.196678 -0.280717
0.133909 0.406132 -0.648767
-0.789405 -0.0514282 0.413207
-0.770939 0.36681 0.0252591
0.634714 -0.338974 0.410703
-0.69948 0.241885 -0.419647
-0.728638 0.214737 0.399424
0.48013 -0.352952 -0.638726
-0.314595 0.626865 -0.40419
-0.0562783 0.570884 -0.547043
0.257237 0.399203 -0.608303
-0.262428 -0.325256 0.853897
-0.807519 0.192215 -0.183957
-0.197792 0.261727 0.773706
-0.0848523 0.752544 0.262957
0.738569 0.187287 0.135583
-0.47801 0.264421 -0.645284
-0.240514 -0.700945 0.605138
-0.791793 0.0696942 -0.328685
0.0253912 -0.861138 0.11926
-0.0688065 -0.706334 -0.486108
0.510773 0.374858 -0.4435
0.0600929 0.208474 0.839673
0.482023 0.567601 0.0158783
0.593151 0.400511 0.185265
-0.197998 -0.794316 -0.232832
-0.64369 0.332649 0.438436
0.136419 0.529542 -0.535563
0.286079 0.528169 -0.432698
0.388847 -0.547927 0.520983
0.318708 0.212871 0.689807
0.246826 -0.311077 -0.747742
-0.427861 -0.261347 0.793854
-0.757335 -0.147067 -0.294393
0.330883 -0.363403 0.687749
-0.475757 -0.605889 0.613532
-0.466817 -0.762178 -0.0306427
0.134452 -0.110748 0.865119
0.745461 -0.199485 -0.414071
-0.447427 0.675364 0.153936
0.274067 0.297792 -0.673788
0.400728 0.413789 0.446153
0.111093 0.194815 -0.748703
-0.77537 -0.339697 -0.0757618
-0.784475 0.165902 0.342524
-0.494473 -0.758946 0.215477
-0.694183 -0.534896 -0.0733556
-0.673193 0.528679 -0.119193
0.565874 0.422119 0.196809
-0.0363853 0.749534 0.242534
0.527239 0.33693 -0.462962
-0.644565 -0.303419 -0.376135
-0.0651199 0.0034501 -0.778297
-0.687543 0.233693 0.447852
-0.385426 -0.251818 0.819036
0.275464 0.444211 0.527999
-0.549172 -0.665194 -0.0982405
0.672839 -0.568648 -0.00664338
-0.728257 0.438781 0.107586
0.625051 0.200083 0.339852
-0.1335 -0.0604761 0.93441
0.0875124 -0.468373 -0.71519
0.418955 0.124484 -0.661057
-0.189488 0.670139 -0.409259
0.526516 -0.0535791 0.587684
0.385469 -0.689059 -0.430553
-0.0375761 -0.613194 -0.600348
-0.144493 0.407208 -0.637757
0.383572 0.413378 -0.520366
0.461601 0.585348 0.0758067
-0.216605 0.0221788 -0.75508
-0.659254 -0.329633 -0.334526
-0.236237 0.785631 0.174056
0.283227 -0.774405 0.267794
0.196441 -0.825015 0.247809
0.223077 0.411174 -0.613447
-0.710234 0.107878 0.470821
0.0037542 -0.861284 0.0921821
-0.39331 0.476873 0.548737
-0.634922 -0.566063 0.463482
0.681233 -0.340819 0.358083
-0.50906 -0.599251 -0.269717
0.22983 0.509975 -0.497636
-0.860583 -0.0573362 0.227493
0.571586 -0.506075 0.373143
-0.343556 0.35588 0.659829
0.64409 -0.180843 0.465398
-0.611072 0.58355 -0.116668
0.608537 0.281037 -0.424054
0.805194 -0.180912 0.269917
0.43722 -0.114302 -0.685815
-0.268704 -0.598891 0.742073
0.478895 0.158658 0.544769
-0.522372 -0.345862 0.714181
0.134632 -0.757409 -0.425089
0.0324807 -0.0393769 -0.794592
-0.302312 0.725409 -0.285131
-0.134325 -0.792276 0.428714
-0.808952 0.104187 -0.231882
0.130507 -0.0798551 0.865732
-0.802503 -0.261374 -0.0408261
0.446151 -0.533408 -0.569582
-0.249307 -0.370244 0.847917
-0.304981 -0.0279191 0.880285
0.411807 -0.0856959 0.695823
0.384735 0.571962 0.249757
-0.478209 -0.502492 -0.457533
-0.573067 0.618221 -0.087293
-0.751575 -0.428855 0.266454
0.465644 0.0899792 0.593984
0.199283 -0.701298 0.543018
-0.50179 0.189178 -0.639374
-0.271108 -0.475868 -0.613015
-0.0376164 -0.850829 -0.0903354
-0.693992 -0.506042 0.362821
0.732437 0.0255499 -0.385143
0.566098 -0.611918 0.163319
0.83821 0.0766348 -0.136179
-0.0575646 -0.619094 -0.588788
0.136451 0.728645 0.189998
0.841111 0.0455161 0.0193612
-0.0440359 0.819709 -0.159046
0.732031 0.303796 -0.0931824
-0.413503 -0.76186 0.393231
-0.182704 0.609652 -0.483718
0.662384 -0.516478 -0.305087
-0.807692 -0.309767 0.147879
0.561731 0.492992 -0.0233324
-0.790532 0.065051 -0.331616
-0.351725 0.657144 0.355876
-0.489045 -0.690791 -0.154845
0.0446048 0.108283 -0.765261
-0.384588 -0.342072 -0.613407
-0.497933 0.666173 0.041676
-0.181046 0.448813 0.638781
-0.0568777 0.837926 -0.11994
-0.211126 -0.426138 -0.668306
-0.325655 0.25022 -0.686352
-0.127661 0.413299 0.683298
0.19782 0.321491 0.692151
-0.362622 -0.114284 0.864394
-0.794762 0.284678 0.105717
0.442154 0.494581 0.27973
-0.610186 -0.615491 -0.0804768
0.326396 0.519356 -0.416845
0.240315 -0.105307 0.814794
0.0517145 -0.737238 -0.476177
-0.296688 -0.602067 0.7249
-0.220277 0.829064 -0.0658938
-0.0927668 0.776651 0.218465
-0.525759 0.593997 0.260894
-0.40392 0.213374 0.727624
0.0630651 -0.847366 0.351698
0.566419 -0.541312 0.323488
0.393705 0.533681 -0.339239
0.292467 0.0235926 -0.74153
0.768544 0.0209729 0.223509
0.417926 -0.414968 0.587055
-0.0646354 -0.683769 0.664451
-0.262395 -0.201481 0.886193
0.410797 -0.682369 -0.418617
-0.400397 -0.561081 -0.45146
-0.103333 -0.284596 -0.739044
0.104624 -0.852092 0.0764052
-0.308543 -0.618011 -0.449132
0.384402 0.249382 0.603076
0.00281868 -0.0865334 -0.800043
0.392764 0.546512 -0.319277
-0.310645 -0.453225 -0.602106
-0.0384994 -0.775188 -0.397901
-0.390415 0.19709 -0.691412
0.332005 0.505387 -0.432536
0.47653 0.231383 -0.595494
-0.0735398 -0.761276 -0.419247
0.213574 -0.476479 -0.692739
0.548062 -0.213051 -0.624075
0.0412101 -0.720199 0.576279
0.36705 -0.745855 -0.317078
-0.391808 -0.734412 0.466442
0.5844 -0.133232 -0.586247
0.113887 0.483634 0.576102
-0.151243 0.609555 -0.490541
-0.512275 -0.587261 -0.28398
-0.49805 0.2195 -0.637617
-0.803579 -0.222037 -0.0673629
-0.467182 0.286107 0.643892
-0.668606 0.431801 -0.282488
0.386864 -0.364126 -0.693864
0.0171746 -0.642838 0.701288
0.373927 0.362378 -0.575408
0.0486644 0.0949379 -0.769049
-0.124689 -0.100378 -0.771245
-0.603044 -0.60254 -0.125949
0.206831 -0.377343 -0.737294
-0.710437 -0.559453 0.109943
0.432261 -0.0894985 0.679132
-0.335711 -0.805536 0.00885112
0.878364 -0.156647 0.10223
0.131308 -0.848627 0.0549878
0.472104 -0.0972011 -0.666102
0.895695 -0.188239 0.020598
0.693121 0.157614 -0.377297
-0.639514 0.572045 -0.0303401
-0.388993 -0.414426 -0.577212
-0.573701 -0.343967 -0.451124
-0.326144 -0.572814 0.733909
0.247872 -0.777569 0.335307
-0.79004 -0.345746 0.195563
-0.692351 0.3853 -0.30478
0.375643 0.556938 -0.319921
-0.298133 0.77856 0.0800235
0.651986 -0.0780863 0.468277
-0.574303 -0.467476 -0.35718
-0.147629 -0.34328 -0.714037
-0.262221 -0.0456247 -0.74295
0.358147 0.674791 0.0667371
-0.000721506 0.0766638 -0.767748
-0.663716 0.000578574 0.57821
0.32556 0.637608 -0.239955
0.442278 -0.208448 0.656917
0.493079 -0.224416 -0.657236
-0.055792 0.144595 0.870394
0.0395216 -0.420002 0.856104
-0.296105 0.203266 -0.701483
0.181764 0.773791 0.0657458
-0.315772 -0.25256 -0.674096
-0.607319 0.453645 -0.358971
0.605062 -0.0785568 -0.555665
-0.850734 -0.131181 0.0345877
0.038876 0.174007 0.859271
-0.129629 -0.121552 -0.765409
-0.459133 0.64075 -0.303954
-0.434674 -0.218308 -0.626157
0.757771 -0.257207 -0.359593
-0.487186 -0.335454 -0.53749
-0.447363 -0.183196 -0.627003
-0.275948 0.808247 -0.0737546
0.551122 0.471483 0.144105
-0.667282 0.42778 -0.290319
0.598431 -0.590286 0.150453
-0.584129 -0.60486 -0.161715
0.345705 -0.778461 0.0937604
-0.193399 -0.315248 0.886774
0.783324 -0.429784 0.000123229
-0.775049 -0.1012 -0.265196
0.383178 -0.791556 -0.19076
-0.558175 -0.690716 -0.0111485
0.87787 -0.290453 0.0394344
-0.0707647 0.408036 -0.642115
-0.498167 -0.52722 0.666839
0.0183027 0.65365 -0.419473
-0.168416 -0.650421 0.742804
-0.734443 0.435666 0.0237127
0.692657 -0.308058 -0.459964
-0.0587879 -0.499669 -0.706288
0.135138 -0.404705 0.805746
0.799541 -0.392729 -0.102694
-0.805727 0.189689 0.288836
-0.417771 0.593082 0.386404
-0.106793 -0.839839 -0.122096
-0.635483 -0.269304 -0.415343
-0.396155 -0.504017 0.73701
-0.332055 0.565049 -0.47343
0.0959878 -0.827885 0.392218
0.656202 0.279901 0.21212
-0.773574 0.33656 0.129468
0.497393 -0.695509 0.0539701
-0.0814234 -0.117612 -0.780144
0.390651 0.642521 0.131932
0.480464 0.05622 0.593977
-0.801903 0.0876572 0.349723
0.539465 -0.683376 -0.225177
-0.051435 -0.101602 0.952638
-0.818869 0.1803 0.212442
-0.74043 -0.459417 0.255398
0.465074 0.508937 0.222032
0.816062 0.0659882 0.0781082
0.517707 0.363598 0.341886
-0.174953 -0.711063 -0.42412
-0.450891 -0.611587 0.629623
0.222054 0.656311 -0.297562
-0.583701 0.515819 0.307349
0.183057 0.702707 0.216015
-0.179588 -0.801361 -0.22626
0.337715 -0.762889 -0.303761
0.604421 0.245654 0.333655
-0.0358347 0.457121 -0.621816
0.9081 -0.126844 -0.0391703
0.653739 0.397466 -0.0886972
0.0518328 -0.250747 -0.785718
-0.512799 -0.545059 -0.348407
0.469015 -0.146357 0.64491
-0.672704 -0.348948 0.565107
0.811891 0.00246553 -0.248191
0.498636 -0.585675 0.363958
-0.518315 0.530197 -0.389253
-0.394874 -0.788391 0.190682
0.423893 0.44014 -0.45983
0.334579 -0.786999 0.0808443
0.309138 0.624782 -0.274783
0.508543 0.411692 0.295892
0.490678 0.557845 0.0718942
-0.838929 -0.229415 0.143369
-0.461767 -0.518502 -0.450843
-0.804218 0.0331781 0.369074
0.197225 0.305472 0.7065
-0.818611 0.146136 -0.154793
0.271921 0.347643 -0.646332
0.243212 -0.484252 0.694291
-0.0764697 -0.74467 -0.440334
0.517135 -0.563406 -0.484026
-0.252809 -0.470572 -0.625333
-0.737299 -0.361759 -0.194126
-0.402198 0.647022 -0.330125
-0.62794 -0.41885 0.578882
-0.752376 0.380937 0.178835
0.259363 -0.718992 0.466655
0.474245 -0.500819 -0.571017
-0.866351 -0.107107 0.175809
-0.271067 -0.0699516 0.903459
0.186184 -0.0156083 0.836765
-0.361635 -0.772587 -0.161909
0.747864 0.0903537 -0.330259
-0.322664 0.289704 -0.674021
0.75279 0.227902 -0.19946
0.300416 0.707641 0.000560838
0.26173 0.421304 0.560459
0.775696 -0.444465 0.0263419
-0.126061 -0.766523 -0.376619
0.06464 0.71761 -0.29265
-0.293959 0.0869485 -0.72985
-0.0612719 0.626961 0.462736
0.0235684 0.78037 0.14544
0.664607 -0.435238 0.306149
0.384453 0.301124 0.568256
-0.10346 0.783828 0.209446
0.862476 0.0269525 -0.0406124
0.466915 0.566433 -0.112024
-0.526568 -0.486467 0.656972
0.128206 -0.159405 -0.781142
-0.0698609 0.17713 -0.734676
-0.58435 -0.430059 -0.370449
-0.540276 -0.701434 -0.0274963
0.0423847 -0.810336 -0.297554
-0.6066 -0.617239 -0.0842332
-0.281927 -0.166352 -0.712098
-0.145524 -0.813622 0.373581
0.445147 0.574491 -0.163093
-0.258615 -0.797079 0.369316
-0.268738 0.202368 -0.704937
0.258967 0.701835 0.175506
-0.692857 0.121472 -0.497053
-0.378422 -0.787946 -0.0726305
0.198679 -0.821966 -0.212335
0.410494 -0.364481 0.620958
0.521305 0.193637 -0.576606
0.299082 -0.651562 0.499071
0.0136527 0.635274 0.418426
-0.31389 -0.782266 0.383245
-0.360582 -0.797575 0.00445269
0.11995 0.759652 -0.178943
0.303575 -0.787572 0.15664
-0.517539 0.104698 0.714766
-0.324929 0.786144 -0.062644
-0.582689 0.122538 -0.591762
0.436325 -0.0682334 0.671568
0.259459 -0.425278 0.713164
0.332009 -0.664985 -0.52911
0.198737 -0.718094 -0.516527
-0.425501 0.170856 0.743007
0.754327 -0.409422 0.170384
-0.490826 -0.724653 0.401779
-0.787001 -0.283589 -0.080261
0.110853 0.350425 -0.678545
0.894918 -0.213184 0.0156935
-0.46314 0.115671 0.754809
-0.742867 0.410024 0.108664
-0.70114 -0.375193 -0.237853
-0.334917 0.537279 0.517877
0.529844 0.295617 -0.502211
0.162349 -0.512109 -0.682931
-0.670407 -0.418651 0.529459
-0.244407 -0.738118 -0.32143
0.561379 -0.126872 -0.610477
-0.114704 0.783528 0.215719
0.611589 0.168213 -0.481164
0.485983 -0.0893005 0.630733
0.555996 -0.563189 -0.429608
0.685372 0.314328 -0.251531
0.598061 0.188652 -0.489898
-0.292109 0.423708 0.632386
-0.162309 -0.0750051 0.932323
0.657487 0.385073 0.0349202
-0.258108 -0.624168 -0.484125
-0.298106 0.791451 -0.101806
0.0527853 -0.216604 0.907978
0.797334 -0.293212 0.243025
0.285978 0.670861 0.212719
0.432509 -0.186174 -0.692963
0.597366 -0.386535 -0.534655
0.282713 0.458512 0.508536
-0.504797 -0.429431 -0.481786
0.113634 0.0204974 -0.781339
0.50429 0.13016 0.531335
0.721225 0.0703678 -0.379634
0.572233 0.382451 0.240519
-0.610196 -0.623503 0.419956
-0.396332 0.633606 0.349415
-0.289652 -0.103442 0.897619
-0.393386 -0.735773 -0.193765
-0.185766 0.828215 -0.180634
-0.653895 -0.143303 0.638427
-0.319253 0.0310713 -0.739902
-0.713715 -0.412061 0.439093
0.366302 -0.773906 0.0635034
-0.503891 0.0522276 0.755424
-0.504975 -0.0106377 -0.634602
-0.703412 0.0411587 -0.494909
-0.806084 0.0780411 -0.259046
-0.459393 -0.326002 -0.565204
0.318053 0.00828702 -0.73055
0.801622 0.139489 -0.18198
0.176693 -0.744779 -0.451119
0.0186029 -0.416697 0.868821
0.501123 0.467398 -0.297239
-0.493258 0.544338 0.37348
0.262108 -0.75535 0.39344
0.129274 -0.758922 0.489126
0.494319 0.17236 -0.60669
0.785542 -0.246796 -0.295139
-0.274264 -0.819245 1.54134e-05
-0.779805 -0.10366 0.441006
0.65996 0.251488 0.231723
-0.364169 -0.797482 0.178889
-0.627835 0.271494 0.508829
-0.766975 -0.212392 -0.208574
-0.357745 0.327408 0.673292
0.300175 0.177505 -0.716039
-0.486862 0.52194 0.406065
0.470264 -0.132019 0.64695
0.512184 -0.410122 -0.597923
-0.569698 0.490721 0.355857
0.495865 0.296545 -0.538009
-0.470265 0.193358 0.701285
-0.255356 -0.819438 0.210144
0.761154 -0.212395 -0.374439
0.276565 -0.818596 0.0757119
0.50138 -0.197814 0.601589
-0.603974 -0.6189 -0.0861025
0.172077 0.687205 -0.286773
0.628448 0.0782648 0.414415
0.677967 0.205515 0.242663
0.571379 -0.561059 0.271105
-0.802816 -0.324351 0.1388
-0.165736 -0.263913 0.912293
-0.161982 -0.0911943 -0.762393
-0.131559 -0.837523 0.322076
0.250079 0.0849506 0.80243
-0.649008 -0.191821 -0.453541
-0.677291 -0.523348 0.391372
0.47168 0.277438 0.481443
0.262081 -0.777155 -0.335828
0.42175 -0.758343 -0.00777166
0.229414 -0.696737 0.518797
-0.293858 0.0911239 0.829814
0.802263 -0.40046 -0.00752917
-0.203015 0.81251 -0.211481
-0.169756 0.433985 -0.623835
-0.733361 -0.380245 -0.186072
0.112052 0.490024 -0.594296
-0.618921 -0.680808 0.171228
-0.105957 -0.847742 0.126736
-0.756027 -0.0882456 -0.344733
-0.592972 -0.644166 -0.0516156
0.274755 -0.734166 -0.428075
0.779499 -0.366572 0.189536
-0.684406 -0.0522636 0.573718
-0.332148 0.591176 0.469586
-0.688865 0.312953 -0.374921
-0.591128 -0.656849 0.401467
0.023761 0.65611 0.382553
-0.666452 0.114317 -0.52561
-0.286298 -0.818202 0.073213
-0.54442 0.0534025 -0.618948
-0.205829 0.392741 0.683236
-0.788076 0.35019 -0.106195
0.237378 -0.106073 -0.767802
0.628241 0.379257 -0.250384
0.170402 0.252162 -0.722848
0.363068 0.656234 -0.0696023
-0.434669 -0.558461 0.682759
0.016388 0.772363 -0.219158
-0.010285 -0.792191 -0.35794
0.344043 -0.688387 -0.473343
0.365789 -0.687495 -0.455595
0.61872 -0.335048 -0.534534
0.0723915 -0.213016 0.898556
-0.816635 -0.246502 0.302031
-0.503933 -0.00921619 0.779932
-0.19913 0.722085 -0.342677
-0.189003 0.404664 0.676823
0.178738 0.476886 0.552017
-0.69452 -0.248868 -0.342822
0.585613 -0.142773 0.530331
0.357021 0.570459 -0.317064
-0.022585 -0.0853821 0.938348
0.329299 0.483176 0.449492
-0.545625 0.263846 0.593755
-0.740602 -0.118049 0.522094
0.255664 -0.62774 0.56582
0.341566 0.670189 0.153723
-0.365344 0.420768 -0.601151
0.272613 -0.20973 -0.751066
0.24243 -0.372067 0.75443
-0.280281 -0.81532 0.189351
-0.534343 0.302038 0.576316
0.547945 0.362612 -0.412096
0.0879548 -0.0458589 -0.787518
0.130031 0.703402 0.24395
-0.0248577 0.423661 -0.637888
-0.333262 -0.806028 -0.00261263
-0.0984945 0.776329 0.222352
-0.295532 0.348167 -0.650878
-0.84597 -0.0482389 0.276128
-0.700695 -0.488211 -0.132465
0.619463 0.149691 0.385563
-0.48903 -0.508025 -0.436869
-0.0291607 -0.222835 -0.773088
0.396 -0.241718 -0.708141
0.188192 -0.839624 0.14944
0.393083 -0.748356 0.118663
-0.484817 -0.706371 0.451873
-0.132338 -0.548587 0.806076
-0.273297 0.050228 -0.741201
-0.0651984 -0.0103014 -0.781698
-0.317036 -0.434776 0.799551
-0.792939 0.331889 -0.0879604
-0.0988753 0.017716 -0.770775
-0.70888 -0.514677 0.280911
-0.00397402 -0.83744 -0.224861
0.477963 0.333622 -0.517563
-0.0280903 -0.450079 0.860436
-0.481015 -0.208 -0.594722
0.64774 0.2099 0.291288
0.436125 -0.453912 0.549629
0.459957 -0.436168 -0.613726
0.83284 0.0792999 -0.163024
-0.271262 -0.380662 0.835573
-0.515593 0.0367615 0.74712
-0.215944 -0.423244 0.848722
-0.791455 0.262894 0.245326
0.492296 -0.594342 0.358035
0.477033 -0.516821 -0.560872
0.307705 -0.14762 -0.747172
-0.210917 0.796174 0.159993
-0.352926 0.55989 -0.468964
0.844087 -0.340075 0.0108263
0.255885 0.331329 -0.665251
0.080953 -0.632043 0.697921
0.190661 0.378044 -0.652403
-0.74345 -0.435201 0.30809
0.0707279 0.438231 0.655762
0.410278 -0.713366 0.228115
0.221645 -0.312154 0.790276
-0.727078 0.271845 0.363032
0.362418 0.67163 0.0700021
-0.0373761 -0.694616 0.639518
0.558199 -0.188658 0.548156
-0.521078 0.49188 0.4061
-0.144139 0.609957 -0.49157
-0.0817032 0.752779 -0.306642
-0.32863 0.401949 -0.623809
0.143252 -0.25255 0.859006
0.235583 0.744863 0.0469685
-0.245695 -0.527468 0.808493
-0.241487 0.0957416 0.842113
-0.775695 -0.287717 -0.118373
0.0163304 0.167171 0.863086
-0.450136 0.375662 0.591411
0.179955 0.395332 -0.644515
0.211666 -0.774149 0.431084
0.847094 0.0821514 -0.0762669
-0.356751 -0.288576 0.822107
0.794754 -0.395866 -0.135208
0.300295 0.143319 -0.722633
0.140116 -0.651836 0.646298
0.380367 -0.747425 -0.298863
0.407929 -0.408887 -0.657935
0.163303 -0.210248 -0.77504
0.843356 -0.027907 0.0923195
0.130867 -0.488818 0.776101
0.859687 -0.309692 0.0675613
0.177747 -0.426124 -0.722874
-0.408463 -0.784657 0.137496
-0.256494 0.175899 -0.712945
-0.379506 0.756394 -0.0751853
-0.248617 -0.272065 -0.696256
0.666324 0.0729014 -0.451416
-0.210392 0.824039 -0.00798077
0.144005 -0.234522 0.859624
-0.795526 -0.301544 0.338435
0.657143 -0.545587 0.132505
-0.689922 -0.0616836 0.570655
0.198127 0.582081 -0.418567
-0.522911 -0.575817 -0.287624
-0.56153 0.467176 -0.415497
-0.142127 -0.776006 0.464434
-0.0647551 0.112628 0.883001
0.00428226 0.579762 0.496577
-0.124599 0.0740397 0.884667
0.828978 0.131145 -0.07689
-0.507201 0.377277 0.541003
0.0358468 -0.850316 -0.0470577
-0.85783 0.0616312 0.145519
-0.058309 0.251435 0.814666
-0.15763 0.666683 -0.420222
0.827667 -0.107324 -0.236744
-0.367281 0.652568 -0.343766
-0.612681 -0.377043 0.615637
-0.450209 -0.0491292 0.835297
0.62845 -0.55041 0.179634
0.238226 -0.200331 0.811306
0.193546 -0.834728 -0.0920336
-0.303438 0.766465 -0.202972
-0.0111513 0.68192 0.358405
-0.178767 -0.753167 0.504657
-0.789526 -0.335149 0.252705
0.286044 -0.681137 0.480634
0.708071 0.325811 -0.170984
-0.000734911 -0.849455 0.344163
0.0521167 -0.711951 0.585433
-0.346987 -0.00850879 -0.726213
-0.74188 -0.0433321 0.492015
0.684747 -0.556997 -0.0215488
0.75132 0.203095 -0.237806
0.642326 -0.590935 0.0128851
0.283277 0.503497 -0.469311
-0.023709 0.67324 -0.412376
0.474736 0.558345 -0.121128
-0.551149 -0.658702 -0.108951
0.667131 0.19443 -0.39519
-0.397095 -0.0303912 0.856996
-0.407321 -0.736728 0.454807
-0.223335 0.759751 0.255503
0.293982 -0.611363 0.546098
0.236956 -0.678229 0.530929
-0.346951 0.752399 -0.173498
-0.724565 -0.395919 -0.187369
-0.55417 -0.609549 -0.194386
-0.680914 0.232798 0.457368
0.0636493 0.0289337 -0.787183
-0.786401 -0.119787 -0.209323
-0.133989 -0.555318 -0.627957
0.232066 0.0874104 -0.756531
-0.198702 0.4148 0.665057
0.3502 0.502614 0.404488
-0.340593 0.755982 -0.171467
-0.411305 -0.782151 0.0365869
0.431244 -0.694403 -0.363821
0.150746 0.560621 0.457135
-0.683779 0.4824 0.138682
-0.401635 -0.786405 0.189671
0.523767 -0.243714 0.567438
0.270364 -0.476845 -0.684018
0.593107 -0.583474 -0.342954
0.728333 -0.453789 -0.266987
-0.448948 0.00602825 0.827021
-0.583742 0.502607 -0.32674
-0.596735 -0.552547 -0.226251
-0.523872 -0.259951 -0.537711
0.329592 0.207447 -0.688909
0.315129 -0.687629 -0.501292
0.355891 0.60553 -0.260194
0.337416 -0.155465 0.75591
0.750248 0.272169 0.0278215
0.574964 0.321078 -0.422776
-0.659336 -0.574297 -0.0688377
-0.124065 -0.168055 -0.757331
-0.53468 0.382366 0.509399
-0.221535 0.759352 -0.283584
0.267761 -0.115961 0.800327
0.436368 -0.272033 0.643136
-0.0671806 -0.0840475 0.959189
0.0234784 -0.822529 -0.264578
0.0450457 -0.741006 -0.468653
-0.607384 0.546409 0.170203
-0.00398163 0.354478 0.747123
-0.320786 -0.773768 -0.192614
0.0756633 -0.848487 -0.0232638
-0.344901 -0.0635513 0.877188
-0.5743 0.171733 0.620493
-0.68348 -0.0178603 -0.499603
-0.207134 0.471611 0.611192
-0.623692 -0.098261 -0.520006
-0.485759 0.675612 -0.161257
0.193398 0.110053 0.823008
-0.167946 0.154062 0.834921
0.735566 0.0131131 -0.386647
-0.0445416 0.844656 0.0210734
0.598697 -0.622435 0.0301893
0.27284 0.7241 0.0699564
-0.325874 0.149055 -0.711036
-0.569954 -0.0648185 0.719005
-0.715535 -0.396289 0.455573
-0.506157 -0.308319 0.736229
-0.388981 -0.298662 0.80298
0.331493 -0.745958 0.274208
0.433129 0.456024 0.346662
0.638992 -0.507665 0.240321
0.511293 0.443262 0.249003
-0.436453 0.216928 -0.68084
-0.816312 0.0189246 -0.191479
-0.586248 -0.201651 0.694885
0.237877 0.275633 0.709118
-0.150075 0.569141 0.527166
0.15527 -0.226016 -0.775705
0.782715 -0.262369 0.286176
0.586112 -0.517888 0.328366
-0.199613 -0.0310002 -0.764067
0.300918 -0.251477 0.766874
-0.826097 -0.231269 0.264742
-0.793523 0.273357 -0.206272
-0.568128 0.483743 0.365282
-0.820282 0.232409 -0.0916906
0.659814 0.261527 0.222739
-0.686153 0.0526634 0.527781
0.360894 -0.71815 0.320927
-0.806268 0.171782 -0.203388
-0.490023 -0.111129 0.803044
-0.140123 0.498596 0.597813
-0.54663 0.0805793 -0.619427
0.445301 -0.709598 0.15716
-0.60099 -0.297311 0.655286
-0.601693 0.205074 -0.560475
0.409554 -0.0896649 -0.696678
-0.618671 -0.644166 0.330457
-0.788153 -0.227204 0.410077
0.527989 -0.00525015 -0.62332
0.795942 -0.196376 0.284489
0.0368854 0.660878 -0.398655
-0.293986 0.472903 0.587169
-0.00406958 -0.859288 0.0482008
-0.729642 -0.499139 0.201051
0.192263 0.593201 0.39529
0.33057 -0.625889 0.495663
-0.253162 -0.482279 -0.619749
0.687933 0.325077 -0.226406
0.434048 0.393542 -0.49707
-0.484027 0.428508 0.514364
0.0530606 0.658194 0.362842
0.75071 -0.459314 0.0973222
0.411889 -0.0170486 0.684166
-0.186435 0.658263 0.434278
0.0752036 -0.641786 -0.594656
-0.485939 -0.182953 -0.598882
0.186895 -0.659477 0.598759
-0.339922 0.740373 -0.23869
-0.0423479 0.727679 -0.330183
0.133252 -0.839913 0.307206
0.323017 -0.812728 -0.196433
-0.539766 -0.346238 0.700281
-0.825389 0.163045 0.189995
0.684786 -0.272837 -0.479086
0.185013 -0.198395 0.839797
-0.4625 0.132302 -0.675462
0.541261 -0.256005 -0.62079
-0.176509 0.627543 -0.463442
0.771428 -0.0189056 0.253128
-0.507847 -0.600952 0.589142
0.188567 0.353023 -0.667919
-0.533149 0.00878121 -0.618648
-0.392287 0.436169 -0.575594
-0.631935 -0.65265 0.241853
0.336863 0.0518755 0.73905
-0.172922 -0.295616 0.900873
-0.426223 0.734819 -0.0308035
0.0515634 -0.164419 0.906485
0.0201542 -0.848654 0.35002
0.207922 -0.833071 0.157951
-0.73395 -0.483477 0.221884
0.558621 -0.532662 0.357705
-0.287412 0.278749 0.732077
0.0778891 -0.372913 0.851552
0.180756 -0.796151 0.411719
-0.433199 0.699836 -0.22032
0.0140656 -0.709511 0.600936
0.219916 -0.491372 0.709753
0.80646 -0.0810257 0.231925
0.128957 -0.278684 0.857556
-0.212372 0.391362 0.682768
0.63946 -0.0119506 -0.508246
-0.228659 -0.127554 0.917994
-0.418231 -0.762028 -0.131607
0.321275 0.583964 0.323398
0.720096 -0.486744 -0.185518
-0.570717 -0.617602 0.504843
-0.493376 -0.734386 0.375908
-0.501289 0.660303 -0.194068
0.871925 -0.27991 -0.0201631
0.198802 0.517891 0.492781
-0.430252 0.438718 -0.555132
-0.439539 0.633317 -0.325564
-0.784529 0.0310682 -0.329252
0.393524 -0.739292 0.160311
0.816139 -0.174096 -0.253032
-0.446763 -0.0640624 0.838069
-0.166519 0.467185 0.624553
-0.580867 -0.560393 -0.235054
-0.5655 -0.455391 0.629623
-0.764687 -0.40854 0.00983432
0.400783 0.591272 0.195104
-0.423689 0.729775 -0.0934195
0.255944 0.402621 -0.605928
-0.224232 0.824274 -0.0427891
-0.601694 0.58558 -0.150056
-0.37732 0.172332 0.760245
-0.55984 0.325565 -0.536912
0.0852277 -0.64276 0.680311
0.787626 0.0902745 -0.252665
0.522678 0.0142481 0.569462
0.6257 0.429862 -0.10929
0.570065 -0.0881783 -0.595322
0.533104 -0.169977 -0.643544
-0.0628615 0.732635 -0.332099
0.412312 -0.780138 -0.109465
-0.565995 -0.319179 -0.475878
-0.452737 -0.768914 0.030509
-0.0684307 -0.610866 -0.595609
0.479166 0.566152 -0.0201516
-0.636402 -0.639251 0.263572
-0.308989 -0.41434 -0.620917
-0.464953 0.162431 -0.669348
-0.446594 0.453014 0.523788
0.747231 -0.295324 -0.365621
0.801697 -0.394854 0.0799528
-0.578949 0.128632 -0.593526
0.097818 0.296173 -0.702284
-0.833147 0.113872 -0.09886
0.236709 0.734052 -0.154746
0.341931 -0.342309 0.690145
-0.393908 0.660135 0.292387
0.454971 -0.668106 -0.396955
0.426431 0.0974507 0.631006
-0.129141 -0.786778 -0.314838
0.827256 -0.0790892 0.18432
0.415295 0.592313 -0.179008
-0.505587 -0.75488 0.167077
-0.236975 -0.567974 0.786851
-0.841853 -0.100767 0.298934
0.534571 -0.530836 0.398783
0.74291 0.103148 0.205895
0.710473 -0.043182 0.361637
-0.12363 -0.765313 -0.382187
-0.288675 0.541967 -0.525618
0.34139 -0.720868 0.354195
-0.0645674 -0.845913 -0.12299
-0.514647 0.65219 -0.176731
0.113999 -0.101065 0.874408
0.042903 -0.00801916 0.90401
-0.693219 0.119493 -0.496966
-0.594325 0.172406 -0.575708
0.150589 -0.196788 0.858247
0.119524 0.779897 -0.122034
0.167516 -0.0378999 0.846508
-0.301539 -0.155698 -0.707012
0.310513 -0.310994 0.731994
-0.266737 0.476982 -0.595718
0.812396 -0.37332 -0.103895
0.448862 0.356467 0.447946
-0.462718 -0.582255 -0.3549
-0.292274 -0.648437 0.684188
0.804654 0.187136 -0.00701856
0.0077708 -0.229488 -0.780736
-0.350604 -0.725162 -0.247733
-0.0530207 0.536293 0.571105
-0.220647 -0.189562 -0.724974
0.595665 0.109993 -0.527907
0.663156 -0.480256 -0.343867
-0.796317 -0.228462 0.392983
0.686352 -0.100205 -0.469986
-0.349331 -0.794185 0.334425
0.0256051 -0.822302 0.407617
-0.707904 -0.294212 -0.288753
0.313903 -0.125214 -0.744857
-0.0228815 0.71699 -0.338814
0.262318 0.580409 -0.375968
-0.644982 -0.617885 0.286608
-0.555343 -0.484823 0.62573
0.321654 -0.79788 0.0612041
0.770615 -0.0453576 0.270569
-0.826369 -0.0604495 0.336037
-0.162593 0.106145 0.859013
-0.235592 0.224709 0.781138
-0.243638 -0.294254 0.870222
-0.169222 0.238982 -0.707017
-0.604829 0.52889 0.238959
-0.71302 -0.0611587 0.53983
-0.1193 -0.193002 0.948813
-0.36755 0.210223 0.742346
-0.00459648 -0.0221187 0.926946
-0.648344 -0.263455 -0.400596
0.57951 -0.123318 0.539828
0.908428 -0.137638 -0.0304463
-0.216141 0.172176 0.81305
-0.658028 -0.155074 0.633783
-0.000685928 -0.865799 0.217658
-0.84277 -0.108118 0.297002
0.686841 -0.233624 0.411968
0.666116 0.0409768 0.385107
-0.275963 -0.671609 -0.395632
0.00980718 -0.577275 -0.652889
-0.355161 0.558479 -0.469576
0.462609 -0.539779 -0.556806
0.29544 0.405981 0.556238
0.368637 0.635014 0.177677
0.793613 0.151687 -0.188019
-0.0638145 0.185662 -0.733274
-0.810789 0.215521 0.177027
0.802978 -0.327114 -0.209119
0.441758 0.384293 0.431597
0.357718 0.129288 0.687405
0.577001 -0.544847 -0.415577
-0.72628 -0.515529 0.166848
0.691702 -0.106444 0.417917
0.705017 -0.0754119 -0.44596
0.00113768 -0.866348 0.226779
-0.299021 -0.666876 -0.382575
0.644593 0.185323 -0.429464
0.0506757 -0.842344 -0.159853
0.150115 -0.57265 -0.65093
0.736264 -0.461279 -0.219874
-0.7612 -0.248181 -0.201953
-0.379049 -0.793279 0.145005
0.2455 -0.262349 -0.752711
-0.350799 -0.656409 -0.35301
-0.739616 0.431121 -0.0891974
-0.660307 0.387912 -0.353952
0.286862 0.135594 -0.730044
0.832066 -0.120269 0.210866
0.19722 0.379318 -0.650108
0.456372 -0.442946 -0.612142
-0.12509 0.489929 -0.601014
0.29903 -0.684913 0.464179
0.375258 -0.686342 -0.448098
-0.693723 -0.458208 -0.186049
0.837591 -0.0565884 0.141227
-0.485568 -0.575213 -0.337762
-0.285412 0.0168136 0.867006
-0.675441 -0.549442 -0.0912786
-0.817672 0.0653805 0.335993
0.320557 -0.506425 0.616909
-0.195003 -0.284955 0.893972
0.535636 0.514577 0.092958
0.362816 0.134587 0.679757
-0.0555474 -0.495448 -0.707957
-0.699194 -0.450912 -0.183464
0.167709 0.35124 0.683526
0.0243593 -0.603415 0.754732
0.0652515 0.782651 0.117292
-0.507785 -0.325245 -0.52415
-0.674984 -0.601545 0.169503
-0.536996 0.0616044 -0.625355
-0.406259 -0.783565 0.0272944
-0.40348 0.42868 -0.576576
-0.705353 0.399735 -0.262713
0.16374 -0.777065 -0.36984
-0.461039 -0.668583 -0.226017
-0.21473 -0.0560956 -0.754477
-0.500639 0.672916 -0.0847928
0.671562 -0.126605 0.447566
0.273409 -0.362919 0.734709
0.409241 0.33132 -0.575463
-0.628252 -0.384516 -0.339367
0.812761 0.138742 -0.138891
0.82212 -0.340575 -0.140201
0.562697 0.406949 -0.315213
-0.862391 0.0409968 0.0334704
0.432546 0.258743 -0.613446
0.510587 0.504029 0.158035
0.694484 -0.0909701 -0.45975
-0.835859 0.129215 0.180401
-0.555309 0.0923055 0.675751
-0.835442 0.173009 -0.0145255
-0.396812 -0.634255 0.642341
-0.0799297 0.202526 -0.72719
-0.460065 -0.691853 0.516166
-0.224051 -0.179868 -0.72601
-0.763242 0.375172 0.0749786
0.04657 -0.857746 0.0915516
0.447407 -0.607738 -0.514914
0.269469 0.497992 0.47491
0.589081 -0.373533 -0.557292
0.117916 0.111891 -0.773022
-0.44305 0.680813 0.144649
-0.473071 -0.296978 -0.565651
0.248721 0.737179 0.0264093
-0.554478 -0.706683 0.35773
-0.303075 0.0316865 0.855315
0.624151 0.223939 0.319463
0.532221 -0.0410146 0.580242
-0.642626 0.0527226 -0.542886
-0.80329 -0.303085 0.234719
-0.16859 -0.834057 -0.0214116
-0.829907 -0.249325 0.110721
-0.654061 0.0375401 0.57539
-0.313138 -0.806819 -0.0334552
-0.0241395 0.416454 0.692297
-0.847594 -0.17198 0.232538
-0.325291 0.198486 0.764008
-0.75613 -0.119981 -0.319774
-0.194428 0.179302 -0.71943
-0.321778 0.763188 0.11706
0.540245 -0.645005 -0.340905
0.0443935 0.711265 -0.314155
0.219931 -0.835907 -0.0363766
-0.628618 0.478987 0.281258
0.277038 0.392703 -0.604941
0.0721919 -0.344312 -0.770344
0.699654 0.117426 0.285627
0.254843 -0.759932 -0.38346
-0.303841 0.745558 -0.256118
-0.017243 -0.857637 0.0331899
0.241221 0.361232 -0.648501
-0.306916 0.423647 -0.616097
-0.511801 -0.443948 -0.468018
0.494778 0.0939369 -0.62438
-0.271555 0.48881 0.578609
0.538836 0.504248 -0.121309
0.64189 -0.579708 0.0736846
0.551124 -0.321929 0.50599
-0.666859 -0.241748 -0.38937
-0.256316 -0.778412 -0.232949
-0.462824 0.333291 0.614712
-0.419206 -0.348339 0.772052
-0.252989 -0.672637 0.667106
0.202419 -0.813791 -0.255078
0.825079 -0.187984 -0.222832
-0.627806 -0.597391 -0.0840088
-0.295929 -0.623001 -0.452593
0.0741839 -0.219261 0.897726
0.152092 -0.714214 -0.528591
-0.761558 0.28201 0.292568
-0.0955805 -0.58217 -0.617936
-0.427644 0.674887 0.19603
-0.137637 0.749331 0.298172
-0.419672 0.71116 -0.197988
-0.279107 0.435228 -0.613464
0.869156 -0.158057 -0.124067
0.534242 0.416538 0.251246
-0.0133887 0.154056 -0.747064
-0.276036 -0.423189 -0.634628
0.242607 -0.0388609 -0.766748
0.482337 0.299281 -0.546764
-0.487082 -0.584996 -0.320672
0.600412 -0.41964 0.397727
0.197495 -0.267829 -0.76354
-0.0801117 0.591153 0.514168
-0.678628 0.0779161 0.527263
0.406563 -0.745546 0.0980373
0.535913 -0.437109 -0.569982
-0.108415 0.818367 0.120736
0.473631 -0.587573 0.396735
-0.504415 -0.392478 0.711781
0.132426 -0.811199 -0.282386
0.578928 0.477667 -0.0599265
-0.361182 0.0807078 0.816118
-0.544382 -0.513698 -0.355179
-0.711598 0.396157 0.252796
0.882246 -0.276737 0.0552301
0.0492412 -0.146853 0.906887
0.763575 -0.0286255 0.273181
-0.635701 -0.322006 -0.375338
-0.674822 -0.467725 0.481673
-0.510911 0.121499 0.710974
-0.210126 0.125234 0.836865
-0.757059 -0.191502 0.483086
-0.0523796 -0.845776 -0.183664
-0.553358 0.534895 -0.329623
-0.0688569 -0.54239 -0.673983
0.881014 -0.137916 0.0795733
0.375917 -0.703597 -0.406798
-0.0837823 -0.745057 -0.438135
-0.232463 0.362819 -0.650098
-0.211424 0.272344 0.762865
-0.651397 0.171457 0.524455
-0.235693 -0.808652 0.350614
0.205801 -0.389339 -0.733363
0.504871 -0.188249 -0.656641
0.134287 -0.787439 0.444077
-0.0150635 0.797581 0.131096
-0.469676 0.679664 0.0794956
0.421492 0.545482 0.233446
0.46443 0.582903 0.0670228
0.195943 0.173256 0.797066
-0.337225 0.111055 0.808419
0.471138 0.464644 0.278995
0.253314 -0.0513074 -0.765851
0.296561 0.498783 -0.466629
0.39532 0.638394 0.011627
-0.483967 0.567818 -0.377556
0.0661661 0.171033 0.855067
-0.419026 -0.780113 0.330213
0.882094 -0.0392081 -0.0331066
-0.205194 0.300656 0.748689
-0.597883 -0.477311 -0.31447
0.357061 0.463245 0.440399
-0.148987 -0.837265 0.28819
-0.593774 0.0192675 -0.57612
0.0249023 0.801085 -0.153021
-0.121556 0.618594 0.482753
-0.273648 -0.761702 0.447726
0.36181 0.673935 0.120516
-0.167432 0.695464 -0.383391
0.394031 0.498973 -0.39546
-0.429158 0.697859 -0.237752
0.327405 -0.816936 -0.0451085
-0.437633 -0.186628 -0.633067
-0.0518237 -0.856631 0.160801
-0.825034 -0.227153 0.281878
-0.0414325 0.683459 -0.406154
0.088713 -0.151885 -0.786684
0.731522 -0.43789 -0.278085
-0.786161 -0.111776 -0.216408
-0.723671 0.0879333 0.460911
-0.286772 -0.693282 -0.352869
0.500624 -0.11648 0.6196
0.207164 0.745586 -0.146602
-0.665152 0.396909 0.337239
0.890048 -0.189144 -0.0463403
-0.0205453 0.595269 -0.512479
0.0440955 0.830344 0.0153106
-0.249574 -0.199837 -0.714485
-0.179223 0.836361 -0.0155142
0.258498 -0.823731 0.096762
-0.183453 -0.813732 0.358682
0.320389 0.671406 -0.17967
0.482555 0.485906 -0.290616
0.350861 -0.667127 0.432927
0.516988 0.315756 0.392033
-0.451411 0.64658 0.241278
-0.43277 -0.629477 -0.315818
0.720219 -0.152733 -0.440253
-0.345269 0.716804 0.224294
0.349761 0.635113 0.203231
-0.708955 -0.0380859 0.535486
-0.276778 0.716665 0.319269
0.0576419 -0.0059494 -0.78986
-0.339316 -0.296681 -0.652088
-0.370933 0.425754 0.603261
-0.707097 -0.479131 -0.130372
0.0501585 -0.863126 0.315674
-0.843414 0.12772 -0.0362787
0.254378 -0.553385 -0.643671
0.39598 0.529386 0.297848
-0.0323053 0.402578 0.705119
0.060092 -0.561659 0.778605
0.348612 0.486855 -0.446935
-0.0172606 -0.855597 -0.0313791
-0.757678 -0.303003 0.447312
-0.219338 -0.737769 -0.344054
-0.324473 0.780749 -0.0900018
-0.812436 0.107323 -0.211628
0.693005 0.151899 -0.380066
0.812037 -0.151546 0.257053
0.605051 -0.244017 0.48817
-0.356467 -0.760872 0.417739
-0.384757 0.536471 -0.481889
-0.426479 0.526969 -0.471932
0.164786 0.0749169 0.842966
0.0815565 0.104209 0.87192
-0.56216 0.26728 0.57623
0.495914 0.243416 0.478501
0.853938 -0.172945 0.199498
0.299678 -0.772493 0.238181
-0.572124 -0.467903 0.615764
0.517603 0.520223 -0.130541
0.677377 0.334813 -0.238291
0.0147762 0.458069 -0.624631
-0.75187 -0.440886 -0.00744547
-0.328074 -0.0579693 0.883757
0.304341 0.136291 0.739231
-0.399074 0.393428 -0.608018
0.857582 -0.0748387 0.0934284
-0.338145 -0.615867 -0.426338
-0.255636 0.52134 -0.568941
0.0316134 -0.786011 0.477445
-0.649994 0.131317 0.542941
0.00242068 0.792303 0.132332
-0.758509 0.377487 0.121537
0.347741 -0.363957 0.673426
0.804304 -0.390023 0.0826498
0.31894 0.298634 0.641942
-0.780997 0.320516 -0.216201
0.653045 0.277861 0.219497
-0.434043 -0.223626 -0.625094
0.767258 -0.276099 -0.326764
0.355574 -0.675522 0.417614
0.223709 0.750454 0.0793264
-0.303846 0.238426 0.749107
-0.43628 0.405475 0.5783
-0.86583 0.043167 0.106294
-0.639666 -0.519707 -0.219698
0.319351 0.697837 0.103689
-0.837074 -0.139524 0.321733
0.618118 0.413978 0.126994
0.757707 0.124628 -0.290377
-0.369009 0.326408 -0.653883
-0.256369 0.423958 -0.620582
-0.77117 -0.231136 0.44396
-0.160236 -0.840493 0.14837
0.337818 -0.589026 0.527308
-0.0901244 0.0982761 -0.751834
0.00690838 0.136406 0.880617
0.0880178 -0.411264 -0.742745
-0.426123 -0.779237 0.18164
0.202055 0.680873 0.24227
0.573144 0.185951 -0.523722
0.0617141 -0.105457 -0.791574
-0.130723 0.13025 -0.739113
-0.468136 -0.610288 0.616306
-0.160791 -0.804796 -0.231373
0.319524 -0.346673 -0.718051
-0.470985 -0.404349 0.727883
-0.107125 0.706567 0.366993
-0.798614 0.314536 -0.09637
0.410243 -0.738171 0.12422
-0.730014 0.336795 0.28974
-0.24522 0.52211 0.555264
-0.576997 -0.371552 0.654806
0.755056 0.12889 0.155885
0.23195 0.333855 -0.669315
0.631079 -0.531757 0.21446
0.498086 0.276988 0.449976
0.224881 0.188484 0.769914
0.478996 0.443095 0.296762
-0.364145 -0.580983 0.705139
0.000914087 -0.172466 0.930779
-0.122114 0.59641 0.504566
-0.787512 -0.345416 0.0272881
0.230159 -0.525652 0.682413
-0.223891 0.397212 0.67442
0.350753 -0.809834 -0.0700735
-0.286529 0.253576 0.746723
0.323555 0.160871 -0.707562
-0.0951414 -0.0766212 0.949622
-0.851687 -0.00708568 -0.0104854
0.249161 -0.208535 -0.756705
0.807081 0.127974 -0.182274
-0.558769 -0.725408 0.316028
-0.310139 -0.588193 -0.493456
-0.424737 -0.75547 0.403778
-0.860292 -0.0408083 0.0433795
-0.240965 -0.67162 0.674293
0.250334 0.711882 -0.191262
0.0721194 0.75319 -0.224213
-0.492987 -0.22837 0.76826
0.626176 -0.0772953 -0.532404
-0.26641 -0.811525 0.325259
-0.763672 -0.233757 -0.204094
-0.425191 -0.609011 -0.354206
0.0646497 0.672262 0.332749
-0.855581 0.0500996 -0.00254868
0.765358 -0.217138 0.329124
-0.228809 -0.691311 0.632587
0.772748 -0.0326787 -0.355833
-0.141297 -0.376727 0.893584
-0.494809 -0.307149 0.7435
0.41954 0.507669 0.294696
0.146926 0.307934 -0.69711
-0.250265 0.216356 -0.70365
-0.123454 0.836823 0.0666562
0.34735 0.0172392 0.735969
-0.636392 0.529232 0.132836
0.489063 0.308487 -0.532323
-0.744095 -0.492227 0.0667285
-0.766043 0.363564 0.0987288
-0.464988 0.327873 0.617067
-0.6544 -0.274863 -0.38299
-0.359895 0.107364 -0.716607
0.184647 0.665407 0.277934
-0.409424 0.121222 0.777654
-0.518125 -0.238438 -0.551623
0.0704262 -0.762653 -0.421566
0.755332 -0.129218 0.332731
-0.224295 -0.828286 0.158869
-0.179792 0.146233 -0.729357
0.644281 -0.0440146 -0.507735
-0.322535 0.645847 -0.375909
-0.34661 -0.497749 0.764939
-0.175304 -0.728197 0.565432
-0.772125 -0.39244 0.195231
0.324429 0.610511 0.274991
0.0327026 -0.787665 -0.362915
-0.257828 -0.294851 -0.686103
0.371215 0.238703 0.623894
-0.442568 -0.576238 0.663545
0.101125 0.810097 -0.0181457
-0.511649 -0.713238 -0.0687606
0.646843 -0.326985 0.404956
0.547607 0.365004 -0.41004
-0.24905 0.456833 0.6136
-0.819049 0.198972 -0.119216
-0.795916 0.0200402 -0.278929
-0.272773 -0.648051 -0.434575
0.400279 0.414489 -0.505316
0.253002 0.435929 0.550312
0.309901 0.653011 0.220485
-0.609458 -0.0370932 0.660438
0.256088 0.500417 0.480442
-0.841274 0.0945545 0.221928
0.62749 -0.601794 -0.159724
-0.315488 0.651648 0.412879
0.151999 0.783662 -0.0603888
-0.431718 0.00571514 -0.692313
0.0210663 0.699469 0.311044
-0.732133 -0.0526305 0.509831
-0.216357 -0.411487 0.851607
-0.0280586 0.529482 -0.589084
0.679406 0.356849 0.0701234
-0.722674 -0.510531 0.213577
-0.845762 -0.102795 -0.00449759
-0.624317 0.228113 0.536038
-0.698671 -0.493515 -0.129148
0.840526 -0.344223 0.00126311
-0.652954 -0.641529 0.126313
0.461771 -0.746336 -0.171229
0.833122 -0.2085 0.225947
-0.639619 0.287542 -0.472996
0.340535 0.6294 -0.235657
0.12568 -0.726407 -0.503719
0.633802 0.247899 0.280598
-0.16835 0.652849 -0.434635
-0.685622 0.213306 -0.463576
-0.0300082 0.176198 0.857745
0.312713 -0.654748 0.482613
0.149175 0.704501 0.231311
0.156147 0.328856 0.709772
-0.330438 -0.658615 -0.367565
0.860442 -0.0558106 -0.14163
-0.0598034 0.589146 -0.524926
0.413604 0.629925 0.112152
0.308524 -0.531063 -0.642752
0.343036 0.554437 -0.353679
0.279519 -0.275636 0.770217
-0.485173 -0.732171 -0.0825638
-0.569322 -0.605288 -0.180996
0.313173 -0.731503 0.374825
0.875757 -0.190444 0.108629
0.199612 -0.111097 0.83429
0.0336404 0.574502 -0.524975
-0.269111 -0.301956 0.857044
-0.588146 -0.627137 -0.101478
0.14464 -0.845885 0.213556
-0.729758 0.045027 0.471018
-0.319754 0.786248 -0.0162292
0.6454 -0.331633 -0.507
0.112873 0.76451 -0.17312
0.0083113 0.586627 0.48564
0.646292 -0.109708 -0.515162
-0.412674 0.147789 0.761509
0.657233 -0.459108 0.282343
0.348835 -0.0293836 -0.719744
0.475845 0.208176 -0.604869
-0.374706 0.689374 0.250982
-0.68451 -0.151395 0.606637
-0.662679 -0.596293 0.261892
0.289752 -0.0474992 0.788431
0.0427876 0.439204 0.666856
-0.312196 -0.808633 0.182617
0.337785 -0.77519 0.129574
-0.625637 0.518234 0.208575
-0.730177 0.321791 0.306368
-0.681257 0.450578 0.225467
0.187419 0.170066 -0.758825
0.648181 -0.501984 -0.34626
0.478883 -0.732859 -0.180129
-0.557714 0.00714429 -0.599911
-0.873052 0.0207841 0.0955557
0.759747 -0.386312 -0.282142
0.105997 -0.802963 -0.310166
0.851794 0.0618514 -0.0425817
-0.49618 0.674283 -0.102673
0.0783761 -0.540808 -0.680633
-0.307072 -0.586324 -0.499026
0.577084 0.224468 0.395329
-0.474414 0.397286 0.55242
-0.0645723 0.353198 0.75041
-0.682338 -0.192945 -0.403067
-0.225567 -0.826445 -0.00153268
-0.817621 -0.236265 0.317366
0.102169 -0.191934 0.883623
0.700814 -0.522123 0.0949326
-0.854072 -0.162551 0.198495
0.872682 -0.0951976 0.0621319
-0.176688 -0.507154 -0.649567
0.584451 -0.395881 0.430004
-0.573171 0.622794 -0.0453713
0.124223 -0.514621 0.770142
-0.0145668 -0.851716 -0.0924625
0.196098 0.633381 0.325521
-0.753956 -0.424475 -0.0315153
-0.192417 0.283664 0.763243
-0.101919 0.762621 0.252127
-0.682059 0.45838 0.204713
-0.247493 -0.776913 -0.244709
0.144481 0.543077 -0.510909
0.450698 -0.605748 0.399329
0.791834 0.140176 0.0645989
-0.177518 0.0979405 -0.741599
0.621426 -0.511202 0.269341
0.613012 -0.57057 -0.320103
0.0321172 -0.769878 -0.408897
0.201651 -0.414779 -0.724855
0.893019 -0.207746 0.0268317
-0.191494 -0.049487 -0.762561
-0.0202501 0.602857 0.476673
-0.38296 -0.763723 -0.160084
0.415618 -0.618877 0.42115
-0.306037 -0.300992 -0.664566
0.165995 -0.0633478 -0.777917
-0.132036 -0.827501 0.345749
0.560806 0.481 -0.143862
-0.637047 0.386369 0.398986
-0.535243 0.104065 0.695892
0.431982 -0.668897 0.318647
-0.482237 0.147447 -0.659284
-0.092692 -0.846129 0.0138634
0.0463363 0.352372 0.745567
0.283032 0.579825 0.367617
-0.189715 -0.601495 0.772171
0.445639 0.403257 -0.478033
-0.209709 0.572533 -0.522767
-0.275644 0.267477 0.742755
-0.0511392 -0.768872 0.512271
-0.350286 -0.589806 -0.455611
0.779507 -0.42855 -0.0559036
0.0846848 0.330657 0.749455
-0.622074 0.267987 -0.508746
-0.471561 0.692587 0.0140592
-0.583021 -0.310193 0.669152
-0.260639 -0.813336 0.312328
-0.729224 -0.135599 0.54781
-0.415528 -0.778562 -0.0774357
0.503628 -0.708046 -0.237481
-0.113019 0.239364 0.809851
0.0265475 0.162658 -0.749647
-0.191633 -0.770866 -0.309093
-0.512402 -0.0609233 -0.614856
0.257493 0.71565 0.149671
0.282525 -0.402351 -0.708772
-0.642828 0.028138 -0.540749
-0.790042 0.120549 0.353318
0.514059 0.537463 -0.0204536
-0.82378 -0.199247 0.337827
-0.6545 -0.0854932 -0.499012
-0.648726 -0.341028 0.593921
0.189521 -0.835126 -0.0908942
-0.316529 0.78992 -0.0332694
0.202895 -0.13561 -0.771677
0.678069 -0.516387 -0.268072
-0.39116 0.526705 -0.490905
0.858209 -0.318383 0.00652726
0.571206 -0.469638 0.398359
0.551458 -0.622612 0.166249
-0.679279 -0.257292 0.589961
-0.68604 0.448708 0.217375
-0.158074 0.844719 -0.119442
-0.10902 -0.194104 -0.756248
-0.254719 -0.39362 -0.659758
-0.696577 0.278674 -0.393105
-0.635866 -0.533303 -0.204382
0.336273 -0.702427 -0.447388
-0.196209 0.812518 0.0955894
0.455545 -0.678039 0.232522
0.487961 -0.240007 0.603545
-0.412416 -0.751702 -0.152568
-0.760698 -0.396752 0.306004
-0.163408 -0.42716 -0.687954
-0.22662 0.405771 0.665921
0.678623 -0.375916 -0.420447
-0.506547 -0.513316 0.665416
-0.400538 -0.287236 0.800368
0.527205 0.525836 -0.0255349
0.434111 -0.205104 -0.692343
0.125386 0.104933 0.853298
-0.217825 0.288056 -0.684105
-0.378738 0.763462 -0.0426532
0.0510551 0.396828 0.711018
0.255721 -0.418915 -0.709972
0.294872 0.571011 -0.366372
-0.365825 -0.45666 -0.570738
-0.270988 0.78034 0.129506
-0.478632 0.104869 -0.668022
0.415612 -0.335951 -0.682303
0.347208 -0.749998 0.221948
-0.626959 0.328164 -0.4593
0.0119443 -0.305131 0.916228
-0.749841 -0.173725 -0.301125
0.266065 0.13112 0.778343
0.846153 0.0684201 -0.103133
0.331506 0.653635 0.193685
-0.770842 0.376917 -0.0363695
-0.826374 0.124226 -0.12787
-0.0237071 -0.747081 -0.450238
0.407214 0.555608 -0.275753
0.61685 -0.392082 0.397009
0.466038 -0.51877 -0.566089
0.256786 0.658752 -0.266968
-0.389615 0.729575 -0.181198
0.738133 -0.190081 -0.425867
0.664643 -0.126587 0.45446
-0.288471 0.276255 0.733237
0.511543 -0.40594 -0.600525
-0.506541 -0.671957 -0.160852
-0.0396335 -0.837013 -0.231118
-0.502493 -0.489855 -0.447164
-0.692268 0.304036 0.389214
-0.509705 0.509812 0.397123
-0.49734 0.627911 0.210665
-0.248785 -0.823371 0.00746234
-0.517713 0.105419 0.714176
0.628956 -0.593759 -0.194619
-0.0409931 0.45253 0.654956
0.734528 -0.400413 0.223986
0.282449 -0.383536 0.716696
-0.593312 0.0656513 -0.582095
-0.152956 -0.832362 -0.114635
-0.266808 -0.715593 -0.33624
-0.595135 -0.534422 -0.256326
0.64951 -0.0770052 0.471543
-0.286171 -0.815558 0.147298
-0.352129 0.562442 0.485132
-0.169662 0.723262 -0.34936
0.0648291 0.78607 0.110374
-0.204252 0.702403 0.371632
0.746713 0.283958 -0.068751
0.320562 0.305544 0.634643
0.644289 -0.144253 0.471629
-0.748242 -0.157576 -0.319477
-0.123507 0.164285 0.842382
0.65935 0.177693 -0.413236
-0.286684 -0.426431 -0.627386
-0.252415 -0.818157 0.24837
-0.782868 -0.365503 0.190333
-0.773102 -0.280334 0.420567
