ply
format ascii 1.0
element vertex 10000
property float x
property float y
property float z
element face 0
property list uchar int vertex_indices
end_header
0.055761 0.248735 -0.798809
0.316298 0.787543 0.0918374
-0.550727 0.514725 0.316835
-0.64948 0.446891 0.211933
0.889178 0.218595 -0.0280311
0.513392 -0.124864 -0.703915
-0.445064 -0.195788 -0.578475
-0.430284 0.102189 -0.665823
-0.124429 0.116415 -0.766722
0.608298 0.163759 -0.593371
-0.347892 -0.231407 -0.607655
0.361695 0.745374 -0.186369
-0.107913 0.760205 0.379661
-0.633766 0.0217511 0.585235
-0.0364931 -0.609856 0.633185
-0.594813 -0.148509 0.632079
0.0123339 0.65569 -0.581865
0.0239141 -0.550493 0.683193
-0.288702 0.0992177 0.822113
0.365808 0.200272 0.75375
-0.586934 -0.545366 -0.0495274
-0.637532 -0.42532 -0.154331
0.801865 -0.223658 -0.44897
0.0218867 0.806249 0.329263
0.0423199 0.769202 0.390218
-0.772819 0.00734284 0.0225753
-0.4131 0.624838 -0.490423
-0.0489046 0.172002 -0.788653
-0.351544 0.625394 -0.541431
-0.413868 -0.447122 -0.446491
-0.616788 -0.479743 -0.130536
0.589594 0.248042 0.535633
0.28105 -0.720675 0.326721
0.170911 -0.0244298 -0.767786
-0.707448 -0.125351 -0.225284
0.162364 0.259486 0.803486
0.328404 0.00346618 0.816151
0.116559 -0.134128 -0.748379
-0.0513731 -0.79052 -0.101032
0.680762 0.419643 -0.359277
-0.558691 0.547709 0.252306
0.390413 0.727031 -0.130594
-0.11745 0.0791928 0.877193
0.200952 0.795666 -0.340562
-0.590291 -0.355078 -0.320283
0.756444 -0.45272 0.0893187
-0.160539 -0.365515 0.819856
-0.61733 -0.186225 -0.368076
-0.692052 0.246314 -0.387231
-0.204806 0.609594 0.506297
0.304306 0.0629933 0.822232
-0.29889 -0.046332 0.862784
0.643129 -0.599474 -0.277026
0.717233 -0.45532 0.175783
-0.378399 0.653848 -0.497577
-0.112159 -0.725519 -0.268446
0.55967 -0.642655 0.0457336
0.798005 -0.284314 0.287408
0.405962 0.103915 0.745348
-0.414097 -0.560126 0.547717
0.42882 0.6822 0.134345
-0.764608 -0.0819175 0.0107061
-0.583494 0.410096 0.393243
-0.644382 0.264921 -0.453411
-0.61525 0.318032 0.43363
0.0983845 0.719942 -0.48852
0.365073 -0.149202 0.785122
0.444771 0.687982 -0.033315
-0.620433 0.547081 -0.328716
0.400122 0.720594 0.0570664
0.466685 -0.397989 0.632137
-0.593582 -0.537657 -0.0377292
0.484783 0.636044 0.12838
0.0168557 0.305435 -0.791477
-0.000448409 -0.431986 0.79434
0.552769 -0.52456 0.372846
-0.417091 -0.615458 0.415603
0.457024 -0.609262 0.386058
0.00552297 0.00410069 -0.773475
-0.538606 0.0979578 -0.570841
-0.645607 0.0722091 -0.411882
-0.298015 -0.540855 0.666608
0.348046 0.750801 -0.228641
-0.569764 0.619038 0.0208389
0.468563 -0.747509 -0.0690713
0.598068 -0.213772 0.570214
-0.0514997 -0.572656 -0.549867
0.305988 0.304142 -0.709733
-0.653963 0.264461 -0.44261
-0.478195 -0.399337 -0.429738
-0.641419 -0.382074 0.364437
0.836367 0.0511414 -0.402347
0.234599 -0.561579 0.618654
0.637613 0.217234 0.517246
0.256551 0.00103478 0.848894
0.699652 0.150345 0.502348
-0.273972 0.435352 0.618756
0.104565 -0.601472 0.61857
-0.347177 -0.516662 0.647124
-0.636182 -0.0529642 0.60383
0.822087 0.278429 -0.269168
-0.384121 0.614897 0.416326
0.906101 -0.201987 0.173437
0.0799802 -0.220244 0.896296
0.36167 0.664236 0.283948
0.0716893 -0.58598 -0.578372
-0.747877 0.287069 0.026877
-0.72709 -0.284172 0.105888
0.777205 0.367241 -0.199676
0.813706 0.321529 0.125317
0.546212 -0.65857 0.0332551
-0.151499 0.630679 0.508853
-0.383287 0.803442 -0.0236425
-0.177287 0.884991 -0.251697
0.518041 0.5805 0.219227
0.778864 0.391713 -0.0213532
0.631601 -0.496622 -0.443839
0.393631 -0.114359 -0.740778
0.671133 0.404242 -0.395101
-0.15745 0.789358 0.302218
0.076986 0.872287 0.163362
0.477365 0.635678 0.155671
0.577341 0.55822 -0.212184
-0.308191 -0.189114 0.820874
-0.553261 -0.406711 0.547666
0.805183 -0.195829 0.354362
-0.773985 0.0778815 -0.0824188
-0.622809 -0.276555 0.524603
-0.222052 -0.758509 -0.0877906
-0.267912 0.829953 -0.337628
0.0817179 0.403634 -0.759147
-0.631522 -0.191217 0.555336
-0.468104 0.036371 -0.624563
-0.308731 0.0879281 0.820993
-0.465155 0.536024 -0.506179
0.659097 0.158736 0.540217
0.405188 -0.768246 -0.0614518
0.292501 0.497833 0.582245
-0.212428 0.107639 -0.748273
0.930559 -0.223674 -0.0212003
-0.305787 0.67173 -0.519032
-0.139671 -0.608379 -0.472961
-0.424432 0.669295 0.315338
-0.46119 0.735264 -0.0169021
-0.386151 -0.531092 -0.385388
0.574571 -0.12219 0.61065
0.380689 0.564898 0.437177
0.319136 -0.317943 -0.708139
-0.525979 -0.353696 0.614144
-0.599418 -0.517434 0.181078
0.843051 0.287234 -0.0541217
0.520351 0.248784 -0.62105
0.064777 0.911492 0.0274011
-0.697245 -0.191742 -0.215721
-0.526969 0.0968143 -0.583685
-0.144693 0.814941 0.256643
0.779495 -0.242491 -0.459223
0.21424 0.615149 0.511692
-0.222956 0.788337 0.269525
-0.18548 -0.286701 0.863529
-0.642074 0.519672 -0.296284
0.889075 -0.165608 -0.363931
-0.0954582 -0.688019 -0.371401
-0.551055 -0.280871 -0.427594
0.59801 -0.41622 -0.528968
0.111457 0.845152 0.215679
0.621396 -0.0857572 -0.656886
0.168579 0.19308 0.823636
0.855797 -0.305558 0.169392
0.294027 0.447718 -0.650538
0.324766 0.457345 0.600403
-0.393701 0.222735 -0.714718
-0.359243 0.816873 -0.119783
-0.284495 0.762653 -0.430764
-0.131224 0.319337 0.756458
0.874951 0.134745 0.223743
0.888692 -0.0734416 0.264151
-0.337217 0.55294 0.49218
-0.467656 0.706975 -0.348696
0.357259 0.735402 0.149152
-0.595327 -0.537867 0.0627269
-0.0432328 -0.239351 0.893791
-0.574427 -0.0640476 -0.488754
0.685852 -0.31946 0.415033
-0.651159 -0.343705 0.392683
-0.29221 0.670835 -0.525753
-0.443033 -0.6389 0.300053
0.435523 -0.548551 -0.542659
0.640765 -0.57797 -0.341873
-0.622993 -0.498184 0.10411
0.466315 0.621634 -0.343626
0.378047 0.458111 -0.596965
-0.35926 -0.69064 -0.132841
0.430564 -0.357411 0.679637
-0.468482 -0.171245 0.720097
-0.287598 0.744892 -0.453246
0.251869 -0.558634 0.616568
-0.253023 0.206203 0.774861
0.659217 -0.596965 -0.0646407
0.187646 0.876423 -0.147381
0.647145 -0.622118 -0.106439
0.650439 -0.522726 0.15617
-0.221037 0.0898219 -0.742733
-0.150273 -0.744786 -0.194667
-0.32133 -0.398103 0.736208
0.588703 -0.429302 0.432778
-0.321943 -0.598882 -0.35138
0.176327 -0.801765 -0.138777
0.0228139 -0.806925 0.104487
-0.160308 -0.773252 0.117713
-0.540943 0.50173 0.355445
0.49132 0.462972 -0.499502
0.122771 -0.358519 -0.701925
-0.580272 0.644445 -0.250759
-0.111635 0.885701 0.0784962
0.586252 -0.671138 -0.160282
-0.54839 0.0650812 -0.559732
0.725703 -0.128138 0.45817
0.631656 -0.28301 0.509995
0.454695 -0.247114 -0.70878
-0.376985 0.256478 0.691762
0.360297 0.566625 -0.507449
0.436594 0.253211 0.658499
-0.734331 -0.272395 0.0736215
0.351765 -0.609297 -0.530285
-0.401949 -0.706893 0.106722
0.380832 0.402685 0.597672
-0.58295 0.0957586 0.647329
-0.484261 0.380374 0.537681
-0.369619 -0.614694 0.497003
-0.302632 0.206472 0.756083
0.147824 -0.513288 0.68536
0.639744 0.293589 -0.53247
0.709068 -0.13047 -0.56637
0.0525983 -0.030819 -0.76722
0.950884 -0.08879 0.12869
0.289125 -0.601841 0.567899
0.032053 -0.181342 0.912976
0.534338 -0.41856 0.525453
-0.5699 0.223497 0.586926
-0.227303 0.896365 -0.0908302
-0.557399 -0.430177 0.523333
-0.376683 -0.711288 0.169556
0.0372107 -0.682598 0.535754
0.921789 -0.138267 -0.285085
-0.062551 0.87465 0.144991
0.163324 0.688916 -0.495742
-0.0882308 -0.718074 -0.302779
-0.546094 0.668083 -0.102632
-0.0911444 -0.447079 0.77563
-0.142129 -0.397031 0.80296
-0.61872 0.545529 -0.333514
-0.46384 0.716078 0.0635012
-0.499288 -0.576897 0.39228
0.748696 -0.198915 0.414473
0.0502087 -0.785016 -0.154103
-0.177609 0.822962 0.22263
0.193349 -0.653165 -0.497124
0.384795 0.0429029 0.770611
0.479055 0.53077 -0.446356
-0.486625 -0.21937 0.695842
-0.114617 -0.560871 -0.53813
0.514361 0.0651857 -0.677363
0.258004 0.288821 0.75352
-0.200598 -0.286967 0.854038
0.449334 0.641844 0.198923
-0.190091 -0.146196 -0.697666
-0.617937 0.439332 0.294863
0.931044 -0.187281 0.105786
0.00637939 0.884116 0.161903
0.0937332 -0.633443 0.593032
0.555337 -0.134911 0.627
0.743339 0.264691 -0.468811
0.403892 -0.725485 0.151964
0.393911 0.487327 0.51494
0.154074 0.567221 -0.63454
-0.152569 -0.244135 0.892377
-0.534584 -0.0415112 -0.555225
-0.728514 -0.102032 0.256718
0.627918 -0.534167 0.179467
0.524364 -0.539025 0.39954
-0.070413 0.77404 0.366198
-0.646055 0.235916 0.443176
-0.480579 -0.293793 -0.495492
0.670279 -0.565917 -0.00552521
-0.442356 0.752793 -0.247639
0.65177 -0.587519 -0.288052
-0.733741 -0.0987859 -0.134285
-0.659134 -0.400188 0.21997
0.78084 -0.00082264 0.432433
-0.755622 -0.0310151 0.123326
0.405574 0.0158459 0.753731
0.780007 0.394459 0.0286874
-0.669736 0.472712 0.0174646
0.428473 -0.342204 -0.691146
-0.592157 0.0406986 0.647378
-0.0249122 0.937829 -0.094028
0.447192 -0.368606 -0.662485
-0.629246 -0.487794 0.124421
0.139498 -0.747575 -0.292329
-0.0439731 0.890269 0.110567
0.601553 0.117423 0.593124
0.0559844 -0.200017 0.906664
0.598462 -0.296716 0.540623
0.95906 -0.104029 -0.15149
0.644296 0.259539 -0.540426
0.0431054 -0.807205 0.102943
0.283752 0.802956 0.123607
0.721461 -0.43291 -0.394839
-0.647918 0.171904 -0.441017
-0.555858 0.507395 -0.435498
-0.499314 -0.322495 0.652226
-0.132478 0.8436 0.191081
-0.531703 -0.559811 -0.194635
-0.592107 0.235399 0.545411
0.331962 -0.102908 -0.749746
0.0371322 -0.787364 0.236588
-0.333315 -0.176835 -0.633747
0.139179 -0.776278 -0.206021
0.044051 -0.804185 0.124129
0.212369 0.0661036 0.847608
0.101814 0.884015 -0.201528
0.107036 -0.705353 -0.410104
-0.260243 0.245674 0.749775
-0.0471423 0.548529 -0.679564
-0.070958 0.473598 0.661636
0.0694824 -0.677885 0.546204
0.419686 -0.739306 0.0676054
0.571787 0.335898 0.487094
0.82965 -0.00237437 0.375618
-0.447217 -0.635141 0.304689
0.285079 -0.36623 0.741801
0.320612 0.376926 -0.680625
0.21417 -0.545635 -0.606951
0.324286 0.0568782 0.817502
-0.659275 0.490286 0.0903641
0.918688 -0.131001 -0.293094
0.166926 -0.243311 0.852309
0.561502 0.286096 0.532413
0.940821 0.0824937 -0.193392
0.884785 0.0857322 -0.34357
-0.0639908 0.349072 0.758607
0.531967 -0.645225 0.104993
-0.242592 0.733758 -0.483739
-0.287479 0.71218 -0.486198
0.142049 -0.825617 -0.0343197
-0.161116 0.917797 -0.0751949
0.171154 0.106365 -0.790407
-0.641199 -0.303475 -0.261282
-0.592069 0.625886 -0.200624
0.573256 -0.384403 -0.5741
-0.306561 -0.129001 -0.661716
-0.780174 0.104826 -0.0607526
0.629406 0.473457 0.251154
-0.660249 -0.391662 0.234185
0.12838 0.30137 -0.778628
-0.02198 0.563365 -0.667607
-0.125376 0.903878 -0.200465
0.0163397 0.251169 -0.798091
0.512817 -0.723045 -0.0680039
0.936647 0.00803488 -0.236349
0.0919075 0.673154 0.484244
-0.677409 -0.00335482 0.461704
0.841048 0.132123 0.305988
-0.072945 0.765878 0.380487
-0.167431 0.766551 0.342909
0.345597 0.171406 0.772319
-0.492111 -0.654436 0.0638306
-0.752595 0.11393 0.128578
-0.0380739 -0.596989 0.647736
0.956871 0.0985135 -0.106351
0.501831 0.639205 -0.0306381
0.785478 0.016919 0.431294
0.0499356 0.429317 0.718395
-0.256936 -0.646814 -0.329508
0.502254 -0.427076 0.563124
0.866997 -0.191891 0.288731
0.109527 -0.624957 -0.532372
-0.707413 0.346493 0.116359
0.473913 0.635237 0.166018
-0.651702 -0.422928 -0.0858258
0.518651 -0.716068 -0.187613
-0.586865 -0.543809 0.097812
-0.095485 -0.115559 0.924285
-0.470613 0.25439 0.637242
0.163717 0.657985 0.493085
-0.718338 -0.14293 -0.167457
0.468275 -0.630158 -0.462048
-0.138435 0.810521 0.267887
0.512352 -0.23416 -0.687726
-0.234863 -0.763572 -0.00995414
-0.00553725 0.0401657 -0.777573
0.48601 0.649959 -0.117056
0.0921266 -0.791158 0.216408
-0.226501 -0.334348 0.819682
0.72427 -0.507211 0.0215127
-0.240615 -0.338833 0.809187
0.770134 0.0921595 -0.470397
-0.259382 0.75091 -0.456145
0.559968 0.181723 0.606358
-0.611609 0.284131 0.469785
0.920639 -0.253418 -0.0175909
-0.495618 -0.460673 0.556847
0.0899466 -0.699103 0.507723
0.212739 0.699286 0.416217
-0.719446 -0.207291 -0.114937
0.0315871 -0.234778 -0.730747
0.483473 0.604389 -0.350785
-0.0984751 0.483653 -0.721698
0.729816 -0.527298 -0.243725
0.49592 0.642934 0.0105097
-0.670097 -0.148987 0.485867
0.886092 0.213712 0.0536161
0.204177 0.133355 0.831307
0.581849 0.279518 -0.573194
-0.069168 0.778331 -0.469966
0.168044 -0.325694 -0.710556
0.286427 0.483238 0.597196
-0.202926 0.777702 -0.43528
0.468644 0.622088 -0.3402
0.449137 -0.477888 -0.584815
-0.186076 0.763842 0.34025
-0.457614 -0.659929 -0.0145442
-0.0115666 -0.368864 -0.672128
-0.710858 0.358042 0.0800811
-0.0150574 -0.0339637 0.935427
-0.657533 -0.242578 -0.267079
0.470053 -0.617127 0.332658
0.43307 -0.183132 -0.722179
0.0195762 -0.166034 0.918128
0.784619 0.248592 0.284042
0.410724 0.68245 0.175323
0.799714 -0.051533 0.398781
-0.0784081 -0.720626 0.410074
0.595313 0.414926 -0.457177
-0.456897 -0.208402 0.719327
-0.422929 0.0631324 0.772647
0.173688 0.647299 0.498811
0.204742 0.871886 -0.0481698
0.0984504 0.746887 -0.456298
0.35006 0.763631 -0.0342394
0.921161 -0.0652028 -0.289564
0.5614 -0.436907 0.464423
-0.223466 -0.64635 0.551449
0.183054 0.349544 0.742385
0.664322 0.46789 0.196507
-0.0647964 -0.778755 -0.136902
0.0163885 -0.704317 -0.391381
-0.509841 -0.220501 -0.514466
-0.648698 -0.271746 0.482027
-0.0208873 0.688955 0.473318
0.284183 -0.0802939 -0.755399
-0.535783 0.101832 0.683238
0.62862 0.443539 0.295791
0.189494 -0.242279 0.844229
-0.425423 0.712707 -0.410251
-0.259866 0.864303 0.0339749
-0.140244 -0.788833 -0.0734669
0.182925 0.247423 -0.775426
0.222859 0.561293 -0.605604
-0.367194 -0.521124 -0.411249
-0.525849 -0.316113 -0.436016
0.623516 -0.101367 -0.656581
0.809014 -0.407176 0.0848594
-0.0416659 -0.810427 0.00343786
0.891266 0.194858 -0.151156
0.0411285 0.840235 -0.315733
0.533014 0.393327 0.4735
0.169515 0.434724 0.676206
0.745219 -0.247489 -0.490241
0.815406 -0.406297 -0.268617
0.357805 0.20897 -0.715771
0.40331 0.688874 0.173519
-0.622458 -0.318375 -0.287769
0.0790575 -0.236263 -0.729757
0.508401 -0.355414 -0.638538
-0.608348 -0.311623 -0.318433
0.954052 0.0806853 -0.0308571
-0.372851 -0.699342 0.217848
0.0095236 0.811414 -0.389195
-0.649066 -0.423222 0.222306
0.76421 -0.505942 -0.210037
0.586339 -0.503822 0.345878
-0.327155 0.526652 0.519454
-0.381606 -0.222468 0.763985
0.203598 0.256792 0.789507
0.0603865 -0.706493 -0.39589
0.296911 -0.442427 -0.657321
0.955385 0.103217 -0.0825377
-0.521451 0.653067 -0.359038
-0.688767 -0.334511 -0.0850155
-0.508226 -0.111506 0.70648
0.54679 -0.113367 0.635751
-0.677631 -0.420682 0.0571074
0.897547 -0.290348 -0.196244
0.587111 0.229607 -0.58574
-0.191819 -0.631131 -0.400869
0.587396 0.539901 -0.28002
-0.0225554 -0.448019 -0.635376
0.127102 -0.759332 -0.253897
-0.671366 0.435114 -0.336474
0.221582 -0.677783 -0.465006
-0.453495 -0.277427 0.70067
-0.24505 0.875253 0.00721088
0.309127 0.352173 0.689888
0.907507 0.00100358 -0.327703
0.782028 -0.489877 -0.0730436
-0.407227 -0.431103 -0.463428
0.383034 -0.6581 0.380017
-0.0514668 0.518157 0.633526
0.22035 -0.786663 -0.194926
0.770883 0.239095 -0.437191
-0.595075 0.619807 -0.212122
0.187103 0.312155 -0.759613
0.898488 -0.220071 0.180011
-0.637023 0.538261 -0.112339
0.6327 0.165885 -0.577414
0.141882 0.466228 0.659023
0.529358 -0.284424 0.61747
0.799653 -0.374066 0.171971
-0.625225 0.423505 -0.42402
0.739999 -0.506276 -0.27225
-0.158867 -0.563076 -0.513919
-0.514911 -0.220069 0.675251
0.428657 0.568202 0.370731
0.0730182 -0.627495 0.603983
0.632453 0.222586 0.517798
0.563786 -0.430422 -0.546519
0.464822 0.403702 -0.577026
-0.175477 -0.774668 -0.100259
-0.0087785 0.839907 -0.326777
-0.358073 -0.124587 -0.644603
-0.774045 0.0723295 -0.0788242
0.225227 -0.811445 0.0176216
-0.229177 0.77688 0.285797
0.859302 -0.390151 -0.0152682
-0.300356 -0.536838 -0.442177
-0.0135312 -0.509067 -0.611809
0.535651 0.154855 0.636159
0.133289 -0.691009 0.502245
0.0138729 0.811325 -0.388505
0.487854 -0.717531 -0.250009
0.142744 -0.720256 -0.374072
0.143187 -0.0486604 -0.763721
0.734576 -0.545155 -0.10358
-0.0485604 -0.7935 -0.0917504
0.602262 0.544368 -0.157011
0.54772 -0.653169 0.0448313
0.171702 -0.753211 -0.282987
-0.318358 -0.355837 0.754353
0.845946 0.272574 -0.114863
0.0204114 0.16662 0.874866
-0.651235 -0.386518 0.298692
-0.225156 -0.0995221 0.888918
0.957793 -0.103905 -0.160993
0.578663 -0.39827 0.483179
0.423539 -0.763228 -0.0719789
-0.0777737 -0.473156 0.757868
0.330303 -0.736228 -0.315272
-0.359678 0.194214 0.737004
-0.554846 0.678727 -0.198227
-0.759114 0.0368666 -0.117011
-0.240353 0.714513 0.392412
-0.458922 0.631792 0.324599
-0.682713 0.244953 0.356135
0.740825 -0.204161 -0.512841
-0.105715 -0.65037 0.567344
-0.695368 0.0394115 -0.312318
0.0180797 -0.276196 0.881298
-0.668922 -0.224375 -0.256353
0.853958 0.0786718 0.325071
-0.598523 -0.392318 -0.280496
0.397715 0.720983 -0.132615
0.955854 0.0197876 -0.165163
0.759548 0.261845 -0.435197
0.669343 -0.478796 0.227584
0.835232 0.140635 -0.391507
-0.510781 -0.390689 -0.405363
0.460943 -0.203143 0.706132
-0.565483 0.608853 0.0911395
0.0976812 -0.561437 -0.605611
-0.191689 -0.679137 0.461062
-0.0828133 0.834481 -0.353535
-0.596547 -0.499344 0.272903
0.597319 -0.637187 -0.0292449
-0.621695 -0.270314 -0.318817
0.746341 0.110662 -0.494135
0.809828 -0.468453 -0.168108
0.290488 -0.542515 -0.59504
-0.387292 -0.522896 -0.394155
-0.0127896 -0.780441 0.223479
0.235402 0.81288 -0.292905
0.502068 0.6135 -0.273778
-0.232361 -0.596412 0.629428
-0.123553 0.878036 0.0934929
0.383071 0.722989 -0.21549
0.0342569 -0.231755 0.896113
0.34243 0.770424 -0.0123282
0.918598 -0.18493 -0.27037
-0.306185 -0.231818 -0.622715
-0.16731 -0.617175 -0.440513
-0.0344684 0.927589 0.00077067
-0.607507 -0.472932 0.303295
0.176049 -0.677955 -0.466686
-0.0906271 -0.62282 0.610165
-0.555026 -0.298817 0.620239
0.768608 -0.259453 0.361459
-0.419797 0.584965 -0.514367
0.923025 -0.240562 0.0772744
0.171081 0.0221839 0.870709
0.860531 0.268134 -0.00259097
0.317803 -0.781793 0.0508149
0.474313 0.628589 0.185882
-0.073002 0.192504 -0.787119
-0.304287 -0.234398 0.808219
0.675583 -0.325497 0.423296
0.670336 0.467897 -0.280308
-0.21968 0.460437 0.618513
0.448327 -0.0654975 0.719099
0.533259 0.612345 -0.0822435
0.163032 -0.344527 -0.705583
-0.663177 -0.0419163 0.510605
0.166413 -0.611055 0.593159
0.308565 0.679763 0.330496
0.523654 -0.162225 -0.695317
-0.148502 -0.568692 0.672453
0.553327 0.589301 0.0755183
-0.500962 -0.165873 -0.558969
-0.136553 0.0463667 -0.754343
0.357213 -0.394051 0.694564
0.675057 0.413724 0.279446
-0.158463 -0.0856647 0.907059
-0.275411 -0.501592 -0.493996
0.193113 -0.732178 -0.350224
0.269534 -0.755999 0.229388
0.563895 -0.211779 0.603961
-0.49964 -0.619728 0.19626
0.524459 -0.59537 -0.450029
0.64712 0.3494 0.381149
0.149908 0.340414 -0.763725
-0.414061 -0.610258 -0.264282
0.487826 -0.20648 0.679246
0.945568 -0.165269 -0.117037
-0.686426 -0.162582 0.429242
-0.707346 0.0747165 0.355651
0.388447 0.731519 -0.0762966
0.668117 -0.0658989 0.530065
0.592173 -0.666401 -0.141134
0.0587379 -0.245558 0.891428
0.464653 -0.579974 0.442402
0.394902 -0.504854 0.600297
-0.468717 -0.160645 -0.580018
-0.206561 0.829232 -0.353847
-0.418469 0.173189 -0.688938
0.428087 -0.723973 0.108386
-0.399739 -0.570791 -0.328643
-0.246524 0.552901 -0.655495
-0.57266 -0.192002 0.638125
0.578304 -0.556924 0.237281
0.481887 0.624303 -0.317203
0.211867 0.632651 -0.534238
-0.462223 -0.586591 0.429554
-0.778082 0.131281 -0.0874322
0.381212 -0.434608 -0.642692
0.028398 -0.710278 -0.376488
-0.145954 0.0404571 0.882659
-0.393751 0.116404 -0.690404
-0.647156 0.516727 -0.237012
0.264493 0.357422 0.709526
-0.199715 0.755888 -0.468522
-0.426234 0.435652 -0.622896
-0.163299 0.755362 0.366408
0.13535 -0.408089 -0.684089
-0.167543 -0.389281 -0.608563
0.649831 0.129195 -0.57833
-0.507245 0.670944 -0.352356
0.327495 -0.722686 -0.354173
0.650166 0.495466 0.128903
-0.313886 -0.669937 -0.252161
0.889972 -0.123094 0.258989
0.0656886 0.88801 0.113203
0.583473 0.563644 0.0768245
-0.591548 0.602716 -0.00560148
-0.478215 0.427217 0.506243
-0.556739 0.657642 -0.273967
0.350195 -0.493112 0.630601
-0.138548 0.473778 0.637182
0.667048 0.189488 0.509692
0.274009 0.336925 0.723334
-0.718079 0.204691 -0.317945
0.618567 -0.284877 0.523988
-0.190745 0.535868 0.569466
0.614433 -0.257632 0.543482
-0.510136 0.483738 -0.500679
0.549822 -0.697572 -0.0959063
0.914974 -0.223685 -0.213621
-0.302672 -0.537679 -0.439629
0.846438 -0.148652 -0.417812
0.847162 -0.410842 -0.0630586
0.484426 0.654425 -0.0577007
-0.414914 -0.625355 0.38868
-0.398159 -0.599868 -0.291718
-0.765576 0.14488 0.0512252
-0.753458 -0.0807532 0.0962296
0.599916 -0.326228 -0.584807
0.263833 -0.0229907 -0.767047
-0.51521 0.697353 -0.0949384
-0.68132 -0.398468 0.0218153
0.332591 -0.72189 -0.354356
0.0180384 0.908833 0.0690831
0.509955 0.462808 0.419382
0.0610403 0.736171 0.424309
-0.322413 -0.621381 0.553176
0.469678 -0.441827 -0.598957
0.186051 -0.7887 -0.180467
-0.0272256 -0.380146 0.835196
0.378498 -0.581855 -0.541808
0.576479 -0.673202 -0.08056
0.643311 0.42868 0.29846
-0.0219703 -0.327285 0.864327
-0.0462118 -0.499789 0.73755
-0.435728 -0.669267 0.208914
0.731335 -0.318783 -0.45836
0.872578 0.202895 -0.244732
-0.450167 -0.592449 0.431548
0.227045 -0.635964 0.544205
0.409758 -0.0272713 0.750479
-0.0860799 -0.596065 0.645924
0.201599 0.607558 0.522612
0.864713 0.218932 -0.233025
0.418979 -0.0369665 0.742979
0.663279 0.479371 0.150456
0.211366 -0.417087 -0.678536
-0.734052 -0.147002 0.181945
0.226444 0.529663 0.579227
-0.188871 0.802534 -0.400849
0.347154 0.441856 0.597242
0.308869 -0.36787 0.731045
0.939705 -0.198828 -0.000968685
0.407839 0.388873 -0.629626
0.462872 0.591963 -0.384855
-0.16335 0.174812 -0.767919
0.630657 -0.313968 0.494375
-0.376711 0.164247 0.74401
0.27292 -0.81371 -0.0696704
0.784735 -0.0918331 -0.478228
0.578081 -0.617388 -0.363665
0.561808 -0.486911 0.405897
-0.0344092 0.806905 0.314758
0.553555 -0.685777 -0.258886
0.486691 -0.384036 -0.630245
0.704538 -0.535305 -0.0059614
-0.11842 0.926113 -0.049528
0.261218 -0.461561 -0.652397
0.297385 -0.482607 0.658373
0.599839 -0.429122 -0.518864
-0.47978 0.0872635 0.725919
-0.459302 0.0118276 -0.628056
0.105185 0.877217 0.125971
-0.125312 -0.138231 -0.720731
0.641733 -0.0858705 0.552011
0.296465 0.800471 -0.186832
0.00315368 -0.157181 0.921134
0.0845502 0.749059 0.402968
0.25231 0.632296 0.483624
-0.591125 -0.154682 0.63341
-0.159812 -0.615703 0.611958
0.184864 0.13362 0.837036
-0.440552 -0.0806982 0.761377
-0.515395 0.0466062 -0.58595
-0.0791435 0.807532 0.29741
-0.512581 -0.519899 -0.288827
-0.191902 -0.708746 -0.255741
0.113407 0.359573 -0.769698
0.305313 -0.745939 0.224275
-0.668031 -0.333804 0.32192
-0.634344 0.317117 0.401029
0.320792 -0.165734 0.809384
-0.260258 0.632603 -0.577678
0.495642 -0.141111 -0.708416
-0.300417 0.840051 -0.274265
-0.691651 -0.242421 0.381653
0.580757 0.568375 -0.102174
-0.21899 0.663019 -0.564903
-0.0268702 -0.815522 0.0283819
0.893993 -0.0901781 -0.355944
-0.623675 -0.349098 -0.265811
0.540528 -0.44434 0.486762
0.652942 -0.610666 -0.0881306
-0.631072 -0.257353 -0.308753
0.826611 0.260727 -0.28208
-0.118071 -0.795537 -0.0308118
-0.588353 0.424407 0.369503
0.461218 -0.545281 0.488334
0.532664 -0.0486344 0.650089
0.213663 0.271089 0.778789
0.616568 0.530862 -0.161031
-0.651934 0.411301 0.259419
0.477575 -0.404221 0.619904
0.383867 0.716402 -0.25607
0.0311216 0.925058 -0.112364
-0.216603 0.842275 0.134851
-0.589055 0.192069 0.588963
0.418549 -0.688213 -0.403128
0.886855 -0.344081 -0.102519
0.470903 -0.283977 0.672465
-0.432525 0.119558 -0.668445
0.187496 0.877344 -0.0923563
0.110034 0.831968 0.251746
0.652327 -0.609198 -0.227268
0.188724 -0.6009 -0.557209
0.014311 -0.2149 -0.73474
0.287204 -0.281603 0.788425
-0.0933096 0.841686 -0.338559
0.681682 0.396332 -0.389177
0.611511 0.51096 -0.336703
-0.748539 0.247796 0.0759574
-0.140816 -0.756733 0.207091
0.397371 -0.286487 0.737348
0.812057 -0.347454 -0.337358
0.808717 0.244051 -0.345316
-0.602299 -0.49882 0.243141
-0.248499 0.365881 0.681954
-0.451515 0.75514 -0.149022
-0.692187 0.357447 0.168424
0.879532 0.0587987 0.277738
0.469077 0.22337 -0.65755
0.596729 -0.567598 0.165128
-0.670091 -0.435251 0.0462954
0.763906 -0.490004 -0.0272521
-0.431821 0.661205 -0.44346
-0.544536 -0.528673 -0.215835
0.0915384 0.783071 0.354744
-0.670001 0.460331 0.0925139
0.671181 0.451211 0.229989
0.170463 0.610547 -0.586059
0.84739 0.099699 -0.383462
-0.336358 -0.469276 -0.479646
0.900221 0.1297 -0.260685
-0.776092 0.0887307 -0.00784614
0.718522 0.419854 -0.299717
0.660915 0.482939 -0.231751
0.199768 0.434373 -0.711833
-0.613401 -0.263344 0.548126
0.0514287 0.60102 -0.623835
-0.180191 -0.674999 -0.33952
-0.610992 -0.410233 0.470255
0.216181 0.752964 -0.385801
0.0173376 0.758064 0.405449
-0.74145 0.269564 -0.287008
-0.719027 -0.19154 0.243624
0.673342 0.477602 0.120998
0.599282 0.332438 0.459087
-0.688961 -0.163881 0.419837
0.704822 -0.574661 -0.181893
-0.736143 -0.221203 -0.000467936
-0.168879 0.581138 -0.644519
0.11124 -0.799413 -0.125214
-0.60783 -0.522872 0.0055008
-0.345656 -0.407509 -0.52217
-0.145984 -0.363941 -0.6267
0.609609 -0.622682 -0.0179319
-0.565614 0.625269 0.0107051
-0.0738208 0.566262 -0.665015
-0.103606 -0.561247 0.687475
0.421471 -0.648927 -0.479557
0.667396 0.301708 -0.502042
0.323147 -0.625001 0.508358
0.455398 0.652003 0.161358
-0.327508 -0.667765 -0.245755
0.474487 0.100483 0.69453
0.0506949 0.245833 0.843634
-0.608388 -0.203754 -0.376546
-0.706175 0.404309 -0.00712637
0.801431 -0.437432 0.0227317
-0.484098 0.728404 -0.233553
0.877683 0.146994 0.204637
0.0308277 0.437278 0.717436
0.62601 0.317911 0.438687
-0.353675 0.68482 -0.484623
0.734434 0.361082 0.25474
0.308583 0.39241 -0.681267
0.973959 0.0164338 -0.0543754
0.0964365 -0.33425 -0.71075
0.0668254 -0.0944778 0.919607
-0.35864 0.288506 -0.744409
-0.503234 0.0424614 0.726577
0.686693 -0.552153 -0.290998
-0.472806 -0.113426 -0.591748
0.0464881 0.146693 0.872813
0.293615 0.327119 0.719502
-0.573636 -0.505049 0.362488
0.831848 -0.439187 -0.141078
0.247267 -0.231688 0.82565
0.0572853 0.586981 0.572836
-0.425769 -0.355915 0.686876
0.0735759 -0.149206 -0.746191
-0.554001 -0.162242 -0.480697
-0.251829 0.378319 -0.764617
0.730221 0.440743 0.0351466
-0.679242 0.0683405 0.455914
0.967934 -0.0289298 0.0374924
-0.466862 -0.636993 0.241229
0.313586 -0.666324 -0.477869
0.8799 -0.229583 0.226822
-0.488782 -0.131373 0.715402
0.00467654 0.0831238 -0.785676
0.186736 -0.191988 -0.736148
0.800771 -0.181885 0.362843
-0.404937 -0.675459 -0.0844742
-0.510742 0.211045 0.639349
0.160269 -0.662046 0.533132
0.495688 -0.725271 -0.183864
0.482355 -0.643249 0.229631
0.470483 0.475286 0.451751
0.253499 -0.712596 0.377394
0.768941 -0.290463 -0.438981
0.200171 0.664471 -0.502973
0.434228 0.677478 -0.229853
0.330158 -0.662135 0.426375
0.30284 0.788289 -0.23469
-0.280558 0.860474 0.0246988
-0.754872 0.242253 0.0565935
-0.576676 -0.479595 -0.222387
0.503773 0.0842916 0.673187
-0.489149 -0.0991109 0.72287
0.675489 -0.427185 -0.444569
0.452672 -0.581008 -0.509597
-0.485756 0.500511 0.44318
0.355407 -0.0289452 -0.761137
-0.0526677 0.334946 -0.786767
-0.455461 -0.640444 0.26649
0.542635 -0.603858 0.195779
0.302059 0.437344 0.62899
0.0296842 -0.621589 0.61752
0.484355 -0.655902 0.189228
0.236702 -0.780463 0.175079
0.897387 -0.224603 -0.294421
-0.58328 0.625525 -0.0763308
-0.379809 -0.645836 0.383915
0.113258 -0.257671 -0.725223
-0.233728 -0.194299 0.865576
0.70686 -0.463853 0.177866
-0.609214 0.515933 -0.372586
-0.292865 -0.340398 -0.584602
0.0605631 -0.803506 0.129225
-0.466507 0.74453 -0.146962
0.514929 0.601003 -0.284633
0.276883 -0.812634 -0.0714387
0.352196 -0.691449 -0.431439
0.4088 -0.217509 0.752006
0.962091 0.0353468 -0.138509
0.602997 0.318799 -0.540218
0.838376 -0.327426 -0.315506
-0.426574 -0.653881 0.281216
-0.233343 0.848828 0.101902
0.341865 0.314194 0.691826
-0.310815 0.848377 0.0369328
-0.463182 -0.654108 -0.0306388
-0.732029 -0.164507 0.180495
0.238107 0.812905 -0.289149
0.805342 -0.470393 -0.139479
0.809302 -0.456076 -0.0596476
0.588137 -0.412649 0.452696
-0.682638 -0.405548 0.0494924
0.962442 0.0672609 -0.130934
-0.295218 0.338456 -0.765453
0.604861 0.548203 0.0415852
-0.440976 0.201043 0.685805
-0.524096 -0.256199 0.659
0.247318 -0.794897 0.0949034
0.429992 0.571079 0.364783
0.423842 -0.652102 0.334246
-0.626053 -0.0123328 -0.418448
0.969794 0.065371 -0.0870937
0.386578 -0.684646 -0.436667
-0.67448 -0.23717 -0.23792
-0.647169 0.284127 0.401939
-0.628521 -0.476716 0.175049
-0.170581 0.596633 -0.633101
-0.0430921 -0.523941 0.715108
0.943848 -0.0267579 0.161406
-0.453489 -0.609192 0.374339
-0.525058 0.697052 -0.141302
0.142884 -0.0989294 -0.754596
0.69452 0.0493627 0.512656
0.474977 -0.276675 -0.695394
-0.0498142 0.198101 0.853235
0.0361899 -0.511602 -0.62935
0.259308 -0.716222 0.361704
-0.216061 -0.654942 -0.345769
0.153459 -0.159481 -0.743064
0.560683 0.369501 -0.528553
-0.630485 0.549817 -0.229608
0.414436 -0.2049 0.747349
-0.433924 0.658399 -0.443493
0.700267 0.466648 0.0432731
0.288949 0.301374 -0.71828
-0.00952381 0.494983 -0.720716
0.301406 -0.632034 0.510856
0.360372 -0.35776 0.716503
0.566712 -0.670129 -0.0484723
0.280832 0.0324776 0.837214
0.550033 0.188698 -0.621258
0.283388 -0.488055 0.659525
0.414485 0.309198 0.636715
0.0840196 -0.422225 0.78392
-0.528476 -0.567877 0.312516
0.00610481 -0.692712 0.514515
-0.766185 0.113956 0.0518135
0.768424 -0.445797 0.0791459
-0.212036 0.021231 -0.729729
-0.12653 -0.192829 0.906047
-0.169976 -0.387602 0.803864
-0.769209 0.066873 -0.0948362
0.495435 0.0431662 0.680165
-0.662769 -0.011877 0.512242
-0.156893 -0.664905 0.535857
0.918437 -0.0324474 -0.299053
0.753143 -0.457456 0.0846283
0.145273 -0.454789 0.736529
-0.728173 0.112626 0.255031
-0.530934 -0.574203 -0.153353
0.577335 0.414593 0.402396
-0.244951 -0.599113 -0.409844
0.128165 0.482534 0.649942
0.529841 -0.548757 0.374305
0.331083 -0.788197 -0.0255851
-0.00520353 -0.206982 -0.73652
-0.561731 0.159532 -0.545743
-0.498182 -0.0370635 0.73139
-0.550006 0.184229 -0.559038
-0.314344 0.724035 -0.462757
0.267156 0.822186 -0.209899
-0.338535 -0.20624 -0.620649
-0.484743 0.135042 -0.626491
-0.398769 -0.49798 0.617508
0.647774 -0.569604 0.0382826
0.862972 -0.392311 -0.160794
-0.211808 -0.53249 0.69138
0.797722 0.310549 0.18488
-0.732672 -0.281462 0.0536427
0.611707 0.46833 -0.39369
-0.655175 0.445247 0.188178
0.473316 -0.654763 0.21893
0.571713 -0.613652 -0.378718
0.379693 -0.569064 0.545261
-0.75891 0.18319 -0.206203
0.363934 -0.0383597 0.787983
-0.188411 0.181499 -0.764242
-0.0464485 0.689335 0.472241
-0.436359 0.751709 0.0237402
-0.205887 0.37393 -0.776149
-0.163217 0.59057 -0.638491
-0.426121 -0.0126097 0.785109
-0.664585 -0.286725 0.440281
-0.0303173 0.883426 0.14041
-0.446242 -0.480815 0.587295
0.819711 -0.444607 -0.220362
-0.00942721 -0.714912 0.475762
0.117849 0.372015 -0.765631
-0.517369 0.469223 0.431926
0.63364 -0.197106 0.538665
0.415626 0.678698 0.175529
-0.557986 0.430001 0.411417
0.506545 -0.722956 -0.16736
-0.723006 0.127119 -0.282446
0.112689 0.243024 -0.795816
0.730721 -0.343711 -0.442979
0.504523 -0.2181 0.660724
0.402319 -0.239351 -0.721135
0.624012 0.532421 0.0356369
0.677756 0.486308 0.0233689
0.225226 -0.683805 0.469192
0.781604 -0.266586 0.334073
0.512436 -0.101256 0.666252
0.441594 0.452278 -0.550998
0.110863 -0.572179 -0.592837
0.592161 -0.564355 0.184597
-0.767517 0.0387018 0.0525215
-0.63815 0.297148 0.409532
-0.14678 0.58329 0.547903
0.160275 -0.367117 0.792152
0.275283 -0.792282 -0.180901
0.172275 0.882539 -0.107386
0.66386 -0.233125 -0.572582
-0.0415526 0.808614 0.309953
0.268124 -0.509477 -0.621907
-0.13625 0.880475 -0.255889
0.903711 -0.135316 0.233297
0.945676 -0.174438 0.0605502
0.764525 0.0956399 -0.476107
0.837704 0.123305 -0.39109
-0.712299 0.055965 -0.283464
0.391611 -0.0400847 0.765364
-0.749971 0.25752 0.0570794
0.450783 -0.505758 0.548371
-0.154608 0.835781 0.199628
-0.315341 -0.700555 -0.18524
-0.0404222 -0.429844 0.796088
-0.264929 0.00412803 0.865129
-0.0736146 0.684232 -0.56961
-0.0886847 0.697946 0.462498
0.296338 0.592417 0.498772
0.193289 -0.619079 0.578678
-0.405004 -0.442285 0.655063
0.540269 0.527694 -0.398146
0.941147 -0.184302 -0.094744
-0.483667 -0.616832 -0.148409
-0.224596 0.885712 -0.0133637
-0.494533 0.613628 -0.416661
-0.693762 0.427873 -0.222501
0.890491 0.0535388 -0.34155
-0.600714 0.574289 0.0880776
0.457212 0.460889 0.480866
-0.538621 -0.29608 0.635743
0.663146 -0.163466 -0.599122
0.271625 0.814328 -0.237813
-0.497687 -0.261517 0.677912
-0.771319 0.0814353 0.0232612
-0.255452 -0.204901 0.848498
0.735288 -0.447729 0.152916
-0.629701 -0.217667 -0.33475
-0.666201 0.431491 0.160643
0.335493 -0.699312 0.32381
0.631391 0.5221 0.0824462
-0.670123 -0.00530931 0.486873
-0.518989 0.667681 0.0309485
-0.526095 -0.0884636 -0.553177
0.317492 0.709278 -0.361292
0.541468 -0.33343 0.586073
0.183541 -0.787049 0.197391
0.436553 -0.0825669 0.728791
-0.32905 0.527327 -0.637744
-0.76407 0.177207 0.0481651
0.333181 -0.684635 -0.449005
-0.229098 0.399048 -0.758344
-0.220084 -0.679777 0.433461
-0.593946 -0.0895341 0.647914
-0.240208 -0.537358 -0.484173
-0.536061 0.634461 0.109427
0.129464 0.844491 -0.287645
0.864286 -0.330551 -0.264762
0.166929 -0.0482931 0.883668
-0.00259893 -0.696557 -0.408228
-0.0489842 -0.422363 -0.636696
0.749035 0.0784545 -0.495354
-0.398213 -0.548143 -0.356365
0.408161 -0.533503 -0.566056
-0.683669 0.0658574 0.440593
-0.291404 0.117207 0.810901
0.584779 0.160492 -0.609048
-0.204474 0.707454 -0.526537
0.806565 -0.226643 0.34002
-0.169477 -0.10104 -0.715105
0.199461 -0.349657 -0.702634
-0.23406 -0.0767493 -0.699897
-0.682035 -0.310285 0.295559
0.933052 -0.120474 0.161351
0.606504 0.30018 0.479828
0.177294 0.775903 0.332752
0.510452 -0.338443 -0.649323
-0.279158 -0.275064 -0.616114
0.103702 -0.60429 0.616294
-0.174486 -0.41437 0.78577
-0.060366 -0.793446 0.11498
-0.0451676 -0.0029359 0.918996
0.958943 0.0570196 -0.0207362
0.843582 0.158055 0.269822
0.270601 -0.400811 -0.682402
-0.0744386 0.0559374 0.894162
-0.193125 -0.442183 0.764376
-0.129531 -0.7782 0.124514
-0.138076 -0.416506 0.791158
0.416631 0.224948 0.694798
-0.201835 0.888802 0.00237094
-0.37179 0.811934 0.0144555
0.0514167 -0.598051 0.636116
0.101036 0.424019 0.707148
-0.372761 -0.668058 0.327061
0.0540335 0.748437 -0.474859
-0.250059 0.185692 0.787601
0.853521 0.205915 -0.290196
0.0349902 0.862767 -0.264655
-0.616903 -0.407644 0.443601
0.0510874 0.66252 -0.569806
0.870426 0.0722639 0.293001
0.381985 -0.655725 0.387332
0.167365 -0.639514 -0.513676
-0.233211 0.810632 -0.376582
-0.191501 0.0640455 -0.745641
0.317315 0.65722 -0.428484
0.346975 0.00549799 0.801675
-0.693649 0.136263 0.406632
0.234725 -0.031026 0.859868
0.314608 0.0507691 -0.780137
0.387378 0.731525 -0.0925416
-0.563702 -0.285689 -0.409429
-0.508364 0.497237 0.414833
0.270554 0.618022 -0.516078
-0.629156 -0.480044 -0.0649179
-0.647494 -0.134069 -0.3368
0.899605 -0.00617842 0.247134
0.564295 -0.63986 0.0424946
-0.0102321 0.656994 0.50548
-0.187736 -0.779366 -0.0117006
-0.572102 0.521332 -0.408191
0.588298 -0.668762 -0.104035
0.853173 0.27294 -0.0437707
0.168492 -0.400669 0.767326
-0.688658 -0.270386 0.343991
0.758324 -0.397865 0.207352
0.335771 0.44896 -0.6267
0.561115 -0.431482 -0.547566
0.580331 0.355201 -0.525364
0.201204 0.369897 0.719678
-0.204708 -0.73559 -0.178393
0.639587 -0.530278 0.161996
-0.380771 -0.355733 -0.539987
0.665055 -0.0706891 -0.606966
0.846365 -0.164907 -0.420001
-0.380767 -0.705701 0.0310976
-0.667235 -0.289531 0.419933
0.623844 0.107032 -0.601639
0.40683 0.462884 0.528279
-0.628922 -0.405882 0.380615
-0.184588 0.754675 -0.475267
0.259961 0.059429 -0.781884
0.214132 -0.811124 0.0295196
0.337985 -0.450886 0.666033
0.334843 -0.464545 0.657917
0.901197 -0.306942 -0.0541397
0.243923 0.16654 0.807584
-0.726431 -0.117147 0.257689
-0.556275 0.0766445 0.677421
-0.774433 -0.00648287 0.00219959
-0.262102 0.676935 -0.532526
-0.248489 0.680291 0.428675
-0.585353 -0.477406 0.400944
-0.541581 -0.0990826 0.684628
0.787688 -0.011778 0.422366
-0.041037 0.901844 -0.189544
-0.336654 0.414966 -0.720425
-0.521281 -0.509826 0.484435
-0.552917 0.372537 0.483831
-0.674623 -0.266648 0.428197
0.840978 -0.262537 -0.380936
0.775495 -0.474854 -0.260728
-0.0207104 -0.781756 -0.141434
0.041497 0.503065 0.65756
-0.436178 0.71771 0.187449
-0.338307 0.806124 0.131919
-0.684561 -0.252314 0.404507
0.865601 0.23197 -0.172178
-0.153457 -0.761744 0.17342
-0.675066 -0.00517905 -0.333588
0.869169 -0.183503 0.288627
0.194077 -0.758508 -0.272391
-0.566076 0.101826 0.663023
0.252344 0.013976 0.84862
0.190052 -0.801347 -0.143478
0.250094 -0.618423 0.560267
-0.115768 0.648646 -0.600774
0.914109 0.0629434 -0.311535
-0.53185 -0.408241 -0.371735
-0.655144 0.494959 0.101519
-0.354467 0.823208 -0.0012487
-0.560896 -0.471346 -0.263963
-0.443215 0.201188 -0.672659
-0.333165 -0.638137 0.481188
0.490564 -0.696042 0.0613867
0.515298 0.627576 -0.0366321
0.323196 0.125018 -0.757353
0.652252 -0.506025 0.196115
-0.722086 -0.247131 -0.0565893
-0.641529 0.127455 -0.43757
0.148338 0.840691 -0.29183
0.71045 -0.475558 0.138298
0.485385 -0.170434 0.687313
-0.509973 -0.567592 0.394701
0.0792237 -0.251479 0.881732
0.372848 0.000195406 -0.759327
0.563656 0.583677 0.0344853
-0.140741 -0.521527 0.712074
0.589688 -0.302828 -0.610034
-0.189772 -0.61972 -0.420445
-0.707047 0.277644 0.21136
0.599921 0.363238 0.428565
0.391104 -0.158263 -0.735077
0.62746 0.362817 -0.478691
-0.188922 -0.345715 0.827346
0.148633 0.567413 -0.636044
-0.414419 0.632319 0.375851
0.594424 -0.123565 -0.673425
0.697222 -0.442981 -0.412733
0.108826 0.881662 0.107125
0.426133 0.0500232 0.736791
-0.721692 0.122472 0.285172
-0.36642 -0.380246 0.715094
0.01038 -0.0180405 0.926241
0.200008 -0.463788 -0.662462
-0.579361 -0.252679 -0.404931
-0.447938 -0.654703 -0.073398
0.379134 -0.241633 0.761383
0.462759 0.665255 -0.147523
0.379791 -0.520004 0.596288
-0.456448 0.447333 -0.583324
-0.663691 -0.144568 0.508045
-0.228177 -0.76025 0.10697
0.469092 -0.682994 0.149637
0.734606 -0.24811 0.410882
-0.685041 -0.176828 -0.254435
-0.395177 -0.629757 0.407955
-0.211971 0.127306 0.834999
-0.527184 0.575259 -0.413186
0.511678 -0.723293 -0.146704
0.00671797 -0.769532 0.295284
0.918109 0.157617 0.0201172
0.543876 0.575747 0.171471
0.292269 -0.701023 0.365838
0.899936 -0.304319 -0.112226
-0.641352 0.523112 -0.278672
0.826034 -0.279485 -0.387355
-0.565454 0.654635 -0.261901
0.0137333 0.847567 -0.304344
-0.758651 -0.0327531 0.0988466
-0.512471 0.56192 -0.438351
0.490421 -0.596045 -0.472991
-0.587337 -0.175347 -0.42352
-0.741556 0.220277 -0.271122
0.463206 0.665373 0.079842
-0.0692536 0.54663 0.604685
-0.673949 -0.384523 0.172379
0.0797768 0.808649 -0.375738
0.220893 -0.256241 -0.722728
-0.179591 -0.183684 0.891886
-0.386274 -0.139809 0.785305
0.840985 0.278587 0.117658
-0.0548206 0.786296 -0.460054
-0.326672 0.520632 -0.644979
-0.215904 -0.752304 0.152786
0.14326 0.599316 0.548286
-0.439855 -0.0218792 -0.631898
-0.636776 0.393924 0.324566
0.534795 0.160494 0.635526
0.765857 -0.433233 0.118552
0.746975 -0.426249 0.182015
0.84874 0.285859 0.0535755
0.938559 -0.200619 0.0342127
0.307003 0.778143 0.138536
0.299579 -0.75625 0.191398
0.505729 0.310682 0.561043
0.537373 0.416901 -0.504001
-0.0817701 -0.512226 -0.5846
-0.621905 0.0871375 0.585314
-0.409831 0.13746 0.73985
0.0700013 0.905438 -0.154813
-0.4137 -0.0686787 0.783095
-0.588648 0.195377 0.5867
0.609762 -0.166534 -0.646885
-0.121154 0.833495 0.229159
0.746147 -0.269626 -0.475112
0.510571 -0.173256 0.663385
0.857943 0.203239 0.185476
-0.65264 -0.389999 0.282149
0.37645 0.508894 0.509099
-0.318081 0.805528 -0.357213
0.170433 0.742027 -0.427519
0.732231 -0.29236 -0.47442
-0.229207 -0.317183 -0.61668
-0.242288 -0.723524 -0.181143
-0.630173 -0.446016 -0.1425
0.380382 0.736823 0.0636991
0.569084 -0.491177 0.389037
-0.139335 0.774805 0.338245
-0.464684 -0.641315 0.229816
-0.694077 0.365174 0.146095
-0.623907 0.56056 -0.246634
-0.293996 0.0835025 -0.717723
-0.227523 0.730946 -0.493028
0.41753 0.560397 -0.46527
-0.532337 0.665878 -0.308231
0.135142 0.0608539 0.870591
0.253994 0.676753 -0.454958
0.226352 -0.698468 -0.431015
0.443399 0.485016 -0.518885
-0.721359 -0.26023 -0.0446561
0.258755 -0.473431 -0.645631
0.0744108 0.914187 0.0109062
-0.544287 -0.281204 -0.435511
0.270982 0.728466 -0.377374
-0.739535 0.0876606 0.204766
0.526336 0.596649 -0.248056
0.425908 -0.744475 0.0308973
-0.400688 0.248283 -0.716472
0.0705763 0.286758 -0.79391
0.512517 0.267205 0.586074
-0.461673 0.345369 -0.653553
0.122985 0.483268 0.651003
0.603274 0.544685 0.0880728
0.66764 -0.595684 -0.225796
-0.701357 -0.341808 0.00660145
0.821759 0.2896 -0.234713
-0.267107 -0.58211 0.636698
0.464305 -0.549178 -0.525581
-0.763233 0.217719 -0.209802
0.580546 0.164243 -0.610442
0.61312 -0.153808 -0.648537
-0.747603 -0.0580064 0.160497
0.22129 -0.703506 -0.423004
-0.570303 0.619782 0.0146083
0.0888147 -0.51504 -0.646877
-0.513316 -0.602454 0.217697
0.266469 -0.0523934 0.852404
-0.540947 0.593028 -0.385569
0.262564 0.208102 0.787519
0.244381 0.665151 0.444236
0.179407 -0.128658 -0.748464
-0.480482 0.47071 0.470623
0.964876 -0.0378856 0.0672584
-0.049221 0.578485 -0.65639
0.579689 0.541238 0.187021
-0.0876189 -0.494443 0.740331
0.446923 0.153533 -0.688931
0.787234 -0.461016 -0.256251
0.676634 -0.0918281 -0.596988
0.205614 -0.549336 0.637471
-0.398297 -0.673269 0.268461
-0.0798598 0.160877 0.860541
0.826271 -0.440873 -0.101245
0.491937 -0.714582 -0.25834
0.653076 0.495618 -0.18154
0.219369 0.858996 0.107364
0.285356 -0.467129 0.674569
-0.0844871 -0.323226 0.86125
-0.265139 0.84699 0.0834417
-0.283557 0.864529 -0.128186
-0.632278 -0.413778 -0.192086
-0.518198 -0.0366175 0.717155
0.539041 -0.646763 -0.35538
-0.133714 -0.792264 0.00879125
0.865359 0.160745 -0.313279
0.553939 -0.0625719 0.631406
-0.131994 0.843631 -0.339921
-0.707553 -0.159278 0.346905
0.248473 0.846819 0.0369066
-0.726218 0.366641 -0.0190999
0.353065 0.086822 -0.754769
-0.0597246 -0.804806 0.0599473
0.672034 0.336557 -0.465703
0.429041 -0.355211 -0.681718
-0.688879 0.160025 0.415274
-0.557535 0.66417 -0.139173
-0.406016 -0.59948 -0.286288
-0.0378937 -0.00630304 0.921691
-0.161136 0.696857 0.451505
0.114143 -0.18632 0.899451
-0.222948 0.243359 -0.766343
-0.728711 -0.221483 0.154152
0.0973365 -0.0429362 -0.76492
-0.555361 0.509143 0.315887
-0.0871502 -0.252206 -0.693611
-0.325445 -0.427825 -0.519377
0.158169 -0.826626 -0.0399708
-0.309723 -0.353209 0.760728
0.305932 0.283524 0.738076
-0.360626 0.81866 -0.0215876
0.493614 0.175149 0.663212
0.896198 -0.0518735 -0.349437
0.819421 -0.21352 0.33239
0.650774 -0.600377 -0.255335
0.158299 0.775264 0.342505
0.773754 -0.383216 0.201389
-0.545156 0.546377 0.281127
-0.383399 -0.0250632 -0.663692
-0.114249 -0.571114 -0.528293
0.694874 0.471565 0.0105798
-0.718314 0.00389994 -0.251432
-0.698023 -0.228687 0.351129
-0.0245731 0.860704 0.212678
0.713601 0.448231 0.100047
0.445396 -0.115558 0.721691
-0.668519 -0.0410869 0.492143
0.544172 0.206743 -0.61939
0.103382 0.424748 0.705788
-0.074622 0.869566 -0.271446
-0.746125 -0.0760495 0.155926
0.114464 -0.813407 -0.0767632
-0.387201 0.790725 0.0727956
0.701248 -0.271972 0.436198
-0.663686 0.26199 -0.431635
-0.622463 -0.457638 0.273658
-0.41949 -0.118172 -0.62039
-0.112227 -0.748392 -0.209451
0.686391 -0.35335 0.3754
-0.639166 -0.0330527 -0.388143
-0.407006 -0.686863 -0.00498882
0.55984 -0.54903 0.302159
-0.205592 -0.696402 -0.274697
0.824113 0.301239 -0.15025
-0.512195 0.196467 0.646916
-0.0818418 -0.144394 0.924736
0.281478 0.638742 0.448621
0.183268 0.575315 -0.614525
-0.236224 0.0937622 0.844211
-0.499333 0.244995 0.624035
0.383608 -0.712273 -0.354996
0.256583 -0.703046 -0.422235
-0.414451 -0.557063 0.55053
0.809602 0.0934761 0.384436
-0.000150497 0.637272 -0.59981
0.264241 -0.321274 0.778283
0.483334 -0.595419 0.361366
0.58115 0.546328 -0.272897
-0.271345 -0.753993 0.0755052
-0.13309 0.892692 0.0425502
0.837407 0.140892 -0.389043
-0.168699 -0.665144 0.531758
0.148817 -0.658437 0.542818
-0.713486 0.369065 -0.295045
-0.154374 0.912737 -0.184478
0.249077 0.800169 0.180444
0.820073 0.19774 0.273218
-0.636366 0.0659014 0.562782
0.611467 -0.615954 -0.311471
-0.249759 0.795694 -0.394028
-0.685237 0.443142 0.0242909
0.268184 0.675968 -0.447088
-0.535259 0.0470508 0.703533
-0.385834 -0.372666 0.705865
0.317296 0.791826 0.030154
0.172997 -0.666765 -0.482237
-0.089573 0.703361 0.457075
-0.265501 0.0497132 0.852586
-0.668529 0.421183 0.167752
0.89136 -0.264882 -0.26772
0.730127 0.435882 -0.0319133
0.465308 0.00569295 0.70494
0.00607348 0.829224 0.283616
0.647364 -0.223535 0.517212
0.646091 -0.467191 -0.448254
0.588221 -0.434957 0.427009
0.534868 -0.709075 -0.113239
0.682895 -0.550072 -0.306342
-0.31681 0.511422 0.537509
0.0540882 0.920654 0.000974727
0.150674 -0.113025 -0.751832
-0.394388 -0.192913 0.765709
0.891233 0.0708211 0.231976
0.768815 0.0538544 -0.476815
-0.156018 -0.584708 -0.491142
-0.735716 0.230297 0.153097
-0.0352246 -0.812356 0.0460396
-0.351864 -0.31281 0.750137
-0.694088 0.411756 -0.29207
-0.162554 -0.320932 -0.63867
0.107293 -0.256144 -0.725599
0.396953 0.726097 0.0201877
-0.56518 -0.566577 -0.0620192
0.608058 -0.167598 0.56928
-0.687267 -0.128484 0.426674
-0.745224 -0.0801625 0.15916
-0.32568 0.839204 -0.103594
0.55957 -0.334415 0.564789
0.213385 0.135749 -0.788523
-0.737217 0.129436 0.202729
-0.545075 0.402317 -0.525503
0.703813 0.443834 0.15529
0.28399 0.463388 0.614814
0.0384996 -0.397778 -0.677803
-0.479433 0.289166 -0.637957
0.276304 -0.226293 -0.727128
0.780828 0.135491 -0.452988
0.715805 0.396234 -0.335745
0.183991 0.516664 0.603678
-0.683816 -0.0244012 0.439397
0.905145 0.13682 0.120943
-0.640119 0.130474 -0.441089
-0.321375 0.475942 -0.684992
0.774531 0.386172 -0.111096
-0.269775 0.823917 -0.3463
0.014751 -0.73728 0.432671
0.305545 0.495183 -0.61058
-0.105184 0.932782 -0.0600755
0.610941 -0.651747 -0.104862
-0.00960801 0.407255 0.734159
0.832162 0.276862 -0.217326
0.0331899 0.755991 -0.475412
-0.289586 0.587393 -0.61019
-0.144872 0.784618 -0.440121
0.278956 0.440755 0.635708
0.137282 0.526779 -0.67454
0.743328 0.291629 0.305885
-0.516543 -0.484948 -0.328408
0.352437 0.541977 0.497412
-0.488445 0.694135 0.0506818
-0.175958 -0.70764 -0.269491
0.790131 -0.478901 -0.0630509
-0.292364 -0.108473 -0.673724
0.390422 -0.0682743 0.766447
-0.3983 -0.673163 0.268781
0.656495 -0.39303 0.374126
-0.467733 0.715372 0.0480251
-0.229659 0.484587 -0.70432
0.850133 0.277576 0.0862068
-0.496336 0.689998 0.0324702
0.754086 0.289477 -0.411356
0.47357 -0.068616 0.698475
-0.469149 -0.65846 0.0131113
0.523182 0.364715 0.507497
-0.632329 0.544794 -0.24217
0.17163 0.882178 -0.144864
-0.606943 0.177829 0.568764
0.809816 -0.066965 -0.447447
-0.339067 0.433893 -0.703548
0.532352 0.22737 -0.620283
-0.51836 -0.596983 -0.105326
0.313073 0.657697 0.366556
0.537018 0.052156 -0.668456
0.308321 0.475928 -0.622693
-0.138489 -0.256106 0.888457
-0.628894 -0.370286 0.457472
-0.316957 0.585297 -0.599756
-0.265746 -0.165843 0.855094
0.626469 0.340065 -0.500705
0.782801 0.357538 -0.204796
-0.340165 -0.584271 0.600593
-0.227791 0.820938 -0.362183
-0.51162 0.657681 -0.36543
0.124831 0.368425 0.745519
0.0616188 -0.564854 0.662918
0.900768 -0.0888723 -0.339381
-0.129077 -0.0385895 0.908189
-0.411252 -0.686853 0.204961
-0.738767 0.311578 -0.302615
-0.14061 -0.0313362 -0.740587
-0.00293686 -0.425464 0.800588
0.922156 0.109374 0.079634
0.481435 -0.05083 0.691977
0.752798 -0.343948 0.283864
0.381351 0.560432 -0.496957
-0.0937582 0.483859 0.645347
-0.428437 -0.316724 -0.528642
0.403859 -0.428123 0.652453
0.627407 -0.630855 -0.0836473
0.353301 0.699142 -0.342936
-0.491222 0.719104 -0.0841873
0.941918 -0.185252 -0.0652137
-0.0640254 -0.739569 -0.256361
-0.251878 0.0820565 -0.730979
-0.351064 -0.346112 0.737792
-0.696855 -0.29903 -0.113195
-0.632302 0.165405 0.527851
-0.398501 0.408355 0.577602
0.079493 -0.0548461 0.912399
0.667044 -0.562762 0.0105387
0.519628 -0.297919 0.621399
0.358795 0.737274 0.14316
0.826806 0.0573641 0.379602
-0.145152 0.162505 -0.76953
-0.548008 -0.505764 0.458719
0.270051 -0.561321 -0.583915
0.429758 0.603775 -0.398687
0.219549 -0.805693 0.056454
-0.389432 -0.668956 0.296534
-0.501957 -0.607253 -0.122068
-0.593435 -0.364113 0.528689
-0.515297 0.572144 -0.427613
0.0504064 -0.0683334 -0.760741
0.411019 -0.718819 -0.312011
0.950048 -0.099869 0.124809
0.860818 0.256572 0.0883526
-0.411394 0.771741 0.047593
0.289246 -0.67429 -0.467795
-0.0341729 -0.352159 -0.671082
-0.300119 -0.298377 0.787837
0.735318 -0.465779 -0.336687
0.002325 -0.746295 -0.261738
0.0844146 0.836785 -0.314828
0.337624 -0.221164 0.786696
-0.270543 0.712587 0.371913
0.946692 -0.142833 -0.157581
-0.0949869 -0.173533 0.915941
-0.132231 0.427482 -0.752918
-0.0406293 -0.0194836 0.925136
-0.126331 0.902157 -0.204564
0.0214924 0.60586 -0.624047
-0.209722 -0.160261 0.886041
0.476386 -0.724331 -0.23465
-0.740342 0.24478 -0.281581
0.563593 0.1023 0.624216
-0.304179 -0.57348 -0.396868
0.237688 0.73715 -0.391656
0.35732 -0.601343 -0.534881
-0.0719406 0.115548 -0.776262
0.58782 -0.551769 0.228289
-0.539887 -0.110883 -0.523012
-0.698263 -0.163039 -0.236863
0.798169 0.365506 -0.0103034
-0.711707 -0.272627 -0.0844111
0.102227 -0.256323 -0.725641
-0.330651 -0.429957 0.718136
-0.679209 0.401709 -0.353044
0.0542648 -0.518998 -0.632669
-0.437506 0.361732 0.585593
0.639853 0.516306 -0.0697737
-0.6504 -0.113233 0.554226
0.565809 0.392216 0.444037
0.937156 -0.203109 0.0529853
0.806556 -0.311156 0.240153
-0.523791 0.485332 -0.485316
0.87417 -0.334947 -0.236737
0.55199 -0.22075 -0.671923
-0.0447233 0.746325 -0.511115
0.172675 0.763881 -0.399584
-0.656438 0.275379 -0.439904
0.236941 -0.0668879 -0.759205
0.374817 -0.776674 -0.134568
0.097642 0.437173 -0.747901
0.0111096 -0.385019 -0.673429
-0.595408 0.0393245 -0.49032
0.0695482 0.916099 0.00718723
-0.366731 0.640004 0.401572
0.310952 0.77052 0.147848
-0.109769 -0.285882 0.878419
0.436017 -0.592898 -0.5113
-0.207393 0.0509606 -0.738123
0.108613 0.178119 0.846583
0.0373016 0.898355 0.0945001
-0.507247 -0.59265 0.289918
-0.102978 -0.646034 0.574868
-0.579359 0.410107 0.399791
-0.538454 -0.0788823 -0.538098
-0.297272 0.097732 0.819737
0.906309 0.144536 0.105158
-0.211934 0.200914 -0.762529
-0.131749 0.842202 -0.343168
-0.240737 -0.611415 -0.394959
-0.275234 -0.481745 0.722466
-0.575783 0.260204 -0.530677
-0.289667 -0.131629 -0.66688
0.494361 0.322699 0.561784
-0.500756 -0.591969 0.320242
-0.230908 0.384041 -0.767107
-0.253488 0.637771 0.46217
-0.784818 0.219258 -0.0789428
-0.352884 -0.461478 0.684736
-0.4917 0.141569 0.689855
-0.281548 -0.368204 -0.577051
0.182072 0.807118 0.265753
-0.130841 -0.780098 -0.109746
0.217291 -0.0129982 0.86318
-0.094502 0.44946 0.672193
-0.317067 0.359618 -0.75467
0.92543 -0.176425 -0.23978
0.885382 0.211759 0.0730166
0.161718 0.764686 -0.405087
-0.761392 -0.0513453 -0.0511243
0.328889 -0.274772 -0.716305
-0.0777209 -0.267626 -0.690586
-0.603475 -0.36541 0.510501
-0.110478 -0.078927 0.918793
-0.496323 -0.269168 -0.496879
0.585404 -0.526132 0.30198
-0.719775 -0.235791 -0.085515
-0.447442 0.0591167 -0.645875
-0.210881 -0.510507 0.710138
-0.608438 0.569687 0.0729426
-0.489045 -0.289157 -0.490698
-0.682295 0.452511 -0.114767
-0.0658337 -0.607004 -0.512678
0.871454 -0.0586165 0.296357
-0.51427 0.0261152 -0.583564
-0.0239789 -0.579434 0.662184
-0.148779 -0.427795 -0.599196
0.0361029 -0.436256 0.784485
0.586933 0.159499 -0.608067
0.328816 -0.0161414 -0.766751
-0.344558 0.364818 0.647391
0.697623 -0.297809 -0.50548
-0.204212 -0.515271 0.707513
0.529571 0.480546 0.368808
-0.538182 0.630752 0.116976
-0.702816 0.0684636 0.372322
0.708866 -0.0611483 0.491185
-0.733954 0.153112 -0.266557
0.358671 -0.226085 -0.725027
0.8658 -0.381359 -0.00772944
-0.30792 -0.0292634 -0.687075
-0.000578847 -0.807615 -0.0498895
0.9181 0.141575 -0.183374
0.411578 -0.724921 -0.292179
0.568611 -0.616735 -0.376619
-0.319939 0.476432 -0.685723
0.0162476 -0.28202 -0.717835
-0.36545 0.447527 -0.670876
-0.387619 0.289441 0.666954
0.354749 -0.0613287 -0.756673
-0.659219 0.317122 0.351032
-0.533363 0.0178794 -0.565956
-0.00776664 0.873964 0.184154
-0.0141137 0.912307 -0.159691
0.755058 -0.0753946 -0.508698
-0.290686 0.687424 -0.509722
-0.424415 0.528708 -0.553039
0.519516 -0.553309 -0.484956
0.543403 -0.652356 -0.339232
-0.284969 -0.26631 0.80961
0.459846 0.376661 -0.606458
0.666205 0.41945 -0.382387
0.392336 0.299881 0.661462
-0.021197 -0.774012 0.247049
-0.776038 0.256889 -0.0519195
-0.0334681 -0.807033 0.0737672
-0.308426 -0.725034 0.178814
0.309243 0.60094 0.476378
-0.436811 0.706404 -0.403585
-0.337039 -0.220342 -0.615827
0.367657 -0.256394 -0.718882
-0.253582 -0.731885 -0.151289
-0.72166 0.0172466 0.301729
0.869437 -0.214011 0.26293
0.0114409 -0.789495 -0.125685
0.529889 0.614393 -0.105542
0.135338 -0.285015 0.844476
-0.613622 0.488362 0.23099
-0.233813 0.771633 -0.434349
0.48964 -0.563394 -0.497997
-0.228956 -0.63729 0.57044
-0.0339419 0.886127 0.129826
0.230403 0.291775 0.762462
0.893856 -0.309509 -0.181121
0.973538 0.0155732 -0.099044
0.175134 0.543967 0.583922
0.758936 0.394544 -0.209285
-0.715654 0.388404 -0.0828726
-0.155193 -0.420518 -0.599952
0.392402 -0.406309 0.672362
0.188161 0.66141 -0.513965
-0.633768 0.0471156 -0.424598
0.43472 -0.384814 -0.657885
0.0474399 0.67733 -0.556741
-0.0735212 0.905062 0.0460416
0.784936 0.156178 0.36933
-0.193907 -0.510781 0.712417
0.334143 -0.651325 0.450243
-0.343203 -0.395283 -0.533389
-0.684402 0.446782 -0.0511588
0.934815 -0.207968 0.0718437
-0.695902 -0.372809 0.0740046
-0.128078 -0.691252 0.473247
-0.704667 0.40968 -0.0993325
-0.0878228 -0.428824 0.789919
0.718912 -0.566417 -0.156147
0.629298 -0.339896 -0.546698
0.571201 0.351929 -0.536078
0.848207 0.225213 -0.279121
0.865835 -0.372181 -0.212149
-0.284288 0.750801 0.289866
0.638128 0.289092 0.450877
-0.455471 -0.666818 0.022585
-0.596052 -0.401587 0.503967
0.884639 -0.117542 0.269007
0.175769 -0.146709 -0.745128
0.84634 -0.424562 -0.188429
-0.580589 -0.532162 0.241616
0.44215 0.0475826 -0.720702
0.361411 0.50945 0.523306
-0.337437 -0.551522 0.628596
-0.705751 0.293796 -0.373369
0.979792 -0.0331817 -0.084912
0.793885 0.364911 -0.0547222
-0.643493 0.287162 -0.454583
0.300344 -0.807497 -0.110685
-0.395053 -0.653116 0.336064
0.930369 -0.0144488 0.189039
0.839914 0.275394 -0.155367
-0.23945 0.452878 -0.724054
-0.764493 0.00664441 0.0752178
-0.520681 -0.568697 0.342857
0.936596 0.0620351 -0.229799
-0.578059 -0.549185 0.140545
-0.512015 0.686743 -0.0278475
-0.678509 0.458246 -0.061886
0.577587 0.509253 -0.384242
-0.762997 0.0236905 0.0828455
-0.269354 -0.229491 -0.637039
-0.560249 -0.584669 0.031893
0.883447 -0.326622 -0.22044
-0.343925 0.730447 -0.443627
-0.225291 -0.302691 0.832641
-0.763036 -0.0687581 -0.0228732
-0.754573 0.0834459 -0.163271
-0.388155 0.763766 -0.365421
-0.323404 0.501116 -0.6632
0.940329 0.0797881 0.0352755
0.0414609 0.445222 0.707615
0.939191 0.0891467 -0.189147
-0.692059 0.430478 -0.232136
0.92184 -0.0660538 0.204268
-0.740268 -0.0853564 0.192181
0.135598 0.872755 -0.220723
0.298932 -0.745696 -0.301405
0.275794 -0.797471 -0.166221
0.853835 -0.0179407 0.33073
-0.513342 0.217196 0.633415
0.908347 0.090441 -0.290728
0.253301 0.496803 -0.638167
0.618944 -0.587346 -0.370222
0.28824 -0.325869 0.766343
-0.67059 0.452555 -0.310221
-0.514953 0.30173 0.572268
0.110726 0.195664 -0.796264
0.348419 -0.755091 0.123782
0.925697 0.051991 -0.273024
0.415457 0.639202 0.254291
-0.383801 0.801756 0.0356819
-0.573604 -0.387292 0.539935
0.579932 -0.360754 0.524294
-0.526232 -0.422654 0.560076
0.784427 0.106335 0.412007
0.0669172 -0.723877 0.472429
-0.621327 -0.280178 0.525238
0.379871 -0.371874 -0.684653
-0.238866 -0.249729 -0.640459
-0.736853 -0.109465 -0.113035
-0.590601 0.593544 0.0435831
0.289005 0.78669 -0.269806
0.331082 -0.555478 -0.574664
-0.704587 -0.321736 0.147574
0.18977 -0.32635 -0.709863
-0.704297 -0.288714 -0.0927774
-0.735461 -0.0413222 -0.16421
0.757156 -0.157234 -0.515319
-0.0785044 0.391758 -0.771183
0.335657 -0.504584 -0.60841
0.559323 0.435971 -0.467812
-0.76329 0.111276 -0.145281
0.00709878 -0.789073 0.199934
0.569218 -0.67731 -0.249598
0.308042 0.583697 -0.531294
0.752894 0.0824055 0.462843
0.912652 0.161497 -0.147983
0.0672402 -0.296872 0.8647
0.479702 -0.651461 0.212891
-0.0775913 0.25722 -0.795474
-0.00597027 -0.812413 -0.010875
-0.436045 0.675012 -0.428547
0.771 -0.310106 0.297651
-0.288598 0.0541185 0.845968
-0.25783 0.878138 -0.174076
-0.142957 0.880855 0.0716139
-0.351554 0.441009 -0.687564
-0.24 0.752798 0.321814
0.00362522 -0.0165187 0.92773
-0.739887 -0.145735 0.142267
-0.592381 0.535849 0.202981
0.0267788 -0.778259 0.27143
0.244953 0.571767 0.537321
0.889824 0.0816293 0.226559
-0.268926 0.854233 0.0581968
-0.132187 -0.0912773 0.914491
-0.760568 0.0922291 -0.144645
-0.569589 -0.533719 0.287659
0.865921 0.22149 0.138046
0.76945 -0.398332 0.189186
-0.319128 -0.691459 0.297723
-0.589352 -0.0458678 -0.470318
0.578589 -0.643242 -0.00132728
-0.243273 0.333934 0.706114
0.327258 0.343981 -0.687813
-0.270227 -0.717881 -0.174669
0.86367 -0.094338 0.308479
0.465188 0.384156 0.541882
-0.631982 0.543523 0.045225
-0.553702 -0.229833 0.642918
0.484588 0.329435 -0.618263
0.661847 -0.60094 -0.0821392
-0.120307 0.614866 -0.625048
0.0487697 0.644527 0.516406
0.613947 0.0339401 0.582546
-0.162845 0.259463 0.778527
0.748394 0.257803 0.329697
0.223534 0.706727 -0.437453
-0.107624 0.237468 -0.787119
0.720707 -0.491162 0.0725268
0.391845 0.661228 -0.357954
0.688625 -0.171558 0.486577
-0.326443 -0.122888 0.831337
-0.0789678 0.607537 -0.633977
-0.214778 0.36006 -0.781073
0.139286 0.540033 -0.662747
-0.696624 -0.199273 0.385318
0.290632 -0.128196 0.833444
0.238259 0.468764 -0.666302
-0.0695675 -0.479798 -0.604512
0.360289 0.707756 -0.323935
0.690676 -0.513704 -0.358761
-0.651589 -0.464275 0.0911426
0.493501 -0.145683 -0.708552
0.14831 0.316033 0.781254
0.150675 -0.0552605 0.889727
-0.107399 -0.798186 0.022709
0.116919 0.774386 -0.412122
-0.174896 -0.420163 0.781959
-0.273763 -0.670412 -0.280036
0.0867534 -0.028337 -0.767494
0.00308039 0.714638 0.448362
0.172682 -0.76176 -0.257869
0.341861 -0.214121 0.78676
-0.0804785 -0.713208 0.435848
-0.0796919 -0.596758 -0.517241
-0.0330454 0.694335 0.46762
-0.574601 -0.512513 -0.181056
-0.153072 -0.788044 0.0249919
0.248731 -0.513917 0.653046
0.456859 0.628129 0.215057
0.891525 0.21019 -0.0563074
-0.0962636 -0.0117741 0.910091
0.865325 0.0455321 0.307031
-0.0642207 -0.807778 0.0213991
0.205823 0.0901199 -0.787439
0.369013 -0.748907 0.115432
0.643134 0.225631 -0.551916
-0.135746 0.260714 -0.785232
0.595655 -0.0821131 -0.674027
0.36781 0.589786 -0.471033
0.47303 -0.618598 0.321373
-0.515016 -0.634626 0.0430742
0.154297 0.722153 -0.460182
0.057008 -0.705958 -0.396648
0.853824 -0.407074 -0.0967826
-0.367913 -0.343406 -0.556484
0.970822 -0.0867421 -0.103214
-0.264004 0.878076 -0.0999567
-0.746598 -0.1309 -0.0483457
0.870698 0.228739 -0.143059
-0.660223 -0.4383 -0.00366421
-0.653683 -0.167509 -0.313254
-0.116423 -0.118498 -0.728176
0.103754 -0.697608 -0.432313
0.210941 0.867782 -0.168042
-0.195134 -0.538418 0.689556
-0.631643 -0.0794456 0.615286
0.235253 -0.538028 -0.609033
0.365822 0.324297 -0.676491
-0.46671 -0.0531822 0.749612
0.891584 -0.323285 -0.164729
-0.0686107 0.063135 0.893267
0.672651 -0.513667 -0.388505
-0.444279 0.753606 -0.237668
-0.493718 0.103659 0.710089
-0.608057 -0.329125 -0.307761
-0.267168 -0.639532 0.537644
0.371654 0.745748 -0.0554018
0.206671 -0.368457 -0.695793
0.676631 -0.186101 0.495634
0.286867 -0.0609918 0.842666
0.624594 -0.574151 0.0814218
0.688065 0.416204 -0.352437
0.151197 -0.354376 -0.702489
-0.466445 0.730732 -0.272817
-0.20416 -0.713634 0.32022
0.420679 0.343119 0.607498
0.814362 0.203438 0.278715
0.952525 -0.0194827 0.117067
0.0381249 -0.322739 -0.708783
0.764655 0.31037 -0.359446
-0.469139 -0.087139 -0.599893
-0.549609 -0.510135 -0.231916
-0.590878 0.570459 0.153464
0.653868 0.315661 -0.500414
0.22651 0.20716 -0.772224
0.249979 -0.72066 0.360176
0.585403 0.562153 -0.127661
0.73434 0.416023 -0.242233
-0.324676 0.0165188 -0.692287
-0.541695 -0.558441 -0.171157
0.166923 -0.816385 0.0406788
0.0142093 0.672362 0.490824
-0.167023 -0.0145999 -0.735945
-0.101064 -0.639019 -0.453103
0.0366168 0.366541 -0.772517
0.57891 0.561536 0.104768
-0.772659 0.00951563 -0.0464198
-0.204463 -0.495161 0.722682
0.251384 -0.67649 0.464056
0.811822 -0.0492776 0.386322
-0.495339 -0.0210958 0.737209
0.322399 -0.739482 -0.309356
-0.169647 -0.289564 -0.64909
0.462842 0.0289202 -0.714701
-0.646858 0.493301 0.14316
-0.0637284 0.478629 -0.729421
-0.73833 0.0409218 -0.202429
-0.780009 0.191474 -0.10341
-0.321466 -0.588297 0.613907
0.619067 0.116251 -0.601705
0.836399 -0.257848 -0.39255
0.750267 0.40788 -0.155941
0.440862 0.282446 -0.655068
0.0812788 -0.357657 0.830437
-0.173995 -0.737546 0.256506
-0.621193 0.147168 -0.478643
0.600903 0.428275 0.353132
-0.474257 0.31621 0.591825
-0.163483 -0.593559 0.640739
0.141354 -0.757573 -0.262759
0.509174 0.184726 -0.646224
0.689899 -0.540272 -0.31376
-0.034467 0.614692 0.547001
0.862629 0.261952 0.0365502
-0.265179 0.23057 0.756484
-0.0817286 0.551389 0.596446
0.484166 0.535466 -0.4377
0.447426 0.505422 0.437743
0.634664 -0.332287 -0.546223
0.42777 -0.708613 0.155483
-0.110072 0.530747 0.602521
-0.426673 -0.665499 -0.078033
0.729025 -0.382751 -0.419622
-0.667002 -0.37745 0.229625
0.0266304 0.247924 -0.798445
-0.09649 0.518059 -0.697657
0.609981 0.163568 0.57747
0.486973 0.623105 -0.295795
-0.297245 -0.209217 0.821
-0.16566 0.858786 0.122535
0.508181 -0.601615 0.284786
-0.589868 0.32205 0.472147
0.0398457 -0.509022 -0.631946
0.171865 -0.0659855 -0.76035
0.895601 -0.324639 -0.0437027
-0.277491 0.530689 0.540826
0.916221 -0.0262281 -0.30483
0.620769 0.0227852 0.576161
0.137268 -0.222155 0.873631
0.138159 0.688005 0.465498
0.0535407 0.261654 0.838019
-0.205149 -0.769206 0.0912519
0.581406 -0.40611 0.47014
-0.233369 -0.766567 0.0737383
-0.217286 -0.228929 -0.65625
-0.556266 -0.456095 0.501988
0.410219 0.593132 -0.429529
-0.623239 -0.483691 0.180122
-0.575025 0.523192 0.256117
-0.39759 0.162194 0.73301
-0.448498 -0.551962 0.519082
0.0982073 0.538648 0.612499
-0.565054 0.600359 0.133908
-0.667011 0.427828 0.163248
-0.157989 -0.570578 0.668881
0.657121 0.394076 0.325197
0.343389 -0.276328 0.76784
-0.755888 -0.118559 0.0447544
0.833823 -0.141057 0.338088
-0.709995 -0.306622 0.15131
-0.32829 0.831915 -0.197121
0.173381 -0.797283 0.146594
0.488991 0.00955927 0.685563
-0.726984 -0.230395 0.158023
-0.13006 -0.722159 0.356516
-0.400555 0.552292 0.461114
0.62556 0.243353 0.508713
-0.67097 -0.106179 -0.306958
0.338903 0.089356 -0.761099
-0.751187 0.293506 0.00419655
-0.505958 -0.180617 0.691461
0.859862 0.219737 0.157821
0.482732 0.330156 0.565984
-0.444043 0.744375 -0.282865
0.391989 0.396981 0.59261
0.398277 -0.561175 0.539
-0.663541 -0.33259 0.348897
0.521734 0.620495 0.0177728
0.478478 -0.343765 -0.662932
-0.708243 0.40117 -0.0358004
0.297625 0.801573 -0.14837
0.485531 -0.407028 -0.614756
-0.622926 0.278278 0.455392
0.647125 0.266518 -0.536439
0.313871 0.62419 0.430026
0.0804571 0.913171 0.0105175
0.3755 0.110013 -0.736959
0.223769 0.864388 -0.0265793
-0.0892236 0.822067 0.264617
0.437027 0.0382411 -0.725444
-0.379443 -0.578084 0.566408
0.245551 -0.646978 0.521124
-0.461096 0.480858 0.478564
-0.521178 0.694797 -0.111495
0.50337 0.61049 -0.286855
0.916578 -0.237698 -0.171587
0.341909 -0.392796 -0.679068
-0.0594989 0.757351 -0.503656
0.711012 0.121197 -0.531581
0.781503 0.201134 0.332747
-0.326638 0.803656 0.147501
-0.732945 0.350298 -0.241867
0.793017 0.194818 -0.431343
0.246463 0.512944 -0.630494
0.667993 0.388984 -0.420288
0.442788 -0.397621 -0.644531
0.184228 -0.252125 0.841548
0.522319 -0.328492 0.607102
-0.717697 -0.20621 -0.123226
0.15622 0.413937 0.697707
-0.132813 0.0685098 -0.758239
-0.294261 -0.670479 0.398989
0.43307 0.509964 -0.504182
-0.0709429 -0.577819 -0.538052
-0.563779 -0.496197 0.427265
0.25782 0.789601 0.188518
0.492712 -0.717308 -0.242096
0.382779 -0.201676 0.77075
0.756639 -0.481478 -0.284684
0.266441 0.504182 -0.625713
-0.680519 0.452886 -0.00508834
-0.644623 0.269818 0.41863
-0.102788 -0.44199 -0.609544
0.0158282 -0.310666 -0.705884
0.0136678 -0.316748 -0.702615
0.248631 0.701263 -0.428488
0.489754 -0.306918 0.645951
0.766971 -0.514526 -0.131613
-0.0908782 -0.462412 0.764074
0.173617 -0.322936 -0.710949
-0.741848 -0.151649 0.122232
0.546412 0.571903 -0.300957
0.476191 0.126184 0.687424
-0.116295 -0.172764 0.911408
0.643486 -0.204022 0.526605
0.583402 -0.674018 -0.209708
-0.655124 0.500919 -0.240484
0.412882 -0.604644 0.481931
-0.432193 -0.682985 0.0511105
0.104908 -0.17201 -0.741438
0.287601 0.811772 -0.0817604
-0.644811 -0.33282 -0.236502
-0.515196 -0.290925 0.65553
-0.742917 -0.223786 0.0510536
0.429176 0.687084 -0.193343
0.343642 -0.719153 0.263372
0.695476 0.451396 0.1532
0.15485 0.499793 -0.688387
0.800357 -0.0952375 0.38642
0.788166 -0.0933415 -0.474654
0.186083 -0.216296 0.857879
-0.648794 -0.468544 0.0859317
-0.288026 -0.722963 -0.128732
0.212575 -0.199668 0.851178
-0.502415 0.168854 -0.611468
0.824471 -0.278264 -0.391242
0.00162389 0.724272 0.438715
-0.489764 -0.16878 0.705754
-0.00421041 0.599208 0.563268
-0.181027 0.917563 -0.152697
0.735752 0.074805 -0.510421
0.778565 0.358884 -0.237064
-0.375228 -0.549864 0.59638
-0.318603 -0.711763 -0.112794
-0.507805 0.453249 0.461885
-0.26392 0.872139 -0.209377
0.14807 0.690972 0.459599
0.048757 -0.560807 -0.597015
0.82718 0.321596 0.001648
-0.694365 -0.304219 0.241363
0.269476 -0.699407 -0.427623
0.636625 -0.345864 0.457548
-0.324702 -0.274584 -0.59968
0.201052 0.504393 -0.660975
0.603817 -0.554445 0.183109
0.27811 0.748915 -0.344789
0.293776 0.77883 0.156737
0.765528 -0.509265 -0.197895
0.234993 0.850846 -0.166536
0.155994 -0.345634 0.807649
-0.388599 -0.631747 0.412765
-0.24103 -0.735013 0.201971
-0.130395 -0.280722 -0.666592
0.544849 -0.47602 -0.525406
0.721165 0.339132 0.294965
-0.221809 -0.722029 0.272169
0.349574 0.672892 -0.380009
0.0481597 0.392015 0.750141
0.161416 0.782577 -0.37878
-0.454334 -0.312591 0.68604
0.725973 0.0559372 -0.523612
-0.232297 0.369927 0.684571
-0.0515629 0.049405 -0.770435
0.688676 -0.476414 0.187869
0.225163 0.290141 -0.750547
0.405766 -0.761764 -0.0182412
0.327143 0.580706 0.480958
0.115867 0.829056 -0.325785
-0.166211 -0.704809 0.388665
0.907109 -0.270609 -0.168992
0.410136 -0.133124 -0.73421
-0.279826 0.344769 0.686248
0.925842 -0.124845 -0.272808
0.937256 -0.200109 -0.0554826
0.651668 -0.622007 -0.164127
-0.134471 0.523942 0.599108
-0.259174 -0.126251 0.872385
-0.643504 -0.476743 0.073312
0.361385 -0.373582 0.705963
0.698549 0.422481 0.236925
-0.0979956 0.378492 0.724869
-0.682152 0.451609 -0.197618
-0.75908 0.0446686 0.105213
0.196739 -0.0539251 -0.762242
0.557003 -0.2434 0.60465
-0.126892 0.0191444 0.893576
-0.0498402 -0.470481 -0.616347
-0.429372 -0.41519 -0.459378
-0.0959756 0.707905 -0.552218
0.759184 -0.224534 0.395476
0.0114698 0.301027 0.820412
-0.0939557 -0.64559 -0.447742
0.72982 -0.469528 0.108163
0.760766 0.344174 -0.323841
0.485688 -0.366605 0.62678
0.257431 -0.816874 -0.0656799
0.834392 0.298559 -0.0684212
-0.243188 0.445381 0.621925
0.0334055 -0.386463 -0.680703
-0.308258 0.664971 0.410912
-0.020436 0.417967 -0.759556
-0.602785 0.575582 0.0717336
0.0254273 -0.782363 0.25006
0.634145 -0.496296 -0.441508
-0.194714 0.596218 0.52047
-0.221431 -0.738733 0.205223
-0.220227 -0.347885 -0.607147
0.383011 -0.142119 0.772793
-0.766484 0.031094 -0.0841035
-0.63106 0.423051 0.292877
0.42762 0.318263 0.61952
-0.449767 -0.15818 0.736356
0.0926308 0.686412 -0.531221
0.251228 -0.623429 -0.529211
0.578906 -0.0613739 -0.677449
-0.0195823 -0.0800554 0.938032
-0.261246 0.180011 0.786621
-0.523551 -0.443431 -0.359675
0.577015 -0.0029814 0.613461
-0.0168977 0.717889 -0.531851
0.695163 0.418166 -0.338656
0.724911 0.428048 -0.198454
-0.0735694 0.0179867 -0.761832
-0.0517258 0.921221 -0.146736
-0.552249 0.602696 -0.366684
0.898283 -0.321369 0.07583
0.610151 -0.630231 -0.27567
-0.670133 -0.326013 0.326976
0.552632 -0.68578 -0.0587139
-0.193264 0.492597 -0.703669
-0.34666 0.302843 0.683237
-0.514983 -0.187084 -0.528999
-0.192952 -0.445943 0.761584
0.271498 -0.268212 0.800756
0.372338 -0.212107 -0.727398
0.389383 -0.703502 0.247337
-0.310786 -0.176649 -0.642037
0.933843 -0.162593 -0.208424
-0.43034 0.560778 -0.522335
-0.276486 -0.280882 -0.614874
0.497014 -0.308353 -0.676833
0.413594 -0.416041 0.654016
0.739779 -0.161716 -0.529571
-0.324306 -0.723359 -0.0192265
0.0720903 0.173046 0.85872
-0.0971702 -0.588608 -0.517466
0.912139 0.0510683 -0.317698
0.205058 -0.694713 0.463362
0.0654949 -0.0738241 0.918527
-0.148338 0.684129 0.46559
0.156203 -0.525103 0.672546
0.968209 -0.0693101 -0.126031
0.12377 0.310136 0.793633
-0.252674 -0.00123003 0.869256
0.713204 0.0554772 -0.5377
0.882361 0.176145 -0.252804
0.64096 -0.560069 -0.389433
0.640095 -0.540186 -0.407406
-0.406731 0.594713 -0.520077
0.904062 -0.145739 0.229252
-0.118799 -0.736565 -0.235774
-0.343514 -0.461021 -0.48147
-0.0600406 0.773177 0.370225
0.42449 0.494538 -0.525764
-0.413161 0.0255824 -0.658327
0.346532 0.554986 -0.534311
-0.58706 0.407628 0.39035
-0.440423 -0.335108 -0.505793
0.397233 0.293176 -0.671935
-0.625248 -0.359454 0.475728
-0.522416 0.422812 -0.533639
0.317203 0.65856 -0.426856
0.0438277 0.217093 -0.800663
-0.0563277 -0.809131 0.00584214
-0.0450313 -0.735912 -0.274683
0.664446 0.162372 0.533237
-0.650765 0.0814902 0.526257
-0.130797 0.100923 0.867448
0.454312 -0.420237 0.626655
0.957395 0.0099944 -0.161248
-0.238943 0.283435 0.736367
-0.293507 0.61454 0.461858
0.831421 0.0372727 0.373033
-0.240005 0.631962 -0.586871
-0.647399 -0.224606 -0.297424
0.0019386 0.660911 -0.578844
0.514285 -0.305977 -0.669768
-0.124789 0.888354 0.0616047
-0.208654 -0.403043 -0.588328
-0.464852 -0.443456 -0.409285
0.78255 0.234841 -0.415967
-0.442028 -0.155803 0.742356
0.836296 -0.159864 -0.430409
-0.0751954 0.888026 0.0961742
-0.705882 -0.172798 -0.198611
0.17655 0.200005 -0.787945
0.147739 -0.783369 0.250687
0.113805 -0.0267961 0.89794
0.0991042 -0.716665 -0.37476
0.165141 0.667459 0.483578
-0.782972 0.217532 -0.0670452
0.206391 -0.0437443 0.870502
0.578397 -0.32244 -0.608725
-0.173587 -0.75549 0.180448
-0.709647 -0.30631 0.153864
0.293124 -0.177579 0.81931
0.275138 -0.688112 -0.445827
-0.77497 0.0434802 -0.0577074
-0.616055 -0.422092 -0.225712
-0.549761 0.302519 -0.560323
0.455798 0.269077 0.631498
0.873503 -0.124528 0.288869
0.315863 -0.77696 -0.204382
-0.565803 0.661668 -0.167155
0.926283 0.117659 0.0484852
0.00456005 -0.607959 0.632847
-0.353384 0.798896 -0.305712
-0.143405 0.129465 0.855769
-0.476246 -0.606136 0.344636
0.408425 0.198402 0.720088
0.289558 0.808182 -0.143444
-0.528051 -0.326475 0.627999
-0.135629 0.200599 -0.776705
0.395378 0.713863 -0.20643
-0.248698 -0.148252 -0.6755
0.770674 -0.512451 -0.151167
-0.692274 -0.0616585 -0.283982
-0.654661 0.456893 -0.348145
-0.0837149 0.222171 -0.789359
-0.610005 0.499392 0.221873
0.288464 -0.0826226 0.84077
-0.16541 0.758698 0.359029
-0.592238 -0.403927 0.508437
0.291411 0.258584 0.755633
0.592534 0.442001 0.344033
-0.515398 0.282256 -0.598166
-0.491357 -0.468274 0.554397
0.385946 0.631426 0.312255
-0.572781 -0.524737 0.302794
0.386411 0.300146 -0.674665
0.006981 0.395905 0.748381
0.182114 -0.816309 0.0276335
0.294536 -0.190781 0.81518
0.0635942 0.545905 -0.67019
0.6682 0.456115 0.224931
0.03483 0.0189735 0.909666
-0.269896 -0.610397 0.606881
0.573889 0.38906 -0.499252
-0.683892 0.200412 0.395854
0.85126 0.161029 0.24983
0.567818 0.102114 0.620762
-0.233247 0.0618934 0.85617
-0.478851 0.455127 -0.554597
-0.322533 0.814561 -0.327393
-0.647485 0.436548 0.23435
-0.652676 -0.296058 -0.243821
0.590537 -0.223044 -0.643496
0.277871 -0.547114 -0.593756
-0.0157332 -0.782641 0.209935
0.563908 0.479247 0.326884
0.287941 -0.0860475 -0.754179
-0.276079 -0.284215 -0.613714
0.906095 -0.25809 -0.203815
-0.0850019 0.415772 -0.763008
0.837723 -0.416277 -0.0160412
0.1812 0.813662 0.253407
0.0498346 -0.795594 0.18445
-0.276906 0.866362 -0.000658571
0.0870019 0.752385 -0.454992
-0.596231 0.615604 -0.112918
0.194216 0.161657 0.825662
0.355484 0.308562 0.685417
-0.0928914 -0.446335 -0.611235
-0.280063 0.806969 0.182636
0.359497 0.344119 -0.673216
-0.374226 0.283382 -0.738191
0.431771 -0.298591 -0.706384
-0.0574357 0.0362469 -0.767448
-0.277251 -0.715481 0.245651
0.186941 0.831456 0.202201
-0.521887 -0.168611 0.682494
0.745872 0.411531 -0.161264
-0.295071 0.851356 -0.225329
0.364989 0.455119 0.573295
-0.58926 -0.17942 -0.418655
0.480853 0.555988 -0.41541
-0.316491 -0.703457 -0.173998
0.890451 -0.339426 -0.0478082
0.775113 -0.495416 -0.0682759
-0.2025 0.729423 0.395425
0.0961995 -0.725604 -0.347465
-0.593297 -0.220071 -0.395988
0.474286 -0.683287 0.136343
-0.411445 -0.558151 0.552641
-0.476645 0.684277 0.154439
-0.231607 -0.0923437 0.887927
0.971757 -0.0185732 0.0012825
0.432495 -0.757924 -0.107776
-0.0859544 0.930031 -0.03752
0.438186 -0.461443 0.605104
0.236321 0.390672 -0.714425
0.714883 -0.393767 0.281139
-0.587029 0.25786 0.533877
-0.358914 -0.693184 -0.117022
-0.385572 -0.528954 0.604454
0.37347 0.57196 0.43621
0.244918 -0.761995 0.236492
-0.0585008 -0.158807 -0.737519
0.408436 -0.61516 0.464533
-0.5338 0.148858 0.661222
0.614312 -0.645481 -0.0933671
0.280068 0.0560458 -0.781207
0.644301 -0.32004 -0.544458
-0.765017 0.0924189 -0.127
-0.681365 0.36987 -0.37915
0.227934 -0.578646 -0.578058
0.964049 0.073971 -0.123536
-0.759346 0.122526 -0.167822
0.227837 -0.477832 -0.64878
0.851863 0.151081 -0.353757
0.391931 -0.775575 -0.0851529
-0.163931 0.901783 -0.00894018
-0.455738 0.626366 0.339188
-0.031521 -0.785653 0.180312
-0.161872 -0.77788 0.095626
0.667964 -0.514004 -0.395867
-0.124479 -0.742383 0.28415
-0.547103 -0.59765 0.0629261
0.940852 -0.0583916 -0.22119
0.0193531 0.663644 0.499658
0.550697 0.419517 0.429298
-0.427605 0.741345 0.115938
0.589636 -0.66923 -0.202913
0.273931 0.503671 -0.621956
0.182893 0.532365 -0.648567
-0.0765154 0.923183 -0.147284
0.534616 -0.442529 -0.557559
-0.354576 0.409597 0.604845
-0.733288 0.322791 0.0367563
-0.597627 -0.246426 0.58471
-0.53134 0.527848 -0.445509
-0.266873 -0.752373 0.0036381
0.0124905 -0.594386 -0.552645
-0.491564 0.532265 0.40225
-0.400758 -0.299901 0.724753
0.64008 -0.596959 -0.291581
0.498187 -0.417782 0.579787
0.944195 0.00984696 0.11525
-0.432448 -0.20142 0.738154
0.566874 0.56981 -0.194449
-0.63716 0.213706 -0.461158
0.0567567 0.376019 0.760961
-0.446123 -0.675716 0.0494044
0.879448 0.0418086 -0.355475
0.246903 -0.510921 -0.625029
0.92655 0.0348914 0.158243
0.680306 0.344675 0.342986
-0.0632 -0.808009 0.0221677
0.0372633 0.904353 0.0724516
-0.127363 0.909512 -0.00504737
0.160933 0.339341 0.75796
-0.351057 0.826717 0.0576012
0.948575 -0.162208 0.0734954
-0.699792 0.365134 0.119441
-0.0646509 -0.00595094 -0.760007
-0.263665 0.41899 -0.742278
0.618185 0.516551 -0.256229
-0.160187 0.379256 0.702683
-0.680122 -0.266755 0.398077
-0.249256 -0.717348 0.264483
0.202461 0.796626 0.256448
-0.536681 -0.528595 -0.230892
-0.363671 -0.138963 0.801367
0.787244 0.244985 -0.393583
-0.77994 0.238987 -0.0544241
0.720466 0.394136 0.243594
-0.119054 0.628141 -0.615458
0.134002 0.804034 0.304583
0.549148 0.592887 -0.140028
-0.225588 -0.686543 0.402798
-0.146392 -0.415334 -0.605214
0.208559 -0.767425 -0.249263
0.624488 0.467234 -0.383623
-0.708087 0.283948 0.198653
0.0119687 0.756814 0.406548
0.440361 0.564507 -0.439954
-0.607506 -0.176072 -0.388794
-0.468113 -0.28553 0.688145
-0.192344 -0.333902 -0.622801
-0.305489 -0.68759 -0.224975
0.141093 0.895788 0.0331163
-0.56418 -0.566933 -0.0641445
0.385632 0.730607 -0.136499
-0.177055 0.889808 -0.240591
-0.682746 0.448526 3.52048e-05
0.66571 0.388094 -0.423033
0.128362 -0.715444 0.469159
-0.128113 -0.0972107 -0.729341
-0.353111 0.780929 -0.381546
0.613049 0.466635 0.282267
-0.220719 0.702839 0.423451
0.260842 -0.709594 0.377315
0.668203 0.163937 -0.555797
0.238628 0.810735 0.174897
-0.240284 0.13657 0.819118
-0.307084 0.762646 -0.423343
0.816111 -0.254366 0.296451
0.503628 -0.0896795 -0.71158
-0.301411 0.653655 0.424804
-0.302072 0.748813 0.279241
-0.152907 0.799071 0.284797
-0.589382 0.607635 -0.0189952
0.505278 0.613087 0.152506
0.00179334 0.132504 -0.792297
0.591533 -0.330932 0.530036
-0.43061 0.174732 0.7067
-0.658043 0.370142 -0.424108
-0.168326 -0.753447 0.194281
0.444858 -0.704903 0.132694
-0.294589 0.239207 0.740546
-0.10772 0.419081 -0.760876
0.920742 -0.0426259 0.207602
0.342561 0.739754 -0.286682
0.410729 0.658222 0.223476
-0.0577634 -0.275667 0.881688
-0.665376 -0.292327 0.424122
0.334504 0.551631 -0.547486
-0.729477 0.162922 -0.279547
0.124295 0.1418 0.852335
0.491101 0.633781 -0.198448
0.215921 -0.775822 -0.226051
0.234157 0.858174 0.0357433
0.45406 0.675707 0.0460615
0.345603 0.185069 0.767748
0.279888 0.816082 -0.137224
-0.416766 0.391109 0.578567
0.213638 -0.820297 -0.0290604
0.246609 0.77016 -0.34506
-0.671994 -0.345373 -0.156964
-0.372461 -0.137874 0.79546
-0.267678 0.255847 0.741217
-0.653372 0.00976985 0.544888
0.474023 -0.511234 -0.547281
-0.444993 0.717774 -0.372287
0.201856 0.872058 -0.102566
-0.153431 -0.383115 0.80983
-0.627629 -0.044725 0.623757
0.749895 0.186129 0.393965
-0.103326 -0.685239 -0.372313
0.285432 0.542409 0.547628
0.283957 0.683904 0.357957
0.308272 0.764305 0.164167
0.301649 -0.145374 0.823746
-0.0944566 0.525753 -0.69244
-0.516589 -0.503002 -0.304657
-0.418584 -0.0669675 -0.634022
-0.327563 0.825729 0.101286
0.175341 0.582348 0.552069
0.47669 -0.0619823 -0.722396
-0.605466 0.443405 -0.430451
-0.583837 -0.548914 -0.0554713
-0.15406 -0.0402587 0.901806
-0.34849 -0.728871 0.115847
-0.0475874 0.346401 -0.783136
0.49407 -0.648741 0.18606
0.529827 0.206086 0.614463
-0.0566702 -0.593158 0.652979
-0.661709 0.324127 0.335107
-0.496451 -0.269547 0.675804
-0.285241 0.771531 0.250594
0.0147607 0.304033 -0.792004
-0.692204 -0.190547 0.407399
0.406294 0.614338 -0.405663
0.871556 0.142712 0.226807
0.871123 -0.2852 0.17077
0.393305 -0.477538 0.626144
-0.271202 0.38412 0.660134
0.394535 -0.368164 0.695262
0.92032 0.145889 0.0370198
-0.233422 -0.331734 0.816392
0.638892 0.142361 0.561256
-0.166973 0.890017 0.0250866
0.629135 0.497722 -0.322188
0.260274 0.00426946 -0.772221
0.209059 0.0204401 -0.775372
0.318757 0.331098 -0.695633
0.640071 0.312894 0.425425
0.168286 -0.768218 0.306809
0.754775 -0.28776 0.349471
-0.669166 0.172752 -0.403456
0.156753 -0.0814739 0.890534
0.163158 -0.629714 -0.525059
0.430647 0.699735 -0.0270279
0.414196 0.419274 0.558577
0.178238 -0.607388 0.593202
-0.270527 -0.729905 -0.134335
0.00544252 -0.331165 0.862952
0.671561 0.346427 0.352553
0.876316 -0.367584 -0.11093
0.239299 -0.793389 0.110838
-0.716765 0.387351 -0.121507
0.399311 0.0269044 0.758808
0.302185 -0.699774 0.358429
-0.536086 0.289756 0.564229
0.373961 -0.393273 -0.672732
0.701426 0.213754 -0.519179
-0.345575 0.434808 -0.697411
-0.580753 -0.225766 -0.414116
-0.735495 -0.253506 0.0362038
-0.418635 0.733411 -0.389128
0.352988 0.206197 0.757902
0.523989 -0.0955731 0.656361
0.872646 0.238657 -0.0647321
-0.615798 -0.244091 0.554308
0.565707 0.487874 -0.414129
0.228891 0.488156 -0.657717
-0.681987 -0.212925 0.444282
0.877335 0.22731 -0.0884119
-0.657445 0.444287 -0.354738
0.648795 0.425001 0.296766
0.610153 -0.548628 -0.42597
0.615536 -0.507128 0.280605
0.34006 0.167314 0.775519
0.467566 -0.00683233 -0.720676
-0.661765 -0.349242 -0.194039
-0.244827 -0.684102 0.394236
-0.146058 0.876645 0.0822617
-0.723029 -0.180253 0.226705
-0.51929 -0.48515 -0.324301
-0.367646 -0.672132 0.323005
0.00694698 0.158451 -0.797004
-0.0127604 0.926751 -0.120963
0.97231 -0.0856695 -0.0946909
0.570833 0.345498 0.479682
0.707784 -0.464952 0.172755
0.341454 0.441473 0.601866
0.812917 -0.465603 -0.185073
-0.111722 -0.747506 0.274756
0.739078 0.417252 -0.168473
0.625904 0.455939 0.281391
0.870559 -0.330241 -0.250626
0.00400202 -0.704753 -0.386485
0.38226 -0.773199 -0.1402
0.679842 -0.369751 -0.477074
-0.24352 0.430177 -0.737994
0.411536 -0.6367 0.4051
-0.362072 0.217851 -0.726914
0.534573 0.0447855 -0.671915
0.00128313 -0.503624 -0.619962
-0.670923 -0.338271 0.296741
0.036734 0.244977 -0.798778
0.592925 0.128534 -0.613677
-0.315984 -0.281035 0.784672
0.970283 0.0285788 -0.0460477
0.197229 0.867449 -0.220351
0.530216 -0.361091 -0.621619
0.838048 -0.00363047 -0.40788
0.562421 -0.602205 0.152942
0.439414 0.53851 0.400292
0.199493 -0.0778291 -0.757711
0.276181 0.811798 -0.228633
-0.747136 0.103728 0.160161
-0.721243 -0.135497 0.276462
0.0333855 -0.534398 0.696832
-0.472289 -0.511535 0.53543
0.152585 0.781858 0.335566
-0.581026 0.533215 0.229403
-0.0167332 0.838937 0.260075
0.548358 -0.593233 0.211939
0.973993 -0.0888023 -0.000960731
-0.0289299 0.00319979 0.920799
-0.103446 0.170715 0.849319
-0.223649 0.708494 0.413862
-0.579765 -0.504158 0.338894
0.183896 -0.637147 0.559514
0.756178 0.145458 -0.478813
-0.70447 -0.120341 0.36313
-0.32398 0.810408 -0.342835
0.591165 0.370365 0.432964
-0.510387 0.248757 0.613757
-0.460348 -0.579718 -0.272891
0.476612 -0.298745 0.661423
0.23447 0.802504 0.197411
-0.719179 0.353703 -0.301569
0.470657 -0.338242 0.651799
0.311326 -0.16635 0.813682
-0.444684 0.714608 -0.381265
-0.544631 0.464625 0.393822
-0.434908 -0.689628 0.109197
0.653819 0.0572647 -0.598663
-0.201025 0.893943 -0.0164544
0.243771 0.462855 -0.667456
0.455604 0.296744 0.611957
0.790946 -0.278213 0.30623
-0.626657 -0.447349 -0.155975
-0.301167 0.681791 0.392347
-0.0140816 0.858362 -0.284998
-0.523128 -0.614236 0.117626
-0.400167 0.757897 0.167329
-0.714222 0.357904 0.0645912
-0.383406 0.531137 0.48758
-0.423216 0.469688 -0.599725
-0.523086 -0.18451 0.677756
0.718004 -0.44506 0.201136
-0.138197 -0.316275 -0.649189
0.233379 -0.101595 0.867397
0.0653819 0.898974 -0.174073
-0.510011 0.180179 0.657386
-0.188629 -0.613013 -0.43191
-0.504281 0.539641 0.37218
0.768339 -0.436549 0.103857
-0.542877 0.666341 -0.282925
0.333112 -0.593951 -0.546027
0.404291 0.716143 0.0690682
0.674613 0.443968 -0.336221
-0.440424 -0.0666792 -0.621334
-0.592971 0.58065 -0.341973
-0.32563 0.778755 -0.393756
0.960238 0.0713201 -0.138482
0.560058 0.58445 -0.13275
-0.604715 -0.527947 0.0494512
0.48339 -0.7393 -0.0511255
-0.136602 0.873649 -0.271629
0.213803 0.438234 -0.701378
0.877386 -0.2255 0.235928
0.31926 0.468784 -0.621737
0.510628 0.262589 0.590859
0.0208 0.93756 -0.0466304
0.54033 -0.392558 0.546392
0.40174 -0.0096081 0.756964
-0.635807 -0.487325 0.0231442
-0.709402 0.397076 -0.231023
-0.0797145 0.596159 0.559486
0.711047 0.0226118 0.497197
-0.422294 -0.243161 -0.571885
0.25824 -0.255795 0.811695
-0.365952 0.483535 -0.642171
-0.688866 -0.0020751 0.422111
-0.0283804 -0.755813 -0.222131
-0.309427 -0.217802 0.810544
0.272285 -0.485025 -0.636017
-0.562807 -0.276772 0.621033
-0.435565 0.761436 -0.0196905
0.371401 0.566883 -0.497376
-0.0438198 -0.580718 -0.545115
0.232693 0.257121 -0.757358
-0.541038 -0.41956 -0.351858
-0.756758 0.178843 0.0853457
0.884993 -0.342709 -0.16543
0.125771 0.548657 0.595898
0.00666234 -0.139646 0.926986
-0.661184 -0.203844 -0.283669
0.66775 -0.35987 -0.495488
-0.547431 -0.418294 -0.342655
-0.280038 -0.279599 -0.614067
0.882087 -0.355855 -0.114322
0.534343 0.596741 -0.200772
-0.202403 0.89905 -0.0464222
-0.716964 -0.314589 0.0346457
-0.152714 0.446018 0.653967
-0.568948 0.42904 -0.480303
-0.441793 -0.5531 0.525135
-0.421358 0.695554 -0.427581
-0.299699 0.0511355 -0.708376
0.416748 -0.436138 -0.630668
0.811331 -0.406525 0.0810664
-0.760069 -0.00949273 0.104865
0.0725949 0.140989 0.86701
0.275736 -0.659482 0.478227
-0.251765 0.0152436 -0.71552
0.23593 0.849708 -0.178447
-0.0718658 0.0189901 -0.762291
0.0931693 -0.0756439 0.910002
-0.0242416 -0.753922 0.332671
0.114712 0.119565 0.860864
0.547969 -0.274671 0.603771
-0.343945 0.730623 0.279315
-0.293573 0.227976 0.747294
0.746619 0.413639 0.128516
0.963512 -0.113487 0.0743029
-0.584137 0.604528 0.0215795
-0.230437 0.892947 -0.0641069
-0.0432563 0.364245 -0.777681
0.755723 0.405669 -0.11875
0.312359 0.320752 -0.701721
-0.0452677 0.433148 0.702474
-0.360194 0.583629 0.454736
-0.75312 -0.126464 0.0588253
0.100236 0.33481 0.781287
-0.0103603 -0.387733 0.832331
0.367975 -0.744203 0.140218
-0.134755 -0.133614 -0.718755
-0.078845 -0.758766 -0.19353
-0.595317 0.61706 -0.102735
-0.173558 -0.762688 -0.132358
0.0350553 0.589834 -0.636039
0.121857 0.882658 0.0945674
0.534414 -0.00954372 -0.687469
0.0402905 0.886328 0.136728
-0.189754 0.901646 -0.0382581
-0.58087 -0.227771 -0.413128
0.292469 0.282386 0.743688
-0.00569038 0.815327 -0.383239
0.361866 0.425084 -0.62926
0.574862 -0.550773 0.261777
-0.339174 -0.215917 0.792625
-0.725773 -0.138883 0.243616
0.42517 0.701155 0.0335393
-0.145758 -0.392747 0.805047
0.113217 0.170112 -0.796225
-0.337606 0.322321 0.677279
-0.433125 -0.609432 -0.250936
-0.130158 0.916139 -0.173009
-0.451283 -0.360133 0.667964
0.805511 0.279713 0.207311
0.341051 -0.408539 -0.669639
-0.662006 -0.300287 0.425601
0.069047 0.828875 0.275011
0.0204425 -0.286672 -0.7174
0.745679 -0.466537 0.0783324
-0.287834 -0.617554 0.594056
0.449399 0.468919 0.479983
-0.360207 0.341297 -0.75032
0.323387 0.310601 0.708483
0.417655 0.61799 -0.390996
-0.518058 0.641711 -0.37122
-0.408959 0.444386 -0.633646
0.320193 -0.0430056 -0.761736
0.0737382 -0.342933 -0.708948
-0.359547 -0.707957 -0.0173667
-0.165065 0.362195 -0.785131
-0.343941 0.386378 0.629807
-0.5702 0.397962 -0.502032
0.492729 -0.117403 -0.711798
0.421084 0.579072 0.362607
-0.0608581 -0.267055 -0.696776
-0.598551 0.543439 -0.36361
-0.323378 0.0152684 0.84777
-0.71947 -0.0880726 -0.199809
0.680968 0.455994 -0.299244
-0.269147 -0.147783 -0.668218
0.238518 0.184168 -0.774032
-0.110017 0.883103 0.0874111
0.0698967 0.522741 -0.689003
0.048294 0.913036 0.0329676
-0.204091 -0.454199 -0.565903
0.348643 0.705783 -0.33847
-0.772447 0.157946 0.00682665
-0.521874 -0.425971 0.561431
0.132923 -0.754238 0.398611
0.585086 0.018049 0.606974
-0.291242 -0.720325 -0.136724
-0.484126 0.552653 0.391213
-0.0846758 -0.436371 -0.618274
-0.215215 -0.487908 -0.544045
0.0615735 -0.503355 -0.642109
-0.508548 0.46127 0.454832
0.36027 -0.785373 -0.0765296
0.369164 -0.21761 0.772982
0.0822948 0.893277 0.0824847
0.369538 0.621481 -0.428703
-0.541027 0.60458 -0.376588
0.195184 0.774626 0.310867
0.440217 0.119962 0.71592
-0.683515 -0.323645 0.259242
-0.147587 0.0343963 0.884157
0.673976 -0.574926 -0.264491
0.195287 0.279886 -0.764597
-0.27482 0.48215 0.581565
-0.721168 0.0120781 0.303465
-0.0773841 -0.80493 0.0364713
-0.535062 -0.223369 0.659105
-0.732818 0.215691 0.184598
0.478853 0.593126 -0.36934
0.34966 0.0134902 0.799449
-0.093482 0.573082 -0.658157
0.705964 0.441089 -0.25128
-0.284934 -0.629597 0.557884
0.916778 0.115511 -0.225852
-0.239516 -0.640451 -0.35204
-0.637722 0.0366745 0.571119
-0.65951 0.155887 -0.415028
0.344499 0.444943 -0.624744
-0.72281 -0.250214 -0.048125
-0.57906 0.556151 -0.374855
0.149477 -0.547424 0.654488
0.839376 -0.405588 -0.229878
0.374839 -0.0499114 0.779113
0.460655 0.457154 0.481465
0.570272 -0.330945 0.5544
-0.204049 -0.364846 -0.605817
0.391847 0.605031 0.354658
-0.037445 0.686604 -0.562218
0.901483 -0.309172 -0.0259999
0.227095 0.142751 0.821106
0.640057 0.209122 0.520876
-0.67446 -0.314505 -0.183741
0.472386 -0.38364 0.632696
-0.467651 -0.306787 -0.499006
0.816012 -0.455235 -0.11695
-0.108705 -0.0162875 0.908652
0.590767 0.361269 -0.51095
0.966151 0.0098879 -0.128123
-0.408365 0.618501 0.400244
0.478446 0.176518 -0.66567
0.210366 0.410048 -0.720149
0.595351 -0.595414 0.0930116
0.0545029 0.92503 -0.0784436
-0.442979 0.532167 -0.531591
0.249728 0.199037 -0.767387
0.652775 0.482253 -0.286536
0.506628 0.261778 0.594729
-0.713583 0.068577 0.332464
0.00836076 -0.710286 -0.371432
0.182528 0.819766 0.236267
0.0295805 0.737566 0.425639
-0.12417 -0.140463 -0.720582
-0.684488 0.448944 -0.13647
0.129849 -0.748376 0.417184
0.2156 -0.350191 -0.70194
-0.577087 -0.0800198 0.662778
0.367891 0.0940756 0.776243
0.521077 -0.25279 0.637417
0.571183 -0.544782 0.286414
0.00270834 -0.55352 0.682841
0.548337 0.580932 0.13332
0.68404 -0.592414 -0.192465
0.0154914 -0.405991 0.816296
0.565747 0.086016 0.622518
-0.480411 0.442354 -0.562559
0.171635 -0.741421 0.390359
0.327754 0.760902 -0.266298
0.845875 -0.422638 -0.143995
0.620265 -0.594362 0.0361756
-0.528595 0.666513 -0.0100198
0.661783 0.500206 0.016452
0.406112 0.0272992 0.753247
0.574769 0.560968 -0.208532
0.78499 0.385007 -0.0184167
-0.706798 0.292441 -0.370642
0.0572506 -0.0785893 0.921451
-0.756248 0.0791432 0.118955
-0.164147 -0.644333 0.568542
-0.590629 0.624612 -0.249102
0.396698 0.62561 -0.399564
-0.496583 0.206978 -0.618259
-0.539957 -0.422598 0.546813
-0.593386 0.621476 -0.130494
0.566302 -0.686071 -0.155677
-0.633597 -0.250364 0.519881
-0.486996 0.634062 0.265066
0.355748 -0.159318 0.791233
0.627104 -0.440969 -0.484037
-0.20812 0.519638 0.576008
0.128857 -0.819323 -0.0600084
-0.5819 0.623967 -0.304456
-0.5175 -0.594188 0.237913
0.586829 -0.086731 0.601733
0.364015 -0.486551 0.630355
-0.148937 0.400397 0.690843
0.111278 0.890709 0.0721553
0.341856 -0.601178 -0.538621
-0.0408485 -0.263742 -0.705206
0.304465 -0.798225 -0.0338974
0.208604 0.217511 0.802225
0.0512125 -0.425627 -0.670728
0.460043 -0.746866 -0.0443588
0.296756 0.781248 -0.269649
0.275741 0.539564 -0.595534
-0.142946 -0.761268 0.185692
0.566296 0.33595 0.492761
-0.415775 0.333501 -0.707815
-0.518399 0.688309 -0.066459
0.375605 0.717034 -0.285091
-0.0556541 0.913118 -0.166368
-0.306169 0.539091 -0.64621
0.714231 -0.564682 -0.106893
-0.551331 -0.58975 -0.0167128
-0.475171 0.0846025 0.729964
0.273465 -0.693406 0.4059
0.362882 -0.437205 0.664632
-0.659549 -0.396646 -0.108706
0.546322 -0.0189401 0.638808
-0.227228 0.133365 0.825836
0.494441 0.639556 0.0711645
-0.328574 -0.182808 -0.633203
0.415537 0.442493 0.539096
-0.367969 0.494881 -0.631578
-0.557598 0.414136 0.429805
0.332869 0.179279 -0.736208
-0.755434 0.104508 -0.172556
0.884804 0.106342 0.219559
0.0206204 -0.514252 -0.622231
-0.630772 -0.493206 0.0146435
-0.279666 -0.627024 0.571797
-0.272205 -0.277092 0.813379
0.182132 0.60361 -0.587333
0.467261 -0.727128 -0.23661
-0.38835 -0.594957 0.526735
0.344261 -0.398642 0.69691
-0.362012 0.674203 -0.490638
-0.757321 0.137474 0.0963001
-0.309146 0.168252 -0.73249
0.0754938 -0.747013 0.435733
0.625642 -0.561181 -0.405884
-0.502805 0.182492 0.660276
-0.395754 0.396253 0.588756
-0.732426 0.342094 -0.26863
-0.226017 0.894096 -0.205128
-0.614205 0.122887 0.587934
-0.689464 -0.026092 0.419861
0.145301 0.632937 0.519542
0.522938 -0.534633 0.407315
0.560471 0.540904 0.23517
0.00813543 0.610791 -0.62172
-0.717707 0.383398 -0.182119
0.282507 0.638249 -0.483442
-0.12733 -0.658859 -0.402862
0.655153 -0.207595 0.513066
0.598963 0.432005 -0.438211
-0.469196 0.679632 0.211729
0.954947 0.0590569 -0.00470604
-0.565941 -0.00281594 -0.526619
0.623961 -0.41152 -0.506072
0.142936 -0.768255 0.337901
-0.146051 -0.658205 -0.390542
-0.264719 0.849009 0.077524
-0.574324 0.0679481 -0.530854
0.492804 -0.598768 0.329707
0.557517 0.367482 0.473398
0.0343924 -0.219395 -0.733595
0.280266 -0.75563 -0.281157
0.652474 -0.191676 0.520205
0.746801 -0.438366 0.150317
0.824186 -0.240647 -0.415783
0.760418 -0.405725 0.194161
0.923769 -0.249328 0.0306064
-0.367967 -0.631703 0.447254
0.525935 -0.697523 -0.0276768
0.606361 0.434272 0.337531
0.766129 0.398605 -0.0853366
-0.673744 0.270346 -0.420364
-0.49824 -0.248209 -0.50861
-0.246567 -0.544795 -0.471633
0.510911 -0.433447 0.543026
0.378152 0.741969 -0.0131603
0.506397 0.46359 -0.486343
0.566419 0.013404 -0.663117
-0.0267734 -0.713151 -0.349452
0.19506 -0.827292 -0.0542396
-0.53096 -0.409847 -0.371808
0.358115 0.742754 -0.225215
-0.298134 0.54393 0.519315
-0.379811 0.735944 -0.42101
0.477345 -0.156659 0.694863
0.370953 0.268567 -0.691407
-0.251693 0.0323012 -0.719499
0.828742 -0.44092 -0.125168
0.246637 0.818192 0.148227
0.184339 -0.751596 0.350198
-0.441036 -0.528137 -0.347859
0.869844 0.176625 0.191487
0.87397 -0.374731 -0.0520908
-0.436764 0.577789 0.421458
-0.565107 0.647429 -0.281528
-0.103917 0.806688 -0.415619
-0.7422 0.329776 -0.0171143
0.894358 -0.212059 -0.318909
0.123388 -0.605646 0.609716
-0.200361 0.187066 0.805482
0.628736 -0.156016 0.551303
-0.593066 -0.226171 -0.394015
0.233262 -0.403375 0.739168
0.87991 0.131748 0.211561
0.431196 -0.303157 0.701783
0.945266 -0.157797 -0.135564
0.0812022 0.413393 0.722342
-0.269852 -0.363345 0.781579
0.638483 0.103508 -0.59359
0.135959 -0.278075 -0.720678
-0.662705 0.198779 -0.423645
0.573539 -0.0942887 0.613073
0.617473 0.281098 0.484418
-0.498274 0.0716998 -0.604628
0.753995 0.0672605 0.461311
-0.291055 0.858417 0.0174028
-0.476806 -0.288735 -0.502215
-0.680283 0.0385022 0.452087
-0.194445 -0.105717 -0.705963
-0.404385 0.0839594 0.773236
0.415673 -0.656572 0.336979
-0.512859 0.376288 -0.577865
-0.394658 -0.698061 0.197999
0.505863 -0.123895 -0.706834
-0.289788 0.25989 0.730624
-0.368338 0.80614 0.0892092
0.103563 0.642418 -0.576212
0.120268 -0.462037 -0.665582
0.0446861 -0.807459 0.101195
-0.396917 -0.0642055 -0.647306
-0.107487 0.850786 0.186379
0.191374 -0.198826 0.861289
0.309927 0.795557 0.0767517
0.350389 0.260242 0.723582
0.0583772 0.180538 -0.800493
-0.478955 -0.142226 -0.581579
0.742158 0.372757 -0.325943
-0.0160329 0.614759 0.547438
-0.721144 0.378395 -0.148041
0.363489 -0.679033 -0.456849
-0.364275 -0.689019 -0.128415
0.253036 -0.500807 -0.630033
-0.236778 -0.611732 -0.397516
0.812201 0.309459 -0.214257
0.543268 -0.0233835 0.641322
-0.650995 0.512775 -0.148955
0.901786 -0.0424152 -0.339398
0.410674 -0.340903 -0.69771
-0.780389 0.12191 -0.0390815
0.830515 -0.323484 0.1868
-0.185566 -0.090599 0.900553
-0.264604 -0.104138 -0.683688
0.0549139 -0.642588 -0.514051
0.173461 -0.80234 0.116969
0.410059 -0.366942 -0.680534
0.561997 0.580209 0.086037
0.98522 -0.0372488 -0.0651585
-0.297842 0.0274149 0.852105
0.0309612 -0.0201914 0.92105
-0.347145 0.3729 0.639435
0.365727 -0.47708 -0.618131
-0.44012 -0.576046 0.498906
-0.696377 0.170718 0.394784
0.773624 -0.0456183 -0.484438
0.262891 -0.210788 0.824509
0.759862 -0.439899 0.115159
0.111926 -0.663968 0.549428
-0.15778 -0.694835 0.434157
0.298803 0.109397 -0.77296
0.647525 0.336194 -0.486625
0.726388 0.393569 0.236519
0.823728 -0.435761 -0.0366243
-0.430457 0.763524 -0.00503124
0.758574 0.245649 0.325745
-0.285236 -0.216464 0.826074
0.597444 -0.264056 0.559477
0.475603 0.641634 0.137971
0.562832 0.225192 0.573805
-0.418764 0.776805 -0.15621
-0.361404 0.124685 -0.705521
0.00892256 -0.815162 -0.00296806
0.500546 0.157292 0.662038
-0.707388 0.174728 0.341473
-0.113664 -0.764311 0.20126
0.735524 -0.270356 -0.48525
-0.00464978 -0.779155 0.237446
-0.599477 0.0351731 -0.481687
-0.630996 -0.0107588 0.603585
-0.428732 0.675435 0.303261
0.622407 -0.0506979 -0.649222
-0.525429 0.571349 0.283356
-0.591769 -0.351319 -0.320645
-0.516504 -0.280971 0.65839
0.91911 -0.262205 0.051611
-0.214647 -0.0430618 -0.713975
-0.738035 0.170088 0.184888
0.102271 0.597843 -0.618463
-0.226325 -0.208604 -0.660689
-0.597925 0.584228 0.0533043
0.630977 0.477109 -0.360159
0.671494 -0.453995 0.273976
0.927548 0.0785237 0.0974771
0.734485 -0.47226 -0.331097
-0.740845 0.275943 0.0711984
0.496149 0.643835 -0.00383565
0.541273 0.232456 -0.613504
0.197056 -0.613302 0.582799
0.950128 -0.133611 0.0979396
0.467054 -0.638915 -0.455915
-0.0689548 -0.393827 -0.641494
0.767046 -0.397462 0.194078
-0.310702 0.79352 -0.377146
-0.434785 -0.6422 -0.182144
-0.511973 0.552192 0.338377
-0.043404 0.434656 0.701998
0.967754 -0.0888586 -0.120986
-0.536479 0.664345 -0.0377697
0.190538 -0.437221 0.732766
0.810208 0.282019 -0.291818
0.244294 -0.295943 -0.714376
0.501646 -0.697861 -0.303271
-0.448714 0.459212 -0.581998
0.926269 -0.193845 0.114859
-0.653605 0.249522 -0.442899
-0.426628 -0.260738 -0.563115
0.614363 -0.588412 0.0670821
0.650001 0.326686 -0.493398
-0.429123 0.77011 -0.150241
-0.243964 0.884051 -0.222446
-0.260091 0.696856 0.40244
-0.397092 -0.359899 -0.526059
-0.658168 0.398713 -0.396688
-0.247066 0.662973 -0.553014
0.0583468 0.903434 0.0614472
-0.572392 0.612026 -0.339113
0.761335 0.187852 -0.467647
0.753652 0.341292 0.244352
-0.648107 0.179677 -0.443272
0.321003 -0.426019 -0.662773
-0.612986 0.372234 0.388863
0.541194 -0.565488 0.302935
0.125144 -0.35009 0.817383
-0.102208 0.153255 0.857805
0.801941 0.24608 -0.358261
-0.15567 0.14315 0.845956
-0.67388 -0.429302 0.0554438
-0.689732 0.0353303 0.419401
-0.290218 -0.63554 0.531613
0.294067 0.751507 0.210623
-0.70638 0.225178 0.283461
-0.12475 0.713972 -0.55115
-0.360998 -0.687776 0.271751
-0.465613 -0.617258 0.329253
0.26907 0.00573181 -0.772364
0.437972 -0.535902 -0.550199
0.384063 0.682774 0.214118
0.438185 0.00598216 -0.732388
-0.57862 0.0436093 0.660514
0.00638447 0.664622 0.498328
-0.448572 0.712729 0.152398
-0.655268 -0.458944 0.02302
0.638566 0.235706 0.500927
0.738273 -0.302982 0.356423
0.0858598 0.534928 -0.676342
-0.0329698 0.453868 -0.747451
0.832167 -0.224494 -0.418177
0.765159 0.405445 -0.0070576
-0.331313 -0.581593 -0.367077
0.686382 -0.456185 0.246942
0.841602 0.283233 -0.0920464
-0.417764 0.142942 0.732135
-0.374096 0.169864 -0.711904
0.00746175 0.522763 0.639817
0.441934 -0.720004 0.0928362
-0.146753 -0.670124 0.528802
0.911109 -0.288119 0.0535866
0.833179 -0.175402 0.329613
-0.409216 -0.255573 0.735738
-0.208874 -0.510404 -0.530486
0.270399 0.684948 -0.433926
0.967205 -0.0228379 -0.129901
0.39492 0.607793 0.344904
0.465509 0.0126101 -0.717171
-0.663576 -0.132295 0.508537
0.898215 -0.307031 -0.133978
0.722738 -0.441397 0.199573
0.539581 -0.103893 0.642411
-0.601554 0.0738655 -0.490893
0.884779 0.223533 0.0111048
0.77917 -0.303526 -0.420386
0.958202 0.0404417 0.00605178
-0.158119 0.0132985 0.888271
0.529138 0.201054 0.618546
-0.531278 0.636361 0.123057
0.422615 0.692682 0.111691
-0.750588 -0.104715 -0.0561733
0.396858 0.2179 -0.695381
-0.200729 -0.518774 0.705373
0.197888 -0.631396 -0.521926
0.366162 -0.721968 -0.338329
-0.66928 -0.29468 0.397923
0.309298 0.55333 0.526379
-0.11161 0.836704 0.225965
0.0764096 -0.771045 0.353504
0.287938 0.704906 -0.392842
0.233057 -0.0525782 0.863093
-0.600507 -0.405318 0.494199
0.561672 0.313827 0.512904
-0.0794848 -0.404447 -0.633365
0.692859 -0.288814 0.436693
-0.503135 0.392188 -0.576612
0.760013 -0.309173 -0.435891
0.250632 -0.473825 -0.646922
-0.176431 0.441644 0.648883
-0.315015 0.84172 -0.174567
0.833212 0.277477 -0.206692
-0.411243 0.688809 0.297618
0.84502 0.189601 -0.326862
-0.697449 -0.369026 0.0493188
-0.110627 0.928393 -0.0506538
0.753311 -0.0894872 0.438707
0.357267 0.417949 -0.636844
0.0919945 -0.6818 -0.464028
0.109581 0.687015 -0.522711
-0.241694 0.105166 -0.739626
-0.380305 -0.678985 -0.141042
-0.607369 -0.0515568 -0.437342
0.151454 -0.81275 -0.0924722
-0.679032 -0.286804 0.361576
0.606045 -0.555181 -0.423892
-0.742214 0.083287 0.19241
-0.158307 0.829342 0.216499
-0.281402 -0.164493 -0.657385
0.692573 -0.455496 -0.409345
0.295359 0.287269 0.740233
-0.527386 0.321273 -0.584069
-0.678116 0.419723 0.125479
-0.291915 -0.740467 0.129145
0.298106 0.36054 -0.695851
-0.119002 -0.0497045 -0.742997
0.366132 -0.0776468 0.78634
0.365223 -0.0870315 0.78712
0.201443 -0.368136 -0.69607
-0.703792 0.286755 -0.375511
-0.101399 0.932679 -0.0568835
-0.149419 0.0884152 0.867069
0.542923 0.596684 -0.151169
-0.308493 -0.685435 0.330323
-0.577986 0.652685 -0.217623
0.568972 -0.653427 -0.303848
0.964058 -0.117868 0.0294078
-0.185188 -0.478233 0.738304
0.319833 0.00202717 -0.770528
0.0206999 0.495968 -0.716472
0.390192 -0.395755 -0.666761
0.903666 0.0474647 -0.327652
0.322016 0.548821 0.520044
-0.781804 0.17389 -0.0543514
0.623363 0.533615 0.0020956
-0.094319 -0.388438 0.817384
-0.1245 -0.734482 0.315084
0.638684 0.500174 -0.246266
0.360289 0.753678 -0.0892548
0.324542 -0.663989 0.427584
0.146364 0.889477 0.0527464
0.522027 0.378287 -0.552839
-0.50089 0.482083 -0.511512
0.350489 0.75307 0.115464
0.384749 -0.232303 0.761506
0.0223797 -0.277674 -0.721791
0.303617 0.800888 0.0769875
0.291199 0.630339 -0.486004
-0.161866 0.1204 -0.760405
0.00636052 -0.784757 0.220379
0.732854 -0.384095 0.264904
0.0238827 0.647187 -0.587581
-0.02869 -0.0797422 -0.755942
-0.621173 0.359216 -0.47046
-0.0855644 -0.470087 0.759049
-0.17174 0.901447 -0.0138317
0.221526 -0.801747 0.0777582
-0.451443 0.739504 0.00982179
0.119952 0.159655 -0.795758
0.0649972 -0.223884 -0.732293
-0.275487 -0.655381 0.472496
-0.473041 -0.61125 0.333369
-0.544645 -0.58318 0.16566
0.963376 0.0379033 -0.0148417
-0.429703 -0.653636 0.276766
-0.398328 -0.0215489 -0.656225
0.582695 -0.299836 -0.618936
-0.746839 0.326244 -0.195363
-0.495068 -0.65171 0.0532161
0.520893 0.528054 0.310818
0.402474 0.628532 -0.390736
-0.1453 0.897981 0.0169464
0.758866 -0.524029 -0.166429
0.881031 -0.161456 -0.381208
0.0405691 -0.684429 0.533249
0.259178 0.835779 -0.0396362
-0.490906 -0.630754 -0.0621609
0.806445 0.35697 0.0171477
0.357492 0.599162 0.415459
-0.45633 -0.503752 0.557649
-0.449058 0.169044 -0.662436
0.134183 -0.734041 -0.331254
-0.552842 0.0941211 0.67466
0.931305 0.1151 -0.177721
-0.204337 -0.200612 0.881798
0.593909 -0.612444 0.0485584
-0.741106 -0.120233 0.155329
0.166286 -0.677958 -0.467103
-0.149299 0.826964 -0.371506
-0.223622 -0.64008 -0.363968
-0.0648345 -0.589505 0.656898
0.458254 0.284822 0.618279
-0.625863 0.0954995 0.573709
0.756251 -0.154555 0.418166
-0.543984 0.63452 0.0707705
0.0706241 0.919604 -0.0576596
0.37898 0.738195 -0.0955792
0.501721 -0.619786 -0.446737
-0.0858736 0.00495986 0.907292
0.921344 -0.248102 -0.0471171
-0.340387 -0.164791 -0.635751
-0.0747758 0.940983 -0.0629093
0.764681 -0.455844 -0.298973
0.788266 0.382715 -0.00100243
-0.556462 0.28602 -0.552646
-0.660959 0.448271 0.155852
-0.410264 0.239583 0.681925
0.323873 0.780686 0.0936805
-0.72164 0.279207 -0.333755
-0.175243 0.837043 0.181855
-0.242496 0.452325 0.6167
0.700403 0.311471 0.349132
0.0684526 -0.610065 0.620762
0.302773 -0.765343 0.152241
0.301224 0.78901 -0.239155
0.852109 -0.309048 0.170831
-0.145412 0.810729 -0.398915
-0.670012 0.47155 -0.245511
-0.0140216 -0.0867735 -0.757625
0.842173 -0.430505 -0.17087
-0.703627 -0.318847 -0.0341333
0.540584 -0.608664 0.187181
0.42398 0.435736 0.537189
0.182694 -0.717935 -0.390067
-0.529329 0.54475 -0.434522
-0.643438 0.230741 -0.454213
0.505037 0.169095 -0.652977
0.0273033 -0.565166 -0.585226
-0.189627 -0.361945 -0.612115
0.476503 -0.580067 0.418317
0.943426 -0.181709 -0.0568368
0.431727 0.240011 0.671807
-0.0922505 0.506354 -0.706448
0.0588101 -0.624728 -0.534393
0.254943 0.837477 -0.0903919
0.368052 0.735627 0.125137
0.0453148 -0.424634 0.79233
0.136025 0.89039 0.0564416
0.72479 -0.0576851 -0.539654
0.265687 0.17822 -0.766707
-0.0275963 -0.69 -0.413507
0.210029 -0.502447 0.676244
0.509358 0.555592 0.280738
0.0889244 0.470078 0.672651
0.133679 -0.777638 0.296668
-0.33539 -0.641118 -0.278951
-0.168792 0.858367 0.121451
-0.161937 -0.508073 0.719144
0.425077 0.37512 -0.629887
-0.437761 -0.630894 0.33354
0.820561 0.333878 0.0125588
-0.0478594 0.491413 0.655903
0.621628 -0.472175 0.329907
-0.752933 0.0190541 0.146882
-0.236161 -0.757801 -0.0509094
0.228523 -0.384359 -0.689512
-0.11743 0.463882 0.652578
-0.769717 0.281069 -0.211721
-0.689353 0.0689995 0.42097
-0.733057 0.319518 0.0435523
0.236251 -0.719238 -0.396665
-0.740402 0.297271 0.0449001
0.142475 0.851979 -0.267569
0.142444 -0.150782 -0.744863
-0.512974 -0.303505 -0.459281
0.390144 0.0813362 -0.737869
0.87112 0.082197 -0.359316
0.886126 -0.229968 -0.32534
-0.00415087 -0.347079 -0.683794
-0.0901368 -0.409083 0.804508
0.151996 -0.818185 0.0282202
0.903685 -0.228517 0.153999
0.0453675 -0.620979 0.616291
-0.626353 0.160881 0.543465
0.446509 0.540585 -0.464341
0.83448 -0.298492 -0.353014
-0.696692 0.29342 0.234156
0.062076 0.397742 0.741195
0.521974 -0.636254 0.154217
-0.155742 0.650229 0.491917
0.474767 -0.740284 -0.120949
0.695339 0.446177 0.176386
0.847278 0.275919 -0.0820132
-0.616951 -0.403205 -0.243483
0.756145 0.256633 -0.449916
-0.215051 0.443726 -0.733228
-0.29257 0.80175 0.182104
-0.700983 0.172098 -0.345297
0.298832 0.482316 0.592267
-0.664922 0.409021 0.205859
0.49882 0.614131 0.167732
0.704176 -0.379229 0.316331
0.659116 0.439 -0.367228
0.234084 -0.361312 0.765754
0.774773 0.400789 0.0484532
0.928106 0.0208754 -0.266135
-0.0669008 -0.731573 0.379338
-0.611035 0.583659 -0.00759499
0.782667 -0.103043 0.40342
-0.587814 0.535691 0.212277
0.695093 -0.560155 -0.248149
-0.782616 0.234461 -0.0668467
0.374887 -0.506307 0.611368
-0.3886 -0.43079 0.677279
-0.401432 -0.525334 0.592205
0.613898 -0.307631 -0.582779
-0.297383 0.701878 0.366571
-0.658663 -0.244315 -0.263857
-0.322145 -0.651184 -0.274253
0.504256 -0.0505959 0.67332
0.221381 0.77132 -0.360245
0.00332369 -0.788519 0.199093
-0.0759869 -0.646315 -0.459412
0.481223 0.441239 0.477881
-0.724899 0.343483 0.0398483
0.289605 0.801519 -0.220979
0.118971 0.489889 0.646814
-0.662101 0.175984 -0.417117
0.553539 -0.695108 -0.118101
-0.29641 -0.14363 -0.659851
0.137996 0.64543 0.507806
0.236621 -0.605639 0.578836
-0.211837 0.27608 -0.773169
-0.00353281 -0.728705 0.447545
0.322805 -0.45798 -0.642965
0.246928 0.546001 0.558354
-0.435504 -0.676805 0.0222665
0.715044 0.449106 0.090918
-0.265783 0.45117 0.609234
-0.12166 0.20072 -0.779302
0.205453 -0.809096 -0.123671
-0.303247 -0.734003 -0.0108072
-0.375843 0.0269585 -0.678196
-0.0413854 0.0159401 -0.767462
0.257876 -0.81285 -0.0377555
-0.451575 -0.537782 -0.328665
-0.74931 -0.100063 -0.0666843
-0.48556 -0.103885 -0.586478
0.543779 0.480334 0.350992
0.504596 -0.300556 -0.675589
0.886988 -0.200462 -0.356612
0.731455 0.173369 0.433397
0.251386 -0.800547 -0.160848
-0.701911 -0.279464 0.252732
-0.201747 0.695753 -0.539474
-0.577787 -0.534396 -0.143942
-0.207592 -0.754629 0.150981
0.600535 -0.141933 0.581528
-0.0672713 0.655336 0.505575
0.881789 -0.0951515 0.27547
0.287271 0.206319 0.779941
-0.209405 0.077304 -0.743583
0.0350124 -0.298927 -0.717495
0.561736 0.0970528 -0.641427
0.620231 -0.36586 0.458869
0.124399 -0.727812 0.452992
0.273294 -0.696539 0.397924
-0.142532 0.233724 0.800744
0.28646 0.389942 0.675592
-0.223642 0.584322 -0.635256
-0.350039 0.15094 0.767056
0.486134 -0.548794 0.447475
-0.613514 0.109424 -0.481453
-0.537362 -0.119333 -0.523477
-0.131133 -0.723426 -0.261832
-0.576848 0.271275 0.538841
-0.736747 -0.0211312 0.245253
0.622877 -0.132655 0.561486
0.0485165 0.859578 0.218909
-0.685334 0.444924 -0.208134
0.746171 -0.154536 -0.526384
0.414686 0.357812 0.601938
0.159753 -0.721057 0.446846
-0.52332 0.0403259 -0.578175
0.830358 -0.0393285 0.368981
0.629359 -0.010845 0.567385
0.429862 0.692032 0.0877634
0.106549 -0.798082 -0.128203
-0.554513 -0.181588 -0.47212
-0.0186468 -0.684003 -0.434608
-0.156197 -0.744734 0.243225
0.0761566 -0.651894 0.580832
0.349709 0.76182 -0.0976633
0.0166389 -0.79132 -0.121167
0.36021 -0.290613 -0.712401
-0.711169 -0.0137939 0.340059
-0.406406 -0.0718116 0.787463
-0.114431 0.881635 -0.249935
0.925764 -0.18259 -0.223991
0.355417 0.566626 -0.511727
0.100126 -0.81192 0.0710672
0.346261 0.495541 -0.587933
-0.782718 0.130278 -0.0559339
0.94881 0.115112 -0.083165
0.182964 0.66715 0.477043
-0.670604 0.471485 0.00208809
-0.192225 -0.519487 0.706079
-0.0168938 0.45387 0.696634
0.510689 -0.528283 0.434649
0.822443 0.333221 0.0265414
0.649879 -0.438121 -0.463124
-0.0243772 -0.468287 -0.626316
0.406665 0.718062 -0.0500406
0.0701256 -0.475258 0.740446
0.597018 -0.210009 -0.642403
0.0588999 0.572266 -0.647852
-0.386033 0.747058 -0.406898
-0.705525 0.404834 -0.227049
-0.149441 0.654344 -0.593193
0.819727 -0.387772 0.110774
-0.622211 0.0492718 0.599191
0.573119 -0.617785 0.0834267
-0.22831 -0.727975 -0.180214
0.0832848 -0.683218 -0.462087
-0.583402 0.447159 0.351822
-0.245893 0.732967 -0.483119
-0.474221 0.0771528 -0.626008
0.166821 0.835285 0.205319
-0.0684985 -0.262211 -0.696074
-0.649806 -0.0433965 0.556811
0.543156 0.533553 0.274035
-0.136709 -0.731769 0.314049
-0.0881579 0.936612 -0.0589762
0.842031 -0.252477 0.257873
0.198362 -0.20737 -0.732846
0.359808 0.750807 -0.151704
-0.712269 0.0139087 -0.269534
0.246245 0.640228 0.476976
0.544437 0.458686 0.381341
-0.671301 -0.373241 -0.0968927
0.468142 -0.735116 -0.188617
0.212025 0.870292 0.0155181
-0.588692 -0.496193 0.325905
-0.133653 0.886322 0.0617193
-0.081687 0.0956276 -0.771582
-0.224153 0.838659 -0.334193
0.381752 -0.634774 0.442149
0.661019 0.287357 -0.520759
-0.563384 0.156461 -0.543857
0.428975 -0.703981 -0.344605
0.217284 -0.510762 0.667246
0.223717 -0.115592 0.868275
0.270795 0.823386 -0.135207
-0.315748 0.439207 -0.718783
-0.142537 0.775016 0.336552
0.324088 -0.758306 0.153236
-0.0273623 -0.797102 0.128154
0.275794 0.741476 0.257593
-0.155118 -0.776365 0.109404
-0.0543384 0.271148 0.812642
0.879672 -0.116804 -0.376686
-0.75836 0.12969 0.0935504
-0.609806 -0.324857 -0.307231
0.500146 -0.106214 -0.71083
-0.220397 -0.356348 -0.603572
0.462463 -0.53796 0.494883
-0.100851 0.526096 0.609504
0.149496 -0.293478 0.835076
-0.35571 -0.521729 -0.419116
-0.576697 0.242444 -0.529512
0.161324 0.324361 0.770177
0.121343 0.516394 0.624099
0.492035 -0.234281 0.669826
-0.665213 -0.357267 0.287585
0.0580011 -0.723153 -0.345239
-0.66391 0.333511 0.316531
-0.300494 -0.319428 0.779486
-0.65228 0.316193 0.36573
-0.550528 -0.553087 0.284841
-0.477563 0.305687 0.596861
0.835572 0.290002 -0.108732
0.324841 0.775593 -0.19365
0.733545 -0.470161 0.0976182
0.389213 -0.197215 0.766605
0.30568 -0.710969 -0.395584
0.521753 -0.676947 0.0402535
-0.472869 -0.474345 -0.379821
0.788079 -0.383689 0.178161
0.0534735 0.867922 0.1934
0.805509 0.26085 -0.330562
0.913044 -0.0158984 -0.313193
0.156732 0.277746 0.796957
-0.0629419 -0.736206 0.365489
0.333896 0.63733 0.375842
0.797532 0.18841 0.320571
-0.703984 -0.195352 -0.189992
0.251136 0.223346 -0.759477
-0.0520566 0.459322 -0.743457
0.20504 0.0784347 -0.785422
0.090301 0.0546793 -0.781836
0.867801 0.235515 -0.129844
0.30328 0.230919 -0.733597
-0.0284381 -0.00983139 0.924933
-0.700616 0.377281 -0.333155
-0.516463 0.680562 -0.0194028
-0.295998 -0.368204 0.763469
0.114422 0.830616 0.252443
0.47984 0.364229 0.544089
0.468301 -0.0845153 0.702845
-0.292763 -0.215274 0.821777
-0.750984 0.0421827 0.156722
-0.140158 0.829028 0.229733
-0.685203 -0.233798 0.431635
0.161004 0.888728 0.0298977
-0.742258 -0.0379814 0.21852
0.9254 0.153915 -0.0404465
-0.208368 -0.76874 -0.0603764
-0.0159553 0.0738244 0.901956
0.24715 0.0727154 -0.784241
-0.77384 0.273384 -0.183962
0.342851 -0.782652 -0.0139103
0.313822 -0.786861 0.0254444
-0.489572 0.704031 -0.303922
-0.595421 -0.39246 -0.285302
0.0993918 0.908217 -0.128608
0.314676 0.164888 0.784728
0.732201 -0.251881 -0.500422
0.031953 -0.632734 -0.523895
-0.57128 -0.330522 -0.368007
0.102286 0.620185 0.535966
-0.763929 0.217684 0.0353278
0.376947 -0.309267 0.740778
-0.251162 0.133282 0.816897
-0.765557 0.227512 -0.206438
-0.490207 -0.377439 -0.432797
-0.163754 0.906701 -0.199764
0.0088757 -0.19311 0.909106
0.720056 -0.498501 0.0546295
-0.312542 -0.698131 0.278593
-0.568713 -0.467129 0.47775
0.0452363 0.274256 -0.797026
-0.647993 0.420114 0.257751
0.249549 -0.742155 0.304655
0.457551 -0.549457 -0.529682
0.924578 -0.239637 -0.0370278
0.194982 0.840529 0.172707
-0.660221 0.45305 0.150959
-0.210679 0.859957 0.0847388
-0.493851 -0.22383 -0.528337
-0.499051 0.248033 -0.615909
-0.666121 -0.38733 -0.0942794
0.290266 -0.737748 0.272345
0.855456 -0.348054 -0.264558
0.0652833 -0.706013 -0.398559
-0.462079 0.444014 -0.580184
-0.445303 0.311182 -0.67586
0.5583 -0.676661 -0.271005
-0.228841 0.513651 0.573274
0.116058 0.582921 0.570123
-0.0846939 0.225586 0.827073
0.272699 0.260116 -0.738374
-0.649551 -0.157751 0.541896
-0.42993 -0.155899 0.750821
0.838506 -0.0341116 0.357695
0.296735 -0.457617 0.677466
0.0162519 0.195678 0.868386
0.864936 -0.324828 0.130727
0.544986 0.135741 0.633461
0.671642 -0.124917 0.51535
-0.187319 -0.280453 0.864797
0.391167 -0.749434 -0.230845
-0.0982753 -0.635009 -0.461458
0.88319 0.00119811 0.277795
0.899955 -0.32089 0.0397649
0.0176764 -0.564456 -0.582421
-0.0411572 -0.380855 0.832151
-0.753383 -0.0911767 0.0876902
0.695461 0.291718 0.37454
0.82094 0.324451 -0.0406348
-0.728261 -0.206836 -0.0684192
-0.0331213 0.451042 -0.748452
-0.687366 -0.0139128 -0.308755
-0.521603 0.669973 -0.322067
-0.40588 0.658913 0.344442
-0.692157 0.0553451 -0.323351
-0.0506884 0.755301 -0.504151
0.422674 0.165937 0.718712
-0.0775711 0.564122 -0.666224
0.527505 -0.407579 0.548138
0.591765 -0.533201 0.268101
-0.142493 0.790151 0.306603
-0.263472 -0.755858 0.0506588
0.694085 0.371805 0.299088
0.31316 -0.714574 -0.382535
-0.607538 0.450746 -0.422777
0.695502 0.228736 0.435218
0.764865 -0.126998 -0.504619
0.38074 0.552008 -0.508341
-0.763244 0.161641 -0.175887
0.513712 0.599098 -0.304797
0.542213 0.517943 -0.405639
0.273461 0.634212 0.468906
-0.386558 0.78323 0.11161
-0.593665 -0.139162 -0.426754
-0.338698 0.557919 -0.605641
-0.0240819 0.249062 0.836163
0.727166 -0.219571 0.432185
0.527007 0.162333 -0.642668
0.94372 -0.174763 0.0766318
-0.00245213 -0.259319 0.886999
0.235421 0.857202 0.0367698
-0.65531 -0.197377 0.510522
0.0253099 0.853238 -0.288785
0.456002 -0.704861 -0.319926
0.434491 -0.727645 -0.264973
0.194796 -0.658779 -0.490638
0.379708 0.738231 0.0527448
0.736511 -0.162914 -0.53212
0.501015 -0.688199 0.0583694
0.602909 -0.406179 -0.53052
0.551452 0.370015 -0.535828
-0.644562 0.337569 0.36395
0.176846 -0.765999 -0.246254
0.605007 0.388229 -0.47389
0.315474 -0.557945 -0.577776
-0.379116 0.50289 -0.616008
-0.0144172 0.0342666 0.914515
-0.182369 -0.148923 -0.699445
-0.619108 0.570564 -0.240365
-0.0375395 -0.03255 -0.761147
0.433158 0.666863 0.172358
-0.738321 0.0893557 -0.231721
0.830753 -0.230614 0.302638
-0.157783 0.878194 -0.264377
-0.659338 0.434923 0.186739
0.120061 -0.322863 0.832282
-0.172882 0.49498 0.60812
-0.0467954 0.796525 0.330765
-0.242002 0.170138 0.799443
0.611132 -0.625541 -0.0296306
-0.636305 -0.191516 0.546832
0.41949 -0.317118 0.705843
-0.294799 0.418456 -0.738436
-0.559996 -0.41876 -0.322442
0.581491 0.471062 -0.416524
-0.34647 -0.724032 0.146008
0.000422739 -0.726897 -0.319318
0.468752 -0.556324 0.464543
0.842431 -0.334229 0.154465
-0.249504 0.865381 0.0385142
-0.570219 0.127099 0.651056
-0.746183 -0.121679 -0.0626074
-0.100037 -0.278795 -0.678105
0.523423 0.620838 -0.0777
-0.680472 -0.0714277 0.450597
0.297793 0.785579 -0.259896
0.391549 -0.290372 0.740646
0.804634 -0.262223 -0.421461
-0.00600837 0.021486 -0.774781
-0.688405 0.157392 -0.364069
-0.529516 0.479694 -0.483605
0.644896 0.514039 0.044505
-0.763619 0.0151364 0.0798268
-0.721141 -0.171886 0.24629
-0.626725 -0.235434 0.539906
-0.46515 0.731104 -0.274985
-0.52022 -0.585274 -0.146645
-0.44695 0.00968592 0.772676
-0.574568 -0.475979 0.447347
0.908877 0.143474 -0.211543
0.933334 -0.0489092 0.184336
0.460936 0.672973 -0.0682705
-0.740106 -0.150354 0.136572
-0.525831 -0.50715 0.482312
-0.262844 0.551311 -0.654534
0.545134 -0.396789 0.534441
-0.326344 0.0744069 -0.705174
-0.443137 0.18569 0.693217
0.531559 -0.65078 0.0903415
-0.0145686 0.681461 -0.563337
-0.0558408 0.931047 -0.12213
-0.783586 0.199299 -0.0687192
-0.555513 0.369769 0.482812
0.20704 0.661236 -0.502699
0.814882 -0.448987 -0.0568201
0.806069 -0.472039 -0.186948
-0.740852 -0.15553 0.126388
0.52887 -0.469386 -0.541396
-0.0521893 0.696103 0.465335
0.868815 -0.380137 -0.171483
-0.679974 -0.375194 0.160191
-0.220019 0.475507 0.606513
0.938762 -0.114656 -0.227992
0.320425 0.0496545 -0.779802
0.789751 -0.489307 -0.182936
0.905875 -0.156378 -0.323181
-0.495482 -0.338672 0.646615
-0.431643 0.460498 -0.59828
0.606411 0.424613 0.351312
-0.0690335 -0.245052 0.891957
0.382884 0.195643 0.741942
-0.322642 0.743707 -0.439414
0.717325 -0.487493 0.0903026
-0.120511 0.673769 -0.581949
-0.17288 0.0973838 0.858959
-0.140223 0.859092 0.139216
-0.317806 -0.419485 -0.530924
-0.69645 0.423343 -0.0291378
-0.155355 -0.140771 0.904027
-0.481985 0.693498 -0.35116
0.739345 -0.172901 0.431505
-0.113675 -0.309614 -0.660592
0.85454 -0.148589 0.313728
0.689454 0.163019 0.505845
-0.0895567 0.4536 0.670709
0.0353284 -0.788919 -0.135699
0.152568 0.173421 0.834776
0.791691 0.0241601 -0.455536
0.162821 0.498039 0.625928
-0.758416 0.098804 0.102842
-0.779884 0.0515413 -0.0273368
-0.567941 0.590403 0.16746
0.0312528 0.913557 -0.144104
-0.222981 0.0142363 0.873215
-0.672226 0.448424 -0.311526
0.851873 0.282403 0.0384292
-0.321916 0.652805 -0.531152
0.149469 -0.533713 0.666709
0.79046 -0.280366 -0.423972
-0.121154 -0.160021 -0.717019
0.143452 -0.749839 -0.286521
0.579653 0.503912 0.27054
-0.211129 0.111542 -0.749258
0.11343 -0.663653 0.549287
0.0545171 -0.710452 -0.382522
-0.162349 0.31101 -0.787471
-0.288907 0.164824 -0.738226
-0.297263 -0.725238 -0.0864577
-0.534874 0.439543 0.4374
0.868 -0.251619 0.217921
-0.0595957 0.166384 -0.78588
-0.0585946 0.938343 -0.0459069
0.494286 0.470823 -0.489688
0.240014 0.84834 -0.121268
0.802159 -0.408801 -0.287757
-0.705062 0.304279 0.184545
0.43211 0.524558 0.429709
-0.495095 -0.144123 -0.57172
0.144198 -0.414174 0.767567
0.754587 0.348097 0.2355
0.688921 -0.320211 0.409637
0.0224715 -0.25587 0.888082
0.684973 -0.0383376 0.517713
-0.0621364 0.555027 0.600626
0.690913 -0.0786375 0.505374
-0.207044 -0.0377339 -0.717664
0.865824 0.255869 -0.0260482
-0.704581 -0.126134 0.362623
0.459622 -0.199536 0.708111
-0.239354 0.845044 -0.320079
-0.201734 -0.636054 0.576527
0.0327607 0.360496 -0.7745
0.640794 -0.174594 -0.615462
-0.0916829 -0.0163395 0.912543
-0.188658 -0.765236 -0.114532
0.444006 0.460753 0.494008
0.623809 -0.0460805 0.570917
0.192307 -0.59689 -0.561681
-0.28101 -0.54476 0.666625
0.944225 -0.0222224 0.156233
-0.538692 -0.607236 0.00962037
-0.333176 -0.672574 0.354248
-0.255717 -0.0776254 0.880763
0.292633 -0.17145 0.821149
0.273171 0.631177 0.473686
-0.50809 -0.637155 0.0780151
0.0541063 -0.376469 -0.692164
0.0807189 -0.0308361 0.909007
0.207901 0.0919541 -0.787747
0.0648515 0.408331 -0.758724
0.130254 -0.81472 0.0520583
0.892485 -0.23179 0.187825
0.410324 -0.740061 -0.245106
-0.0661131 0.329843 0.772195
0.828272 0.252297 -0.289366
-0.25329 -0.597352 -0.406068
0.840713 -0.0821715 -0.415476
0.441311 -0.100583 -0.728592
-0.069973 0.938567 -0.105627
-0.242768 -0.723489 -0.180873
-0.507081 0.69442 -0.290649
0.405695 -0.742611 0.0776334
-0.508241 0.278519 -0.606037
0.17377 0.864871 0.121895
0.273315 0.395713 0.675051
-0.765699 0.288201 -0.225273
-0.332194 -0.728038 0.0349858
-0.162833 -0.0303746 -0.733638
-0.158239 -0.536242 -0.543203
0.435201 0.670841 -0.269741
0.865306 -0.172298 -0.400152
0.0910925 -0.782026 -0.176678
-0.104953 0.860303 0.159456
0.056414 -0.751235 0.418927
-0.56443 0.476938 0.345472
-0.382739 -0.514086 -0.407897
0.00811846 0.00163228 0.9217
0.853041 -0.349107 -0.268044
0.196898 0.689158 0.439122
-0.673537 -0.140061 0.474044
0.297287 -0.0717197 0.835036
0.793957 -0.202908 0.364582
-0.316947 0.147958 0.783878
0.0400845 0.654161 -0.579083
0.369826 0.435075 -0.617805
-0.689299 0.431559 -0.268785
0.708964 0.45237 -0.0719586
-0.153432 -0.0872877 -0.723472
-0.747189 0.325449 -0.197728
-0.65164 0.117179 0.51071
0.708756 -0.0490136 0.493611
-0.0433057 0.746969 0.414854
0.259228 -0.730332 -0.360142
0.326448 -0.408051 -0.672691
0.380965 0.736908 -0.0894214
-0.776874 0.101587 -0.0812777
-0.176681 0.659626 -0.585719
-0.325483 -0.43731 -0.51189
0.59441 -0.633239 -0.306998
0.638257 -0.632368 -0.182692
0.189131 0.80129 0.266897
-0.64419 0.0640461 0.546896
-0.0387707 -0.126743 -0.747278
-0.374951 -0.695139 -0.0550424
-0.0976613 0.364391 0.735491
0.211532 -0.238217 -0.726487
0.913866 -0.239319 -0.187838
-0.406785 0.760609 -0.321977
0.644222 0.036623 -0.61051
0.777666 0.292487 -0.353031
0.0928922 -0.744179 -0.290833
-0.0648777 -0.481572 0.753393
-0.0524439 0.307737 -0.793492
0.695796 -0.39322 0.311982
-0.555402 -0.320654 -0.397729
-0.708071 0.402925 -0.0882145
0.56977 0.0859638 -0.639953
-0.131399 -0.446455 -0.596955
-0.0544506 0.767235 -0.490946
-0.292208 0.805044 0.175656
0.203894 -0.758564 -0.274465
-0.0932755 -0.658597 -0.427577
-0.479729 -0.171092 -0.570631
0.132504 -0.80505 0.119875
-0.777491 0.218168 -0.0348111
0.70133 0.448202 0.14547
-0.638321 0.0500707 0.564708
-0.172588 -0.718749 -0.245546
0.34915 -0.781745 -0.0224936
-0.0985569 0.604865 -0.63443
0.745531 -0.133647 -0.526723
-0.752537 -0.130827 -0.0109016
-0.643972 0.0693146 0.545338
-0.711214 0.291464 0.175553
0.407183 -0.759796 -0.00862817
0.956491 -0.139373 -0.0904615
0.494928 0.593899 0.226783
-0.344858 -0.664133 0.37425
0.257926 0.35108 -0.716914
-0.619423 -0.29683 -0.307026
0.30517 0.109795 -0.770086
0.320134 -0.668964 -0.474615
0.822737 -0.427776 -0.233459
-0.231438 0.815783 -0.369135
0.349136 -0.0348638 0.800066
0.659941 0.482975 0.147111
-0.0822896 -0.759221 0.253522
0.188164 0.275531 -0.767593
0.735057 0.401332 0.213385
-0.0925824 -0.0223924 0.914206
0.142047 -0.56487 0.640967
0.458739 0.526357 -0.467435
0.0482817 -0.220423 -0.733193
-0.243492 0.870994 0.0257432
-0.675837 -0.356127 0.230262
-0.0884285 -0.724389 -0.286376
0.187761 -0.0293355 0.874649
0.441347 0.214523 0.681662
0.768929 -0.234985 0.378646
0.669033 0.482463 -0.160875
0.70805 -0.3401 -0.467933
-0.0260507 0.82862 -0.356556
0.144455 0.825808 0.245371
-0.700602 -0.15088 0.376952
0.0527884 -0.798623 -0.10826
0.158264 0.391973 -0.749257
-0.576081 0.132728 -0.529368
-0.0167834 -0.753305 0.342567
-0.680211 -0.123787 0.451101
-0.197751 0.25821 -0.773426
0.639896 0.0737486 0.561346
-0.134083 -0.0169717 -0.745123
0.448523 -0.261738 -0.708026
0.389113 0.431354 -0.609833
-0.633692 -0.0947313 -0.375633
0.297915 0.59085 -0.530965
0.116116 0.318853 -0.778138
0.313949 0.74632 -0.313273
0.497629 -0.732731 -0.0588027
-0.305129 0.455059 -0.71422
-0.38861 0.773183 0.149545
0.597733 -0.111508 -0.674319
0.211967 0.870871 0.050919
-0.699521 -0.0475044 0.382633
-0.759132 0.0412288 0.1053
-0.00543923 -0.805656 -0.0601399
-0.0641852 0.794993 -0.441477
0.784743 0.325003 0.197447
0.763564 0.388989 -0.19865
-0.446569 -0.119195 -0.605752
-0.775568 0.183671 -0.129377
-0.338317 0.0814311 0.813138
0.289483 0.0401451 0.832865
-0.228492 0.516531 -0.683328
-0.301088 -0.702207 -0.191683
0.456761 0.438905 0.504096
-0.740507 0.0972386 0.196542
-0.261715 -0.135881 -0.67546
0.541076 -0.649914 0.0699372
-0.655268 -0.200224 -0.297201
-0.163702 -0.320126 -0.638597
-0.751068 0.0822789 -0.176559
0.0585357 -0.659256 0.577223
-0.398597 0.748278 -0.391605
0.483164 0.0881687 -0.688191
-0.599481 -0.514331 0.204393
0.813272 -0.411874 -0.266141
0.305533 -0.411472 -0.674551
-0.421896 -0.145471 0.758955
0.0114075 -0.799996 0.150496
0.696939 0.287386 -0.490563
0.329241 0.716775 0.22763
0.55649 -0.678564 -0.0476701
-0.737255 -0.049721 -0.151976
0.629857 0.0533992 -0.614046
0.574176 0.457736 -0.435074
0.550557 0.596981 -0.0324511
-0.560493 0.154238 0.642639
-0.485298 0.219501 0.649571
0.265985 -0.658496 -0.488494
-0.502327 0.226201 0.634796
0.505137 0.140819 -0.660969
0.316723 0.778592 0.123265
0.645904 0.117615 0.556867
-0.668231 -0.291966 0.409369
0.20431 -0.573792 0.616032
0.370616 0.316266 -0.67681
-0.710124 -0.314477 -0.0060461
-0.478918 0.630916 0.285976
-0.100029 0.815675 0.272973
-0.723565 0.0486873 -0.254916
0.958011 -0.136151 -0.0788221
0.202883 0.476826 0.63058
-0.126424 0.549252 0.582054
-0.672411 -0.417427 0.0138741
0.355502 0.187748 -0.723372
0.345146 0.407197 -0.651126
-0.711337 -0.165164 0.316869
-0.507325 -0.110964 0.707278
0.417539 0.462932 0.51773
0.0723075 0.793703 0.339944
-0.740822 0.20313 0.159438
-0.143651 -0.267098 0.884796
0.366892 0.539008 0.486355
0.6078 -0.608284 -0.341696
0.528434 -0.298436 -0.665518
0.446421 0.382684 -0.612031
0.748498 -0.295087 0.350355
-0.399558 0.464351 -0.627777
-0.162204 0.354569 -0.787197
0.0844797 -0.708665 -0.395138
-0.613535 -0.430097 -0.219568
0.0669793 -0.788221 0.23648
0.545802 0.564058 -0.346063
0.750279 -0.408727 -0.373331
-0.557018 -0.485938 -0.25139
-0.00143988 0.594285 -0.637564
0.50167 0.625629 0.111315
0.440882 -0.403685 0.645075
-0.357282 -0.631948 0.464292
0.638597 -0.597155 -0.294771
-0.299428 -0.51862 -0.462532
0.219094 -0.822008 -0.0487887
-0.205053 0.390274 0.678881
0.0865375 0.105431 -0.790632
0.692469 0.469039 -0.0528718
-0.450494 -0.121429 -0.602949
0.334612 -0.775483 -0.193893
-0.214729 -0.233007 -0.655631
0.35581 0.759537 -0.0195907
0.266162 -0.793962 0.0836379
0.651295 -0.481909 0.262302
0.769169 0.292555 0.266362
0.652022 0.204497 0.513447
0.0172285 0.544438 -0.67835
-0.516379 -0.162373 -0.538294
-0.177022 0.674686 0.464985
0.219742 0.327697 0.74851
0.0706239 0.896576 0.0783058
-0.232787 0.096345 -0.740454
-0.771231 0.108376 0.0205457
0.199991 -0.244475 -0.725566
-0.457256 -0.0751414 -0.609572
-0.531177 -0.489813 0.494624
-0.177621 0.857979 0.115946
0.198792 0.0989827 0.842758
0.255463 0.76568 0.239556
-0.734218 0.112927 0.223736
-0.29265 -0.727948 0.18177
-0.429407 0.727255 0.174231
0.436306 0.348264 0.591056
-0.469411 0.727681 -0.275632
-0.720371 0.378109 -0.0332369
-0.612719 0.549607 -0.34127
-0.738154 -0.0607322 -0.141737
0.941242 -0.159035 -0.162209
0.556318 -0.389349 0.526434
0.78613 0.13472 -0.447169
-0.513655 0.05348 -0.588553
0.531112 -0.359403 0.583878
0.959765 0.0689957 -0.140728
-0.415467 0.239389 0.679004
-0.469809 0.39511 -0.608996
0.412503 0.683968 0.169673
-0.203573 -0.449752 0.757149
0.0952832 0.658943 0.49807
0.633976 0.508685 -0.214976
-0.482998 -0.597275 -0.21623
-0.754253 -0.0551001 0.112643
0.0587998 0.465988 -0.733924
0.853345 -0.40637 -0.199051
0.421144 -0.120519 0.741536
0.640061 0.512442 -0.118138
-0.71939 -0.294902 0.00435581
0.724267 0.425925 -0.234226
0.850506 0.276183 -0.0496503
-0.225877 0.730391 0.374805
0.293696 0.742201 -0.339766
-0.573482 -0.484057 0.426943
-0.710976 -0.260718 0.238255
-0.33293 0.618137 -0.560058
0.353473 -0.783914 -0.0484782
-0.167628 0.848933 0.151231
-0.0624601 0.616073 -0.627335
0.796337 -0.38867 0.158852
0.242835 0.812432 0.165299
-0.31014 0.0483307 0.842667
0.435927 -0.513939 -0.566705
-0.564571 -0.259687 -0.422781
-0.357765 -0.699764 0.230606
0.345472 0.705298 -0.341876
0.0131573 0.505069 -0.710705
0.297851 0.790412 -0.249179
-0.552516 0.455615 0.391404
0.475619 -0.661233 0.195196
0.358283 -0.0816761 0.792295
0.926289 -0.235302 -0.0303948
-0.49468 0.392875 -0.584869
0.885059 -0.290374 -0.259016
-0.145307 0.866359 0.113903
-0.668749 0.474045 0.0371678
-0.708197 -0.154109 0.34702
-0.249179 -0.515426 -0.500231
0.436981 0.384637 0.564606
0.784187 0.326664 0.196387
-0.741114 0.165587 0.170507
-0.564251 -0.361914 -0.356566
0.778486 -0.000711146 -0.47327
0.116923 0.483943 -0.713865
-0.718281 0.380782 -0.212919
-0.643479 -0.332071 -0.239508
-0.119008 -0.71792 0.382757
0.561717 0.553423 -0.338647
0.886047 -0.344198 -0.123296
0.449386 0.0802552 -0.708668
0.941334 0.0239549 -0.219314
0.0651281 0.0445696 -0.780202
0.30451 -0.490983 0.649378
-0.705043 -0.213605 -0.171911
-0.38487 0.347544 0.63194
-0.304739 0.421775 0.618391
0.255052 -0.703897 -0.420911
0.370656 0.748785 0.0126928
0.34481 -0.707103 -0.390723
-0.640924 0.412204 0.289332
-0.485515 0.289577 0.602568
0.502425 -0.0570927 -0.7127
0.698552 -0.329112 0.385197
-0.225888 -0.0335835 0.881605
-0.0884335 0.752153 0.401862
0.123521 0.242127 0.822142
-0.753348 0.100009 -0.178165
0.0875853 -0.563934 -0.603097
0.49147 -0.579129 0.385167
-0.443857 0.244686 0.65948
-0.486693 0.581385 -0.449437
-0.0681248 -0.764636 0.244255
-0.627518 0.327985 0.404448
0.447734 0.120169 -0.698072
0.408748 -0.0314257 0.751321
-0.734304 -0.280727 0.0665414
0.538241 -0.706225 -0.0922547
-0.646944 -0.0651179 0.566536
0.375972 -0.0371069 0.778137
0.0270006 0.874762 -0.238437
-0.0714112 0.925663 -0.140472
-0.759511 0.0706928 -0.135858
-0.0521389 0.879598 -0.243508
-0.469857 -0.525982 -0.326842
-0.406496 0.334062 0.626343
0.249186 -0.347574 -0.701805
0.0590352 0.156939 -0.799666
-0.475058 -0.338635 -0.471698
-0.522054 -0.592317 0.226677
0.864802 0.0648293 0.305837
-0.250224 0.797532 0.228913
-0.44068 -0.663867 -0.0437584
-0.128091 0.273586 -0.788475
-0.748177 -0.187309 0.0328217
-0.531513 0.409363 0.476539
-0.103731 0.603565 -0.634889
-0.0567647 -0.720293 -0.316456
-0.622973 -0.164317 -0.36694
0.50405 0.631431 0.070874
-0.222597 0.18503 -0.75817
-0.742286 0.00508534 0.21236
0.372748 0.635231 -0.408181
-0.728242 0.361505 -0.212002
0.588474 -0.229152 0.576644
-0.517642 0.296439 0.574089
0.165284 -0.399247 0.769544
0.391585 0.551328 -0.499704
0.855823 -0.082366 -0.398672
0.213934 0.729624 0.370646
-0.770809 0.130253 0.0205606
-0.34786 0.822217 -0.151345
0.588411 0.545654 0.138725
-0.649513 0.149395 0.502863
-0.139913 -0.489375 -0.573479
0.661624 0.482788 -0.228467
-0.409317 0.204891 0.702068
-0.72085 -0.133533 0.280732
0.408038 -0.712409 0.183269
-0.355771 -0.242313 -0.600629
0.353445 0.265381 0.717603
0.442065 -0.722932 -0.273811
0.900807 -0.145097 0.238023
0.645711 0.377597 0.355774
0.0229848 0.858753 0.231107
-0.492995 -0.643161 0.115465
-0.303355 0.145366 0.790451
-0.581215 0.0914304 -0.523267
-0.442446 0.233152 -0.678301
-0.273585 -0.427722 0.754436
-0.621762 -0.228851 -0.34393
-0.184275 0.905774 -0.0509224
0.658275 0.480409 -0.265828
0.925511 -0.234677 0.0751089
0.0248356 -0.40064 -0.671789
0.794443 -0.259504 -0.433381
-0.0973579 0.178414 -0.780617
0.771092 0.227967 0.323422
0.179646 -0.793605 0.16253
-0.227182 -0.76776 0.0759415
-0.0802431 0.76835 0.374253
0.695488 -0.107827 0.495331
0.402867 0.388784 0.589551
0.280073 0.642231 -0.480449
-0.0617921 -0.652837 -0.459186
0.603921 0.228216 -0.575654
0.947366 -0.170062 -0.0567395
0.815822 0.321024 -0.110061
-0.178564 0.348673 -0.789076
-0.361062 -0.0371554 0.824705
0.0907762 0.865678 0.174683
0.217168 -0.408883 0.742209
-0.341581 -0.509675 0.657274
0.736042 0.433394 0.0071821
-0.692948 -0.314601 -0.10303
-0.530883 0.0751836 -0.57742
-0.314341 0.137926 0.790544
-0.73608 -0.20344 0.120663
-0.350387 -0.305887 0.753724
-0.158305 -0.786452 -0.0580152
0.356131 0.676429 -0.369704
-0.543161 -0.515282 0.44837
0.66172 0.481588 -0.236367
0.501024 -0.451621 0.536816
0.290995 -0.781846 0.100855
0.525868 0.59162 -0.285307
0.373324 0.058811 -0.752505
0.395672 0.704059 -0.272025
-0.727436 0.271469 -0.318516
-0.143444 -0.433209 -0.598671
0.628526 -0.36458 -0.531631
0.374565 -0.683056 0.324128
-0.0352404 0.442357 0.699098
0.369047 0.403803 -0.640385
-0.659575 -0.144349 0.522273
0.487827 -0.0461682 0.686733
-0.280057 -0.0281606 -0.696323
-0.680895 0.435488 -0.300614
-0.209074 -0.60282 0.623535
-0.625529 0.55823 -0.0455708
0.42864 0.171665 -0.692851
0.759504 0.31279 -0.368129
0.925226 -0.10643 0.19145
0.820512 0.338443 0.0395968
-0.65991 0.456716 0.146009
0.626916 0.299432 -0.538159
-0.74179 0.0988226 -0.223591
0.501633 0.103755 -0.673471
-0.524829 -0.580758 -0.148626
-0.520024 0.445834 0.453915
-0.59031 -0.236803 0.602635
0.482103 -0.733112 -0.160129
0.306495 -0.445502 -0.653641
-0.30632 0.847967 0.0470191
0.971943 -0.0613636 -0.113121
0.150618 0.105278 -0.790313
0.000800594 0.850017 -0.301317
0.427919 -0.156358 0.736137
0.442452 0.0343312 0.723512
-0.423481 0.771698 -0.19119
0.96047 0.0268988 -0.146299
-0.538957 0.414197 0.459313
0.12412 -0.179028 0.898383
-0.74823 -0.0309055 0.179447
0.782101 0.324916 -0.30005
-0.0356647 0.209771 0.852041
-0.681157 0.000878035 -0.324776
-0.00392667 0.844851 -0.314291
-0.370745 0.334664 0.650694
0.144746 0.140779 0.846883
0.111954 -0.0731665 -0.759625
-0.102229 0.525957 0.609118
-0.206902 -0.772021 -0.0402962
0.524758 0.112523 0.653952
-0.260859 0.765072 0.282222
0.0180289 0.856972 0.235726
-0.0904142 0.0445081 -0.762571
0.136229 -0.581583 -0.581176
0.267669 -0.746219 0.269572
-0.352585 0.746336 -0.423934
0.210598 0.171348 0.817001
-0.370896 0.625444 0.414
-0.488378 0.701101 0.017141
0.517442 0.215319 0.618245
-0.0380406 -0.67449 0.537843
-0.780001 0.222061 -0.118132
-0.254651 0.382771 -0.762218
-0.298389 -0.68477 -0.236485
-0.0928713 -0.655704 -0.432457
0.0989352 0.496138 -0.706826
-0.378972 0.157932 -0.707563
0.0712491 0.486829 -0.717214
-0.271137 0.84085 -0.319165
0.0850105 0.773512 0.369854
0.906251 -0.145712 -0.322836
0.183692 0.500977 -0.672653
-0.647894 -0.116723 -0.342847
0.0918198 0.406853 -0.757638
-0.443172 0.750042 -0.00124372
0.98329 -0.0621494 -0.0656149
0.969549 -0.00937174 0.00400175
0.700208 -0.557112 -0.0534468
-0.729122 0.0926329 0.25661
-0.193494 0.191399 0.805603
0.722594 -0.564476 -0.126256
0.357926 -0.0792324 -0.753444
-0.257652 -0.707165 0.295204
-0.725637 -0.258144 0.143416
0.542616 0.603676 -0.00699961
0.903413 -0.235919 0.147242
0.686806 0.465082 -0.173783
0.317663 -0.80184 -0.0926892
0.220461 -0.378901 0.760054
0.397533 -0.718863 0.18465
-0.493163 0.725293 -0.188684
0.30134 -0.104893 -0.750155
-0.203252 -0.644009 0.563244
0.674051 -0.399643 0.338264
0.496958 0.469865 -0.488353
0.619563 -0.435062 0.379827
0.543438 0.581848 -0.250017
-0.665051 0.466161 0.105479
0.373665 0.710895 0.1736
-0.692901 -0.244901 -0.184359
-0.113716 -0.303427 0.868582
0.633158 -0.0215124 0.563663
0.824819 0.259204 0.190202
0.943009 0.059787 0.050703
0.121658 0.140103 0.853519
0.686287 0.0190585 -0.571996
0.954617 -0.148657 -0.0562944
0.372744 0.737976 -0.172779
-0.460957 -0.555103 0.50235
-0.0944208 0.408951 0.703418
0.783259 0.0863786 0.424042
-0.486397 0.569099 -0.459202
-0.680345 0.112779 -0.363544
0.0392057 -0.793316 0.200203
0.737465 -0.390029 0.250159
-0.255461 0.66418 0.438831
-0.589405 0.629583 -0.226664
0.528889 -0.487657 0.454328
0.186937 -0.540969 0.650022
-0.109547 -0.7863 0.10366
0.249527 -0.162736 0.843744
0.451499 -0.567052 -0.520605
0.442239 -0.752702 -0.0419279
-0.512601 -0.242751 0.67147
0.602147 -0.387754 0.460513
0.962258 0.019943 0.01426
0.296314 0.0976015 0.813303
0.313422 -0.789712 -0.165854
-0.529452 -0.619548 0.0505445
-0.716186 -0.171913 0.279061
0.390794 -0.685559 0.298807
-0.206344 -0.271963 0.856256
0.628455 -0.319639 0.493827
-0.694179 0.42608 0.0283477
0.723799 0.439752 -0.0578431
0.235711 0.233121 0.788037
-0.570369 -0.0565459 -0.498191
0.363177 0.362876 -0.665756
0.39047 -0.6862 0.297513
0.398202 0.439701 0.557113
0.0603287 -0.0692368 0.919811
-0.300567 -0.603426 -0.361019
0.0710972 -0.790253 0.222319
-0.147 0.746325 -0.498424
-0.146626 -0.653713 0.555757
0.442422 0.388675 -0.609768
0.579601 0.518477 0.249205
-0.300247 0.700126 0.36687
0.883251 -0.170566 -0.377964
0.885668 -0.0567973 0.270602
0.146176 -0.67544 -0.472081
-0.719803 0.378267 0.000496942
-0.35889 0.814551 0.0940444
0.187547 -0.460415 0.716397
-0.39165 -0.691548 0.223109
0.442162 0.30541 0.61678
0.301063 0.697152 -0.391315
-0.42477 0.231763 -0.69336
0.545308 0.424052 0.429749
-0.413115 0.515572 0.485321
-0.136341 0.880677 0.0768864
-0.700069 -0.366231 0.0658767
0.190292 -0.602199 0.594539
-0.0133453 0.103403 -0.785294
0.600815 -0.611012 0.0360103
-0.730938 -0.0330209 -0.187279
-0.647797 -0.378498 -0.201226
-0.656142 -0.183792 0.516382
0.0972992 0.587993 -0.628413
-0.479731 0.240065 -0.637178
0.0869844 -0.658857 0.566583
0.592613 0.0548306 0.600677
0.894426 -0.247251 -0.277997
-0.72194 0.121747 0.284134
0.12047 0.888443 0.0742243
-0.0745416 0.709156 -0.547973
-0.455864 0.724999 0.0588656
-0.305079 0.00455251 -0.695835
0.589377 -0.326392 -0.595225
-0.244531 0.887129 -0.120745
-0.414349 0.0675541 0.776698
-0.528466 -0.242728 -0.478339
0.118111 0.0266841 -0.776867
0.228492 -0.510825 0.662985
0.530905 -0.559717 0.342725
-0.1577 0.706938 0.44271
0.592397 -0.407729 0.452038
-0.278955 0.18965 0.774508
-0.645215 0.480431 0.173315
-0.49711 -0.278785 0.671948
-0.359216 0.425862 -0.693085
-0.468204 -0.623182 0.297678
0.385668 0.59758 0.377926
0.0874218 -0.573926 0.647795
0.387492 0.0515319 0.768374
0.589939 0.562638 -0.0661652
-0.735145 -0.0870289 0.225552
0.602361 0.217091 -0.580162
-0.690109 0.26572 0.298475
-0.341742 0.832978 0.0587214
-0.603761 0.603057 -0.210099
-0.312966 -0.348983 -0.573938
0.0514228 -0.571834 0.659479
0.571211 0.538988 0.2161
0.74887 0.243928 0.34186
0.943128 0.0132632 -0.21387
-0.608801 0.593266 -0.210404
-0.650692 0.512854 -0.193059
-0.0450562 0.470541 -0.737201
-0.167313 -0.0366873 0.897702
0.747955 0.251985 -0.473952
0.477593 -0.44794 0.575672
0.0547831 -0.537227 -0.621173
0.447902 -0.0508191 0.719389
-0.45441 0.6783 -0.407431
0.249042 -0.230929 0.825046
0.0392568 0.781445 0.371464
0.622814 -0.445963 -0.485118
-0.487898 -0.618573 -0.126097
-0.17384 0.25278 0.778187
-0.00427471 -0.125607 -0.751084
0.799101 0.352703 0.116617
0.897025 -0.165626 -0.34441
-0.438775 -0.659496 0.241389
-0.0559084 -0.0836486 -0.750364
0.409799 -0.676182 -0.448424
0.00931117 -0.024755 -0.768466
0.276356 -0.516784 -0.615904
0.902833 0.112598 0.159093
-0.620715 0.532855 0.151186
0.500954 -0.288254 -0.6806
0.293619 0.746612 -0.334153
-0.649325 0.00395038 0.558835
0.698322 -0.416831 -0.428414
0.0536883 -0.783813 0.267098
-0.0763743 -0.773606 -0.150432
-0.0462576 -0.75195 0.319614
0.588174 -0.662946 -0.0797749
0.0396027 -0.796132 0.180474
-0.707048 -0.0770932 -0.249382
-0.509346 -0.605879 0.219124
0.309718 -0.00968665 -0.768507
0.276617 -0.741447 0.27703
0.745244 -0.532259 -0.190177
-0.334981 0.161417 -0.722568
0.359712 -0.418368 0.677981
0.970156 -0.0367007 0.0329739
-0.496879 -0.19227 0.695138
-0.376383 -0.587273 0.560126
0.542559 0.223112 0.592053
-0.170869 -0.77401 0.104192
0.906075 -0.289115 0.0833304
-0.6572 -0.0166278 0.531457
0.682338 0.364911 -0.430398
-0.199993 -0.671615 0.480908
-0.036814 0.638684 -0.603989
-0.599881 -0.069816 -0.443045
0.51915 -0.520626 -0.509699
0.4905 -0.576589 0.394211
-0.443983 0.7025 0.222636
0.276542 -0.816957 -0.106265
-0.700715 -0.243283 0.320939
0.17458 0.798308 0.29435
-0.473668 -0.425455 0.608632
0.461335 0.205326 0.671574
0.898979 -0.203521 -0.313546
-0.543552 -0.538143 0.377321
0.0494379 -0.803984 -0.0883431
-0.178939 -0.723469 0.306369
-0.193793 -0.774619 -0.0644026
-0.0524583 -0.769703 0.237935
-0.513974 -0.279093 0.660754
0.487903 -0.714334 -0.264012
0.646051 -0.220666 0.519395
-0.0140854 0.00618051 -0.771076
-0.695808 -0.11619 0.395263
0.887 -0.350761 0.000847677
-0.586575 -0.534771 0.170227
0.218649 0.189656 -0.7784
0.936772 0.0338223 0.116661
-0.279113 -0.663969 0.437394
0.396104 -0.741796 0.0994723
0.294432 0.418376 0.649042
0.735858 -0.54147 -0.0968682
-0.181606 -0.324403 -0.630513
-0.611533 0.487651 -0.391094
-0.132883 0.832289 -0.36612
-0.0163739 0.660924 0.501394
-0.257693 -0.28291 0.820147
0.698183 0.438897 0.19753
0.320199 0.612617 -0.483391
0.186364 0.831572 0.202273
-0.687811 0.035511 0.426045
-0.359682 -0.163576 -0.629174
-0.587092 -0.021177 -0.483758
0.0546566 -0.315111 -0.715312
0.41812 -0.220873 -0.720369
0.344195 -0.134125 0.800176
-0.118837 -0.469135 -0.590979
0.0541539 -0.749479 -0.265183
-0.339706 0.406515 -0.724524
0.0801713 -0.758551 0.413369
0.321878 -0.620818 -0.526746
-0.372654 0.689966 0.325661
-0.751778 0.140981 -0.209179
0.482298 0.639383 0.123042
0.687783 -0.368403 0.355842
0.609973 0.441972 0.321831
-0.283853 0.699602 0.380233
-0.196074 0.435518 -0.740473
-0.779832 0.198391 -0.10791
-0.162406 -0.327184 0.844219
0.0517202 -0.111966 -0.753188
0.669411 -0.422377 0.317016
0.228875 0.85558 -0.170612
0.326935 -0.792465 -0.0463533
-0.369103 -0.719581 0.0877393
-0.224582 0.846078 -0.321996
0.837997 -0.250279 0.267009
-0.545106 0.3986 -0.528175
0.462263 -0.749432 -0.0817668
0.694462 0.166072 -0.538674
0.410341 -0.701169 0.212684
-0.0612473 -0.206651 -0.721526
0.837341 0.237695 -0.287711
-0.596742 0.607186 -0.0525546
-0.304143 0.243107 -0.750153
-0.591052 0.468974 0.304415
0.407835 0.0605183 0.751708
0.794631 0.347793 -0.150751
0.580476 0.100806 0.61042
0.631755 0.29521 0.453182
0.26079 0.235701 -0.751299
-0.325974 -0.710692 -0.0981646
-0.645638 0.124828 -0.429375
-0.614238 -0.374718 0.48672
-0.274765 -0.737201 -0.0735534
-0.507563 -0.128257 0.702924
-0.38223 -0.69842 -0.0107159
0.694333 0.464689 0.0996378
-0.495769 0.597989 0.302228
0.817841 -0.102244 -0.443208
-0.637635 -0.427809 0.277192
-0.518092 0.337453 -0.591346
0.448139 -0.604427 0.420987
-0.484501 -0.409303 -0.417527
0.712858 0.0293859 0.495868
-0.0996426 0.921368 -0.156266
0.145556 0.807327 0.293878
0.0967445 -0.335392 -0.710519
0.789313 -0.270621 -0.43137
0.0505413 -0.699572 0.509881
0.386227 -0.221074 0.764034
-0.593953 -0.260514 0.583529
0.599011 -0.661027 -0.125595
-0.695139 -0.20429 0.390893
0.0816165 -0.122403 0.917002
-0.639243 0.531687 -0.239933
0.105684 -0.0128245 0.89821
0.330097 0.19834 -0.731566
0.566826 -0.674506 -0.263291
-0.691008 0.291938 0.260063
-0.445314 0.391118 -0.637404
-0.712661 0.151377 0.322089
0.220923 0.860669 -0.208231
0.822787 -0.270752 0.265302
0.660256 0.390789 0.32433
-0.119247 0.465749 0.650453
0.365238 0.748598 -0.110174
0.615236 -0.164108 -0.642772
-0.122772 -0.711066 -0.298893
0.591306 -0.487999 -0.484398
0.139015 0.259574 0.811182
0.325949 -0.49287 -0.619499
0.885446 -0.285409 -0.263483
0.0783216 -0.816184 0.0407349
0.258662 0.567742 -0.582458
0.477579 0.0154741 -0.710464
0.553419 -0.299209 0.589211
-0.212097 0.825048 -0.359317
-0.0282238 -0.637935 0.597087
-0.0596933 -0.098304 0.934082
0.570006 0.137446 -0.624596
-0.552575 0.470451 0.374692
-0.0481809 0.225885 0.839851
0.153174 -0.542793 -0.62072
0.216677 -0.58208 -0.577447
0.323577 -0.785223 0.013828
-0.641875 0.0667995 0.550752
-0.300891 -0.732815 0.153002
0.655795 0.352101 0.367378
0.678662 -0.0444021 -0.588607
0.317485 0.288578 -0.709356
0.06642 -0.754084 0.417441
-0.635298 0.520568 0.140405
0.15231 -0.808671 0.0949057
-0.194477 0.456618 -0.727325
0.359283 0.586558 0.433194
0.049571 0.00880946 0.908216
-0.107322 0.785523 -0.448739
0.663614 0.473137 -0.284496
0.555642 -0.020826 -0.67886
0.221001 -0.169132 -0.739715
-0.00382265 -0.411377 -0.657209
-0.680642 -0.378504 -0.0292771
0.787382 -0.0996924 -0.476339
-0.622618 0.332072 -0.473178
-0.208865 -0.758896 0.13156
-0.0544617 0.81375 -0.396906
-0.745576 -0.0252053 0.198045
0.724774 0.433214 -0.132093
-0.12511 -0.750768 0.247808
0.038523 0.640736 0.521056
-0.0116041 0.70006 -0.546645
0.293841 -0.459383 -0.647572
0.738925 0.424573 -0.073939
0.0204408 0.884328 -0.217567
0.353353 -0.399295 -0.672951
-0.186107 0.32504 0.732619
-0.015559 0.449477 0.700576
0.45319 -0.679781 0.192106
0.465172 0.172336 -0.674251
-0.692859 0.237517 -0.38286
-0.365939 0.813865 0.0635617
0.379148 0.0620628 -0.748722
0.0894351 0.788088 0.345995
-0.147797 -0.715211 -0.271735
-0.129022 0.745137 -0.505043
0.983222 -0.0372578 -0.0476962
0.839393 0.270576 -0.189361
0.440756 0.0124904 0.724983
0.472401 0.545938 0.347053
0.723583 0.244898 0.378795
-0.0331283 -0.54237 0.69712
0.803423 0.333264 -0.154492
0.929168 -0.225155 -0.045294
-0.386046 0.480352 -0.627945
0.491998 -0.384747 -0.626868
-0.432119 0.295579 -0.69028
-0.417158 0.153211 0.726688
-0.281217 -0.425948 0.75038
-0.682615 0.392436 0.152084
0.28267 0.812692 -0.168066
0.164513 0.757009 -0.413017
-0.670773 -0.428693 0.0837209
-0.447465 0.72374 0.105417
0.286888 0.576106 0.518327
0.219995 -0.362824 -0.697357
0.43077 -0.600176 0.470439
0.517691 0.62335 0.0252631
0.477084 -0.20965 0.689129
-0.59897 0.423078 -0.452511
-0.672846 0.468962 -0.211898
0.33523 -0.740423 -0.301598
0.414266 -0.0914812 -0.737453
-0.32819 -0.158431 0.818629
0.451608 -0.659613 -0.438661
-0.302754 -0.123099 -0.665352
0.253816 0.411202 0.668509
0.577928 -0.564366 -0.436396
0.437052 0.246587 0.662815
-0.638346 0.0394848 0.568717
-0.618251 0.4479 -0.413394
0.0882478 0.5588 0.598158
-0.374654 0.402747 -0.698395
-0.351503 0.393903 -0.724612
-0.486352 0.649561 -0.397254
0.307737 0.794982 -0.104985
-0.64941 0.44419 0.216982
0.297286 0.803198 -0.108048
0.552938 -0.0854401 -0.693785
-0.478733 0.597179 -0.445322
0.795955 0.0683894 -0.445113
0.232723 0.699182 -0.440914
-0.303583 0.335602 -0.763392
-0.200236 -0.67283 0.476308
0.20099 0.00642539 0.865957
-0.400827 0.492267 -0.604983
-0.24424 -0.198254 -0.658093
0.481267 -0.0847211 0.692247
-0.34409 0.700125 0.333134
0.135143 -0.769785 0.341266
0.295925 -0.471232 0.667502
0.0757685 0.863879 0.189412
0.329278 0.781315 0.000538442
-0.763639 -0.0424053 0.0525971
-0.148808 -0.200788 0.89868
0.163129 0.799562 0.302933
-0.269007 -0.500979 -0.498658
0.180623 0.461989 0.650044
-0.385428 0.0116083 0.810543
0.561424 0.586788 0.0185291
-0.527695 -0.485116 0.503284
0.401418 -0.0214752 -0.748678
-0.582813 0.230882 0.564833
-0.471523 0.433787 -0.578207
-0.537736 0.632101 0.112686
0.386286 -0.137461 -0.73907
-0.67023 0.0612036 -0.364356
0.289033 -0.00475142 0.839248
-0.229928 0.573177 0.525964
-0.378521 0.463258 -0.647638
-0.649051 -0.309063 0.461325
0.879882 0.158106 -0.283961
-0.173978 -0.357941 -0.619305
-0.470793 0.188129 -0.646575
-0.409256 -0.495357 0.610575
-0.564164 -0.522845 0.344713
-0.695776 0.427198 -0.123667
0.931794 -0.0635651 0.186301
-0.38758 -0.70731 0.0632479
-0.707125 0.0532314 -0.294004
0.743314 0.222832 0.369751
0.202615 0.310827 0.763663
0.252689 -0.815962 -0.115296
-0.202483 0.783191 -0.426959
0.734263 0.410619 0.187258
-0.60985 -0.495054 0.21463
0.0538278 -0.707572 -0.390999
0.619017 0.486079 0.245998
0.72548 -0.208639 0.436921
0.35054 0.541771 0.499499
0.0852574 -0.820848 0.0081864
-0.599631 -0.178429 -0.401327
0.887326 0.158953 -0.261244
0.65524 -0.618615 -0.116745
-0.386412 -0.371305 -0.524055
0.575932 -0.640255 0.0134539
0.51762 0.217995 -0.631766
0.476577 0.456925 -0.517459
0.581078 0.389697 -0.492621
0.0569921 0.903984 -0.162765
0.284984 -0.792766 -0.175671
0.379822 -0.478987 0.630118
-0.704871 0.125287 0.365638
0.902411 -0.250999 -0.246018
-0.370923 0.471092 0.544634
-0.0999472 -0.686833 0.508355
0.896552 0.0380395 0.245275
0.709549 0.0972966 0.501312
0.0718341 0.338961 0.787005
-0.142418 0.624476 0.517008
0.784421 0.36743 0.133314
0.105002 0.651634 -0.567083
0.730959 -0.123782 -0.541451
0.792318 0.345428 -0.187045
0.696882 0.461349 -0.100515
-0.716864 0.116419 -0.292593
0.57367 -0.679956 -0.117134
0.755313 0.27034 -0.43376
0.508424 -0.479061 0.494433
-0.512755 0.652206 0.135596
-0.026448 -0.725027 -0.314311
0.105538 0.900716 0.0392416
-0.0402553 0.302488 -0.794002
0.183571 0.268216 0.791492
0.46927 -0.606335 0.364899
0.391253 -0.0395907 -0.749708
-0.658913 0.124515 0.492465
0.215626 0.519915 -0.641817
-0.460237 0.39705 -0.617472
-0.0368003 0.223734 0.844671
0.470381 0.666087 -0.0532529
0.180058 0.880106 -0.0855771
-0.772341 0.00913115 0.0253989
-0.358522 -0.091627 0.816315
0.96466 0.00886968 -0.133963
0.676713 0.478653 -0.117715
-0.640385 -0.443172 0.224099
0.346674 0.500234 0.54765
-0.397882 -0.704417 0.0778474
0.541063 0.54059 0.264001
0.777231 0.373112 -0.164048
-0.163694 0.589074 -0.639497
0.678616 0.478982 -0.0902755
-0.148455 -0.788687 -0.0494113
0.527539 0.264038 0.575876
-0.229397 0.893366 -0.168388
0.101682 -0.19127 -0.737869
-0.401335 -0.575385 -0.322058
0.911381 -0.0539931 0.223983
0.438068 0.0612459 0.72699
0.421729 0.706199 -0.0432759
-0.438323 0.666097 -0.433111
-0.52681 -0.445951 -0.354422
-0.368434 0.814171 0.0139319
-0.0782287 0.608072 -0.633562
0.380369 -0.586457 -0.538052
-0.711393 0.0934726 -0.297372
-0.356163 -0.559349 0.606601
0.966979 0.0830532 -0.103158
-0.236455 0.891793 -0.0935782
0.477425 -0.315022 -0.683654
-0.562783 -0.247471 -0.431296
0.214625 -0.703226 0.440691
0.966939 -0.1137 -0.0426009
-0.453935 0.743875 -0.023531
-0.0588458 0.472247 0.667058
-0.242433 0.87816 -0.265352
0.48816 0.538932 -0.430965
0.730275 0.08781 -0.51475
0.0761842 0.580257 -0.638304
0.585972 0.545501 -0.249163
-0.541171 0.656093 -0.313607
0.886984 -0.0753403 0.267149
0.948516 0.0644319 0.0181439
0.678922 -0.00886473 -0.58371
0.098089 -0.28117 -0.721036
-0.553936 0.567047 0.232921
0.645248 -0.32881 0.464343
0.500511 -0.562499 -0.491173
-0.295748 -0.236168 -0.624868
-0.137441 0.824079 0.241438
-0.644803 0.129004 0.520677
0.0122734 -0.694583 -0.41959
0.787529 -0.491234 -0.138864
0.0440526 -0.406795 -0.67602
-0.464777 0.312809 -0.654363
0.0933869 0.699966 0.457481
0.375004 0.559268 0.452539
0.372281 -0.53654 0.584915
0.0908864 0.487004 0.657901
0.819877 0.0445348 0.39436
-0.0796598 0.523891 0.618865
-0.42831 -0.580077 0.506127
-0.359146 -0.62912 -0.278464
-0.380479 -0.647812 0.3767
0.189486 -0.390273 0.765413
0.197053 0.121069 -0.789904
-0.134706 0.664278 0.486456
-0.465493 0.289388 -0.653358
-0.537594 0.691359 -0.178905
-0.0185951 0.681513 -0.563888
-0.0724947 -0.51159 -0.588396
0.0950317 0.559771 0.59577
-0.0865029 -0.0926912 0.926511
0.826475 0.203189 0.253029
0.561058 -0.638846 -0.343413
-0.0473036 0.0378532 -0.769546
-0.630308 0.432849 -0.411628
-0.578268 0.334448 -0.523912
-0.697795 -0.195389 -0.21088
-0.512654 0.658119 0.108033
0.0972708 0.522716 0.626111
-0.63728 0.266464 -0.461426
-0.044394 0.439041 0.698387
0.180063 -0.812102 0.0540491
0.69187 -0.590558 -0.164025
0.772969 -0.510526 -0.163663
0.13036 0.853843 0.180012
0.0964267 -0.481467 0.727738
0.416882 -0.416594 -0.644128
0.412728 -0.182638 0.748659
0.485516 0.585224 0.257935
-0.123636 -0.126422 0.914879
0.311151 -0.29742 -0.712349
-0.0625584 0.901263 -0.195329
0.964851 0.0183116 7.48425e-05
-0.0287244 -0.10465 0.935611
0.0537859 0.890799 -0.195664
0.0334375 0.430289 0.722506
0.566901 0.583106 -0.0717389
0.444093 -0.734926 -0.234075
-0.381562 0.131806 -0.700668
-0.752171 0.309817 -0.0288832
0.570384 -0.116048 -0.683889
-0.00473593 -0.662142 -0.482736
0.551042 0.27899 0.546018
-0.741868 0.249576 0.101714
0.478626 0.655998 0.031428
-0.714046 -0.149451 0.312262
-0.629301 0.0950454 0.566591
0.0493374 0.180706 -0.801206
-0.289275 -0.158804 0.842769
0.897571 0.0907359 0.195238
-0.235679 -0.300684 0.826964
-0.335004 -0.708867 -0.083642
-0.351789 0.505752 -0.636506
0.873845 0.235266 -0.0737384
-0.314654 0.849892 -0.000186246
0.00959592 0.631549 0.531396
-0.0597928 0.847151 0.226669
-0.176828 0.878416 0.053432
-0.598935 0.239697 0.530271
0.624976 0.258128 0.496317
-0.377497 -0.707212 0.184208
0.0256883 0.734072 0.429446
0.139467 0.372686 -0.759377
0.356329 -0.515302 -0.594626
0.494995 0.474161 -0.485975
0.750966 0.408235 -0.142768
0.853585 -0.036382 -0.394951
0.167758 -0.709518 0.462129
0.923411 -0.246083 -0.00966553
-0.336811 0.584931 0.465305
0.520395 0.0180924 -0.687408
0.451579 -0.596723 0.433514
-0.188816 -0.0630762 0.896231
-0.115231 -0.689734 -0.353554
-0.0875921 -0.542589 -0.564908
0.479632 0.607062 0.223244
0.0716598 -0.729537 -0.329488
0.102493 -0.78086 -0.183044
-0.573383 -0.0751935 -0.486061
0.905182 -0.294003 -0.0646388
0.103309 0.591611 0.564263
-0.0458119 -0.0295817 -0.760054
-0.230311 0.628542 -0.594363
0.0448195 -0.815481 -0.0294926
-0.415325 0.0875559 -0.671216
-0.0861776 0.637225 0.520098
-0.120636 -0.76348 0.198007
0.550254 0.251267 0.566031
-0.486945 -0.0240099 0.7424
0.863631 0.141582 -0.338037
0.0546201 0.870069 0.18679
0.173115 -0.713268 -0.401717
-0.119157 0.851835 -0.319131
0.779907 -0.049783 0.420615
0.260202 0.82974 -0.191219
-0.479486 -0.618707 0.277379
0.189793 -0.66824 -0.479964
-0.589145 -0.282417 -0.372117
-0.422162 0.515971 -0.565132
-0.517938 -0.592149 0.245499
0.638824 0.514274 -0.10904
0.48344 0.638828 -0.20844
-0.736335 -0.261241 0.0512758
0.0507338 -0.142949 -0.747709
-0.262714 0.686998 0.4145
-0.177004 -0.701428 -0.283132
-0.0178024 0.679394 0.482936
-0.566174 -0.110891 0.663447
0.182267 0.611537 0.525662
-0.772853 0.0392845 0.0186624
-0.568121 -0.551563 0.206743
-0.479572 -0.387679 0.632786
-0.596795 -0.241429 -0.381726
0.598137 -0.619953 -0.332163
0.344292 -0.592302 0.548635
0.228865 -0.801605 0.0720781
0.194158 0.876003 -0.026646
-0.717674 0.248283 0.205361
-0.779203 0.266685 -0.129432
0.407408 -0.395719 0.670366
-0.578247 0.44674 0.360521
0.404942 -0.768727 -0.105425
-0.638499 0.19743 0.489493
-0.484252 -0.551228 0.481235
0.499982 0.614396 -0.27978
-0.0545207 0.472402 0.668491
0.176946 0.577511 0.555557
-0.389486 -0.630741 -0.252907
-0.371908 0.261657 -0.7339
0.709107 -0.176762 -0.552078
-0.634054 -0.444251 0.255954
0.0695205 0.0629067 -0.783354
0.805158 0.32545 -0.185034
0.728101 0.152672 0.457623
-0.722125 0.104702 -0.27727
0.507718 -0.486103 -0.543452
0.435119 -0.114678 -0.728893
0.057091 0.838972 0.259234
-0.333134 0.803361 0.142258
-0.445515 -0.149698 0.741371
-0.302128 0.753859 -0.437782
0.294132 0.800001 -0.205024
-0.687792 0.417259 -0.307752
0.37714 0.623667 -0.419221
-0.766672 -0.039699 -0.0365637
-0.412727 0.767674 0.0608906
0.354445 0.0883354 -0.753649
0.319385 0.71364 0.248443
-0.107769 -0.128039 -0.728756
0.100947 -0.768114 0.378094
0.365557 0.674747 -0.363601
0.744391 0.410262 -0.195977
0.537195 0.567297 0.21538
-0.224979 0.511035 0.576725
-0.37051 -0.601493 0.536265
-0.474312 0.522101 -0.507642
-0.12635 0.627637 -0.615133
-0.589697 0.449824 0.335395
0.185547 0.273068 -0.768888
-0.650177 0.0988343 -0.412623
-0.279125 -0.72511 0.207043
-0.175521 -0.78279 -0.0261195
-0.637116 0.358154 0.361734
-0.1 0.797651 -0.431305
0.370252 -0.124073 0.782437
0.969564 0.049241 -0.0663286
-0.708204 0.365944 -0.323627
-0.0475718 0.797955 0.327973
0.785052 0.387355 -0.00354244
0.116499 0.902853 -0.0816269
-0.740645 -0.0842624 0.190278
-0.569353 0.606216 0.0851675
-0.257766 -0.756422 0.00759546
0.147742 0.836577 -0.298824
-0.118892 0.0729507 0.878791
-0.0857938 -0.620602 -0.487297
-0.539822 0.315252 0.54196
0.955087 -0.00657925 -0.172148
0.125833 -0.622099 0.594386
0.413719 -0.677851 0.276501
0.831172 0.259039 -0.27379
-0.548901 -0.348754 0.593323
0.17541 -0.803694 0.107322
-0.594108 -0.472043 0.379837
-0.204826 0.495456 -0.700299
0.612173 -0.389759 -0.531805
0.531748 0.227313 -0.620657
0.805199 0.149928 -0.423806
0.466785 -0.0548235 0.703968
0.822526 0.324789 -0.0234788
-0.57397 0.133456 0.646238
-0.549815 0.63013 -0.348009
-0.516796 -0.562806 -0.221237
0.215741 0.0614933 0.847878
-0.314064 -0.660195 0.418057
-0.10822 -0.794625 -0.0573231
-0.0357349 0.723537 0.438428
0.538136 -0.113702 -0.69616
0.280659 -0.799219 0.0160597
-0.449679 -0.233459 -0.561991
0.141456 0.656834 0.496179
-0.355182 -0.195962 0.789293
0.574985 0.199625 -0.60285
-0.278271 0.222621 0.756075
-0.737997 -0.127073 -0.0950669
-0.620253 0.567686 -0.025531
-0.481626 0.719742 -0.0406846
-0.0243216 0.862272 -0.278027
-0.206688 -0.596398 0.632261
0.42465 -0.16719 0.738852
0.243732 0.695921 0.392722
-0.0716473 -0.624369 0.610204
-0.654085 -0.275332 0.470699
-0.0128504 -0.587603 -0.549846
-0.188851 0.160787 -0.761216
-0.649434 -0.307359 -0.24315
-0.272684 0.81471 0.173364
0.634859 -0.0215112 0.562175
0.332799 0.7222 0.211581
0.378203 -0.634642 0.44631
-0.242786 0.290377 0.730988
0.0195975 -0.490493 0.738554
0.283549 -0.0966124 0.843676
-0.469242 -0.0450177 -0.609452
0.668294 0.263755 0.436476
-0.516901 -0.551199 0.439935
0.662893 -0.613368 -0.150794
-0.682625 0.450218 -0.207328
-0.697828 0.124937 0.391706
0.48163 0.57249 0.288089
-0.515736 -0.512965 0.487148
-0.283256 0.551585 0.520262
0.265113 0.67852 -0.445894
0.246735 -0.278809 0.805122
-0.265989 -0.751478 -0.00489207
-0.708475 0.40051 -0.0277669
0.531387 0.399149 0.46993
-0.712734 0.357486 0.0722792
-0.16008 0.589273 0.538403
-0.519916 -0.362258 0.614532
0.457235 -0.351145 -0.669279
-0.589921 -0.470581 0.403166
-0.321347 0.151781 -0.724733
0.183869 -0.496713 -0.64557
0.00967531 0.194019 -0.801652
-0.655326 -0.122783 0.537125
-0.313952 0.765838 -0.416429
0.835403 -0.433964 -0.133686
-0.339738 0.441704 -0.696853
0.002483 -0.785488 -0.136425
-0.268172 -0.153459 -0.666413
0.23332 0.547191 0.562212
0.505548 0.615786 -0.237808
-0.43003 0.0536133 0.771373
0.124729 -0.131999 0.90421
0.626405 0.032413 -0.622291
0.284603 0.546475 0.544495
-0.0153142 0.650493 0.511824
-0.463043 0.683359 0.223183
-0.198845 0.403618 0.670793
0.245826 -0.808997 0.00633998
0.557497 0.141862 0.622654
0.690104 0.0351965 -0.565709
-0.200748 -0.156648 0.889057
0.670981 0.340786 0.358739
0.617674 0.49187 -0.361192
-0.110173 0.898785 0.0401115
0.335076 0.107184 0.797275
-0.706497 0.160191 -0.329356
0.761133 0.269857 -0.420979
-0.201982 0.341749 0.716101
0.299176 0.67997 0.34362
-0.511345 0.597657 0.27161
0.143509 -0.471168 -0.661639
0.548578 0.137529 0.630351
-0.18831 0.543309 0.564477
-0.577707 0.0917292 0.65329
0.260129 -0.508393 0.652928
0.694391 -0.428867 -0.424616
-0.715498 -0.139141 0.311398
0.0900194 0.0223696 0.893335
0.587617 0.382325 -0.493992
-0.699945 0.119851 0.383786
-0.0731044 0.922903 -0.00736798
0.752399 -0.451162 0.10308
-0.549752 -0.461589 0.503549
0.257809 0.805833 0.156266
-0.706479 -0.351027 0.0607784
0.450634 -0.751842 -0.0553833
-0.290584 -0.281577 -0.609466
0.249767 -0.696001 0.424628
-0.685598 -0.240666 0.423198
0.102078 0.518958 -0.687227
0.155215 0.280663 0.796112
-0.488362 -0.559816 0.467838
0.277305 0.70097 0.334624
0.406113 0.0799268 -0.730318
-0.0799514 -0.376043 0.828044
-0.630894 0.21699 -0.468244
-0.381552 -0.492274 0.636582
0.507691 -0.562435 0.39079
0.373009 -0.453619 -0.632091
0.374178 0.70272 0.189091
-0.678314 0.44334 0.0833144
-0.690305 0.0173817 0.417286
0.255922 -0.623834 -0.528584
0.254435 0.635246 -0.505158
0.26092 0.636271 0.473859
0.642137 -0.038962 -0.628027
0.774003 0.132659 0.407513
0.729501 -0.511951 -0.284741
0.620166 0.378612 -0.470112
0.384727 0.576869 0.41463
0.638614 -0.0887155 0.554513
-0.526026 0.0993423 -0.58475
0.162816 0.409524 0.699236
0.673301 0.180268 0.510534
0.5908 -0.138623 0.591665
-0.296366 0.391575 -0.748088
-0.559795 0.663174 -0.252522
-0.18282 0.202182 -0.768216
-0.54802 0.0455205 0.691
0.654118 0.0592809 0.548364
0.474522 -0.627041 -0.460131
0.913027 -0.282093 0.0386625
0.149512 0.892863 0.0319836
0.160668 0.361143 0.739996
0.449232 -0.35288 -0.672403
0.279035 0.821597 0.00957692
0.335737 -0.65104 0.44927
-0.146961 0.222755 0.8053
0.0155363 0.102539 0.893084
0.543894 0.507858 -0.413665
0.00773948 0.387371 0.755003
-0.0298076 0.872777 -0.254754
0.170388 -0.605113 -0.553013
-0.266024 0.52596 -0.672293
-0.508749 0.704747 -0.099511
0.0753141 0.53274 -0.679794
-0.219794 0.875048 0.0312158
-0.780309 0.0904677 -0.0529644
0.0190244 0.801619 -0.40999
-0.285515 -0.722095 -0.141881
-0.756977 0.0551477 0.11725
0.33679 -0.130297 0.80546
0.455272 0.674449 0.0490845
0.632889 -0.583163 0.0373844
-0.0269563 -0.81023 -0.00980254
-0.668087 -0.364032 0.255863
0.670104 0.311871 -0.490306
0.450962 0.679374 -0.10049
0.696064 0.257658 0.406606
-0.0139663 -0.522578 0.713036
-0.14902 0.926398 -0.100392
-0.257168 0.0177042 0.864362
-0.138001 -0.475413 0.747344
0.094604 -0.737438 0.450934
0.386509 0.264889 0.691142
0.811756 -0.251156 0.307182
-0.27224 0.274494 0.728934
0.184726 -0.436074 -0.672692
-0.726606 0.199262 -0.297416
0.666787 0.0234913 0.53594
0.0966397 -0.30077 0.851682
-0.658737 -0.0475782 -0.348421
0.461915 0.523291 0.393519
-0.169565 -0.767545 0.133007
-0.351969 -0.551718 0.616053
-0.132109 -0.309673 0.861137
0.152968 0.869059 0.123387
-0.104495 -0.770638 0.183241
0.259839 0.126923 -0.780954
-0.692921 0.162036 0.405927
0.519873 0.611194 -0.185863
-0.113176 0.73837 0.42073
0.962812 0.00679809 0.0265631
-0.505152 0.529924 -0.470409
-0.593827 0.0335903 -0.491222
0.317222 -0.396671 -0.681362
0.684686 0.406503 -0.370786
0.371366 -0.71472 0.245101
0.881341 -0.342459 -0.200984
-0.0885072 0.483827 -0.722853
0.580073 -0.0999136 0.607146
-0.269145 -0.553334 -0.446425
-0.217274 -0.679362 -0.305934
0.9311 0.0577911 0.10981
-0.452416 0.696303 0.212103
0.736233 -0.13571 0.44479
-0.0420371 0.924811 0.00611583
-0.328156 0.669957 -0.511225
-0.656438 0.129665 -0.411755
-0.337261 -0.281677 0.771212
0.0396858 0.806363 -0.394713
-0.558595 -0.222618 -0.449338
0.939942 0.000929457 -0.224839
0.75584 -0.487866 -0.00238373
0.892411 -0.340994 0.0273779
0.393883 -0.76364 -0.176297
0.68995 -0.448918 0.251199
0.362792 -0.043474 0.788936
0.482623 0.636664 -0.228056
0.432437 0.531528 0.41925
-0.463063 0.674287 0.251896
-0.150739 0.928452 -0.114487
-0.153332 0.56901 0.556801
-0.184493 0.107821 0.853094
0.0316651 0.593514 0.568559
0.12096 0.607151 0.547302
0.222256 0.404567 0.684178
-0.280096 -0.518126 0.690156
0.42438 0.410447 -0.60447
-0.56561 -0.578421 0.00439848
-0.456976 -0.350248 0.668926
-0.246262 -0.281775 -0.625247
-0.661235 0.0174231 0.517768
-0.04764 -0.722063 -0.314784
-0.600114 0.247918 -0.503165
0.931595 0.0292807 -0.254079
-0.361878 -0.256764 0.764858
-0.163131 0.493603 0.612713
-0.00286174 0.687653 0.475109
0.29082 0.79655 -0.248009
0.889648 -0.307707 -0.216218
-0.665926 -0.349423 0.300305
0.566003 -0.0539099 0.62118
0.0553142 -0.378966 -0.691554
-0.0171017 -0.66693 -0.468699
-0.297445 0.417141 -0.738241
0.764919 -0.443319 0.0940576
0.178082 0.0126348 0.871262
-0.250845 0.868574 0.0276339
-0.668373 -0.137276 0.491917
0.543513 0.603167 -0.0430984
-0.0149495 -0.188068 -0.740219
-0.639821 -0.445574 0.219783
-0.669872 0.349246 -0.413823
-0.708378 -0.30008 0.173947
-0.257709 -0.726265 0.222963
-0.535091 0.444912 0.43104
-0.431035 0.560884 -0.521549
0.607576 -0.625607 -0.0212832
-0.385741 -0.45331 -0.459979
0.515629 0.609156 -0.224585
-0.225494 0.0956188 -0.742639
0.576646 -0.535259 0.298643
-0.693716 -0.233045 -0.191841
0.852485 0.277676 -0.0217955
0.441231 0.663821 -0.282802
-0.425055 0.223258 -0.69173
0.825236 -0.185649 -0.442394
0.881157 0.114814 -0.32841
-0.571889 0.0244999 0.670526
0.177318 -0.752613 0.355098
0.682395 0.464514 -0.230247
-0.66251 0.488925 -0.213681
-0.197609 0.905712 -0.0739576
0.272126 -0.259035 -0.720851
0.181917 -0.10311 0.884229
0.373527 -0.255309 0.759981
0.469331 -0.67325 -0.390534
-0.283705 -0.449703 -0.529405
-0.100618 0.751576 -0.502714
0.513279 -0.328393 0.615618
-0.00250881 -0.573911 0.664788
-0.433776 0.00492068 -0.641569
-0.00724085 -0.333608 -0.688286
0.893094 -0.329444 0.080435
-0.698178 -0.280681 0.270451
-0.1409 -0.277835 -0.664072
0.426736 -0.232546 0.733691
-0.654023 0.441659 0.199828
0.574132 -0.077915 0.613169
0.921986 0.0989956 -0.232488
-0.671854 -0.427314 0.0365464
-0.734188 -0.235643 0.105899
-0.669165 -0.126116 0.489264
0.457195 -0.732215 0.0255225
0.00665535 -0.804418 0.121728
0.921905 0.134123 0.0460547
0.134793 -0.586513 -0.575572
0.833163 -0.0518333 -0.419834
-0.687021 -0.101712 0.42773
0.636669 0.297635 -0.531641
-0.106754 0.304588 0.774006
-0.0334449 -0.0129558 0.924757
-0.0642437 -0.0775215 0.930651
0.149093 0.64903 -0.549933
-0.664607 0.0057929 -0.355891
0.585966 0.552534 0.11785
0.358483 0.332334 0.666039
-0.763488 0.297013 -0.13262
0.918099 0.00186698 -0.300755
0.660097 -0.32683 0.444661
-0.405638 0.465347 0.528974
0.281452 0.0819752 -0.783478
0.279684 0.817032 -0.113348
0.616687 0.0678612 -0.617559
0.893153 0.195413 0.0808245
-0.704724 -0.307049 -0.0526953
0.301781 0.34501 -0.698995
0.258622 0.756096 0.253934
0.0830129 0.479819 -0.720957
0.0381683 0.0807007 -0.786575
0.601868 0.432722 -0.435104
0.27958 -0.391845 -0.685275
-0.668714 0.341104 0.289063
-0.478111 -0.599795 -0.222135
0.630497 -0.0864175 -0.646972
0.471445 -0.217124 0.693207
-0.158744 -0.726745 -0.235444
-0.642463 0.376761 0.336338
0.389721 0.722162 -0.182424
-0.457409 -0.0654439 -0.611698
0.00954222 0.0574686 0.906615
-0.139625 -0.768102 -0.141314
0.570501 -0.65263 -0.303373
-0.326364 -0.109198 0.834671
0.940321 -0.189987 0.0721634
-0.756065 -0.0397291 0.112346
-0.0129607 0.232571 -0.798863
-0.713491 0.177638 -0.319472
-0.428138 0.073493 -0.660522
0.497383 0.623395 -0.233145
-0.0857911 -0.477627 -0.599423
0.190906 0.605604 -0.579595
0.685169 0.169677 -0.54335
0.730928 -0.298489 0.372429
0.932053 -0.182728 -0.177862
-0.573459 0.3911 -0.503366
0.634837 0.0598839 0.56525
0.59932 -0.520507 0.283757
-0.732834 -0.234948 -0.00403489
0.274938 -0.429765 0.705274
0.263342 -0.171193 -0.738212
-0.504678 0.566122 -0.442999
0.245585 -0.775297 -0.234376
-0.421758 0.728187 -0.398192
0.656946 -0.563332 -0.339233
0.404857 0.484239 -0.551777
-0.159174 0.914707 -0.180673
-0.578153 -0.479731 0.422164
0.615373 -0.645502 -0.220712
-0.504466 0.645622 0.206061
0.435909 -0.692003 0.189526
-0.496637 -0.388166 -0.419984
-0.678937 0.458557 -0.103116
-0.680211 0.450633 -0.255831
0.303677 -0.568876 0.590941
0.479485 -0.70617 0.0594803
-0.0500157 0.863935 0.185725
-0.545637 0.649078 -0.321732
0.343005 -0.0528149 0.80396
0.707262 -0.49342 -0.353224
-0.266179 0.383982 -0.75877
-0.259967 0.718532 -0.491604
-0.520633 0.00234869 -0.574266
-0.440666 -0.676743 0.158205
0.170193 -0.372714 0.784523
0.502211 -0.472497 0.51114
-0.403801 0.781852 0.0353155
-0.312958 0.405991 -0.738384
-0.637731 -0.145598 0.569059
0.800474 0.278841 -0.318447
0.577886 -0.563366 0.221202
-0.573446 0.310967 0.50922
-0.577072 -0.16027 -0.446138
0.492337 0.522112 0.356365
-0.568976 0.654045 -0.145506
0.626403 0.528292 0.0631653
0.309924 0.579698 0.49898
-0.464508 -0.333157 -0.484918
0.931576 -0.0229029 -0.253718
-0.498739 0.475769 0.451797
0.306508 -0.295416 0.774526
0.22051 -0.375839 0.761994
0.0982868 0.851401 -0.278016
-0.180504 -0.226014 -0.67078
-0.590621 0.205646 -0.51354
0.326438 0.474562 -0.613696
0.92213 0.105485 0.0852169
-0.510299 0.523115 0.382775
0.755687 -0.0208113 -0.500925
-0.74693 0.0676161 -0.184221
0.362283 -0.540529 0.588549
0.713568 0.227827 0.409623
-0.331121 0.838238 -0.0302955
0.684634 0.384681 -0.40021
0.125388 0.900895 -0.00464396
-0.251673 -0.192717 0.854914
0.530819 0.578499 0.196711
0.35297 -0.381117 0.704574
-0.559034 0.53253 -0.413349
-0.108861 0.599332 0.548898
0.187902 -0.825085 -0.0598498
-0.757247 -0.0923739 0.0573531
0.80088 -0.134221 -0.46599
0.887409 0.0160184 0.268011
0.0771619 -0.491988 -0.652335
0.246917 -0.2143 0.830911
0.0280518 -0.0479165 -0.764375
0.54002 -0.65529 0.0573455
-0.505524 0.681227 0.0304906
-0.201824 0.237557 -0.769711
0.0661636 -0.204553 0.905118
-0.352568 0.34871 0.653508
-0.636187 0.0944642 0.552205
-0.480931 0.529194 0.422561
0.348696 -0.737032 -0.30462
0.215993 -0.619825 0.571696
-0.447527 -0.645454 -0.125693
0.269806 -0.329783 -0.707112
0.126926 -0.454997 0.74301
0.507997 -0.369899 -0.628602
-0.212966 0.403908 0.665485
-0.306918 -0.733994 -5.09656e-05
0.026193 0.381826 -0.768639
-0.447317 -0.124867 -0.60402
-0.260107 -0.673533 0.42005
0.179237 -0.825946 -0.0261366
-0.751228 -0.0204779 -0.113858
-0.285801 0.683281 0.402043
0.692489 -0.589773 -0.167316
0.340152 -0.160283 0.801694
-0.301998 0.407458 0.630661
0.86523 0.258056 -0.0185282
-0.0860319 -0.246554 -0.696334
0.106309 0.782478 -0.405222
0.449759 -0.668988 -0.422909
-0.379644 0.794971 -0.241944
0.0388032 0.150987 -0.798729
0.530288 0.613429 -0.109839
-0.476028 0.556665 0.399568
-0.681608 0.453973 -0.120657
-0.0663862 0.337516 -0.786789
-0.649069 -0.318964 -0.236783
0.57151 -0.653341 -0.300526
0.038308 -0.649745 -0.50642
-0.650414 -0.0151196 0.554924
0.358816 -0.45612 -0.634743
0.941466 0.0660099 -0.210584
-0.665597 -0.144106 -0.301989
0.655653 0.177224 -0.55944
-0.139454 -0.785517 -0.0885752
0.0685155 -0.660861 0.570988
-0.000761456 0.838508 0.265064
0.47886 0.339618 0.562414
0.226267 -0.280831 0.811934
0.930621 -0.113184 0.172352
-0.650781 -0.442451 -0.0430803
-0.204075 0.819574 0.214469
-0.304951 -0.582039 0.629105
-0.255423 -0.283161 0.821461
0.0670285 -0.712723 0.490752
-0.109297 -0.777307 0.147944
0.931783 -0.21508 -0.0666572
0.455863 -0.362532 0.656108
-0.147652 -0.637615 -0.42209
-0.22881 0.162591 0.808675
-0.696844 0.421645 -0.227635
0.942907 0.00235229 0.131865
-0.353851 0.702848 0.321733
0.223004 -0.691402 0.456665
-0.223651 -0.589984 -0.437648
-0.61393 -0.0326101 -0.433222
0.76495 -0.16387 -0.505712
0.181949 -0.654881 0.53486
0.157868 0.624376 -0.575353
-0.564154 -0.548273 -0.13976
0.403088 0.188233 -0.700839
0.465589 -0.673667 0.184284
-0.522347 0.695467 -0.247185
-0.400786 0.721761 -0.4239
-0.775606 0.000905156 -0.000227112
-0.298954 -0.120874 0.849373
-0.00845936 -0.81196 -0.0121507
0.378789 -0.122082 -0.742868
0.0303464 0.129392 -0.795032
0.960198 0.00753965 -0.151116
0.865589 -0.0669578 0.30655
0.904406 0.166883 -0.180045
0.474617 -0.299465 0.663016
0.0297666 0.934349 -0.047324
-0.689041 0.232662 0.346637
0.908726 -0.00413888 -0.324431
-0.21748 -0.737014 -0.165188
0.420552 0.67244 -0.309264
-0.743736 -0.129554 -0.0681327
-0.661659 0.0964353 -0.391373
0.220532 -0.15113 0.860449
-0.7422 0.015115 -0.171396
-0.717004 0.263644 0.187899
0.475009 -0.640809 0.254127
-0.713277 0.0357 -0.274871
0.534547 0.36151 -0.557943
0.401992 -0.728196 0.147543
0.488502 -0.725381 -0.205902
0.365926 0.738379 -0.209739
-0.193379 0.000384393 -0.730915
0.853771 -0.235243 -0.38918
0.714806 -0.530094 -0.0165991
0.100108 -0.766398 0.390101
0.514754 -0.489111 0.473559
0.418696 -0.752878 -0.188097
0.189114 0.782879 0.303519
0.275914 -0.724696 0.321774
-0.221029 0.313669 -0.776658
-0.100174 -0.723648 0.378527
-0.398126 -0.424047 -0.474918
-0.57905 -0.555023 0.0860904
0.508786 -0.669173 0.0932522
0.254692 -0.689076 -0.445133
-0.720425 0.158939 0.279494
0.255727 -0.764493 0.213501
0.0513492 0.926084 -0.0829592
0.217741 0.563786 -0.606221
-0.733487 -0.0860129 -0.144852
-0.749096 -0.0882164 -0.0763926
0.783774 -0.498707 -0.165245
-0.514294 -0.630397 0.0798558
0.51595 -0.578871 0.327572
-0.391086 0.10209 0.770741
0.196947 0.849769 0.146788
-0.00958625 -0.398583 0.82424
-0.718792 0.0464715 0.312821
0.493636 -0.0637842 -0.716813
0.224081 -0.814113 0.000284202
-0.693909 0.430819 -0.15634
0.503642 0.0650035 -0.683383
0.54463 -0.282869 -0.661597
0.236485 -0.662639 0.500466
0.74414 -0.295092 -0.460775
-0.208698 0.864638 -0.295617
-0.619939 0.413551 -0.437082
0.291707 -0.351124 0.748765
-0.555109 -0.540867 -0.178786
-0.268119 -0.245697 -0.63132
0.290015 -0.0501101 -0.761135
0.428829 0.611434 0.289041
-0.509786 0.0553913 0.717497
-0.467848 -0.302584 0.681379
-0.718639 0.367093 -0.277166
0.491388 -0.35263 0.626816
-0.170105 -0.731712 -0.214225
-0.502478 0.595934 0.29194
-0.473334 0.726048 -0.0310755
-0.197619 -0.538369 -0.513214
-0.301378 -0.288252 0.790959
-0.535667 -0.523846 0.451091
0.939254 -0.154242 -0.187075
-0.381256 0.409818 -0.687344
-0.495725 -0.0908045 0.720244
0.0418559 0.832856 0.274634
0.893604 -0.197453 -0.338281
-0.713965 0.0113672 -0.26455
0.344387 0.5236 0.524954
-0.37219 0.248505 0.699057
0.654396 0.492216 -0.206145
-0.382099 -0.188767 0.774875
-0.768233 0.250019 -0.00995917
-0.451942 -0.14501 -0.594213
0.236689 -0.722996 -0.387385
-0.526344 0.543361 -0.438612
0.379107 -0.618421 -0.516359
-0.753871 -0.135716 0.00370209
0.720682 -0.186125 -0.537995
0.150938 0.16591 0.837526
0.692911 -0.233413 0.465441
-0.678359 0.345275 0.242916
-0.0255195 -0.778892 0.219082
-0.749885 0.287379 -0.27405
-0.477817 -0.296852 -0.496061
-0.26422 -0.516061 -0.489917
-0.397112 0.789159 -0.179868
0.531057 0.394506 0.47428
-0.274632 0.68899 -0.51503
-0.392443 -0.58957 0.536549
0.85959 0.268106 -0.0117299
-0.6126 0.132189 -0.488212
-0.00561531 0.774836 0.380064
-0.303303 -0.693958 0.302911
-0.483506 0.558385 0.38571
0.530881 -0.0713002 0.651244
-0.371452 0.595894 0.438734
-0.0572366 0.918691 -0.153747
-0.508284 0.194181 0.650484
0.781341 0.2667 0.272144
0.611293 -0.599153 0.0442287
-0.442554 0.672229 0.295995
-0.206075 -0.524807 -0.520982
0.785225 -0.249406 0.348407
-0.75021 0.061409 0.15848
-0.112585 0.791927 -0.437491
0.220767 -0.137471 0.863923
0.423958 -0.572336 0.506711
0.327486 0.692467 0.278547
-0.261868 -0.221022 0.839125
-0.143076 -0.740094 -0.211316
-0.248253 0.701673 0.404669
-0.311384 0.657323 0.416722
0.477579 0.427116 0.495231
0.949275 -0.165394 -0.0477714
-0.0911177 -0.732537 -0.263674
0.0933741 -0.779361 0.299113
0.78524 -0.0889525 0.404406
-0.599986 0.387413 0.392486
0.957076 -0.0143028 0.0875563
0.926009 -0.0866207 -0.272541
-0.636486 0.132367 -0.448191
-0.752144 0.0517639 -0.153832
0.906918 -0.297651 0.0156736
0.194268 0.874406 -0.125372
-0.284882 -0.733815 0.164343
0.365661 -0.0599502 -0.754525
0.179398 -0.724019 0.427274
0.788581 0.380714 -0.0100557
-0.631425 0.275585 -0.468093
0.279097 0.775386 0.1853
-0.758923 -0.102218 -0.00664202
0.898942 -0.31225 -0.0665861
-0.117364 -0.411998 -0.616851
0.712879 0.354766 0.291324
-0.510238 0.643558 0.188527
0.743662 0.0391077 -0.506362
0.887066 0.206619 0.084028
0.515845 -0.723367 -0.112474
0.343118 0.763698 -0.164641
-0.38267 -0.616183 0.470677
-0.405839 -0.561654 0.555041
0.578519 -0.539294 0.283492
-0.156372 -0.776247 0.108787
0.540074 0.606363 -0.0720281
0.537099 0.445553 -0.477556
-0.0267476 -0.514409 0.721963
-0.708717 0.0968172 0.350935
0.0691407 -0.699447 0.512859
-0.320405 -0.15983 0.823017
-0.35322 -0.577485 0.593807
-0.639203 -0.445047 -0.0974961
-0.586406 0.590939 -0.341139
0.585051 0.567191 -0.0471497
0.646874 0.455491 -0.364272
0.925886 0.144285 -0.125893
-0.165008 -0.41832 0.784984
-0.55645 0.653348 -0.285852
0.525235 -0.505155 -0.517097
0.368859 0.311808 -0.678982
-0.51028 0.665675 0.0829954
0.832021 -0.177857 -0.43744
0.272967 0.765574 0.213873
0.837426 0.288601 -0.0995053
-0.236104 -0.669344 0.457369
-0.714317 -0.177389 0.286789
0.767501 0.122367 0.426678
-0.458143 -0.420802 0.626284
-0.136277 -0.493387 -0.572954
0.583136 -0.448331 0.419201
0.0474839 0.15367 -0.799153
-0.45083 0.428374 -0.603616
0.567287 0.558822 -0.269131
0.160261 -0.208724 0.871285
-0.452028 0.608825 0.373197
0.284331 0.0397497 0.83441
0.0302042 0.570572 0.591475
-0.681534 -0.302774 0.314179
0.810957 0.307231 -0.235682
-0.742948 0.335376 -0.162885
-0.143791 0.158262 -0.769178
0.63873 -0.589788 0.00472401
-0.189937 -0.675332 0.476333
-0.425845 0.331492 -0.69683
-0.576019 -0.301751 0.592585
-0.552941 0.0445873 0.686203
0.694528 -0.459746 0.218108
0.219708 -0.320217 -0.710281
-0.380759 0.784766 0.131777
-0.190519 -0.671302 -0.338019
-0.231962 -0.655961 0.509302
0.361017 0.186874 -0.721154
-0.47691 -0.601684 -0.219757
0.854283 -0.276473 -0.344038
0.529391 0.317811 -0.593893
0.727232 -0.493971 -0.319723
-0.693319 0.431059 -0.174854
-0.14208 -0.103581 -0.723357
0.103692 0.195423 0.842858
-0.203914 -0.53114 0.694159
0.796361 -0.0563427 -0.460851
0.483997 -0.59796 -0.475986
0.535202 -0.709863 -0.182987
-0.510229 0.0735586 -0.594748
-0.761897 0.0563814 -0.117687
-0.00484367 0.0460508 -0.778553
0.446511 0.340609 0.588161
-0.615799 0.577068 -0.0600244
-0.372496 -0.69266 0.242813
0.713102 -0.165848 -0.552474
0.131594 0.887277 0.070923
0.479553 -0.32318 0.649256
-0.498336 -0.139968 0.706639
-0.103238 -0.0465949 -0.747014
-0.313036 -0.737941 0.0440973
-0.695696 -0.255165 0.337938
0.968872 0.0749019 -0.0927966
0.138238 0.137003 0.849697
-0.146469 0.706462 -0.552394
0.558621 -0.206267 0.610163
0.211052 -0.410263 0.743821
0.91262 0.172169 -0.00293698
0.48351 -0.727359 -0.204835
0.0434243 0.164203 -0.800994
0.179574 0.825101 0.22401
0.863962 -0.393179 -0.0918319
-0.513765 -0.606509 -0.0827658
-0.268195 0.830642 0.13161
0.139993 -0.358861 -0.701263
-0.782138 0.13178 -0.0513487
0.0446678 -0.677089 -0.473762
0.754177 0.278419 0.301912
-0.0332282 0.5706 0.591002
-0.453692 0.633651 -0.442559
-0.166386 0.541891 0.573481
-0.615795 -0.163406 0.597728
-0.00898841 0.190106 0.867654
-0.0298686 -0.7132 -0.348088
-0.205432 0.370481 0.693496
0.245617 -0.355778 -0.699031
0.318815 -0.800867 -0.0878095
0.684714 -0.179574 0.488656
-0.123637 0.119553 -0.767322
-0.451401 0.2203 0.668859
-0.254283 0.770663 -0.429029
-0.647371 -0.466132 0.107916
0.889017 -0.343088 -0.053136
0.133195 0.143076 0.84951
-0.303301 0.735531 0.302923
0.482443 0.138281 -0.674328
-0.501927 -0.0323367 -0.58454
-0.107208 -0.783646 -0.105846
-0.753816 0.0579823 0.136924
-0.594094 -0.192934 0.619262
-0.664975 0.455066 0.125209
-0.0398425 -0.792748 -0.0972651
0.471247 -0.213024 -0.707851
0.435695 0.692812 0.0259425
0.266131 -0.803187 0.0193178
0.324638 0.781638 -0.101729
0.636697 0.222993 0.513988
0.896951 -0.32631 0.00806553
0.597747 -0.293748 0.54305
-0.216003 0.785553 0.280294
-0.209342 -0.381712 0.800346
0.4247 -0.461897 0.617489
-0.686421 -0.304708 0.283519
-0.329006 0.775114 0.204054
0.0875263 0.0732573 -0.785062
-0.562914 -0.0401722 -0.51621
-0.341656 0.545657 0.496129
0.533833 0.594437 0.128163
-0.195729 0.113073 -0.753107
-0.0928464 0.726951 0.433461
0.183546 0.829404 -0.294064
0.297102 0.238698 -0.733981
0.584563 -0.668478 -0.0866725
0.87513 -0.337248 0.0990064
-0.436428 -0.0227267 -0.633706
0.729817 0.167648 0.441157
-0.160129 0.827215 0.221667
0.20965 0.366998 -0.733784
-0.367781 -0.214968 0.775104
0.138269 0.240871 -0.789513
0.772344 -0.443519 0.0758484
0.931856 0.144543 -0.0585197
0.0252029 -0.789202 0.216353
-0.385535 -0.269795 0.745765
-0.277963 0.288952 0.718589
0.550673 -0.488811 -0.511806
0.358065 0.346166 0.656532
-0.707516 -0.17393 0.334726
-0.644152 0.275934 0.414629
0.416929 0.708007 -0.0826885
0.0654552 -0.405631 -0.684062
0.537855 -0.450983 -0.54899
0.277098 -0.043133 0.847854
-0.287777 -0.665948 0.421857
0.562191 -0.585633 0.199562
-0.677016 -0.367667 -0.0762658
0.873273 0.121778 -0.338287
0.84325 -0.156741 0.323732
-0.562527 -0.279093 0.620573
0.43674 0.616259 0.268341
-0.162764 -0.429234 -0.593268
0.825596 -0.319086 0.200101
-0.359429 -0.518958 0.634908
-0.331634 -0.492382 -0.464551
0.00243593 0.794422 -0.430127
0.495787 -0.0620772 -0.715802
0.036779 -0.700609 -0.407637
-0.742319 -0.190109 0.0850373
0.691151 0.124872 -0.552501
0.535044 0.591243 -0.234432
-0.0158903 -0.662066 0.561537
0.887861 -0.0711304 -0.361356
-0.629021 -0.479603 -0.0667027
0.335494 -0.648866 0.455164
0.904939 0.176887 -0.129114
-0.0676096 -0.162451 -0.733735
-0.653568 0.506876 -0.111457
-0.183794 0.825615 0.210457
0.555303 0.539998 -0.370703
-0.333362 0.4841 0.552372
-0.11482 -0.119989 0.918189
-0.359457 -0.536678 -0.398771
0.781175 0.0363483 -0.465508
0.39303 0.193453 0.734799
0.556221 0.302255 0.52549
0.507381 0.20713 0.632275
0.840808 0.25797 0.150206
-0.617777 0.576605 -0.180518
0.700037 0.451785 -0.188126
-0.154581 -0.467649 -0.57821
0.953472 -0.118866 -0.160082
0.838757 0.24042 -0.280856
-0.749849 0.0402452 0.164097
0.383472 -0.0253096 -0.753503
0.570775 0.568845 0.103025
0.234199 0.401199 -0.712127
0.938871 -0.0816827 0.166744
0.803723 -0.307716 0.248954
0.038828 -0.809452 0.0871076
0.478483 0.650559 -0.156793
0.602667 0.547941 0.0693616
-0.56518 -0.463462 0.485391
-0.034277 -0.623124 -0.509009
-0.434403 0.767277 -0.116507
0.642727 -0.574273 0.0379264
-0.539966 0.680078 -0.253523
-0.680438 0.0790545 -0.35213
-0.213242 0.835183 0.159304
-0.424522 0.257302 0.663614
0.0416823 -0.474164 0.74918
0.621191 -0.238236 -0.60977
0.538299 -0.531744 0.386677
0.658149 -0.264752 -0.56606
-0.130674 -0.761392 0.19712
-0.145945 -0.777728 0.111369
-0.61977 0.100867 -0.467456
-0.279578 0.606641 0.475497
-0.419911 0.763726 0.0451985
0.521923 0.459133 0.409411
0.254097 0.690538 -0.438131
0.260444 0.835404 -0.0204161
0.188257 0.33852 0.749788
0.514466 -0.68623 0.0316256
-0.438819 0.417761 0.543228
-0.779029 0.242196 -0.0507998
-0.6398 -0.47927 0.0892318
0.423027 -0.700457 -0.360611
-0.70152 -0.306238 0.198198
0.135876 0.823495 0.257214
0.169688 0.00902544 -0.773578
0.0856959 -0.398754 0.801186
-0.22949 -0.665948 0.475435
0.642176 0.464049 0.248516
0.776227 0.122334 -0.459788
-0.248153 -0.128126 -0.68336
-0.569911 0.362502 -0.527035
-0.498437 -0.647408 0.0403703
-0.490346 -0.642654 0.128899
-0.399614 -0.225363 -0.589817
0.705326 -0.121401 -0.569304
0.101129 -0.201177 -0.736016
-0.236089 0.00432607 -0.718046
-0.241053 0.419781 -0.74451
0.585449 -0.470546 0.389116
0.626194 -0.630509 -0.0797618
-0.355478 0.288944 0.685952
0.717045 0.0220474 0.49193
0.950467 -0.0724973 0.139065
-0.255349 0.811497 0.195585
0.303473 -0.581878 0.581211
-0.22105 0.787224 0.273127
0.628616 0.341105 -0.497934
-0.161675 0.764736 -0.466208
-0.24888 -0.593627 0.63029
0.285444 -0.478846 -0.637299
0.0271509 0.658818 0.504076
-0.510928 0.621356 0.236512
-0.219405 -0.245264 0.857524
0.669346 0.486047 -0.109879
0.652224 -0.111284 0.536913
0.853018 0.269589 -0.06544
0.632913 -0.193051 0.54015
0.119981 -0.726328 0.45686
0.118133 0.794565 -0.381095
-0.673841 0.28243 -0.420347
0.449923 0.659675 -0.260613
0.519887 -0.567236 0.349033
0.737257 0.083241 -0.507672
-0.233324 0.877783 -0.268188
-0.246232 -0.6975 -0.243632
0.781565 -0.420747 -0.308859
-0.255841 0.782178 -0.41173
0.677654 -0.482043 -0.407209
-0.627399 0.558183 -0.190086
0.355615 -0.78833 -0.095316
-0.425059 -0.664659 -0.087543
-0.654949 -0.0826899 -0.343372
0.0502045 0.51194 -0.701076
-0.685664 0.0646389 -0.338014
0.220543 -0.377997 0.7606
0.652135 -0.080553 -0.622439
-0.641434 -0.0428777 0.585751
0.837697 0.118641 -0.391728
0.0162922 -0.756728 -0.233902
0.518874 0.225724 -0.628739
-0.148844 0.601465 0.532834
-0.291302 -0.131344 0.850655
0.583064 -0.231378 -0.647245
-0.1461 0.491765 -0.710245
0.249761 0.792797 -0.311857
-0.302276 -0.717604 -0.122227
-0.491242 -0.366754 0.635101
0.132017 0.826446 -0.322616
0.54301 0.288237 0.546194
-0.708165 -0.288865 -0.0708328
0.323052 -0.0844703 -0.753574
-0.405383 0.330425 0.629647
-0.691654 -0.195557 -0.230214
0.727161 -0.0678671 -0.538369
0.025907 0.80969 0.322107
0.6833 0.4779 0.0829465
0.729451 0.431699 0.113395
0.228432 -0.0911074 0.868809
0.553805 0.539302 0.248132
-0.677543 -0.261791 0.422601
-0.626974 -0.475341 0.188252
-0.447785 -0.519324 -0.353162
0.314936 -0.478156 0.655134
-0.162315 0.0948212 0.862156
0.404083 -0.231793 -0.721831
0.509181 0.503049 0.362395
-0.521468 -0.0823256 -0.559737
0.465991 -0.464579 -0.585005
-0.770471 0.103369 0.0259654
-0.450072 0.167024 0.69972
-0.738945 -0.14857 -0.0744165
-0.00861222 -0.398385 -0.660912
0.294589 -0.683929 0.407865
0.160321 0.561236 0.574396
-0.55112 0.667105 -0.122281
-0.12364 -0.114892 0.916266
-0.44564 0.471211 0.497537
0.439832 0.478644 0.479015
0.118232 -0.808917 0.0924856
-0.758349 0.0746252 0.106201
0.0717716 -0.486633 0.72986
0.345766 0.380793 0.641611
0.901629 0.137597 -0.244434
0.427308 0.54837 -0.472183
0.587101 0.54289 -0.260702
0.861662 -0.0879598 0.312496
0.24563 0.00368595 0.852049
-0.338645 0.741549 -0.434724
0.0984761 0.829795 -0.328167
-0.0456116 0.594322 0.567009
0.00483477 -0.215156 -0.734834
0.257331 -0.77554 -0.234784
0.224958 -0.442194 0.716078
0.523361 -0.434935 0.522916
-0.537744 -0.609835 0.0561594
-0.286223 0.402845 -0.746505
-0.242118 0.888982 -0.0945262
-0.431593 -0.647299 -0.16364
0.0895787 0.884362 0.110325
-0.606468 0.440511 0.315876
-0.098548 0.590267 0.559753
0.856053 -0.404342 -0.0964307
0.821606 -0.422027 0.015521
-0.586987 0.045319 -0.507316
-0.214599 -0.254276 0.857518
-0.0957234 -0.742952 0.30968
-0.397331 -0.527763 -0.380944
-0.432767 -0.315148 -0.525677
0.254285 -0.793168 0.0988215
-0.62929 0.237088 0.475921
-0.239311 0.101237 -0.739484
-0.752375 -0.132049 0.0595852
0.00186832 0.795932 -0.426736
0.346066 0.578249 0.462102
-0.290247 0.374869 -0.755929
-0.388396 0.168491 -0.705427
-0.50669 0.0888143 0.707394
-0.468515 -0.281876 -0.514249
0.517055 -0.256811 -0.68046
0.610672 -0.604828 0.0297506
0.598082 -0.46287 0.378807
-0.33766 0.795013 -0.36493
0.379241 -0.776579 -0.0575092
-0.0529378 -0.552386 0.690218
0.746806 0.419628 -0.0432962
0.312672 0.794225 -0.0087336
-0.503352 0.458802 -0.526421
-0.241841 -0.163916 0.870641
0.935762 -0.0496965 -0.238953
-0.0333105 -0.0298468 0.930001
0.897192 0.2037 -0.0130514
-0.0325873 0.849198 -0.310099
-0.200594 -0.706152 -0.255642
-0.0513168 -0.286013 -0.692334
-0.67333 0.196667 -0.404017
0.128434 -0.238995 0.868979
0.0271698 0.492766 -0.718056
-0.580899 -0.264382 -0.397025
0.0219503 -0.807992 -0.0636254
-0.0569187 -0.605354 0.636879
0.289062 -0.614105 -0.538283
0.553061 -0.325231 -0.632232
0.11291 -0.263583 0.863184
0.538607 0.0409669 0.644881
-0.127353 -0.767207 0.175581
-0.406523 0.64871 -0.47864
0.356269 -0.619915 0.494092
0.712344 -0.419196 -0.412895
-0.400822 0.602494 0.418488
-0.393494 -0.690174 -0.0272216
0.39777 -0.772626 -0.0946306
0.726104 0.0152091 -0.528752
-0.0633761 0.369575 -0.777256
-0.705064 -0.0701463 -0.256639
-0.695153 0.243348 0.306769
-0.613199 -0.47465 -0.153244
0.847273 0.25798 -0.190145
-0.381799 0.673052 0.34278
0.847965 -0.282186 -0.348311
-0.746946 0.312656 -0.265841
-0.0376631 0.900219 0.0848959
-0.227286 -0.702041 -0.246422
0.8892 -0.347677 0.0330468
0.853239 -0.126778 -0.407502
0.75581 -0.485617 0.00364654
-0.280324 -0.695312 -0.224768
0.641178 0.226379 -0.552904
-0.459154 -0.47365 -0.391608
0.667541 0.115196 0.538724
0.254714 -0.707137 0.390304
0.732114 -0.440774 0.178904
0.161649 -0.817075 0.0361981
0.119645 0.122334 0.858756
0.0421299 0.586569 0.574553
0.900935 -0.0180953 0.245035
0.220396 -0.806851 0.0489336
-0.19407 0.753158 -0.474358
-0.227086 -0.151015 0.88216
0.665228 -0.562126 0.016548
-0.324272 0.45378 0.582574
-0.181777 -0.198713 -0.680708
0.549509 -0.634232 0.0938213
0.795119 -0.045035 -0.460747
-0.316633 0.0361772 -0.699441
0.887414 -0.315745 0.106631
-0.632765 -0.465726 0.18943
-0.0350711 -0.0326641 -0.761586
-0.345703 -0.293464 0.761424
-0.452122 0.429358 -0.601552
-0.714096 0.390928 -0.0670928
-0.226909 0.859633 0.0734174
-0.674608 -0.355727 0.238326
0.394027 -0.65494 0.376425
-0.378999 0.747248 0.216325
0.476959 0.634521 -0.275765
0.646584 0.47044 0.233441
-0.0499294 0.715916 -0.538447
-0.445885 -0.501606 0.569637
-0.071797 0.636948 0.522857
-0.675218 0.292875 0.325354
-0.637668 0.236959 0.459187
0.222304 -0.654271 0.519831
0.0228707 -0.585484 0.651313
0.614787 0.451178 0.302427
0.305625 -0.566673 -0.572941
0.609654 0.146403 0.582354
0.832354 0.307317 -0.0350803
0.155957 0.525103 0.605727
0.633035 -0.474409 0.309076
0.298723 -0.43319 0.693378
0.545308 -0.127738 0.636508
0.63741 -0.402979 0.390939
0.0720803 -0.483905 0.732207
0.455246 -0.731943 0.030227
0.173592 -0.712073 0.453633
-0.46321 0.526117 -0.515781
0.0663023 0.564875 -0.653212
0.834365 0.172941 -0.368681
0.671769 0.46285 0.190924
0.0830541 0.238895 -0.798183
0.142928 0.866071 0.139116
0.446172 -0.192287 -0.717379
-0.381217 -0.718064 0.131558
0.23371 0.85577 -0.0480424
0.713647 0.258671 -0.497269
-0.401033 -0.686499 0.223069
0.216107 -0.796038 -0.165969
-0.506757 0.065157 -0.596335
0.489043 -0.190465 -0.704546
0.518069 0.58589 0.206563
-0.777869 0.176799 -0.110685
-0.179204 0.538539 -0.673517
0.330743 -0.500383 0.632428
-0.254957 -0.511181 0.701329
0.116803 0.71681 -0.483796
0.30967 -0.706105 0.333889
0.69068 0.363348 -0.419406
0.788651 -0.388474 0.171242
0.217766 0.0531716 0.8495
-0.756228 0.224163 0.072895
-0.342083 -0.225863 0.787497
-0.455133 0.752171 -0.105092
-0.0142363 0.152593 0.878037
0.948748 -0.15945 0.0757777
-0.15582 -0.109413 0.90767
0.00175166 0.584297 0.5783
-0.345775 -0.629105 -0.288699
-0.701184 -0.245451 0.315997
0.575085 -0.380333 -0.574886
-0.126328 0.532007 -0.684298
0.606178 0.15884 0.582154
-0.18431 0.750939 0.366074
-0.533109 -0.173851 0.672864
-0.390037 -0.533584 0.596113
-0.430693 0.701016 0.264464
0.727265 -0.366847 0.295418
0.39928 0.459902 0.538678
0.89862 0.0257389 0.245391
0.738049 0.0496596 -0.511159
0.132395 0.89682 -0.104415
0.284025 0.796495 0.136048
-0.604994 0.597982 -0.0758143
-0.61904 -0.50939 0.0555347
0.747751 0.420745 -0.0171056
0.870095 -0.0490043 0.299378
-0.134118 -0.693952 -0.330535
0.305216 -0.41722 0.70095
-0.412661 -0.308907 0.713888
-0.0197463 0.926976 0.00992082
0.643617 -0.124841 -0.631365
0.367263 0.325919 -0.675339
0.708276 0.45281 -0.0745223
-0.719149 -0.14573 -0.161904
-0.731191 0.00113589 0.26618
-0.229707 0.110479 -0.744687
0.213229 -0.729777 -0.361929
0.204349 0.719785 -0.433507
0.854506 0.271814 0.0705457
0.377478 -0.658775 0.384233
0.673311 0.484955 -0.0760712
-0.210141 -0.77145 -0.0238064
0.912478 -0.158311 0.197462
0.291373 0.0486875 0.830089
0.029059 0.903469 0.0813026
0.0933896 0.204156 -0.797581
0.335079 -0.340733 -0.701515
-0.0790321 0.940731 -0.102028
0.613665 0.525576 -0.220157
-0.674537 -0.382445 -0.0560608
0.500224 0.281122 -0.623393
-0.230629 -0.763586 0.0903669
0.754271 0.335747 -0.349924
-0.283078 0.537148 0.53257
-0.225699 -0.590878 -0.43507
0.0949637 0.300413 0.809177
0.326769 0.0386591 0.818064
0.853591 -0.367571 0.0836895
-0.157367 0.915124 -0.0542009
0.321052 -0.788211 -0.164446
-0.688935 0.0951294 0.422611
-0.484115 -0.357974 -0.450925
0.484498 -0.18 -0.707513
-0.302023 -0.617375 0.586968
0.115863 0.895792 0.050318
0.312852 -0.102993 -0.750226
0.113049 0.112716 0.86313
-0.369643 0.643832 0.393865
-0.475937 -0.389879 -0.437901
-0.729777 -0.196643 0.168156
-0.5384 -0.429647 -0.348782
0.216324 0.621672 -0.544769
0.454761 0.344926 0.578341
0.465012 -0.648401 0.256758
0.0429396 0.92156 0.00524794
-0.542433 0.629989 0.100333
-0.143668 -0.388243 -0.617426
-0.747125 0.201198 0.12756
-0.769674 -0.0287023 0.0188432
-0.647922 -0.417812 -0.118122
0.766545 0.376576 -0.245027
0.0231493 -0.136325 0.927157
0.788709 0.363441 -0.11291
0.45823 -0.704128 0.108427
-0.244338 -0.653426 0.507572
0.134735 0.00137051 -0.772413
-0.690558 0.093233 0.416988
-0.526895 0.525867 -0.451533
-0.487234 -0.434317 0.587801
0.531419 -0.690763 -0.0218225
-0.497706 0.690636 -0.322698
0.777301 -0.0309941 -0.478501
0.831609 -0.388558 -0.260975
-0.693334 0.0438589 0.407017
-0.00887232 -0.0479669 0.939498
-0.772182 0.280266 -0.130211
-0.275165 -0.299061 0.803069
-0.57605 0.301737 0.513103
0.355222 0.60863 -0.457808
0.762054 0.338685 0.230638
-0.459153 -0.579722 0.455869
0.970576 0.065263 -0.0918301
0.577335 0.06215 -0.642519
0.177577 0.784478 0.317229
-0.363782 0.285185 0.683239
0.576048 -0.0498622 0.612546
-0.315085 -0.618649 0.570215
0.665659 -0.495583 -0.410497
-0.100738 0.210322 -0.784531
-0.561961 0.631518 -0.330307
-0.234682 0.410429 -0.750867
-0.588425 -0.49499 0.330941
-0.585125 -0.14902 -0.437513
-0.0818281 0.399403 0.714908
-0.252251 0.0759657 0.8475
-0.490592 0.277183 0.60768
0.952026 0.0883012 -0.147325
-0.297468 -0.636446 0.521376
-0.508714 -0.538922 0.467655
-0.534522 0.586352 0.242443
0.141393 -0.128482 -0.749067
0.302605 0.732502 0.235771
0.254824 0.841796 0.0378463
-0.105802 -0.649239 0.569188
-0.509324 -0.395685 0.599828
-0.723613 -0.21901 -0.0824335
-0.613325 -0.406574 0.465317
-0.259166 -0.391714 0.777275
-0.41185 0.132675 -0.683551
0.480402 -0.380453 0.626405
0.0761851 0.621268 -0.602469
-0.339898 -0.305061 -0.582534
-0.579376 -0.554909 0.0838516
0.100205 0.579339 -0.635543
-0.304246 -0.734085 0.144322
0.977301 -0.0524786 -0.0945731
0.186734 -0.354215 -0.70143
0.72555 0.377478 -0.345666
0.772479 0.402236 0.0396353
-0.00570935 0.739026 -0.511357
0.672486 0.482369 -0.120147
0.951557 -0.09041 -0.183729
-0.65419 0.244805 0.419636
0.922771 0.0123652 -0.284605
0.325054 -0.778037 -0.193518
-0.0459089 -0.294606 -0.690703
0.427229 -0.465951 0.610988
-0.458605 -0.540827 0.519783
0.240027 0.0604718 0.841353
0.416004 -0.184774 0.745989
0.353792 0.484194 -0.591829
0.800527 0.131862 -0.431469
-0.451673 0.119323 0.725727
-0.386603 -0.683623 -0.0911927
0.221067 0.661898 0.462134
-0.0555601 -0.447003 -0.624142
0.376172 0.570825 0.434399
-0.649591 -0.232819 0.501422
-0.431831 0.301207 0.631666
0.925111 -0.184793 0.128077
0.253795 -0.728606 0.335378
-0.560923 0.0991417 0.667439
0.432673 -0.335783 0.686896
-0.123778 -0.524714 -0.562872
0.367181 -0.673177 -0.466253
0.621866 0.500802 -0.342601
0.820138 -0.390697 0.102044
-0.0608479 0.680261 0.480895
0.679331 -0.548896 0.0180335
-0.0510402 -0.499797 -0.602051
0.0736951 -0.366533 0.827849
-0.402287 0.467325 -0.622724
-0.611463 0.0390567 0.62591
-0.530873 -0.457959 0.525003
0.231063 0.0189939 0.85477
0.250114 0.729387 0.318989
0.505587 0.265566 -0.624821
0.536425 -0.184019 0.636085
0.166065 -0.500511 0.691772
0.0726569 0.830719 -0.331341
-0.178379 -0.782513 0.0435449
0.167278 0.431777 -0.731541
-0.37932 0.162245 0.743621
-0.0314318 -0.787856 0.169608
-0.11942 -0.777162 0.13912
0.0322502 0.806996 -0.394776
0.404701 -0.706964 -0.354782
0.280523 0.61593 -0.512421
-0.297767 0.835016 0.0956476
0.437087 -0.239471 -0.71365
0.153803 -0.819731 0.0174214
0.282787 -0.295846 -0.713394
-0.189176 0.801855 -0.401813
-0.646726 0.182272 -0.446598
-0.53499 0.681309 -0.113005
0.352407 -0.541167 -0.577969
0.574981 -0.322153 -0.61232
0.942541 -0.186849 -0.0337581
0.807378 -0.342204 0.199822
-0.0507325 -0.122228 -0.745729
-0.0447095 -0.434514 -0.63316
-0.341352 0.0367788 0.836587
0.798653 -0.31304 0.250272
0.247149 -0.245721 0.820697
0.552742 0.201114 0.598984
-0.255145 -0.136612 -0.677579
-0.311959 -0.635067 0.512677
0.37043 -0.19295 0.778857
-0.411526 -0.410515 -0.476819
0.171727 -0.301352 -0.715208
0.120479 -0.684722 -0.458028
-0.563579 -0.0595902 0.677784
0.524238 -0.0681542 0.657053
-0.485532 -0.44269 -0.392854
-0.17617 0.463246 0.63195
-0.614505 -0.199824 0.580381
0.0979168 -0.274324 0.863771
0.523142 0.022197 0.657596
0.603085 0.454154 0.313065
0.446028 0.671821 -0.199931
0.869037 0.22339 0.125796
-0.0994745 0.662836 0.493924
0.645442 -0.200084 0.525546
-0.0458518 0.805304 -0.414797
-0.283041 0.577885 0.498108
0.946414 -0.172759 -0.0578321
0.849358 0.181036 -0.326598
-0.352299 0.658047 -0.5115
0.754296 -0.101568 -0.512932
-0.149099 0.347756 -0.78845
-0.581809 0.586535 0.120155
-0.624922 0.060718 0.589049
0.668226 -0.576972 -0.274117
-0.460645 -0.646712 0.220257
0.665245 -0.473907 0.250297
0.658577 -0.616124 -0.117951
-0.189295 -0.179009 -0.685465
0.916439 0.170515 -0.036317
-0.113741 -0.264512 -0.679151
-0.718943 -0.127247 -0.176507
0.587185 0.339108 0.467044
0.876874 -0.332077 -0.233867
0.118545 0.726389 0.421932
-0.547821 0.672529 -0.132629
-0.222163 0.782593 -0.422205
0.494677 -0.645988 0.192347
-0.633123 -0.47599 -0.0539879
-0.68516 -0.155093 -0.264315
-0.132094 0.772209 -0.462605
0.0519111 -0.811483 -0.0614444
-0.197775 -0.283315 0.8572
0.431352 -0.150637 0.733308
-0.0208622 0.552882 0.609008
0.612762 -0.00332469 -0.640922
-0.00037211 -0.72462 0.461178
-0.163005 -0.222019 0.892039
0.601783 0.523232 0.18629
0.522398 -0.422364 -0.581094
-0.723046 0.339463 0.055537
-0.50217 -0.499951 -0.325362
-0.0696306 -0.0234908 0.91977
-0.673149 -0.356363 0.245209
0.807288 -0.0605692 0.388198
-0.66783 0.0617456 0.495311
-0.291567 -0.677881 -0.255475
-0.24832 -0.566368 -0.44694
0.4355 0.374532 0.573013
0.466901 -0.372052 -0.649379
-0.384589 0.194524 0.722322
-0.329358 -0.297552 0.769997
0.389917 0.273635 0.682127
0.304631 0.0765347 0.817596
-0.0566388 -0.791626 0.127402
0.709169 0.442252 -0.202683
0.122435 0.696124 0.45879
-0.416548 0.541033 -0.551503
-0.653355 -0.343515 0.381147
-0.394638 0.486348 0.519883
-0.142224 -0.493282 -0.570763
-0.537438 -0.521889 -0.23876
0.0846304 -0.235099 0.887467
0.701615 0.443988 -0.257466
-0.702094 0.366774 -0.341905
-0.469323 0.732088 -0.0409577
0.784244 -0.496248 -0.148832
0.0179203 0.464011 0.698391
-0.553781 -0.491574 0.468377
-0.297611 -0.621784 0.574935
0.226195 -0.0815355 0.868816
0.0400006 -0.587128 -0.569319
0.870937 -0.255895 0.207906
0.426934 0.386128 -0.621068
-0.428931 0.256519 0.661489
0.944801 -0.0884489 -0.207221
-0.0242273 -0.761554 -0.206715
-0.460113 0.133661 0.712715
0.261639 -0.457581 0.690685
-0.635538 -0.45861 0.19861
0.185498 0.464748 0.646188
0.678986 -0.0107059 0.523987
-0.437158 -0.0466316 0.771916
-0.581405 -0.365856 -0.326595
0.44632 -0.0794368 0.720794
0.158033 -0.541485 0.657446
0.27105 -0.794772 0.0711326
-0.125636 -0.783548 -0.0999812
-0.0485717 -0.712817 0.465297
-0.622412 -0.26067 0.533846
-0.660527 -0.414657 -0.0596807
0.210231 -0.819264 -0.0169944
0.297188 0.673522 0.358919
0.796375 0.290318 0.21434
0.466514 0.633014 -0.322101
0.0153865 -0.136557 0.927778
-0.513998 0.536255 -0.45658
-0.66358 0.353936 0.293661
-0.542334 0.302911 0.549247
0.75783 -0.393891 -0.376828
0.692879 -0.239081 -0.543785
0.182989 -0.794066 0.156871
0.507502 -0.708965 -0.0156306
0.213886 -0.0306057 -0.766365
0.0678127 0.743159 0.416626
-0.554465 0.235185 -0.554509
0.773381 -0.172115 0.394999
0.708409 0.250449 0.396349
0.374764 0.565238 0.444244
-0.425403 0.630794 0.369578
0.639104 -0.419995 -0.485513
-0.119662 0.41791 0.68797
0.492005 -0.647069 0.19572
-0.564112 0.237452 -0.543655
0.0654667 0.840446 -0.310226
0.550663 -0.643289 0.0655687
-0.586806 -0.374195 -0.312056
0.536237 0.607125 0.0318418
0.672702 0.46327 -0.298504
-0.259044 -0.700859 0.317754
0.451231 -0.742284 -0.181807
0.427284 0.683241 -0.230747
0.065062 0.920776 -0.109186
-0.552523 -0.0281723 0.693619
0.747968 -0.53497 -0.166347
0.775409 0.336774 -0.299842
0.843017 0.14819 -0.376527
-0.784455 0.194478 -0.075103
-0.328492 0.814947 -0.306778
0.690408 -0.10444 -0.583492
-0.404225 -0.0965155 -0.63566
0.466252 -0.496372 0.536938
0.655372 -0.495701 -0.420694
0.00456069 0.933537 -0.0969714
0.670471 -0.517559 -0.387917
0.419567 0.136427 0.727738
0.85891 0.057637 0.317962
0.284022 -0.227202 -0.72675
0.442653 0.161492 -0.688781
0.367178 0.360732 0.638709
-0.781084 0.171955 -0.0495556
0.16002 -0.609403 -0.548455
0.00862503 0.590108 -0.63972
0.490009 -0.497228 -0.547326
-0.0372296 0.393093 -0.768916
0.297628 -0.00776675 0.836881
0.41997 0.291215 -0.662278
0.0197865 -0.433031 0.79108
0.710288 0.389814 -0.353036
0.679099 -0.0875549 0.515206
3.64062e-05 -0.596711 -0.545993
0.41313 0.700789 -0.192751
0.88492 0.17663 -0.243512
-0.348254 -0.43662 0.703938
0.0223727 0.503262 0.659015
0.115615 0.864946 0.160193
0.0375837 -0.45073 -0.65549
0.925243 -0.241493 0.0577093
0.228638 0.857371 -0.121961
0.578181 0.544808 -0.301854
0.735467 -0.422724 0.212214
0.198133 -0.689777 -0.446425
0.828302 -0.384299 0.0995635
-0.237518 -0.41864 -0.570098
-0.289171 -0.156539 0.843588
-0.0612817 0.461957 0.674292
0.361684 -0.608794 -0.528387
0.275892 0.535261 -0.5985
0.484792 -0.213159 0.680933
-0.590021 0.521334 0.229108
0.187191 0.810383 0.25169
0.348481 -0.203914 0.78632
-0.264951 0.624804 -0.583441
-0.0874287 -0.379476 0.824441
0.386383 0.582344 0.404451
-0.419805 0.666962 -0.451182
-0.511942 -0.486743 -0.330686
-0.0596331 0.539913 0.61344
0.541119 0.59186 0.112469
0.423195 0.431513 -0.585765
-0.741757 0.261346 0.0866345
-0.514432 -0.222627 -0.507639
-0.611478 0.546019 -0.347088
-0.118908 0.798361 0.299737
0.0644097 0.748698 -0.469779
0.232091 0.55801 0.553522
-0.0295651 0.779462 -0.471472
0.804952 -0.0271503 -0.447625
-0.522785 -0.306243 0.643419
0.37552 0.737663 -0.158513
0.452779 0.228613 -0.664534
0.742884 0.0922768 0.471969
0.208541 -0.758108 -0.276878
-0.609318 0.0197908 0.633638
-0.542448 0.236128 -0.567863
0.442865 -0.621302 -0.486227
-0.00744032 -0.420371 -0.652196
0.0697316 0.90557 -0.15453
0.666079 -0.468258 0.263283
-0.562323 -0.296341 -0.404484
0.700036 0.457312 -0.115351
-0.000199457 0.0845014 0.90223
-0.543395 -0.552639 0.318199
-0.362526 -0.696279 -0.0858943
-0.0706992 -0.70548 0.472329
0.53281 -0.711111 -0.146048
0.576072 0.541638 0.195153
-0.745054 0.288261 0.0371959
-0.692198 0.432556 -0.0714052
-0.744624 0.0326419 0.194413
0.552052 -0.0671585 -0.692474
0.560105 -0.690456 -0.13729
0.228523 0.737149 -0.397356
-0.769775 0.286045 -0.0914551
0.140656 0.516594 0.617707
-0.525511 -0.575373 -0.164808
-0.025004 -0.6488 0.581953
-0.422286 0.359589 0.59763
-0.546265 0.637467 0.0453675
0.168581 0.170487 -0.791849
-0.389517 -0.674712 -0.138762
0.758975 -0.520738 -0.104275
0.601821 0.552513 -0.0282092
-0.70266 -0.0940766 0.370256
-0.639619 -0.462879 -0.0518588
0.584114 -0.644223 -0.0173481
0.612327 0.531562 0.111695
0.0664378 0.127892 0.872177
0.662698 0.300822 0.407937
-0.558678 0.639722 -0.0258748
0.22347 0.818991 0.18091
0.392103 0.639042 -0.386298
-0.688605 0.256366 -0.396722
0.525875 0.293486 0.556683
-0.395638 -0.603099 0.489469
0.821809 -0.402782 0.066041
-0.333001 0.738398 -0.440313
-0.0955659 0.366876 0.734367
-0.0177832 -0.736912 -0.282424
-0.49034 0.521574 -0.491829
0.0779603 -0.489698 -0.653567
0.337429 0.0586953 -0.770375
0.180247 0.360272 -0.749137
0.505884 -0.473832 -0.553912
-0.329389 0.482693 0.555547
0.0457643 -0.745147 0.431538
0.348314 0.00771296 -0.767285
0.326333 0.0609277 0.815043
0.850736 0.276172 -0.0475227
0.744665 0.0978249 0.470619
-0.745633 -0.0107449 -0.142072
0.184166 0.840967 0.178698
-0.766166 0.0100417 0.0642898
-0.739665 0.026313 -0.188279
-0.69983 0.395232 -0.300701
-0.383183 0.780914 0.138571
0.14568 0.892878 -0.053758
0.61512 -0.34412 0.491337
0.0849187 0.283946 -0.793925
-0.105616 0.26196 0.798598
-0.295002 -0.677093 -0.254275
0.57068 -0.603137 -0.400223
0.977845 -0.0291892 -0.0238941
-0.478468 0.119929 -0.62937
0.48324 -0.308477 0.65146
-0.0912445 0.799564 0.308368
0.563442 -0.687325 -0.0955121
0.271087 0.799897 -0.268962
-0.499181 -0.353212 -0.440148
-0.229502 0.114508 -0.745435
-0.528843 0.363545 0.514368
-0.595696 0.000568536 -0.476831
0.128757 0.310768 0.791452
0.530188 0.599644 -0.205051
-0.698103 0.201433 0.349697
-0.389427 -0.0368996 0.807265
0.590172 0.401875 -0.473645
-0.688146 0.267173 0.304827
0.129875 0.837541 -0.303705
-0.352614 0.19172 -0.723906
0.520677 -0.715097 -0.0645055
0.12528 -0.796538 0.179385
0.936732 0.0408691 0.106951
0.741827 0.287534 -0.441058
0.838724 -0.384053 0.0754046
0.916818 0.0542812 0.170101
-0.16109 -0.501047 -0.559986
-0.707623 -0.223816 0.291729
-0.680346 -0.311879 -0.167304
0.159339 0.442812 0.672788
0.352572 0.501143 0.540874
0.043551 0.782157 -0.435644
-0.0629453 0.733319 0.427929
-0.358011 -0.721182 0.0656582
-0.644263 0.147958 0.514551
-0.05695 0.610613 0.549976
0.634219 0.156548 -0.579426
0.782679 0.129603 0.397368
-0.672182 0.461524 0.0802331
0.965277 -0.110647 0.0584501
0.84041 0.0739968 0.351603
0.061074 0.492198 -0.714487
0.661041 -0.469558 -0.431808
0.515632 0.548089 -0.395079
-0.560297 0.636002 -0.0156496
0.318216 0.541743 -0.570323
0.393599 0.725575 -0.109243
0.261521 0.0691414 0.83306
-0.579966 -0.498784 0.355351
0.0870763 0.737216 -0.473079
-0.711169 0.396833 -0.0801949
0.197321 -0.748635 -0.3024
0.221816 0.864901 -0.058209
-0.21043 -0.760249 0.12427
-0.543227 0.4794 -0.469601
-0.161885 -0.620674 -0.438829
0.101138 -0.0689244 0.907023
0.425364 -0.142104 0.73817
-0.747433 -0.114901 -0.0632587
0.394455 -0.752163 0.0521805
0.466309 -0.684148 0.15279
-0.0956241 -0.313043 -0.665552
0.493589 0.619893 0.16319
0.25333 0.141993 0.81268
-0.25085 0.878368 -0.0197642
-0.555777 -0.231483 -0.449147
-0.181869 0.465674 -0.722943
0.200373 -0.535205 -0.617861
0.167968 -0.150541 0.885366
-0.421532 -0.291519 0.715084
-0.593582 0.62049 -0.107897
0.159519 0.455389 0.662314
-0.732617 -0.18539 -0.0679495
0.299814 -0.702917 -0.420392
-0.180232 -0.0855344 -0.71523
-0.548978 0.464944 0.386567
0.172819 -0.658367 -0.491872
0.601864 -0.406023 -0.531663
-0.45719 -0.631579 -0.173103
-0.562074 0.425248 0.410257
-0.396729 0.216253 0.702982
0.0387676 -0.310201 0.869175
0.757234 -0.482784 -0.2823
-0.55449 -0.313373 0.61236
0.421985 -0.353798 -0.685934
0.3345 -0.782616 0.00638749
-0.41841 0.514694 -0.569913
-0.400807 -0.639991 0.366993
0.081001 0.839258 -0.309785
-0.62835 0.545614 -0.301387
0.243227 -0.608432 0.574545
-0.0236017 -0.75083 0.346464
-0.465853 0.181672 -0.650191
0.055687 0.451295 0.698287
-0.564864 0.193504 0.61364
0.593343 -0.665285 -0.125321
-0.139621 -0.779176 0.11023
0.0461382 0.5257 0.634674
0.349767 -0.582207 0.554885
-0.0882726 0.0706075 0.886485
0.00229453 -0.755229 -0.234893
-0.0399127 -0.763531 0.276455
0.614204 -0.559565 0.144813
0.628586 -0.54538 -0.415564
-0.469143 0.74272 -0.155037
0.943119 -0.182461 -0.058238
0.556799 -0.559247 0.282325
0.0344159 0.509082 0.652194
0.579462 -0.383457 0.498971
-0.160074 -0.708235 0.381391
0.901295 -0.0534712 -0.340005
-0.767884 0.232866 -0.200383
-0.381459 0.0894505 0.783486
0.129359 0.339614 0.767919
0.208094 0.869586 -0.118136
0.246863 0.21021 -0.765286
0.0250313 -0.685888 -0.448914
0.169916 0.295603 0.783339
-0.701702 0.0185131 0.375632
-0.323814 0.0833264 0.817938
-0.525874 0.306266 -0.586813
-0.0587414 0.829554 0.261929
-0.367191 0.583267 0.451549
-0.393205 0.792187 -0.170863
-0.734456 -0.181845 0.149733
0.578928 -0.255727 0.580888
0.745148 0.336245 -0.370297
0.147258 0.560348 0.579342
-0.315871 -0.711601 0.224604
-0.0708374 0.470587 0.664052
-0.586626 -0.284416 0.583434
0.454041 -0.417536 0.628492
0.381366 0.680555 -0.342257
-0.712279 -0.25618 -0.10716
0.932706 0.00129686 -0.249988
-0.742354 -0.134814 0.133122
0.170549 0.660017 -0.526349
0.1502 0.210118 0.824019
0.467822 0.114228 -0.689315
-0.653637 0.103121 0.511866
0.504399 -0.689597 0.0463135
-0.0984423 0.461792 -0.73617
-0.630128 -0.193084 -0.343559
-0.30973 0.331336 0.682635
-0.639053 0.489581 0.178732
-0.691812 -0.178851 0.409039
0.626212 0.36485 0.393166
0.259406 -0.408856 -0.679923
0.90638 -0.303161 0.051476
-0.146424 -0.182067 -0.699943
-0.245539 -0.00112741 -0.713732
-0.572636 0.662137 -0.225529
-0.622392 0.0712531 0.590374
0.145571 0.692182 -0.499999
0.686852 0.462997 0.134606
-0.663691 -0.0861441 -0.326648
0.367726 0.386715 0.619761
-0.263777 0.0392882 -0.71722
-0.362916 0.127869 0.772587
-0.235245 -0.59942 -0.416805
0.716231 -0.477962 -0.355051
0.178357 -0.715092 -0.397507
-0.53904 0.192299 0.632826
0.487889 0.0412108 0.686341
0.159667 -0.782117 0.247418
-0.478932 -0.645772 -0.029083
0.692552 -0.480861 0.166854
-0.41462 -0.552276 -0.339257
0.464789 -0.0371371 -0.726875
-0.14521 0.922147 -0.16147
-0.45857 0.0675527 -0.637773
-0.382296 -0.65954 -0.216014
0.834161 0.256934 0.169568
0.813044 0.203238 -0.382867
-0.60006 0.494905 -0.39802
0.295272 -0.748073 -0.296238
0.960401 0.0729419 -0.137546
-0.312295 -0.714455 -0.113556
-0.434073 0.717588 0.197992
0.0937323 -0.042461 0.906305
0.202919 -0.332215 0.796369
0.884681 -0.339181 0.0814859
0.291242 -0.129282 0.832871
0.565767 -0.29765 -0.637242
0.0970613 -0.220746 0.88957
0.0707869 -0.139333 0.921615
-0.605184 -0.466854 0.336864
0.68153 -0.439128 0.276809
0.443387 0.672622 -0.209815
0.737771 0.419791 -0.150936
-0.739863 -0.216168 0.0808622
-0.322636 -0.0256315 -0.683169
0.896616 0.0751608 0.211985
-0.0935421 -0.374454 -0.640855
-0.578289 0.301029 -0.528165
0.0244907 0.751242 -0.485084
0.258331 0.606264 0.503436
-0.248036 -0.314563 -0.611111
0.109522 0.0409774 -0.779379
0.368416 -0.676743 0.347183
0.860325 0.249822 -0.114902
0.856935 0.0166811 0.326416
0.799296 0.276203 -0.324642
0.909269 -0.287379 0.0745154
0.660627 0.0528411 -0.594515
0.881559 0.232618 -0.0056216
-0.164133 -0.182571 -0.69329
0.253347 0.791856 0.190651
-0.131946 -0.547415 -0.544438
-0.222682 0.89834 -0.102591
0.650903 -0.566091 0.0401442
0.679295 -0.595998 -0.110113
0.431327 0.694853 0.0477159
-0.35208 0.765423 0.2032
-0.418815 0.479957 -0.596266
-0.130947 0.449194 -0.740081
0.709638 0.352686 0.297502
0.0332858 -0.195823 0.90813
-0.584207 -0.123843 -0.44885
-0.608341 0.00727977 0.636738
-0.409297 0.00880207 -0.65675
0.266432 0.822762 0.109857
0.170073 0.610968 -0.585762
0.281007 -0.808103 -0.0487201
0.090596 -0.475513 0.734635
-0.695372 0.211645 0.347717
0.869618 -0.299779 0.15482
0.634537 -0.343099 0.463803
0.0701332 0.812318 0.305695
-0.770151 0.0282 0.0371202
0.770366 0.401198 0.000288963
0.312315 -0.444746 0.680437
0.302226 0.702651 0.295487
0.616933 0.511608 0.181422
-0.0999817 -0.338039 -0.653703
-0.195343 0.154156 -0.759074
0.139543 0.585282 0.561139
-0.690811 0.256842 -0.392952
-0.695933 0.422215 -0.23879
-0.189529 -0.435814 0.769151
-0.381515 0.496143 -0.619312
0.782898 0.328542 0.196957
-0.189791 0.43399 -0.742139
-0.358488 -0.190997 -0.619171
0.478443 0.277952 -0.636799
-0.331077 0.766145 -0.410347
-0.372553 -0.718435 0.0903165
-0.0407942 0.745901 -0.510908
-0.647049 0.379067 -0.433589
-0.593563 0.295553 -0.510911
0.903918 -0.255958 -0.224294
0.199783 0.326931 0.755605
0.889882 -0.345246 0.00742766
0.709534 -0.299458 -0.492529
-0.611738 0.317888 -0.487953
-0.652836 -0.0577713 -0.355503
-0.565745 -0.572337 0.0798222
-0.182389 0.74781 0.372972
0.8959 -0.217466 0.191306
0.0857183 -0.032677 -0.766748
0.743101 -0.339303 0.305026
0.723629 -0.117643 -0.548708
-0.342471 0.71165 -0.463156
0.683288 0.267662 0.413408
-0.318482 0.433201 -0.721226
-0.419809 0.516077 0.480427
0.0763571 0.616344 0.54202
-0.621755 0.55828 0.0637204
-0.315896 -0.362597 0.753275
0.652251 0.497185 -0.170922
-0.480473 -0.594613 0.374407
0.665642 -0.226998 0.49657
-0.451126 -0.660331 0.193749
0.06073 0.553597 -0.663894
-0.752302 0.186261 0.105852
0.11966 0.901825 -0.0752399
0.4807 0.607574 0.220648
0.724506 -0.349571 0.321497
-0.0384891 -0.58977 0.654385
0.733498 0.335206 -0.390031
-0.0149174 -0.775948 0.243485
-0.403458 -0.668266 -0.132879
-0.559945 -0.368838 -0.358402
0.78312 0.260674 0.275074
-0.694437 -0.300804 -0.123071
0.471755 -0.633373 -0.457025
0.642518 0.512747 0.0820263
0.195621 -0.773671 -0.227796
0.0842347 -0.302377 -0.71726
0.518829 -0.329137 0.610126
0.946555 -0.127658 0.115974
0.679699 -0.35279 0.385936
-0.110841 0.821206 -0.388268
-0.144983 0.778662 0.328359
0.547463 -0.672798 -0.00978113
0.47688 0.660709 -0.0137808
0.79938 0.273105 -0.328531
0.232897 -0.115515 0.86397
0.895179 -0.00151423 0.255097
0.837553 -0.377449 -0.263116
0.728295 0.219375 0.395431
0.311176 0.196988 0.775152
0.262629 0.531588 0.564905
0.307151 -0.14916 -0.74137
0.048387 -0.482023 -0.64631
0.72306 -0.539457 -0.229486
0.202303 0.807725 0.234618
0.59202 0.110325 0.600946
-0.470029 0.483409 0.469293
-0.457831 -0.00126419 -0.626109
0.142464 -0.407915 0.77294
-0.36232 -0.722956 0.090095
0.85281 0.23537 0.152732
0.452169 0.589389 0.297934
0.0302272 -0.410706 -0.669513
0.198378 -0.538606 -0.615528
-0.237322 0.149084 -0.749596
-0.557968 -0.501292 0.434079
-0.362767 -0.141773 -0.636348
-0.322932 0.785696 0.187768
-0.224503 -0.613558 0.607693
0.867463 -0.215722 0.263898
-0.684831 -0.133959 0.435055
0.771062 0.398326 -0.0290736
0.630805 0.526779 0.0341163
0.698939 -0.237642 -0.538768
0.196038 0.0106641 -0.773741
0.788621 -0.374509 -0.346912
0.482683 0.205815 0.653597
0.0785082 0.531942 0.62399
0.769878 0.367981 -0.263809
0.544985 0.447975 0.396073
0.068753 0.446002 0.698817
0.0249396 0.200539 0.864677
0.344008 0.762389 -0.172614
-0.731714 0.0612203 0.251214
-0.26627 0.423556 0.630824
-0.271496 0.874274 -0.0937801
0.784574 0.292809 0.236699
-0.0396289 0.35513 0.76256
0.201726 0.871745 0.0802251
0.550475 0.583688 0.11345
-0.531617 -0.00191715 -0.564213
0.748791 -0.066256 -0.514398
-0.756926 -0.125059 0.0312058
-0.189759 -0.744314 -0.167257
-0.331499 0.72951 0.291402
-0.0853557 -0.742746 0.320043
0.451504 0.0832936 0.71573
0.142992 0.319257 -0.77046
-0.285992 -0.126323 0.855639
0.531536 0.459829 -0.468879
-0.0420189 0.508227 0.644751
-0.332837 -0.349523 0.747796
0.800542 -0.271892 -0.419343
0.767769 0.145617 0.404817
0.93761 -0.193899 -0.102691
-0.0157964 0.62791 0.53433
-0.19166 -0.0350254 0.890951
0.139462 -0.627213 0.586111
0.363964 0.720405 -0.294564
-0.0611292 -0.425 0.796719
-0.628525 -0.405018 0.385003
0.149727 -0.63533 -0.519085
0.625579 0.466305 0.266598
-0.61699 0.047039 0.611122
-0.398701 0.720119 0.254362
0.662438 0.00586539 -0.599908
-0.118125 -0.732247 -0.24733
0.26187 -0.568624 -0.579641
-0.774583 0.0712643 -0.0760331
0.233326 0.696909 -0.443302
-0.655347 -0.419661 -0.0746612
-0.576397 -0.178446 -0.439851
-0.0126086 0.40517 -0.763731
0.357994 0.359595 0.647029
-0.0869668 -0.0176329 0.914016
0.277381 -0.220387 -0.728252
0.876921 0.209757 -0.190221
-0.347417 0.781509 0.174324
-0.744281 -0.0305427 0.206785
0.592693 -0.650245 -0.264729
0.188611 -0.68655 -0.452107
-0.704046 -0.00686928 -0.281424
0.118727 0.902175 -0.0741637
0.226502 -0.498847 -0.636231
-0.509495 0.680264 0.0158839
-0.588001 -0.226633 -0.402486
-0.333674 -0.721645 -0.00297812
0.088594 0.332095 -0.779655
0.422669 -0.0404372 0.739976
0.684315 -0.249475 0.467792
0.786785 0.3106 0.210875
-0.295311 0.841547 -0.283136
-0.477859 -0.0162967 -0.607659
0.0295165 0.715264 0.4478
-0.544417 0.160613 -0.564996
0.898665 -0.17087 0.230354
0.0676972 0.209624 -0.799577
-0.314184 -0.607312 -0.344901
0.633656 0.094835 -0.599366
-0.105121 0.139745 0.861312
0.914031 -0.16838 -0.302504
0.565516 0.462434 -0.437973
-0.0754765 0.517712 0.62524
0.0178032 0.572211 -0.653997
0.120757 -0.463456 0.737154
0.0396251 -0.814048 0.0549102
0.545261 -0.469426 0.451017
-0.635467 -0.181242 0.553823
0.18547 0.737625 0.379965
0.476502 0.244011 -0.647541
-0.555415 -0.589108 0.0493031
-0.496151 0.704682 -0.284922
0.753525 -0.470674 -0.301424
-0.533671 -0.0946985 -0.539057
0.612918 -0.583912 0.0832119
0.274238 0.814169 -0.223676
0.618574 0.0348415 0.578534
0.772746 0.397709 -0.0167368
-0.553834 -0.586412 0.0851935
-0.426974 0.757024 0.0434801
0.503791 -0.659511 0.132423
0.545382 -0.0760553 -0.69625
0.740136 -0.475373 -0.31844
-0.0324097 0.258918 -0.796901
-0.366839 0.805903 -0.221752
0.251347 0.681534 -0.450791
-0.316175 0.838543 -0.215084
0.217274 -0.14683 -0.744162
0.666851 0.177945 0.52032
0.671811 -0.193509 -0.580019
-0.0253789 -0.810551 -0.00874462
0.444072 0.238426 -0.666063
-0.27722 0.850319 -0.296392
-0.546717 0.655043 -0.0422655
0.09723 -0.31538 -0.714409
0.46671 0.198274 0.672051
-0.305221 0.688473 0.379684
-0.143391 0.732633 -0.520436
0.0725191 -0.742818 0.442176
-0.456926 -0.170693 -0.582066
0.69544 -0.420465 0.278295
0.014925 0.429985 0.725751
-0.19879 0.618566 0.501389
-0.132862 -0.41746 0.791512
-0.616115 -0.320328 -0.298356
-0.0485561 -0.152994 0.922678
-0.544164 0.296555 -0.566521
0.11616 -0.3812 0.801137
0.323225 -0.717095 0.290689
0.041163 -0.811622 -0.0544483
0.734604 -0.492685 -0.308956
-0.765456 0.260301 -0.0118399
-0.626316 0.0311989 0.597415
0.294349 -0.695326 0.37844
0.764723 -0.517335 -0.170039
-0.267788 0.0244473 0.859863
0.381987 -0.0327785 -0.753139
-0.273882 0.866964 0.00139062
-0.657137 -0.109364 0.530967
0.579885 0.0647705 -0.640236
0.246625 -0.540727 0.633617
0.14869 0.354838 -0.760808
0.356512 -0.522239 -0.589777
0.703151 0.343295 0.314908
0.551773 -0.518784 -0.488587
-0.553163 -0.270995 0.631144
0.0423298 -0.648619 -0.507572
0.548274 -0.537719 0.359672
-0.615044 -0.131166 -0.393344
0.831581 -0.276538 0.244134
0.661842 -0.128602 -0.613272
-0.771255 -0.0214421 -0.0306329
-0.552565 -0.560107 -0.13378
0.130719 0.334134 0.772019
-0.314353 0.790102 0.186435
-0.671125 -0.207479 0.477494
0.769168 0.369389 -0.262906
0.0779341 -0.615235 0.613569
-0.493332 0.406078 0.510321
-0.587975 -0.542836 -0.0613224
0.767049 -0.217841 0.389623
0.424699 0.463473 0.510106
-0.14473 0.621782 -0.617667
-0.310286 0.302827 -0.757432
0.569709 0.388032 0.443372
0.14365 -0.144058 -0.746108
0.921466 -0.0659397 0.204954
-0.3525 0.77132 0.190695
-0.520277 -0.28712 0.653639
0.378671 -0.75029 -0.238241
-0.346061 -0.100052 -0.658325
-0.733448 0.250047 0.136569
-0.283553 0.275416 -0.758858
-0.42906 -0.686842 0.154726
0.0663403 0.519301 -0.69243
-0.483036 -0.578117 0.421056
0.422564 -0.389138 -0.661342
0.768346 -0.41243 -0.33958
-0.73704 0.137704 -0.254545
0.168617 -0.785016 0.222522
0.0953351 0.845863 -0.291489
0.351207 0.764552 0.0214608
0.730508 0.383036 -0.33041
0.528809 0.36731 0.500042
0.273871 -0.668021 -0.4773
-0.383653 -0.534171 0.601797
-0.314909 -0.653735 0.441062
-0.39577 0.766545 -0.328064
0.294895 0.0183208 0.834493
0.819976 0.295959 -0.221493
0.588154 -0.657851 -0.255303
-0.608093 -0.0840405 0.6387
0.522627 0.218393 0.611814
-0.310414 -0.557508 -0.410957
0.505169 -0.287146 0.639107
0.171825 -0.785177 0.218734
0.558425 0.0690942 0.628569
0.806364 0.0876431 -0.430931
0.171725 0.513177 0.610521
-0.320766 -0.40825 -0.537831
0.258881 0.836027 -0.0392698
0.0770918 -0.763257 0.391644
-0.0648992 -0.710824 0.458141
-0.103767 0.00890646 -0.754956
-0.706578 0.219385 0.290279
-0.775757 0.107571 -0.00800911
0.276753 -0.333926 0.765873
0.615781 -0.116488 -0.659968
-0.193381 -0.110949 0.896681
0.543797 -0.302345 -0.656167
0.767157 0.376273 0.165934
0.489972 -0.654578 0.179474
0.523399 0.606441 -0.197953
-0.665067 0.144491 -0.401331
-0.770252 0.117977 0.0255769
0.538274 -0.488825 0.439117
0.181292 0.725391 0.398982
0.805878 -0.238292 -0.435574
0.812582 -0.341956 0.191912
0.220567 0.493228 -0.658703
-0.10231 0.850436 -0.319809
0.611969 -0.640125 -0.0726735
-0.529322 0.524413 0.344994
0.100228 -0.637785 -0.517986
0.582185 -0.327324 0.542705
0.655448 -0.487259 0.238238
0.678103 0.478496 -0.102902
-0.0689439 -0.425819 -0.628212
0.815687 0.348355 0.0613909
0.184314 -0.477582 -0.65714
0.788326 -0.181895 0.376266
-0.772908 0.258502 -0.183058
0.847764 0.214992 -0.293049
0.876416 0.023074 0.288304
0.0636073 0.22114 -0.799829
-0.030126 -0.385547 -0.658646
0.981646 -0.0677037 -0.035932
-0.501009 -0.630693 -0.0256567
0.335272 -0.209803 0.790997
0.938402 -0.174417 0.0946589
0.681985 0.080494 -0.568751
-0.638765 -0.232048 -0.309427
-0.333591 0.671146 0.382598
0.219522 -0.774387 0.219785
-0.314458 0.343833 0.673776
0.522356 0.170238 -0.643009
0.0674994 0.855274 0.21781
-0.353361 0.735493 0.262687
-0.665925 0.343883 0.297144
0.65374 -0.330112 0.450298
0.547025 0.0379143 -0.666938
-0.175912 0.254599 -0.776945
0.919355 0.157121 -0.110802
-0.116861 0.733988 0.424606
0.0737198 -0.786083 0.251604
-0.152237 -0.780809 0.0903492
-0.0178067 -0.639621 0.596007
0.566201 -0.24158 0.596017
-0.188896 -0.773755 -0.0845419
-0.382583 0.65525 0.3676
-0.450207 0.289753 -0.670246
-0.723253 0.334793 0.0627221
0.920553 0.040445 -0.292543
-0.649462 0.373048 0.319607
0.673272 0.356254 0.340875
0.438426 0.596659 -0.400248
-0.368913 -0.614285 -0.292837
0.863334 -0.198875 0.289983
0.123119 0.90168 -0.0062152
0.573974 0.455219 -0.437587
0.884977 -0.284323 0.149985
0.1298 -0.619527 0.595596
0.74255 0.0464362 -0.506633
0.760291 -0.221349 0.395932
-0.641294 0.439675 0.247969
-0.411321 -0.333177 0.705361
0.19087 0.816951 0.233192
0.934244 -0.20801 -0.0647176
0.448317 0.419436 0.528926
0.144645 -0.48953 0.7074
-0.414071 0.00871309 -0.653942
-0.145185 -0.73199 -0.230866
0.835343 -0.382697 0.0870473
-0.0818218 -0.762717 -0.180625
0.064853 -0.316393 -0.714918
0.127414 -0.525977 -0.63839
0.963086 -0.0103482 0.0454058
-0.532711 -0.578053 -0.13144
-0.434617 0.161858 0.711638
0.908296 -0.296045 0.0382532
-0.433548 -0.59822 0.441406
0.0144449 0.391141 -0.76658
0.819215 0.00552939 -0.427683
-0.0137071 0.477223 0.679373
-0.333864 0.501048 -0.655068
-0.215028 0.565804 0.537136
0.629513 0.499707 -0.305837
0.594959 -0.329642 0.526807
-0.369961 0.804431 -0.213193
0.0424762 -0.579869 -0.576979
-0.412613 0.496819 0.500079
-0.388253 0.755848 0.190308
-0.448951 0.610966 0.376098
0.221308 -0.64243 0.537198
-0.0623522 0.876181 0.140519
0.52778 -0.663537 0.0635204
0.0842279 0.801778 0.321744
0.37334 0.118675 0.766566
0.383126 -0.652474 0.39457
0.825979 0.0610689 0.379083
-0.396704 -0.689991 -0.0180836
0.472301 0.609525 -0.353969
0.0759445 0.824005 0.282327
0.760584 0.0948119 -0.480543
-0.272315 -0.320062 -0.600273
-0.71909 -0.307543 0.0305922
0.496747 0.0435634 0.679091
-0.378205 0.141447 0.756016
-0.538217 -0.313666 -0.422685
0.362672 -0.757271 -0.229021
0.292948 0.693472 -0.403172
-0.276692 0.582456 0.497408
-0.633257 0.545973 -0.133282
-0.596163 -0.476895 0.351938
-0.625963 0.557152 -0.241742
-0.216509 -0.761521 0.112925
-0.388967 0.10382 -0.690324
0.166627 0.884357 -0.119922
-0.0734517 -0.791026 -0.0918678
-0.394897 0.649592 -0.487623
-0.392467 0.556578 0.461523
-0.410835 -0.0579684 -0.640603
0.681817 0.217221 0.46394
0.00204744 0.349163 0.781492
0.961718 -0.0576264 -0.148687
0.468647 0.310313 0.59163
0.489777 -0.443026 -0.587215
-0.742105 -0.0808283 -0.111808
0.768726 -0.00536014 -0.484595
0.583218 0.546232 0.155387
0.382229 0.38483 -0.646575
0.0635717 -0.569162 0.658546
-0.641655 -0.370967 0.386657
0.317447 -0.778033 0.0700688
-0.0122627 -0.794907 0.153125
0.173546 0.85272 -0.259447
0.782956 0.231536 -0.418678
0.612989 -0.424771 0.402068
-0.16501 0.851621 -0.326535
-0.567109 0.640503 -0.295053
0.622952 0.529548 0.0812274
-0.0670327 -0.646564 0.579357
-0.52492 -0.49412 -0.301134
0.969063 -0.094256 -0.0997585
0.546397 -0.556896 0.313318
0.610761 -0.381547 0.454892
-0.540605 0.503577 0.353387
0.0567978 -0.779651 0.292884
0.116496 -0.788568 0.23506
-0.601164 0.101177 -0.500697
0.269629 0.248566 -0.743331
-0.274168 0.78423 0.234699
0.136099 -0.491723 0.707778
-0.232766 -0.765698 0.035207
-0.523598 -0.621735 0.0161736
-0.025095 -0.390118 0.828371
-0.148495 -0.189184 -0.696478
0.354763 0.177672 -0.726822
-0.419428 -0.0921548 -0.627777
-0.637271 -0.0728746 0.599913
0.140205 -0.520286 0.681202
-0.30976 -0.714069 0.22093
-0.63562 0.535899 0.0718899
0.319938 -0.0651152 0.819539
0.182221 -0.62428 0.577062
0.0836339 -0.801195 -0.109809
0.614588 -0.330693 -0.567292
0.158624 0.521864 -0.669088
-0.774634 0.124451 -0.107224
0.521538 0.616186 -0.1419
-0.527262 0.631137 0.166841
0.744556 -0.0758136 -0.52029
-0.708444 0.0281439 0.350829
0.117335 0.896007 -0.16655
0.880397 0.0934606 0.244241
0.833929 0.309128 0.084711
0.640106 -0.270973 0.506827
0.612519 -0.651916 -0.200406
-0.669323 0.365289 -0.406854
-0.66765 0.0655032 0.495959
-0.133239 0.864845 -0.291355
-0.730572 -0.25743 0.111361
-0.17143 -0.678657 -0.339744
-0.341325 -0.673274 0.343919
-0.487539 0.712748 -0.279697
-0.343381 -0.729931 0.0807156
0.132097 0.707698 0.442503
-0.109922 0.919306 -0.16268
-0.152493 0.851442 0.15393
-0.309745 0.128684 -0.72312
0.177404 -0.757691 -0.271009
-0.0523499 -0.6873 0.514684
-0.661189 0.420394 0.203451
-0.41149 0.375505 0.594028
0.0997871 0.415909 -0.754546
-0.0290843 0.711309 -0.539405
0.408188 0.43857 0.549295
0.0843238 0.656646 -0.567411
0.846077 0.293974 0.0153363
0.723145 0.389376 -0.333443
-0.743759 -0.116795 -0.0780288
-0.0633252 -0.448637 0.778524
0.281128 -0.76335 -0.259274
0.918028 -0.218265 -0.203107
0.580733 -0.627186 0.0387025
0.232396 -0.198606 -0.73367
-0.602168 0.603883 -0.0957873
-0.0231141 -0.652389 0.576344
0.041873 0.723408 0.438643
0.599589 -0.157653 0.579448
-0.0287938 0.560584 -0.670194
0.0356999 -0.768174 0.329227
0.758589 0.00620334 0.455001
0.0781943 0.806313 0.31483
0.632961 0.518023 -0.130906
-0.743508 0.162555 -0.247947
0.411404 -0.501489 -0.587172
-0.709884 -0.0137194 -0.265336
-0.765916 0.228691 -0.205716
0.818074 -0.172538 -0.452072
-0.651775 0.28124 0.395018
0.620809 -0.153476 0.559528
0.394766 0.595214 0.369384
0.277879 -0.679891 0.436354
-0.403446 -0.620844 0.421698
0.494246 -0.345286 -0.653315
-0.767515 0.0999336 0.0450954
0.331728 0.757091 0.143807
-0.0959622 -0.790815 -0.084954
-0.256796 -0.529824 0.684615
0.15944 -0.772682 -0.221909
0.798254 0.0900298 0.401701
-0.708789 0.292567 0.184311
-0.554759 -0.18227 -0.471468
0.344717 0.767496 -0.0459738
0.111404 -0.340965 0.826963
0.649714 0.480573 0.195306
-0.430768 -0.422168 -0.453064
0.309431 -0.665272 -0.479219
0.634701 -0.624522 -0.0833338
0.42286 0.181988 0.714936
-0.268826 -0.0155677 -0.702868
0.488761 -0.6481 0.200606
0.0910624 -0.487563 -0.657518
-0.219181 -0.501641 0.715627
-0.148564 0.889442 0.0408378
-0.466449 -0.669014 0.0940769
0.899493 0.113131 0.169513
0.577756 0.162186 0.602796
0.455343 0.320377 -0.637003
0.601336 0.54129 0.109986
-0.613554 0.58189 -0.0808029
0.886593 -0.205342 -0.352271
-0.706357 0.320552 0.1576
-0.693875 0.0282163 -0.311243
0.577943 0.544537 -0.305106
-0.326623 -0.212002 0.801755
0.872318 -0.313311 -0.266502
-0.689603 0.0977989 0.420325
-0.142453 -0.373852 0.817842
0.0351854 0.750527 0.412281
-0.399422 -0.0188703 0.801422
0.872658 -0.25716 0.203595
0.349513 -0.618256 0.502013
0.161273 -0.818791 0.0241631
0.493907 -0.10317 0.681985
-0.679683 0.0808009 0.454485
-0.185648 -0.169983 -0.690232
-0.68025 -0.124617 -0.284243
-0.327283 -0.638872 0.484074
0.153568 -0.797304 0.164064
-0.371041 -0.233662 0.766842
0.513661 -0.472034 -0.549897
0.52245 -0.473349 0.480243
-0.131826 0.763136 -0.476624
-0.394891 0.772447 -0.302412
0.724382 -0.528304 -0.0346549
0.0433629 0.929762 -0.0304841
0.298769 -0.0390793 -0.763058
-0.490487 -0.638681 -0.027934
-0.0379023 -0.612865 0.629065
0.575117 0.393853 0.430974
0.328709 0.102287 -0.761893
-0.69148 -0.224055 0.398354
-0.263981 0.566072 0.517621
0.318219 -0.395766 0.709376
0.676575 -0.366029 -0.482724
0.252334 0.837283 -0.159306
-0.0446796 0.392208 0.73318
0.5707 0.554864 0.164075
-0.503925 0.65661 0.156513
0.797987 0.316026 -0.275151
-0.219917 0.86595 0.0592195
0.541168 0.435216 -0.483762
-0.424007 0.612301 0.397062
-0.0535872 -0.760456 0.276231
0.230979 -0.028237 0.860715
0.691484 0.165895 0.500139
0.848205 -0.287761 -0.341926
0.978344 -0.0352194 -0.019772
0.66876 -0.276377 -0.548052
0.205139 -0.204546 -0.73322
-0.732018 0.332436 0.0258511
-0.675045 0.46667 -0.130057
-0.0808094 0.624795 -0.620627
0.75751 -0.511792 -0.212173
0.0230046 0.869319 0.209846
0.147856 0.796414 -0.364392
-0.513002 0.499698 0.404717
-0.700246 -0.205008 0.356491
0.0174231 -0.465057 -0.64242
-0.765726 0.0318946 0.0646847
0.0562411 -0.496565 0.725245
0.152669 -0.579272 0.625234
-0.464202 0.418744 0.524258
-0.0933008 0.290417 0.787091
-0.112937 0.260974 -0.78948
0.636819 -0.586667 -0.327971
0.403441 -0.762581 -0.162222
-0.179793 0.448486 -0.734582
-0.153422 -0.75933 0.183741
0.274087 0.684194 0.371613
0.20156 -0.776871 0.232292
-0.424219 -0.606561 0.431194
0.875617 -0.31836 0.121983
0.117452 0.0268582 -0.7769
0.733752 -0.0641631 0.466311
-0.440234 0.163653 0.707353
0.28851 0.773513 0.175099
0.547398 0.598637 0.0190782
-0.532413 0.654323 -0.338258
0.519184 0.490624 -0.450398
-0.144105 0.510444 0.606282
0.192283 -0.804336 -0.13506
0.51476 -0.385819 -0.613511
-0.706166 0.137754 0.358936
-0.161048 -0.218071 0.893077
-0.659345 -0.0252438 0.523975
-0.344978 -0.513654 -0.435673
-0.322775 -0.732997 0.130899
0.206581 -0.531384 -0.619734
-0.370236 0.467248 -0.6514
0.720966 0.0433104 -0.53075
0.301162 -0.477748 0.660619
-0.00274713 0.893439 0.12717
0.916368 -0.266874 -0.0101059
0.217914 0.866526 0.0882666
0.570769 0.276249 0.531588
0.763345 -0.0196031 -0.492356
-0.288597 -0.0230295 -0.694757
-0.689312 0.362257 0.173466
-0.332958 0.468619 0.565678
0.405415 0.276542 0.667384
0.339475 0.284808 0.714492
-0.540152 -0.240848 0.650554
-0.410784 -0.373017 -0.505887
-0.358816 0.0271062 0.82717
0.220212 -0.814768 0.00101536
-0.54599 -0.382273 -0.370821
-0.158799 -0.115023 0.906137
-0.314953 -0.00179552 0.852765
-0.564772 0.641535 -0.297701
0.0971537 -0.334469 0.835464
-0.529152 -0.557773 -0.204711
-0.465318 0.469458 0.48397
-0.291471 -0.136826 0.848723
0.330489 0.31673 -0.69478
-0.754968 0.057702 -0.146146
0.567857 0.561661 0.145026
-0.224233 -0.501225 -0.527684
-0.651802 0.429478 0.231483
-0.451651 0.741611 -0.272226
-0.0427941 0.833725 -0.348145
-0.439016 0.739029 0.0724775
-0.44129 0.680483 0.286007
0.421041 -0.691692 -0.390062
0.123235 0.138745 0.853435
-0.208515 0.865868 0.0681292
-0.574874 0.158396 -0.530924
0.654977 0.235541 -0.541353
0.46818 -0.671987 0.182794
0.249427 0.29862 -0.736972
-0.135211 0.501546 0.616495
-0.69016 -0.269953 0.336739
0.408208 0.718257 -0.00210634
-0.33018 -0.186985 0.807873
0.38075 0.400137 0.599553
-0.123493 0.772609 0.3489
-0.383928 -0.676267 -0.146771
-0.00468627 -0.711486 -0.363074
0.184033 0.297759 0.776987
0.758374 -0.279482 0.353635
0.124551 0.807453 0.300646
0.879143 -0.244161 -0.331947
-0.413699 -0.0122248 -0.649378
0.114779 -0.667263 -0.483684
-0.732247 -0.26307 0.0277457
0.519678 -0.675355 0.0497151
0.640557 -0.229311 0.523014
-0.222271 0.894442 -0.0563834
-0.177219 0.577476 -0.646145
-0.124511 -0.794471 0.0399494
-0.495381 0.429247 -0.55686
0.788292 -0.140332 0.387397
-0.426674 -0.675595 -0.0138139
-0.138618 -0.729417 -0.241655
0.365355 -0.580727 -0.546644
0.021476 0.220284 -0.80014
0.393618 -0.657839 -0.483723
0.124363 0.437513 -0.746672
0.802053 0.22374 0.281021
0.285468 0.197682 0.783425
-0.434402 0.745815 0.061894
-0.0841956 -0.793013 -0.0810342
-0.574697 0.136837 0.644195
-0.565525 -0.0435749 0.680205
-0.30739 0.706687 -0.483187
0.882143 0.117894 -0.322863
0.814127 0.192587 -0.392099
-0.634438 0.123352 0.544832
-0.738096 -0.0702811 -0.136199
0.454862 -0.750534 -0.056452
-0.491107 -0.564721 0.448964
-0.659087 -0.180819 -0.298861
0.799473 0.0680605 0.411538
0.629561 -0.601321 -0.00571758
-0.733991 0.13569 -0.260945
-0.293767 0.774134 -0.410977
0.190781 -0.740424 -0.325246
0.0564958 -0.768963 0.344949
-0.553342 0.363209 -0.544092
0.365586 -0.450559 0.654981
-0.647167 0.514718 0.0459705
-0.667777 0.299003 0.343827
-0.313993 -0.0183115 -0.687656
-0.605041 0.398017 -0.464601
0.292759 -0.104931 -0.750371
0.154347 -0.121406 -0.750202
-0.723444 -0.234039 0.17836
-0.0492451 -0.674525 -0.433706
0.178354 -0.153632 -0.743789
-0.187054 0.88302 0.0314486
0.882905 0.194225 -0.212047
-0.756335 -0.0910167 -0.0371325
-0.329089 -0.219206 0.797817
0.441429 0.228736 0.671668
0.924875 -0.190961 -0.212341
0.291632 0.262513 0.753644
-0.270637 0.875962 -0.0546984
-0.443178 0.00634135 -0.636403
-0.0872261 -0.734281 -0.261643
-0.58428 0.469913 0.316464
-0.658258 0.433223 -0.363687
-0.63309 -0.360614 0.455131
-0.269595 -0.535801 -0.465063
0.367192 -0.735402 0.184434
0.327973 -0.720632 -0.359712
-0.109901 -0.49303 -0.583063
0.243332 -0.734106 0.332304
0.231026 -0.798389 -0.162602
0.548528 -0.605955 -0.422165
0.56109 0.579477 -0.161586
-0.640013 0.294345 0.408054
-0.715624 0.342535 0.0848735
-0.156246 0.568409 -0.655013
0.323164 -0.56187 0.588901
0.560549 -0.622708 -0.375087
-0.679625 0.44694 -0.283166
0.221085 0.271228 0.775932
-0.117471 -0.395812 0.808327
0.983186 -0.0385373 -0.0731099
-0.420013 -0.148175 0.759629
-0.524533 0.655878 -0.352209
0.825626 -0.057732 -0.428879
0.781924 0.354331 -0.232478
-0.336058 0.409861 -0.724932
-0.310423 0.84994 -0.0865403
-0.247614 -0.739258 0.17747
0.0358947 -0.060508 0.926823
-0.674472 -0.421854 0.0789304
-0.60153 0.0851632 0.629294
0.69241 -0.518185 0.0682823
-0.419671 -0.527463 0.572672
-0.733451 0.0478123 -0.226068
-0.688472 -0.230195 0.413055
0.291595 -0.561551 0.601007
0.511362 0.491869 -0.455761
-0.492652 -0.553247 -0.276437
0.17192 -0.769337 0.297999
0.121668 0.180195 -0.795495
0.144426 -0.375407 -0.695303
-0.252313 -0.729052 0.216374
-0.33835 0.458625 -0.684715
0.381149 -0.731854 0.175649
0.832913 -0.231867 0.298009
0.0527143 -0.784041 0.265479
0.509796 0.501083 -0.448454
0.302825 0.00521287 -0.771592
0.234291 -0.815364 -0.0227877
0.439623 0.619012 0.258678
0.132711 0.88804 -0.183911
-0.632391 -0.331003 0.47858
0.175323 -0.822834 -0.00447324
-0.43554 -0.619012 0.373915
-0.622054 -0.409346 0.411879
-0.40467 0.691109 0.299391
-0.581391 0.641317 -0.259068
0.0922867 0.162772 0.855772
-0.70498 -0.257869 0.280349
-0.332491 0.213855 0.740687
-0.211413 -0.27747 0.850985
0.48464 -0.246557 -0.698103
-0.426634 0.496099 0.491194
0.0388808 -0.603418 0.633089
-0.395405 -0.672155 -0.135735
-0.671314 -0.158339 0.48159
0.461569 0.654378 0.134385
0.0923051 0.90011 0.0505051
0.780119 0.242126 -0.413402
0.225459 0.362583 0.717913
-0.424738 0.0217804 -0.650698
-0.665877 -0.0980241 0.500844
0.570337 -0.651071 -0.30679
-0.71475 -0.184768 -0.151758
-0.469034 0.702847 -0.356336
-0.0170706 0.83556 0.266587
-0.177458 -0.624884 0.597924
-0.61145 0.502365 -0.380259
-0.325731 0.525782 -0.641582
0.278776 0.71958 -0.381981
-0.577397 -0.405619 0.522981
0.704569 0.347069 0.309443
0.11718 0.852142 0.193269
0.600327 0.141569 0.590472
-0.297829 0.0530281 0.844203
0.26785 -0.728169 -0.362728
0.290363 -0.292398 -0.713869
-0.167576 0.493167 -0.706573
-0.00348028 -0.734195 -0.296112
-0.506814 0.320936 0.564345
0.578342 -0.542546 0.275293
0.233002 -0.239972 0.828803
0.714217 -0.483734 0.107662
0.978954 -0.0135052 -0.0495931
-0.707695 -0.0168981 -0.269447
0.19959 -0.134144 -0.747096
-0.13468 0.435649 0.668626
0.681578 -0.566532 -0.266665
-0.604982 -0.327577 -0.314493
0.249841 -0.545511 0.628799
-0.112974 0.717669 0.440487
-0.568037 -0.57263 -0.0157216
-0.304871 0.15092 0.786734
0.66758 -0.028343 0.533301
0.37727 -0.493628 -0.603136
0.0318869 0.392253 0.754798
0.575349 0.486044 -0.407734
-0.0787933 0.0876552 0.883382
0.364925 0.00868423 -0.762544
0.0776034 -0.56776 0.655968
-0.45699 0.576231 -0.483463
-0.593174 -0.24336 -0.387161
0.225157 0.210521 0.799085
-0.62865 0.00721251 -0.420389
0.287377 0.814581 0.077961
-0.354412 0.819346 -0.129768
-0.263431 -0.355733 -0.588629
0.970674 -0.00762072 -0.00510086
0.532716 -0.297439 0.609309
0.950954 0.106137 -0.116781
0.835912 -0.428558 -0.095818
-0.172851 0.56045 -0.658723
0.355672 -0.615141 0.503391
0.0608928 -0.769164 0.348104
-0.455606 0.672376 0.269692
0.915153 0.173575 -0.0517173
0.543393 0.599759 0.048862
-0.682142 0.448856 0.0299019
0.111323 0.781909 -0.403671
0.597084 -0.12516 0.588101
0.159968 0.876257 0.0921167
0.471886 -0.0138245 -0.720146
0.148433 -0.810398 0.0827233
0.709888 -0.507668 -0.333586
0.696698 -0.0788077 0.499693
-0.618456 -0.379103 -0.256325
0.755427 -0.154804 0.418987
-0.0200668 0.186905 0.86612
-0.696688 -0.221598 0.365971
0.131788 0.386371 0.728413
0.732285 -0.359672 0.296507
0.108185 -0.206584 -0.734895
0.550891 0.275133 0.548836
0.325469 -0.775488 -0.20128
0.627306 -0.231693 0.536672
0.208683 0.673823 0.453115
0.76219 -0.111114 -0.505498
0.671344 -0.443394 0.28754
-0.511661 -0.589834 -0.158655
-0.0763281 -0.775182 -0.14529
-0.472709 0.731709 -0.0555565
0.120617 0.880986 -0.204691
-0.0889807 0.453892 0.670685
0.697827 0.450814 -0.22775
-0.318547 -0.664522 0.397843
0.518795 0.364669 -0.568232
0.376844 -0.429327 -0.647688
-0.397794 -0.50474 0.613135
-0.438986 0.527681 0.458594
-0.133143 0.262729 0.787828
0.392374 0.271494 -0.680833
-0.200301 -0.76887 0.0974078
-0.750292 0.0633031 -0.168195
0.502701 0.635766 0.0290978
-0.200949 0.882653 0.0220363
0.283521 0.43384 -0.666147
-0.105934 -0.51448 0.722498
-0.593529 0.320349 0.467587
-0.552194 0.00432562 0.693768
-0.640559 0.293164 0.407913
0.52566 0.466442 0.394115
-0.235355 -0.664465 0.475632
-0.189397 -0.274554 -0.6483
-0.685293 -0.293174 0.314057
0.565949 -0.402262 -0.56613
-0.511839 -0.584657 0.307175
0.618818 -0.643236 -0.218261
-0.574315 -0.536242 0.252366
-0.119419 -0.728277 0.343236
0.590576 -0.641035 -0.0238902
0.369349 0.403009 -0.640781
-0.710355 -0.0335583 -0.257081
-0.329199 -0.440442 0.71489
0.13719 0.817984 0.271026
0.71019 0.433181 -0.281265
-0.466705 -0.572549 0.465434
0.858453 -0.328571 -0.280576
-0.255794 -0.421405 0.766126
-0.339074 0.831817 -0.0828405
0.35022 -0.421305 -0.660135
0.5956 0.461786 0.311618
0.919625 -0.209289 0.120944
0.261109 -0.773428 -0.239164
-0.247803 0.73315 0.352028
-0.419822 0.746466 0.1285
0.2423 -0.516026 -0.622788
0.0949964 -0.328446 -0.711919
-0.357991 -0.465793 0.677059
-0.548393 -0.475093 -0.282803
0.672322 -0.371871 0.374976
0.683 -0.513368 -0.371772
0.493201 0.452816 0.454065
-0.106772 0.451264 0.666357
0.901789 0.108837 0.166466
0.940311 0.127864 -0.087344
0.146608 -0.807542 0.102704
-0.581916 -0.524278 0.264703
0.0321534 -0.814236 0.0534397
-0.636542 -0.397347 0.357293
0.969712 -0.026404 -0.121161
-0.485595 0.0179687 0.747267
0.477819 -0.643523 -0.437236
0.0342438 0.0171659 0.910306
0.806996 0.287197 -0.292395
-0.231684 0.890809 -0.224754
-0.0561994 -0.736042 0.372344
0.320311 0.145519 -0.752316
-0.179678 -0.0960885 0.902413
0.56914 -0.612453 0.10798
0.453819 -0.262405 -0.706794
0.418008 -0.501399 -0.585195
-0.0124798 -0.447142 0.781851
0.0165381 0.823398 -0.359911
0.639638 0.0363059 -0.613315
-0.66393 0.479757 0.0869803
0.89581 -0.140564 -0.348753
0.585672 -0.396896 0.474392
0.097071 -0.59063 -0.572161
0.192532 -0.803008 0.0961338
0.635325 -0.124946 0.550804
-0.0771612 -0.650212 0.571859
0.553805 -0.31423 -0.638548
0.247285 -0.599357 0.581526
-0.134506 0.796581 0.297052
-0.283817 0.34571 -0.768511
0.377633 -0.125536 -0.742625
-0.0264478 -0.584025 -0.548286
-0.692155 -0.0547894 0.409786
0.605999 -0.241108 0.557144
-0.134529 0.907354 -0.00382232
0.40037 0.623802 -0.398672
-0.0106792 -0.699863 0.500276
-0.753735 -0.0104275 0.144957
0.384623 -0.412227 0.671749
0.0945222 0.288472 0.815136
-0.0605116 0.588037 -0.649024
0.203046 -0.307986 -0.7131
-0.00412265 -0.367063 0.847924
0.871545 -0.180566 -0.39437
0.114208 0.0226886 0.886485
0.485998 0.515846 0.373527
0.289853 0.808248 0.0994666
-0.466018 -0.513317 0.539969
0.314791 0.763201 -0.279645
-0.422386 0.545453 0.456005
-0.431851 -0.0176761 0.781499
-0.0438802 -0.727673 0.415368
0.303325 0.675497 0.346272
-0.463951 -0.645007 -0.078557
0.25837 -0.747918 0.274447
-0.232174 0.643108 -0.579109
0.446152 -0.754235 -0.0939902
-0.120803 0.866207 0.130955
0.106559 -0.468327 0.736685
-0.703119 -0.314721 -0.0459028
0.0829918 0.754395 0.396307
0.701528 0.0897066 -0.546086
0.739011 0.375347 0.234654
-0.454469 0.20962 0.673104
-0.435128 -0.418037 0.648039
-0.504994 0.490349 0.427896
0.483217 0.546545 -0.425497
0.267751 0.755415 0.241782
0.0153295 0.312799 -0.789412
-0.590882 0.628069 -0.209446
-0.717524 0.0625291 0.317776
0.668911 -0.568281 -0.00853213
0.599579 0.549265 0.081805
-0.125755 0.528188 0.598897
-0.349809 -0.320026 0.748631
0.292599 0.76795 -0.30093
0.656253 -0.550734 0.0681057
-0.315717 0.840674 -0.184513
0.368486 0.644003 -0.400623
0.00257156 0.903235 -0.177329
0.712808 -0.280743 0.418196
-0.274989 -0.748621 0.110899
0.842045 -0.43004 -0.165983
-0.281709 0.18888 -0.746029
0.338232 0.688099 0.271334
-0.208829 0.163671 -0.757882
0.676062 -0.563258 -0.012246
-0.319769 -0.702571 0.25513
0.617339 -0.545677 -0.423227
-0.0266883 0.546999 0.614508
0.427517 0.555084 0.391479
-0.753026 0.0683934 0.140657
0.270476 0.826419 -0.0508185
0.583324 0.450105 0.344103
-0.528018 -0.566978 -0.1832
0.460139 -0.430485 0.615447
0.684499 0.407441 -0.369817
-0.075412 -0.758886 -0.194521
-0.487558 0.43391 0.493423
0.460463 -0.208332 0.70561
0.295089 -0.733683 0.277744
-0.239199 -0.65047 -0.336358
0.486843 -0.628457 0.26048
0.544696 0.577189 -0.274669
-0.587497 0.422162 0.373375
0.207804 0.871455 -0.00621494
-0.758851 0.307192 -0.108344
-0.553307 0.552753 -0.404094
-0.467402 0.00430517 0.760007
-0.686838 -0.319038 -0.128081
-0.171541 -0.142837 0.899122
-0.10635 -0.602811 -0.496644
-0.651987 -0.281671 -0.2539
-0.6761 0.226354 -0.408984
-0.224371 0.895267 -0.190903
-0.616936 -0.449669 -0.18145
-0.0876354 0.860713 -0.293977
-0.590557 -0.544384 0.0580859
-0.0133376 0.925507 -0.124574
-0.142538 0.00569516 0.894165
-0.699156 -0.082951 0.38341
0.388913 -0.73584 0.141811
-0.258034 0.819314 0.174306
0.42363 -0.477036 -0.599246
0.309872 0.35909 -0.690988
0.135276 -0.702597 -0.424715
0.485633 0.467699 0.443357
-0.474556 -0.640965 0.196247
0.368985 0.705743 -0.315888
0.569988 0.557889 0.153554
0.235451 -0.640626 0.534209
0.315215 -0.691912 -0.437893
0.262364 -0.341127 -0.70366
-0.1854 0.916242 -0.110457
0.838336 0.256662 -0.25604
-0.394187 0.233043 -0.716788
-0.171372 0.106619 -0.756658
0.0913024 -0.818173 -0.0473671
0.435712 -0.351781 -0.680506
0.731156 -0.0824364 -0.535871
0.885396 -0.351547 -0.0579319
-0.260304 0.873391 -0.0094837
-0.0362503 0.728622 -0.525335
-0.146377 0.837824 0.199053
0.223835 -0.816425 -0.104695
-0.0987159 -0.785115 0.119667
0.374357 -0.570032 -0.551254
0.719207 0.265403 0.366315
-0.390569 -0.0520818 -0.653782
0.508859 -0.6142 0.247749
-0.668071 0.283632 -0.426859
-0.525617 -0.255826 -0.473645
-0.734294 -0.241386 0.0133184
0.338844 0.772802 -0.0267831
0.0621639 0.653835 -0.575338
-0.0678622 -0.197724 0.907778
0.964674 -0.0372402 -0.138579
0.577035 0.255658 0.540751
0.403814 0.524109 -0.515374
0.964891 -0.056687 -0.137665
0.878683 0.208679 -0.183086
0.59051 0.138548 0.598548
0.344939 0.510784 0.538093
0.380061 -0.740357 0.13637
-0.276038 0.576633 0.502663
0.353233 0.269091 0.715134
0.1624 -0.510978 -0.640929
-0.329903 -0.524941 -0.434135
-0.734351 0.350913 -0.186241
0.899787 -0.316193 -0.00769286
0.83913 0.151712 0.286886
0.27543 0.0105841 0.841674
-0.674688 -0.121304 -0.295259
-0.4113 0.375115 -0.68465
-0.13464 -0.450655 -0.593751
0.30871 0.731233 0.229261
-0.138976 -0.609904 0.621886
0.466161 -0.733256 0.0045305
-0.0422665 0.215355 0.847072
-0.530094 -0.0550245 0.70384
0.903511 -0.232263 0.150699
-0.666488 -0.329203 0.34004
-0.0751215 0.416702 -0.762271
0.372263 0.556153 0.460522
-0.709079 0.2941 -0.366124
-0.678176 0.455875 0.0482154
0.0917827 0.842747 0.23511
0.798852 -0.356379 -0.349531
0.377865 0.296034 0.676035
0.524627 -0.496286 -0.524163
0.349867 0.298922 0.696546
-0.344825 -0.529785 -0.417791
0.437624 0.655891 -0.317696
-0.524538 -0.617381 0.000435296
-0.1653 0.725958 0.422696
-0.526644 0.684529 -0.0881286
0.655656 0.11606 -0.578851
0.597797 -0.347316 0.513282
0.62366 -0.628569 -0.246265
0.310511 0.471953 -0.624305
-0.556235 0.593532 -0.369711
0.0468295 0.451034 -0.745136
0.587374 0.482327 0.292308
-0.4451 -0.486431 -0.392338
-0.425772 0.0042301 -0.646086
-0.352883 0.0676516 -0.695043
0.0816882 -0.39471 -0.690482
-0.00511373 -0.148979 -0.747046
0.628955 -0.601324 -0.00427039
-0.546513 -0.552749 0.304015
0.728365 0.369839 -0.351519
-0.288064 -0.664428 -0.279333
0.152132 -0.7731 0.306808
0.401192 0.712312 -0.183207
0.887726 0.206572 0.0768706
-0.399209 0.0967581 -0.68273
-0.67523 0.0130405 0.469358
0.888576 -0.0461484 0.265919
0.79501 -0.325245 0.240684
-0.162563 0.159014 -0.765818
-0.554172 0.0942184 -0.553611
-0.506887 0.689826 -0.0179331
-0.431714 -0.135959 -0.607635
0.530734 0.45722 -0.471987
0.226257 -0.788138 0.153108
-0.188186 0.31169 -0.782797
0.415655 0.706109 -0.137874
-0.0478434 0.504121 -0.712932
-0.432524 0.296626 0.634375
-0.124144 -0.716653 0.382797
-0.557344 -0.40196 -0.338712
0.358893 0.754222 -0.101497
0.668776 0.474984 -0.239773
-0.328678 0.173026 -0.727294
0.406213 0.301028 -0.665453
-0.777017 0.198528 -0.126808
0.139002 -0.712788 -0.395356
0.0538141 0.24492 -0.799025
0.139577 -0.471907 -0.661503
0.0587936 0.643042 0.517015
-0.275645 -0.174255 -0.65577
0.104401 0.681367 -0.531839
0.823723 -0.252309 0.28701
-0.145242 -0.0507987 0.905854
0.298693 0.784593 0.138008
-0.545979 -0.559032 -0.157534
0.457438 0.156144 0.694757
-0.662035 -0.0584316 0.514424
-0.273188 0.16283 -0.742837
0.414305 -0.603138 0.482802
-0.543428 0.656314 -0.0324707
0.231753 0.0579038 -0.781749
-0.160238 0.249627 -0.779132
-0.764237 -0.0600116 -0.0263193
0.249709 0.596331 -0.555038
-0.0569702 0.762164 -0.498072
-0.63714 -0.393343 0.363542
-0.452207 -0.623759 0.331512
0.734438 -0.120557 0.450772
0.897839 -0.322364 -0.00398542
-0.536069 0.465616 0.406298
-0.0867447 -0.5874 0.657271
-0.368259 0.812086 -0.0918339
0.0386409 -0.64293 -0.514222
0.79751 -0.481425 -0.155288
0.352748 0.221058 -0.714316
-0.444436 0.138443 -0.661381
0.396935 -0.74016 -0.25563
-0.0330002 -0.133041 0.929305
0.045418 0.0831335 -0.786962
0.142265 -0.506047 -0.64773
-0.577299 -0.198635 -0.430336
0.44994 0.668964 -0.196753
-0.503686 -0.475512 -0.35041
-0.348974 -0.0931365 0.822653
0.128261 -0.461415 0.736926
-0.0816377 -0.539741 0.705051
-0.150587 -0.755725 0.201861
0.418205 0.223576 0.694457
0.0620756 -0.478508 -0.652604
-0.341401 0.455781 0.57233
0.164018 0.829307 -0.303211
0.68849 0.395316 -0.379858
-0.616864 -0.430605 0.390348
-0.503361 0.676518 0.0638872
-0.246579 0.227421 0.765253
-0.0786515 0.467495 -0.734924
0.892624 0.191293 -0.159693
-0.429209 -0.660619 -0.0973108
0.308141 -0.771728 -0.225101
-0.28898 0.755754 0.276889
-0.754285 0.0289444 0.13729
-0.615444 -0.0894669 0.631818
0.489971 -0.599917 0.333274
0.173397 -0.534055 0.659878
0.818221 -0.0479165 0.379782
0.457386 0.657655 -0.231003
0.69191 0.154427 -0.543968
-0.503685 -0.475584 0.53611
-0.0866279 -0.135305 0.924454
-0.726738 0.00807909 0.282778
0.638743 -0.592547 -0.307024
0.686428 0.454065 -0.279384
-0.363629 0.730747 -0.434548
0.832878 -0.352802 0.14621
-0.739934 -0.139524 0.147346
-0.430242 0.765682 -0.219662
-0.106869 0.645535 0.508759
-0.424838 -0.552387 0.544189
-0.679628 0.457498 -0.112286
0.0018657 0.678636 -0.563366
-0.411878 0.689027 -0.442202
0.448827 0.522358 0.411556
0.209737 -0.249303 -0.724371
-0.384046 0.0432327 0.805843
-0.754834 -0.0521288 0.110837
-0.489708 0.672277 -0.376356
0.0130481 -0.799135 0.156258
-0.205243 -0.764033 -0.100747
0.91544 -0.247857 -0.157587
0.0198598 0.302328 0.822577
0.00832042 0.476528 0.685946
-0.132374 -0.636478 0.58617
0.377934 0.476548 0.542172
0.864796 0.24004 0.110961
0.226195 0.467914 0.630446
-0.340734 0.0904231 -0.704245
0.789383 -0.444978 -0.269942
0.722655 -0.307698 -0.47414
0.63965 0.513791 -0.105369
0.0535373 0.777099 0.37575
-0.60971 -0.461125 0.331667
0.224153 0.357601 -0.730143
0.163319 -0.182161 0.879228
-0.0665213 -0.228804 -0.710536
0.51024 0.607677 -0.266134
-0.77969 0.0805508 -0.0523454
-0.705692 0.00945108 -0.283263
0.791464 0.373528 -0.0258775
-0.0369031 -0.391035 0.825949
0.391489 0.629099 0.308758
0.543735 -0.343684 0.577921
0.21852 -0.375468 0.763043
-0.674245 -0.137867 0.471615
0.153687 -0.681325 0.50809
0.435692 -0.54382 -0.545884
-0.066644 -0.152948 -0.736251
-0.655507 0.494943 -0.285582
0.591175 -0.625923 -0.32954
-0.621672 0.0226917 -0.437996
-0.735314 0.0253199 -0.205045
0.198971 0.76171 0.33032
0.635742 -0.632176 -0.206017
-0.134574 0.770987 -0.463823
0.843139 0.185626 0.2381
0.45016 -0.667877 -0.424551
-0.773232 0.161336 0.00144649
0.321551 0.779295 -0.18741
-0.296207 0.513504 0.54603
0.830582 0.27345 -0.240706
-0.544451 0.547879 0.280307
-0.598559 -0.241607 -0.378645
0.617504 0.538756 -0.00635421
0.597159 -0.274361 0.554223
-0.618981 -0.0905498 0.628654
-0.413932 -0.629732 -0.235721
0.773835 -0.498025 -0.205688
-0.679511 -0.158969 0.453252
-0.314905 -0.326415 -0.582617
0.324022 -0.703773 -0.408325
0.432397 0.293715 0.633092
-0.236529 0.795175 0.245896
-0.679638 -0.288823 0.354007
-0.00835057 0.680952 0.481641
0.242453 0.654302 0.460073
0.0995744 0.355452 -0.772215
-0.078028 0.932621 -0.124493
0.545301 0.279777 -0.596001
-0.137496 0.74189 0.403553
-0.378358 -0.504199 0.630127
-0.135139 -0.0567586 0.909504
-0.183521 0.00243445 -0.734572
-0.741313 0.281448 0.0619561
0.483122 -0.369271 0.628161
0.0529312 0.638259 0.522273
-0.287071 -0.748948 0.0948341
-0.465902 0.201757 0.670887
-0.4301 -0.0333287 -0.63498
-0.460467 0.747457 -0.20292
0.0622975 -0.807342 0.102375
-0.360596 0.770913 -0.393683
0.19824 0.699633 0.424131
-0.40108 -0.711029 0.143877
0.00439837 0.324261 0.800862
-0.241027 -0.681467 0.407708
0.0841754 0.150511 -0.79844
0.71788 0.444113 -0.0723374
0.0322249 0.294705 0.831789
-0.457938 0.421836 0.526969
-0.727674 -0.291608 0.0869778
-0.0266464 0.483755 0.66957
-0.731156 -0.274382 0.0931286
-0.670888 -0.0320747 -0.331993
-0.381457 0.316315 0.655366
-0.564065 0.146975 -0.543017
-0.180662 0.623423 -0.61197
-0.485169 0.0867943 0.722493
0.582473 -0.674412 -0.189313
0.448742 0.448563 -0.548506
0.967288 -0.0892044 0.0775219
-0.667092 -0.419043 -0.0137466
0.714229 -0.416892 0.253101
-0.294923 -0.496409 -0.485341
0.800248 -0.117391 -0.464501
0.279978 0.363609 -0.703086
-0.172479 0.484186 -0.71189
-0.332453 -0.642779 -0.278751
0.232013 -0.81921 -0.04691
-0.588815 -0.451274 -0.237939
-0.118483 0.251833 -0.787157
0.296956 0.474338 0.600025
0.693222 -0.525379 0.0472842
0.122885 0.899527 -0.147971
0.867255 0.190462 0.180644
-0.124995 -0.0492086 0.910988
0.60637 0.530137 -0.232658
-0.138456 -0.102234 0.913529
0.360717 -0.69678 -0.413158
0.179989 0.787452 -0.36271
0.0730344 0.300241 0.817503
-0.666635 -0.0963469 0.498235
0.0797249 -0.780237 0.292695
0.551737 0.261047 -0.597915
0.447096 -0.671847 0.228238
0.150055 0.45132 0.668735
0.561719 0.3565 0.479086
0.616853 0.505791 0.202012
0.181461 -0.753401 0.347973
0.16434 -0.734579 -0.336541
0.660159 0.501218 0.0429485
0.60006 0.554066 -0.0316822
0.362674 -0.543826 -0.572963
-0.159002 -0.743838 0.244309
-0.596775 -0.278124 -0.3615
-0.672071 -0.214694 0.471959
-0.751778 -0.0944515 0.0969897
0.113692 0.26135 -0.791821
0.739945 0.429073 -0.00228732
0.169315 -0.213305 -0.732444
0.558945 0.577814 0.107713
-0.0131687 0.812627 -0.391051
0.271174 -0.776235 0.148982
-0.593686 -0.408137 0.503931
-0.585413 0.618243 -0.0512923
0.372951 0.564516 0.447597
-0.546725 -0.487145 0.480617
-0.121091 -0.283393 0.879284
0.148565 -0.345463 0.810712
0.690295 0.357497 0.317763
-0.762287 0.0807191 0.0805313
-0.418998 0.0423986 0.78282
0.94171 0.102768 -0.00352995
0.435229 0.0115365 -0.732572
-0.11309 -0.312667 0.862741
0.525275 0.0685068 -0.670341
0.142828 -0.0578659 -0.76213
-0.675936 -0.405079 0.111115
0.402093 0.586099 0.37641
-0.483593 0.255696 -0.633055
-0.720644 -0.152256 0.266222
0.269193 0.457287 0.625248
0.479961 0.338336 -0.618335
-0.566039 0.0773245 -0.540261
-0.200167 -0.651978 -0.361815
0.489065 0.644191 -0.138848
-0.461997 0.609906 0.351637
-0.713842 0.388108 -0.234325
-0.324055 0.781739 0.194892
-0.735448 -0.00683165 0.248772
0.49668 0.639088 0.052428
-0.363077 -0.323787 -0.566691
9.70487e-05 0.794921 0.344775
0.274829 -0.567356 0.602532
0.860228 -0.255327 0.225539
-0.339554 -0.73157 0.0918894
-0.629777 0.382234 -0.449774
-0.750884 -0.104278 -0.0548536
0.590144 0.210251 0.561544
0.675861 -0.0975675 0.516455
0.40162 0.715689 -0.157524
-0.540514 0.689755 -0.204812
0.463081 -0.134716 0.707309
0.485647 -0.690811 0.0879061
0.117375 -0.746089 -0.291241
-0.698278 0.372107 0.114344
0.431922 -0.657062 -0.466204
0.175129 0.825139 0.226848
-0.160046 -0.65565 0.550578
-0.234467 -0.557256 0.665087
-0.738603 -0.182605 0.11976
-0.733964 0.352825 -0.0509345
-0.175812 -0.696126 -0.296239
0.608257 0.425885 -0.436103
0.487973 0.63104 0.138356
0.29437 -0.718329 -0.379575
0.0637445 -0.359434 -0.702643
0.783997 0.150502 0.376002
-0.430353 0.638619 0.354593
0.806457 0.0910057 0.390014
0.487444 0.554737 0.31395
-0.209455 0.00381804 -0.726523
-0.154548 0.443825 0.655036
0.698357 0.238545 -0.513232
-0.635177 -0.0558601 0.60728
-0.381648 0.255333 -0.729201
-0.232959 -0.714052 0.292009
0.185788 -0.592865 -0.566523
0.287647 0.329317 0.7225
0.155765 -0.234502 0.860736
-0.76127 0.204428 -0.20961
-0.473083 0.726615 -0.0326134
-0.0743467 0.252171 0.815887
0.431287 -0.470973 0.602053
0.951033 -0.146583 0.0815041
-0.311798 0.616375 -0.572021
-0.618052 0.552924 0.107744
0.738278 -0.540593 -0.100307
-0.118642 -0.522872 0.714292
0.609222 0.520556 0.170994
-0.572472 -0.362063 0.558936
0.776265 -0.495225 -0.0707731
-0.605047 -0.522925 -0.0321927
-0.427072 0.256415 -0.695422
0.759116 -0.48649 -0.00653608
0.468778 -0.683771 -0.370977
-0.276443 0.42032 0.629716
-0.384424 -0.153091 0.783423
0.506983 -0.615357 0.248996
0.773818 -0.223965 0.379009
0.410306 0.389319 0.583086
0.473818 -0.622449 0.308646
-0.0948461 -0.636675 -0.461261
0.881295 -0.276786 -0.287134
0.807172 0.00362414 -0.441193
0.650265 0.501801 0.101005
-0.0635225 0.485714 -0.724422
-0.490059 -0.384881 0.626525
0.224279 -0.571509 -0.584433
0.488479 0.589726 -0.365277
0.416292 0.216689 0.700847
0.358362 0.0849192 -0.752675
-0.453244 -0.536436 0.530152
0.790114 -0.489613 -0.15103
0.545593 0.41065 -0.502916
-0.709566 -0.103752 0.344535
0.69821 0.460809 -0.0914925
-0.589298 0.288497 0.502897
-0.519391 -0.343994 0.625683
0.136455 -0.393891 0.784734
0.570248 0.302157 0.513944
0.517688 -0.599185 0.268807
0.669531 -0.265584 0.476015
0.8829 -0.125353 -0.374235
-0.158228 -0.742845 0.249294
0.937579 -0.169358 -0.166549
-0.754726 0.0820042 0.128247
0.741531 -0.432756 0.17773
0.76995 0.398612 -0.0388083
-0.606676 0.595362 -0.0966619
0.320281 -0.00998886 0.821305
0.586168 -0.671851 -0.203826
-0.0755616 0.76936 0.373518
0.0073489 -0.575054 0.66262
-0.068143 -0.754368 -0.210796
0.371193 0.70093 0.197065
0.488708 0.550052 0.319983
-0.0314722 0.896413 -0.200191
0.702987 0.443976 0.157721
-0.641911 -0.159098 -0.336622
0.330621 -0.375848 0.717064
-0.471515 -0.0310534 0.75154
-0.426822 -0.677088 0.205927
-0.638307 -0.466507 -0.049899
-0.551727 -0.347498 -0.385509
-0.0998921 0.884108 -0.242058
0.280237 -0.626448 0.536396
0.935549 -0.140092 0.139668
-0.581025 -0.47731 0.418506
0.276863 0.704068 -0.403635
0.104982 -0.513372 0.696971
0.0957384 0.5349 -0.674848
-0.0683505 0.683934 -0.569096
-0.743521 0.160287 0.159864
-0.50715 0.602081 0.273285
0.878277 0.146665 0.203152
-0.133068 -0.762042 0.192022
-0.200713 -0.0243492 0.886819
-0.317559 0.84388 -0.111768
0.00144283 -0.746027 -0.262324
0.0544704 0.670284 -0.561695
0.51343 0.230781 0.61076
0.418433 -0.0852176 -0.736907
0.450615 -0.0290046 0.717086
-0.72682 0.233771 0.185992
0.3334 -0.741753 0.205881
0.555896 0.46071 -0.447658
-0.515918 -0.538538 -0.2566
0.360871 0.0808056 -0.752602
-0.473691 -0.664899 0.0688281
0.61416 0.335257 -0.51552
-0.0464417 0.205023 0.850876
0.134797 -0.810775 0.0798027
0.406301 -0.512419 0.583536
0.144192 0.89381 -0.02835
0.179676 -0.41017 0.756682
0.304477 0.463625 0.605344
-0.602959 0.159821 0.591337
0.68067 -0.564937 -0.0276666
0.139704 -0.683949 -0.458462
-0.230261 0.189813 0.792698
0.587433 0.414146 0.390195
-0.0427905 -0.812587 0.0299583
-0.14244 -0.37304 -0.624173
-0.357312 -0.697556 0.239209
-0.633801 -0.49159 0.0475633
0.692508 0.269964 0.399319
-0.221952 -0.293287 -0.629088
0.906664 -0.293977 -0.024785
-0.389756 -0.480888 -0.435663
0.572067 -0.599944 -0.404652
0.148896 0.794948 -0.366308
-0.125423 -0.770633 -0.139983
-0.596082 0.308807 0.473607
0.155646 -0.756287 -0.270208
-0.481189 0.151486 0.690374
0.539626 -0.177666 0.634173
-0.625629 0.398068 0.339865
0.69339 0.0433611 0.513419
0.513409 0.474407 0.398267
0.140266 0.68947 -0.505676
-0.0106308 0.588207 0.574063
-0.0429609 -0.718127 0.451069
-0.143961 0.904439 -0.201977
0.145287 0.495919 0.633336
0.13143 -0.479418 -0.659116
-0.391109 -0.380434 0.699297
0.628683 0.470956 0.255762
0.662168 0.438767 -0.362752
0.949951 -0.158784 -0.0899182
0.628675 -0.457531 0.337182
0.176903 -0.759331 0.330618
-0.613486 -0.452443 -0.187412
0.0078067 -0.815152 -0.00214258
-0.384509 0.0666291 -0.684433
-0.63302 -0.424038 0.312971
-0.101324 -0.0563901 0.918449
0.478218 0.656851 0.0247847
-0.104848 -0.070441 -0.742736
-0.236958 0.854566 -0.305143
0.210792 -0.796605 -0.162932
-0.469171 0.696948 0.129729
-0.112647 0.829566 -0.369327
0.135934 0.343691 0.762424
0.763486 0.0857814 -0.478527
0.162167 0.397569 0.709346
0.951391 0.0812085 -0.159809
-0.678411 -0.0952472 -0.297382
0.700701 -0.407155 0.286714
-0.376943 0.724177 0.264721
-0.568798 -0.0327091 0.680393
-0.0643474 0.931221 -0.124221
-0.316106 0.72745 -0.458568
-0.30929 -0.735226 0.015089
0.716545 -0.555608 -0.0883517
0.486618 -0.396866 0.614255
-0.183761 -0.781345 0.0489124
0.0607198 -0.66886 0.561806
0.0550099 -0.109907 0.92442
0.0261055 -0.565761 -0.584239
-0.618884 0.173415 0.548336
0.152481 0.75523 0.371491
0.73383 -0.463588 -0.341492
-0.123221 0.589248 -0.643506
-0.178927 0.0399539 -0.744424
0.320665 0.70358 0.266548
-0.555561 0.131089 0.658585
0.506507 -0.46 0.519109
0.487019 0.650956 -0.0832571
0.0252041 -0.316299 0.867867
-0.30247 -0.668147 0.399777
0.0177544 0.0530411 0.905482
0.18118 -0.302362 0.818819
-0.159534 0.459891 -0.729623
0.398938 0.637181 -0.382699
0.4211 -0.333797 0.69751
0.284937 -0.724193 -0.366988
-0.690335 0.0650713 0.417544
0.341774 -0.763903 0.093358
-0.131995 -0.301326 -0.657538
0.499706 -0.731522 -0.0603859
0.698064 0.345492 -0.431823
-0.0651967 -0.441044 -0.623213
-0.783734 0.182522 -0.0741905
0.0818682 -0.614018 -0.545873
0.277327 0.587926 -0.548389
0.175639 0.744727 0.376013
-0.476084 -0.556558 0.484496
-0.0657922 -0.663922 0.551052
-0.442166 0.76086 -0.173699
-0.682961 -0.251066 -0.210648
0.0989903 0.0676392 -0.784038
-0.573774 -0.0596438 0.670173
0.756782 -0.375124 0.238377
0.43359 0.476705 0.487229
-0.0942172 -0.197214 0.908022
0.242947 -0.188824 0.839997
0.0356761 0.87273 0.189923
-0.165694 -0.212509 0.892411
-0.395298 -0.550943 -0.355256
-0.441273 0.421489 0.53871
0.0777662 -0.318406 -0.714325
-0.301311 0.282198 0.713652
0.37345 0.0839919 -0.745425
0.190693 -0.76272 -0.259133
0.412876 0.587402 -0.434577
-0.00559059 0.830564 0.278415
-0.664727 -0.141925 -0.30432
0.235062 0.729825 0.339826
-0.23679 0.5657 0.529389
-0.594397 0.483624 0.276136
0.049356 -0.0510097 0.92154
-0.559599 0.245112 0.578931
0.0565044 -0.266307 0.88331
0.858604 -0.164273 -0.406473
-0.289862 0.683916 0.398011
-0.173038 -0.751806 0.196683
-0.459116 -0.618193 -0.207545
-0.388974 -0.577006 -0.329389
-0.185607 0.911115 -0.188956
-0.771223 0.239791 -0.00971525
-0.147979 0.256909 -0.782432
0.355302 -0.0508571 0.795088
0.120364 0.288531 -0.783793
-0.105988 -0.165233 -0.720705
-0.540507 0.535409 -0.430409
0.0415117 0.884842 0.141361
0.922823 -0.0815941 0.201594
-0.408299 0.421355 -0.652059
0.0520907 0.548413 0.611597
0.597242 -0.225974 -0.636265
-0.0888929 0.20035 0.839256
0.38657 -0.581271 -0.539721
0.779687 -0.0497116 0.420871
0.78014 0.0419433 -0.465919
0.299332 -0.784764 -0.192256
0.214577 -0.395511 0.751824
0.713994 -0.112004 0.475108
0.329649 0.768219 0.122341
0.803311 -0.0204214 0.403205
-0.467907 0.735376 -0.251076
-0.738459 0.298803 0.0510629
0.964347 -0.116697 0.0314454
0.0642465 -0.66163 -0.491895
0.0556287 0.143721 0.871037
-0.41727 0.599688 -0.50558
-0.349312 0.207928 0.735296
-0.238532 -0.268854 0.837467
-0.137573 0.923731 -0.156679
-0.455452 0.407515 -0.614586
-0.285901 -0.305833 0.793791
0.732052 -0.118081 -0.539512
0.813255 -0.254554 0.300727
-0.76719 0.115702 0.0452425
0.137631 0.607655 0.542987
0.321138 0.249816 -0.719692
0.750379 0.00660997 0.462197
-0.500771 0.588806 0.306157
0.690523 -0.0155447 0.513715
-0.759095 0.0474105 -0.123455
-0.643999 0.526418 -0.162935
-0.710695 -0.0690222 -0.243528
0.799631 -0.145227 0.373858
-0.104424 -0.545757 0.699069
-0.416116 -0.69928 0.145166
-0.192092 0.836776 0.170442
-0.434911 0.0617446 0.765156
0.479025 0.578713 -0.38775
0.749131 -0.336703 0.298767
-0.626529 0.340787 0.394715
0.671363 0.47082 -0.253339
0.425138 -0.299969 -0.707613
-0.0435843 0.118283 0.881945
-0.737392 0.324096 0.0152849
0.0600057 -0.383937 -0.691147
-0.368463 0.812132 -0.0830532
0.0145198 -0.767905 0.310598
-0.727254 0.0205186 -0.234324
0.311151 0.79425 -0.0446998
0.737854 0.267835 -0.473784
-0.145003 -0.750856 0.228048
-0.150329 0.58338 0.546555
0.536123 0.19351 -0.628061
0.0168917 -0.28605 -0.716402
-0.197153 -0.228396 -0.663799
0.209573 0.603891 -0.570315
-0.687344 -0.0545379 0.426973
0.104219 -0.744924 0.436415
-0.213297 0.0589838 0.861609
0.389818 -0.751545 -0.22523
-0.336835 0.195019 -0.729763
-0.692289 -0.13475 0.407991
-0.562868 0.668167 -0.1845
-0.409232 0.763396 0.0983421
-0.0590054 -0.370121 -0.654852
-0.55932 0.299818 -0.549531
-0.128975 -0.0153037 -0.746619
0.201307 0.471348 -0.684795
0.391994 0.367395 -0.65135
-0.70896 -0.0599101 -0.250965
0.314432 0.641486 0.395864
0.83643 0.282285 -0.147054
0.929411 -0.190329 -0.180652
-0.653631 -0.360309 -0.202711
-0.554256 0.330701 -0.551807
-0.382456 0.682868 0.328255
0.11687 0.0338291 -0.778109
-0.122905 -0.634714 -0.444352
-0.570391 -0.182931 -0.447248
-0.658436 -0.0969762 -0.332366
0.553056 0.567757 -0.290707
-0.287065 0.778313 0.235249
-0.480984 0.705244 0.0329098
0.664619 -0.320132 -0.524112
-0.364405 0.749559 0.224717
0.0335536 0.625549 0.536572
0.816705 -0.349977 0.175314
0.868467 -0.381203 -0.162606
-0.304857 0.786522 0.202347
0.332443 0.343942 0.677921
-0.444693 -0.0065914 -0.632565
-0.44241 -0.684595 0.0983193
0.546344 -0.0148326 0.638774
0.575246 0.11615 -0.627792
0.0800131 0.798582 0.328818
0.163486 0.144409 0.84022
-0.36173 -0.615722 0.506968
-0.539375 0.358696 -0.562028
-0.32834 -0.723421 0.166276
0.668042 0.49284 0.0651502
-0.699967 -0.186182 0.374295
0.104995 0.875704 -0.22018
0.328503 -0.594742 0.558393
-0.24609 -0.336589 -0.602704
-0.0409775 -0.101036 0.937106
0.882159 0.221573 -0.0769991
0.883084 0.191457 -0.221636
0.0481119 0.695609 0.465718
0.451932 0.680847 0.00238146
0.517163 -0.2291 -0.686572
0.801276 -0.219272 0.350075
-0.316727 0.0396603 -0.700219
-0.429151 -0.402364 -0.469059
0.204687 -0.135193 0.872096
0.893385 0.14028 -0.268171
0.108002 -0.548048 -0.620603
-0.00138162 0.375177 -0.772132
0.664052 0.450987 0.239508
0.280406 0.282148 -0.728081
-0.412907 0.760799 -0.301788
0.858231 0.235516 -0.210311
-0.553718 -0.0210892 0.694441
0.213576 0.868127 -0.0865788
-0.496055 -0.602842 0.288763
0.927464 0.135502 0.017836
0.0836143 -0.735078 0.456533
0.465056 -0.609729 0.365465
-0.500217 -0.580773 0.371791
0.100117 -0.813501 0.0599869
0.00151082 -0.771887 0.278845
0.131236 -0.359746 0.808718
-0.604245 0.116204 0.611625
0.836755 0.310149 0.0469011
0.163459 -0.715864 0.453843
-0.617432 0.10345 -0.472482
0.2028 -0.459528 0.711332
-0.113512 0.378119 -0.777432
-0.708919 -0.112215 -0.227345
-0.00976726 0.892103 0.128096
0.00880082 -0.428308 0.79665
-0.0965351 -0.766451 -0.163756
-0.220865 -0.642512 0.563074
0.00443887 0.128344 -0.792181
-0.504681 -0.286235 0.664214
-0.724067 0.372212 -0.0739251
0.543432 -0.133112 0.637947
0.912684 0.107906 -0.250687
0.598957 -0.551967 -0.431188
0.814317 -0.211592 -0.442755
0.155269 0.340342 0.758964
0.465196 0.649331 0.142933
-0.143625 -0.0926984 -0.725382
0.91695 0.146228 -0.179619
-0.611443 0.374442 0.388837
0.0238833 0.582505 0.580166
-0.525049 0.701095 -0.188247
-0.119226 0.781368 -0.451953
0.483735 -0.445065 0.569887
0.069087 -0.730013 -0.327413
-0.412071 -0.111888 -0.62643
-0.0851301 0.897763 0.0601457
0.186915 0.0978881 0.846368
-0.593515 0.144283 -0.50981
0.691185 -0.471289 -0.400598
0.43549 -0.413178 -0.637583
-0.666774 0.399515 0.213796
-0.645479 -0.470704 4.33274e-05
0.692703 0.255801 0.412724
0.932027 -0.00631882 0.178583
-0.613959 -0.467474 0.286602
0.598502 0.524506 -0.320736
0.663655 0.0975221 -0.579726
-0.575382 -0.414919 -0.300861
-0.281718 -0.216419 0.828282
0.148431 -0.807367 -0.110423
0.943126 -0.148587 0.1057
-0.496372 0.68773 0.0433251
0.286071 -0.775152 0.134821
0.44008 -0.637008 0.347587
-0.516175 0.651669 -0.365453
-0.521011 -0.610297 0.147389
-0.168353 0.0626198 0.870719
0.803072 -0.471502 -0.126091
0.22401 0.233032 -0.767081
0.539967 -0.572659 0.286854
0.516175 -0.0471547 -0.705759
0.0936779 0.00906153 -0.773931
0.114553 0.0860708 -0.787155
-0.478949 0.288224 -0.638483
-0.223276 0.181503 0.800032
0.408057 -0.398678 0.668139
-0.673245 -0.346339 0.267044
0.500115 -0.161617 0.674761
-0.366822 0.78633 0.146936
0.901212 0.166714 -0.201207
0.907303 -0.187676 0.184257
0.574826 -0.558822 0.240531
0.282971 0.765417 -0.319003
-0.187147 -0.500527 0.721159
0.659166 0.217189 0.493128
-0.298424 -0.727335 -0.0691607
0.404031 -0.0504019 0.755252
-0.0308938 -0.81284 0.0122292
0.0701167 -0.730148 -0.327268
-0.224666 -0.753857 0.137631
-0.411457 0.655595 0.344889
-0.448942 0.756463 -0.087942
0.543474 -0.109646 -0.694698
-0.73459 -0.255586 0.0331122
0.396982 0.280777 -0.675882
0.704965 0.179867 0.467002
-0.315555 0.848051 -0.0596393
-0.665248 0.00351122 -0.353987
0.587836 -0.253505 -0.634651
-0.152425 -0.787793 -0.0514988
0.42143 0.630264 0.263223
-0.276947 -0.121693 -0.675303
-0.138949 0.92762 -0.0893334
-0.360076 -0.717608 0.0480825
-0.214327 0.803711 -0.392256
-0.408102 0.461175 -0.621578
-0.646243 0.521106 -0.124112
0.089432 -0.37139 0.81832
0.710997 -0.285909 -0.499761
-0.621775 0.556798 0.070827
-0.0897181 0.323816 -0.791933
0.0854546 0.415332 -0.75552
0.917941 -0.248387 -0.136545
0.500529 -0.195837 -0.699594
-0.75295 0.263082 -0.259588
-0.185774 -0.691459 -0.300047
-0.465488 0.69227 -0.385458
-0.420637 -0.312068 0.707716
-0.701177 -0.131792 0.375134
0.396849 -0.602724 0.496833
0.272702 0.825376 -0.0287292
-0.61589 -0.443652 0.357645
0.262931 -0.265557 0.805272
0.348901 0.724067 0.18405
0.47745 -0.730373 -0.198926
0.389998 0.49107 0.514795
-0.109564 0.896609 0.0470719
0.924901 -0.241355 -0.0126019
-0.527642 0.350718 -0.577902
0.549298 0.591595 0.0834267
0.366088 -0.318557 -0.706798
0.789102 -0.479532 -0.214341
0.766549 0.371563 -0.271292
-0.330293 -0.476211 0.69266
0.582446 -0.156518 0.596403
-0.556465 -0.214208 -0.455988
0.249259 0.0387871 0.844474
0.382724 -0.523461 0.590403
0.395835 0.525225 0.472586
0.280879 -0.295151 0.784385
-0.130161 0.394395 0.70184
0.421119 -0.623457 0.426315
0.505229 -0.650241 -0.390453
0.26309 0.500776 -0.629969
0.14316 -0.82118 0.00705056
-0.419206 -0.680183 -0.00848525
0.239132 -0.777645 -0.225942
0.140442 0.555617 -0.649096
0.566905 -0.342411 -0.607385
-0.253139 -0.466178 0.737472
0.594871 0.550078 0.0956501
0.919731 0.0737026 -0.276971
0.873888 0.242432 0.0235696
0.523772 -0.0191415 -0.695425
0.404243 -0.655513 -0.482978
-0.706325 -0.27718 -0.105151
-0.429736 0.265088 -0.692633
0.494428 -0.375611 -0.631956
-0.107646 0.82115 -0.387916
0.698904 0.432757 -0.313164
-0.217763 0.0838707 -0.742409
-0.00487256 -0.425335 -0.651041
-0.00916134 0.430438 -0.754702
0.439344 -0.734534 0.0540345
0.859175 -0.390411 -0.016105
-0.598494 0.304984 0.473005
0.884134 -0.284745 -0.268573
0.953147 -0.0899406 -0.178205
-0.161109 -0.607698 0.622366
0.242589 -0.756296 0.261438
-0.437634 -0.503405 0.576082
0.622205 0.534539 0.0128846
-0.0314664 0.386745 0.741843
-0.486381 0.30626 0.590353
0.709231 -0.216621 0.452319
-0.743175 -0.0732864 0.180697
-0.732718 -0.151374 -0.0996239
-0.597202 -0.00706753 -0.471584
-0.39591 -0.668814 -0.15265
-0.25035 0.0189836 -0.716844
-0.313553 0.766574 -0.415488
-0.4398 -0.292017 -0.534106
-0.502652 0.296689 0.585613
0.516661 0.0618524 0.66274
-0.136586 -0.791553 0.05247
-0.598136 -0.441539 -0.233412
0.197803 -0.291703 -0.716412
0.506195 0.273775 -0.622034
-0.548859 0.525859 -0.428909
-0.323287 0.829211 -0.254474
0.352818 0.754782 -0.173509
0.147379 -0.809417 -0.10303
0.41922 0.632292 0.262461
0.175539 -0.367593 0.78562
-0.675905 -0.21382 -0.249407
0.385885 0.736167 -0.00245137
-0.35265 -0.714107 0.00303085
0.519897 0.506795 -0.434685
-0.231089 -0.549463 -0.477537
-0.537486 0.00109659 0.709124
0.503537 -0.322731 -0.664088
0.22637 -0.551798 -0.599739
0.419972 -0.12009 0.742492
-0.249639 0.16186 0.801269
0.474647 -0.728415 -0.215752
-0.75473 -0.0875457 0.0806488
0.439039 -0.611885 0.421844
-0.185307 0.900621 -0.0249312
0.137708 0.379529 0.732171
0.453001 -0.376102 -0.654078
0.222124 0.373504 0.709947
0.358114 -0.386182 -0.68004
0.355649 -0.70758 0.2806
0.385295 0.735419 -0.0394092
-0.412121 0.717319 0.248032
-0.739822 -0.226747 0.0719198
0.749027 0.146108 0.432403
-0.124751 -0.208107 0.904466
0.0803685 -0.236258 0.888534
-0.72311 -0.107541 -0.173299
-0.325177 0.721678 -0.460484
0.490807 -0.606894 0.311633
-0.308787 0.848157 -0.133467
-0.642296 -0.41396 0.28383
-0.206065 0.789854 -0.415761
0.0493625 -0.253281 0.888872
-0.51679 -0.163889 0.687433
0.77259 0.359441 -0.276455
-0.500363 0.661915 0.148213
0.101441 -0.780115 0.293998
-0.603363 0.307343 -0.499267
-0.176909 0.0813909 0.862978
0.52685 -0.713136 -0.18578
0.719782 -0.553231 -0.089762
0.328594 -0.732636 -0.325976
-0.0248492 0.630067 0.531932
-0.0640772 0.483192 0.656549
0.202361 0.695384 -0.464363
0.0481857 -0.669897 0.558236
-0.154008 -0.19175 -0.69349
-0.332621 0.360194 0.6569
-0.468158 -0.468576 -0.387965
0.21367 0.0664736 -0.783314
0.573847 0.170421 0.602622
-0.500452 0.0477172 -0.59886
-0.630958 -0.236106 -0.321906
-0.271 -0.428732 -0.552714
-0.26988 -0.68729 0.359019
-0.229006 0.473574 -0.711692
-0.342327 -0.219743 -0.614125
-0.218817 -0.52716 -0.510336
0.174323 0.264283 0.796876
-0.273296 0.0523667 0.849992
0.0795197 0.821437 -0.351488
0.951737 -0.142969 -0.120524
0.0264961 0.77596 0.385039
-0.771848 -0.00464706 0.023398
0.323753 -0.283613 -0.714715
0.0713024 -0.24302 -0.728604
-0.197984 0.768421 0.326292
0.379176 -0.764916 0.0187113
-0.498018 0.521617 0.403939
0.574043 -0.509644 -0.480081
0.477349 0.637033 -0.256256
-0.736232 0.126296 0.208866
-0.453299 0.601788 -0.467507
-0.393004 -0.27484 0.739232
0.542812 0.573242 -0.312745
0.57584 0.361744 -0.523044
-0.236553 -0.534205 0.68487
-0.10347 -0.766979 -0.159463
0.0743081 0.676206 0.482731
-0.567493 -0.52228 0.33362
0.835326 0.147042 -0.390535
-0.352623 -0.415233 -0.511547
0.31136 -0.653218 -0.492972
0.757371 -0.0519829 0.444338
0.1756 0.175296 0.82726
-0.638363 0.145831 0.527883
0.303793 0.696706 -0.389496
-0.391875 -0.279744 -0.573147
-0.656647 0.481627 0.117769
-0.491431 -0.122748 0.715608
0.464551 -0.547939 -0.526335
-0.371589 0.390725 -0.710389
0.225563 -0.00574657 -0.770768
-0.0877572 0.347125 -0.785184
-0.178926 -0.274436 -0.652046
-0.342496 0.827613 -0.118394
0.0379005 -0.814907 -0.0280869
-0.214964 -0.672677 0.463919
-0.414161 -0.0687345 0.782758
-0.326572 -0.721883 -0.0223229
-0.366026 0.0224613 -0.680321
-0.613044 -0.0224931 -0.438197
-0.48636 0.619397 -0.420486
-0.280674 -0.750086 0.0510583
-0.516235 0.502569 -0.480226
0.576722 0.0570196 0.613659
0.124593 -0.780035 0.290724
0.840635 0.279009 -0.126712
-0.230481 0.559867 -0.652432
-0.745409 -0.10724 -0.0780582
-0.615265 -0.131912 0.615597
0.0330697 -0.801187 0.144908
-0.376065 -0.166782 0.785731
0.378658 -0.714188 0.236358
-0.433391 -0.129432 -0.609266
0.801299 0.223686 -0.386579
0.913672 0.171476 -0.010749
-0.407503 0.453197 0.537061
0.474761 -0.728474 -0.215219
0.195191 -0.400686 0.756422
0.49523 -0.495115 -0.545308
0.458586 0.315408 0.59623
-0.451493 -0.389801 0.652348
-0.406121 0.554147 0.456765
0.861281 -0.323191 -0.280377
-0.424758 0.401942 -0.650363
-0.406192 -0.430475 0.663141
-0.68299 0.402767 0.132296
-0.596604 0.542041 0.185455
-0.109373 -0.436883 -0.609339
-0.779925 0.264182 -0.138841
-0.74453 -0.0800648 0.164501
-0.601752 -0.532079 0.0425231
-0.723933 -0.0568023 -0.200879
0.82833 -0.348056 -0.309895
-0.179743 0.0505982 0.871836
0.567341 -0.643762 -0.325876
-0.22249 0.0281913 0.86902
-0.486657 -0.18739 -0.558407
-0.492536 -0.297057 0.667677
-0.0402173 -0.812951 0.0205205
-0.337549 0.81381 -0.283743
0.617951 0.230616 0.524239
-0.232654 -0.674361 0.442298
0.0428635 -0.662913 -0.491165
-0.176601 -0.0529048 0.897843
0.585588 0.540728 -0.285268
0.206908 0.484597 0.622847
0.621284 -0.596154 -0.341033
0.0142086 0.926192 0.00780822
-0.0400013 -0.755063 0.312448
-0.52976 0.0327909 -0.571459
0.821817 0.130059 -0.407927
0.430063 -0.476912 0.597225
-0.74554 0.332418 -0.107294
0.893912 0.184931 -0.177417
0.328397 0.397088 0.643317
-0.425623 0.339761 0.609123
0.440298 0.598928 -0.395684
0.395173 0.479758 -0.564047
-0.649584 0.396644 -0.415298
0.279281 0.0916168 0.82094
0.899737 0.128882 0.151758
0.0591041 -0.340451 -0.708887
-0.718939 0.380405 -0.0178438
-0.0962947 -0.474863 0.753866
-0.6383 0.212077 -0.459861
-0.289023 -0.365909 0.768685
-0.197438 0.102302 0.851851
0.0547327 -0.729576 0.461258
0.679949 -0.578566 -0.239393
0.615348 -0.544032 0.183252
-0.576937 0.18145 0.612983
0.341365 0.718241 0.206782
-0.620572 0.314185 -0.47832
-0.657625 0.495433 -0.24609
-0.409222 0.784715 -0.0888846
-0.25028 0.752042 0.314941
-0.731347 -0.10792 0.232977
0.784531 -0.437399 0.063052
-0.0699162 0.41735 0.705677
0.962269 -0.0777361 0.102664
-0.300891 -0.160527 -0.651785
-0.497254 0.254782 -0.617957
-0.152299 0.634393 -0.607572
-0.108139 -0.163816 -0.720339
0.453259 0.498392 -0.498152
0.927587 0.00997467 0.177352
-0.729285 0.345726 -0.274687
0.128609 0.184098 -0.794923
-0.737354 -0.103521 0.196952
0.284944 0.731873 0.263147
-0.414526 0.475232 -0.604247
-0.694017 0.253912 0.297606
-0.0708404 0.418807 0.70427
0.299656 -0.238239 0.799355
0.14067 0.780353 -0.391967
-0.439855 -0.614196 -0.238786
0.692063 -0.578352 -0.208387
-0.421443 -0.635008 -0.21994
-0.163855 0.422376 -0.752191
0.520512 -0.556049 0.377191
-0.105509 0.680614 -0.577462
0.608307 0.449321 0.313368
0.901385 -0.223253 -0.282803
0.198759 -0.616884 -0.538534
-0.438549 -0.153682 -0.597572
-0.447267 -0.162209 0.737145
0.850212 0.0889073 0.331095
0.261758 0.343563 0.721831
-0.35952 -0.193207 -0.617953
-0.0763069 0.886301 -0.232917
0.206043 0.872341 0.0100926
0.837614 -0.241603 0.278521
-0.337401 0.659758 -0.51752
-0.577685 0.509721 -0.411032
0.245796 0.846094 -0.049802
0.377955 0.580021 0.41873
-0.698075 -0.326763 -0.048281
0.0649276 -0.767981 -0.212305
-0.0154004 -0.136999 0.927933
0.841078 -0.338893 0.15074
-0.458423 0.717287 0.0839273
0.627234 -0.63992 -0.133277
0.486887 -0.579114 0.396118
0.233133 -0.0385915 0.861321
0.147485 0.85856 -0.251248
-0.633155 0.547295 -0.174731
-0.155308 -0.552959 -0.527345
0.489405 -0.615884 0.289703
-0.424399 -0.517879 -0.372325
0.921291 0.0902586 -0.247573
0.925344 0.136735 0.0261243
-0.364088 0.807404 -0.225887
0.581406 0.403589 0.412745
-0.664652 -0.308907 0.392975
0.557079 0.177556 0.611592
0.91847 0.0899512 -0.257484
0.774059 0.184247 0.359556
-0.664202 -0.402701 0.184622
0.0754079 -0.472291 -0.659895
0.420477 0.692447 0.120607
0.778405 0.124895 -0.457062
0.358097 0.637414 -0.41822
0.448494 -0.608156 0.409641
0.629475 0.497353 0.195782
0.45328 0.12577 0.704769
0.145281 -0.340452 -0.707574
0.285229 0.484123 0.596877
0.438637 -0.617052 0.408271
-0.611618 0.559498 -0.333995
0.506131 -0.439761 0.542856
0.768986 0.388276 0.142657
-0.640021 -0.100407 -0.362624
-0.356076 0.816754 -0.155232
0.286386 0.804368 -0.220173
-0.359283 -0.234148 -0.602455
0.601026 -0.109064 0.587327
0.300376 -0.750845 0.211354
-0.0695436 0.455331 0.676543
0.00535636 -0.75077 0.373598
-0.701594 0.231742 0.29496
0.270037 0.332418 0.727848
-0.589913 -0.0247842 -0.477541
0.700865 -0.576664 -0.189871
-0.414019 0.38937 -0.670915
0.0735749 0.53435 0.623447
0.331341 -0.378299 -0.688415
0.0739869 0.843472 0.244959
-0.334011 0.193157 -0.730242
-0.707711 -0.0457473 -0.259049
-0.345244 0.810025 -0.277741
0.541019 0.491263 0.338767
0.943436 -0.0387495 0.166537
-0.436381 -0.482431 -0.403823
0.106287 -0.306103 0.845482
0.170252 -0.807954 -0.115748
0.233485 -0.414879 -0.678618
0.521204 0.406019 0.473344
-0.0060687 0.736892 0.425921
0.860186 -0.379842 0.0354666
0.775792 -0.346261 0.244627
0.0118133 -0.373168 0.846591
-0.292577 -0.273746 0.802018
-0.444227 0.684029 -0.413321
0.905602 -0.291377 -0.0772727
0.536892 -0.140367 0.643394
-0.0252227 -0.792959 -0.101459
-0.0820418 -0.752903 -0.209684
0.361535 0.725176 0.163157
-0.657158 -0.387614 -0.143257
-0.00370596 0.946015 -0.0529258
0.691122 0.1861 0.481931
0.970614 -0.0606427 0.0473016
0.2095 0.359349 -0.736217
-0.102197 -0.664344 -0.412087
-0.227232 -0.641316 0.56409
-0.507134 0.20114 -0.606551
0.744051 -0.288908 0.364009
-0.603405 -0.201806 -0.385811
0.805503 0.173663 -0.420255
-0.04455 0.219377 -0.796194
0.680437 -0.412667 0.311802
-0.394761 -0.172068 0.771625
-0.694788 -0.235337 -0.186496
0.760896 -0.484737 -0.00612857
-0.255291 -0.6472 0.520413
0.109403 -0.822531 -0.00311334
-0.614646 0.475043 0.248635
-0.351791 0.778546 -0.385453
-0.107045 -0.537863 0.704654
-0.727595 0.0622983 -0.250131
-0.102128 -0.689759 0.501437
0.479131 -0.336018 0.644708
-0.452574 -0.0373302 0.763326
-0.401979 -0.571417 0.549025
0.118836 -0.428856 -0.677301
0.454622 0.631827 0.211014
-0.155041 0.666504 0.479341
0.679685 0.278 0.408077
0.236055 0.628887 0.492307
-0.641673 0.530651 -0.186884
-0.645095 -0.0317396 0.573183
-0.68794 -0.012043 0.425234
-0.669839 0.399441 -0.373368
-0.307949 0.117808 -0.721177
0.885834 0.0702129 -0.344498
-0.255754 -0.749823 -0.0460028
-0.613008 -0.516497 0.0108587
0.138644 -0.516468 -0.642065
-0.557153 0.65957 -0.267982
-0.72934 -0.219766 0.151447
0.525018 0.461863 -0.472417
0.418006 -0.639266 0.384688
-0.364632 0.630064 0.413216
0.366272 0.377954 -0.659696
0.680031 0.468036 -0.217206
-0.366664 -0.701028 0.217517
-0.169517 -0.764765 0.1449
0.0699367 -0.810028 -0.0733035
0.50233 0.531139 0.330215
0.626697 -0.354711 0.462086
0.270363 -0.074925 0.853626
0.187017 -0.397856 0.761568
0.921673 -0.185137 0.139142
-0.120048 0.892499 -0.225814
0.471563 0.636499 0.168148
-0.205825 -0.702562 0.360528
0.362492 -0.744544 -0.269592
-0.415828 0.493107 -0.589158
-0.171514 0.819874 0.23605
0.284641 -0.686978 -0.44727
0.500301 -0.00389959 0.67637
-0.358794 0.420653 0.593382
-0.0499983 -0.530931 -0.587741
0.193422 -0.734239 0.385635
0.826194 -0.441091 -0.102236
-0.292278 0.645488 -0.551217
0.175275 0.00769166 -0.773322
-0.358388 -0.351665 -0.556174
0.608007 0.535757 0.10941
0.438667 -0.374385 -0.663056
-0.47634 -0.0312152 -0.606519
-0.233152 0.493801 -0.697775
0.458756 -0.717178 0.067905
0.388629 -0.763197 0.00944297
-0.678376 -0.123499 -0.287955
0.353466 0.491435 -0.586879
0.818955 0.172062 0.303689
-0.592846 0.200393 -0.510993
-0.772699 0.213822 -0.00863164
-0.72404 -0.189918 -0.108166
-0.671822 -0.315748 0.339517
0.863832 -0.0686607 0.309651
-0.431001 0.212848 -0.684966
0.904641 0.142353 0.116108
0.0619158 0.841049 -0.309557
0.280021 0.756137 0.222197
-0.612306 -0.107646 0.629271
0.198931 -0.607998 0.587014
0.472153 -0.401825 0.62591
0.25327 -0.231802 0.822823
0.533871 -0.661984 -0.332482
-0.498054 -0.519715 0.499203
0.253085 -0.27353 0.80522
-0.69294 0.279092 -0.396582
0.0899864 0.237431 0.834344
-0.278542 0.849882 0.0643327
-0.166146 -0.528922 -0.543802
-0.538172 0.193272 -0.572193
-0.00425973 -0.314285 -0.6973
-0.632422 0.474565 0.214071
0.101026 -0.778874 0.302683
-0.428721 0.737662 -0.349304
0.559436 0.413206 -0.48891
-0.233367 0.880563 -0.263647
-0.592956 0.578071 0.107363
-0.230159 0.740494 0.352593
-0.774545 0.158512 -0.0065238
-0.13836 0.531372 0.591853
0.502761 0.355954 -0.589812
0.927189 0.0410879 -0.269489
-0.149155 0.694288 0.455982
0.805785 -0.339038 0.206319
-0.673778 -0.156806 0.473086
0.618379 -0.283236 0.525092
0.441771 0.504289 0.446587
0.0692388 0.464086 -0.734095
0.109269 0.906224 -0.0315227
0.210962 0.871027 0.0380765
0.0260531 -0.509221 -0.626654
0.265533 -0.814288 -0.0586045
0.35241 0.745083 0.136008
0.331991 -0.784395 -0.167708
-0.25367 0.598737 -0.614096
-0.695806 -0.207859 0.383457
0.236332 -0.769026 0.219836
0.279029 -0.675138 -0.46685
-0.0753733 0.755106 0.399563
0.942433 -0.0822171 -0.215504
-0.282291 0.625662 -0.575263
-0.109485 0.168697 -0.776996
0.727293 -0.411978 -0.4026
0.365381 0.0782906 -0.751075
0.501 0.639808 -0.014863
-0.387682 0.784829 -0.265481
0.86721 0.133266 0.248242
-0.579469 0.494623 0.289505
-0.66664 0.477234 0.0668287
-0.368091 -0.371146 -0.536136
-0.449258 0.749364 -0.0275012
0.320267 -0.744973 -0.29489
-0.143091 -0.300412 0.865067
0.408126 0.678959 0.186104
0.791813 0.383418 0.0370389
0.802425 0.0621568 0.410605
-0.199168 0.909102 -0.0961714
-0.341301 0.468939 -0.674157
0.386257 0.145819 0.75069
0.260551 -0.266434 0.805759
-0.252631 0.589861 -0.623351
0.823076 -0.10287 -0.437538
-0.259828 -0.743327 -0.0769974
0.904482 0.0837374 0.180781
-0.14377 -0.762283 -0.153689
0.68467 -0.574293 -0.238283
0.864934 -0.388852 -0.149205
0.514047 0.62333 0.0659832
0.813044 -0.253065 0.302932
-0.766187 0.206129 -0.191008
-0.0574938 0.942218 -0.057964
0.324399 -0.736057 0.239036
-0.681402 0.0331076 -0.335088
0.931803 -0.20949 -0.117212
0.256867 0.501005 0.592767
-0.714434 -0.173298 0.289479
-0.334269 -0.645799 0.451896
0.488371 0.36551 0.5362
0.663957 0.189572 0.513287
-0.495609 0.238385 0.631104
-0.762418 0.00342186 -0.0836205
-0.0581198 -0.231589 -0.712356
0.195639 0.854147 0.135991
0.0776335 0.77431 0.371293
-0.730533 0.300194 0.0826207
0.528001 -0.192116 -0.68966
-0.503924 0.715804 -0.132431
-0.145563 -0.74816 -0.188952
0.925356 0.107187 -0.209227
-0.226576 -0.745774 -0.135957
0.074136 0.710855 0.448327
-0.687431 0.442192 -0.093391
-0.274587 -0.751404 0.0278913
-0.0379741 0.456562 0.686928
-0.504173 -0.358748 0.629756
0.399296 -0.326748 0.71802
0.173268 0.883037 -0.0533992
0.714109 0.37937 -0.361082
0.948578 -0.0311819 -0.194567
-0.446878 -0.640455 -0.155254
0.516532 0.454793 -0.486108
-0.310426 -0.237459 0.803372
0.477352 -0.582779 0.409107
0.45582 0.673275 0.0583736
-0.561254 0.631259 -0.3326
0.890218 -0.222545 0.204926
0.779785 0.372948 -0.140692
0.641274 0.216929 -0.555843
0.592616 0.56035 -0.00892695
0.380526 -0.77099 -0.0211585
-0.525356 0.522734 -0.455505
-0.0682748 0.50818 -0.707943
0.230342 0.450053 -0.68391
0.440105 0.370025 -0.625231
0.157943 -0.266818 0.844544
-0.67248 0.466514 0.0539959
0.0732243 0.369535 -0.769584
0.106502 -0.413726 0.782073
0.448513 -0.723815 0.0682127
-0.561334 0.474779 -0.454281
0.227922 -0.316666 -0.71076
-0.715801 0.0221534 0.323499
-0.281823 -0.724054 -0.139786
-0.521851 -0.542796 -0.239399
0.0453452 -0.799465 0.157229
0.388445 0.609768 0.350422
0.677075 0.469329 -0.228841
-0.294778 -0.157473 -0.655178
0.839219 -0.342683 -0.297724
0.903016 -0.302138 -0.0488519
0.935526 -0.179303 -0.15997
-0.672341 -0.159183 0.478033
-0.691013 -0.299452 0.269676
0.00159233 0.930561 0.000338435
-0.385698 0.547093 -0.575803
0.828443 -0.216122 -0.427267
-0.285897 0.0957816 -0.723185
-0.554428 -0.567524 0.195143
-0.648146 -0.359572 0.375486
0.35257 -0.426811 0.675492
0.600256 -0.580279 0.123124
-0.436523 0.347388 0.596261
-0.0924885 -0.80026 0.0513546
-0.186273 -0.743548 0.218968
-0.0838318 -0.375775 -0.643736
0.0568252 0.0672229 0.890823
0.134673 0.820257 0.266635
0.0866512 -0.409778 -0.685024
-0.454018 0.223613 0.665464
-0.0419313 0.652457 0.509138
-0.303595 -0.184119 0.825405
-0.414377 0.754382 -0.328063
0.47028 0.637971 -0.291005
0.730488 0.13058 -0.508967
-0.439305 0.653085 0.327045
-0.0773585 0.835577 0.242593
-0.399248 0.000429807 0.801855
-0.262405 0.282387 -0.764036
-0.306928 -0.255925 0.7994
-0.288751 0.474867 -0.703203
-0.284742 -0.749707 0.082507
0.451096 0.663978 -0.224245
0.612558 -0.210336 0.556723
0.970639 -0.0382921 0.0318707
-0.102592 -0.405941 0.804563
0.533746 -0.357065 -0.622202
-0.292713 0.767595 -0.420857
0.255308 -0.106098 0.855884
0.588563 -0.635686 -0.00400631
0.249727 0.84597 0.0414196
-0.632323 -0.427595 -0.170156
-0.541943 -0.568614 0.250049
0.0957874 -0.471481 -0.663028
0.780528 -0.428652 0.0957638
-0.464627 -0.668526 0.103734
0.30926 0.798651 0.0431986
0.614308 0.434022 -0.423446
-0.682507 0.0607914 0.444569
0.847927 -0.00646631 -0.397226
0.121072 -0.803141 0.133021
-0.239248 0.873619 -0.273531
-0.364645 0.752268 0.218933
0.702971 -0.380995 0.316016
0.626019 -0.225305 -0.610153
0.961244 -0.0107526 0.0573534
-0.67792 -0.416532 0.0477873
0.0395154 -0.313611 0.86727
-0.587246 -0.503532 0.308507
0.227016 0.00699596 0.857577
-0.184893 -0.757428 0.161174
0.680459 0.476104 -0.105769
0.578478 -0.611884 -0.373762
-0.708876 -0.205649 0.298834
-0.208851 -0.75134 -0.134983
0.022233 -0.810194 0.0815643
0.181142 -0.425015 0.745504
0.528147 -0.459801 0.487347
-0.589001 -0.21761 0.615242
-0.674923 0.463885 -0.019432
-0.368511 0.0246258 0.821166
-0.0579166 0.614933 0.545782
-0.161067 0.193754 0.816444
-0.298413 0.355657 -0.760997
-0.294217 -0.271637 0.801813
-0.119484 0.854977 0.165644
-0.72128 -0.169333 0.247539
0.200449 -0.766227 0.274893
0.553266 0.581334 0.11338
-0.597396 -0.498283 0.271881
0.723087 0.349206 0.282739
0.14326 0.680481 -0.515039
0.412709 0.706798 0.0869074
0.930248 0.0977911 0.0576455
-0.0635634 0.562021 0.594101
-0.498176 0.706165 -0.274368
-0.676921 0.250557 0.369302
-0.201188 0.163162 0.818722
-0.357509 0.697821 -0.469917
0.0615692 0.171299 0.862122
-0.326315 0.834226 -0.179598
-0.651112 -0.32129 -0.231454
-0.0178747 -0.0495242 -0.76231
-0.508996 0.0713811 0.712203
-0.772258 0.20265 -0.160625
0.851322 -0.415346 -0.169418
0.325371 -0.0583169 0.816011
-0.556068 0.417138 0.42887
0.573691 -0.475558 0.401392
0.712903 -0.542204 -0.248757
-0.271867 0.0198023 0.860368
0.703354 -0.219986 -0.541286
0.320753 -0.179409 -0.735117
-0.511168 0.125975 -0.601406
-0.701954 -0.350278 0.0301065
-0.636021 0.407263 -0.424492
0.0936202 -0.773924 0.337222
0.355318 0.0330292 0.794747
-0.628177 -0.295609 0.504983
0.385449 0.23197 0.715447
0.284861 0.425564 -0.671272
0.0227138 0.810918 -0.387629
0.310697 0.698735 0.290839
-0.295029 0.364924 -0.758408
0.888678 -0.327817 -0.178946
0.558226 0.0602649 -0.65434
-0.656371 -0.206534 -0.291248
0.500055 0.165272 0.6606
0.0469898 0.834377 0.270455
0.783089 0.311762 0.217426
-0.425022 -0.554321 -0.329088
0.00148745 0.865919 -0.264237
0.331764 0.396511 -0.666056
0.91492 -0.101969 -0.30392
-0.656467 -0.325936 0.401434
-0.0270557 -0.762328 -0.203304
-0.0853447 -0.481161 0.750707
-0.396794 -0.00853197 0.803213
-0.77246 0.200634 -0.00297564
0.0566647 0.695667 0.464923
-0.294173 -0.538272 -0.445002
0.792433 0.25432 -0.369314
-0.453123 -0.600232 0.402603
0.373959 -0.306467 -0.708951
-0.714325 0.26049 -0.343943
-0.356599 0.574174 0.464533
0.831767 0.0364298 -0.409478
0.0412546 -0.815097 -0.0294028
0.509708 0.256112 0.596142
0.182179 -0.176932 0.871745
0.897253 -0.239495 0.164006
0.133966 -0.78632 0.245664
0.454024 0.665442 0.114149
-0.589553 -0.0548973 0.659562
0.810235 0.284027 0.192047
-0.314094 0.847313 -0.0913559
-0.452692 0.00501636 0.769065
-0.763638 0.14673 0.0606064
0.0472996 0.0247212 0.904667
-0.28569 -0.664298 0.429923
0.393492 -0.57237 0.531067
-0.564163 0.155188 -0.54297
0.0916867 -0.808001 0.0983553
-0.592954 -0.139574 -0.427808
-0.137671 0.757282 -0.484065
0.125773 -0.341153 -0.70794
0.228697 -0.66627 -0.480873
-0.664733 0.484057 -0.0508034
0.0228924 -0.402429 -0.67036
-0.085865 0.943127 -0.0799485
-0.120773 -0.174391 -0.712224
0.74739 0.408425 0.148334
-0.301797 0.488199 -0.690478
-0.776902 0.0154019 -0.00407237
0.491713 -0.511959 -0.535112
0.233069 0.217572 0.79411
0.660005 0.315073 0.397663
-0.619251 0.291231 0.450805
0.907781 0.186213 -0.0303451
-0.569605 0.0542847 -0.536067
-0.621265 0.548765 0.112357
0.0920358 -0.695724 0.511744
0.134109 -0.359036 -0.701386
0.941602 0.0968325 -0.169843
0.383043 0.474042 -0.579514
-0.768138 -0.0203364 -0.045265
0.675958 -0.375788 0.365112
0.359444 0.727339 -0.287421
-0.242535 0.316595 0.71622
0.695819 -0.530501 -0.323923
0.0179961 -0.80044 0.149836
0.28947 -0.378785 0.731974
0.359712 0.507633 -0.567581
-0.466356 -0.530392 -0.325283
-0.670774 -0.296955 0.384987
-0.0346139 0.203532 -0.795775
-0.381192 0.180859 -0.712164
0.386456 0.724492 -0.185449
-0.519459 -0.0253055 0.718951
-0.591656 -0.231945 -0.394184
-0.0144629 0.628944 0.533336
-0.236409 0.888354 -0.229886
-0.015176 0.238242 -0.798469
0.909391 -0.279725 0.0820323
0.0805501 0.381483 -0.765682
-0.704332 0.0474831 -0.298338
-0.625315 0.4818 0.217484
0.359863 -0.709266 -0.378668
0.776221 0.22124 -0.444855
-0.250938 -0.0841636 -0.692731
0.542493 -0.1644 0.633908
-0.32801 -0.692598 0.285205
0.617907 -0.618765 -0.287583
0.449393 -0.739777 -0.201532
0.521989 -0.713813 -0.196391
-0.661939 -0.441276 0.104243
0.0157308 0.510401 -0.706511
-0.139061 0.384322 0.706252
-0.0224565 -0.811673 0.0614092
0.0102709 -0.736209 -0.294036
0.519485 -0.605686 0.2462
0.439443 -0.148872 0.726688
0.523928 -0.397755 0.564683
-0.267633 0.784228 -0.404862
-0.618332 0.567602 -0.278815
0.911486 0.102287 -0.262909
0.314745 0.650879 -0.438902
-0.139168 -0.523114 0.711105
0.546709 0.509368 0.304995
0.202815 0.41298 0.683478
0.578602 0.299074 0.509157
-0.390678 0.67382 0.33485
0.955195 0.00262046 0.0733991
0.0991208 0.758139 0.385762
0.890209 -0.326048 -0.17149
-0.145958 0.906661 -0.0103594
-0.377252 -0.300788 0.739008
-0.606524 -0.114926 0.63206
0.68599 -0.47225 0.205298
-0.521744 -0.130525 0.691808
-0.0676278 0.400906 -0.767515
-0.121723 -0.206171 -0.69978
0.925191 -0.224599 -0.136745
0.162389 0.753638 0.370257
0.467028 0.613175 -0.353894
-0.339923 -0.67338 0.344861
0.869234 -0.231269 -0.367969
-0.16578 0.508937 0.599674
0.792732 -0.076824 0.399561
0.645054 -0.258872 0.507708
-0.65029 -0.443373 0.166426
0.529403 0.392777 -0.533154
-0.297113 -0.141699 0.843581
-0.178119 0.326455 0.734816
0.410986 0.550792 0.418856
0.165034 0.886277 -0.0342767
-0.635816 -0.423432 0.298299
0.559801 -0.362628 0.549246
-0.0284126 0.0602507 -0.776269
-0.106427 -0.796341 0.057422
-0.33446 -0.351784 -0.565135
0.703659 -0.192336 0.464813
-0.625726 0.261219 -0.474405
0.521372 0.233129 -0.625074
-0.675361 -0.348591 0.250775
-0.646583 0.31762 0.376024
-0.596864 -0.425721 -0.25754
-0.407642 0.786188 -0.0198803
-0.59189 -0.0343201 -0.470465
0.135643 0.60939 0.542128
0.403019 0.166158 -0.707188
0.96721 -0.108414 0.021852
-0.0370551 -0.46283 0.770305
-0.122958 0.705515 0.450076
0.673524 0.263579 -0.520839
0.395766 0.574881 0.40332
0.935385 -0.159693 -0.203468
0.713832 -0.474969 -0.362221
-0.566936 -0.507625 0.380376
0.850481 -0.400432 -0.0124374
-0.209394 0.746219 -0.479432
-0.368621 0.80938 -0.145124
-0.150053 0.731213 0.418965
-0.755771 0.0527695 -0.139963
-0.505569 -0.625331 0.144953
0.046247 -0.783794 0.262658
-0.227691 -0.718481 -0.204978
0.0762385 -0.400797 -0.688511
0.602603 0.543532 -0.161058
-0.602808 0.604547 -0.164606
-0.624095 -0.309126 -0.290594
-0.324231 0.446938 0.588386
0.558511 0.589692 0.0128479
0.809734 0.040264 0.411548
-0.0197692 -0.811458 0.0649926
-0.101243 0.666851 -0.588132
-0.671878 0.384819 0.215592
-0.685687 -0.0594789 0.432663
-0.0393253 0.187374 -0.792608
0.714004 -0.562634 -0.192382
-0.175023 -0.728754 -0.218113
0.299794 0.157694 0.792058
-0.586231 -0.531964 -0.127945
0.230435 0.714309 -0.423941
-0.246897 -0.349663 0.80111
0.577561 0.498021 0.281894
0.889087 0.214368 0.0160377
0.427835 -0.190585 0.73634
-0.203343 -0.752505 0.16417
-0.658426 0.383029 -0.411106
-0.387667 0.793217 -0.212303
0.729405 -0.507196 0.00932838
0.32178 -0.263068 -0.718773
0.411815 -0.672785 -0.457582
-0.67246 -0.0993192 0.478079
0.628471 0.433702 0.310152
-0.656636 -0.359464 0.329558
0.0488486 -0.167717 0.917484
-0.0435578 -0.527166 -0.591946
0.272372 0.338271 -0.714354
-0.211039 -0.530813 -0.511889
0.189837 -0.12576 0.881567
0.73509 0.436426 0.0355516
0.376478 -0.70719 -0.376914
0.382897 -0.277662 -0.714337
-0.499204 0.532823 0.389504
0.000294781 -0.803686 -0.07181
0.641865 0.184215 0.536752
0.504386 -0.729414 -0.116804
