ply
format ascii 1.0
element vertex 10000
property float x
property float y
property float z
element face 0
property list uchar int vertex_indices
end_header
0.758226 0.184459 0.13796
-0.508928 0.755081 -0.247277
-0.108312 0.738325 0.316415
0.328275 0.271678 0.580098
-0.557536 -0.653358 0.381013
-0.0277497 0.188876 0.772002
0.176517 -0.703072 0.394136
0.26798 -0.706821 -0.466353
-0.599446 0.566266 0.124402
-0.0704396 -0.736038 0.485863
0.410995 -0.730844 -0.280153
-0.515621 -0.715005 -0.0784772
-0.445343 -0.731863 0.264804
-0.0692396 0.82523 -0.327736
0.187163 0.688788 -0.491433
-0.354428 0.534022 -0.671191
-0.53649 -0.707836 0.0170895
0.31521 0.411228 -0.689795
0.836257 -0.0772652 0.0757023
-0.623304 -0.639764 0.218037
0.488271 0.580882 -0.0122234
-0.387569 -0.632973 0.54908
0.25671 -0.771183 0.186823
0.29471 0.510619 0.420724
-0.453616 0.719965 -0.347941
-0.039646 0.824963 0.191884
0.70989 0.0209714 -0.430459
-0.524473 -0.530426 -0.447136
0.657962 -0.338237 0.295418
-0.722144 -0.228116 -0.457891
0.639109 0.419738 0.016783
0.327426 0.680202 -0.0740242
-0.10119 0.46994 0.590389
0.208162 -0.797028 0.165035
0.656482 -0.490373 -0.374489
-0.178422 0.655064 -0.6338
-0.820453 -0.257641 0.316864
-0.419089 0.479563 0.511085
0.408444 0.539631 -0.45608
-0.879101 0.000899545 0.234788
0.365636 -0.616748 0.37507
-0.142382 0.367703 0.676297
-0.0809462 0.74695 0.304297
0.47316 -0.100097 0.577223
-0.00856834 0.12701 0.798582
0.43787 -0.539458 -0.631102
0.12484 -0.472939 -0.73135
0.795779 -0.342147 -0.215107
-0.750978 0.255118 0.312592
0.243921 -0.7965 0.0940051
0.445125 0.425075 0.379804
-0.803759 -0.347834 -0.0911004
0.0066678 0.803202 0.19204
-0.307727 -0.777087 -0.120468
0.359717 0.0315189 -0.766751
-0.738517 0.342661 0.187964
-0.213195 0.659696 0.408236
0.695852 -0.258776 -0.441937
0.194318 -0.0256261 -0.792004
-0.86625 -0.0907807 0.285937
-0.282323 0.508053 0.54529
0.477763 -0.314871 0.510693
-0.847066 0.171981 -0.097663
-0.0584303 0.841648 0.162567
-0.874283 0.0681273 -0.236877
-0.017124 0.281345 -0.833748
0.172122 -0.806547 0.166416
-0.357819 -0.749897 -0.22797
0.736268 0.0369625 0.257134
-0.823213 0.254548 -0.198435
0.363267 -0.248943 0.665746
-0.00661029 0.858075 -0.0245163
-0.156559 -0.830352 0.0494394
-0.450438 0.0746175 0.739547
0.252789 0.296598 0.618276
-0.407085 -0.376779 0.71896
-0.772507 0.257766 0.225962
0.173034 -0.713257 0.379633
0.46584 -0.658848 0.22304
-0.450969 0.311841 0.647791
-0.499933 0.457385 0.470617
0.816402 -0.0427515 -0.250057
0.108383 0.644892 -0.585605
-0.157649 -0.704912 0.540645
0.169576 0.242532 -0.812884
0.135127 -0.405154 -0.775612
0.538256 -0.2309 0.48766
0.33518 -0.687977 -0.450819
0.477298 -0.692321 -0.280964
-0.740628 -0.231717 0.473684
0.751861 -0.21765 0.222553
0.53508 -0.063118 -0.654394
-0.00509752 -0.822888 -0.189145
0.45381 -0.698378 0.0906583
-0.296633 0.558832 -0.68589
-0.652267 -0.57827 -0.188618
-0.38524 -0.353499 -0.657733
0.0519949 0.597837 0.430624
0.292888 0.651608 0.207386
0.310098 -0.212937 -0.76028
0.777844 0.1761 0.103147
-0.828432 0.210572 -0.0350433
0.833462 -0.0753195 0.0839178
0.420698 0.600816 -0.291898
-0.370358 -0.737591 0.339641
-0.353085 -0.768964 0.253978
-0.670527 0.455145 -0.49672
-0.320164 -0.499199 -0.601323
0.774016 -0.162841 -0.309247
-0.127499 0.308118 0.71497
0.502779 0.156531 0.495739
-0.713855 0.430115 0.0928167
0.579686 -0.607251 -0.169029
-0.327586 -0.623319 -0.507791
0.166272 -0.202595 -0.785931
0.183355 0.361639 0.607385
0.419673 0.579715 0.15127
-0.159351 -0.831069 0.269135
0.557306 -0.24517 -0.611716
-0.017343 -0.553866 -0.649323
-0.797127 -0.441349 0.221753
-0.119931 -0.794724 -0.298665
-0.531715 -0.631074 -0.27321
0.100584 0.525812 -0.707412
-0.648488 -0.236432 -0.544134
-0.87546 0.0842521 -0.227747
-0.739324 -0.535557 -0.09789
0.695376 -0.0578712 -0.447882
0.408994 0.638453 -0.182169
0.40237 0.361737 -0.640753
-0.676106 -0.520615 -0.275405
-0.112293 -0.532832 -0.65709
-0.100259 -0.129018 0.888209
0.350651 -0.759469 0.0549651
-0.115663 -0.0439722 -0.802495
0.448265 -0.665727 0.234482
0.152244 0.264517 -0.817258
-0.113796 -0.592477 0.673094
-0.809616 -0.0725038 0.404291
-0.674572 0.423194 0.227242
0.192119 -0.159088 0.795787
0.296448 0.702192 -0.296628
-0.706408 0.436103 -0.465019
0.700747 0.265644 0.14644
0.291788 -0.178146 0.738634
-0.373605 0.783477 -0.306124
-0.239641 -0.481996 -0.649595
0.0817162 -0.831456 -0.112757
0.0892408 0.391818 0.623331
-0.165819 -0.0230063 -0.802664
-0.502738 -0.164505 -0.701651
-0.0467087 0.323233 -0.83598
-0.302263 -0.624354 0.593685
-0.122513 0.0779973 0.840038
0.0335372 0.33282 -0.838471
0.0487199 -0.52689 0.66964
-0.328841 0.803532 0.124144
-0.716492 0.128372 -0.558103
0.599288 -0.592391 -0.0520523
-0.210364 -0.794044 -0.150191
0.416352 0.504492 0.322986
-0.141758 0.632968 0.451813
-0.212477 0.0321962 -0.806448
-0.859702 -0.124606 -0.0198235
0.552452 0.249968 0.405936
-0.689195 0.592501 -0.234834
0.470879 0.472207 0.31037
-0.820784 -0.319101 -0.0387738
-0.538835 0.603982 0.188744
0.64975 -0.106078 -0.507921
-0.28838 0.281944 0.744737
-0.796028 0.163432 0.322075
-0.102828 -0.471975 0.767315
-0.817961 -0.223568 0.349806
0.432064 -0.314258 0.559407
0.153088 -0.361877 -0.778368
-0.409667 0.782827 -0.275095
0.14212 0.786234 -0.0817268
-0.714435 -0.507346 -0.19102
-0.469395 0.294765 0.642566
-0.835911 -0.340104 0.0828034
-0.741106 -0.00140132 0.507868
0.0915376 0.653462 0.350088
-0.250736 0.883996 -0.0691425
0.653986 -0.231277 -0.498923
0.0787969 0.801205 0.0616664
-0.00274616 -0.100085 -0.801103
0.649409 -0.550284 -0.0213438
-0.664305 -0.622813 -0.0547393
0.527295 0.553115 -0.144396
-0.853964 -0.208365 0.150634
0.559584 0.430168 0.217999
-0.514076 -0.373867 0.665508
0.0936172 0.430358 0.587629
-0.81594 0.224541 -0.397629
-0.551042 0.702445 -0.0527751
0.872191 -0.0469022 -0.129665
0.687234 -0.415981 0.159234
-0.01343 0.707828 0.326583
-0.582179 0.591614 -0.413275
-0.535829 -0.70741 0.228958
-0.82796 0.236773 -0.167847
0.77172 -0.309004 0.076032
0.460537 -0.485068 -0.644
0.634916 -0.29631 -0.522479
0.718025 -0.477127 -0.223653
-0.591337 0.673223 -0.290522
-0.286332 -0.135189 0.858298
-0.149974 0.635032 -0.655497
-0.63061 -0.508885 0.461258
0.577058 0.126965 -0.597364
0.121234 0.516691 0.491855
0.165386 -0.813951 -0.179808
-0.403518 -0.738869 0.293641
-0.687709 0.185775 0.495839
0.314113 0.127561 -0.780574
0.251186 0.340173 0.59119
-0.713358 -0.386918 -0.31914
0.625483 0.261899 0.312909
-0.266258 -0.760468 -0.296753
-0.445856 0.554701 -0.584806
-0.777115 -0.43523 -0.102243
0.593563 -0.522472 -0.449751
0.264949 0.425762 0.514542
-0.171955 -0.814745 -0.0495345
0.0983559 -0.828209 0.145258
0.720941 -0.487301 -0.166044
0.768311 -0.323077 0.0683457
0.697883 0.026619 -0.446743
0.226622 -0.426093 -0.749422
0.549325 -0.407503 -0.587193
0.155538 -0.802112 -0.274348
-0.00653502 -0.851339 0.179826
0.0091703 0.860351 -0.109653
0.368263 -0.723614 -0.358312
-0.255976 -0.750364 0.424414
-0.00921746 -0.440801 0.765157
-0.767275 -0.0527909 -0.510944
-0.83954 -0.0514081 0.353536
0.655525 0.172162 -0.480336
0.172709 -0.811769 0.12113
-0.353023 0.131345 -0.811026
-0.784547 0.38634 -0.375366
-0.577669 -0.653203 -0.14007
0.404254 -0.265784 -0.723672
-0.166873 0.68487 -0.594692
-0.545919 0.696519 -0.0242989
0.00331676 0.646883 -0.617595
-0.337122 -0.706642 -0.393393
0.766272 -0.0313492 -0.35331
0.346735 -0.41418 0.566314
0.447947 0.612191 -0.123637
0.543003 0.440309 0.241252
0.426969 -0.720224 -0.320051
-0.194302 -0.612938 -0.56638
-0.677995 -0.585523 0.232692
-0.208548 -0.775005 -0.305988
-0.781401 0.152082 0.377197
0.740172 -0.0214258 0.258175
-0.411574 -0.0493266 -0.765729
-0.342853 0.01626 0.829149
-0.174499 0.24398 -0.829382
-0.541026 0.703173 -0.0256937
0.775694 0.0747182 0.1841
-0.536862 0.0783156 -0.750122
-0.191382 0.124633 -0.81666
0.217056 0.592917 -0.599015
0.379276 -0.512632 0.46285
0.512516 0.477013 -0.380817
-0.457638 0.791774 -0.207035
-0.649582 -0.519895 -0.339688
-0.241587 -0.184841 -0.77294
0.439789 -0.524456 0.398301
0.444876 0.598485 0.0398763
0.483243 0.253612 0.468413
0.611821 -0.230279 0.406047
-0.167795 -0.502053 0.740477
-0.86292 -0.0893381 -0.0558723
0.663474 0.135394 0.353049
-0.0865862 0.13496 -0.820883
-0.16276 0.542772 -0.718478
-0.453835 -0.0168987 -0.761369
-0.100022 -0.514566 0.746244
-0.73157 0.480818 -0.117797
-0.350328 0.756098 0.215112
-0.290941 -0.271958 0.820156
0.657627 -0.014984 -0.499741
-0.411365 -0.161656 -0.740499
0.332388 0.0461504 0.69759
0.0931903 -0.834567 0.0992602
0.247818 0.469814 -0.702091
-0.0721654 0.708098 -0.549286
0.232114 -0.0389827 0.783143
-0.0430459 0.463213 -0.773542
-0.584534 0.326342 0.491649
-0.162912 -0.727932 0.508553
-0.396379 0.787832 0.110721
0.4122 0.25421 -0.696293
-0.723007 -0.510837 -0.165426
0.576957 -0.214179 -0.594469
0.185852 0.0722802 -0.799534
-0.824353 -0.0799093 0.37948
0.759748 -0.281228 0.136212
0.306736 0.316599 0.566847
0.490099 0.231274 -0.639184
-0.3457 0.328611 0.704687
-0.433728 -0.701999 0.381764
-0.178294 0.424264 -0.791275
-0.113371 -0.661144 0.587262
0.294649 -0.0209092 0.74462
0.260678 0.690771 0.141872
0.223513 0.511513 0.457261
0.471856 0.359426 -0.572315
-0.387746 0.82765 -0.00627649
-0.726751 0.293325 -0.512786
0.126209 -0.119663 0.833476
0.706312 0.357229 -0.0280271
-0.32574 -0.758648 0.323604
-0.568081 0.706432 -0.263844
0.209022 0.5463 -0.655552
-0.714986 -0.257238 -0.446322
0.006219 -0.34551 -0.772232
-0.556525 0.649398 -0.356597
-0.060352 -0.646769 -0.567092
0.411601 -0.114435 -0.748724
0.344036 -0.232086 -0.75155
-0.234154 -0.734871 0.487468
0.39064 0.488448 0.372083
0.212865 -0.294132 -0.772165
0.511912 0.443341 -0.432311
0.117439 -0.823789 -0.166835
0.814922 0.0832057 0.105396
0.40325 0.341608 -0.652255
-0.4592 -0.6201 -0.411574
-0.200244 -0.581026 -0.590476
-0.385004 0.575606 -0.61366
0.197539 -0.573607 0.536286
0.0269617 0.479348 -0.756015
0.636593 -0.528092 0.0925518
-0.515069 0.0709085 0.692382
-0.461627 0.604113 0.332554
0.0579534 0.134781 -0.8217
-0.490056 0.616884 0.25579
-0.833375 -0.206642 0.321125
0.745149 -0.445893 -0.242504
0.381005 0.616436 -0.346665
-0.185153 -0.0220021 0.884842
0.339689 0.413307 -0.663337
0.508787 0.211954 0.464288
-0.714446 -0.22814 0.507236
0.364133 0.536988 -0.533911
-0.254634 0.449838 0.611364
-0.847348 0.174479 -0.113598
-0.460357 -0.661171 0.473378
-0.385098 -0.670393 -0.413969
-0.803227 0.0714617 -0.448361
0.839285 -0.18135 -0.16621
-0.799747 -0.196278 -0.296265
-0.312172 -0.742937 0.390154
0.826543 0.134255 -0.0568275
-0.248992 0.240465 -0.820575
0.423749 -0.674507 0.246843
0.0716209 -0.402022 0.768683
-0.567202 -0.605118 -0.276291
0.539979 -0.520038 -0.554398
-0.363742 0.590466 0.433779
0.263102 0.635248 -0.500594
0.404036 0.498813 -0.522327
0.124858 -0.220425 -0.791659
-0.446245 -0.647733 0.499863
-0.511156 0.611025 -0.453266
0.652174 -0.301091 0.322299
-0.195094 -0.685895 0.571159
0.314301 -0.68372 0.319599
-0.383022 0.593394 0.419411
0.497826 -0.180375 0.558382
0.743966 0.2874 0.00347756
-0.239839 -0.807939 0.260758
0.508153 -0.235159 0.51899
0.551966 -0.590048 -0.383226
-0.105808 -0.5977 -0.603458
-0.711587 -0.295369 -0.416657
-0.107515 0.511985 -0.74021
-0.6939 -0.174572 -0.538936
0.524849 0.553606 -0.155266
0.0276149 -0.544232 -0.662048
-0.855594 -0.126574 -0.0924038
-0.42797 0.803292 -0.202586
0.196881 0.677883 -0.503439
0.516423 0.481385 0.222798
-0.030442 -0.682745 -0.538368
0.630423 0.315929 0.237428
-0.824033 0.226625 -0.0540327
-0.529939 -0.0354937 0.702808
-0.0228565 -0.560766 0.671685
0.311615 0.126035 -0.780946
0.334842 -0.0653347 0.711097
-0.790113 0.319437 -0.0498149
-0.805646 -0.460865 0.153116
-0.747524 0.283899 0.26919
-0.431237 -0.692714 0.413439
0.337673 -0.625194 -0.559732
0.249502 0.206335 0.678933
-0.863915 -0.133276 0.212155
0.546515 -0.627166 0.116025
-0.331458 -0.75677 -0.231838
-0.695124 0.00565117 0.556611
-0.811995 -0.273782 -0.159904
0.451563 0.135471 0.552889
0.795591 0.199576 -0.120379
-0.367566 -0.431793 -0.618727
-0.117049 0.257682 -0.83099
-0.19246 -0.814895 0.298462
-0.0391611 -0.60531 -0.603996
0.449053 -0.0775677 0.599038
-0.60985 0.0686134 0.613466
0.736397 -0.445426 -0.280832
0.21506 0.401641 -0.76287
-0.541209 -0.663841 0.376632
0.264878 0.700492 0.0568366
0.182432 -0.648015 -0.582533
-0.116524 0.214859 0.768821
-0.207381 -0.781124 -0.258893
0.752934 -0.333921 -0.310198
-0.400025 -0.69019 -0.345854
0.11589 -0.778688 0.301608
-0.73651 0.176276 -0.521885
0.220925 0.471031 -0.716662
0.551446 0.0159375 -0.640285
-0.0608779 0.798148 -0.389538
0.356139 0.55659 -0.520291
0.787347 -0.216029 0.131634
0.59224 -0.516113 0.224338
-0.780332 0.250771 0.210086
0.733005 -0.43337 0.0138988
-0.0985861 0.130302 0.811225
-0.216682 -0.80962 0.286101
-0.712479 -0.440553 0.405537
0.216243 -0.810646 0.0155008
0.260799 0.655565 0.234009
-0.429002 -0.481026 -0.545494
0.487057 0.541934 0.116729
-0.740702 -0.538702 0.177458
-0.346807 -0.415172 -0.643462
0.0833689 -0.724482 -0.510362
0.223819 0.650716 -0.523716
0.711163 -0.327706 -0.400389
0.406061 -0.485195 -0.675338
0.503661 0.134545 -0.673535
0.399425 0.0183022 -0.75901
-0.794743 -0.384631 -0.0850419
-0.769387 -0.533667 0.00370444
-0.0965421 -0.787017 -0.395304
-0.53163 0.471173 0.421834
-0.366316 0.218097 0.759991
-0.231953 -0.802707 0.290585
-0.655674 0.486767 0.142799
0.722657 -0.1267 -0.409403
-0.169894 0.201973 0.780886
-0.499994 0.395213 0.523725
0.423229 -0.550753 0.391229
-0.252706 0.572265 -0.687311
0.131954 -0.471116 -0.73344
0.243457 0.196025 0.689765
-0.517699 -0.58508 -0.396584
0.649879 0.292497 -0.397221
-0.24446 -0.81426 0.174195
-0.28954 -0.657406 0.572713
0.827957 0.101273 0.0334643
0.691971 -0.486845 -0.290976
-0.469614 -0.627118 0.504088
0.200032 -0.172692 -0.781911
-0.0456738 -0.415654 0.784318
0.764111 0.264432 -0.119083
-0.154802 -0.103905 0.894229
-0.172615 0.503385 -0.742449
0.281567 0.293532 -0.779594
0.815656 -0.299981 -0.0219459
-0.35844 -0.779637 0.169057
-0.140917 -0.812002 -0.124366
-0.716016 -0.0716309 0.545674
0.295458 0.687283 0.0206469
0.718471 -0.464233 -0.00206714
-0.427813 0.694716 0.226479
-0.243096 -0.663436 0.586952
-0.480795 -0.190296 0.74019
-0.106359 0.371379 -0.820095
-0.789733 -0.155497 0.432396
-0.277073 0.105106 -0.811329
-0.571234 0.223807 -0.721019
-0.844461 -0.0538216 -0.312143
-0.537101 -0.336138 0.671166
-0.405962 -0.762345 -0.0596247
0.044564 0.585121 0.446642
-0.462689 0.700546 0.150252
0.521579 -0.310433 -0.639628
0.09783 0.335147 -0.829146
0.671974 0.225225 -0.433663
-0.0346035 0.0509536 -0.814117
-0.759721 0.327128 0.138238
-0.118277 -0.123453 -0.79432
-0.287087 -0.781546 -0.119841
-0.767862 -0.0618455 0.47154
0.0659491 0.252676 0.725268
0.0568816 0.128596 0.787227
-0.155696 -0.237112 0.869143
0.271134 0.169401 0.687429
0.684128 0.274505 -0.364415
-0.607055 -0.327709 0.610795
-0.364307 -0.756772 -0.1871
-0.713696 -0.568095 -0.0996583
-0.628913 -0.649838 0.0194811
0.75638 -0.00786608 -0.367224
-0.451282 0.679822 -0.40866
0.538195 0.369832 -0.478342
-0.735101 0.135087 -0.531181
0.587845 -0.30527 -0.573358
0.340326 -0.776024 -0.0937652
-0.399797 -0.566489 -0.504019
-0.741079 0.466824 -0.185922
-0.0712857 0.361804 -0.826099
-0.216238 0.877811 -0.165624
-0.0669708 -0.768626 -0.448221
-0.658806 0.0741473 -0.647516
0.312105 0.0301129 0.720005
-0.818501 -0.43603 0.164478
-0.494319 -0.629877 0.481015
-0.821561 -0.254639 -0.135196
-0.464694 -0.712551 0.306894
0.589155 0.336172 0.299742
-0.77411 0.0630012 0.441563
0.521009 0.474968 -0.369102
-0.659519 0.509818 -0.447089
-0.825171 -0.0400949 0.378395
-0.766216 -0.143625 -0.434804
0.262447 -0.429881 0.629881
0.0547981 -0.840468 0.0610727
-0.528252 0.0247989 0.69244
-0.594564 -0.196711 -0.618238
0.393719 0.267204 -0.705402
0.387911 0.653023 -0.152924
-0.218517 -0.785963 -0.201129
-0.549186 -0.560772 0.506561
-0.0735273 -0.763649 -0.454484
0.158047 -0.729187 0.364177
0.430728 -0.724115 -0.2886
-0.58804 -0.434038 -0.4596
-0.151551 0.596755 0.48319
-0.20056 0.857418 -0.238218
-0.686982 -0.429317 0.467955
-0.076413 -0.794257 -0.376488
-0.390513 -0.370523 -0.643132
-0.590257 0.303203 0.50528
-0.438478 -0.226538 -0.704485
0.278179 -0.531483 0.536381
-0.770245 0.15646 0.390961
-0.0802602 -0.81455 -0.207178
0.825966 0.114505 0.00681464
-0.239967 0.680396 0.379149
0.547839 -0.423139 0.368905
-0.458535 0.38908 -0.715173
0.411188 -0.606214 -0.535478
0.601135 0.101325 0.423076
-0.327599 0.31841 -0.797708
-0.428666 -0.286183 0.749125
-0.0117907 0.354683 0.672528
-0.404513 -0.685117 -0.350289
-0.381378 -0.449159 0.695214
-0.156298 0.652455 0.429315
-0.100184 -0.782269 -0.410581
-0.135159 0.302118 -0.8289
0.184491 -0.405056 -0.768374
-0.668389 0.349015 0.356381
0.1389 0.673945 -0.541492
0.356108 -0.586901 0.420005
-0.568624 0.411755 0.431423
-0.570564 -0.551353 -0.385842
-0.864288 0.122737 -0.0894902
0.259313 -0.768732 -0.303221
0.673812 -0.121532 -0.475179
-0.840803 -0.00279612 0.346712
0.269276 -0.298575 -0.76208
-0.175832 -0.0493779 0.889031
-0.126628 -0.809165 -0.171441
0.439527 -0.276887 0.570658
0.529394 0.331685 0.373259
0.665398 -0.0995461 -0.487066
0.504223 -0.671595 -0.147209
0.201054 0.709345 -0.432994
-0.413806 -0.208931 0.77882
-0.810045 -0.400142 0.231012
-0.735744 -0.0768875 0.520167
-0.395881 -0.767821 0.132328
0.734409 0.278636 0.0416138
-0.00435724 0.830865 0.108169
-0.316032 -0.00295543 0.849206
-0.163272 0.868052 -0.233429
-0.772247 0.405545 -0.295413
-0.499561 -0.581817 0.530494
0.265875 0.701372 0.0445798
0.042306 0.734651 -0.483408
-0.683076 0.485495 0.0660799
-0.783502 -0.0620372 0.446308
0.353583 -0.533168 0.470691
-0.729359 0.216458 0.397619
-0.380274 0.0774725 -0.796729
0.746728 -0.000434648 -0.38039
-0.446322 0.815372 -0.0349605
-0.266255 -0.552361 -0.586575
-0.486139 0.329699 -0.738469
-0.174926 0.871097 -0.215828
0.207302 0.279234 0.660837
-0.215976 -0.783896 0.368133
0.3055 -0.615021 -0.602832
-0.395754 0.284743 -0.788597
0.575576 -0.375424 0.369327
-0.555223 0.59283 -0.436325
0.565541 -0.102885 0.481592
0.215604 0.189291 -0.801584
0.118406 -0.0285201 -0.805026
-0.288101 0.627144 -0.628835
-0.818804 0.227132 -0.390219
-0.115501 -0.468475 0.770519
0.165617 0.408277 0.574631
-0.5695 -0.00522388 0.665197
-0.864758 0.087181 0.0771808
0.291473 0.523066 0.408611
-0.821505 -0.320907 -0.0318245
-0.82616 0.250188 -0.33967
-0.722419 0.382265 0.168701
-0.536491 -0.181168 -0.668164
0.142771 -0.284662 0.790764
-0.311577 -0.728298 -0.354623
-0.700098 -0.213509 -0.504792
-0.146678 0.450805 0.608244
0.771495 -0.25428 0.137795
0.0396795 0.500379 0.537706
0.254357 0.720408 -0.0605913
-0.519373 -0.721776 0.148191
-0.091458 -0.851648 0.109437
0.307922 -0.792489 -0.0397925
-0.0232584 0.480038 -0.760262
0.329726 0.603229 0.255941
0.779352 0.154421 -0.336705
-0.52138 -0.202708 0.712995
0.0345757 -0.793032 -0.382155
0.507954 0.0288172 0.525889
-0.218388 -0.255405 0.851038
-0.199707 0.730044 0.309453
0.324114 -0.570532 -0.636432
0.12935 -0.753317 -0.467
0.321471 -0.0767978 -0.766726
0.00677871 0.359458 0.667533
0.736759 -0.440709 -0.00763962
-0.154474 0.834074 0.132655
0.277747 0.653949 -0.440348
-0.278508 0.458853 -0.762478
0.231327 -0.648353 -0.584088
-0.786286 -0.263741 0.401373
0.739486 -0.0287331 0.26005
-0.712516 -0.597029 0.0161084
0.797452 0.169907 0.0308848
0.268953 -0.6431 -0.582119
0.0954318 0.225448 -0.824735
-0.864497 -0.0147655 -0.206341
-0.525865 -0.163061 -0.687062
-0.874758 0.0867046 -0.229258
0.502005 0.574432 -0.0967801
-0.631616 0.566634 0.0311367
0.285027 -0.622134 -0.599873
-0.311292 0.7955 0.155739
0.697293 -0.290368 -0.439166
-0.48363 -0.711727 -0.166248
0.201277 0.107508 0.764357
-0.817308 0.226682 0.0360403
-0.057665 -0.860268 0.139812
-0.113328 -0.840994 0.268918
-0.0438194 0.376847 -0.826786
0.63379 0.399049 0.0855414
-0.224792 -0.161643 0.876986
-0.0446533 0.422512 0.628028
-0.169268 0.51107 0.557259
0.328911 -0.180848 0.713723
-0.186663 0.717652 -0.551019
0.423568 -0.0517123 -0.750499
0.239044 -0.369061 0.695548
0.209378 0.418375 -0.754865
0.515905 -0.620264 -0.395382
0.257309 -0.666339 0.390873
-0.120342 0.298197 -0.831414
0.121296 0.516364 0.492177
0.511466 0.489539 -0.359952
-0.455113 0.744059 0.0826475
0.0827003 0.756074 0.20923
-0.172446 -0.757729 0.454555
0.28682 -0.739965 0.236478
0.277907 -0.423892 0.620784
-0.0766132 -0.0204702 -0.806408
-0.523549 0.73915 -0.257265
0.0242693 0.140279 0.787044
-0.264167 -0.60132 -0.550933
-0.74096 0.481037 -0.288726
-0.732849 0.490084 -0.209293
-0.248284 0.849323 -0.227779
0.790273 0.145506 -0.323343
0.322076 0.194872 0.634021
-0.598086 0.280884 0.515943
0.116273 0.720033 0.240688
-0.495994 0.129718 0.694122
-0.602854 -0.576556 0.421461
0.0973846 0.706057 -0.516681
0.482696 -0.237517 0.545117
-0.0769906 0.603169 0.47032
-0.646704 0.621562 -0.159108
-0.00133866 0.343417 -0.837946
-0.601503 0.693901 -0.224765
0.729742 -0.201829 -0.393125
0.581472 0.373211 0.264399
0.268175 0.443989 -0.71131
0.0364032 0.0443091 -0.813894
0.756632 0.255508 -0.219646
0.0299262 0.587286 -0.669133
0.218425 -0.267117 -0.77287
-0.186572 0.891006 -0.14762
-0.361538 -0.75745 -0.18638
0.280536 0.120164 0.712277
-0.575177 -0.677692 0.242538
0.807564 0.0591685 -0.294783
-0.113471 -0.828912 -0.0354508
0.576094 0.102061 -0.610023
0.172465 -0.280512 -0.780033
-0.816642 0.22105 0.0723978
0.606358 -0.012916 0.42983
-0.258311 0.405296 0.650821
-0.227687 0.822483 -0.323295
0.105446 0.00481928 0.835886
-0.347351 0.693621 0.303335
-0.354746 -0.671368 0.528053
-0.0779752 -0.335 0.829705
-0.535958 0.0722705 -0.750415
0.754575 0.174103 0.163543
0.298536 0.406977 0.51067
-0.490328 -0.662456 0.441591
0.577267 -0.425987 -0.557053
-0.44541 0.313814 -0.771563
0.513057 0.511378 -0.305204
0.0823757 0.386252 -0.817736
-0.87989 0.055772 -0.0377508
-0.388564 0.613659 -0.561203
0.233813 -0.194478 -0.774688
-0.269143 0.670412 -0.575334
0.372939 -0.669477 -0.454247
-0.460674 -0.257093 -0.66973
-0.523666 0.0193456 0.69683
-0.462532 0.389398 -0.712207
0.0392422 0.846082 -0.272018
0.443444 0.277521 -0.654275
-0.557757 0.54911 0.256173
0.316047 -0.617571 0.415471
-0.709231 0.558356 -0.28758
0.466193 -0.22124 0.570938
0.334771 0.345277 -0.712409
0.455179 0.584491 0.064673
-0.315852 -0.279275 -0.729955
-0.483133 0.436313 0.506718
0.0576107 0.461895 0.571983
0.176616 0.538989 0.448886
0.31834 -0.121917 0.72419
0.584516 -0.222583 -0.585666
0.168042 -0.498431 -0.711799
0.600394 -0.519863 -0.439383
0.549981 0.167992 -0.609225
-0.339701 0.18139 -0.810117
-0.794449 0.342013 -0.258753
0.329134 -0.271907 0.688319
0.384078 0.147787 -0.75096
0.338098 0.164146 -0.771521
0.467549 0.565248 0.0924341
-0.797129 0.311233 -0.113397
-0.563166 0.594878 -0.426461
-0.579294 0.489686 -0.546003
0.176404 0.070717 0.787884
-0.157096 -0.526511 -0.649249
0.0795495 -0.567613 0.607807
0.712415 0.103992 -0.429257
0.236924 0.03405 -0.788287
0.801521 -0.365896 -0.0797658
0.266852 0.524594 -0.638401
0.662141 -0.0250476 -0.493409
-0.517347 -0.238223 -0.643944
0.183841 0.542709 0.442425
0.446023 0.491175 0.313832
0.325637 0.307969 -0.743133
0.194443 -0.29476 -0.775329
0.0899957 0.539702 0.478567
-0.267509 -0.806612 0.121826
-0.828886 -0.354678 0.219437
-0.0152384 -0.0867259 -0.802077
0.191511 -0.732497 0.329991
0.742079 0.000573715 0.252761
-0.646965 0.619369 -0.317457
0.10097 -0.490979 0.680444
0.594224 0.465811 -0.229896
-0.741999 0.333437 0.19289
-0.595657 -0.350154 -0.513176
0.00238459 -0.648054 -0.57079
-0.305521 0.644142 -0.588679
0.615588 -0.0630771 0.423471
-0.269374 0.671315 -0.573863
0.318366 -0.467312 -0.709152
0.706857 0.0801048 -0.436097
0.369821 0.370602 -0.664992
0.493995 0.217941 0.475153
-0.100435 -0.611397 -0.592549
0.576643 -0.376581 -0.571733
0.459257 -0.24582 -0.701011
0.146046 -0.820409 -0.0965155
0.393246 -0.726929 0.118909
0.113722 0.541278 -0.689406
0.30361 0.199251 0.644622
0.206759 0.752673 -0.105117
-0.335796 -0.413606 0.731276
-0.545076 -0.614476 -0.289794
0.621572 -0.29288 0.361588
-0.404305 0.174031 -0.796518
-0.764046 0.207953 0.349742
-0.371062 0.725893 0.245896
-0.827279 0.0116987 -0.425776
-0.874407 0.0720969 0.00617232
0.310679 0.677616 -0.33812
-0.0349665 0.816586 -0.345683
-0.774888 0.364446 -0.433923
-0.732164 0.0852044 -0.544141
-0.802851 -0.382664 0.2651
0.812779 0.154942 -0.0268868
0.444631 -0.702345 0.11576
0.555164 0.462678 0.166561
-0.483962 -0.225697 -0.674495
0.733244 -0.47343 -0.175993
-0.603476 0.396188 -0.609536
0.791378 0.134704 -0.322361
-0.857612 -0.181186 0.174969
-0.230397 -0.472749 -0.660165
-0.390651 -0.770261 0.200008
0.461746 -0.46679 0.421649
-0.245719 -0.547536 -0.598348
0.687304 -0.507382 -0.01455
0.730839 -0.0663767 -0.400002
0.446457 0.385746 -0.577099
-0.793125 -0.305973 -0.197924
0.285319 0.225914 0.64076
-0.68831 -0.595146 0.142272
-0.643853 -0.0163499 -0.683748
0.519447 -0.562556 -0.510142
0.290218 0.22563 -0.781318
0.344808 -0.535214 -0.662219
-0.848127 -0.231009 0.0284074
0.335688 -0.175737 0.709501
0.539862 0.271557 0.405781
0.192038 -0.802022 -0.212252
-0.134332 0.145798 -0.821039
0.309241 -0.232053 0.721946
-0.217033 -0.70086 -0.487071
-0.139667 0.040404 -0.810126
-0.309612 0.634639 -0.600372
-0.250426 0.424372 -0.787776
-0.0987121 -0.818854 -0.141244
-0.0896804 -0.562493 -0.634603
0.838944 0.0463044 -0.224579
-0.528219 -0.511023 0.573437
-0.34803 0.849532 -0.149091
-0.465722 -0.625625 0.508909
-0.658669 0.457616 0.197973
-0.51864 0.515443 -0.568485
0.542951 -0.611037 -0.352896
0.0290657 0.773709 -0.419323
0.828215 -0.209245 -0.182554
0.267832 0.38646 0.547776
-0.287433 -0.739094 -0.348921
0.674905 0.317389 0.125104
0.210496 0.00537548 -0.791109
0.0551935 0.826368 -0.0334816
-0.298742 -0.752884 -0.288307
-0.468912 0.728154 0.0866265
-0.667459 -0.623208 -0.0186468
0.256332 0.612794 -0.54995
0.180628 -0.0977656 0.806537
0.209568 -0.777556 0.226373
0.382203 -0.656964 -0.468983
-0.879522 0.073678 -0.0713697
-0.786226 0.0216276 -0.480753
0.360781 0.352572 -0.684251
-0.422006 0.734677 0.162527
0.120809 0.732677 -0.456413
-0.599604 -0.223653 -0.59676
0.366057 0.665967 -0.237104
0.761315 -0.412103 -0.259352
0.248894 -0.78729 -0.202104
-0.827153 0.198055 0.0430439
-0.72003 -0.529402 0.27879
0.186671 -0.785176 -0.320428
0.380567 -0.720998 0.17084
0.42281 0.193496 0.552329
-0.453174 0.759329 0.0575703
-0.273673 0.762327 0.231095
0.859561 -0.156024 -0.0380906
0.0716571 0.710723 -0.516283
-0.349534 0.511576 -0.692275
0.262763 -0.288412 -0.763842
0.792471 0.16911 0.0667832
-0.338112 0.191083 -0.809374
-0.748048 -0.461034 -0.153114
0.37841 -0.731057 0.129381
0.542578 0.0853252 -0.652568
-0.468011 -0.551329 -0.472845
-0.736294 -0.153267 -0.497948
0.823649 -0.170515 -0.202111
0.187927 -0.387904 -0.770699
0.274751 -0.718183 0.289331
-0.848791 -0.246625 0.114689
0.314309 -0.0244147 -0.771213
0.20374 0.242961 0.686756
0.428687 0.409439 0.408057
-0.225215 0.69998 0.351313
-0.51915 -0.711977 -0.0914199
-0.142162 0.651288 0.43391
0.0351204 -0.49312 -0.705616
0.420634 -0.398669 0.510555
0.0237481 -0.129098 0.861763
-0.125784 -0.294954 -0.766143
0.288165 0.485466 -0.656598
0.269161 0.418302 -0.727554
0.666186 0.0543409 -0.49007
0.299573 -0.763105 -0.274831
-0.106181 0.875952 -0.211303
-0.688573 0.352959 0.323982
0.131717 -0.822624 -0.110253
0.353796 0.612585 -0.417776
-0.255779 -0.66057 0.584205
0.099607 0.317767 0.677152
-0.216804 -0.201313 -0.772805
0.0992097 0.172619 -0.820809
-0.687991 0.32844 -0.553171
0.343242 -0.225926 0.692992
-0.823176 0.122546 0.273633
0.114871 -0.810929 0.22025
-0.547854 0.558852 -0.486418
0.755766 0.244945 0.0442797
0.277403 -0.665137 0.376823
0.535289 0.0603022 -0.662407
-0.256813 -0.810609 0.181634
-0.256519 0.84447 0.0501964
-0.377175 0.74766 -0.366496
0.775041 0.236449 -0.158994
0.399274 -0.650739 -0.466547
-0.616184 -0.413072 -0.449486
-0.179787 0.303805 0.722714
-0.184462 0.0331916 -0.807644
0.78571 -0.0207404 -0.320712
-0.325478 0.462901 -0.739407
0.438621 -0.358679 0.523958
-0.0822468 0.0162058 0.863252
0.558508 -0.41634 0.3622
-0.651907 -0.369008 -0.446901
-0.878539 0.010501 0.132432
-0.748565 -0.305559 -0.313634
-0.050071 0.0432596 -0.813219
-0.113933 -0.628243 0.628452
0.505767 -0.188149 0.545897
0.788575 -0.382048 -0.0671294
-0.137421 -0.35441 -0.741981
0.858971 0.0545908 -0.0553861
-0.723741 -0.332693 -0.348985
0.599647 0.165343 -0.551984
-0.426387 -0.29789 0.744978
-0.104854 0.116837 0.81866
-0.863287 0.136077 -0.140933
0.450443 0.368721 0.423304
-0.690771 0.52767 -0.0486398
0.0408764 0.153029 -0.823188
-0.421176 0.073652 0.76105
0.84692 -0.164764 0.00367131
0.128656 0.709301 -0.492712
-0.248502 0.482995 0.57917
-0.590516 -0.0280886 -0.725893
-0.713411 0.21878 0.421212
-0.409198 0.3703 0.623972
-0.600904 -0.294946 0.626463
-0.0886727 -0.467104 -0.708795
-0.537149 -0.672163 0.352542
0.415025 0.520058 -0.479373
0.560955 -0.279447 0.437337
0.360874 0.459012 -0.605488
0.418886 0.0633945 -0.748405
0.749537 0.256281 0.0410107
-0.529047 -0.713112 0.0265826
-0.0602596 0.593413 0.474728
0.206482 -0.641464 -0.589127
-0.688295 -0.171474 -0.547152
-0.858428 0.158865 -0.194949
-0.731162 -0.214753 0.489903
-0.341037 0.854953 -0.0458719
-0.828259 0.233193 -0.343858
0.33459 -0.260215 0.690339
-0.871388 0.0475665 -0.237225
0.87002 -0.153073 -0.107764
0.487869 -0.123427 -0.695525
0.51149 -0.637331 -0.363888
-0.796744 -0.377697 -0.0844579
-0.476445 0.115632 -0.771453
-0.523857 -0.712129 -0.0415069
0.155853 -0.488139 0.65337
-0.266376 -0.744458 0.431241
0.327116 -0.105429 -0.763973
-0.576399 -0.196737 0.67095
-0.815417 0.231802 -0.396735
0.0975527 0.741555 0.220914
0.36981 0.663769 -0.140022
-0.254011 0.346977 -0.805918
-0.663435 0.0287286 0.578203
-0.723422 0.388865 0.150752
-0.107738 0.380382 -0.818323
-0.135606 -0.496073 -0.680538
-0.834618 -0.288995 -0.00682918
-0.63245 -0.569341 0.383587
-0.171848 -0.0112727 0.885543
0.346638 0.673576 -0.110892
0.793843 -0.15453 0.146093
0.299031 0.0808946 0.719282
-0.620073 -0.00998365 0.623946
-0.155418 -0.449565 -0.701536
-0.26474 -0.617479 -0.538666
0.281608 -0.674542 -0.516239
0.295588 -0.681934 -0.491923
-0.236382 0.870484 -0.17295
0.112161 0.485233 0.528211
0.689804 -0.342515 -0.441876
-0.695389 -0.470582 0.401748
-0.217054 0.774288 -0.450601
0.430032 -0.627877 -0.482627
-0.435242 0.765673 0.079347
0.0519282 -0.518279 0.677359
-0.701394 -0.361945 -0.375211
-0.166615 -0.632488 0.632671
-0.296983 -0.315309 -0.722919
-0.627663 0.584707 -0.38058
0.653366 0.273183 0.249993
0.421779 -0.729658 -0.196956
0.356711 -0.579866 -0.624492
-0.314626 0.848034 -0.00445389
0.864395 -0.125322 -0.126821
0.853478 -0.132268 -0.148587
-0.351213 0.677324 -0.498922
0.291183 -0.704564 0.302363
-0.0261601 0.260977 0.734308
-0.714286 0.197641 0.440847
0.210285 -0.526535 0.581123
-0.337486 0.836538 -0.19415
-0.604848 0.405854 0.386707
-0.0490286 -0.557478 -0.643015
-0.736998 -0.0993345 -0.545667
0.465362 0.583824 -0.228707
-0.545194 -0.576771 -0.374819
0.549387 -0.325459 0.426171
-0.101951 -0.776804 -0.431146
-0.0849732 -0.315309 -0.766881
-0.25117 0.798408 0.178183
-0.278486 -0.352148 -0.713091
0.415233 -0.0446217 -0.752389
-0.138062 0.84576 -0.284029
0.378483 0.635824 0.0541681
-0.0609756 0.337934 0.688521
0.549369 -0.633212 -0.155549
0.442296 0.464696 0.346462
0.229575 0.356504 0.591102
-0.22594 -0.36682 -0.718633
-0.0706982 -0.834136 0.275828
0.854788 0.0118815 -0.00738178
-0.578643 0.361837 0.467631
-0.183494 -0.832491 0.153998
0.795938 -0.385934 -0.148734
-0.152344 0.808682 0.193579
0.00897946 -0.630927 0.576688
0.521213 -0.659065 -0.0254951
-0.395967 0.82502 -0.00705495
-0.813506 -0.373263 0.00448177
-0.325703 0.767693 0.204973
-0.75406 -0.432731 -0.167174
-0.592923 0.488612 -0.534935
-0.658246 -0.323675 0.550673
-0.04511 -0.598397 -0.609166
-0.671887 0.503416 0.0592842
-0.735637 -0.268068 -0.385353
-0.718433 0.182134 -0.545827
-0.285591 0.68088 -0.546831
-0.0315504 0.302638 0.709451
-0.846045 -0.214367 0.280913
-0.763464 0.424679 -0.278326
-0.184834 0.541763 0.531421
0.110679 -0.604037 0.550458
-0.638281 -0.401445 0.546706
-0.618697 -0.379396 -0.471483
0.833537 -0.1542 -0.185317
0.00817452 0.836862 0.049836
-0.200542 -0.764418 0.436374
-0.288806 -0.485949 -0.627072
-0.793668 0.0497931 0.415733
-0.630102 0.64519 -0.295602
-0.00200194 0.440945 -0.787206
0.483072 -0.677961 -0.328906
-0.345689 -0.367034 0.750655
-0.233228 0.568777 0.495737
-0.0121186 0.86764 -0.224796
0.694187 0.336996 -0.284642
0.783943 -0.0280651 -0.322588
0.416605 0.178935 -0.724818
0.0389575 -0.384298 -0.766599
-0.726177 0.281783 -0.515906
0.309698 -0.786785 0.0115261
-0.0246368 0.857074 -0.250332
-0.802717 -0.255481 -0.223275
-0.68774 -0.608401 0.082408
-0.119407 -0.799852 0.364945
-0.19649 -0.634546 -0.548011
0.500703 0.523716 0.139013
0.264137 0.720547 -0.109026
-0.817604 -0.332269 -0.0363377
0.0533584 0.253427 -0.831805
0.225267 0.141129 -0.79694
-0.217441 0.0177178 -0.804783
0.682318 -0.0827177 -0.464773
0.805398 -0.13161 -0.25071
-0.736432 0.152761 0.448496
-0.521294 -0.58756 0.506667
-0.538154 0.214201 -0.747105
0.118711 0.015825 -0.807716
-0.616687 0.109169 0.597903
-0.635044 0.493394 0.188134
0.262228 -0.230913 -0.767492
-0.35944 0.064702 0.807748
-0.0319093 -0.667442 0.558845
0.596302 0.465809 0.0286323
0.551126 -0.576404 -0.419533
-0.0374318 0.859212 0.045516
0.315327 -0.756333 0.138816
-0.306059 -0.778238 0.28128
-0.576452 0.433595 -0.597953
-0.275481 0.874538 -0.132334
0.341649 -0.0181234 -0.766848
-0.348474 0.314049 -0.794314
-0.809592 0.166557 0.247434
0.17743 0.416717 0.561893
-0.774766 -0.419681 0.296009
0.0454707 -0.49677 -0.703632
0.786224 0.180515 0.0742743
0.500736 0.521713 0.144495
0.697995 -0.497979 -0.0235604
-0.693234 0.120237 0.521163
0.359279 -0.759464 -0.176662
-0.540055 0.387528 0.487185
0.481425 -0.384721 -0.654109
-0.623912 -0.579216 0.384875
0.302044 0.686007 -0.000404413
-0.726274 0.170839 0.448067
0.445241 0.614051 -0.121613
0.0725114 0.197323 -0.82698
0.138739 -0.818659 0.137387
0.436202 0.619871 -0.173356
0.386589 -0.750621 -0.140324
-0.852878 -0.226883 0.19645
0.244408 0.130293 -0.792936
0.564121 -0.239112 -0.605234
0.611629 0.232876 -0.506171
0.183744 0.269144 -0.80884
0.331078 -0.245426 0.700127
-0.454051 0.418057 0.549231
0.654654 -0.057282 -0.50262
-0.508268 -0.0768259 -0.737027
-0.750969 0.376503 0.0744663
-0.76882 -0.33748 -0.228513
0.482089 0.554048 0.0934258
-0.758716 0.0480276 -0.514071
-0.488768 0.750925 0.00647182
-0.706795 -0.180757 -0.5207
-0.195227 -0.711667 0.537136
0.584068 -0.189389 -0.589678
-0.0304354 0.883705 -0.188338
0.184772 0.123292 -0.802878
-0.866346 0.083156 0.0724692
-0.854124 0.0686543 -0.354181
0.634665 -0.559762 -0.220276
0.0164665 -0.215962 -0.79019
0.582049 -0.405484 0.344453
0.518381 0.16873 0.475628
0.050461 0.549836 -0.698483
0.106846 0.400275 -0.802839
0.592183 -0.545121 0.176766
0.0680909 0.227626 0.73687
-0.272075 0.500513 0.555693
-0.633598 -0.65131 0.0903207
-0.854423 -0.206334 0.160758
0.1826 -0.710958 -0.523
0.267393 -0.123398 -0.773247
-0.7773 -0.506847 0.166442
0.106801 0.786067 0.0694575
-0.658582 -0.544539 0.372938
-0.705053 0.448491 -0.452806
-0.697893 0.0217302 -0.602839
-0.306933 0.861896 -0.147377
-0.501758 -0.0876323 0.725194
-0.678947 0.153322 0.521631
-0.554034 -0.315708 0.66843
0.0635297 -0.610087 -0.608084
-0.656886 0.571017 -0.0516277
-0.851586 0.100656 -0.339596
-0.294533 -0.798446 0.124019
-0.675981 0.604421 -0.220636
0.313134 -0.292013 -0.749061
0.146481 -0.816841 0.135771
-0.471775 -0.301768 0.721156
0.576808 -0.402419 0.352306
-0.131021 -0.261767 0.862015
-0.0233081 -0.589932 0.639721
0.22967 0.737398 -0.0849054
-0.00146676 0.729554 0.29603
-0.157551 0.468273 -0.764954
-0.675818 -0.37892 0.515655
0.620962 -0.466306 0.240315
-0.328475 -0.705411 0.482511
0.400465 0.0500712 -0.760778
-0.544447 -0.704438 0.0428622
-0.546521 -0.430957 -0.49828
-0.621571 -0.471821 0.511615
0.507552 -0.624416 0.210725
0.666483 0.065005 0.357562
0.0744846 0.322738 0.680214
0.378393 0.182318 0.598579
-0.146457 -0.488418 -0.68192
0.0667825 0.819416 -0.0271235
0.653165 0.395104 0.0382652
0.718717 -0.0670232 -0.416273
0.492223 -0.0417462 -0.700045
0.0372431 -0.806417 -0.32427
-0.744251 0.10551 -0.523811
0.445215 0.594722 0.0569135
-0.298719 0.660841 -0.567815
-0.661344 0.0488894 0.57507
0.543949 -0.622254 -0.322286
-0.600741 -0.637565 -0.136223
-0.590306 -0.282381 0.642313
-0.199909 0.392324 -0.8049
0.386959 0.331179 -0.673474
0.491169 -0.495137 -0.613873
0.146034 -0.620981 -0.604563
-0.445982 -0.254363 0.754982
-0.324039 0.846768 -0.00753851
-0.0542609 0.0281157 0.853131
0.470269 0.581165 0.0427127
0.528788 -0.651141 -0.126411
0.321417 0.379367 0.515007
-0.413461 0.0351922 0.774068
0.582016 0.505229 -0.146229
0.503955 -0.671454 -0.172139
-0.864034 0.128318 -0.11322
-0.519507 -0.449505 0.623777
-0.571966 -0.174352 -0.648777
0.282796 -0.512006 0.551069
0.110419 0.49576 -0.732819
-0.379847 0.0436206 0.796935
-0.0654544 0.0506041 0.844136
0.619699 -0.511931 -0.411483
0.187858 0.72403 -0.417946
0.0454124 -0.0529584 0.872757
0.765567 0.168297 0.146295
-0.422687 0.481008 -0.666782
-0.641247 0.378738 0.363702
-0.0759895 0.675299 -0.594623
-0.177473 0.117071 0.830018
-0.0711829 0.287406 0.722867
0.127718 -0.572327 0.57611
-0.769026 0.370656 -0.0156736
-0.00951227 -0.315886 0.824578
-0.329836 -0.786973 0.0630251
0.177168 0.217801 -0.810041
0.15491 0.766945 0.0180764
-0.337819 0.596774 -0.629707
-0.736555 -0.259989 -0.391155
-0.355313 0.696675 0.294838
0.533255 -0.424273 -0.596695
-0.739136 -0.101671 -0.541719
-0.393012 0.445968 -0.714658
-0.46453 -0.419802 0.671291
-0.107395 -0.63394 -0.572954
-0.409808 -0.758693 -0.0942444
-0.825842 -0.0315859 0.377308
0.11567 -0.0076652 0.839578
0.0888858 -0.257515 0.819342
-0.0581569 0.899332 -0.153505
-0.549831 0.634327 -0.384424
-0.178243 0.068032 0.853611
0.594901 -0.454194 -0.532234
-0.401326 -0.614597 -0.468598
0.249623 0.721981 -0.0509977
-0.359525 0.753464 0.213842
-0.115963 -0.45035 -0.709609
0.360448 0.341468 0.511814
0.589188 0.455379 0.0788821
-0.869074 0.125997 -0.223986
0.510644 0.155436 -0.657168
0.128904 0.792308 -0.0741726
-0.362228 -0.669135 -0.451054
0.175837 0.698193 -0.482874
0.604019 -0.478036 0.257318
0.6398 -0.451005 -0.477826
-0.570474 0.687136 -0.28948
0.700791 -0.102141 -0.439435
-0.71244 -0.482813 -0.221669
0.735055 -0.194178 -0.383818
-0.77604 0.332589 0.0518974
-0.380712 -0.698407 0.452162
-0.0913822 -0.782872 -0.41891
-0.0660765 0.576851 -0.692233
0.41507 -0.243856 -0.72475
-0.338437 -0.422696 -0.644193
0.873797 -0.00859189 -0.0847942
-0.268129 -0.704219 0.527396
-0.26183 0.820639 0.112858
-0.141082 -0.449986 -0.704416
-0.0918228 -0.845427 0.253164
0.224774 0.691966 0.199081
-0.24744 0.388019 0.665298
0.190419 0.758471 -0.076075
-0.438681 0.796847 0.0142465
0.710346 0.154078 0.257155
-0.193297 -0.731289 -0.468094
0.617223 0.343076 -0.392595
-0.143087 0.144612 0.811405
-0.0771286 0.193599 -0.8259
-0.833084 -0.170267 -0.201365
-0.456038 0.308135 -0.766764
-0.164816 0.824053 0.154698
0.316665 -0.607967 0.428923
0.746734 -0.348122 -0.319605
0.759687 -0.190177 0.216282
0.414947 -0.729331 -0.0409902
-0.523409 -0.0304221 -0.741869
-0.802736 -0.236282 -0.245989
-0.42331 0.835118 -0.109938
-0.129638 0.905821 -0.0511373
0.529361 -0.00229775 0.508618
-0.320538 -0.788956 -0.00329772
-0.834755 -0.321884 0.0461998
0.252705 -0.785612 0.129149
-0.00637744 0.341958 0.680573
-0.814746 0.176146 0.197382
-0.129856 -0.835091 0.0419969
-0.36484 0.649258 -0.531506
0.637316 -0.271018 -0.520275
-0.336735 -0.785278 0.0944896
0.410859 -0.0526356 -0.752661
0.760387 -0.366078 0.0364236
-0.568937 -0.0477196 -0.726894
-0.860985 0.079633 -0.30869
-0.175564 0.646962 0.430246
-0.632112 -0.189584 -0.593742
0.704808 -0.219854 -0.430929
-0.845033 -0.26636 0.059705
-0.114893 -0.096998 -0.797139
-0.180805 -0.281844 -0.760106
-0.0340063 -0.695369 0.529154
0.627585 -0.566749 -0.15676
0.618739 0.426632 -0.271062
0.363839 0.646408 0.0355217
0.68348 0.320194 0.0992332
-0.0231907 -0.855451 0.106828
-0.547025 0.668264 -0.338058
-0.619937 -0.354857 0.58785
-0.0994129 0.786429 0.246713
-0.699006 0.455729 0.0850708
0.23539 0.237228 -0.796155
0.267694 0.67016 0.198755
0.191531 -0.350746 -0.772372
-0.514463 -0.621131 -0.322697
0.732038 0.0488885 0.262023
-0.435832 -0.303064 0.738061
0.0572967 0.0455909 0.827146
-0.749129 0.192398 0.389468
0.392868 0.0226866 0.640943
-0.452109 -0.638652 -0.380754
0.51222 0.233958 0.450834
-0.551318 -0.650021 -0.197114
-0.724047 -0.19268 0.504527
0.774226 -0.096995 -0.325598
0.196938 0.670133 -0.516155
0.345937 0.0553095 0.682838
-0.655304 -0.608986 0.222115
-0.18166 0.706709 0.350897
-0.572339 0.0344833 -0.737509
-0.459774 0.694807 -0.379317
-0.0337042 -0.821824 -0.186748
-0.790189 -0.492776 0.111762
0.80941 0.0352162 -0.284761
0.00276796 0.767094 -0.438755
-0.0503696 -0.133598 -0.795944
0.115534 0.728776 0.227539
0.708573 -0.144956 0.319613
-0.426961 0.544487 -0.612345
0.7011 0.070078 0.30552
-0.104018 -0.401142 0.801946
0.438538 0.150557 -0.717928
0.415732 -0.116886 0.63751
-0.569027 0.680094 -0.0525373
-0.221781 0.0351657 -0.806386
-0.634054 0.535633 0.0961225
-0.30188 -0.47206 -0.632041
-0.344341 0.777037 0.183206
-0.583782 0.506424 0.284813
0.767796 -0.224035 0.178113
-0.131562 -0.705365 0.535362
0.318793 -0.574412 0.465938
-0.699468 -0.606302 0.0331667
-0.664433 -0.548701 0.358541
0.238729 -0.527161 0.564781
0.725903 0.0206241 -0.408931
0.166145 0.327663 -0.810231
-0.15341 -0.838222 0.228517
-0.724272 0.0942068 0.49528
-0.760509 -0.443 0.3053
-0.0327136 -0.377274 0.800537
0.23917 -0.674041 -0.549162
0.120601 0.770924 -0.389578
-0.355105 -0.263763 0.794975
-0.50009 -0.516117 -0.474971
-0.0919427 0.354119 -0.824936
0.493681 0.468153 0.289527
0.0204752 0.398192 0.64015
0.672202 -0.252298 0.32588
0.397616 0.39847 -0.616456
-0.761139 0.250827 0.282577
-0.863163 0.0720977 0.162291
0.541642 -0.55761 0.258341
0.71284 0.185934 0.22611
-0.0526989 0.609138 -0.664063
0.628835 -0.524255 0.126542
0.174341 -0.579112 0.542977
-0.864366 -0.119309 0.248484
0.376505 -0.297903 -0.726156
-0.405912 0.42744 0.570614
-0.51039 -0.0598394 0.719145
-0.468526 0.230658 0.691599
0.858177 -0.0607776 0.00330096
0.782715 0.211273 0.00479082
0.176329 0.51033 -0.701292
0.269203 -0.72056 0.289239
-0.580494 -0.230105 -0.606387
0.406054 -0.732439 0.0302492
0.277966 0.668744 0.188503
0.798942 0.017199 0.165159
0.36008 0.128172 0.640799
0.470307 -0.695412 -0.0990266
-0.330087 -0.654231 0.557442
0.620691 0.307575 -0.425443
0.801564 -0.300621 0.0123761
0.0985592 0.464025 -0.760581
0.661823 -0.357395 -0.485061
-0.300186 0.814499 -0.288236
-0.242193 0.81009 -0.349924
-0.29616 -0.298836 0.804572
0.784051 -0.0224102 0.193077
0.327582 -0.779528 -0.0945484
-0.645087 -0.0880723 0.61081
0.764634 -0.415378 -0.240074
0.142227 0.369942 0.618616
0.293651 0.546323 -0.598849
-0.0381737 -0.752621 0.458572
0.188764 0.674436 0.258119
0.131492 0.546099 0.457244
0.771749 -0.149892 0.203379
-0.707808 -0.145025 0.536841
-0.290106 0.679358 0.353752
0.450277 -0.699951 0.099664
-0.614739 -0.274942 0.615017
0.135779 0.73968 0.191791
0.217918 0.306703 0.635755
-0.770464 0.21075 -0.4688
-0.230492 0.890797 -0.0752693
-0.68211 -0.484246 -0.297882
-0.00548318 -0.131695 -0.797891
0.258543 0.00817916 -0.782927
-0.607136 -0.29529 0.618932
0.558024 -0.330263 -0.601538
-0.67783 0.490367 0.0706283
-0.236382 -0.474026 0.735264
-0.326395 0.834663 -0.209358
0.209441 0.0618633 0.784617
-0.459855 -0.745007 0.0218086
0.474431 -0.599583 0.291314
-0.512129 -0.724306 0.19246
-0.0848771 -0.653535 0.591553
0.0594508 0.696894 0.310991
-0.0843599 0.814826 0.205716
0.283138 0.114357 0.714123
-0.523946 0.656594 0.117772
-0.69164 -0.360229 0.501183
-0.63162 0.27564 0.483907
-0.506203 0.74507 -0.0229521
0.643653 0.169948 -0.495911
-0.631031 0.185231 0.554647
-0.244699 0.518971 -0.72757
-0.37356 0.258498 0.739137
-0.267519 0.34278 -0.804513
-0.647751 -0.265236 0.57805
-0.130443 -0.317451 0.839532
0.356647 -0.692455 0.271873
-0.479074 0.725386 0.0727309
-0.707689 0.408897 0.160599
-0.121469 0.539709 0.531176
0.622402 0.391312 -0.331719
-0.0392348 -0.444569 0.769022
-0.414998 -0.63288 0.535214
-0.663471 -0.49389 0.427841
-0.288404 0.73924 -0.452232
0.409154 -0.733517 -0.0558781
0.772953 -0.266935 -0.284948
0.397244 -0.710689 -0.361706
0.45496 0.224577 -0.674964
0.749406 0.234305 -0.308003
0.598051 -0.303926 0.382399
0.108964 0.724348 0.239372
-0.261527 0.199115 0.790433
-0.732563 -0.333979 -0.325045
0.151014 0.630599 -0.586576
-0.753872 0.412291 -0.0159514
-0.26454 0.512718 0.545116
-0.134051 -0.841415 0.248482
0.297145 -0.284799 0.707219
-0.644967 -0.499314 0.450392
0.234764 0.743788 -0.163855
-0.874423 -0.0197912 0.25814
-0.690216 0.198196 0.479394
-0.366734 -0.33775 -0.680389
0.391316 -0.254845 -0.730466
0.166196 -0.723526 0.367599
-0.821429 -0.431483 0.152062
0.469113 -0.459839 -0.643585
-0.647842 0.594776 -0.0808193
-0.118072 -0.0175781 0.881373
-0.851792 0.109736 0.141671
0.489897 0.294665 0.443081
0.454096 -0.126295 -0.727962
-0.563685 -0.275382 -0.588669
-0.595146 -0.642951 -0.133169
-0.585403 -0.0226405 0.656084
0.169131 0.348369 0.625354
0.591801 -0.54592 -0.395295
-0.770304 0.39189 -0.16442
0.450528 0.59496 0.0401134
-0.46643 0.312793 0.630338
0.565663 0.239521 -0.559461
0.577835 -0.455721 -0.548046
-0.868188 0.00992301 -0.202291
-0.0742305 -0.230338 -0.78238
-0.36891 0.836689 -0.165153
-0.308687 0.433928 -0.767809
-0.692404 -0.489889 0.384006
-0.871171 -0.0589376 0.157345
-0.0990377 0.708974 -0.553141
-0.201454 -0.819185 0.0362935
-0.724893 0.413869 -0.462966
0.356589 0.420985 -0.640102
0.541246 -0.642193 0.0897889
-0.103399 0.428668 0.625866
0.261918 0.10303 -0.788207
0.781779 0.177533 0.0910354
-0.0788297 0.661381 -0.613206
0.400981 -0.278365 -0.722053
0.257682 -0.604419 0.469195
0.856575 -0.149759 -0.137541
0.61899 0.237102 0.338747
-0.868059 0.0626251 0.133394
-0.230165 -0.572718 0.661778
0.397045 -0.680544 0.260365
0.812409 -0.167093 0.091709
-0.86111 -0.00740993 0.291911
-0.80289 0.281279 -0.0358589
-0.244687 0.134725 0.826305
-0.0105025 -0.841482 -0.0336188
-0.763947 -0.0908439 0.478179
0.516666 -0.65999 -0.221058
0.218349 0.407228 0.551815
0.408381 -0.574143 0.383139
0.151352 0.676493 0.282773
-0.825565 0.22894 -0.361982
0.372238 0.545059 0.30493
-0.181667 0.193546 0.786784
-0.266013 -0.411342 -0.691731
-0.169886 -0.157739 0.889044
-0.235675 0.115068 -0.813958
0.519904 -0.148581 0.535304
0.14199 0.327636 0.655638
-0.295216 0.639065 -0.605116
0.657325 -0.410395 -0.489464
-0.70248 -0.0368792 0.55663
-0.678849 -0.341199 0.521613
0.719335 -0.136062 -0.413621
-0.844598 -0.062601 -0.301232
0.336645 -0.593173 0.432075
-0.444428 0.761024 0.0708222
0.566723 -0.608104 0.102804
0.737249 -0.243066 0.233604
0.385395 0.608259 -0.357875
-0.351873 -0.723081 -0.323194
-0.763619 -0.105536 0.477964
0.329532 -0.735291 0.201074
-0.157453 -0.840519 0.164463
0.495651 -0.677826 -0.214829
0.672172 -0.529261 -0.131391
0.642002 -0.104074 -0.518386
0.400805 -0.149516 0.65584
-0.5555 -0.605776 0.452733
0.377589 -0.753656 -0.0491309
-0.138553 -0.708147 -0.507049
0.424016 -0.388862 -0.690162
-0.843181 -0.167746 -0.147612
0.809602 -0.108968 0.128503
-0.654648 -0.225104 0.580003
0.327686 0.331167 0.542249
-0.469787 -0.266413 0.737992
0.0671643 0.647864 0.366316
0.176356 -0.149294 0.805013
0.520691 0.557723 -0.151457
-0.829151 0.0470123 0.355678
-0.405968 -0.0245913 0.789087
-0.229566 0.318811 0.717568
-0.120738 0.0448961 -0.811322
-0.567209 0.438053 0.406192
-0.851171 -0.0471417 -0.290664
-0.35283 0.251831 0.748578
0.514626 0.0396191 0.517725
-0.337364 -0.760163 -0.205768
0.430953 0.404208 -0.578111
0.221312 -0.56166 -0.656548
-0.384159 -0.506592 0.652532
-0.807974 -0.232852 0.36968
-0.790054 0.322039 -0.0621276
-0.105604 -0.825745 -0.0742425
-0.184755 -0.0600151 0.886995
-0.788812 0.315102 -0.0112444
-0.762357 -0.0873748 -0.500137
-0.117089 -0.527626 -0.660951
0.389773 0.642863 -0.0598653
0.845699 -0.0596591 0.0491173
0.286246 -0.514036 -0.686644
-0.713719 0.109407 0.501576
-0.57201 0.48842 0.333346
-0.244083 -0.770593 -0.280891
-0.340409 0.269208 0.744381
0.0796913 0.615458 0.399969
-0.576262 0.718077 -0.21716
-0.77425 -0.256706 -0.298683
-0.0838304 0.872833 -0.217189
-0.491048 0.311864 -0.742192
-0.82424 -0.0900449 0.379592
-0.387866 0.528371 -0.652955
0.349189 -0.73325 -0.350849
-0.692428 -0.517154 -0.23719
-0.00674584 0.0820837 0.819796
0.177657 -0.746863 -0.453999
0.828296 -0.0658114 0.102105
0.564031 -0.602047 0.129937
-0.86322 -0.0979975 0.001575
-0.840283 -0.309824 0.0821621
-0.552813 0.464558 0.39896
-0.725557 -0.315991 -0.361719
0.25036 -0.527322 -0.680492
0.221375 0.759532 -0.274416
-0.443961 -0.179167 -0.721786
0.437125 0.185813 0.542697
0.351613 0.677522 -0.202582
-0.275795 -0.648951 -0.510047
-0.215551 -0.170467 0.879554
-0.699592 -0.440874 -0.298243
0.455696 0.475754 -0.475628
-0.804102 -0.330234 -0.116675
-0.164216 0.270917 0.740436
-0.56228 -0.607207 -0.279279
-0.194564 -0.236084 -0.769538
0.0893532 -0.682226 0.475829
0.099551 0.62719 0.37821
-0.115063 0.756548 -0.48592
-0.387137 -0.516146 -0.547902
0.512246 0.0906885 -0.68276
0.229297 0.639031 -0.537878
-0.663166 -0.110896 -0.613182
0.352775 -0.362822 -0.720135
-0.86185 -0.0404055 -0.190469
0.153097 -0.405862 0.743517
-0.416508 -0.754593 -0.115724
-0.43871 0.700204 0.195951
0.73997 -0.387716 -0.323405
-0.157113 -0.169949 -0.783663
-0.363534 0.862207 -0.0907965
-0.758644 -0.26387 0.442508
-0.288409 -0.782665 0.288289
-0.395124 0.329914 -0.783881
0.401301 -0.741143 -0.140455
-0.241777 0.479469 0.584373
0.354011 -0.696494 0.266477
0.504468 -0.662143 -0.319446
-0.517314 0.298122 0.588126
-0.611722 -0.042654 0.638439
0.805421 -0.348101 -0.0643512
-0.431132 -0.715187 -0.240646
-0.421327 0.539837 0.450199
0.362934 -0.478753 0.503447
-0.0701904 -0.538706 -0.656537
-0.622321 0.573201 -0.400141
-0.220136 -0.800213 0.313955
0.241608 0.717062 0.0292953
-0.769671 -0.370985 -0.191456
-0.0682884 -0.425458 0.78384
0.439911 0.564486 -0.342412
0.341592 0.684167 -0.236607
-0.0128943 0.834625 0.109435
-0.288499 0.630337 0.416698
-0.366706 -0.57241 -0.520169
0.283086 0.460795 -0.682706
0.31546 -0.211515 -0.759436
-0.242909 -0.506894 0.707435
-0.250571 -0.737228 -0.398905
0.268018 -0.443205 -0.731575
-0.321682 0.780954 0.184125
-0.25556 -0.483216 0.720709
0.535708 -0.107283 -0.649023
0.086821 0.828327 -0.183318
0.520919 0.29572 -0.573087
-0.533118 -0.544321 -0.429388
-0.155248 -0.103135 0.89412
-0.711509 0.348146 0.279362
-0.0398086 0.853625 0.078394
-0.719271 -0.148361 -0.53014
0.0226632 -0.786423 -0.411704
-0.755933 0.20589 0.364976
-0.437539 0.622598 0.33337
0.725344 -0.266194 0.236679
0.752593 -0.39872 -0.293539
0.680401 -0.0729604 0.352859
-0.134451 -0.811618 0.341065
-0.580758 0.603342 -0.399603
-0.104554 0.56228 -0.707043
-0.284371 0.2423 -0.813837
-0.53576 0.493375 0.391449
-0.513928 0.327815 0.566373
0.0107046 0.19313 -0.826489
0.465311 -0.698028 -0.0791014
0.233346 -0.477173 -0.722967
-0.527475 0.417525 -0.645481
-0.688808 -0.550465 0.317299
-0.513277 0.42798 -0.646912
0.462648 0.0798074 -0.718806
0.0389792 -0.81314 0.265463
0.794463 -0.331348 -0.222348
-0.689232 -0.598816 -0.0683557
0.792622 -0.198091 -0.260828
0.073417 -0.423397 -0.759515
-0.668607 -0.0141777 0.583319
-0.876329 0.0728002 -0.0234114
-0.396123 0.300299 0.700054
-0.545705 0.666571 0.0458579
-0.841606 -0.319169 0.19589
-0.0888766 -0.602485 0.656038
0.280792 0.0182312 -0.77968
0.457187 0.218912 -0.676277
-0.0347888 -0.754255 0.45569
-0.806786 0.161199 -0.427432
-0.349479 -0.499446 0.671566
-0.853954 0.153957 -0.278985
-0.0462577 0.246432 0.74447
0.856693 -0.130798 -0.0180263
0.480531 -0.090742 0.568635
0.0249833 0.513144 -0.731168
-0.809861 0.130437 0.328397
0.534544 -0.646906 -0.0837346
-0.647764 0.334825 -0.601955
0.51556 -0.493529 0.351998
0.171739 -0.809456 -0.199771
0.507666 0.569922 -0.102113
0.0614165 -0.829116 -0.163738
-0.602806 -0.674042 0.144169
-0.428286 0.780576 0.0643906
-0.417588 0.238958 0.731869
0.467784 0.258402 0.480454
-0.74506 0.392405 0.0656192
-0.500984 0.561051 0.339608
0.647697 0.434197 -0.155852
0.488533 0.511735 -0.361271
-0.444912 0.605453 -0.520891
-0.394665 0.569767 -0.612297
0.573801 0.0767747 -0.614811
-0.765643 0.194363 0.360683
0.16277 0.776024 -0.0929642
0.269027 0.210139 0.662749
-0.724213 -0.176309 -0.504394
-0.462665 0.181212 0.709586
-0.626112 0.44803 -0.551282
0.180801 0.750812 0.0354288
-0.187516 0.467595 -0.763949
-0.840449 -0.271589 0.25205
-0.641087 -0.647441 0.103826
-0.464185 0.799454 -0.180118
-0.328471 0.248447 0.757621
-0.816832 -0.168663 -0.275429
0.261312 0.738912 -0.250915
-0.812382 0.24047 0.0351556
-0.353982 -0.32937 -0.694395
-0.273781 -0.742652 -0.35384
0.621025 -0.572281 -0.15944
-0.130166 -0.0175871 0.882862
0.673119 0.115285 -0.481518
0.0350152 0.638732 0.389805
-0.276109 -0.637266 -0.519397
0.169798 -0.509684 0.621965
-0.626085 0.169353 0.565682
-0.303378 0.781795 0.188753
-0.182326 -0.777218 -0.330425
-0.738804 0.365863 0.14136
-0.229404 -0.764889 0.408536
-0.240234 0.678888 -0.579078
-0.727953 -0.166045 -0.505512
0.543115 -0.126423 -0.639233
0.127049 0.786926 -0.0233101
-0.701476 0.545881 -0.138553
-0.262905 0.620157 0.435469
0.340241 0.633953 0.165106
0.097322 -0.170804 0.837127
0.0299521 -0.641023 0.554004
0.17855 -0.294257 -0.778124
0.632036 -0.345428 0.321253
0.242063 -0.770192 -0.320522
-0.597917 0.180349 -0.706535
0.102041 0.819705 -0.179029
-0.344346 0.772956 -0.353268
0.728703 0.254596 0.095406
0.807772 0.122242 -0.300995
-0.314938 -0.759055 0.335771
0.0452261 -0.701557 -0.527494
0.631764 -0.0062156 -0.534727
-0.200301 0.285351 -0.823902
-0.0397743 0.869302 0.0014427
-0.830358 0.24683 -0.320427
-0.428874 0.669442 0.271658
0.309805 0.457434 -0.658489
-0.437381 0.318582 0.656134
0.722765 -0.207178 -0.406546
0.458675 0.328868 0.448362
-0.783975 0.173679 -0.456737
0.0575383 -0.397273 0.773668
-0.101821 -0.710424 -0.509257
-0.875107 -0.00882046 0.0777519
-0.671428 0.548852 -0.0419327
-0.554735 -0.700207 0.0787788
-0.461672 0.800113 -0.180604
0.0143571 0.510758 -0.733942
-0.109142 -0.506694 0.751156
-0.354979 0.476954 -0.715382
-0.108993 0.542295 -0.721332
0.558482 0.472697 0.129369
0.538232 -0.114927 0.512573
0.776192 -0.37794 -0.246201
-0.532043 -0.218636 -0.646806
-0.801241 -0.27882 0.352548
-0.520606 -0.477036 -0.486589
0.379723 -0.742968 -0.255957
-0.228951 0.85044 0.0484278
0.0100395 -0.333577 -0.77449
0.500709 0.189157 0.482404
-0.450343 -0.622666 -0.418412
-0.868959 0.0242843 -0.223238
-0.626938 0.410698 0.350702
0.535452 -0.634272 0.128073
-0.200916 0.180515 -0.821963
0.868886 -0.046914 -0.0407032
0.228353 -0.218553 0.771832
-0.437905 -0.712914 -0.235175
-0.338271 0.710396 0.284935
0.399839 -0.531487 0.429715
-0.661028 0.572049 -0.0659226
-0.718379 -0.341282 -0.353783
-0.758965 0.188426 -0.488678
-0.306359 0.41595 -0.781549
0.549018 -0.497981 -0.556205
-0.529091 0.735537 -0.0665625
0.704457 0.346047 -0.198645
0.505079 0.392252 -0.502017
-0.291854 0.645676 0.399518
-0.667872 0.0751962 -0.634798
-0.321694 0.399717 0.644793
-0.567149 0.634397 0.0589707
-0.396515 -0.768217 0.190134
-0.358625 0.682801 -0.484213
-0.321235 0.64785 -0.569995
-0.323883 -0.191329 -0.76102
0.283259 0.427526 0.503371
0.0273578 -0.153492 0.85576
-0.156946 -0.189574 0.880721
-0.66206 0.498501 0.0985626
0.351301 -0.393935 0.577234
-0.664478 0.562453 -0.0535515
-0.439748 -0.752077 0.134826
-0.160159 0.765051 0.263957
0.76589 -0.110597 -0.339794
-0.50582 0.625257 -0.437612
-0.169216 0.210779 0.775723
-0.126803 0.763494 -0.472153
-0.655252 -0.591082 0.29979
-0.786754 -0.47919 0.18804
-0.234178 -0.0221999 -0.799274
0.64775 -0.24044 0.360138
0.149928 0.121498 -0.808826
-0.716852 0.340049 -0.513662
0.0213431 -0.694987 -0.531474
0.013912 0.740946 -0.480971
-0.128284 0.78543 -0.423422
-0.499207 -0.617344 0.49112
-0.860531 -0.0634113 0.306396
-0.493023 -0.714322 -0.144801
-0.104944 0.43248 -0.789667
-0.464321 -0.494991 0.624227
-0.358302 0.728604 -0.412033
-0.0174806 0.709575 0.326095
-0.287285 0.769048 -0.405999
-0.459431 0.177393 -0.777665
-0.750134 -0.4045 -0.20662
-0.447634 -0.625765 -0.416886
0.689423 0.292124 0.130814
0.580868 -0.244897 0.432981
0.732276 -0.285725 0.197977
0.23201 0.218468 -0.798268
-0.825949 0.205213 -0.37998
0.55015 -0.250801 0.464148
0.273478 -0.553881 0.516226
0.575638 -0.609329 -0.257881
0.792878 0.173494 -0.305663
0.490711 -0.322494 0.493074
0.848006 0.0487577 -0.00466804
0.132526 -0.416702 -0.773308
0.522326 -0.357603 -0.625478
-0.269783 0.354519 -0.802304
0.182118 0.15261 0.746539
-0.326802 -0.643591 -0.493745
0.00782873 -0.495528 -0.700771
-0.842663 -0.0376413 -0.337819
-0.435393 -0.748809 -0.129972
0.00610205 0.859514 -0.0899423
-0.680293 0.404991 -0.524635
0.283624 -0.0416405 -0.775483
-0.252281 -0.785397 -0.148199
0.685818 -0.177603 -0.457564
0.315571 0.329241 -0.739707
-0.687532 0.527149 -0.0381026
0.144085 -0.368194 -0.779128
0.430701 -0.480832 0.439586
-0.372991 -0.744183 -0.230481
0.41984 -0.726769 -0.0604647
-0.0367453 0.739501 -0.498016
-0.514643 0.6079 -0.454127
-0.837487 0.0765426 0.297893
-0.744686 -0.424744 0.355671
0.74777 -0.26997 -0.337542
-0.426242 0.781419 -0.263859
-0.378893 0.481083 0.534173
-0.426873 0.158474 0.740585
-0.08595 -0.826627 -0.100626
-0.79081 0.241151 0.17985
0.0792083 -0.0582443 -0.805315
0.0436524 -0.235532 -0.789265
0.0984429 -0.274014 -0.786981
0.322251 0.665945 0.0714424
-0.10079 0.0583918 -0.813472
-0.226853 0.288639 -0.819332
0.542661 -0.115977 -0.640823
-0.0356219 -0.0808443 0.884593
-0.51134 -0.689653 0.325365
0.870062 -0.140136 -0.0702213
0.493389 -0.45178 0.403894
-0.598657 0.62216 -0.357462
-0.175064 0.243001 -0.829287
-0.478617 -0.371329 -0.583461
0.523321 -0.654288 -0.224197
-0.178101 -0.767217 0.435049
0.298821 0.713431 -0.227638
-0.798668 0.16423 0.310523
0.83593 -0.270976 -0.0377764
0.639424 0.408639 -0.267916
-0.82082 -0.360337 0.0264419
0.573219 0.338025 0.316603
-0.730401 0.436131 0.0229052
-0.442744 -0.71082 -0.232328
0.384915 -0.736192 -0.295246
-0.11996 -0.816031 -0.127722
-0.129549 -0.773019 0.421118
-0.708951 0.556811 -0.271117
0.39609 -0.0924881 0.654215
0.102075 0.599986 -0.636271
-0.182087 0.573882 -0.698254
0.558514 -0.190871 0.485745
-0.750379 -0.357123 -0.255311
0.220285 0.575958 -0.616331
-0.426554 0.543119 -0.613749
0.366073 0.628345 0.127273
-0.198978 0.343196 0.698221
-0.859456 -0.159972 0.149198
-0.810668 0.245621 0.0331173
-0.864054 0.104468 0.00254044
-0.102593 -0.731513 -0.490924
-0.674666 -0.179781 0.567601
-0.543788 -0.252811 -0.616716
-0.0998778 -0.176577 -0.788297
-0.367839 0.56942 0.453708
-0.161688 -0.393898 0.804956
0.849967 -0.14352 -0.153225
0.371285 0.556135 0.288988
0.451489 0.298325 -0.634754
0.751091 -0.457241 -0.170021
0.464172 -0.214541 0.576512
0.609257 -0.0349032 0.428306
-0.702657 -0.597064 0.0701599
0.40463 -0.477947 0.465728
-0.131119 0.203497 -0.82632
-0.321286 0.837308 0.0241218
-0.753496 0.201291 -0.493942
0.352611 -0.608947 -0.576586
-0.487331 0.633317 0.230205
-0.16758 -0.389474 -0.722387
-0.815515 -0.3967 0.0536357
0.793249 0.154098 0.101277
-0.642313 0.0890478 -0.666401
0.200264 -0.539749 -0.676825
-0.0551776 0.803769 -0.376331
-0.0465469 -0.636701 -0.576951
0.691726 -0.314396 -0.444975
0.681339 0.066301 0.33533
-0.641119 -0.556177 0.386158
-0.318103 -0.297242 -0.722177
-0.61794 0.112464 0.596053
-0.0921894 0.900939 -0.0327
-0.797841 -0.112627 -0.388227
-0.456291 -0.731774 0.25026
0.74991 -0.235326 0.211479
0.544214 0.483236 -0.303079
-0.25925 0.0653708 -0.807989
-0.772898 -0.390639 0.328648
-0.857184 -0.178347 0.141414
-0.30835 0.75893 0.225345
-0.783396 0.292001 0.10432
0.146426 -0.527911 0.614749
-0.577352 0.389082 -0.633689
-0.316394 0.472295 0.571354
0.611091 -0.564199 0.0798246
0.867408 0.0484548 -0.10186
-0.471193 0.589267 0.342437
0.0837919 -0.836304 0.108909
-0.677816 0.197415 -0.597216
0.367874 -0.594273 0.400556
-0.268841 -0.695253 -0.474534
-0.851289 -0.213437 0.0571592
-0.406577 0.482435 0.515903
-0.874894 0.020661 -0.0818104
0.8409 0.0224651 0.0467792
-0.392883 -0.649976 -0.444225
-0.627971 0.632927 -0.12103
-0.6429 -0.38133 -0.447895
-0.124319 0.0920021 0.833621
0.13636 -0.398438 0.758068
0.298528 -0.712502 -0.432737
-0.774368 -0.335425 -0.216438
-0.0292665 -0.174833 0.863196
-0.657088 0.470813 0.173647
0.334665 -0.650729 0.352718
-0.496216 -0.702152 -0.168177
0.266807 -0.575179 0.496437
0.55028 0.0794942 -0.644434
0.329494 0.0925062 -0.775768
-0.240064 0.830338 0.0977304
0.146626 -0.158612 0.820352
-0.517362 0.107504 0.681589
0.147854 -0.804017 0.216606
-0.748761 0.372206 0.0912505
-0.391096 -0.703807 -0.329063
-0.095838 -0.523069 -0.666969
-0.827843 0.227423 -0.109111
-0.816466 -0.42217 0.194345
0.426958 0.559689 0.191707
0.485511 -0.573802 -0.525961
0.541203 -0.489806 -0.56789
-0.294051 -0.57951 -0.55528
-0.297297 -0.281135 0.813054
-0.350248 -0.494776 0.674858
-0.199087 -0.278324 0.845636
0.506918 0.0659009 0.521614
-0.719449 -0.489518 -0.196733
-0.7454 -0.547377 0.11602
-0.542136 0.692581 -0.0042876
-0.859538 -0.166921 0.222909
-0.624658 0.575613 0.0302765
-0.744701 0.433596 -0.0214524
0.799462 -0.126259 0.145931
-0.786491 -0.254891 -0.269213
-0.465876 -0.689602 -0.244053
-0.353858 -0.759429 0.285633
0.537616 -0.623756 -0.334199
0.157593 0.691259 -0.505421
-0.437007 0.82865 -0.0652131
0.19028 -0.799706 -0.233095
-0.376993 -0.771705 -0.0138408
-0.781164 -0.154479 -0.387385
0.242026 0.437391 0.514636
-0.190635 -0.750903 -0.42673
0.781944 -0.381948 -0.0482045
-0.157959 -0.267042 0.85676
-0.00659781 -0.597039 -0.614295
-0.689199 -0.459712 0.426793
-0.849731 0.0603473 -0.366808
-0.291798 0.715683 -0.486722
0.740563 0.221967 0.119847
0.255044 0.738731 -0.218718
-0.556628 -0.701497 0.118559
-0.294528 0.617782 -0.639098
-0.0848733 0.0164454 -0.809834
0.179833 0.541159 0.445468
0.506781 0.273484 -0.599252
0.0786956 0.825546 -0.126627
0.755457 0.117403 0.203224
0.569037 0.380201 0.283241
-0.86627 -0.0695789 -0.00706066
-0.794939 0.150019 0.352513
-0.158258 0.880753 0.00255174
0.509062 0.114102 0.509766
0.621832 0.0208199 -0.548788
0.344753 0.415627 -0.65636
-0.528455 -0.491973 -0.471071
-0.852401 -0.0905064 0.331049
0.800456 0.180017 -0.0199064
-0.218364 -0.751512 0.455803
0.364866 0.489614 -0.577082
-0.318551 -0.717806 0.457237
0.616945 -0.538577 -0.351459
-0.335086 0.83247 0.0289266
-0.334816 0.648331 -0.558155
0.0819095 -0.751307 0.383599
-0.197086 0.692662 0.369098
-0.617213 0.0969669 -0.698027
-0.383336 -0.47997 -0.576172
0.39614 0.436584 -0.58761
-0.234152 0.885358 -0.129944
-0.0120088 0.810553 -0.357725
-0.566758 0.63015 -0.375018
-0.0294118 0.617007 0.439014
-0.773086 -0.47258 -0.0711805
0.32099 -0.780051 -0.104501
0.360776 0.192769 0.607251
-0.25724 -0.774434 0.3535
0.554508 0.470975 -0.309827
0.24125 0.744038 -0.281339
0.555737 -0.178844 -0.620436
-0.582363 -0.602394 0.421909
-0.140444 0.509582 -0.740135
-0.289164 0.466248 0.586369
-0.109753 0.398808 0.650706
0.686934 -0.132794 0.350202
-0.872704 -0.0386795 0.267216
0.560049 -0.237806 0.459826
0.718945 0.341642 -0.117548
0.484391 0.58755 -0.081009
-0.458013 -0.115627 -0.741231
0.0347988 0.276767 0.719906
0.0829688 -0.576079 0.596576
0.00960217 0.43264 -0.792258
0.644924 0.379667 0.0933559
0.256053 -0.798156 0.0535084
-0.0630751 -0.326547 0.830991
-0.32946 0.595709 -0.638695
-0.374272 0.381496 0.635327
0.797705 -0.343568 -0.204638
-0.732664 0.00445442 0.519732
0.271143 0.156188 -0.78986
0.7553 -0.00538669 -0.368741
0.0382103 0.218979 0.747175
-0.770661 0.341131 0.0618012
-0.703911 0.531945 -0.102596
0.109215 0.81424 -0.165809
-0.208747 0.805261 -0.383355
-0.800698 -0.372455 -0.0700653
-0.210976 -0.246985 -0.766195
-0.364562 0.020368 0.812543
0.485804 0.555257 -0.255447
0.39604 -0.399125 0.532617
0.432481 0.622532 -0.161699
0.0997291 0.0132675 0.833113
0.16495 0.321189 -0.810968
-0.00273944 0.774634 0.240691
0.207988 0.713154 0.169464
-0.553687 -0.239243 -0.618886
0.329527 0.654805 0.110896
0.0562961 0.1913 -0.826515
-0.109772 0.51356 -0.739126
0.424812 -0.721182 0.018103
0.632066 -0.256425 0.369353
-0.161361 -0.0735518 -0.797705
0.743672 -0.383902 0.057033
-0.137366 -0.71152 -0.504686
0.644088 -0.088402 -0.515997
-0.623302 0.282854 0.487123
0.714978 -0.302921 0.220798
0.156554 0.780232 -0.0989864
-0.42709 0.406535 0.577519
-0.630791 0.205568 -0.657835
0.000334743 -0.789056 -0.410675
0.664651 0.0731624 -0.49263
-0.642491 -0.496878 0.45732
-0.376186 0.515362 0.501981
-0.0505275 -0.130263 -0.796276
0.369493 -0.364663 0.582467
-0.306326 -0.793907 0.0476293
0.0217779 -0.650878 -0.569734
0.819601 -0.199394 -0.203321
-0.492312 0.451681 -0.642272
0.0128559 0.356537 -0.837349
0.515033 0.0887786 -0.680643
0.0964117 0.137613 0.773853
-0.764143 -0.207635 0.450672
0.523904 0.292469 -0.572354
-0.798374 -0.378166 -0.0744063
0.851035 -0.0711636 -0.169143
0.624223 -0.570238 -0.115404
0.418883 -0.438466 0.48243
0.745437 0.29106 -0.148585
-0.500824 0.524846 0.407069
0.0348159 0.810939 0.115454
0.844648 -0.0862439 -0.179106
0.453653 -0.0570389 0.591945
0.182594 -0.529466 0.593133
0.681478 0.206168 0.263181
0.464203 0.57224 -0.262541
-0.828455 0.257287 -0.321095
-0.272187 -0.301113 0.812752
0.303449 0.145111 -0.782519
-0.380286 -0.584212 -0.503341
0.596816 -0.543654 -0.388559
-0.225223 -0.237625 -0.766255
0.322003 0.374265 -0.706324
0.202662 0.556849 0.420904
-0.201996 -0.410864 -0.706912
-0.417466 -0.194265 -0.725646
0.502515 -0.385199 -0.635211
-0.179063 0.680334 -0.601357
-0.80869 -0.310368 -0.121546
-0.553525 0.646862 0.0691601
-0.537907 -0.640982 0.43331
0.763802 0.13315 -0.359337
-0.252357 -0.781 0.338521
0.334635 -0.115823 0.713678
0.40212 0.121583 0.605047
0.600448 0.0159413 -0.577396
0.772216 0.241354 -0.165478
-0.268384 0.46115 0.596559
-0.595904 -0.672744 0.0537501
-0.553944 -0.680782 -0.115251
-0.755406 -0.345839 0.409862
-0.221827 -0.577524 -0.585522
-0.453941 0.699718 0.168253
0.143855 0.494206 -0.725201
0.184177 -0.800108 0.194306
0.256211 -0.302694 0.729265
-0.275597 0.138366 0.824621
0.294157 -0.429243 0.602575
0.705655 -0.318597 -0.414386
-0.299425 0.746474 0.249113
0.188278 0.299945 0.659006
-0.317448 0.663824 -0.547819
0.0799432 0.157269 0.768124
0.342861 0.0533144 0.686175
0.230286 -0.468503 0.629376
0.0760754 -0.638326 -0.58451
0.456253 0.0162076 -0.729014
0.442041 0.454715 -0.518891
0.0217907 0.861845 -0.236213
0.101559 0.638559 0.363891
0.719449 -0.236814 -0.406016
-0.223904 0.283956 -0.820526
0.101133 -0.827221 -0.144951
-0.654464 -0.345369 0.549682
-0.844073 -0.0142696 0.340356
0.314364 -0.385276 0.617329
0.436819 0.206029 -0.702308
-0.863982 -0.00640728 -0.234855
-0.285297 -0.800048 0.0290305
0.785326 -0.118619 0.184787
0.632986 -0.159346 -0.529043
-0.60506 -0.499963 0.502387
0.231028 0.592917 0.354363
0.540356 -0.290912 0.454365
-0.597739 -0.624058 -0.175613
0.379706 -0.575338 0.409282
-0.867009 -0.0904861 0.132302
0.735295 -0.0743171 0.271621
-0.196987 0.54256 -0.716981
-0.491371 0.58743 -0.501493
-0.493667 0.639557 0.206736
0.764715 -0.424629 -0.225847
0.164855 -0.76346 -0.425374
0.492199 0.154649 0.506391
-0.0294467 0.329157 0.691402
0.570939 -0.59176 -0.331957
-0.85918 -0.164961 0.236181
-0.872931 -0.0246841 0.0614761
-0.697106 -0.219207 0.530785
-0.454788 -0.289168 0.735076
-0.809938 -0.197292 0.382677
-0.0962077 -0.323812 0.838612
-0.419231 -0.232413 -0.710235
-0.432234 0.507141 -0.639155
0.00815328 -0.407844 -0.752356
-0.138755 -0.27774 -0.768518
0.16101 0.511455 0.4834
-0.704745 0.567648 -0.275311
0.0651932 0.791921 -0.376729
-0.543309 0.668181 0.0490022
-0.732253 0.492959 -0.219762
0.0947416 0.806678 -0.342132
0.708015 0.151992 0.262925
-0.634954 0.0312383 -0.68797
0.781043 0.187683 0.0761164
-0.367328 0.756962 0.204814
-0.834899 0.222508 -0.318264
0.00850054 0.16532 0.77755
0.795699 0.190153 -0.186819
0.290794 0.432474 0.493682
0.251815 0.681591 -0.418605
-0.431883 0.129232 -0.787131
0.0844792 0.189997 -0.824446
-0.214924 0.890527 -0.128428
0.544612 0.282272 -0.559719
-0.150913 -0.828023 0.305491
0.70854 0.358851 -0.103037
-0.203997 -0.143055 -0.783245
-0.301842 0.531197 0.51505
-0.653571 0.180539 0.535012
-0.806244 0.328506 -0.373453
-0.666393 -0.623419 -0.0260221
0.0785159 0.10742 -0.819447
0.660325 -0.194556 0.370452
-0.24161 0.190058 0.793968
-0.234641 0.510861 -0.734859
0.236725 -0.26844 -0.769605
0.356561 -0.632757 0.361586
0.347171 -0.0550388 0.697393
0.34181 0.161852 0.640927
0.172126 0.296925 0.668898
0.0368895 0.422448 0.620121
0.522912 -0.566489 -0.4994
0.721819 0.160752 0.231776
-0.127987 0.478535 0.583864
-0.113364 -0.818089 -0.122439
-0.46154 -0.00280282 -0.76208
-0.291301 0.222858 0.779236
-0.79126 -0.399119 -0.082274
0.61464 0.407741 0.118479
0.471603 0.146666 -0.697047
-0.114523 -0.8334 0.00233321
0.568006 -0.152308 -0.610436
0.381351 -0.0559054 0.663606
0.471631 -0.430443 0.44
0.792914 0.163975 0.0793432
0.617049 0.384312 -0.347756
0.754623 -0.37605 -0.295295
0.0850136 0.596289 0.420656
-0.645097 -0.607606 -0.128569
-0.723546 -0.353074 0.462704
0.809463 -0.221122 -0.219264
0.12645 0.686419 -0.532401
-0.2544 -0.457725 -0.6618
-0.324624 0.69548 0.312921
0.354705 -0.655702 0.329748
-0.213909 0.514227 0.555797
0.725073 0.0980727 0.261746
-0.124166 0.40567 0.646253
0.587456 -0.556428 -0.379692
-0.649553 0.648126 -0.262341
-0.819732 -0.00627477 -0.437455
0.668524 -0.0301082 -0.484698
-0.646422 0.651067 -0.255967
-0.460478 0.412212 0.550806
0.270813 -0.765064 -0.306249
0.343501 -0.197037 0.698915
-0.120582 0.460046 -0.771818
0.394336 -0.213277 -0.738476
-0.361285 0.401221 -0.765533
-0.117411 -0.501964 -0.682401
-0.819211 -0.286083 -0.0994229
0.0773404 -0.0417158 0.863305
-0.550475 0.68029 0.000299184
-0.462688 -0.178084 0.752074
-0.144613 0.448288 -0.777971
0.386364 0.28139 0.531636
0.20011 0.0137594 0.803612
0.543554 -0.411986 -0.591046
-0.458182 0.000159899 0.748226
0.44703 -0.230788 -0.712969
-0.604741 0.0533219 0.621456
-0.872339 0.073889 0.0274999
-0.688867 0.476594 0.0687796
0.263728 0.301191 -0.784182
0.415992 0.451034 0.385088
0.00983195 0.823417 0.111939
-0.51872 -0.299642 0.699272
-0.0607512 -0.0889885 -0.800069
-0.577729 -0.419925 0.592193
-0.859406 0.129296 -0.0557999
-0.774734 0.336586 0.0499118
-0.0333572 -0.809206 -0.291
-0.277284 -0.77787 0.318661
0.298864 -0.772728 -0.205144
0.466323 0.504625 0.262949
-0.126465 0.0374794 -0.810345
-0.391794 -0.448286 -0.591746
-0.322743 -0.16195 0.835237
0.771158 0.0933944 0.185131
-0.678935 0.126082 0.532479
0.272139 -0.0523371 -0.776818
-0.755659 0.33969 0.128956
0.3637 0.451849 -0.608327
0.728821 -0.310391 -0.367386
0.00426853 0.277655 0.722021
-0.689202 0.467449 0.08784
0.831539 -0.0686289 -0.211379
-0.804492 0.19622 0.207613
-0.321186 0.372811 -0.791523
-0.483605 0.686555 0.13725
-0.468275 0.677953 0.182245
0.20952 0.449227 -0.735522
0.401918 -0.71682 0.147757
-0.159701 0.684954 0.386782
-0.856992 0.158197 -0.166876
-0.826053 0.203436 0.0316453
-0.76471 -0.51273 -0.0549829
-0.677174 0.0635399 0.558246
0.026654 -0.813615 -0.278063
-0.873078 0.098922 -0.227156
-0.370489 -0.488299 0.671939
-0.782182 0.357141 -0.426314
-0.234647 0.124078 -0.814913
-0.723747 0.0126324 -0.568724
-0.630232 0.388823 0.368718
0.777031 -0.251126 0.127863
-0.604087 -0.354008 -0.502851
-0.461325 -0.725143 -0.170861
0.26514 0.449403 -0.709151
0.0175152 0.749383 -0.465186
-0.330088 0.687246 -0.500462
0.0735709 0.758652 -0.432187
0.105824 -0.201925 0.828389
0.567707 0.510406 -0.000344335
-0.498095 0.367679 -0.70524
0.198716 -0.543202 -0.674105
-0.752386 0.430025 -0.40334
-0.142466 -0.200471 0.877015
-0.393679 -0.624407 0.554389
-0.200895 0.150524 0.813376
-0.206577 -0.539607 0.696453
0.813841 -0.325701 -0.161591
-0.143619 0.614458 -0.672049
0.748997 0.27468 0.0119987
-0.168952 0.870118 -0.223113
-0.464738 0.528574 0.434765
0.193523 0.381121 -0.782932
0.113384 -0.825073 -0.143645
0.0483492 -0.842932 0.115285
0.354227 -0.44549 -0.70166
-0.261007 -0.729741 -0.410391
-0.850711 -0.219933 0.0644671
-0.86385 -0.120798 0.255683
-0.620537 -0.623001 -0.135793
-0.654241 0.608026 -0.145351
0.678259 -0.435082 -0.425928
0.0429904 -0.224061 -0.790404
0.608342 0.470402 -0.184454
0.305694 0.370373 0.533005
0.596312 0.289056 0.329685
0.538124 -0.442097 -0.587267
-0.859541 -0.171037 0.209319
-0.814251 -0.27682 0.318893
-0.848319 -0.261866 0.171251
0.704181 -0.488177 -0.0179496
0.393513 0.649035 -0.180539
0.339748 -0.310788 -0.735896
-0.0912868 -0.833635 -0.0353328
0.447878 0.160385 -0.709086
0.169982 0.511019 0.480707
-0.611405 0.424458 -0.58087
0.580341 -0.085167 0.463954
0.276227 0.71567 -0.126252
-0.247132 0.631559 -0.639324
-0.350007 0.852031 -0.0434465
-0.0763674 0.842558 -0.287609
0.00411428 0.357857 0.668866
0.0943765 0.62691 -0.609625
-0.821616 0.280034 -0.330199
0.228848 0.754823 -0.273932
-0.343165 -0.374463 0.747973
0.0841258 0.0349142 0.826226
-0.404198 -0.101274 -0.757967
-0.456475 0.19097 -0.778756
-0.474664 -0.0663114 -0.747178
0.83295 -0.244996 -0.00124167
0.0689349 0.729695 -0.484041
-0.617433 -0.137024 -0.641078
0.0743529 -0.607727 -0.610906
-0.560618 -0.592376 0.460403
-0.623218 0.646782 -0.146957
-0.736999 0.47041 -0.13884
0.516563 -0.59639 -0.451763
0.0430865 0.460979 0.578052
-0.661555 0.512803 0.0686971
0.449885 0.605156 -0.208206
0.311098 0.432689 0.479127
0.444027 0.100633 0.576131
0.506695 -0.226685 -0.666219
-0.391273 0.612568 0.386013
0.0168673 0.844112 -0.0125982
-0.403226 0.584336 0.414982
-0.3195 0.850579 -0.172188
-0.226183 0.695485 0.35851
-0.788566 0.0565102 0.421421
0.100192 0.812368 -0.112577
-0.806102 0.226702 0.129248
-0.873343 0.111391 -0.214508
-0.535977 0.602565 -0.441465
-0.362539 0.835577 -0.173983
0.537058 -0.645801 -0.0164204
-0.568846 -0.362184 -0.527523
-0.0320076 0.7372 0.298918
0.812838 0.0591071 0.126579
0.0155548 -0.586395 0.622255
-0.234551 -0.603601 0.636311
0.235135 -0.691315 -0.520009
0.644227 -0.490556 -0.404372
0.299162 0.333445 0.561512
0.512877 0.0702142 -0.688539
-0.617786 -0.544965 -0.333011
0.100788 -0.793602 -0.356678
-0.546946 -0.414915 -0.508579
-0.545534 -0.104438 -0.711948
-0.148208 0.906069 -0.130343
-0.606973 -0.278972 0.62327
0.109384 0.16022 -0.818273
0.165141 -0.820566 0.063565
0.300429 -0.0464905 0.740508
0.629259 0.410396 -0.287276
-0.365098 0.647376 0.357958
-0.194232 -0.417162 -0.706076
-0.604613 -0.0668365 0.647622
0.610838 -0.354991 0.340221
0.318157 -0.514003 -0.682641
-0.848477 0.144369 0.0177121
-0.72519 -0.210571 -0.467939
-0.519907 0.0811289 -0.756078
-0.314293 -0.15347 0.840732
-0.654927 -0.091052 -0.634365
-0.599118 -0.422382 -0.458069
-0.797471 -0.424981 -0.00631658
-0.550842 0.522595 -0.529967
-0.411141 0.548251 -0.620381
0.267322 0.709668 -0.328136
-0.363455 0.225731 -0.800974
-0.611903 0.52908 0.174969
-0.420504 0.752147 -0.324052
0.254537 0.2805 -0.788062
0.629688 -0.00748977 -0.537484
0.347858 -0.743835 -0.308477
0.771542 -0.134416 -0.321741
-0.0888746 -0.583225 0.68009
0.0531186 0.479794 0.554689
0.219579 -0.362702 -0.765612
-0.453894 0.380239 0.585945
-0.326878 -0.630482 -0.503094
-0.822655 0.207131 0.0593119
0.625844 0.0968497 -0.545405
0.658308 0.0611556 0.367016
-0.877511 0.0562236 -0.146136
-0.708348 0.188293 0.459802
-0.730661 0.471584 -0.0653389
-0.774991 -0.525308 0.0230024
-0.757858 -0.524479 0.168968
0.506023 0.278024 0.435963
0.298047 -0.776439 -0.179374
0.370395 0.239686 -0.738269
-0.639043 -0.114719 -0.635148
-0.605697 0.640508 -0.0659501
-0.351605 -0.143967 0.819429
-0.757157 0.0809398 0.457942
-0.574022 -0.391416 -0.502846
0.770336 0.180574 0.11437
0.478274 0.441388 0.330993
0.526135 0.5497 -0.164802
0.504902 -0.671681 -0.102415
-0.472389 -0.48638 -0.512888
-0.526285 0.758942 -0.122996
-0.806669 -0.338107 -0.0896887
0.24875 -0.315962 0.726476
0.0494757 -0.768378 0.37682
0.815487 0.0413639 -0.273452
-0.83077 0.225132 -0.142831
0.558437 0.350109 0.322918
0.309276 -0.647142 0.377881
0.146502 0.487614 -0.730614
-0.621967 0.238972 0.526091
0.109011 0.556017 -0.676916
-0.871197 0.104341 -0.232247
-0.0796823 -0.800263 -0.322748
0.350739 0.0784588 -0.771198
-0.303352 0.858226 -0.0279023
-0.111282 0.732985 0.32382
-0.673235 -0.621069 0.0865785
0.437184 0.559676 -0.361261
-0.313002 -0.283208 0.805729
0.015291 0.85984 -0.131535
0.475049 0.491472 -0.42261
-0.309725 -0.306952 0.795201
0.41484 -0.726274 0.0399288
0.700136 -0.341484 0.213749
0.799412 -0.0263635 -0.29024
0.221964 -0.802977 0.0874643
-0.728769 0.347633 -0.496572
-0.675584 0.600147 -0.205182
0.149394 -0.469899 -0.735747
0.166021 0.49667 -0.716835
0.444623 -0.337981 0.533909
0.00519056 -0.217469 -0.789596
0.674547 -0.49026 0.0695271
0.828222 -0.29552 -0.0507277
-0.87492 0.0539488 -0.192515
0.782278 0.22305 -0.148383
-0.607308 0.141905 -0.701958
0.397302 0.452065 -0.574108
0.74968 -0.202182 -0.350785
0.600211 0.47424 -0.193962
-0.769503 0.406603 -0.253749
-0.475976 0.470004 0.485003
-0.310144 -0.57569 -0.551717
0.86483 -0.000780698 -0.141142
-0.377973 -0.0152963 -0.78021
0.655305 -0.343335 0.295887
0.823452 0.140976 -0.0563862
-0.0944847 0.496928 -0.750174
0.48799 0.257554 0.462186
-0.508693 0.552298 0.341584
-0.875803 0.109484 -0.179833
-0.625685 -0.368082 0.575678
0.28323 -0.537503 0.527056
0.0645215 -0.0508646 -0.805886
0.0104619 -0.539411 0.676901
-0.358131 0.613231 0.40903
0.732707 -0.434391 -0.321871
-0.817759 -0.201862 -0.232696
0.474479 0.54325 0.139072
-0.749077 0.462337 -0.371146
0.389031 0.456168 0.401955
-0.830245 0.00277519 -0.422727
0.0117433 0.825617 0.0967378
0.805545 0.0842791 0.129974
-0.298531 -0.590997 -0.544939
0.755203 0.070653 0.22036
-0.175338 -0.420272 -0.708863
-0.359112 0.611091 0.411473
-0.108394 -0.828503 -0.0473761
0.601338 -0.513858 -0.452109
0.816006 0.153736 -0.148529
-0.771071 -0.362827 -0.196361
0.0695316 -0.802573 -0.329389
-0.476137 -0.734669 0.213024
0.82333 -0.229709 0.031655
-0.191024 -0.605439 0.651195
-0.126545 0.361737 -0.819338
0.525208 0.0250535 -0.673546
-0.210864 0.888068 -0.052036
-0.497158 0.451227 -0.639239
-0.669856 0.312877 0.391723
-0.0960881 0.347099 0.685722
-0.851887 0.163498 -0.121172
0.874463 -0.0852489 -0.115176
0.169432 -0.600745 0.521784
-0.321423 -0.284199 0.801819
0.614084 0.0317396 0.417938
-0.851679 -0.22915 0.223504
-0.0536452 -0.773029 0.418174
0.668785 -0.529623 -0.0165202
0.711715 -0.44314 -0.350117
0.206399 0.294075 -0.80088
0.698681 0.199927 0.238768
-0.70756 -0.568161 -0.110923
0.507891 0.414385 -0.473724
-0.288081 -0.49952 -0.61725
-0.0666254 0.645211 -0.632083
0.0866397 -0.82521 0.196161
-0.477646 0.382213 -0.707628
-0.776953 0.395532 -0.406293
0.1801 0.299648 0.66294
-0.486131 -0.731707 -0.108157
-0.845843 0.159948 -0.0226892
-0.15432 -0.836417 0.0942796
-0.538312 0.637081 0.127471
-0.805107 -0.328469 -0.113696
-0.111579 0.738451 -0.514283
-0.540847 -0.662424 -0.185582
0.695279 -0.125395 0.337079
-0.374622 -0.560361 0.614112
-0.854915 -0.189865 0.261016
0.380267 0.654131 -0.241894
0.296483 -0.342783 -0.743702
-0.490678 0.0653508 0.712013
0.0402026 -0.318418 0.812623
-0.387454 0.312346 0.693901
0.638518 0.0018242 0.393304
-0.651089 0.313724 0.417177
-0.394817 0.0954587 -0.796486
-0.00487627 -0.832761 -0.107772
-0.0439144 -0.139704 0.873908
0.381918 0.276164 0.538229
0.0744847 0.575387 0.446393
0.539018 -0.62509 -0.32738
0.703766 0.347505 -0.197298
-0.217335 -0.394989 -0.709815
0.331419 0.561031 0.318822
-0.414492 -0.506728 0.640015
0.267156 -0.774721 -0.256896
0.56682 -0.618303 -0.161076
0.583337 -0.148536 -0.593363
0.764495 -0.268107 0.139348
0.397442 -0.204892 -0.73924
0.321184 -0.59812 -0.614617
0.361574 -0.500001 -0.687298
0.142364 0.461265 -0.752309
-0.701966 0.399765 0.19909
-0.617305 -0.350086 0.59275
0.433348 -0.717201 -0.032034
0.0176205 -0.781444 -0.425152
0.403511 0.101545 -0.749346
-0.699903 0.277183 0.384986
-0.494486 -0.531339 -0.468842
-0.348636 -0.625222 -0.493454
-0.862166 0.142879 -0.15897
0.28336 -0.262095 0.733697
-0.200788 0.752351 -0.492338
0.295207 -0.232082 -0.761685
-0.562408 -0.555054 0.496654
0.478756 0.022221 -0.714527
-0.486386 0.797056 -0.158018
-0.571653 0.33352 0.499373
0.16241 -0.629153 -0.598145
0.557097 -0.430695 -0.573649
-0.772255 0.00793964 0.459216
-0.0794274 -0.756394 0.453748
0.324163 -0.727167 0.230788
0.103819 -0.740362 -0.496747
0.0678009 -0.387603 0.776426
-0.783731 0.368497 -0.243705
0.0680296 -0.835408 -0.0503095
-0.515482 0.348477 0.547029
0.470738 -0.694419 -0.0754509
0.29466 -0.655429 -0.540296
0.0981122 0.517914 -0.715459
-0.355281 -0.0538267 -0.778663
0.350008 0.321615 0.532174
0.271206 -0.210785 -0.767177
-0.550512 0.124114 -0.745504
-0.530019 -0.678077 -0.166585
-0.409836 0.714784 -0.39185
0.624435 0.258518 0.317555
-0.0899047 0.604887 -0.672578
0.186883 -0.524399 0.596354
-0.32092 0.198092 0.783159
0.787112 -0.387349 -0.184821
0.663031 0.134122 -0.488666
0.524234 -0.640466 0.141521
-0.53223 0.610351 0.189181
-0.775889 0.229094 -0.458027
-0.19209 -0.815506 -0.00915602
-0.583578 -0.686555 0.172661
-0.755869 -0.0131185 0.487353
0.688586 -0.355933 0.225668
0.269529 0.727938 -0.274748
0.407418 -0.57917 -0.585973
-0.151076 -0.53731 -0.642419
0.11296 0.154723 -0.817311
-0.703955 -0.301452 -0.429157
-0.861101 -0.126174 0.0505105
-0.397263 0.700856 0.259056
-0.468963 -0.404487 -0.568398
-0.3981 -0.75203 -0.167614
0.540976 0.471026 -0.339988
-0.411215 0.822058 -0.166605
-0.473489 -0.485444 0.626396
-0.549513 -0.576968 -0.367609
-0.859305 -0.169438 0.190641
-0.113505 0.216032 0.767881
0.50634 -0.0338969 -0.687198
-0.743729 -0.14472 -0.488376
-0.690863 -0.494177 -0.265119
0.539356 -0.386223 0.404369
-0.78649 -0.285901 0.387003
-0.711135 -0.37431 -0.33796
-0.0831013 0.496008 0.567148
0.280617 0.679329 -0.380442
0.817241 -0.202706 -0.207478
-0.352845 0.696549 -0.467183
-0.798245 -0.107956 -0.392053
-0.179818 0.789235 -0.418544
-0.239988 -0.741124 0.464753
0.656412 -0.542319 -0.152941
-0.464347 -0.352876 -0.605031
-0.851826 -0.219195 0.110417
-0.803006 -0.162127 0.411448
0.648319 -0.48897 0.14955
-0.433488 0.188348 -0.786804
0.342671 0.613874 0.215164
-0.356663 0.326824 0.69945
-0.327052 -0.489342 0.688091
0.640339 -0.362684 0.302466
0.0898235 -0.834138 0.113971
0.0640043 0.681529 -0.559858
0.0834001 0.136774 -0.82134
0.86728 -0.059086 -0.0291647
0.478692 -0.559265 0.331066
-0.00957376 0.451858 -0.77984
0.430075 0.38482 -0.594434
-0.62687 -0.520763 0.452482
-0.496399 0.0463918 -0.762617
-0.757948 0.160565 -0.495054
0.37428 -0.730999 0.137783
-0.171639 0.789541 0.219225
-0.0603043 0.83212 -0.311032
-0.439088 0.226388 0.718404
0.0628598 -0.788623 -0.391069
0.729144 0.313544 -0.00292736
0.120473 -0.77436 0.306338
-0.43674 0.542411 0.438229
0.607465 0.311588 0.299557
-0.13933 -0.391006 0.808716
0.278586 -0.502471 -0.696912
0.754973 0.00161628 0.233477
-0.0781649 -0.85341 0.100946
-0.494456 0.357795 -0.715532
-0.222506 -0.785916 -0.194711
0.4885 0.188515 0.493981
-0.305687 -0.0844271 -0.782386
-0.495854 -0.264198 0.726305
-0.440973 0.407416 -0.712592
-0.788132 -0.354427 0.327542
0.0806852 -0.23455 -0.790276
0.157689 0.562522 0.430724
0.476168 -0.692588 -0.130459
-0.826946 -0.166081 -0.242052
0.0219219 -0.455729 0.75198
0.0458164 -0.101895 -0.801457
0.438611 0.0394021 -0.739669
0.0161332 -0.815903 -0.255074
0.611522 -0.177511 -0.556821
-0.817911 -0.142044 -0.303127
-0.862196 -0.134144 0.139918
-0.341356 -0.197487 0.822069
-0.398243 -0.760715 -0.0977143
0.610476 -0.194524 -0.557411
0.354847 0.242359 -0.748001
0.069555 -0.229506 0.830041
0.463306 -0.479977 -0.642993
-0.600003 -0.558642 0.44807
-0.85323 0.1635 -0.274226
0.436914 0.610142 -0.0112414
-0.615173 -0.32631 0.601454
-0.733366 0.351646 0.189823
0.545772 -0.120527 -0.637083
0.804668 -0.381512 -0.114356
0.576593 -0.611342 -0.0734677
-0.389218 0.1494 -0.802169
-0.808099 0.0714448 0.386602
-0.551396 0.446089 0.420062
-0.508498 0.371445 0.534901
-0.0981304 0.187018 0.783374
-0.176019 0.650558 0.426484
0.510699 0.442267 -0.435592
-0.467542 -0.741913 0.0568334
-0.652826 0.602715 -0.122462
0.374415 -0.63929 0.33807
0.23259 -0.751535 -0.39991
0.144963 -0.819838 -0.127944
0.525276 0.511459 0.121459
0.620772 -0.0785359 0.418935
-0.462318 -0.472779 -0.528486
0.445236 -0.200385 0.603726
-0.0510356 0.864531 0.0508321
-0.459758 0.772954 0.0195673
0.366864 -0.645418 -0.501304
-0.784055 -0.0796065 -0.45512
-0.387491 -0.755082 0.258287
0.388301 -0.714975 0.182366
0.764415 -0.243125 0.167488
0.0596961 -0.625044 -0.594846
0.157279 -0.812293 0.150467
0.153719 -0.716039 -0.522417
-0.559948 -0.610899 -0.274586
-0.0801366 -0.694099 0.540028
0.274534 0.0619491 0.750763
-0.557871 -0.693864 0.00873955
0.749993 -0.459294 -0.0882177
0.781488 -0.0327356 0.198096
-0.243294 0.447561 -0.773726
-0.463894 0.421568 -0.685828
0.161416 0.761435 0.0344765
0.583274 0.38579 0.239281
0.316361 0.671949 0.0491797
-0.495992 0.582897 0.308146
0.492135 -0.540225 0.337422
0.187394 -0.813464 0.0747209
-0.520085 0.667798 0.103957
-0.050514 -0.817659 -0.214548
0.472035 -0.00833129 0.566837
-0.0411355 0.244761 0.744997
-0.494656 -0.492707 -0.493829
-0.353485 0.856672 -0.124641
0.282236 -0.637817 -0.580995
-0.509323 -0.0905187 0.72013
0.830571 -0.131233 0.0629781
-0.162541 -0.618374 0.649548
0.460565 -0.636375 0.26003
-0.527425 -0.413415 0.637499
0.486442 -0.684947 -0.0968363
-0.383559 -0.770651 0.0604342
0.775075 -0.235056 -0.288583
0.212736 0.392074 0.567629
-0.0960656 -0.858277 0.170453
-0.070475 0.89889 -0.079558
0.531981 -0.498944 0.332093
-0.84752 0.137031 0.0662672
0.00784582 -0.0302758 0.870811
-0.69509 -0.489016 -0.259662
-0.499457 -0.0938023 0.726796
-0.204125 -0.496 0.730952
0.156432 0.789465 -0.177133
-0.57561 -0.0644204 -0.717758
-0.458281 0.506555 0.460457
0.363499 -0.426044 0.542208
0.245264 -0.638479 -0.591751
0.534171 -0.18146 0.517712
-0.466559 0.818014 -0.109119
0.343699 0.293227 -0.735432
0.260556 -0.716704 0.30398
0.112727 0.270374 -0.824507
0.517399 -0.225307 0.513774
0.877061 -0.101193 -0.0808141
-0.0782052 0.0973702 0.823768
-0.782026 -0.256351 0.412994
0.00664151 0.51909 0.529586
-0.357804 -0.541171 0.636223
0.151066 0.551734 0.444425
0.00133034 0.841706 -0.284672
-0.518549 -0.644146 0.445415
0.475274 -0.694221 -0.165292
0.476313 -0.416512 -0.649567
-0.774037 -0.479981 -0.0541694
0.174096 -0.764211 0.28197
-0.645222 0.639228 -0.210489
-0.103945 -0.823473 -0.0952928
0.206883 0.128891 0.752251
-0.251088 -0.357189 0.792687
-0.548777 0.682347 0.000397611
0.301684 0.647351 -0.419293
-0.716223 -0.59482 0.0180939
-0.866872 0.139799 -0.218268
0.303737 -0.315712 0.678488
-0.0307987 -0.326057 0.824987
-0.736732 -0.258416 -0.39229
0.676285 0.173933 -0.45407
0.0197737 -0.845939 0.029874
0.411142 0.381678 -0.616118
-0.378825 -0.710146 0.417741
-0.496552 0.730145 0.0309242
-0.827437 0.0507795 0.358286
-0.393899 0.120027 0.772002
-0.552424 -0.18069 -0.657778
-0.476588 0.726925 0.0745085
0.572275 -0.0685451 0.471575
-0.538262 0.713023 -0.0406284
0.660626 0.350954 0.105112
-0.701673 -0.43454 -0.299504
-0.793818 -0.407486 -0.0545648
-0.226036 0.229221 0.769927
0.501227 0.43833 0.308519
0.174984 -0.200436 -0.78455
-0.433133 0.80395 0.011315
0.433726 -0.555692 0.377219
-0.308996 -0.282944 0.807485
-0.726976 -0.396599 -0.274175
0.805888 0.17625 -0.136063
-0.82809 -0.248307 -0.107794
-0.630937 0.476112 0.237912
-0.275491 -0.788967 -0.080051
0.163654 0.350107 -0.809303
-0.0563499 0.49534 -0.752062
0.492419 0.519936 0.166601
0.407482 0.639651 -0.153691
-0.515281 -0.564632 -0.430331
0.586746 -0.208839 -0.5848
-0.455919 -0.746311 0.0599349
0.43669 -0.624051 -0.484136
-0.874933 0.0569107 -0.199304
-0.578447 -0.245586 -0.597638
0.678359 -0.45707 0.132248
-0.678371 -0.204244 -0.534702
0.455993 0.0101465 0.580109
0.752493 0.0892294 0.218326
0.0829312 -0.563044 -0.650248
-0.657225 -0.630802 -0.000139431
0.2968 -0.73357 0.240812
0.297537 -0.00200426 0.739051
-0.719138 0.426598 0.0824523
0.326978 0.577312 -0.530321
0.5831 -0.222932 -0.587109
0.23479 -0.515324 -0.692107
-0.117724 -0.828698 -0.0299304
0.068353 0.096648 -0.818487
0.0819018 -0.802051 -0.327301
0.676133 -0.488237 0.069682
-0.816129 -0.377356 0.026304
-0.617913 0.660681 -0.284381
-0.605947 0.290914 -0.666743
0.00962252 -0.734528 0.461912
-0.658498 -0.353836 0.542713
0.000669754 0.68379 0.349658
0.035486 0.781517 -0.403788
0.490302 0.414924 -0.498617
0.0152405 -0.827244 -0.161149
0.608058 0.259893 -0.493757
0.000194737 -0.765926 0.418579
-0.129982 0.436989 0.619569
-0.720854 0.122465 0.485192
-0.0727313 -0.841452 0.258461
0.373652 0.11997 0.632096
0.0693223 0.0938197 -0.81825
-0.220901 0.885401 -0.0512041
0.215701 0.607402 0.343086
-0.215977 -0.183068 -0.775759
0.318906 -0.345635 0.642718
0.600684 0.228648 0.365291
0.486411 0.467476 0.298243
-0.796925 0.35726 -0.398223
0.0659713 -0.792791 0.301992
0.464318 0.543297 -0.338967
0.0571286 0.838806 -0.28792
0.683958 -0.10408 -0.462004
-0.181433 -0.707973 0.541054
-0.733327 0.185551 -0.524629
-0.518343 -0.118548 0.714306
-0.138324 0.217361 0.769248
-0.461044 0.75179 -0.291544
-0.717364 0.52835 -0.342643
-0.0610315 0.686692 -0.576315
-0.851173 0.174467 -0.170275
-0.198786 0.596503 0.475888
-0.490718 -0.733292 0.0208811
0.247283 -0.115662 -0.777222
0.415236 -0.265011 -0.720093
0.804735 -0.168969 0.110596
-0.388933 0.0330459 -0.786432
0.659969 0.411062 -0.191352
0.39498 0.147025 0.599753
-0.828143 0.15879 0.163767
-0.830729 -0.0820487 -0.328131
0.0362395 -0.679433 0.508124
0.361973 -0.122482 0.692352
-0.369584 -0.760422 -0.148845
0.559883 0.527723 -0.0219237
0.680799 -0.522924 -0.0666418
-0.675796 0.0762459 -0.623657
-0.797276 0.290947 -0.00745322
-0.155625 -0.556651 -0.625122
-0.297797 -0.349033 -0.709569
-0.821112 0.0683068 0.36561
-0.806432 0.297105 -0.18133
0.430676 0.532469 -0.428706
-0.747461 -0.136636 0.48998
0.586418 0.467238 -0.244569
-0.432019 0.435133 -0.696742
0.204629 -0.812224 -0.00454926
0.832855 -0.209589 0.0172549
-0.279156 0.240763 0.767812
0.00761607 -0.608185 -0.60572
0.548443 -0.268365 -0.61851
0.00750279 0.571989 -0.686225
-0.0106838 -0.792707 -0.399297
-0.620089 0.450753 0.303312
-0.827436 0.0384466 -0.420788
0.45867 -0.643454 0.253124
-0.212473 0.891724 -0.12662
-0.496321 -0.104228 -0.731616
-0.377421 0.381886 0.632949
0.188862 -0.231225 -0.780231
-0.188588 -0.748944 -0.435441
-0.134084 -0.841177 0.250205
-0.663461 0.373778 -0.563336
-0.867457 -0.0974786 0.240948
0.188928 0.314863 0.645697
0.280343 -0.77768 0.110739
0.388941 0.597305 0.16603
0.418006 -0.241463 0.611606
-0.381494 0.360083 0.65147
0.793172 -0.128719 0.160944
0.000740389 -0.818231 -0.22985
0.764382 0.165017 -0.350175
0.350142 0.0954168 -0.772333
0.701874 -0.428716 -0.389289
0.419441 -0.564012 0.382921
0.160401 -0.791914 -0.322372
-0.855472 -0.19426 0.146098
-0.814506 -0.199025 -0.247786
-0.463861 0.340073 0.609771
-0.623096 0.542392 0.111903
-0.353849 -0.778103 -0.0338102
0.539604 0.257651 -0.578815
-0.208529 -0.643557 -0.536675
-0.136773 -0.824143 -0.0340405
-0.139181 -0.51416 0.740423
0.105048 -0.647067 0.506031
-0.133025 0.674371 -0.603664
0.149392 0.203035 -0.813964
-0.185911 0.613139 0.462099
0.226411 -0.805719 0.0546335
-0.862911 -0.132625 0.164076
0.702287 0.276637 0.12449
0.171778 0.506735 0.484398
-0.46775 0.321956 -0.753634
-0.707498 0.132439 0.497974
0.3219 -0.01153 -0.77069
-0.779609 -0.378265 -0.158417
-0.332873 0.508723 -0.703683
-0.251102 0.156564 -0.81757
0.445089 -0.660821 0.244
-0.527896 -0.579962 0.509852
-0.329825 0.457417 -0.741171
-0.5114 0.68065 0.0961087
-0.275596 0.0731576 0.851501
-0.859564 -0.16018 0.155105
0.251703 0.186637 0.69016
-0.400438 0.722763 0.225125
-0.389951 -0.288977 -0.696493
-0.261124 -0.124075 -0.780566
0.541887 0.518659 0.0589515
0.142583 -0.434005 0.720302
0.501623 -0.67382 -0.0525657
-0.739594 -0.535736 0.19621
0.178707 -0.614884 -0.611144
0.427933 0.52784 -0.442106
0.0141792 -0.510324 -0.689042
-0.783131 0.261324 0.175783
-0.640409 -0.257569 -0.537908
0.390691 -0.743409 0.010319
-0.210563 -0.806139 -0.05284
-0.351011 -0.779971 0.016882
-0.0304398 0.79363 0.229965
0.083033 -0.834731 0.0316383
-0.664583 -0.512721 -0.313143
0.090059 -0.739466 -0.497092
-0.195815 0.547123 0.526754
0.0574544 -0.214624 0.836129
0.798675 -0.200749 -0.247321
0.650986 -0.218976 0.36806
-0.320967 0.139987 0.808927
0.532629 -0.148614 0.521296
-0.838152 -0.0556354 -0.332723
-0.294209 -0.110187 0.855251
-0.767799 0.21033 0.336839
-0.211507 -0.0394457 -0.798808
0.834639 -0.154852 0.0404578
0.233553 -0.586526 -0.635007
0.222394 0.332427 -0.793984
0.794187 -0.395913 -0.141348
-0.348209 0.74114 0.236986
-0.701074 0.425246 0.145855
-0.548647 -0.385624 0.636679
0.409569 0.347229 0.471973
-0.227923 -0.254256 0.849413
-0.593012 0.597004 0.0715078
0.524309 -0.535307 -0.553422
-0.372436 0.669383 -0.494168
0.0131711 -0.683076 0.516787
0.147531 -0.816803 0.133795
0.126916 -0.463044 -0.740075
-0.816473 -0.3714 0.240157
-0.871878 -0.0636092 0.237479
0.522967 -0.293226 0.472539
-0.855643 0.158927 -0.149401
-0.761314 -0.514961 0.194394
-0.457259 0.221226 0.704419
0.0708579 -0.231782 0.82923
-0.368009 0.158433 0.782172
0.340213 -0.435714 0.556215
0.00362194 -0.503008 0.720764
0.0395778 0.0859293 0.810639
-0.87836 0.0108994 0.203816
0.7424 -0.419681 0.00765193
0.317173 0.10402 -0.778625
0.512351 -0.631596 0.189396
-0.493609 -0.690604 0.345689
0.422576 -0.0647359 -0.749873
0.644499 -0.35764 0.300457
0.473283 -0.690278 0.00701917
-0.874144 0.0168517 -0.0958577
0.852264 -0.038682 0.0323301
-0.260049 -0.270563 -0.747771
-0.280644 0.7513 -0.439487
-0.0228988 -0.321379 -0.773142
-0.683713 -0.617235 0.0495345
0.035139 0.30362 0.702391
0.803356 0.16111 -0.282942
-0.66838 0.586307 -0.131464
0.554453 -0.104506 0.493923
-0.124984 -0.848887 0.212569
0.196166 0.0504073 -0.796387
-0.396896 -0.262876 0.775042
0.783865 -0.380675 -0.208884
0.697393 0.266764 0.152903
-0.765282 0.0103065 -0.511724
0.285636 -0.770198 0.13431
-0.274428 0.590678 0.462284
0.396465 0.40002 -0.616388
-0.116109 -0.399582 -0.729425
-0.326449 0.869065 -0.111667
-0.0572418 0.40499 0.642353
0.751118 0.16932 0.174078
0.394272 0.330825 -0.667028
0.242356 -0.563406 0.522861
0.586874 0.000796666 0.449861
0.43762 -0.531763 -0.644748
-0.426758 -0.705141 0.379772
0.63513 -0.155857 -0.526254
0.297008 0.685517 0.028077
-0.831951 -0.0728385 -0.334655
0.429619 0.238787 -0.689575
-0.0523331 0.46602 0.59099
0.852112 0.0717814 -0.156726
0.17012 0.58575 0.399831
0.790731 -0.164921 0.148858
-0.476814 -0.141886 -0.724185
0.637783 -0.55757 -0.190438
0.542476 0.538806 0.00190693
0.509236 -0.0254892 0.531788
-0.620778 -0.498362 0.485263
0.24914 0.296744 -0.788594
0.256383 -0.772017 0.183679
-0.397837 -0.507071 -0.547812
0.434046 0.40373 -0.575357
0.850484 0.0839111 -0.141228
-0.501545 0.527129 -0.569171
-0.0954777 0.726125 -0.528788
0.336604 -0.23589 -0.753258
-0.738106 0.41796 0.036467
-0.533272 0.291181 -0.722391
-0.805859 0.260214 0.0267361
-0.483578 -0.735574 0.107025
-0.49053 -0.445773 -0.527093
0.443852 -0.172488 0.610963
-0.857215 -0.172841 0.114781
0.412453 0.465418 0.376316
-0.176026 0.132103 0.821912
0.531553 0.0945747 0.493074
-0.844484 0.195484 -0.188495
0.105621 -0.298465 -0.784924
0.129801 0.502863 -0.720933
0.240116 0.314102 -0.790085
0.0661089 -0.78877 0.312713
-0.877472 0.0373018 -0.0515529
-0.188252 -0.664005 0.597239
0.559588 0.422892 0.231682
0.396364 0.610246 0.114835
0.511283 0.0549737 -0.691889
-0.337461 -0.511326 0.667119
0.384073 -0.426971 -0.695503
-0.847486 0.103781 -0.35853
-0.316394 -0.459213 0.715186
-0.766464 0.398339 -0.14023
0.636786 -0.176376 0.406047
-0.264688 0.448465 0.610333
0.364879 -0.174685 0.683832
0.621199 0.103236 -0.551556
0.820145 -0.0426357 0.134954
-0.678714 -0.035356 -0.634944
-0.554501 -0.40045 0.62357
-0.836445 0.23322 -0.288128
-0.673511 -0.613785 0.119637
-0.547627 -0.677264 0.320175
-0.785119 -0.251707 0.408822
-0.695703 -0.535819 0.321902
-0.0224556 -0.274939 0.839873
-0.704887 -0.487311 0.36326
0.571999 -0.304878 0.411552
0.413302 0.63537 -0.206208
-0.241812 -0.799499 0.289186
0.291749 0.394282 -0.721655
-0.770874 0.373727 -0.0614056
0.38719 0.504306 0.35202
-0.484849 -0.459105 0.639301
-0.670048 0.343701 0.359552
0.816458 0.0664354 0.112808
-0.724471 0.247666 -0.525143
-0.315575 0.525482 0.516551
-0.529364 -0.316538 -0.584993
0.0315502 0.350392 0.671257
-0.10401 -0.834656 -0.00548556
-0.452444 0.604909 0.345304
-0.262012 0.841854 -0.2402
-0.157258 0.738634 -0.522539
-0.0562871 -0.75374 0.458375
0.0237134 -0.127248 0.862152
0.43165 0.62207 -0.201463
0.284641 0.333322 0.572143
-0.28912 0.128652 0.824947
-0.608892 0.351721 0.437057
-0.627546 -0.611744 0.312366
-0.259127 -0.727514 -0.41976
0.251322 -0.677592 -0.533384
0.245064 0.72542 -0.324722
-0.755051 -0.350217 -0.250529
0.220327 -0.158101 -0.779284
-0.871981 -0.0541613 0.169146
-0.063835 0.754126 -0.481371
0.273726 0.725223 -0.194879
-0.510016 0.372978 -0.692953
-0.112789 -0.83983 0.0509587
0.416267 -0.104474 -0.748529
-0.258504 -0.0229579 0.86954
-0.437091 -0.292609 -0.662487
0.659922 0.404174 -0.229943
0.257814 -0.33583 -0.758409
0.192451 0.314994 0.644
-0.735805 0.304933 -0.49842
0.221113 0.157028 -0.798642
-0.0807715 0.433992 -0.789879
0.422252 0.551297 0.224685
0.45641 0.313484 -0.621008
-0.617955 -0.337787 -0.502108
-0.812921 -0.376256 0.0058536
-0.307351 0.812308 0.111694
0.439578 0.477483 0.337549
0.36959 -0.449592 0.519119
0.16578 -0.530379 -0.683989
0.433749 0.61994 -0.0787307
0.58781 0.451628 0.0932333
0.0827935 0.0811839 0.804197
-0.101325 0.622746 -0.659549
0.645862 -0.33431 0.311522
0.451298 -0.626966 -0.465852
-0.0134848 0.85231 0.0240806
-0.645155 0.453936 0.245241
-0.0176691 0.227088 -0.829176
-0.430315 -0.301177 -0.661469
0.294317 -0.780081 0.0722968
-0.694548 -0.413345 0.47034
0.711201 -0.30504 -0.406091
0.725196 0.329777 -0.125615
0.393075 -0.706651 -0.372373
-0.504292 -0.217463 0.72462
0.525571 -0.653472 -0.152661
0.533789 -0.357747 0.426471
0.580451 -0.024504 -0.602229
-0.5629 0.634376 -0.372441
-0.345697 0.237144 -0.803048
-0.858101 -0.146615 0.0208195
0.490969 -0.337498 -0.658225
0.18647 -0.738188 -0.467291
-0.717984 -0.319366 0.479025
0.262313 -0.768134 0.18964
-0.4189 0.00377155 0.77615
-0.329652 0.344551 0.699111
0.239642 0.372723 -0.770621
-0.19375 0.14525 -0.818662
-0.591007 0.136648 -0.724624
-0.474733 0.555914 0.394282
0.171907 -0.414061 -0.77071
0.262909 0.727518 -0.287873
0.554475 -0.630374 0.0791839
-0.356798 -0.275135 -0.716563
0.817875 -0.14722 0.0876773
0.448755 -0.182955 0.604176
0.152682 0.791861 -0.17956
0.425267 -0.476573 0.447795
-0.0937747 0.308131 -0.832901
0.657245 -0.492875 0.117059
0.372929 -0.7528 -0.197389
0.212592 -0.326199 -0.770228
0.315824 -0.787346 -0.00309135
0.665275 0.275519 0.217634
0.45688 0.212506 0.511975
-0.643834 0.583507 -0.367351
0.187035 0.686656 -0.495019
-0.12009 -0.761232 -0.453134
0.399822 0.218018 0.562101
0.175454 0.756067 0.0162964
0.233513 0.0539241 -0.79011
0.238284 0.724619 -0.337321
-0.652969 0.471329 0.184466
-0.814832 0.0163464 0.393401
-0.629743 -0.153731 0.623579
-0.290468 0.290971 -0.807507
0.16951 0.72909 -0.433989
-0.204338 0.719527 0.325511
-0.452195 -0.581784 0.563175
0.493788 0.580844 -0.0385652
0.562954 0.523226 -0.142792
0.541269 0.425066 -0.411474
-0.459153 0.553297 -0.574462
-0.0267591 -0.592168 0.63915
-0.431898 0.126254 0.743121
0.25024 0.712183 0.0288034
0.234068 -0.00703571 -0.786242
0.635124 0.139331 -0.520478
-0.869754 -0.0255831 -0.0756421
-0.578335 0.634296 -0.358489
-0.392548 0.0535096 0.785781
-0.852062 -0.21282 0.088516
-0.796644 0.0337927 0.41629
-0.304871 -0.053397 -0.787351
-0.350039 0.46355 0.569137
0.396143 0.618434 -0.30448
-0.754923 0.0842232 0.45924
-0.654426 0.333386 -0.593983
-0.639893 0.396525 0.347193
-0.754746 0.00615277 -0.52703
-0.657047 0.595927 -0.339441
-0.27033 0.585134 -0.673743
-0.597301 -0.623375 0.364109
-0.27061 -0.606238 0.620208
-0.0628383 0.86483 0.0766103
0.349826 -0.543943 0.464562
-0.780769 0.0963255 -0.47497
-0.34055 0.334499 -0.793593
0.0266035 -0.755057 -0.47224
0.750278 0.0313752 0.236966
-0.15539 -0.744246 0.481927
-0.545008 -0.372612 -0.537958
-0.0591913 0.869016 0.047667
-0.0712266 0.551427 -0.711924
0.518941 -0.552314 0.299554
-0.061922 0.777447 -0.436715
-0.315482 0.190982 0.788108
-0.629501 -0.0290468 0.620484
-0.863398 -0.138481 0.216763
0.386103 0.220385 -0.7333
-0.202208 0.894634 -0.125358
0.111671 0.820664 -0.228201
0.422584 0.501025 -0.492967
-0.424222 0.447476 -0.692271
0.17017 0.134411 0.758564
0.709619 -0.400799 -0.384602
0.4009 -0.739623 -0.236314
0.710788 -0.350696 0.177545
-0.427592 -0.692031 -0.298519
-0.564774 -0.476072 0.567482
-0.133942 -0.670982 -0.538921
-0.221765 0.823423 0.126365
0.259766 -0.213023 -0.769027
-0.403246 -0.0431109 -0.76891
0.583363 -0.362325 0.367543
0.297192 -0.782259 -0.138063
-0.0187293 0.222084 0.754683
-0.470595 0.490452 0.468625
-0.108785 0.890651 -0.177048
0.107077 -0.171687 0.834861
-0.600329 -0.260819 0.635817
0.822859 -0.174733 -0.202707
-0.733043 0.434121 0.018272
0.834958 0.0686758 0.0335107
-0.265301 -0.252658 0.839864
-0.468012 -0.442914 0.657466
0.742257 -0.437034 -0.291829
-0.0467368 0.0103782 0.860432
0.814423 -0.14873 -0.227218
-0.770611 -0.309794 0.411582
0.500432 0.0678882 0.527764
-0.242884 -0.52248 0.695456
0.455918 -0.70392 -0.0737598
-0.794406 0.301665 -0.419484
-0.213118 -0.254459 0.852604
0.132493 0.775663 0.0435487
0.858453 -0.109094 -0.0161453
0.0543042 0.736507 -0.476568
-0.0318644 -0.560919 0.676471
0.466927 -0.153286 0.589829
0.366126 -0.630936 -0.527339
-0.14376 -0.66111 -0.543739
0.187457 0.649401 0.298321
-0.332212 -0.736702 -0.303102
0.53632 0.361536 0.33835
-0.541708 -0.265164 -0.610086
0.457416 0.351134 0.431771
0.844924 -0.207121 -0.0126926
-0.329473 -0.768094 -0.155586
0.236315 0.748912 -0.276779
-0.695069 -0.485063 0.38477
-0.614731 0.470778 0.282721
0.195197 0.348511 0.613521
0.698013 0.369795 -0.124239
-0.625555 -0.525476 -0.360156
-0.398728 -0.280177 -0.696318
0.384476 -0.58918 0.38998
-0.802442 0.254804 0.0851154
0.44787 0.507255 -0.443303
0.1782 -0.129461 0.805492
0.508815 0.127627 -0.671025
-0.00888886 -0.846341 0.208439
-0.217431 -0.562974 -0.598112
-0.34033 -0.78159 -0.0288563
0.28909 0.368267 0.546426
-0.486121 0.0874085 0.711091
0.331777 -0.55816 -0.645413
0.461467 0.484852 -0.454739
-0.0656361 0.380118 0.660577
0.349571 0.224436 0.595018
0.755814 0.110375 0.20513
0.565703 -0.544641 0.234262
0.209924 0.21363 -0.804069
0.506015 -0.100533 0.543917
-0.840717 -0.198157 0.307792
0.61517 0.377435 -0.358011
0.0333319 0.693675 0.325073
0.575687 0.0033088 -0.609375
0.576374 -0.0946559 0.469041
-0.788681 -0.0903892 0.438269
-0.468717 0.655867 0.222794
0.118716 -0.293576 -0.785393
-0.584624 -0.682733 0.186044
-0.53752 -0.566537 -0.401476
-0.536083 0.498574 0.383001
0.504523 -0.5374 0.328576
-0.437745 0.522921 -0.622391
0.714299 -0.394885 -0.376209
0.825793 -0.279306 -0.169516
0.397347 0.384039 -0.628216
0.192392 0.61518 -0.586438
0.467725 0.440503 0.342587
-0.440989 0.716813 -0.363227
-0.616953 0.613168 -0.353749
0.333127 0.552238 -0.555686
-0.520571 0.14807 -0.756112
0.0301517 -0.306546 -0.780739
-0.808922 0.280062 -0.397803
-0.233935 -0.0204069 0.87528
-0.362159 -0.341227 -0.681201
-0.199975 0.500065 0.567672
-0.56358 -0.592416 -0.310669
0.794002 -0.403736 -0.11474
-0.27193 -0.72502 -0.412449
-0.0108105 -0.368752 0.800526
0.144749 0.160492 0.751777
-0.187255 -0.812822 -0.0389104
-0.835234 0.214026 -0.324137
0.354669 0.644187 0.0873632
-0.398792 -0.615365 -0.469609
0.77275 0.232298 0.00816729
0.527648 -0.653088 -0.0625487
0.395624 0.616797 0.0980596
0.637202 0.382223 0.108423
0.202057 -0.791345 0.202888
0.132452 -0.821627 -0.145888
0.335105 -0.25104 0.694497
-0.625812 -0.0564917 -0.686216
-0.0753033 0.658871 -0.615929
-0.520431 -0.0840256 0.712601
-0.428802 0.684978 -0.421716
0.775545 -0.337582 -0.261008
0.278884 0.471268 -0.67763
-0.776635 -0.523357 0.0403381
0.39469 -0.256082 0.628807
0.554006 0.061333 -0.638998
0.569746 -0.0947784 0.476348
0.433003 -0.711096 0.094534
0.713161 0.0967618 0.28245
-0.779176 -0.44507 0.260865
0.77672 0.194541 0.0755127
0.379009 0.414191 0.44285
-0.0594838 -0.858769 0.128146
-0.867929 -0.0903162 0.250378
0.735541 -0.0257996 -0.394754
-0.650828 -0.429707 0.51836
0.431607 -0.571797 0.363141
-0.620809 0.418328 0.351049
0.801052 -0.21274 0.0978738
-0.867816 0.0455861 0.201034
-0.467759 -0.446044 0.656021
-0.730558 0.381667 0.141543
0.640514 0.281594 0.267586
0.222688 -0.343907 0.728556
-0.46388 -0.405208 -0.571342
-0.748111 0.432874 -0.0619979
-0.489574 0.367544 0.558604
-0.0928236 0.0682843 -0.814788
0.634226 -0.0615811 0.402837
-0.726704 0.345018 0.228025
-0.0246927 0.850648 0.0581028
-0.417738 -0.759534 0.000613015
-0.192401 0.870564 -0.204711
-0.675271 -0.620384 0.0148659
-0.345492 -0.71268 -0.364084
0.80511 0.119768 -0.304672
0.321462 -0.731735 0.223988
-0.473385 -0.730454 0.231752
-0.581754 0.520603 -0.504297
-0.394325 -0.767707 0.0858496
-0.548019 0.114879 0.654096
0.821609 -0.23315 0.0343559
-0.347533 0.829444 -0.204375
-0.277937 -0.78656 -0.0952002
0.0781556 0.379209 0.639314
0.183199 -0.225731 0.790587
-0.437846 0.480842 -0.656619
-0.221053 0.379384 0.67187
-0.552358 -0.48711 -0.453348
0.658018 0.36611 0.0851635
-0.212628 -0.13469 -0.783706
-0.196666 0.675442 0.394655
-0.44285 0.626811 0.323098
-0.6616 0.293272 -0.596134
-0.0351146 -0.194042 0.860288
-0.674017 -0.521255 0.377326
-0.0566172 0.29176 0.719088
-0.023825 0.387937 -0.821167
0.335824 0.509669 -0.590544
-0.588472 -0.582028 -0.295163
-0.132386 0.816626 0.186876
-0.125851 -0.765547 0.436508
-0.120651 0.377501 0.667617
0.022643 -0.759102 -0.46657
-0.844566 0.154531 0.0208214
0.051422 0.744809 -0.462967
-0.292471 -0.687191 -0.47331
-0.838518 0.173918 -0.342875
0.149381 -0.366929 -0.7787
0.115094 0.397651 0.606628
-0.37627 0.459472 -0.715344
-0.47629 0.683411 0.156913
0.262089 0.216164 0.663905
-0.121367 -0.522318 -0.664477
-0.801801 -0.192011 -0.295445
0.697904 -0.49411 -0.013321
0.181307 0.617343 0.353138
-0.694723 0.549379 -0.352287
0.0718115 0.406532 0.618323
-0.828586 -0.249372 -0.103292
-0.505423 0.182453 -0.761561
-0.193132 -0.040124 -0.799859
-0.0385196 -0.376455 0.802038
-0.454815 -0.607383 -0.436301
0.0395492 -0.786296 -0.407906
-0.158375 0.450012 0.609295
0.484889 -0.614205 0.263159
0.177695 0.660844 0.287665
0.424541 0.412386 0.408949
0.152174 -0.591225 0.541788
0.378319 -0.75202 -0.0107072
0.753668 0.011841 0.234218
0.284573 -0.345897 0.672862
-0.859486 0.151299 -0.165872
-0.657152 -0.574668 -0.188533
-0.384529 -0.678226 0.503238
-0.223956 -0.816178 0.0504798
0.712947 -0.462082 -0.305653
0.0205881 -0.560812 -0.64744
0.0725662 -0.816271 -0.270042
0.0651032 -0.837922 0.136164
0.721314 -0.300473 0.208132
-0.0726547 -0.0402713 -0.804551
-0.0912714 0.328524 -0.829576
-0.413638 0.628532 -0.516909
-0.428059 -0.206721 -0.716946
0.078273 -0.398079 -0.76936
-0.377315 -0.427655 0.707588
0.649319 0.20895 -0.470991
-0.59019 -0.640499 -0.148535
-0.734444 -0.550459 0.149694
0.529137 -0.309835 -0.633076
-0.6411 0.162568 0.554058
-0.475062 0.812753 -0.11609
-0.526029 0.336374 0.546031
0.116709 0.0790186 -0.811974
-0.467329 0.508592 0.45291
-0.242517 0.196933 0.790061
-0.818519 0.273064 -0.23446
-0.855912 0.166336 -0.199119
0.867769 0.031113 -0.0785889
0.0316607 -0.844261 0.0478089
0.321923 -0.787208 -0.0495377
-0.186231 -0.756919 0.45677
-0.622094 0.540989 0.11804
0.425192 0.603838 -0.272869
0.710009 0.0183142 0.298346
0.0858266 0.0544045 0.816431
0.659537 0.313045 0.170344
0.279846 0.680849 0.132808
0.1535 0.633039 0.348716
0.484611 -0.190206 -0.691535
0.100735 0.772268 0.152918
-0.614118 -0.498371 -0.389917
-0.217346 0.617669 0.449915
-0.249391 -0.330228 -0.727499
-0.861007 -0.0512105 -0.179175
-0.857884 0.070512 0.200908
-0.635041 -0.596319 0.343192
0.0709937 -0.460951 -0.736264
0.755295 -0.341563 0.078669
-0.0172596 0.794731 -0.394112
-0.829561 -0.26967 0.282979
-0.308721 0.707691 -0.485557
0.151629 -0.759322 0.310171
-0.067297 0.847582 -0.275269
0.592219 0.481753 -0.193297
-0.373431 -0.477715 -0.583893
-0.477797 0.252179 -0.77008
0.705513 -0.160333 -0.431553
-0.7928 0.324992 -0.126165
-0.467809 0.37077 -0.723362
-0.485739 -0.214801 -0.680383
0.84154 -0.257403 -0.0360053
0.147975 0.0122939 -0.802409
0.588594 0.0548088 0.441738
0.834441 -0.221333 0.00718758
0.272345 -0.658634 -0.552153
-0.264543 -0.780245 -0.168644
-0.00338477 -0.577916 -0.630637
-0.860448 0.111109 -0.283165
-0.588249 0.406954 -0.611435
0.337527 -0.65957 0.337638
0.521275 -0.656975 -0.162256
0.624589 -0.0473922 0.412371
-0.0657126 -0.645605 0.597951
-0.284171 0.880231 -0.0823915
0.472061 -0.242817 -0.692676
0.755519 0.158165 0.175858
-0.564232 -0.187765 0.682058
0.760973 0.0781788 -0.363323
0.229286 0.668754 -0.478913
0.26408 0.697162 0.0888323
-0.633707 0.0830155 -0.679033
0.839397 0.103384 -0.1651
-0.31337 -0.512057 -0.596295
0.401942 -0.0477265 0.642009
-0.763939 0.420739 -0.257796
-0.382176 -0.0280082 -0.776841
-0.0390207 -0.747697 0.465567
-0.18695 0.861213 0.0410334
0.204035 0.756535 -0.124966
0.673969 -0.128733 0.364169
-0.121471 0.426628 -0.792512
0.52483 0.446409 0.270143
-0.207289 0.0399296 0.870127
-0.624173 -0.311416 -0.515526
0.0119214 -0.24866 0.838338
0.222967 -0.779416 -0.29855
-0.399409 -0.612118 -0.471556
-0.513788 0.491431 0.425901
-0.0930118 0.641654 -0.639918
-0.720929 0.265601 -0.526166
0.777232 -0.265076 0.11177
-0.373818 -0.115861 0.808164
0.793096 -0.234189 0.107543
0.281679 0.0858043 -0.783701
-0.378405 0.818149 0.0350471
0.165844 -0.820081 0.0348931
-0.490258 -0.661881 0.443456
-0.735276 -0.359133 -0.291911
-0.34319 0.664563 0.345852
-0.059539 -0.518435 -0.674611
-0.575839 0.623431 0.0594735
-0.129086 0.760417 -0.478368
-0.104116 0.0321214 0.859089
0.196888 0.0116895 0.805142
0.219171 -0.688421 0.385698
-0.355106 -0.655395 -0.467842
-0.136318 0.868148 -0.231492
0.203508 0.107722 0.763694
-0.394421 -0.2883 -0.693932
0.661559 -0.469588 0.152587
-0.773175 0.112879 -0.482513
-0.577153 -0.379076 -0.508927
0.638457 -0.428815 0.260758
-0.692778 0.572722 -0.185004
-0.571365 -0.384186 0.616732
0.851442 -0.122753 -0.155353
-0.839657 0.0794539 -0.384672
-0.358418 0.73051 0.246261
-0.765445 0.382811 -0.435867
0.500979 0.572487 -0.00271264
-0.302664 -0.671136 0.554785
0.737471 -0.347346 0.116141
0.351234 0.668329 -0.0887712
-0.448173 -0.393546 0.691445
-0.546298 0.244946 0.602414
-0.0478925 -0.851321 0.221339
-0.501669 0.588687 0.286772
-0.152672 -0.793001 0.380468
-0.160666 0.673336 -0.608474
-0.776009 -0.0653947 0.458436
0.0196094 -0.438516 0.760796
-0.391482 0.165664 -0.80067
-0.169953 0.446087 -0.778131
-0.857177 -0.17397 0.118843
0.372646 0.244993 -0.735185
0.686723 0.211977 0.249264
0.379114 0.636605 -0.297257
-0.671303 -0.397801 0.516253
-0.173811 -0.807692 -0.102939
0.755762 0.26979 0.00330439
-0.0281977 -0.614594 0.615172
0.786106 0.108036 -0.330338
-0.278072 0.754947 0.241984
0.0410857 0.836536 -0.294255
0.722055 -0.244611 0.257944
0.71273 0.227714 -0.369893
-0.417706 0.0675844 0.764745
0.851343 -0.0923323 -0.163181
-0.680059 0.210807 -0.591506
0.447174 -0.249661 -0.708652
-0.281465 0.718878 -0.490098
-0.580337 -0.496776 -0.421325
-0.871557 -0.0260935 0.00736821
0.0783669 0.77271 0.181877
-0.412425 -0.0353712 0.784838
0.594826 -0.0791975 0.447553
-0.853816 0.0374371 0.28996
0.659362 -0.433698 -0.464316
0.519583 0.30111 -0.570381
-0.849618 -0.196178 -0.0288159
-0.344121 0.29676 0.730536
-0.0254713 -0.362233 0.806483
0.269143 -0.00768847 -0.780102
-0.580951 0.350789 0.474596
0.349178 0.321228 0.533026
0.592372 -0.580346 -0.307519
-0.568533 -0.688239 0.0261004
-0.652895 0.235008 -0.622537
-0.248866 0.744783 0.268605
-0.0266961 -0.652194 0.572819
0.475593 0.576295 -0.223969
0.11267 -0.100623 -0.801562
-0.148563 0.81081 0.191269
-0.352247 -0.740638 0.351952
0.421097 -0.694933 0.199837
0.247041 0.632975 -0.527738
-0.60929 0.347468 0.4409
0.497015 0.217008 -0.641304
0.352982 0.174617 0.624595
-0.608887 0.453999 -0.558502
0.542979 0.267137 0.405196
-0.232006 0.864378 -0.194455
-0.825087 -0.387603 0.0948762
-0.200927 0.700007 0.357582
0.843368 -0.0572744 -0.189128
-0.0818554 0.84007 -0.293785
-0.360752 -0.464544 0.694012
0.545678 0.055121 0.484701
-0.54937 0.129757 -0.745838
0.0481184 -0.386494 -0.767599
0.403502 -0.741491 -0.198726
-0.483308 0.593439 -0.501181
0.0487265 -0.0109178 -0.809231
-0.0692004 -0.657986 -0.556784
-0.797757 -0.376511 -0.0805211
0.113496 0.495524 -0.732206
-0.0984116 -0.635328 0.616766
-0.105665 0.426355 0.627922
-0.456671 -0.746318 0.00137948
-0.522387 0.525069 0.366886
0.561545 0.179733 -0.591491
-0.614896 -0.527087 -0.368544
-0.872885 -0.0400275 0.137509
0.536944 0.388242 0.313499
-0.586296 -0.130256 -0.667808
-0.725433 -0.531679 0.259838
-0.546581 -0.697399 -0.0484643
0.548097 -0.609897 0.161258
0.339969 -0.626542 -0.555564
-0.679486 -0.44431 -0.346177
-0.460572 -0.744848 -0.00093458
0.62647 0.372129 0.154801
-0.851128 0.138193 0.0121353
0.204123 0.602515 -0.596037
0.612016 -0.582005 -0.0241914
0.0550146 -0.499969 0.69583
-0.506029 -0.727274 0.0618187
0.0770248 -0.619176 -0.601175
0.147037 0.781512 -0.342038
-0.197045 -0.826666 0.0887917
0.266587 -0.604414 0.464303
0.243582 0.292352 0.627364
0.00632701 -0.561412 -0.64546
0.594876 -0.481035 -0.519209
-0.808423 0.302458 -0.386636
0.668272 0.411796 -0.0807339
0.347184 0.469067 0.421544
0.391386 -0.0552702 0.65356
0.716082 -0.115551 0.305007
-0.483196 0.624832 0.253736
-0.663927 0.574149 -0.0791267
-0.266438 0.124162 0.833985
0.0485428 0.340422 -0.839208
0.879199 -0.0522613 -0.106297
0.22899 -0.615732 -0.612097
-0.702938 0.319816 0.337593
0.0608159 -0.748317 0.406928
-0.29151 -0.446202 0.732073
0.162937 -0.816638 0.101479
0.832366 0.122816 -0.129081
-0.256714 0.336094 0.708542
-0.646806 0.429408 0.287248
-0.608883 -0.147856 -0.640132
-0.146026 0.0813269 0.842159
0.666005 -0.123097 -0.485629
0.36358 0.202714 -0.751338
-0.231426 -0.818047 0.161069
-0.654508 0.64343 -0.268477
0.0789759 0.415168 0.607568
-0.144568 -0.728418 -0.488508
-0.530563 0.607334 -0.44032
-0.431466 -0.754923 -0.034934
-0.110646 -0.838398 0.0358234
-0.768772 -0.385796 0.343168
-0.14491 -0.11339 -0.793776
0.050051 -0.287703 -0.784216
-0.189259 -0.791214 -0.208814
0.261708 0.271302 0.628498
-0.261468 0.840262 -0.245372
-0.817028 0.292455 -0.350006
0.205139 0.744683 -0.0292004
0.26838 0.721354 -0.29503
0.0820408 0.444067 0.580712
-0.530097 -0.712092 0.0208321
-0.878445 0.0277484 0.133108
0.0352725 -0.386267 -0.765193
0.201352 0.192021 -0.804238
-0.242831 -0.461607 0.742299
0.425468 0.298517 -0.658221
0.0158224 0.0837963 0.815412
-0.0440449 0.10814 -0.818958
-0.320899 0.241393 -0.807179
-0.0417584 0.810437 -0.360174
-0.0323956 0.818163 -0.341906
-0.61271 0.0214149 -0.719442
-0.819765 0.106298 0.329359
0.301677 0.121315 -0.78239
-0.853435 0.137422 -0.0151036
-0.633718 0.316009 -0.624849
0.230969 -0.729048 0.30415
-0.613011 -0.466007 -0.414213
-0.629428 0.586938 -0.37612
-0.465513 0.798285 -0.038895
-0.503427 -0.196936 0.725023
-0.68219 -0.0315329 -0.630075
-0.502453 -0.020508 -0.748818
-0.654197 -0.634895 0.105232
-0.430041 0.572759 -0.576191
0.70503 0.0321346 -0.437285
-0.722191 -0.370553 -0.313545
-0.0677725 0.817781 -0.345085
-0.204497 0.31753 0.716025
-0.0171839 0.422819 -0.799838
-0.741075 -0.32531 0.447955
0.147498 0.805268 -0.268986
0.599897 -0.584436 -0.262515
-0.0315211 0.650485 -0.620028
-0.560515 -0.624 0.428001
-0.765942 0.168395 -0.482606
-0.720159 0.443377 0.0420569
-0.754784 0.284164 0.241207
-0.48803 0.801901 -0.126757
-0.831737 -0.170101 -0.209323
0.749154 -0.457237 -0.0803874
-0.514596 -0.464024 0.619273
-0.179151 -0.811459 -0.0636391
0.801666 -0.0957741 -0.267759
-0.476328 0.0613563 -0.770279
-0.325315 0.123848 0.812556
-0.172418 0.681203 0.390198
-0.112764 0.857003 -0.256095
-0.155706 0.172405 0.796802
0.098983 0.35268 0.653106
-0.0110426 0.0892502 0.817045
-0.531585 0.259858 0.605494
-0.692438 -0.497303 -0.257831
0.553422 0.332026 -0.497525
-0.67681 0.130619 -0.612207
-0.339988 -0.126019 0.827381
0.694179 -0.510354 -0.145229
-0.572191 0.645778 -0.347536
-0.33303 0.472389 -0.72912
0.402649 0.482222 -0.540319
-0.561585 -0.700682 0.155493
0.409258 0.54498 0.264755
0.745535 -0.378501 0.0588463
-0.22494 0.740514 -0.496267
0.239708 0.415798 0.534665
0.133869 -0.511557 0.639673
-0.806569 -0.214674 0.381964
0.634394 0.191079 0.352113
-0.769762 0.378116 -0.0699575
0.217961 -0.693846 -0.528238
0.770949 -0.264223 -0.289886
-0.248039 0.4122 0.644572
-0.504681 0.665413 0.137399
-0.194168 0.718138 0.331187
-0.241905 0.50684 0.556545
-0.703399 0.541107 -0.134196
-0.705324 0.407327 0.172151
-0.237899 -0.809385 0.0197217
0.190988 -0.733946 0.327569
-0.429795 0.568884 -0.581362
-0.0624191 -0.71236 0.513982
-0.518324 0.0728341 0.689187
0.190913 0.36507 0.600996
0.40101 0.57111 0.213676
-0.322725 0.49708 0.543657
0.527538 -0.650446 -0.24117
0.776518 0.0462267 -0.34159
0.477073 0.0247315 0.557111
0.285904 -0.680816 -0.501308
-0.612701 0.488859 -0.51657
0.185306 0.348943 -0.802825
0.653986 0.0323756 -0.505885
-0.439168 0.77603 0.0524861
-0.580196 0.175276 0.607102
0.15938 0.385576 0.597269
0.413105 -0.688326 0.232425
0.470448 -0.698598 -0.246665
-0.578483 0.413979 0.41529
0.162396 -0.270929 -0.782377
-0.636302 -0.63419 0.187227
-0.489512 -0.675451 0.402062
-0.0740857 0.448238 0.607911
0.471049 0.451997 0.328678
-0.411567 0.62929 -0.517703
-0.204267 0.35982 -0.810154
-0.723072 -0.175359 -0.506999
-0.171707 0.761367 -0.477118
-0.0788865 0.88052 0.0367189
-0.681712 -0.422771 -0.362551
-0.839931 -0.14498 0.345347
-0.0806067 0.880567 0.0404586
0.214003 0.245076 -0.801738
-0.72534 0.518008 -0.280104
-0.127586 0.742513 0.306981
-0.19057 -0.411938 0.788629
-0.276299 0.174184 -0.818375
0.198377 0.752601 -0.331833
0.878072 -0.0608477 -0.0758827
-0.394278 -0.381436 -0.633514
-0.772787 -0.12286 -0.439486
0.847279 -0.126831 0.017728
0.274715 0.548813 -0.610621
-0.230868 0.804465 0.173588
-0.286925 -0.755209 0.380167
-0.701697 0.498062 -0.400848
0.350876 0.187143 -0.762258
0.0569437 -0.194958 -0.793476
-0.764022 0.319336 0.137255
-0.0711292 0.684206 0.377345
0.253548 -0.557258 0.523474
-0.476842 -0.712107 -0.176022
0.524878 -0.104383 -0.660661
0.675028 0.0810288 -0.478893
0.430398 -0.266803 -0.714529
0.754543 -0.438682 -0.0549801
-0.15239 0.251679 0.750568
-0.602915 -0.257222 -0.572156
0.49954 0.107529 0.521632
0.11469 0.36798 0.632699
-0.671317 -0.544177 0.35325
-0.528727 -0.30965 0.689592
-0.0433178 0.428172 -0.795273
0.603736 -0.552521 0.133547
-0.361324 -0.00164171 -0.786794
0.48689 0.132455 0.521668
0.420438 -0.694655 -0.37276
-0.343824 -0.180069 0.821719
-0.438414 -0.752658 0.120032
0.171014 -0.210573 -0.784613
0.32343 0.688734 -0.126799
0.330621 0.68373 -0.11927
0.145743 0.649471 -0.566946
0.0531701 0.00165062 0.848829
0.00241573 0.372851 -0.831777
0.735496 -0.324679 -0.349596
0.16521 0.754742 0.0718441
0.221581 0.74325 -0.31817
0.266481 -0.176455 0.7544
0.492398 -0.677159 0.0333985
-0.635265 0.624172 -0.121807
0.496268 -0.41192 0.431337
0.323248 0.657689 0.115645
-0.878968 0.0349537 0.0270758
0.535823 -0.504095 0.324269
-0.131317 -0.72391 0.512026
0.510712 0.333842 -0.552939
-0.736333 0.364548 -0.481574
0.370302 0.479026 0.396413
0.424659 0.103981 -0.736226
-0.516505 0.0987722 -0.757341
-0.570853 0.206267 0.603686
-0.529086 -0.455675 -0.494612
-0.702913 0.559541 -0.328377
0.659528 -0.426122 -0.4746
0.841776 -0.279031 -0.110161
0.303444 -0.683558 -0.482976
-0.808732 0.2441 0.0665271
0.760251 -0.4028 -0.276118
0.544109 0.232842 0.421901
-0.273613 0.71768 0.305766
0.23582 -0.798667 -0.14527
0.151104 0.493463 -0.723908
0.274363 -0.0645763 0.756839
0.426411 -0.523015 0.411686
-0.783018 -0.479831 -0.00288854
0.208792 -0.561562 0.543362
-0.334488 -0.686088 0.519964
-0.687972 0.385374 -0.527098
-0.817548 -0.157448 -0.286157
0.32475 0.0113563 0.710143
-0.276578 0.867456 -0.0367399
-0.567465 0.725823 -0.180309
0.596674 -0.208179 0.434317
0.502058 0.147184 -0.669968
-0.522486 0.268774 0.60766
0.21143 0.724367 -0.380109
0.11094 0.82683 -0.27727
0.251227 0.113634 0.737715
0.000144759 -0.812408 -0.277662
-0.59911 -0.562746 -0.322075
-0.116729 -0.188589 -0.784735
-0.062787 0.562844 0.507826
-0.2697 0.579629 0.475243
-0.148092 -0.734479 -0.482394
-0.369406 -0.729663 -0.281206
-0.542082 0.157536 0.648734
0.103666 0.206433 -0.822126
0.241251 0.604822 0.328089
-0.10004 -0.47152 -0.704638
0.157912 0.530769 0.464125
-0.356058 -0.199324 -0.746174
-0.496135 0.218011 0.670293
-0.412699 -0.220323 -0.717306
-0.87675 0.0352627 -0.0733617
-0.568702 0.393194 0.450523
0.490957 -0.436175 0.41791
-0.448464 -0.685198 -0.281274
-0.463932 0.25571 0.681847
-0.28766 -0.403532 0.755087
-0.31934 -0.524119 0.664352
0.271818 0.184984 0.676906
0.698366 0.0714365 -0.447278
0.525156 -0.436895 0.383659
-0.152929 0.278669 0.73497
-0.435252 -0.754017 0.0882491
0.537173 0.292746 -0.559217
0.364268 -0.414452 0.550141
0.221538 0.0779304 -0.793678
-0.115447 0.881199 0.0239277
0.500151 -0.277913 0.505849
-0.157456 -0.0612961 -0.799102
-0.861502 -0.0404981 -0.196151
-0.575859 0.689673 -0.280915
-0.706625 -0.123393 0.543746
-0.523459 0.644827 -0.393323
-0.82635 -0.309087 0.261355
-0.852145 -0.217419 0.115632
0.586089 0.275896 -0.510181
-0.450775 0.289404 0.66719
0.471448 -0.599761 -0.494098
0.766128 -0.00959104 -0.354078
-0.524368 0.563459 0.291574
0.403022 -0.550174 0.410266
-0.631608 -0.183788 -0.598002
0.16463 0.671644 0.280477
0.842615 -0.163867 -0.163613
0.291008 -0.766054 -0.27105
-0.0715807 -0.0495975 0.888026
-0.156148 -0.768533 -0.398815
-0.00892735 0.532193 0.521241
0.709581 -0.326321 -0.404095
0.422041 0.609363 0.055254
-0.386256 0.788913 0.120836
0.120287 -0.596841 -0.623638
-0.404712 -0.0738834 0.790362
0.0269507 0.841436 -0.283678
0.108037 -0.802976 0.246245
-0.86035 -0.150367 0.250822
-0.696805 0.489656 0.0171344
0.0126969 -0.741943 -0.488951
0.193603 -0.42554 0.693418
0.604655 0.345416 0.252682
0.0523817 0.189215 0.758995
-0.563379 0.724229 -0.158792
-0.458617 -0.333731 0.713211
0.033297 0.729598 -0.494921
-0.82827 -0.40741 0.145071
-0.382997 -0.555454 0.614484
0.276258 -0.412651 0.630576
0.209048 -0.00545057 -0.79069
-0.363341 -0.412475 0.720828
0.755418 -0.447731 -0.0759287
-0.524374 -0.7039 -0.112483
-0.850354 -0.224681 0.0727133
-0.796138 -0.259912 0.380888
0.681448 -0.377405 0.219005
-0.431466 -0.147606 0.772323
0.534285 0.515332 -0.244369
-0.781985 -0.288181 -0.246103
0.215383 0.693531 -0.446889
0.676216 -0.405989 -0.454424
-0.235648 0.731534 -0.503545
-0.685336 0.425488 0.190985
0.300443 -0.7603 -0.288726
0.241872 0.4944 0.46458
0.341539 0.260012 -0.751842
0.568071 -0.281177 0.42852
-0.330452 0.224246 -0.807246
0.211843 0.640371 0.294299
-0.476308 0.52665 0.429587
-0.807608 0.268786 -0.404136
-0.385387 -0.0752341 0.803374
-0.374412 -0.772988 0.0258529
0.522289 -0.261744 0.489534
-0.016786 0.73369 -0.502414
0.625013 0.0276811 0.406213
-0.856127 -0.199906 0.204047
0.72476 0.322295 -0.00650211
0.857956 -0.0309122 0.00147308
0.604452 -0.582031 0.0500174
-0.459229 0.701372 0.155203
-0.704707 0.220769 0.433372
-0.296543 0.608816 -0.650297
-0.834914 -0.174377 0.341773
-0.876369 0.0347628 -0.087817
-0.179664 -0.112375 -0.790488
-0.422866 0.791752 -0.238728
-0.479676 0.640878 -0.438922
0.41004 -0.230485 0.62567
-0.274704 -0.217905 0.853729
0.288952 0.682517 0.0923585
-0.726567 0.417701 0.0765662
-0.829653 0.245746 -0.325147
-0.250471 -0.231848 -0.76421
0.440551 0.61736 -0.0897999
0.427771 0.350989 -0.623701
0.343367 0.683276 -0.181681
-0.534429 0.465293 0.423993
0.284205 -0.79689 0.00259195
0.053339 -0.401823 -0.763218
0.419348 0.568984 0.181679
-0.436281 -0.493149 0.641629
0.156631 -0.729567 -0.507894
0.526365 0.296679 -0.567037
-0.819903 -0.247728 -0.155481
-0.725603 -0.576373 -0.0567652
-0.1837 -0.608772 -0.573284
0.0566085 -0.219661 0.835157
-0.0241387 -0.530468 -0.668207
-0.688759 0.590098 -0.314397
0.197944 0.402106 -0.769137
-0.507402 0.509936 -0.584077
-0.210967 0.842909 0.0785889
0.0311742 0.645857 -0.609651
-0.0378893 0.495081 0.564805
-0.612012 -0.32736 0.604963
0.461357 0.0481481 0.569353
-0.064464 0.520451 -0.734229
-0.691918 0.0899542 -0.598925
0.498842 -0.673717 0.00995097
-0.380094 0.270872 0.731424
0.438062 0.345874 -0.617345
-0.826418 -0.405462 0.131166
-0.857238 0.100375 -0.309872
-0.102747 -0.30436 0.848039
-0.475458 -0.230126 -0.677327
0.0338944 -0.836327 -0.0934882
0.423923 -0.135569 0.631399
-0.863044 0.143676 -0.178146
-0.201085 0.146051 0.815986
-0.860819 0.0847941 0.141723
-0.405757 0.762154 0.14139
0.0588182 -0.837348 -0.0379065
0.0410046 0.42166 0.618962
0.114772 -0.739537 0.379591
-0.222156 0.435194 0.624026
-0.46846 -0.518151 0.603657
-0.214425 0.525003 0.544728
-0.666942 0.1255 0.544152
0.68126 -0.240711 0.320458
-0.626429 0.655741 -0.188872
-0.559442 0.539971 -0.49994
0.00298201 0.179239 0.77176
-0.782124 -0.171603 -0.367099
-0.432238 -0.655813 -0.373092
0.222159 0.67095 0.238694
-0.177125 -0.260219 0.857304
-0.418041 -0.736603 -0.200933
0.513628 -0.0167673 -0.68178
-0.19075 0.57516 -0.697049
-0.450067 -0.613766 0.533718
0.110632 -0.741017 -0.496295
0.859909 -0.0936648 -0.0155538
-0.823872 0.0662169 0.358902
0.551103 -0.582458 -0.404404
-0.0835969 -0.485859 -0.699388
0.0170945 -0.79418 0.331204
-0.311035 -0.616936 0.59589
0.561255 -0.15308 -0.617414
0.289577 -0.579724 -0.633402
0.516191 0.455811 0.271656
-0.478404 0.546253 -0.565883
-0.723552 0.347114 0.235835
-0.0940039 0.466113 0.593444
0.419487 0.584009 -0.339841
0.314735 0.379851 -0.709532
0.720965 -0.368852 0.131548
-0.749452 -0.426217 0.344395
0.485065 0.583872 -0.163261
-0.614379 -0.075148 0.638688
-0.787412 0.338581 -0.120213
-0.476937 -0.738053 0.115453
0.00411284 0.346761 -0.838018
-0.165189 -0.403988 -0.717413
-0.748043 0.413203 0.0128852
-0.798277 -0.0895238 -0.410685
0.19173 0.596831 -0.608051
0.0542222 0.379783 -0.827185
-0.798745 0.277989 -0.41771
-0.746267 -0.552307 0.0890117
0.695323 0.0905381 0.311707
-0.618876 -0.611874 0.338347
-0.128768 0.302252 -0.829659
0.202246 0.743289 -0.00342051
-0.81099 0.307986 -0.325387
-0.298561 -0.116749 0.852282
-0.368689 -0.675864 0.516538
-0.552421 -0.245592 0.691769
-0.456148 -0.243375 -0.681683
-0.748052 0.0383752 -0.530534
-0.218882 0.651938 -0.623393
-0.308727 -0.473302 -0.626932
-0.430835 0.714632 0.183635
0.372396 -0.592749 -0.589552
0.790894 -0.122488 0.17
-0.00986286 0.862321 -0.0446313
-0.291043 -0.129917 -0.776679
0.112452 -0.574873 -0.642115
0.019116 -0.815312 -0.26111
0.415162 -0.163391 -0.742218
0.71308 0.200789 0.213225
0.16301 -0.673935 0.444106
0.784881 0.206943 0.00333459
0.602681 0.322151 -0.436639
0.454774 -0.176531 0.599957
-0.136277 0.871094 -0.224591
-0.0385328 0.878252 -0.0502343
0.601199 0.388303 0.189659
-0.318657 -0.196252 -0.761058
-0.0254409 -0.856564 0.136183
-0.369774 -0.477392 -0.586379
-0.613315 -0.166847 -0.624352
0.412887 0.50422 -0.503609
-0.753817 -0.411957 -0.189422
-0.155069 -0.00169824 0.879785
0.0274967 -0.840091 0.200156
0.390929 -0.74807 -0.148437
-0.165338 0.26224 0.745561
-0.876031 -0.010063 0.125256
-0.41032 -0.709054 0.385955
-0.839809 -0.322997 0.105316
0.0151968 0.710244 0.312472
-0.111214 -0.512625 -0.674118
0.80047 -0.338199 -0.0356098
-0.854113 0.169446 -0.188314
-0.793426 0.324736 -0.135028
-0.144367 0.488947 0.57545
0.768114 0.0214058 -0.352229
0.0485792 -0.783631 0.33835
-0.494544 0.0338825 0.71525
0.814108 0.140788 -0.269835
-0.125397 0.179103 -0.82428
0.280503 -0.51227 0.552882
-0.0744455 -0.746858 0.470862
0.0131824 -0.32737 -0.775778
-0.632351 -0.0367936 0.619141
-0.51999 0.0599168 -0.755964
-0.466514 0.759391 0.0323796
0.578245 -0.611258 0.0538704
-0.547338 -0.141104 0.694996
0.530284 0.551357 -0.134548
0.0267042 0.759594 0.244985
0.542562 -0.360492 -0.606651
0.676343 -0.468708 -0.379661
0.676527 -0.475239 -0.362823
-0.774362 0.0531545 -0.491528
-0.0748699 -0.73943 0.48239
-0.419079 -0.60886 -0.461768
0.301488 0.264719 -0.774965
0.867454 -0.0992608 -0.126757
0.166274 0.735034 0.16717
-0.305018 -0.720783 0.461418
-0.280907 0.826242 0.0874104
-0.5611 -0.617967 -0.25681
-0.444237 -0.652211 0.496463
0.384808 0.489787 0.37531
-0.144904 0.0140398 -0.807244
0.468058 -0.693603 0.00842689
0.0678413 -0.445902 -0.748536
-0.638467 0.589027 -0.0405397
0.556602 -0.628445 -0.0655816
0.69105 -0.312233 0.262474
-0.829205 0.0861561 -0.40702
0.758175 -0.3794 -0.286822
-0.739 0.476239 -0.217948
-0.389995 -0.648716 0.532375
0.111543 0.0945021 0.791207
-0.20301 -0.785317 0.376109
-0.859808 0.0873983 0.14263
-0.449414 -0.5716 -0.469778
-0.610706 -0.216456 0.634687
0.725944 -0.3545 -0.362219
0.116196 -0.827924 -0.00573347
-0.784877 0.256411 0.17745
-0.501163 -0.0149379 0.719818
-0.00841965 0.554564 -0.702608
0.458092 0.095503 -0.718139
-0.429954 0.355097 -0.76147
0.863588 -0.127275 -0.128069
0.16898 -0.455406 0.682202
0.0022771 0.815233 0.169508
0.257521 -0.452636 0.6173
-0.341913 0.383068 0.653579
-0.500848 0.258215 0.639977
-0.485483 0.735547 0.04157
0.27502 -0.775567 0.130826
-0.375913 -0.516775 -0.554368
-0.501693 -0.097602 -0.732213
-0.0460779 0.277919 -0.833238
-0.762911 -0.51472 0.190528
-0.388397 -0.373172 -0.642831
-0.581537 0.105744 -0.733259
-0.283656 0.207236 -0.817717
-0.0724631 0.793546 -0.400859
-0.118119 0.664376 -0.6144
-0.33658 -0.381389 -0.672278
0.107056 0.503785 0.510444
0.745575 0.181934 0.172782
0.241432 0.563964 -0.616777
-0.458636 -0.550787 -0.479011
0.251216 0.305767 0.613428
0.848332 -0.259507 -0.111587
-0.357719 0.287118 0.730805
-0.0606774 0.871874 0.0370828
-0.772247 0.379584 -0.120464
-0.304072 -0.0437679 -0.788946
-0.525015 -0.0503501 -0.737807
-0.203922 -0.56678 -0.600656
-0.334685 0.565829 0.468632
-0.498521 -0.456914 0.632364
0.00300735 0.132278 0.794232
0.678914 -0.282505 -0.464072
0.212303 -0.34208 0.73877
-0.0134032 0.653 0.391829
-0.24025 0.121571 0.833547
-0.680626 0.134974 -0.606262
-0.0681811 0.312427 0.706378
0.827631 -0.263548 -0.169825
-0.201974 -0.780821 0.389537
-0.548167 -0.186992 0.694838
-0.326221 0.673674 -0.525084
-0.402143 0.268941 0.725542
-0.142604 -0.0512621 0.89577
-0.854805 -0.0714968 0.324009
0.0140336 -0.809884 -0.303912
0.814667 -0.247052 0.0409133
0.70234 -0.102839 -0.437335
-0.875829 0.0381425 0.126542
0.126106 0.147938 0.762092
-0.838296 0.19284 -0.0813073
0.523448 -0.339762 0.447974
-0.308827 -0.152699 -0.771329
-0.306029 0.557861 0.486097
0.363407 0.656197 -0.281899
0.633198 -0.291604 0.349039
-0.818259 -0.199523 -0.233671
0.646523 0.122158 -0.514417
-0.747785 -0.0723389 -0.53825
0.665506 -0.223067 -0.483659
-0.746858 -0.436297 -0.181914
0.786122 -0.262713 0.092798
0.862895 0.0554417 -0.0725168
-0.740683 0.481373 -0.286225
-0.417203 0.769559 0.105946
-0.646053 -0.230651 0.588861
-0.138051 -0.316683 0.838962
0.65257 -0.228438 0.361139
-0.0879087 0.807674 -0.369846
0.841527 0.100627 -0.153403
-0.698242 0.300355 -0.548106
0.127112 -0.044219 0.837589
0.403504 -0.294231 -0.717742
0.105383 -0.831783 0.0739035
-0.324458 0.640159 -0.57953
-0.581794 -0.660883 -0.113168
0.173053 0.175496 -0.808146
-0.824661 0.135088 -0.403358
-0.060621 0.772031 0.266472
0.761457 0.261981 -0.160319
-0.814257 0.22898 0.0658629
-0.444463 0.809814 -0.0210109
0.855106 0.0776176 -0.118109
-0.719584 0.288404 -0.523285
0.81932 0.138387 -0.210193
0.572004 -0.613759 -0.170185
-0.0497713 -0.386304 0.799381
-0.753986 0.434875 -0.395377
-0.18929 -0.436887 -0.699344
-0.423497 0.788721 0.058072
-0.258751 -0.809299 0.1243
-0.180765 0.318912 0.712817
-0.341687 0.163879 0.791751
0.85271 0.0597901 -0.0334699
0.68679 -0.151914 -0.456936
0.833924 0.0898742 -0.227421
-0.586439 -0.270915 0.649844
0.595566 -0.160781 -0.577522
0.319102 -0.173728 0.720677
-0.103458 -0.272788 -0.772799
0.786907 0.194041 -0.268685
0.415589 0.342808 0.470791
-0.19423 0.692976 0.369113
-0.791325 -0.484665 0.164546
-0.0797635 -0.79497 -0.365067
-0.42653 -0.387269 -0.608071
-0.215826 -0.166774 0.879592
0.669298 0.278225 0.203601
0.164199 -0.0859379 0.81601
-0.126246 -0.84943 0.205579
-0.0719627 0.67636 -0.592423
0.17916 -0.792673 -0.29087
0.302439 -0.330239 -0.744397
-0.23247 -0.717471 -0.467758
-0.117973 0.494165 -0.750771
-0.0717094 -0.835242 -0.0557647
-0.495729 -0.615664 0.495817
-0.814898 0.0656179 0.378017
-0.645996 0.535208 0.0628037
-0.413242 -0.390603 0.70976
0.404038 -0.604567 -0.543977
-0.275265 0.490588 0.565002
0.0169494 0.678074 -0.573395
-0.373456 -0.774006 0.0835896
0.490057 -0.611776 -0.454204
-0.121896 0.309901 0.713233
0.880385 -0.0867964 -0.0874107
-0.803667 -0.234311 0.379364
-0.715459 0.0880104 0.510354
-0.583694 -0.323823 0.637149
-0.103229 -0.424475 0.790492
-0.544651 -0.28506 -0.595182
-0.653522 0.483717 0.155723
0.310262 -0.373229 -0.732378
-0.867352 -0.101776 0.231378
0.60025 -0.453436 -0.527326
0.169721 0.670505 0.278469
0.159476 0.750631 0.123429
-0.112651 -0.755902 0.456052
-0.483781 0.676562 -0.383739
-0.145512 -0.531454 -0.649039
-0.627575 0.378139 -0.603708
0.260163 -0.746559 -0.389827
0.146823 -0.431745 -0.768574
-0.444756 -0.558659 -0.481923
0.0320947 -0.656631 0.535587
0.351184 -0.211936 0.688601
-0.0580205 -0.636425 0.607461
0.510041 -0.652616 -0.330074
-0.780005 -0.511086 0.0294959
0.625819 -0.322333 0.340823
-0.333237 -0.382403 -0.673864
0.182139 -0.0426268 -0.79307
0.626207 -0.0594582 -0.540789
-0.861574 -0.111802 -0.00155209
-0.824934 -0.27555 0.290972
-0.454551 0.657181 -0.438319
-0.44049 0.0772461 -0.781966
-0.862069 0.148298 -0.190422
-0.711156 0.113678 0.502804
0.311738 0.579118 -0.545588
0.690262 0.335852 0.0566021
-0.446194 0.260573 0.696779
0.304184 -0.790499 0.00551633
0.360685 0.468782 -0.597902
-0.596668 0.494926 -0.523459
-0.53691 -0.714972 0.177355
0.826663 0.0199105 -0.244294
0.484334 -0.122817 -0.699017
0.865954 0.0187236 -0.125121
-0.131278 0.588264 0.489833
-0.185242 -0.831433 0.112104
0.440501 0.166047 -0.712419
0.328504 0.0927599 0.686514
0.14656 -0.413142 0.741095
-0.328008 0.636259 0.393224
0.090938 -0.823872 -0.218536
-0.796588 0.0270893 0.418526
0.557484 -0.455989 -0.566074
-0.855093 -0.206904 0.210025
0.815125 0.148196 -0.0222468
0.0302101 -0.734032 0.451138
-0.575594 0.522964 -0.506906
-0.720302 0.519671 -0.201533
-0.410413 0.523136 0.473367
-0.607487 0.512778 0.225507
-0.0465032 0.375056 0.662148
0.115978 0.493877 0.517755
-0.0569215 -0.562442 0.688568
0.559563 -0.626149 -0.0512631
-0.440748 -0.701611 0.374389
-0.661398 -0.615495 0.164854
-0.0124788 0.610559 -0.65745
-0.163209 -0.165979 -0.783683
0.824547 -0.0718898 -0.225364
0.149744 0.63141 0.353062
-0.0275545 -0.851578 0.0563436
0.819373 0.127278 -0.259445
0.43901 0.618219 -0.136606
-0.238946 0.0315721 0.869233
-0.116969 -0.113211 0.894627
0.241016 -0.78539 -0.232704
-0.326215 0.275165 0.745994
0.130683 -0.141462 0.829856
-0.379282 0.336233 -0.786177
-0.761665 0.403398 -0.0912215
-0.10393 -0.192518 0.875262
-0.569243 -0.621264 0.419318
0.178216 -0.766439 -0.407925
-0.0728857 -0.626314 -0.582916
0.33319 0.604866 0.247797
0.184572 0.302026 0.658855
0.325133 -0.553585 0.47863
-0.219532 0.618365 -0.66232
-0.16308 0.0899601 -0.814245
0.468497 -0.637944 -0.430371
0.459359 0.163703 0.532493
0.0248755 -0.0200098 -0.80836
-0.396553 -0.189629 0.790166
-0.0480509 -0.819817 -0.197705
0.135539 -0.255349 -0.788011
0.368874 -0.72195 0.187721
-0.471832 0.103562 0.718394
-0.682123 -0.0188683 -0.63016
0.112437 -0.805159 0.237409
-0.123063 -0.774165 -0.416125
0.113725 0.586333 -0.647266
0.648042 0.393053 0.0598754
0.328434 0.668312 -0.3329
0.302752 0.450206 -0.671389
-0.763461 -0.438277 -0.137316
-0.207826 -0.137948 0.881984
0.281673 0.694702 -0.342052
-0.813522 -0.274438 -0.150152
0.48378 0.104048 0.537817
-0.175243 -0.312542 0.836333
0.464382 -0.26632 0.54975
0.163528 0.376611 -0.796552
0.0961515 -0.831822 0.00794934
-0.427077 0.669301 -0.445888
0.387063 0.625307 -0.308174
0.588952 -0.492542 -0.517768
0.741838 -0.0707537 -0.385105
0.137708 -0.752158 -0.467809
-0.586945 -0.195833 0.661463
-0.213636 -0.112045 0.880493
0.262353 -0.349232 -0.753946
-0.123467 0.898407 -0.159818
0.532472 0.500608 0.134913
-0.539594 -0.415613 0.629204
-0.493336 -0.732319 0.0167072
-0.797852 0.163236 -0.439418
-0.245484 -0.0837643 0.872894
-0.784523 0.260505 0.170044
-0.121615 -0.300476 0.847428
0.246463 -0.0480123 0.774735
-0.557295 -0.626681 -0.243077
-0.704927 0.545796 -0.341166
-0.363241 0.386768 0.636877
0.849755 -0.264438 -0.0920939
0.720554 0.0419491 0.279904
0.584822 0.151904 -0.576352
-0.0218405 0.642466 0.407677
0.340396 -0.182341 -0.756905
0.0823889 0.332699 0.67131
-0.487092 0.287161 -0.754452
-0.135394 0.59189 -0.688031
-0.730969 -0.322211 -0.34138
0.720898 -0.394612 0.100943
-0.0637187 0.803208 -0.378232
0.649601 0.0675289 -0.512705
0.166046 0.144945 0.754381
-0.475805 0.331195 -0.744707
0.173104 -0.768668 -0.406749
-0.777345 -0.289867 0.408013
-0.759158 -0.558969 -9.81332e-05
-0.204749 -0.570944 -0.597221
-0.301531 0.561969 -0.681336
0.854869 -0.0203632 -0.173605
0.625934 -0.145673 -0.53888
0.577688 0.0655695 0.451451
0.565034 -0.468765 -0.554611
-0.648487 0.534583 0.0570999
-0.774148 0.373591 -0.115163
-0.488288 0.517605 0.431093
-0.861033 -0.0562013 -0.166909
-0.657905 -0.620491 0.156704
0.581977 -0.223349 -0.58824
-0.0240229 0.815095 0.196275
0.495524 -0.679308 -0.121219
-0.443066 -0.751194 0.0593268
0.699964 -0.27359 0.272864
0.181507 0.211278 -0.808884
0.1492 -0.177384 0.817569
0.866962 -0.204018 -0.0963788
-0.10345 0.157168 0.799135
0.25328 -0.659962 -0.564761
-0.15124 -0.771039 -0.394431
0.385815 -0.278928 0.626497
0.0258025 0.290108 -0.834815
0.557066 0.0786774 0.470036
0.490758 -0.667648 0.157476
-0.7665 -0.448455 -0.118937
0.14492 -0.539083 -0.675463
0.0856152 -0.101111 0.854107
-0.586726 0.473266 0.329635
0.0558738 0.332693 -0.838249
-0.560295 0.617297 0.118364
-0.0942891 -0.285784 0.853047
-0.190837 -0.26367 0.853647
-0.798176 -0.388097 -0.0600007
0.515099 -0.661518 0.0666839
0.268488 0.732416 -0.230335
-0.145851 -0.547181 0.712154
0.809785 -0.101878 0.131633
0.755189 0.276301 -0.00691312
0.541576 0.263977 0.40892
0.60756 0.318632 0.28816
0.115968 0.776236 0.0983029
-0.409752 -0.606704 0.562315
-0.787911 0.292332 0.0788911
0.0720405 -0.836877 0.0395037
0.107674 -0.830005 0.017496
0.164807 -0.816484 -0.120734
-0.848327 0.151085 -0.0129508
-0.692456 -0.169544 0.548951
-0.854593 0.162928 -0.156077
0.264855 0.614106 -0.539876
0.560641 -0.330382 -0.599132
-0.293292 0.839032 -0.225905
0.625407 0.0673922 -0.545214
0.234129 0.543494 -0.642075
-0.158883 -0.384725 0.808996
0.216973 0.112295 -0.796598
0.563768 -0.130001 -0.617249
-0.545982 0.456943 -0.600278
-0.627979 0.075529 0.596589
-0.537786 -0.702976 -0.0477531
-0.507451 0.0994335 -0.760518
-0.136546 -0.781303 -0.369814
0.345343 0.0675118 0.681683
-0.366085 0.0698606 -0.798796
-0.480733 0.633351 0.242427
-0.359134 0.639146 -0.551285
-0.129893 -0.849022 0.176166
-0.520828 -0.128982 -0.712587
0.159679 -0.6061 0.521232
-0.806797 -0.451664 0.174712
-0.0353877 0.330084 0.691348
0.329116 0.621737 -0.434104
0.559159 -0.423029 0.356732
0.141508 -0.595327 0.543124
0.239847 -0.18773 0.767924
0.00217401 0.424106 0.623512
0.524257 -0.153508 0.530885
-0.147912 -0.635388 0.625695
-0.573992 0.485757 0.333785
0.797409 0.105826 -0.31509
-0.118289 0.857966 0.0861866
0.352807 0.676668 -0.209202
0.0628402 0.470808 -0.758941
0.404352 0.457386 -0.561952
0.387049 0.624287 0.0872991
0.872567 -0.0159226 -0.0750052
0.0865143 0.675188 -0.559913
0.576874 -0.611407 0.0581428
0.784522 -0.0486291 -0.316115
-0.590865 0.28051 -0.687127
0.079655 0.0255209 -0.812464
0.606732 -0.195489 -0.562062
0.790718 0.216922 -0.0674244
-0.145476 -0.600101 0.66928
-0.692017 -0.546081 -0.195122
0.454171 0.477224 -0.476022
0.668902 0.407653 -0.0537398
-0.806168 -0.0439856 -0.4368
-0.0944138 -0.576636 0.689332
-0.331992 -0.691036 -0.449434
-0.277835 -0.55982 0.653092
-0.498597 0.547852 -0.545413
0.709438 1.42574e-05 -0.430513
-0.101312 0.0798802 0.835788
-0.545647 -0.626979 -0.260645
-0.594507 -0.631264 0.345175
0.205012 0.033867 0.799141
-0.617809 0.469091 0.279703
-0.196184 -0.804078 -0.0938464
-0.559969 0.665179 0.00811591
0.190686 0.293584 0.662998
0.188553 0.73942 -0.37937
-0.626397 0.111289 0.588483
0.595242 -0.59337 -0.21253
-0.056796 0.647645 0.415234
-0.540268 -0.651348 -0.213998
-0.214387 -0.7069 -0.483012
-0.767315 0.391376 -0.425462
0.529028 0.328059 0.376947
0.0227521 -0.268056 0.831492
0.280684 -0.340431 0.680329
0.64956 -0.0316793 0.383686
0.488336 -0.516492 0.359688
-0.399987 0.0529391 0.780471
0.598963 0.239013 -0.518871
-0.507028 0.613666 0.230192
-0.0906843 -0.798682 0.366271
-0.0295852 -0.808096 -0.301627
0.381045 0.613175 0.138372
-0.61086 -0.661447 0.0235023
0.210729 0.608844 0.344532
0.0270697 0.835989 0.00899249
-0.858294 -0.173893 0.168275
-0.759273 0.117919 -0.500831
-0.726238 0.144006 0.466757
-0.829439 -0.411048 0.157691
0.446796 0.487377 0.318856
0.125738 -0.697279 0.438004
-0.281588 -0.248593 -0.751522
-0.0997363 0.883593 -0.193002
-0.394664 0.643091 0.341013
-0.811886 -0.360053 -0.0255368
-0.676513 -0.130645 0.577873
-0.823987 -0.238326 0.322157
0.762512 0.246002 -0.219132
-0.237738 -0.420729 0.765842
0.16361 -0.335901 0.76616
-0.53429 0.533132 0.32968
0.197977 0.369269 0.594158
-0.525235 -0.40043 0.645404
-0.162096 -0.212911 -0.776407
-0.733343 -0.307859 -0.350237
-0.499402 0.425779 -0.658383
0.261182 -0.2815 -0.764544
0.606882 0.307842 0.304622
-0.122743 0.692728 -0.579178
0.450862 0.535589 0.209096
0.881052 -0.0796165 -0.0870958
-0.571352 -0.0259797 0.668675
0.375912 0.590514 -0.422689
0.590318 0.0386055 -0.591608
0.233251 -0.805713 -0.0630364
-0.104533 -0.43656 0.784761
-0.838125 -0.258746 0.268211
0.328164 -0.134036 0.716937
-0.302163 -0.504672 -0.607804
0.678935 -0.41066 -0.447374
0.543917 0.187408 -0.606958
-0.281631 0.130405 0.826439
0.0568608 -0.840337 0.0707904
0.567968 -0.177528 0.482098
0.378726 -0.741669 -0.26767
-0.383554 -0.465567 -0.586049
-0.778956 0.042647 -0.487053
-0.744572 -0.33404 -0.294216
0.56461 -0.0753962 -0.619923
-0.510867 0.398339 -0.672309
-0.4626 -0.420121 -0.562511
-0.867711 -0.0573457 -0.00507433
0.467474 0.57668 0.0609153
0.252131 -0.459034 -0.733554
0.273423 0.435074 -0.713152
0.732043 -0.276267 0.209122
-0.093864 -0.788661 -0.391665
-0.289342 0.154301 0.813051
0.599907 -0.524593 0.194222
0.0999552 -0.704952 0.444556
0.111738 0.576589 0.432037
-0.6179 0.00540577 0.622037
-0.801224 0.278082 -0.414267
-0.00856693 -0.842889 0.217507
-0.791351 0.320935 -0.0769505
-0.0316802 0.487638 -0.75543
-0.412832 -0.550369 -0.507539
-0.57833 -0.468602 0.559886
0.421208 -0.626615 0.309832
0.158667 0.76743 -0.00174163
-0.282187 0.812908 0.123328
-0.694628 -0.287692 -0.458327
0.632611 0.45507 -0.0955263
0.0577912 -0.504196 0.689646
-0.28569 -0.249278 -0.750399
-0.807925 -0.36103 -0.0466456
0.763533 -0.0519229 0.227029
0.173909 -0.70452 0.393719
-0.0589771 -0.756687 0.452351
-0.209648 -0.342259 0.816315
-0.702397 0.42009 0.153312
0.564496 -0.57715 -0.384558
0.240568 0.738702 -0.297323
0.184398 0.768003 -0.128445
0.495815 -0.522486 0.348289
-0.817327 -0.178968 -0.261418
-0.59366 -0.605495 -0.22966
0.420426 -0.18581 0.629875
0.305257 0.224362 0.627269
-0.155868 -0.190409 0.88044
0.730533 -0.257073 0.234267
0.3293 -0.385213 0.603771
0.263361 -0.118329 0.7604
0.107805 -0.220912 0.823587
0.321244 -0.771872 0.0565455
0.0468217 -0.843189 0.114657
-0.376481 0.405955 0.609833
-0.172013 0.903257 -0.0704739
0.732002 -0.418629 -0.332097
0.233915 -0.0126782 0.784126
0.14358 0.500404 -0.719497
0.0968171 0.759886 0.190184
-0.500203 0.0519722 -0.762714
-0.833074 0.118245 0.229348
0.395934 -0.322218 -0.714238
-0.0296365 0.883137 -0.126996
-0.395205 0.656638 -0.493191
-0.141937 -0.77948 -0.370756
-0.0627365 0.875401 0.0245407
-0.137772 0.531086 -0.726918
0.213905 -0.380165 0.709326
-0.159252 -0.0686811 -0.798282
0.132941 -0.186592 0.823912
0.297038 0.714609 -0.234471
0.389941 0.106193 0.62349
0.196802 0.310706 -0.802579
-0.807119 0.213676 0.153415
0.719749 0.165144 0.231656
-0.731947 -0.53093 -0.121604
-0.668549 0.129902 -0.623296
-0.810153 0.306974 -0.373385
-0.249558 -0.773966 -0.244518
-0.691026 -0.23199 -0.501509
0.568852 0.470488 -0.277494
0.455065 0.141278 0.54694
-0.590111 -0.366945 0.60869
-0.0180363 -0.812206 0.306406
0.000280809 -0.582188 0.635302
0.222692 -0.547804 0.550867
-0.158506 0.261532 0.745384
0.542725 -0.298567 0.447779
-0.326886 0.389073 -0.78763
0.35079 0.593435 0.246775
0.0268838 -0.588473 -0.624187
-0.322247 -0.307589 -0.716655
0.799015 0.0124507 -0.300982
-0.343298 0.511306 -0.696723
-0.168814 -0.267878 0.855165
-0.670752 -0.289696 0.544364
-0.457017 0.307045 0.645384
0.496284 -0.286303 0.505721
-0.409559 0.135591 0.7576
-0.592952 0.475087 0.315615
-0.871509 -0.0384618 0.0681977
0.810914 -0.0122688 0.151963
0.584729 -0.268353 0.416581
-0.657018 0.302227 0.420757
0.379915 0.565152 0.264223
-0.852088 0.0331619 0.297691
-0.735066 -0.122262 0.509172
-0.801973 0.00196234 0.415144
0.632247 -0.563117 -0.135356
-0.516885 -0.0647938 -0.737135
0.414153 -0.13907 0.641732
-0.852505 -0.220201 0.145814
-0.407021 0.76827 0.127511
0.370178 0.556791 0.289087
-0.588285 -0.578564 0.441572
0.399272 0.332564 -0.661408
-0.63686 0.354941 -0.606378
0.290502 0.553008 0.366849
-0.23092 0.543233 0.522236
0.584183 -0.444664 0.314247
-0.573566 0.203551 0.602179
-0.246205 -0.55895 0.666107
0.158043 0.52652 -0.691184
-0.272198 0.044119 -0.805325
-0.597292 0.482299 0.296854
0.367569 -0.592281 -0.594159
0.726571 0.320335 -0.00775386
0.238881 0.395511 -0.756846
0.193994 0.561844 -0.647693
0.31442 -0.427711 0.58567
0.140818 0.540557 -0.682739
-0.785785 0.32882 -0.0373119
-0.0582186 -0.322178 -0.769513
0.314843 -0.100697 0.727752
-0.178799 0.764193 0.259248
0.220561 0.276356 -0.797954
0.712007 -0.256247 -0.416829
0.0061843 -0.645486 -0.573289
0.170954 -0.193054 -0.785707
-0.653721 0.525883 0.0622676
-0.712893 0.460481 0.0293373
0.0753706 0.211742 0.742875
-0.692253 0.0142503 0.557549
-0.548488 0.408859 -0.637804
-0.384326 0.139055 0.775316
-0.530668 0.03709 -0.752129
-0.514236 0.642095 0.163298
0.48797 -0.674609 0.125404
-0.111039 0.825285 0.179434
-0.00429245 0.834142 -0.302741
0.47233 0.185561 -0.682161
0.158918 0.0202174 -0.800996
-0.501854 -0.31721 -0.603024
-0.253881 0.0242829 0.867296
-0.201985 -0.566599 0.677484
-0.10865 0.863817 0.0752183
-0.172179 -0.810214 0.335362
-0.79611 -0.434666 0.0012288
-0.313173 0.777302 0.193036
-0.852984 -0.135176 0.323037
0.867771 -0.0670404 -0.0339886
0.0808115 0.057936 0.815871
-0.830454 0.115087 0.250874
0.109247 -0.563365 0.596154
-0.0569706 0.514349 -0.73804
-0.743381 0.44037 -0.0379352
0.0714885 -0.188236 -0.794193
-0.000717539 -0.501388 0.724935
-0.0356146 0.841823 0.126585
0.854348 0.0171582 -0.00824117
0.596606 0.346511 0.270316
0.143224 0.649887 0.330522
0.33148 -0.735083 0.19896
0.567282 -0.171989 -0.609092
-0.158201 -0.510777 -0.660585
-0.725869 0.408663 -0.467492
-0.870947 -0.0284049 -0.00809218
0.517829 -0.397244 -0.618145
-0.559351 0.391155 -0.644639
0.462059 -0.111234 -0.721853
-0.629824 0.259777 0.499841
0.782456 0.182781 0.0807014
-0.64491 -0.15542 -0.602876
-0.439749 0.225594 -0.782551
-0.177657 -0.579625 0.676
0.419738 0.456404 0.37711
-0.626595 -0.423241 -0.432838
0.639384 0.111214 -0.526851
-0.116236 0.662974 -0.615932
0.312959 -0.732734 0.229095
0.608885 0.184813 -0.531686
0.135131 0.696051 -0.511253
-0.137335 0.650769 -0.634019
-0.592213 0.226206 0.569029
0.828863 -0.286224 -0.155787
0.692175 0.268084 0.163652
-0.54602 0.646694 0.0911101
-0.213131 0.232845 -0.826801
-0.175697 -0.8224 0.293825
0.189746 0.259057 0.685981
-0.305025 -0.785992 -0.0536407
-0.122668 -0.672607 0.574646
0.753758 0.0840746 -0.373175
-0.516495 -0.647471 -0.25999
-0.194406 -0.784375 0.386633
0.107305 0.545557 -0.687148
-0.149086 -0.770866 0.426346
-0.372775 -0.690714 0.482573
-0.547559 -0.0954063 0.694449
-0.312359 0.500593 -0.719237
0.434892 -0.515968 0.40921
0.734171 0.225506 0.129847
-0.557658 0.0510055 -0.742722
-0.675541 0.577057 -0.130106
-0.777893 -0.474957 -0.0399965
-0.249906 0.0831914 0.856625
0.340795 -0.455176 0.541189
-0.101835 0.911753 -0.0634604
0.420543 -0.70733 -0.350397
0.737369 -0.156544 0.265796
-0.680534 -0.605088 -0.0688626
0.279392 -0.633982 0.42023
-0.140082 0.546485 -0.717253
-0.314944 -0.792102 0.209424
0.816878 0.0772553 -0.279658
-0.282847 0.36101 0.68959
-0.779817 0.381202 -0.257451
-0.0234556 0.879626 -0.125184
0.238094 -0.724606 0.307001
-0.486776 -0.62878 0.488346
0.880997 -0.0787104 -0.0865508
-0.165346 0.418608 0.636457
-0.175419 0.746205 0.290438
-0.0296525 0.334506 0.687822
-0.622694 -0.294112 -0.529311
0.501266 -0.673127 -0.212538
0.792597 -0.1948 0.12885
0.633195 0.439062 -0.205985
0.0822772 -0.505794 -0.69982
-0.39829 0.765828 -0.320536
-0.475772 -0.228393 -0.678242
-0.125438 -0.65112 0.601987
-0.0671754 0.166932 0.788732
0.828381 0.0715945 0.0586375
-0.699454 -0.403335 0.469884
0.11091 -0.830845 0.0757889
0.383213 -0.751779 -0.106754
-0.752004 -0.547116 -0.0533728
-0.354532 0.330613 0.697136
0.389479 0.574165 -0.427761
0.757898 0.140972 -0.366878
-0.484986 0.23432 -0.768933
-0.519982 -0.602768 -0.355553
-0.743451 -0.367833 -0.261911
-0.153809 0.785629 0.231643
-0.652268 0.509661 0.102525
0.636741 -0.226915 -0.522212
-0.838106 0.125489 0.185314
-0.75937 0.0618336 -0.510703
-0.51284 0.417112 -0.656098
-0.0771369 0.666696 0.400544
-0.742913 0.461592 -0.180357
0.350186 0.569303 -0.507996
-0.32135 -0.740152 -0.305037
-0.165621 0.429895 -0.788384
-0.466685 -0.277322 -0.652552
0.231223 -0.747978 0.266681
-0.463631 0.753515 -0.286706
-0.350314 0.631379 -0.57052
0.727487 -0.345696 -0.361208
0.754591 0.273085 0.000771163
-0.680893 -0.489074 0.406251
-0.210227 -0.572058 -0.594213
-0.497288 -0.459339 -0.513742
-0.845206 0.1912 -0.174086
0.660036 -0.365207 0.275939
-0.87302 0.0416971 -0.195685
-0.75954 -0.11314 -0.481355
0.597013 0.338289 0.282375
-0.264014 -0.737418 -0.382244
0.535636 -0.598884 -0.401496
-0.501861 -0.512522 0.588692
-0.258927 0.768055 0.226378
0.416682 -0.472486 -0.674477
0.76254 0.233489 -0.270582
-0.554249 -0.666255 0.346149
-0.478235 -0.0262289 -0.753685
-0.500144 -0.659137 -0.259234
0.385985 -0.0780827 0.662181
0.0267422 -0.780839 0.360578
-0.62191 -0.440715 -0.424453
-0.120402 0.622888 -0.66202
0.121139 0.402896 0.599335
0.0357066 0.608031 0.425599
-0.237297 0.557342 0.506369
0.377914 0.380221 -0.650945
0.283437 0.428434 0.502446
0.310606 -0.753628 0.160405
0.761122 -0.0776048 -0.358313
-0.634853 0.525647 0.117017
-0.465937 0.525948 -0.600118
0.743865 0.301879 -0.114569
-0.597544 -0.0172019 -0.72618
-0.177919 0.628998 -0.664251
0.789033 0.170779 0.0842069
-0.555164 0.494276 -0.562167
0.0182712 -0.76967 -0.452134
0.592211 0.201234 0.392242
0.252124 -0.107392 -0.776892
0.587592 0.144527 -0.576357
-0.0656775 -0.108581 0.885268
0.0923366 0.351423 0.655843
-0.132327 -0.774856 0.417405
0.369142 0.104339 0.643567
0.0761336 -0.768758 0.354029
0.352036 0.648882 0.0716625
0.281245 0.340575 -0.764056
-0.0775233 -0.835271 0.274633
0.516702 -0.545901 0.308708
0.0314287 -0.153815 -0.796789
0.602927 0.27006 -0.490939
-0.350004 0.288009 -0.796815
-0.408955 0.345381 0.648252
0.192629 0.731474 0.140836
0.876803 -0.0402182 -0.110154
0.122579 -0.479515 -0.725488
-0.769201 -0.508853 -0.0366277
-0.742165 -0.536238 0.182596
-0.629217 -0.0895121 0.625087
0.674698 0.338524 -0.312322
-0.815957 -0.353134 -0.0131016
0.25372 0.740956 -0.231121
-0.0833028 -0.86335 0.192165
-0.0886585 -0.599096 0.660231
-0.24425 -0.528966 0.689934
-0.443698 0.362223 -0.746498
0.106193 0.0888712 0.795146
-0.604195 0.260249 0.527019
0.349554 -0.365218 0.600216
-0.778485 -0.470918 0.227702
-0.831601 -0.125289 -0.273681
-0.223097 -0.316367 0.824163
0.46581 0.421791 -0.521988
-0.0853526 0.278399 0.729307
0.0402566 0.0370638 -0.813291
-0.855265 -0.128062 -0.0944623
0.773543 -0.163188 -0.310162
0.168101 0.766417 -0.0366502
0.723847 -0.0103264 -0.410877
0.0978759 0.161157 0.762154
0.576721 -0.608072 -0.259262
0.143128 -0.591771 -0.62967
0.0569146 -0.694956 0.479609
0.46776 -0.197311 0.581543
0.528623 -0.649331 -0.253748
0.0920825 0.784779 0.111544
-0.258934 -0.759272 -0.310756
-0.684911 0.590875 -0.212418
-0.82555 0.0242695 -0.425924
-0.359282 0.0697522 -0.80044
0.170375 0.607916 0.37335
-0.71121 -0.415435 -0.294957
0.611292 -0.251292 -0.553986
-0.127176 -0.165335 0.883678
-0.732997 0.00784499 0.518694
-0.37508 0.353929 -0.785071
-0.613315 0.410495 -0.590936
-0.0822989 -0.585677 0.675825
-0.490348 0.675454 0.145454
0.445099 -0.706416 0.0536644
0.0200808 -0.826124 -0.172279
-0.405844 0.807351 -0.211633
-0.590087 -0.681482 0.135156
-0.176191 0.280683 0.735806
-0.543443 -0.130054 0.69752
-0.301669 -0.222087 0.839678
0.0937827 -0.80967 -0.290746
0.155185 0.776412 -0.0598398
0.488578 0.549139 -0.265077
0.753448 0.258178 -0.230151
-0.0740186 0.808475 -0.367003
0.0141993 0.559653 -0.695387
-0.00562526 -0.219908 0.84842
-0.406046 -0.253236 0.774917
-0.0446984 -0.395607 0.79389
0.560004 -0.625343 -0.0794837
0.15505 -0.819816 -0.0550094
-0.341562 0.0799158 0.817846
-0.745118 0.090708 0.469058
0.537665 0.548127 -0.0876384
-0.615825 0.454917 -0.55288
0.0784323 0.802273 0.0572698
-0.170128 -0.403684 0.799136
0.104876 -0.807353 -0.296741
0.233276 0.408333 -0.751227
0.82646 -0.227669 0.0246005
-0.458725 0.279794 0.666853
-0.0476025 -0.846128 0.019205
-0.621955 0.0108996 -0.709347
0.277015 -0.646443 0.404256
0.415476 0.0208117 0.618781
-0.678819 0.403372 0.258346
-0.251656 -0.764219 -0.299131
-0.7656 -0.048805 0.475044
-0.620655 0.362195 0.409713
0.346707 -0.632841 -0.539211
-0.166178 0.409192 -0.801204
0.696216 -0.120168 0.335074
-0.15908 0.359999 -0.815661
0.0253838 0.65028 -0.606745
-0.0797621 0.152641 -0.822431
-0.878359 0.0914852 -0.128698
0.446468 -0.283537 -0.701581
-0.842003 0.211446 -0.245938
0.00636391 -0.795226 0.335623
0.287419 0.68327 0.0934096
-0.760195 -0.0556224 0.483841
-0.689723 0.572216 -0.171141
0.16181 -0.0843956 0.81733
-0.0883487 0.682356 0.386307
0.808288 -0.0335075 -0.269608
-0.759589 -0.513515 -0.0689156
-0.408612 -0.763803 0.154094
0.639025 -0.0544206 0.39701
-0.748615 -0.345438 0.424286
-0.867404 -0.0941346 0.168503
-0.228354 -0.050283 -0.795431
-0.294438 0.809147 0.127185
-0.398275 -0.0813386 0.794757
-0.625297 0.535553 -0.445476
0.504111 -0.481318 -0.60631
0.0433998 -0.36686 0.791155
-0.0818229 0.623587 -0.656218
0.542663 0.0737448 0.485029
-0.451751 -0.294808 -0.651216
0.55964 -0.178974 0.490628
0.316065 -0.791361 -0.0218121
-0.867964 0.0313471 0.230902
-0.449832 0.673134 0.225745
-0.490057 -0.178982 -0.700757
0.451169 0.0362954 0.581156
-0.553694 0.502246 -0.553337
-0.153783 0.846768 -0.282668
0.346862 0.382454 -0.678667
-0.433782 0.457248 -0.678047
-0.248394 -0.769388 -0.281633
0.0894893 -0.249383 0.821078
-0.579998 0.624778 0.0443947
0.159276 0.0529454 -0.802959
0.640176 -0.272447 0.351452
0.40491 -0.433253 -0.687027
0.609329 -0.259689 0.39348
-0.65366 0.553773 -0.00232047
-0.538303 0.0280471 0.683291
0.0902562 0.0518852 -0.814756
-0.708944 0.293138 -0.53641
-0.201897 -0.81395 -0.00493991
0.696014 -0.508498 -0.0477995
-0.564309 -0.656056 0.350972
-0.564709 0.0271808 0.661359
0.516553 0.464958 -0.395398
-0.202726 0.258787 -0.827171
-0.218656 0.662209 -0.610365
-0.595209 0.100643 -0.726422
0.307356 -0.407169 -0.725989
0.331215 0.474104 -0.623525
-0.479777 -0.586733 0.540221
0.729982 0.0552567 -0.404364
-0.416562 -0.621966 -0.453926
-0.715574 0.445514 -0.440516
-0.437989 0.670109 -0.434778
0.00539108 0.738207 0.283039
-0.0555842 -0.834093 -0.0769737
-0.261242 -0.60077 0.628071
0.150562 -0.817685 0.119732
-0.615078 0.457766 -0.551076
0.0597091 0.465623 -0.763079
-0.0212628 0.865164 -0.0209943
-0.289309 0.763946 0.223234
0.787078 -0.0121103 0.18737
-0.251179 0.627545 -0.643002
0.263143 0.406458 0.532328
-0.361298 0.2937 0.726671
-0.113635 -0.371258 0.817636
-0.54045 -0.704251 -0.00044656
0.0453634 0.434056 -0.787821
-0.22782 -0.442403 -0.6838
-0.0224533 -0.599177 0.62904
0.0243687 -0.394538 0.781297
-0.775607 -0.399787 0.313319
-0.106361 0.772032 -0.452298
-0.864667 -0.0918245 0.0347063
0.065812 -0.748806 0.401834
0.477248 0.517707 -0.37092
0.203891 -0.0103141 0.80021
0.142134 -0.766886 -0.430585
-0.458229 -0.155462 0.755069
-0.417274 0.830801 -0.0498675
-0.508346 -0.725798 0.181359
0.22684 0.753371 -0.281573
-0.359625 -0.590999 0.596027
0.471982 -0.284035 -0.683523
0.00847608 -0.0864513 -0.802472
0.624822 0.343103 0.206765
-0.592339 0.420018 -0.597888
0.553354 -0.311461 -0.608773
0.180413 -0.804002 0.169722
0.459952 -0.702131 -0.100508
0.178706 0.0151762 -0.797243
-0.857995 -0.15959 0.277054
-0.418816 -0.597679 -0.469944
0.0967644 -0.831495 -0.00101443
-0.860304 0.128669 -0.0648102
0.324911 0.366075 0.521805
0.555615 -0.610651 0.133485
-0.559144 -0.221543 -0.626723
0.114308 -0.758115 0.343409
-0.196294 -0.782163 -0.269434
-0.318764 0.367884 -0.792676
0.575536 0.430119 0.177026
-0.402809 -0.595615 -0.481288
-0.798122 -0.272374 0.365941
-0.854095 -0.166565 0.295896
-0.36705 -0.709235 0.433728
-0.533002 -0.659933 0.401184
0.38379 -0.574579 0.406212
-0.795884 -0.472151 0.172396
-0.291524 0.538052 -0.702377
-0.654214 0.0385005 0.583567
-0.261377 -0.79743 -0.0362008
0.14823 0.560605 -0.662005
0.0416798 -0.479923 -0.717343
-0.53959 0.208787 -0.747971
0.503047 -0.331424 0.475022
0.51909 -0.0407405 0.523583
0.632586 0.32515 0.217146
0.747391 0.258431 -0.270043
-0.696993 0.447027 0.109979
0.233325 0.130524 0.739118
-0.626914 0.522351 0.147472
-0.875658 0.0404237 0.119498
-0.296886 -0.726642 -0.377463
-0.00938168 -0.0425928 -0.806133
-0.667649 0.206103 0.505041
-0.537832 -0.427323 -0.507
-0.40306 -0.724826 0.342268
-0.152076 0.579847 -0.69598
0.391121 -0.574446 -0.607051
-0.75222 -0.447628 -0.156381
-0.334473 0.598967 -0.629962
-0.317162 0.414618 0.630823
-0.484568 -0.735992 -0.052014
-0.670987 -0.244267 -0.514402
-0.124999 0.500163 -0.746714
-0.52747 0.561106 0.290188
-0.159293 -0.381419 -0.727175
0.500789 -0.519344 0.346089
-0.518308 0.686641 -0.33774
-0.0823528 -0.847942 0.0642116
-0.434215 0.646705 0.302863
0.276061 -0.637683 -0.586069
-0.72148 0.390851 -0.483727
0.199761 -0.312826 -0.773287
-0.790119 0.252127 0.15858
-0.720204 0.513445 -0.15378
-0.133231 0.763255 0.275335
0.363761 -0.756406 -0.189909
0.636288 -0.209498 -0.52328
-0.862404 0.140919 -0.152631
0.234904 0.337121 0.604378
0.12 0.119527 0.777198
0.457188 0.552091 -0.333533
0.341584 0.496335 -0.595322
0.279757 -0.31381 0.700909
-0.322645 -0.63386 0.57749
-0.375265 -0.361335 0.741373
0.808484 -0.128406 0.121516
-0.808682 -0.162027 -0.309028
0.667638 0.160069 0.325742
-0.307394 -0.726323 -0.365935
-0.678868 -0.344273 0.52081
-0.636609 0.100376 -0.67164
0.515917 0.489946 0.20028
-0.391697 -0.764465 -0.0787801
-0.283134 0.720308 0.298233
-0.793687 0.276541 0.0833552
-0.367081 0.849424 -0.0534155
-0.0300779 -0.823832 0.283256
0.0146435 0.863405 -0.233014
-0.866944 0.00531119 0.272066
0.355833 -0.750709 -0.248734
0.0193765 0.544969 0.497826
0.48574 -0.67538 0.134237
0.141571 0.387049 -0.798552
0.0129769 -0.133101 -0.798379
-0.108414 -0.833694 -0.00570202
0.13971 -0.222895 0.810284
0.0511754 -0.194695 0.841783
-0.691048 -0.315873 -0.442292
0.413742 0.530203 -0.463595
-0.403805 -0.0397193 -0.769397
-0.878589 -0.00861917 0.242087
-0.403769 -0.599101 -0.478198
-0.848194 0.112769 -0.346671
-0.221 0.881689 -0.150522
0.0433823 0.824443 0.029466
-0.14378 -0.567049 0.697165
0.697988 -0.210336 -0.440345
0.0993694 -0.0991993 0.848503
0.335593 -0.626244 0.387519
-0.676456 -0.594692 0.19646
-0.185051 0.742867 0.292844
0.351285 0.32696 -0.708559
0.773239 -0.425955 -0.0889903
-0.59337 0.55184 -0.453827
0.784977 0.178433 0.0816291
0.311805 -0.648137 0.374449
0.491913 0.199553 0.48567
0.671782 -0.526256 -0.208872
0.0412903 -0.41948 0.765945
-0.562991 0.688606 -0.0549667
-0.154825 0.90345 -0.0582111
-0.746257 -0.494716 0.273579
-0.700201 0.565938 -0.206617
-0.421388 -0.158077 0.777578
-0.217972 -0.532516 0.697461
0.304075 0.640078 -0.431615
-0.0508348 -0.749592 0.464474
-0.787031 -0.386429 -0.124417
0.343067 0.445531 -0.634263
-0.60017 0.369605 -0.633577
-0.325422 -0.300263 -0.718328
-0.324784 -0.745694 0.367485
-0.189989 0.655034 0.418569
-0.520482 0.341752 -0.710551
-0.50446 0.541799 0.369054
0.802158 -0.0954105 0.154637
-0.253457 0.453384 0.608047
-0.758934 0.425967 -0.206166
-0.132397 -0.403404 -0.724548
0.697154 -0.112536 0.332786
-0.303013 0.267347 0.754457
0.810483 -0.0562333 0.151277
0.82115 0.1423 -0.154785
0.0903316 0.818735 -0.121601
0.630568 -0.561844 0.019795
0.19819 -0.577551 0.531584
0.365237 -0.356977 -0.717153
-0.01445 -0.213916 0.851594
0.557445 -0.576574 -0.403461
-0.213155 0.390184 0.662355
-0.695396 0.107054 -0.591068
0.0503595 -0.83824 0.165739
-0.560625 0.0447884 -0.741657
0.389441 -0.544296 0.427936
-0.0140769 -0.800672 -0.366584
-0.629852 -0.570264 -0.250402
-0.549272 0.448681 0.42036
-0.0654778 -0.814527 -0.232524
-0.343601 -0.783278 0.101014
0.441726 0.486205 0.325676
-0.862714 -0.122108 0.101757
-0.811627 -0.238549 0.355419
0.712698 -0.254955 -0.415695
-0.343545 -0.0569238 -0.780962
0.476726 -0.691135 -0.0944166
0.342578 -0.768638 -0.143746
-0.0263022 -0.188361 -0.791322
0.526255 0.301704 0.401032
0.182811 -0.621086 -0.605917
0.512201 0.565943 -0.113857
0.398471 0.619233 0.077722
0.556356 -0.626189 -0.226516
0.55232 -0.14141 0.49907
0.395405 0.583329 -0.399524
-0.274086 0.87394 -0.135144
0.300155 -0.70257 -0.450022
0.592983 -0.127114 -0.582183
-0.424686 0.758093 0.113446
-0.804109 -0.314795 -0.140795
-0.822008 -0.109349 0.383281
-0.480918 0.364219 -0.719643
0.121657 0.0270087 0.821476
0.190607 0.695674 -0.477689
-0.766536 -0.515683 0.172181
-0.679396 0.542208 -0.0493949
0.334927 -0.19684 -0.756959
0.100445 -0.312832 0.80069
0.430514 -0.276327 0.58049
0.474733 0.562193 -0.263818
-0.672032 -0.465064 -0.343669
-0.717445 0.466648 0.000180219
0.0490625 -0.650688 0.532819
-0.050466 0.554666 0.512141
-0.395441 0.571365 -0.609548
-0.709869 0.53075 -0.141553
-0.718 -0.13 -0.544463
0.512538 -0.162735 -0.667339
0.0756528 0.6046 0.414476
-0.873999 0.0286882 -0.148298
-0.0881189 0.683864 0.384421
-0.00949367 0.308903 0.703118
0.079199 0.606177 -0.637003
-0.821342 -0.334174 -0.0119979
-0.734777 0.308132 -0.499127
-0.482159 0.671208 0.168835
-0.451424 -0.296523 -0.650321
0.29037 -0.55013 0.509878
-0.216177 0.623026 0.444757
-0.879625 0.0228637 0.136875
-0.54923 -0.283137 0.689885
-0.654521 -0.206894 -0.558488
-0.169064 -0.146854 0.891105
-0.353217 -0.757349 -0.201354
-0.642443 0.609799 -0.103902
0.0566788 0.394705 0.635231
-0.0170432 0.841492 0.0853424
0.374359 -0.0764707 0.673484
-0.596655 0.0408572 0.631258
-0.70633 -0.344107 -0.380957
0.838331 0.107986 -0.0565893
0.608363 0.472119 -0.0261967
0.501091 -0.249656 -0.669194
0.683817 0.3002 0.13138
0.236761 0.0247957 -0.787743
0.761108 -0.428007 -0.236392
0.820469 -0.187826 -0.204432
-0.00886935 -0.790302 -0.408899
-0.107072 -0.783515 0.398433
-0.163193 0.151957 0.809299
0.410332 0.309231 0.496305
0.0813252 -0.785526 -0.397818
-0.477288 -0.395475 -0.568664
0.0646477 0.849434 -0.25783
-0.488616 -0.388911 0.672841
0.590469 -0.600458 -0.0144955
-0.795253 -0.481973 0.130014
0.569842 -0.358694 0.384903
-0.837122 0.0809251 -0.390137
0.179789 0.573566 0.410538
0.486806 -0.673616 0.149879
-0.164807 -0.210299 -0.776549
0.676962 0.24699 0.234743
0.29454 0.689314 -0.334972
0.0154514 0.467248 -0.766068
0.674059 -0.413854 -0.456911
0.120521 -0.535159 0.62102
-0.0976148 0.538842 -0.723747
0.148341 0.333869 0.647347
0.412143 -0.692023 0.221943
0.165106 0.314561 0.656663
-0.181131 0.742319 -0.515507
0.0443506 0.150478 0.778991
-0.380971 0.635233 -0.537023
0.184698 0.680281 0.251988
0.726339 0.267939 -0.307831
-0.338184 0.52554 -0.688934
0.0262734 0.471255 -0.762075
0.290901 -0.743203 0.226731
-0.655887 0.433367 0.259168
-0.376863 0.341807 0.672108
-0.446588 -0.23152 -0.695803
0.282811 0.414828 -0.71724
0.529525 0.548742 -0.157659
0.250869 -0.77435 -0.285181
-0.685477 0.555912 -0.101261
-0.558759 -0.64967 0.39012
-0.167952 0.743019 -0.513898
0.0479034 0.854127 -0.224271
-0.860243 -0.0685239 -0.151118
0.436939 0.577188 0.122598
0.203836 -0.809835 0.0693368
-0.385504 -0.348057 0.742351
-0.501198 -0.722467 -0.104312
0.393142 -0.742853 -0.0234346
-0.452156 0.26208 -0.776044
-0.823038 -0.339282 0.247096
-0.220308 -0.200494 -0.772587
0.00462254 0.480141 -0.757544
-0.121848 0.662969 0.42253
0.664918 -0.419842 -0.472994
-0.598417 0.0518016 0.627128
-0.729546 0.222885 0.390913
0.0881044 -0.799263 0.269668
0.323619 0.624145 0.221057
-0.724515 -0.200372 -0.479724
0.410742 0.533799 -0.462508
-0.860682 0.0847409 0.143818
-0.335262 -0.785162 0.0498677
-0.679944 0.409976 0.240611
-0.135881 -0.847234 0.178292
-0.0752138 0.52975 -0.72836
-0.146247 0.775216 -0.447979
0.259718 0.701698 -0.359492
-0.877115 -0.0195489 0.221907
0.60022 -0.432021 -0.53491
-0.410901 0.57674 -0.588578
-0.485332 0.497072 -0.610088
-0.856052 0.146036 -0.0921802
0.0149996 -0.19973 -0.791781
0.339649 0.424936 -0.65412
-0.66204 0.100693 -0.63789
-0.568481 0.601488 -0.413174
-0.593598 -0.616911 0.386192
-0.240391 0.86087 -0.198878
0.446202 0.0754337 -0.729544
0.390151 0.370094 0.468998
0.00485269 -0.840427 -0.04832
0.567453 0.506505 0.0108675
-0.834168 -0.130619 -0.257211
-0.386556 -0.665322 -0.423145
0.017603 -0.842613 0.200547
0.477667 -0.692414 -0.253539
-0.68381 0.0923696 -0.609702
0.383155 -0.0976826 0.667791
-0.477931 -0.738315 -0.0125632
-0.851489 0.126153 0.0658729
-0.18991 -0.772194 0.424569
-0.0123027 -0.235918 0.84638
-0.151256 -0.316151 0.837649
0.48977 -0.484079 0.382839
-0.374754 -0.104975 -0.764484
0.0525529 0.84505 -0.171497
0.322474 0.0408984 0.708176
0.0681142 0.817853 -0.0202919
-0.698806 -0.581534 0.160171
-0.314454 0.775606 0.19545
0.475656 -0.681533 0.13628
-0.572436 0.673763 -0.0476283
-0.483964 0.539021 -0.570038
-0.0702945 0.769196 0.272895
0.194111 0.108014 -0.800309
-0.0197598 -0.626556 0.597321
-0.729544 -0.184242 -0.483544
0.45396 -0.025915 0.587283
0.000609404 -0.521014 -0.678687
-0.622812 -0.20759 -0.590508
0.336173 0.271303 -0.752159
-0.585788 0.542113 -0.473162
-0.0574081 -0.429905 0.77961
0.803948 -0.0785441 -0.267318
-0.774295 0.188281 0.352687
0.239752 -0.440208 0.642095
-0.808184 -0.363688 -0.0410068
-0.0756551 0.800303 0.230166
0.150723 0.332058 -0.814335
-0.579912 0.430041 -0.598427
0.279269 0.094474 0.729728
0.43215 -0.617432 0.310646
0.488311 -0.682746 -0.300998
0.185734 0.16109 -0.805049
0.213307 0.219353 -0.803518
-0.584677 0.433873 0.386011
-0.799555 0.273353 -0.417417
-0.227544 0.0119468 -0.803802
-0.140608 0.164561 0.800048
-0.819601 0.214127 0.0663191
-0.720012 0.476702 -0.0307228
0.089138 0.438898 0.582136
-0.281749 0.772831 0.210869
0.0386152 0.433926 0.608146
0.124288 -0.600811 -0.620483
-0.467702 0.114653 -0.774514
0.186828 0.573171 -0.637684
0.502027 0.575273 -0.0714545
0.658573 -0.474903 -0.408118
0.239574 -0.211591 0.766299
0.223402 -0.267575 -0.771976
0.352135 -0.395005 0.575678
-0.505205 0.107851 0.691699
0.220177 -0.800266 0.114214
0.779699 0.0343736 0.191711
-0.496613 0.51521 0.424733
-0.210371 -0.604438 -0.568011
0.00897807 0.295227 0.71055
-0.483821 -0.686455 -0.223062
-0.147417 0.442548 -0.781399
-0.123996 0.422207 -0.795135
-0.269092 -0.778847 0.325605
0.600235 0.25929 -0.506126
0.13655 -0.0205473 0.834177
0.344553 -0.211393 0.694875
-0.86007 -0.0564614 -0.182612
0.502619 0.340014 0.396867
0.460432 0.60373 -0.112441
-0.849882 -0.162609 -0.103832
0.496086 0.0763966 -0.699442
-0.216698 0.143877 -0.817625
0.294435 -0.763182 0.148854
-0.490726 -0.645161 -0.305566
-0.333591 0.165371 -0.812959
-0.124551 -0.780824 0.4047
-0.575537 0.327597 -0.680265
-0.806443 0.188971 -0.422951
0.568825 0.260215 -0.546047
-0.110893 -0.658043 0.590681
-0.709841 0.435337 0.0950839
-0.770866 0.158505 0.387914
0.215616 0.739308 -0.0336897
-0.706421 0.123953 0.503833
0.16516 -0.0430182 0.818119
0.566305 0.402367 0.253015
-0.00467045 0.0779022 0.82147
0.213315 0.709521 -0.413309
-0.545249 0.270074 -0.722085
-0.403905 0.548003 0.452794
-0.229497 -0.814088 0.0431455
0.649629 0.0896815 -0.513253
-0.211724 -0.261496 -0.76128
-0.243415 0.88482 -0.124818
0.469977 0.594494 -0.0388193
0.749445 -0.38633 -0.303575
0.343509 -0.734039 -0.353476
-0.813816 0.301264 -0.331128
0.225556 0.383594 -0.769704
0.373994 -0.667575 0.297355
0.558853 0.0158484 -0.631
0.76253 -0.36062 0.0378935
0.502134 -0.667928 -0.310642
-0.853175 -0.202324 0.0846927
0.182459 0.400489 0.573888
-0.20997 -0.758557 -0.374038
-0.309811 0.675473 -0.535626
0.35272 -0.0865921 -0.760686
0.0147538 0.687009 -0.561652
-0.732367 -0.399031 0.406016
-0.45333 -0.718542 0.300661
-0.676995 -0.574174 0.290261
-0.0205108 0.461701 -0.773585
0.621148 0.192537 -0.513092
-0.629698 0.582566 -0.000350689
-0.365081 0.613491 0.40495
0.0144625 -0.250077 0.837453
-0.761671 -0.157465 -0.432086
-0.579005 -0.590443 -0.290972
0.230947 -0.299161 -0.768709
0.439328 0.294174 -0.648214
0.180678 0.36466 0.605952
0.0404419 0.471688 -0.760411
0.396653 0.454129 0.39765
-0.33057 0.873379 -0.0956887
-0.336918 -0.239907 0.814531
0.201462 -0.500671 0.614469
0.0287597 0.461182 0.582871
-0.43381 0.715643 0.17614
-0.054754 0.0591075 0.838376
-0.869077 0.0175875 -0.205381
-0.105004 0.652848 0.427784
-0.80565 0.328005 -0.360295
-0.0112042 0.135515 0.794928
-0.875051 0.0598463 0.0477891
0.821408 0.130157 -0.00990302
-0.158046 -0.00524089 0.881519
0.791854 0.0235557 -0.31899
0.54978 0.319409 0.360603
0.0821448 0.209647 -0.826068
0.0679309 0.788517 0.148964
0.680993 -0.219013 0.333869
0.469845 -0.665984 0.203534
0.18312 -0.27697 0.77553
0.408943 -0.13842 0.646945
-0.264051 -0.0899625 0.867219
-0.562278 -0.349539 0.643179
-0.241402 0.875843 -0.0366451
0.290327 0.71621 -0.198959
0.624009 -0.569972 -0.144677
-0.792645 0.219211 0.219894
0.306004 0.264715 0.600762
-0.648923 0.150094 -0.645162
-0.391413 -0.650048 -0.445832
-0.337762 0.0032083 0.834731
-0.753878 0.254707 -0.483884
-0.453336 -0.179503 -0.718224
-0.0852298 0.150709 -0.822227
0.460753 -0.682239 0.183962
0.5858 -0.0393272 -0.594899
0.659067 0.359001 0.0956996
-0.091161 -0.847918 0.0790141
0.627044 -0.00316476 -0.541151
0.329156 0.265901 0.583175
0.119555 0.761784 -0.406197
0.673568 0.1202 0.340563
-0.662329 -0.351998 0.538603
0.0920373 0.788197 0.0948885
0.0392832 -0.714221 -0.516091
0.37324 0.144778 0.620883
-0.76579 0.322029 0.125286
0.396204 0.279271 -0.696055
-0.150932 0.360125 -0.816637
-0.53683 0.0124762 0.6883
0.27853 0.652324 0.225493
0.337989 0.316071 -0.727177
-0.0927633 -0.829475 -0.0661804
-0.356686 0.811315 -0.245531
0.570007 -0.257691 0.438478
-0.553486 0.624574 -0.395152
0.387144 0.653279 -0.198701
0.293117 0.411612 -0.709815
-0.466848 -0.506151 0.614005
-0.573152 -0.528484 -0.404931
0.444487 -0.715027 -0.197102
0.203861 0.20138 0.713572
0.471635 0.367275 -0.566291
-0.839796 -0.336091 0.188876
0.222915 -0.443858 0.654135
-0.756417 0.442906 -0.285859
-0.772295 0.333785 0.0696384
-0.411358 0.233363 0.737483
0.251878 0.388767 0.55293
-0.65874 -0.614537 0.181051
0.561775 -0.315388 0.41751
-0.392238 0.68881 -0.447288
0.582469 -0.422472 0.331904
-0.205714 -0.79503 0.346671
-0.205827 -0.442552 -0.692448
-0.000196954 0.172959 0.775268
-0.312955 -0.0299063 -0.790246
-0.745831 0.308982 0.22638
0.530452 -0.49041 -0.578201
-0.376436 0.851626 -0.117536
0.362057 -0.258161 0.662303
-0.563301 -0.579116 -0.341162
-0.171982 -0.802191 -0.150174
-0.517732 0.750203 -0.0679916
0.399758 0.489261 -0.536963
0.397343 -0.0497247 0.646857
-0.603293 -0.390903 -0.476996
0.00402908 -0.648557 -0.570473
0.863319 -0.0962041 -0.136427
-0.522353 0.587126 -0.473605
-0.632071 0.609702 -0.0701789
0.326361 0.123937 -0.777323
-0.87763 0.0607845 0.00810577
-0.342916 -0.752302 0.323755
0.52545 0.43125 -0.42755
-0.073146 0.631692 0.438897
-0.688991 0.36737 -0.536578
0.103143 -0.0741664 0.848083
0.0239977 -0.474274 -0.72024
-0.692106 0.117238 0.523433
-0.759362 0.43063 -0.248312
0.179175 0.335665 -0.806043
-0.796976 0.344989 -0.319922
0.769597 -0.352409 -0.269712
-0.412893 0.523104 -0.639697
0.61997 -0.46447 -0.497228
-0.425191 -0.7143 -0.251954
0.738007 -0.464199 -0.195079
0.00834546 -0.755382 0.436411
-0.0481849 0.745069 0.295902
-0.497219 -0.279929 0.71858
-0.185538 -0.502675 -0.655735
-0.295819 -0.720771 0.469908
0.460089 -0.148507 0.596207
-0.24446 0.0304891 -0.805025
-0.420138 0.0075282 -0.774104
-0.0543086 0.608871 0.456339
-0.184092 0.872798 0.0107485
0.0733293 0.716334 -0.506002
-0.570716 0.48937 -0.554235
0.865924 -0.137406 -0.0541277
-0.0534503 0.580534 -0.687515
-0.0921872 -0.782751 0.399447
0.606317 -0.022711 0.430618
-0.854716 -0.187868 0.0798239
0.330377 0.426557 0.470824
-0.239191 0.557639 0.50561
-0.25511 0.675724 -0.575374
-0.831974 -0.17345 0.34903
0.334576 0.0166079 0.699643
0.743834 -0.258146 -0.348898
-0.340315 0.0378646 0.826843
-0.431693 0.615448 -0.519316
-0.249563 -0.752137 0.42539
0.0629007 0.844074 -0.275218
0.572186 0.511951 -0.0185745
0.00891428 0.85988 -0.241632
0.0373254 0.849752 -0.263546
0.0259396 0.0023811 0.85278
0.463795 0.454163 0.334113
-0.505759 0.713285 0.0453289
0.259664 -0.137426 -0.773723
0.538425 -0.337635 -0.616865
-0.0740153 -0.850314 0.0690452
0.10634 0.152941 0.764188
0.0490688 -0.175804 -0.795073
-0.615156 -0.652286 0.195039
0.321696 0.183841 -0.774961
0.870286 -0.0873022 -0.123655
-0.267242 -0.192712 0.862797
0.0841626 -0.357106 0.786801
0.17989 -0.794287 -0.281079
0.160083 0.781328 -0.321999
-0.362385 0.780556 -0.324302
-0.375493 -0.714265 -0.323192
-0.276202 0.22961 0.774022
0.498364 0.546815 0.0798404
-0.149157 -0.782167 -0.349638
-0.720472 -0.044739 -0.576477
-0.0613894 0.611602 0.455948
-0.00537658 0.837674 0.0771318
0.359139 -0.766406 -0.0774677
-0.438726 0.535501 0.443837
-0.269115 -0.707904 -0.463096
0.191647 0.344551 -0.801959
-0.270825 -0.121977 -0.779934
0.184343 0.698017 0.224462
-0.589978 0.397145 0.416584
-0.581081 0.033745 0.646041
0.403546 -0.0210297 0.6366
-0.0906531 0.880591 0.0386829
-0.166198 0.758093 -0.483605
-0.767845 -0.120129 0.468892
0.836396 0.109156 -0.167937
0.354526 0.552624 0.310564
0.145933 -0.823727 0.0391904
0.762241 0.200463 0.101614
-0.443557 0.784572 -0.239503
0.0458803 0.656982 -0.592828
0.446943 -0.700687 0.118817
-0.496243 -0.525958 0.581364
0.47935 -0.561019 0.328518
0.216962 0.7431 -0.0724882
-0.550792 0.434525 -0.615215
0.296543 -0.120469 -0.768359
-0.614233 0.370861 0.409754
0.105921 0.0632951 -0.812877
-0.841628 0.209453 -0.294343
0.537621 -0.393118 -0.601718
0.396359 -0.575792 0.393017
-0.795762 0.199818 0.247118
-0.605291 -0.0311405 0.641469
0.126988 -0.791711 -0.355606
0.669673 -0.517605 -0.254073
0.754907 -0.103525 -0.364872
0.679034 0.244891 0.233085
0.211843 0.768263 -0.267499
0.133273 0.0516127 -0.807398
-0.761708 0.417865 -0.196346
0.44075 -0.489751 -0.659536
0.438736 0.609049 -0.0108072
-0.843101 -0.296311 0.113896
0.120675 0.218034 -0.819886
0.249599 0.419552 0.526912
-0.643815 -0.545265 0.39539
-0.849927 0.0932126 0.194365
-0.480582 0.741446 0.0396894
-0.0186194 0.539839 0.516585
0.372942 -0.758651 -0.115082
-0.273633 0.780225 -0.399458
0.818867 -0.0772846 0.120651
0.255558 0.348614 0.582718
0.0428993 -0.508504 -0.693543
-0.628537 -0.157612 0.624602
-0.809132 -0.401463 0.231903
0.513895 -0.553054 0.303646
-0.428522 -0.170511 -0.73079
0.587194 -0.174075 0.462467
0.43688 -0.713488 0.0153327
0.183164 -0.0993788 -0.78938
-0.264676 -0.806942 0.0798605
0.839277 -0.248279 -0.0202979
-0.746727 0.351112 0.14033
-0.549184 -0.371367 0.643665
-0.156981 0.761955 0.27018
0.188117 0.51839 0.466564
-0.694675 -0.551208 0.305175
-0.712157 0.539657 -0.202252
-0.149706 0.344085 0.692895
0.250324 -0.616824 0.45954
-0.536434 -0.152751 -0.686666
-0.79688 -0.380601 -0.0791372
0.3485 0.647579 0.0893166
-0.0525642 -0.274139 -0.777635
0.175432 0.664462 -0.53657
-0.362044 0.676551 -0.491308
-0.526044 -0.719251 0.0947092
0.713133 0.247904 -0.348393
0.112644 0.0034601 -0.808006
-0.811085 -0.451453 0.143113
-0.282546 0.178125 0.804153
0.286805 0.20405 -0.783614
-0.110015 0.921633 -0.0934486
0.0336484 0.361411 -0.839029
0.429874 0.159547 -0.721151
-0.54465 0.162723 -0.74699
-0.519219 -0.00600609 0.704946
-0.771646 0.395384 -0.414388
0.458355 0.0481228 -0.726872
-0.207588 -0.191964 0.880204
-0.511469 0.547058 0.346193
0.0660315 -0.839132 0.0883253
0.211542 -0.788605 0.196651
0.147749 0.743558 0.168916
-0.675311 -0.0266862 -0.639703
0.07871 -0.49177 0.691822
0.2196 -0.809534 -0.00567491
0.284741 -0.271274 -0.76108
-0.586053 0.471962 -0.559864
0.677859 -0.252595 0.318236
-0.452557 -0.131975 -0.736902
-0.292805 -0.7761 -0.153783
-0.615141 0.388726 0.389992
0.412322 0.574582 0.180684
0.676543 -0.487819 0.0694564
0.381628 -0.103052 0.670073
-0.265331 -0.24899 0.841702
0.324296 0.643317 0.172107
-0.0658442 -0.5252 0.734546
-0.368911 -0.76167 -0.139978
-0.615306 -0.111842 -0.659275
-0.769066 -0.521786 -0.0171476
0.842413 -0.280388 -0.102906
0.350925 0.0195512 -0.76755
-0.874403 -0.0344801 0.176971
0.568345 0.111163 -0.615199
-0.360052 -0.778369 0.107242
0.863672 0.0118072 -0.139179
0.243746 -0.524633 0.564805
-0.232246 -0.35795 0.799635
-0.768333 -0.539933 0.0257296
-0.430226 0.646744 -0.475536
-0.803884 0.335381 -0.381031
-0.666904 0.563527 -0.0630137
-0.0795803 0.535374 -0.724607
0.396079 -0.278649 0.615769
0.360657 -0.201694 0.68199
0.409297 -0.684939 0.243503
0.380978 0.487423 0.381235
-0.87676 0.0355276 -0.0742713
0.860417 0.0405925 -0.137401
0.18052 0.126844 0.759842
0.114998 -0.373968 0.772988
0.0879585 -0.0334654 -0.807464
-0.862097 0.100535 0.0479693
-0.171299 0.601623 0.477319
0.498082 -0.643036 0.194641
0.808991 0.0468464 0.137495
0.349813 0.657399 -0.312863
0.515756 -0.108689 0.534989
-0.387925 0.777513 -0.309375
-0.188115 -0.17648 -0.77956
-0.749248 0.463943 -0.311949
0.431747 0.459664 -0.526688
0.561459 -0.297756 -0.601759
-0.855755 -0.13344 -0.0734227
0.569439 -0.615922 -0.171248
-0.640511 0.409681 0.328474
-0.172874 -0.0881633 -0.794973
-0.0532144 -0.815676 -0.229857
0.0652209 0.626015 0.393084
0.356614 0.156608 0.630711
0.253535 0.337406 0.591362
-0.419947 -0.286039 -0.678264
0.0424704 0.388584 -0.821779
-0.447137 0.110501 0.735049
-0.801186 -0.386842 0.265006
0.774236 -0.392951 -0.232153
0.491254 0.30228 -0.596107
-0.409845 0.182282 0.748411
-0.253685 -0.599485 -0.556474
0.329615 0.692135 -0.185425
-0.833609 0.164954 -0.373876
0.757343 -0.286323 -0.313083
0.265607 -0.526301 -0.679388
-0.39894 -0.76513 -0.00760218
0.113512 -0.39973 0.761845
0.293159 0.551066 0.367331
-0.213853 -0.822965 0.128586
-0.861299 -0.144467 0.152449
0.0132243 0.821035 0.115787
0.00224051 -0.808111 -0.313933
-0.423623 -0.557701 0.595518
-0.695119 0.406361 -0.506069
0.201241 -0.812637 -0.0123595
0.398523 0.521643 -0.502581
0.186931 0.107719 -0.801539
0.0946636 -0.646098 -0.579108
0.461431 0.105312 0.557869
-0.741109 -0.255618 0.466849
0.329917 -0.15564 -0.760379
-0.0374133 0.579971 -0.6858
-0.746548 0.460105 -0.234923
0.139263 -0.720465 0.393735
-0.24299 0.24353 -0.821357
-0.0397806 -0.322314 0.828522
-0.0813761 0.614848 -0.663291
0.57885 0.0225451 0.45544
0.205282 0.499082 -0.703835
0.182616 0.147224 -0.804734
0.0532672 -0.237089 0.831887
0.204422 0.225868 0.697344
-0.37191 0.271209 -0.79452
-0.150163 -0.607019 0.661491
-0.0682424 0.576183 0.4957
0.85604 0.0199414 -0.16854
0.355801 0.00437789 -0.765768
0.867083 -0.176121 -0.0731201
0.0179358 0.794819 0.19678
0.192388 -0.797442 0.194232
-0.680211 0.591722 -0.323667
-0.223689 0.576913 -0.691087
0.401642 -0.61901 -0.520467
0.750016 -0.278928 -0.330498
-0.125025 0.787854 -0.417667
-0.477916 -0.189471 0.742121
0.0477913 0.575275 -0.675513
-0.870455 -0.0324091 -0.00962585
-0.475283 -0.250162 -0.664426
0.13976 0.288034 0.687269
-0.870225 0.122259 -0.166934
-0.755054 0.446142 -0.285181
-0.159063 -0.814073 0.33671
-0.442099 0.677612 0.231789
-0.376722 0.677754 0.308183
0.265216 -0.0775509 0.762186
-0.702142 0.518503 -0.376691
-0.807933 -0.356039 -0.0544079
-0.72712 -0.37536 0.439766
-0.32962 -0.281563 0.799384
-0.543732 0.67698 -0.328494
-0.637158 -0.0164158 0.61118
0.477115 -0.559569 -0.558746
0.662428 0.0519822 -0.495059
-0.565909 0.132219 0.634892
-0.176323 -0.35393 0.818764
-0.483633 0.789421 -0.189813
-0.418892 0.184905 -0.791678
-0.632504 0.122115 0.57835
-0.319116 -0.670972 -0.477159
0.538998 -0.375829 0.41076
-0.00311644 -0.328877 -0.773924
0.657254 -0.524581 -0.27629
0.186873 -0.513355 -0.699559
-0.248973 -0.70358 -0.474297
0.54613 0.0316557 -0.647611
-0.204798 -0.33079 -0.736689
-0.702869 0.017363 -0.596739
0.70428 0.359522 -0.0277496
-0.582556 0.699686 -0.155899
-0.34616 -0.775847 -0.0649955
0.183446 -0.812778 -0.136819
0.0834968 -0.291874 0.81263
-0.413062 -0.259775 -0.699951
0.549976 0.447794 -0.365869
0.626542 -0.549024 0.0710217
-0.014862 -0.684913 0.530175
0.00696457 -0.491966 -0.703663
-0.321178 -0.769302 -0.160016
-0.135427 -0.012531 -0.804916
-0.803682 0.235271 0.122918
-0.377549 -0.120662 -0.760912
-0.0282802 -0.794595 -0.397388
-0.46513 0.600671 0.332452
-0.245842 0.570783 0.490657
-0.282132 0.209688 -0.817737
0.625672 -0.162945 0.41994
0.27964 0.148397 -0.787898
-0.437437 -0.482563 -0.538833
0.27874 0.669328 0.185992
0.393557 0.0484305 0.636577
-0.606352 0.413907 0.376263
-0.719347 -0.466548 -0.220905
-0.295983 0.0644449 -0.80646
-0.141371 -0.406077 0.802376
0.544655 0.542662 -0.0921047
-0.672336 0.592236 -0.166524
-0.781537 -0.121382 -0.419685
-0.682245 -0.422147 -0.361875
-0.269861 0.0224117 0.864582
-0.503405 -0.459735 -0.509378
0.170907 -0.705601 0.394228
0.311939 0.701733 -0.254378
0.460806 -0.0492231 0.58376
-0.867737 -0.0949172 0.18734
0.0678928 0.815292 0.00110474
-0.853354 -0.21403 0.228507
0.477547 -0.690144 -0.0791979
0.834915 0.0218678 -0.227137
0.397341 -0.462308 0.484234
0.6156 -0.306036 -0.544245
0.13603 0.454794 0.54705
0.407645 0.619469 -0.273718
0.601266 0.223345 -0.523268
0.397639 -0.406694 0.525524
-0.0303003 0.692224 0.351777
-0.840514 0.168778 -0.33692
-0.862507 0.109918 -0.0031854
-0.375178 0.786188 0.142184
0.80059 -0.193117 0.109041
-0.163976 0.25088 0.752029
0.225623 0.657219 -0.507821
0.25382 0.0697385 0.764137
0.167686 -0.441922 -0.759606
0.0864866 -0.543125 0.630974
0.667003 0.390171 0.00784799
0.0268423 0.262924 -0.832509
-0.631938 -0.433217 0.534873
-0.819228 -0.392549 0.216441
0.0992015 0.803497 -0.0375221
0.642398 -0.452317 0.217531
-0.479931 0.758469 0.00889281
-0.43752 0.770708 0.0655941
0.423351 -0.407677 0.501371
-0.596144 -0.0906112 -0.686956
-0.764923 0.175499 0.380643
-0.416809 -0.052566 -0.763853
0.418362 0.240238 -0.698924
-0.569595 0.174448 0.617544
-0.014268 0.809015 0.198532
0.297162 -0.790109 -0.0799847
-0.0944852 -0.794215 -0.346066
0.208197 -0.202651 -0.778637
0.610463 0.421558 0.102151
0.605568 0.0220813 0.428047
-0.11091 -0.603346 0.658992
-0.391356 0.0617998 -0.791134
-0.487714 -0.381302 -0.570874
-0.0922202 -0.409561 -0.730695
-0.224205 -0.0790684 0.877853
-0.700961 -0.522908 -0.209341
-0.385368 0.647067 -0.515956
0.450742 -0.572125 -0.561941
-0.20927 -0.566436 0.674766
-0.108811 -0.389149 -0.734901
-0.570179 -0.364167 0.628309
0.111007 -0.000257503 -0.808061
-0.381174 0.652154 0.339807
0.0460844 0.836363 -0.0746708
0.618626 -0.417487 -0.522691
0.478873 0.411933 0.357316
0.45257 0.180012 -0.700142
0.0949528 0.777383 -0.393118
-0.566378 0.417764 0.428356
-0.16182 -0.0546421 0.892338
-0.256856 0.844417 0.050109
0.653663 -0.297974 0.322289
-0.859861 -0.0959415 0.315726
-0.570966 0.216561 -0.723817
-0.634043 -0.44572 -0.40998
0.16037 0.781981 -0.132235
0.583248 0.398025 -0.38195
-0.21725 0.295943 -0.819646
-0.520678 0.304755 0.578832
0.521054 0.528866 -0.240329
0.291037 -0.314492 0.690521
-0.311641 0.449273 -0.755616
0.562139 -0.471696 -0.556042
-0.0572776 -0.76211 0.441013
-0.725615 0.2147 -0.53009
-0.792287 0.36415 -0.360447
0.657029 -0.496985 -0.356546
0.791085 -0.383027 -0.174104
0.345142 0.662211 -0.00764254
-0.134533 -0.607382 -0.590663
-0.537442 0.675678 -0.336104
0.145606 -0.525737 -0.68708
-0.485177 0.314884 0.608375
-0.840178 0.189582 -0.0907407
-0.579903 -0.039781 -0.725951
0.158654 0.704105 -0.48364
-0.118171 0.766998 -0.464618
-0.457404 -0.712824 0.315111
-0.476576 0.764815 -0.258272
-0.00152343 -0.0826112 -0.802676
0.226287 0.349171 -0.789446
-0.798738 -0.459865 0.0568035
-0.29275 0.435469 -0.774375
-0.857214 0.0701965 0.205198
0.281216 -0.0229186 0.754686
-0.735307 0.0738563 0.491012
-0.474253 0.589892 -0.513973
-0.332675 0.646887 -0.562186
-0.315272 0.835433 -0.217374
0.537949 -0.0197386 0.501957
-0.873439 0.10668 -0.218245
0.322637 0.208287 0.624982
-0.698174 0.329937 0.334337
-0.50949 -0.629872 0.468752
-0.616888 -0.00474461 -0.719257
-0.164421 -0.0555031 0.891733
0.420261 -0.623941 -0.497206
0.698337 -0.467617 0.0523828
-0.73396 -0.237679 0.480436
-0.76235 -0.489009 0.24083
-0.222565 0.826587 -0.31471
0.343396 -0.331603 0.630864
-0.297571 0.781687 0.190847
0.363733 -0.658892 -0.480071
-0.830068 -0.280107 -0.0467359
-0.720912 0.136479 0.477832
-0.527135 0.361419 0.52342
0.286072 0.0750317 0.733992
-0.879089 0.0376098 0.0189913
0.185461 0.396733 0.575816
-0.861696 -0.0627584 -0.140161
-0.132482 0.722569 0.335677
0.159395 -0.639491 -0.58906
0.825394 -0.182617 0.0502513
0.830963 -0.0409559 -0.219657
0.768933 -0.236768 0.163614
0.383983 0.0566964 0.644894
0.471491 -0.69677 -0.168968
0.0688521 0.837752 -0.182364
0.362237 -0.232572 0.673934
-0.755211 -0.107198 -0.497789
-0.190538 0.611024 0.463131
-0.0537092 0.703645 -0.551878
-0.527438 -0.318863 -0.584775
-0.503618 0.404215 -0.672582
0.0930853 -0.833162 0.11506
-0.0168124 -0.504476 -0.690726
0.68721 0.207451 -0.425228
0.684472 -0.165871 0.355421
-0.771657 -0.507244 -0.0251061
-0.281986 -0.786441 -0.0892614
-0.618671 0.481043 0.260066
-0.0949724 -0.814457 0.329386
0.0783407 -0.304516 0.810081
-0.0333013 0.84325 0.114248
0.299099 0.435961 0.484733
-0.613466 0.630926 -0.0660155
-0.878862 0.00600952 0.169713
0.104803 0.116082 0.78233
0.27874 0.703604 -0.036451
0.423048 -0.15926 -0.740426
0.181803 0.482777 -0.724014
-0.298913 -0.399317 0.752834
-0.458785 -0.678205 -0.280913
-0.241375 -0.359543 -0.718125
-0.0273553 0.747375 -0.482171
0.536183 -0.252635 -0.633012
0.751204 -0.294417 0.142233
-0.231758 -0.726846 -0.454578
0.679234 0.396262 -0.123525
0.548238 0.0356542 0.484946
-0.465927 0.237811 -0.774503
-0.266719 -0.801657 0.00679921
-0.59016 0.686623 -0.143943
0.450066 -0.384673 -0.676457
-0.299884 0.859729 -0.0300088
-0.370253 0.821714 0.0327205
-0.3879 -0.771016 0.193763
0.509894 0.483341 0.231071
0.0266981 -0.473887 0.740142
0.765571 -0.0570652 -0.353573
0.153146 -0.162816 -0.790675
0.341402 0.579135 -0.505778
-0.29593 0.735655 -0.451762
-0.0266922 -0.721301 0.496283
-0.0290661 -0.0531251 0.884166
-0.166486 0.470206 -0.76333
-0.000135392 0.546847 0.502702
0.505473 0.573364 -0.0446513
0.332925 0.686396 -0.152935
-0.0490757 0.892914 -0.122616
0.36396 0.667594 -0.144069
-0.415889 0.525009 -0.636036
0.32093 -0.0873548 -0.766167
0.229819 -0.79277 -0.201526
0.0319491 0.664677 -0.588802
-0.675521 -0.612885 0.115036
-0.409127 -0.632748 0.538331
0.103674 0.752097 -0.432516
0.34289 0.377409 -0.68537
0.772774 -0.162996 0.19626
-0.16733 -0.274888 -0.76516
0.621927 -0.570758 -0.208828
-0.76945 -0.434061 -0.126361
0.845416 -0.19516 -0.0078863
0.822539 0.0904628 -0.270953
-0.0242987 -0.801732 0.338796
0.173762 -0.437026 0.699818
-0.705088 -0.0663362 0.557097
0.0323291 -0.841686 -0.0486635
-0.0274501 0.493684 0.56529
-0.295181 0.547811 -0.694325
0.189345 0.705334 -0.459587
-0.790855 0.280952 0.0887668
-0.844394 -0.235916 -0.0232022
-0.71652 0.534885 -0.24569
-0.0459368 -0.620738 0.618142
0.0582138 0.674217 0.338465
-0.536079 -0.509067 -0.45212
0.516397 -0.661109 -0.162606
-0.182637 -0.00728754 0.88371
-0.432552 0.552639 -0.59958
-0.479852 -0.585078 -0.440792
-0.627512 -0.119484 -0.643747
-0.556544 -0.0605345 -0.726473
0.0243616 0.159318 -0.823659
0.288086 0.430161 0.497635
-0.687156 -0.383608 -0.388272
-0.375512 -0.590157 -0.502023
0.309118 0.5284 -0.599718
-0.717622 -0.246204 -0.450891
0.340474 0.485478 -0.605089
-0.537569 -0.667446 0.368752
-0.771401 0.313002 0.121774
0.536436 -0.563909 0.257271
0.771345 -0.0532331 -0.342865
-0.793128 0.353555 -0.308452
0.433865 0.0425617 0.597428
0.346327 -0.645679 -0.51694
-0.0884978 0.595175 -0.680315
-0.749616 0.0418523 0.486005
0.372952 0.466602 -0.587208
0.0955148 -0.155541 0.840739
0.229911 -0.80566 -0.0896605
0.300021 -0.357851 0.650452
-0.677931 -0.0831432 0.581296
0.61613 0.443678 -0.2343
-0.436787 -0.585078 -0.4679
0.5403 0.292036 -0.556614
0.281369 0.535003 0.401224
0.428344 0.296517 0.491397
0.210277 0.686506 -0.468997
0.644236 0.380296 -0.312583
-0.31448 -0.792522 0.133878
0.0811236 -0.808735 -0.299132
0.374356 0.150878 0.617001
-0.765835 0.268367 0.2304
0.655042 0.361857 -0.317022
0.556026 0.441468 0.20589
-0.455455 0.812614 -0.146112
-0.148955 0.539862 0.531916
-0.179551 -0.546658 0.701384
0.668356 0.299691 0.170524
-0.773539 0.311871 0.11285
-0.50012 -0.726123 0.210867
-0.139317 0.138389 0.813788
-0.631371 -0.353296 0.575253
-0.185801 0.586709 -0.690118
-0.390284 0.304167 -0.787545
0.44495 -0.516935 -0.648756
0.297513 0.124868 0.696913
-0.756014 -0.559945 0.010213
0.473411 -0.270587 -0.685523
0.433457 -0.71595 0.0068664
-0.455703 -0.467986 0.650411
-0.6871 0.448737 -0.479333
0.82748 0.112087 0.00395148
0.107357 -0.829365 0.115831
-0.424404 -0.406622 -0.596924
0.0671292 0.473227 0.55669
-0.496117 -0.4987 0.602868
0.700624 0.357833 -0.170302
-0.638097 -0.578612 0.363193
-0.422724 0.27457 0.70806
-0.539613 0.745594 -0.133017
0.564676 -0.275946 -0.600722
-0.561286 0.120735 -0.741181
-0.455976 -0.746298 0.0581474
0.12159 0.814255 -0.221193
-0.744553 -0.53874 0.160392
0.419661 -0.730102 -0.166583
0.463099 0.60215 -0.0710725
-0.0876611 -0.77194 0.421748
0.663707 -0.10074 0.373345
0.12678 -0.722286 -0.51538
-0.211121 0.531094 -0.723424
-0.393426 0.836341 -0.0408409
0.497779 -0.677131 -0.140056
-0.68458 0.580899 -0.178736
0.696235 -0.109203 0.333761
0.85697 0.0170031 -0.0203951
0.834159 -0.16846 0.0347832
-0.737431 -0.0835418 0.516329
-0.84816 0.130245 0.0906828
0.352939 0.246556 0.578339
0.557847 0.31599 0.3543
-0.348946 -0.116261 -0.768715
0.0170708 0.718121 0.302361
-0.0527953 0.82708 0.194157
-0.71134 -0.0631082 -0.589278
-0.151115 0.147629 -0.820569
-0.3734 -0.0725689 -0.770782
-0.56603 0.0962065 0.64352
0.0610061 0.0473501 -0.814252
0.372266 -0.351558 0.589703
0.656649 0.411028 -0.217381
0.274141 0.721436 -0.16489
-0.0833677 -0.114562 0.88774
-0.761106 0.427994 -0.260297
0.739254 -0.0855739 -0.388186
0.316724 -0.449366 0.567442
-0.706592 0.4834 -0.410388
-0.231574 -0.818186 0.175637
-0.181731 -0.315374 0.83384
-0.110121 0.0863829 0.834067
0.0312173 0.700057 -0.54081
0.0232463 0.862643 -0.187678
-0.460572 -0.202254 -0.70543
0.206246 0.237814 0.68836
-0.875896 -0.0180992 0.160174
0.401954 -0.257442 0.620417
0.300897 0.683464 -0.339237
0.208204 -0.326251 0.749649
-0.481894 0.580169 -0.51941
-0.240592 0.861982 0.00732881
-0.629213 -0.645441 -0.0479848
0.785929 0.181802 -0.307498
-0.56761 0.726397 -0.217639
0.135647 -0.702785 -0.532918
-0.558532 -0.135056 0.687413
-0.848709 0.155577 -0.0399357
0.780726 -0.344951 0.0102526
0.832977 0.0504546 -0.238466
0.168591 -0.521849 0.609229
0.00854634 -0.691657 0.509853
-0.773808 -0.408621 0.309024
-0.652242 -0.624052 0.164848
-0.854714 -0.186609 0.0733186
0.645714 0.237867 -0.46001
0.667009 -0.277658 -0.480197
-0.618068 0.0173772 -0.713171
-0.338682 0.702889 0.295124
0.281705 0.288516 -0.779864
-0.258961 0.568501 -0.688483
0.525728 0.547469 0.0213498
-0.536909 -0.349134 0.664659
-0.197192 0.750635 0.275854
-0.0776774 -0.610243 -0.595873
0.754992 0.268442 0.00743657
-0.0209173 0.817198 -0.343261
0.308431 0.415077 0.496532
0.606216 -0.323714 0.3624
-0.251621 -0.261939 0.840508
-0.449072 -0.125218 -0.740794
0.557054 -0.566705 0.216243
0.0564319 0.185933 0.759655
-0.804003 -0.216362 0.386347
-0.845293 -0.248205 0.0211224
0.760132 0.258194 0.0116068
0.218702 -0.754065 0.265054
-0.527519 -0.530539 -0.444327
-0.00981057 0.243582 -0.830625
0.0334472 -0.803177 -0.339381
0.59842 -0.593088 -0.0547029
0.35486 0.607751 0.207503
0.49176 -0.468141 0.393041
0.614826 -0.220023 -0.550881
0.434651 -0.662478 -0.418184
0.59406 0.394972 0.195487
-0.299076 0.793843 0.166737
0.05703 -0.0893264 0.862739
0.196312 -0.329412 -0.77286
-0.617607 0.468377 -0.538234
-0.217804 0.00552133 0.875908
-0.206483 0.877293 -0.0150442
-0.880723 0.078771 -0.117662
0.824662 0.0306303 0.108017
0.817234 -0.0409399 0.141978
-0.45859 0.755613 0.0543806
-0.364527 -0.385002 0.734052
-0.779041 0.357569 -0.0978394
0.761894 -0.377852 0.0146536
-0.298631 0.125508 0.823476
0.0407801 0.502378 -0.737646
-0.698547 0.231194 -0.562848
-0.551485 -0.67877 0.309584
-0.880445 0.0873803 -0.173913
-0.499383 -0.527494 -0.468053
0.371743 0.15139 0.619176
-0.284908 -0.743747 -0.337053
-0.57831 -0.381763 0.611674
0.414572 -0.40146 0.513999
-0.0587847 -0.818025 -0.208299
-0.808488 -0.404874 0.0257513
0.422667 -0.710516 -0.342864
-0.0635841 -0.822858 -0.166549
-0.431471 -0.0416814 -0.762273
0.350339 0.113174 0.656805
0.458664 0.572214 -0.276089
0.289678 0.648803 0.218028
-0.607477 -0.629934 -0.142771
-0.0489386 0.739492 0.302835
0.773427 0.10971 -0.347421
0.438246 0.413515 -0.563312
-0.423368 0.00803351 0.772075
-0.739406 0.479503 -0.249391
0.283019 0.694579 0.0191219
0.673999 0.172153 -0.457692
0.293394 0.63109 0.245802
0.582766 0.166292 -0.572242
0.378725 -0.708492 -0.37976
0.0376072 -0.323824 -0.778759
-0.720649 -0.559877 0.166037
-0.756235 -0.332499 -0.265941
-0.472459 -0.064952 -0.747967
-0.578081 -0.0231436 0.662346
-0.0105532 -0.0202877 -0.808103
0.387844 -0.492803 0.469943
-0.356387 0.643791 -0.547092
-0.579063 0.314633 0.507552
0.582761 0.141603 -0.583627
-0.437487 -0.75278 0.165902
0.245933 -0.651367 -0.581302
-0.813796 -0.238709 -0.203254
-0.0720136 -0.851779 0.0773885
-0.714588 0.491829 -0.388761
-0.639297 -0.347815 -0.475422
-0.331166 0.408872 0.632268
-0.273249 0.396117 -0.795177
-0.320048 0.235834 0.766024
-0.230678 -0.318676 -0.735805
-0.646076 0.603596 -0.0983154
0.766387 -0.188059 0.200036
0.334857 -0.255931 0.692253
0.232246 -0.771024 0.220475
-0.679873 0.520038 -0.000303081
0.332607 -0.655091 0.348005
0.211442 -0.407788 0.690971
-0.336175 0.634004 -0.579622
0.263395 0.233312 -0.788453
0.385048 0.587511 -0.411549
-0.773695 0.405629 -0.322139
-0.681276 0.491148 0.0589195
0.705666 0.359834 -0.0329474
0.242018 -0.796983 0.0940999
0.243574 0.725157 -0.327703
0.293469 0.330655 -0.758947
-0.495909 -0.165833 0.72981
0.298958 0.581791 -0.553974
0.117838 0.532505 -0.696486
-0.538753 -0.71439 0.144947
0.265226 0.392826 0.543375
0.826068 -0.326488 -0.0906747
-0.39367 0.842996 -0.0626629
-0.35862 -0.719424 0.411436
0.690861 -0.337299 -0.440967
-0.840033 -0.312404 0.0840326
-0.0791666 0.467492 -0.769168
-0.524714 -0.445077 0.622966
-0.582964 -0.678042 0.00819012
-0.779605 0.239988 0.233992
-0.831933 0.106186 -0.394856
0.074557 0.394343 0.627725
0.618898 0.338351 -0.395325
0.839035 -0.0765467 0.0669092
0.28683 -0.736593 -0.392091
0.561355 0.524482 -0.143378
-0.157409 0.399956 -0.807353
0.346307 -0.261296 -0.744422
0.739414 0.289287 -0.196616
-0.763458 0.383609 -0.0038775
-0.670252 0.167399 -0.613372
0.549673 -0.632305 -0.197872
0.356065 0.412225 -0.647607
-0.728682 -0.0807247 0.527964
-0.862065 -0.124518 0.284607
-0.813922 0.0985629 0.367407
0.163461 0.756147 0.068036
0.805826 -0.362574 -0.140977
0.698297 -0.245951 -0.43899
-0.325891 0.823133 -0.241287
-0.105169 0.733914 -0.519527
-0.57532 -0.632613 0.395676
-0.0231746 -0.820187 -0.204371
-0.649308 -0.224061 0.586647
-0.692575 0.0477639 -0.605545
-0.289536 0.494822 0.556669
0.00355172 -0.815322 -0.254949
-0.620831 -0.357522 -0.485321
-0.706902 -0.592616 0.0724249
-0.0958793 -0.602731 0.657011
-0.146618 -0.786217 -0.321472
-0.161316 -0.101248 0.89269
0.377171 -0.720502 -0.358547
-0.866068 -0.039248 -0.121774
0.118263 -0.691572 -0.541389
0.175828 0.704085 -0.473186
-0.291155 0.408979 -0.790392
-0.381179 -0.77023 -0.0302433
-0.0739747 0.676461 -0.592664
-0.848602 -0.243847 0.0921378
-0.284879 -0.35713 0.779567
-0.407246 -0.0243788 -0.771381
-0.0800003 0.305017 -0.835144
0.277457 0.704508 -0.0378875
0.630005 -0.237274 -0.530991
0.055785 0.114403 0.794328
0.634762 -0.106797 -0.528044
0.571648 0.501948 0.00982058
-0.823099 -0.230536 -0.16412
-0.201323 -0.32927 0.823639
-0.0140186 -0.447973 -0.731902
0.724465 -0.302979 -0.378509
0.598967 -0.522529 0.199652
-0.185727 0.837683 -0.305969
-0.40039 0.0440819 -0.785663
0.192674 0.601846 -0.601811
0.639683 0.0367676 0.389372
-0.219418 -0.7499 0.45931
0.557351 -0.550488 0.242462
-0.281032 0.294826 0.736637
-0.742207 0.230419 -0.50435
-0.853798 -0.0757384 -0.230907
0.275248 0.108421 0.723675
-0.307719 -0.793574 0.0546985
-0.0999965 -0.801569 -0.277695
-0.553257 -0.699926 0.0593753
-0.0619006 0.0551907 -0.814118
-0.150287 -0.089685 0.895214
0.207124 -0.146495 0.788631
0.783232 0.228141 -0.0974689
0.573823 0.464284 0.103504
0.0521711 -0.435484 -0.750215
0.284194 -0.738163 0.242196
0.446635 0.451359 -0.516536
-0.309734 0.12937 -0.812517
-0.355048 -0.778277 -0.0204023
-0.0725555 0.508174 -0.74409
-0.638082 -0.340547 0.570474
-0.0215676 0.879181 -0.129633
-0.25184 -0.69688 0.551785
-0.135652 0.763444 -0.472391
-0.271052 0.68705 -0.548933
-0.773674 0.301484 0.135773
0.781716 0.176236 0.0933313
-0.0677391 -0.424105 0.784394
0.365689 0.577541 -0.464849
0.014092 -0.823375 -0.192625
0.0861335 0.50513 -0.730138
-0.133419 -0.812714 -0.131415
0.271123 0.701046 0.0219767
0.17779 0.385918 0.588699
-0.213109 0.693896 0.364582
-0.629915 0.453212 0.281812
0.0589386 0.487511 0.544507
-0.663234 -0.404053 0.522601
0.100087 0.833708 -0.28379
0.364036 0.258533 -0.737039
0.557029 -0.0801678 -0.629222
0.255316 -0.0391382 0.770621
0.455626 0.601366 -0.203607
0.7385 -0.395194 0.0551047
0.670942 0.405618 -0.0560284
-0.0355997 0.418414 0.630555
0.520915 -0.0870121 0.527193
-0.572552 0.145475 0.626109
-0.671991 0.38648 0.306599
0.769644 -0.441961 -0.157291
0.796695 0.184898 -0.00939345
-0.387645 0.390761 -0.760228
-0.816973 -0.17499 -0.267415
-0.638928 -0.282629 -0.521818
-0.621216 0.538819 0.125601
-0.736072 -0.378251 0.418464
-0.783632 -0.354626 -0.172716
0.0537981 -0.381147 -0.770579
0.703362 -0.183009 0.323011
-0.102089 0.0427089 0.853702
-0.239815 0.600367 0.462067
-0.688424 0.577886 -0.184338
0.045297 -0.538223 0.65904
0.319144 -0.759923 0.114982
-0.296853 0.72105 -0.47411
-0.147003 0.185785 -0.824578
-0.368938 -0.607754 0.578732
-0.325764 -0.700501 -0.426597
0.0843633 0.63756 0.371829
0.342722 -0.777038 -0.0791446
0.0538966 0.570715 -0.678118
-0.228781 -0.742631 -0.40764
-0.518816 -0.0472658 -0.739891
0.415235 0.0864467 0.609354
-0.80637 0.180004 -0.424652
0.432264 0.226133 0.528344
-0.603016 -0.217329 -0.598461
0.562516 -0.106575 -0.621058
0.468926 0.553742 -0.300574
0.0518666 0.146912 0.779511
0.644071 -0.0171292 0.388627
0.551494 -0.588136 -0.389194
0.731551 -0.0773838 -0.398753
0.402267 -0.329052 -0.710591
-0.0454966 0.38531 -0.821766
-0.441462 0.581681 0.386591
-0.154799 -0.826268 0.306632
0.0593793 -0.227311 0.832788
0.238597 0.492827 -0.687092
0.488937 0.31603 -0.589555
0.388413 -0.634417 0.331112
-0.0330697 -0.57525 0.661306
-0.183818 -0.439712 -0.699391
-0.137157 0.0375338 0.861718
0.584488 0.411879 -0.362645
0.121966 0.181345 0.746912
-0.200129 0.0432313 0.867972
-0.786322 0.341093 -0.117545
-0.854607 0.173726 -0.257701
-0.407709 -0.41345 -0.603696
0.19848 0.125649 -0.80064
-0.351129 -0.764649 -0.146357
-0.738738 0.311958 0.247371
-0.793614 -0.227984 0.402048
-0.0854281 -0.851328 0.237306
0.0411069 -0.732478 0.446785
0.224022 0.713079 0.143022
0.71863 -0.0407643 -0.417084
-0.195915 0.116297 -0.815636
0.453794 0.607912 -0.147713
0.46687 0.348318 0.426658
-0.282984 -0.791207 -0.0493329
-0.837197 -0.311926 0.0446238
-0.0793763 0.0636712 -0.814633
-0.428891 0.449632 -0.687395
0.0493235 0.500158 0.534551
-0.450496 0.00307296 0.753265
-0.601487 0.287052 -0.673423
-0.765403 -0.538104 0.0717027
-0.65681 -0.282925 0.562737
-0.394839 0.101465 0.774888
-0.498561 -0.291128 0.7129
-0.482758 0.619653 0.264213
-0.177298 -0.800764 -0.152578
-0.738386 0.474193 -0.191777
-0.0499621 -0.258109 -0.780416
0.623028 0.402367 -0.315717
-0.224254 -0.243694 0.854683
0.462945 0.401768 -0.545163
-0.243277 0.573866 -0.688473
-0.808383 -0.232262 -0.230411
-0.798998 -0.103149 0.421764
-0.0681171 -0.465371 -0.713826
0.0628662 -0.317063 0.808223
0.449465 -0.622304 -0.475717
-0.444938 -0.547049 0.594634
0.00379997 -0.519714 -0.680106
0.479907 -0.402337 -0.650423
0.33373 0.542438 0.343885
-0.67085 0.611214 -0.307332
0.269735 -0.793885 -0.109547
-0.768846 -0.421978 -0.140487
0.667693 0.293337 -0.369605
-0.180823 -0.832786 0.207164
0.417653 -0.228013 0.618875
0.261366 -0.652328 0.407713
-0.577193 -0.364324 0.621836
-0.0918659 -0.150023 -0.792654
-0.224162 0.389642 0.663168
0.166071 -0.389998 0.74393
0.398658 0.463045 -0.563339
0.467012 -0.361991 0.495632
0.325063 -0.199748 -0.758494
0.567274 0.0343479 0.4658
0.0163965 0.575999 0.466157
0.703144 -0.115761 0.324262
-0.828659 -0.26615 -0.0766231
0.295055 -0.787511 -0.103644
-0.745956 0.364487 0.117005
-0.544832 -0.640073 -0.232332
-0.0789352 -0.840883 0.00177582
0.062263 -0.385382 -0.770727
-0.384533 -0.577485 0.596271
-0.36059 0.472609 -0.715598
-0.00420802 0.32117 -0.8372
-0.442911 -0.343746 0.716357
-0.764985 -0.383818 -0.190102
0.499424 0.517061 -0.322809
0.158719 -0.810591 0.161662
0.167447 0.623265 -0.587928
-0.848152 -0.186988 -0.0754
-0.479952 0.379305 0.5589
-0.282636 -0.802795 0.182908
0.722767 -0.0926565 -0.410154
0.610201 0.38776 -0.353952
-0.650939 0.543046 -0.41251
0.732896 -0.0248657 0.269391
-0.627105 -0.582936 0.375226
-0.709783 0.549727 -0.233812
-0.128284 0.907049 -0.139885
-0.255773 0.298465 0.732353
-0.353725 -0.0190216 0.824185
-0.226277 0.739307 -0.497302
-0.828681 -0.320747 0.00898934
-0.429329 0.207903 0.729289
0.71041 -0.202484 -0.423859
-0.0587444 0.462117 0.594818
-0.686802 0.540131 -0.374744
-0.665593 -0.497647 0.419841
-0.737458 -0.276845 -0.371979
-0.160985 -0.748071 0.474191
0.110918 0.786831 0.0458828
-0.214866 0.842584 -0.272317
0.397304 0.392828 -0.621263
-0.68428 -0.361611 -0.417143
0.391944 -0.0482276 0.651999
-0.62415 -0.576059 -0.246524
0.0839392 -0.252288 0.821633
-0.066885 0.200901 -0.826594
0.391797 -0.427678 0.515215
-0.88064 0.0863161 -0.159767
-0.320223 0.752768 0.231734
-0.589033 -0.129779 -0.666281
-0.0656127 0.799769 -0.386196
0.790918 0.189199 -0.261558
0.451086 -0.250214 0.572087
0.394258 0.370484 -0.642137
0.322784 0.598818 0.271013
-0.310289 -0.489406 -0.614427
0.789629 0.0787296 0.158993
0.117195 -0.804698 -0.303751
0.133705 -0.507742 0.643965
-0.570574 -0.66581 -0.12174
0.332467 -0.456405 0.547859
0.6394 -0.494375 -0.406746
0.630742 -0.161449 -0.532003
-0.641257 0.610025 -0.0998875
-0.119667 0.874596 0.0398197
0.699134 0.122928 0.296928
0.0184014 0.577157 -0.680529
-0.861117 0.0981276 0.0728478
0.549378 -0.0489331 0.4938
0.658131 -0.445403 -0.450308
-0.199686 -0.459324 0.760896
0.514109 -0.374978 0.439563
0.0856533 0.785661 0.122061
-0.753256 0.305591 -0.47517
-0.858704 0.160022 -0.206691
-0.803074 -0.261708 -0.214601
0.641125 -0.554406 -0.211698
0.509555 -0.195543 -0.66678
-0.354045 -0.10865 0.820225
0.700764 -0.0478043 0.319834
0.685426 -0.285789 -0.455234
-0.63477 0.345941 0.406732
0.0151727 0.447186 -0.780956
-0.697238 0.506119 -0.0201899
-0.398231 -0.755668 0.242797
0.363886 -0.624288 0.367165
0.756225 0.289115 -0.0578422
0.260819 0.694606 0.122823
-0.436835 0.66184 0.271015
-0.135232 -0.68042 0.567186
-0.258936 0.258253 0.755932
-0.257392 -0.452186 0.742296
-0.0728979 -0.860049 0.213164
-0.194227 0.882987 -0.0236851
0.393813 0.581143 0.200747
-0.648617 0.172885 -0.640907
-0.156589 -0.835867 0.239097
-0.456135 -0.517799 0.611084
-0.680155 0.388909 0.286154
-0.85707 0.091267 -0.318974
0.649328 -0.391068 -0.499892
0.357953 0.00991368 0.677408
0.262536 -0.368288 -0.749739
-0.637986 -0.298835 -0.511395
0.0502184 -0.83732 -0.0916751
0.751887 0.0380616 0.233791
-0.490061 0.212394 0.678322
-0.0549995 0.681569 -0.582152
-0.167802 -0.835158 0.107128
-0.237931 -0.774907 0.372895
0.20515 -0.731766 0.32015
-0.383341 -0.680187 0.50024
0.0355249 -0.368132 0.792031
-0.305321 -0.398082 -0.682418
-0.684659 0.191365 0.495226
-0.481189 0.790391 -0.0563386
0.843031 0.0247451 -0.210384
0.365181 -0.743686 0.09806
0.333972 -0.703371 -0.423039
0.297252 0.673677 0.115645
0.628927 -0.459741 -0.48657
0.397295 -0.15051 -0.74898
-0.38054 0.745081 -0.367829
-0.665555 -0.42843 0.503723
-0.501195 0.0433185 0.708589
0.108453 -0.830706 0.0520838
0.36913 0.660398 -0.249618
0.624327 0.438906 -0.227126
-0.761758 -0.316625 -0.268314
0.466208 0.180089 0.518509
0.857884 -0.0987782 -0.0101394
-0.0681137 -0.809776 0.334619
0.267524 0.57283 0.356966
-0.7056 -0.122096 -0.56295
-0.497023 -0.589999 -0.413293
0.254624 0.090353 0.750288
-0.745996 0.173458 -0.509275
-0.424927 -0.481867 -0.547683
-0.171568 -0.503446 0.737934
0.0813659 0.60056 0.417042
-0.874849 -0.00422015 0.0428168
0.137858 -0.626992 -0.598767
-0.179624 0.706433 -0.567849
0.622158 -0.484198 0.211088
0.275442 -0.71569 -0.444199
-0.206267 0.696463 0.361931
0.262317 0.73036 -0.183142
0.263598 0.576672 0.35432
0.00829199 0.541528 -0.710982
0.541967 -0.362462 -0.606617
0.354007 0.408284 -0.652829
-0.678734 0.603188 -0.227651
-0.609334 0.421208 0.364524
0.256312 0.151119 0.709963
0.489932 -0.298653 0.506118
0.532605 -0.632983 -0.323459
0.369619 -0.290135 -0.730195
0.774693 -0.303326 0.0751549
-0.32978 -0.428859 0.725927
-0.293818 -0.598574 0.617044
-0.274953 0.282115 -0.811322
0.284608 -0.641469 0.405504
-0.767109 0.377844 -0.436826
-0.109979 -0.195395 0.875394
-0.397688 0.71175 -0.406559
-0.129257 0.870689 0.0454813
-0.842691 0.17142 -0.036144
0.268752 0.71447 -0.0799837
-0.22287 0.600219 -0.674541
0.571599 -0.613382 0.0704548
-0.264442 0.652755 0.401224
-0.0200237 0.798658 -0.38538
0.693859 -0.354079 -0.430334
0.563786 -0.62058 -0.180643
-0.666154 0.384315 0.320435
-0.0933276 0.748084 0.304486
-0.14953 -0.561119 -0.623487
0.437871 0.358034 -0.607858
-0.242955 -0.787685 -0.145715
-0.652489 0.315978 -0.601263
0.273279 0.699485 -0.343585
0.00554236 0.7841 0.222811
0.122861 -0.826884 0.000242107
0.346761 -0.76796 0.0240486
-0.230915 0.677203 -0.586841
0.175579 0.646475 -0.557408
-0.488739 0.572445 -0.52302
0.636372 -0.463835 0.21258
-0.50617 0.62141 0.217342
0.195875 0.0950386 0.7717
0.0575082 0.806364 0.0855093
0.671547 0.406794 -0.106059
-0.00838823 0.39763 0.643298
-0.212646 -0.741383 -0.430898
0.0149568 -0.603811 -0.610038
0.711453 0.255623 -0.342928
-0.286612 -0.12425 -0.77801
0.374585 -0.256489 0.649891
0.698448 -0.386395 -0.412281
0.560591 0.168045 0.43696
-0.322375 0.766095 0.208742
-0.710635 0.250931 -0.542801
0.44338 -0.709646 -0.328427
0.204257 -0.0700354 0.795856
0.669682 0.162341 0.320312
-0.836726 0.19261 -0.33553
0.569452 -0.543238 -0.457359
0.457018 0.377751 -0.572761
-0.139612 0.609756 0.471658
-0.363527 -0.114936 -0.765395
0.351354 0.549228 0.318333
-0.726256 -0.124835 0.519477
-0.165884 -0.0916758 -0.795113
-0.0835188 -0.722655 0.504984
0.0434125 0.289496 -0.834842
-0.183374 -0.0344836 -0.800813
-0.825382 -0.257788 0.303418
-0.00372898 -0.0174234 -0.808452
-0.545332 0.325648 0.534431
-0.155534 0.800497 -0.391133
0.186679 -0.581982 0.533022
-0.447073 0.758454 -0.292403
-0.328604 0.389143 0.653518
0.276843 -0.370531 -0.744369
-0.0376876 -0.820471 -0.196358
-0.615689 -0.576297 -0.261689
-0.328819 -0.445886 0.717715
0.60861 -0.481519 0.242737
0.344082 -0.37526 0.59772
-0.654944 -0.391684 0.536642
0.384063 -0.315458 0.605847
0.0647216 -0.137829 0.851072
-0.645889 -0.232644 0.588551
0.16698 0.342869 0.63112
0.276667 0.315452 0.589436
0.0569073 -0.232251 -0.790116
-0.712508 -0.127277 -0.552293
0.616575 0.379667 -0.353526
-0.440678 -0.497169 -0.527167
0.798122 -0.0323815 0.173333
0.367315 -0.514023 -0.676417
-0.690888 -0.261798 -0.480624
0.546328 0.331505 0.353733
-0.0139906 0.0366918 -0.813043
-0.804813 0.281613 -0.0633061
-0.17107 -0.623472 -0.565452
-0.00900819 -0.181934 0.85735
-0.60227 -0.644287 -0.116556
-0.277366 0.262126 -0.813013
0.53388 0.176488 -0.622681
-0.414153 -0.100963 -0.755591
0.641062 -0.498581 0.149173
0.735808 -0.45445 -0.0315624
0.314719 0.0121376 -0.773403
0.0834242 -0.834103 0.128264
-0.625906 -0.235806 -0.568416
0.6172 -0.374007 0.322692
0.373415 -0.0426769 -0.759804
0.50202 0.361443 -0.536708
-0.630896 -0.299628 -0.517992
0.262966 -0.463621 0.604372
0.552833 0.447463 0.20283
-0.764296 -0.0895209 0.477602
-0.534317 -0.398284 0.641147
-0.160627 0.831104 0.137559
0.255095 -0.788677 -0.178824
-0.549329 0.342314 0.515876
0.719 -0.24251 -0.405514
0.32773 -0.302585 -0.741782
0.629612 -0.559511 -0.244029
-0.0271025 -0.183965 -0.791737
-0.406641 -0.446365 0.686361
-0.636012 0.3697 0.3804
0.0283674 0.639602 -0.617335
-0.827404 -0.221222 -0.154096
-0.016409 -0.585784 0.640509
-0.828342 -0.25186 -0.100795
-0.658009 -0.612733 0.192709
-0.750259 0.343962 0.140997
0.810293 -0.353024 -0.0854642
-0.488807 -0.61699 -0.372235
0.810959 -0.289823 0.00188237
0.772986 -0.213236 0.170182
-0.80575 0.193667 0.206564
-0.569209 0.127173 0.633349
-0.782056 -0.159384 -0.379994
0.510388 0.365867 0.364408
-0.15013 -0.630075 -0.566978
0.547833 -0.0438255 -0.642282
-0.540197 -0.702859 -0.0253058
-0.369167 0.690416 0.296101
0.114052 0.275068 0.702158
0.419783 -0.260255 -0.719575
-0.0090181 0.610031 0.439204
-0.877037 0.035353 0.121285
0.824393 -0.254937 -0.179001
-0.527351 0.616174 0.1874
0.732606 -0.399086 0.0660056
-0.653679 0.624742 -0.303591
-0.846408 -0.154366 -0.150111
-0.618989 0.23022 -0.667248
-0.566624 0.136296 0.633305
0.782036 0.231202 -0.0931205
0.264423 -0.0633911 0.763535
-0.255907 0.669125 0.386246
-0.283612 -0.801262 0.0847652
0.128679 0.510697 0.495558
0.48306 0.0496021 -0.711096
-0.0892613 0.463537 -0.771142
-0.205929 0.779165 0.225271
0.311229 0.661238 -0.37442
0.0536412 0.229499 -0.829764
-0.641614 -0.157245 -0.605035
0.68836 -0.149294 -0.454896
0.523283 -0.218185 0.510895
-0.414825 0.796028 0.0606315
-0.226796 -0.126989 0.877487
-0.163345 -0.427864 -0.708415
-0.74949 0.394505 -0.44802
0.318077 -0.338762 0.648593
-0.153631 -0.727771 0.507998
-0.529919 0.555758 0.295606
-0.233713 -0.586934 -0.573778
-0.281956 0.068983 0.850164
-0.18221 -0.828137 0.239211
0.183868 -0.753395 -0.433885
0.129111 -0.644488 -0.582975
0.205847 0.486571 0.487635
-0.749152 -0.278093 -0.340721
-0.0996919 0.19033 0.781589
0.167502 -0.673811 0.441423
-0.790616 -0.156992 0.430906
-0.143724 -0.61947 -0.577755
-0.0833366 0.229015 -0.828834
0.32231 0.475271 -0.631619
0.582936 -0.296638 -0.579414
-0.832591 0.145581 0.169604
-0.868717 -0.0175753 0.273326
-0.0602172 0.310281 -0.835854
0.688219 -0.389625 -0.433218
-0.242383 -0.584317 -0.572275
-0.627339 0.4838 0.231511
-0.824795 0.234732 -0.103714
0.396368 0.0924285 -0.755564
-0.725533 -0.380796 -0.294322
-0.392127 0.184413 -0.798853
-0.65893 0.236236 0.48637
-0.176327 -0.801478 -0.148504
-0.356992 -0.771726 0.239621
0.668369 0.193437 0.296466
-0.309664 0.65993 0.370221
-0.331635 0.852731 -0.155275
-0.488286 0.600431 -0.487714
0.346264 0.669767 -0.278826
0.727091 0.222992 0.151533
-0.592535 0.614211 -0.374501
0.219441 0.101728 -0.795515
-0.646612 -0.36223 -0.45738
0.551463 -0.0135675 -0.639014
-0.745498 -0.198107 -0.430971
-0.784529 0.355784 -0.178348
-0.0844602 -0.517912 -0.672465
0.272607 0.669784 -0.413454
0.769104 -0.310051 0.0812209
-0.382748 -0.747122 -0.208815
-0.527595 0.439492 -0.62745
-0.233283 -0.695102 -0.486405
0.418981 -0.727789 -0.286032
0.745832 0.168974 0.18348
0.293745 0.669745 -0.381878
0.344267 -0.769636 0.0213448
-0.565226 0.555642 0.230059
-0.446693 -0.632825 0.515802
0.820128 -0.0778757 0.117091
-0.0260276 0.747231 -0.482024
0.327238 0.4006 -0.685456
-0.122193 0.610451 -0.672414
0.498316 0.525667 0.138539
0.704613 0.0414866 -0.438092
-0.0299132 -0.826185 0.276819
-0.359974 0.789052 -0.303305
-0.442282 0.0211747 0.755768
0.275793 0.717873 -0.142771
-0.195646 0.346307 -0.813618
0.198571 0.412137 0.556403
-0.144472 0.572323 0.503926
-0.846823 0.0956014 0.20588
0.419589 0.394151 0.427178
0.242491 0.727905 -0.0665815
0.355815 -0.447194 -0.700748
0.241417 0.419477 0.530661
0.0224664 0.802948 0.17668
0.424319 0.571313 -0.362076
-0.107111 -0.851938 0.138411
-0.723839 0.508912 -0.185859
-0.546966 0.639006 0.106243
0.225995 -0.807474 -0.0436372
0.0619692 -0.549736 0.637184
0.397886 0.470172 -0.557506
0.0824409 0.378927 -0.822611
-0.524688 -0.692707 -0.139906
-0.568269 -0.652324 0.351886
0.813777 0.160891 -0.129925
-0.730275 -0.486071 -0.172586
-0.780157 0.0872015 -0.477444
-0.387264 -0.314518 0.756549
0.371027 0.443388 0.426006
0.243341 -0.775663 0.192806
0.35217 0.262255 0.568796
0.636565 -0.463723 0.212354
-0.373 -0.575746 0.602532
0.351309 0.402356 0.473678
-0.622306 -0.0201858 0.624546
-0.798345 0.201949 0.228136
0.547828 -0.4724 -0.569817
0.393112 -0.221282 0.647671
-0.348701 0.816931 0.0673536
0.196316 -0.619322 0.486482
0.313669 -0.778369 0.0419471
-0.134349 -0.569999 -0.621251
-0.626862 0.194527 -0.665297
0.238162 -0.799754 -0.132303
-0.689583 -0.583857 0.189742
0.782975 -0.0922566 -0.308267
-0.481013 -0.705428 -0.184583
0.0569362 0.465171 -0.763676
0.727155 -0.210475 -0.396402
-0.147657 -0.75164 -0.462254
0.772021 -0.157569 0.200964
-0.0347191 -0.304669 -0.7746
0.0563413 -0.808432 -0.30905
-0.137623 0.917204 -0.0883681
-0.652598 0.0150103 0.590616
-0.850595 -0.229566 0.108326
-0.772278 0.270399 -0.45565
0.470276 -0.646935 0.237695
-0.655015 -0.623914 -0.0692882
-0.772264 0.0637882 0.444149
0.144341 0.658219 0.316633
0.335811 0.16147 -0.772334
-0.355215 -0.591608 0.597406
0.579174 0.448927 -0.307563
-0.0512595 0.748471 0.29306
-0.847462 -0.26154 0.131349
-0.867635 0.133547 -0.192177
0.747495 -0.465146 -0.139776
-0.0586349 0.308686 0.70798
-0.865904 0.0323363 -0.294047
0.426611 0.478134 0.350211
0.167832 -0.356786 -0.776119
0.274806 -0.74021 0.245931
-0.23906 -0.790181 0.324526
-0.412395 -0.635169 -0.443828
0.805312 0.0385948 0.146694
-0.585005 -0.168501 -0.643826
-0.852661 -0.0405349 -0.292491
-0.676274 -0.151638 0.572827
-0.614851 0.21456 0.554627
-0.800689 -0.470777 0.144209
0.0948221 -0.59906 0.564675
-0.790597 0.0482528 -0.469961
-0.864378 -0.0558457 -0.111097
0.324392 -0.425097 -0.716276
0.0958192 -0.784555 -0.396907
0.320848 0.548058 0.347128
-0.112283 0.558325 -0.710705
0.453643 -0.608978 0.300435
0.251277 0.692391 -0.395417
-0.765447 -0.142538 -0.437754
0.673366 0.393655 -0.0214916
0.597483 0.32644 0.298816
0.8718 -0.00921657 -0.1149
0.748557 -0.369732 -0.309922
0.242889 0.708584 0.0947411
0.219495 0.753681 -0.293991
-0.4523 -0.566934 0.574764
-0.594034 -0.587557 -0.27385
-0.0854344 -0.328569 -0.762128
0.183714 -0.694387 0.403213
-0.37686 -0.519802 0.645221
0.650683 0.154353 -0.494481
-0.118368 0.656133 0.429015
-0.627871 0.628617 -0.106646
0.321731 0.60305 -0.483893
0.0619424 -0.616075 -0.60278
0.156081 -0.139813 -0.791588
-0.475975 0.743442 -0.292567
0.428598 -0.377748 0.518885
-0.695558 0.325638 -0.544439
-0.2682 -0.0898867 0.865936
0.40695 -0.4747 -0.677317
0.514759 -0.664151 -0.0495306
0.512403 -0.0760475 0.534541
0.518294 -0.413488 -0.613087
-0.827936 0.242086 -0.200255
0.0751804 -0.0197363 -0.808584
0.629517 0.42923 0.0216564
0.167857 0.729746 -0.433816
-0.350195 0.230112 -0.802968
0.332028 0.684641 -0.26252
-0.0771611 -0.843273 0.0179275
0.367844 0.1063 -0.766643
0.135026 -0.746828 -0.481544
-0.200492 -0.359396 0.811108
0.471117 -0.202071 0.575549
-0.424325 0.390833 0.594479
0.178952 -0.786276 0.234526
-0.864776 -0.0698847 0.296207
-0.260767 -0.0520875 -0.791932
-0.651995 -0.00843202 -0.671664
0.0773351 -0.579142 0.596291
0.57807 -0.611045 -0.0109362
-0.546107 -0.65521 0.400687
-0.379599 -0.485397 0.670616
-0.396339 0.392557 0.610595
0.274361 0.730021 -0.238484
0.204197 0.732806 0.0766031
0.537065 -0.204954 -0.63718
-0.787551 -0.44616 0.239876
-0.824699 0.0985193 0.319511
-0.517383 0.482888 -0.599166
-0.811986 -0.443929 0.172322
-0.78332 -0.255007 0.410994
-0.0790925 0.634346 0.438188
-0.707173 -0.577138 -0.0891796
-0.650753 -0.450643 0.498551
-0.529743 0.498482 0.394613
-0.682586 0.327536 -0.560217
0.504249 0.0609456 0.52497
-0.804745 0.240192 0.105874
-0.0199275 -0.494153 0.741224
0.428021 -0.718745 -0.322671
0.564037 -0.355002 -0.589117
0.826307 -0.0158777 -0.235921
0.135238 0.098139 -0.809935
0.398688 -0.232057 0.636887
-0.522128 0.382974 0.510373
0.319694 -0.539138 0.496451
-0.181294 0.482667 -0.754892
-0.136442 0.834624 -0.310003
-0.041742 0.68758 -0.571484
-0.820435 0.255473 -0.157804
-0.853984 0.102069 -0.325606
0.762341 -0.336554 0.0671111
-0.657164 -0.441317 -0.39022
0.547178 -0.607202 0.169501
0.618862 -0.576046 -0.0335901
-0.646824 0.650819 -0.268934
-0.260128 -0.211103 0.8605
-0.796217 -0.382784 0.280772
-0.68319 0.237818 0.450695
-0.296022 -0.393146 -0.691868
0.30145 0.67281 0.107316
0.309877 -0.206347 -0.760726
0.191376 -0.788303 0.220263
0.571208 0.052435 -0.617067
0.0976275 -0.623047 -0.599299
0.172901 0.111317 0.769087
0.827713 -0.0535145 0.109861
-0.436673 0.124209 -0.785431
-0.0594466 0.641023 0.424156
-0.323529 -0.729126 0.420443
0.6351 0.0306349 0.394883
-0.392088 0.203245 0.756382
-0.864802 0.0121581 -0.264926
-0.724002 0.30247 -0.514556
0.694685 -0.415215 0.141597
0.708464 0.362484 -0.0780961
-0.81553 0.110228 -0.424439
0.67821 -0.523348 -0.182571
-0.498506 0.609609 0.253628
-0.0546787 0.243113 0.747118
0.336543 -0.00298381 -0.768672
0.466391 0.0123663 0.569476
0.604912 0.485505 -0.143811
0.366991 0.102695 0.646322
0.15364 0.76605 0.0306121
-0.846024 0.12187 0.150296
-0.125529 0.880067 -0.202895
-0.798996 -0.274198 0.362174
-0.460371 -0.744239 0.136288
-0.147292 0.673376 0.406
0.600694 -0.143692 -0.571819
-0.828191 0.237605 -0.176848
-0.738352 0.333149 0.207252
0.682008 -0.520898 -0.13185
0.831227 0.0348382 -0.238325
0.162739 0.793438 -0.241315
-0.0964032 -0.720218 -0.501157
0.162428 -0.562722 -0.655796
-0.84994 0.161408 -0.0848339
-0.739004 -0.360998 0.429098
-0.621886 0.183635 -0.674115
0.439919 0.612641 -0.0468796
-0.182979 -0.292578 0.843185
-0.831532 0.137653 -0.386642
-0.875204 0.0956041 -0.218872
0.143281 0.0450594 0.807828
0.179373 0.132996 -0.804417
0.653661 0.133774 0.366324
0.060259 -0.203765 0.837889
-0.149012 -0.812974 -0.102788
0.682127 -0.360062 -0.453668
0.0961699 0.355941 0.651524
-0.607174 -0.538703 -0.362213
-0.446069 -0.749879 -0.0838364
0.360654 -0.614012 -0.561378
-0.093942 0.898937 -0.0188357
-0.752345 -0.427807 -0.176695
-0.412566 0.429256 -0.714603
-0.0678535 -0.565576 0.691119
0.427967 -0.582831 -0.563432
0.433441 0.573533 0.139952
0.805455 -0.140012 0.123449
0.0113647 0.503846 -0.739345
0.665023 -0.505116 -0.316357
-0.756755 -0.532471 0.136231
-0.789209 0.23969 0.191936
0.0893014 0.406759 0.610267
-0.508276 0.0905291 0.693323
-0.714255 0.535363 -0.20838
0.154879 -0.359603 0.762776
-0.041373 -0.579339 0.661356
-0.292231 0.734459 -0.456672
-0.460744 -0.551157 0.582241
0.795107 0.196715 -0.148225
0.509953 -0.665075 -0.261337
-0.131897 -0.558152 -0.631736
-0.200076 0.580355 0.491976
-0.555752 -0.135279 0.689285
0.451237 0.563236 -0.3182
-0.61591 0.557497 -0.426034
-0.410072 0.515517 0.481099
0.866699 -0.0936956 -0.0402619
-0.287412 -0.800387 0.209461
-0.257633 -0.756856 -0.322409
-0.252954 0.741902 -0.476941
0.590217 0.0920578 -0.593155
-0.636544 0.657117 -0.272537
0.339934 0.371429 -0.691718
-0.846357 -0.261945 0.243485
0.211721 0.482675 -0.712922
0.697982 0.22361 0.220089
0.513955 0.043541 -0.687874
0.778506 0.162031 -0.334235
-0.265787 -0.760608 0.386968
-0.092595 -0.320161 -0.7637
-0.414225 0.695902 0.249567
0.275953 0.711486 -0.308629
0.150873 -0.820918 -0.0402645
-0.444989 -0.750013 -0.0992116
-0.66199 0.293774 0.422529
0.323521 0.573695 0.307369
-0.0196034 -0.3926 -0.752346
-0.821076 -0.223341 -0.18694
-0.0927095 -0.0588209 0.894182
0.282649 0.511641 0.428855
-0.504621 0.588078 -0.488573
-0.826382 -0.36076 0.221535
-0.092896 0.869371 0.0682918
0.321575 0.108558 -0.778135
-0.451875 -0.711528 0.326488
0.59199 -0.518478 0.221299
0.18845 -0.800279 0.183513
-0.779348 -0.400768 -0.135089
0.733971 -0.176697 0.267844
-0.0780843 -0.754379 0.457885
-0.285158 -0.199174 -0.766361
0.56098 0.271482 0.381761
-0.513194 -0.130254 -0.715365
-0.0773881 0.90552 -0.103179
-0.366142 0.843968 -0.0346871
0.43695 -0.542604 -0.626494
0.659121 0.296339 0.198933
-0.020418 0.67782 -0.580757
0.362924 -0.762891 -0.0419823
-0.809979 0.223449 0.115477
-0.675283 -0.545865 0.344891
0.1378 -0.0502886 -0.800306
-0.0737409 -0.764521 0.436635
0.312296 0.66159 -0.372045
-0.0400657 0.62096 -0.652701
0.613211 -0.0175365 -0.559361
-0.0844173 -0.0721597 -0.800853
0.603807 -0.345666 0.35327
-0.517266 0.174192 0.665505
0.250641 -0.775232 0.180382
0.319818 -0.2578 -0.754221
-0.445795 0.145572 0.729282
-0.184968 0.803095 -0.386917
-0.254128 0.087877 -0.810475
0.0984103 -0.752658 0.367296
-0.312048 0.862247 -0.046994
0.0967418 -0.814598 0.222604
-0.444367 -0.2184 0.760285
-0.624939 0.572591 -0.39853
0.611996 -0.122283 -0.558228
-0.860257 0.109429 0.0294203
-0.134368 -0.548763 -0.638587
0.505479 -0.669823 -0.195761
-0.770278 0.3257 0.0991143
0.627132 0.315992 -0.407062
0.0358407 -0.707465 0.477383
-0.474789 -0.687289 0.380659
-0.359764 0.479118 -0.711009
0.107745 0.82458 -0.242739
-0.0234583 -0.381375 -0.755548
-0.846887 -0.202656 0.287642
0.381368 -0.177005 -0.75011
-0.475248 0.524916 0.431948
0.518463 0.328887 -0.548449
0.601198 0.44584 -0.2638
0.237328 0.260866 0.65204
0.10579 -0.715635 0.427286
0.506968 -0.668267 0.0169654
0.781201 -0.151324 -0.296959
-0.398408 0.234995 -0.792742
0.309371 0.691567 -0.0827926
0.344722 0.403957 -0.665681
0.0407608 0.460143 0.57975
0.758591 -0.399501 -0.00818268
0.375719 0.126502 -0.760523
-0.182351 0.889538 -0.155098
-0.349469 0.411275 0.621104
0.480429 0.547955 0.113741
0.38992 0.49751 -0.54096
-0.0329372 -0.856539 0.193765
0.621753 0.345707 0.210072
-0.273502 -0.267893 0.828991
0.0170408 -0.615965 0.58878
0.14493 0.467354 0.531896
-0.205135 0.34106 0.70025
-0.224721 0.780028 -0.437755
0.0554861 0.818589 0.0274083
0.040626 0.475179 -0.757808
0.223819 0.0548825 0.784705
-0.0291089 0.564242 -0.697513
0.403531 -0.275125 0.609683
-0.376626 0.84941 -0.0641626
0.756292 0.286795 -0.0460838
-0.773807 0.224516 0.286279
0.778919 -0.16998 0.176825
0.636507 0.0660328 -0.530262
-0.227054 -0.74157 0.475404
-0.141003 -0.626458 0.635594
-0.852636 0.139741 -0.298796
0.342478 -0.256406 -0.746792
0.395807 -0.278397 -0.723812
0.293369 0.612439 0.274522
-0.6822 0.530674 -0.392486
0.83998 -0.157211 0.0254518
0.256891 -0.739126 -0.409729
0.0187136 -0.830531 -0.135381
-0.819623 0.28209 -0.345585
0.344389 -0.588963 0.429139
-0.0473641 -0.550348 0.696669
-0.610055 0.554767 0.120629
-0.843283 -0.305043 0.166436
-0.292996 -0.490659 -0.621895
0.0615829 0.726227 0.271525
0.84531 0.0565809 0.000159308
-0.766425 -0.187372 0.453117
0.113358 -0.828811 0.00998217
-0.478101 -0.262654 -0.654418
-0.678882 -0.452845 -0.338839
-0.805136 0.286405 -0.404762
-0.258334 -0.730276 -0.411872
-0.1582 0.137417 0.817236
-0.628696 0.542457 0.0956648
-0.356204 -0.642818 -0.476179
0.0739741 -0.793152 0.295627
0.533546 -0.610889 -0.376553
-0.684689 -0.317762 0.520589
-0.135943 0.0434052 0.858716
-0.715986 0.265688 0.370308
0.311132 0.505453 -0.617636
0.297262 -0.306353 0.691111
0.287741 -0.616914 0.437705
-0.00274775 -0.763711 0.426519
-0.462031 0.446514 -0.667356
-0.866461 -0.0304683 -0.135905
0.799086 0.0032609 0.167723
-0.865283 0.138878 -0.185871
0.787373 -0.183625 0.148035
0.727865 -0.355175 0.130706
-0.241873 0.532285 -0.718696
-0.701468 0.0597526 0.53737
-0.511962 0.324383 -0.723495
-0.451476 -0.24796 0.754247
0.505406 0.513479 0.157465
-0.296436 0.707827 0.31089
0.536773 -0.398254 0.398598
0.342299 0.588075 0.269066
-0.467033 -0.610209 -0.417757
-0.243015 0.399577 -0.798326
-0.603525 0.680066 -0.176146
-0.21157 -0.53565 -0.620802
-0.524431 0.0546473 0.688474
-0.789128 0.319919 -0.0389329
0.403364 0.599931 -0.336448
-0.793021 -0.17045 0.424398
-0.814949 0.291291 -0.28793
-0.0844268 -0.812622 -0.215545
0.363613 -0.749124 -0.24415
0.543805 0.0789852 0.483148
0.816938 0.140483 -0.230392
0.828023 0.0947949 0.0409869
-0.552085 -0.103751 -0.707996
0.456055 -0.288135 0.547387
-0.857417 -0.18392 0.22251
-0.243916 -0.739425 -0.399825
0.278787 -0.790502 -0.115618
-0.296341 0.0558686 0.848396
0.189456 -0.247895 -0.779096
0.569382 0.289779 -0.520497
-0.219213 0.0734262 0.8575
0.661277 0.0348303 0.365742
-0.0458053 0.259455 -0.831685
-0.0275241 0.865309 -0.00725251
-0.133862 -0.672214 0.577183
0.11857 -0.452079 0.713607
0.772469 0.21193 -0.292448
0.747723 -0.333696 0.106759
-0.332074 -0.367162 0.756114
-0.596685 0.340796 0.465491
0.129604 -0.457527 0.701535
0.443856 -0.130671 0.610583
-0.626102 -0.112154 -0.649917
-0.801089 -0.470222 0.1416
0.441717 0.441927 -0.531841
0.079047 0.80797 -0.344599
0.510515 -0.41756 0.413269
0.403122 0.633627 -0.0463489
0.23676 -0.136518 -0.777762
-0.189715 -0.830557 0.150193
0.139721 -0.339791 -0.781534
0.186473 -0.374619 0.737477
0.0281255 -0.841703 -0.0468812
-0.74239 0.461958 -0.173637
-0.460717 0.723534 -0.336502
-0.491067 -0.0918911 0.732423
-0.697245 0.261225 -0.558432
0.0231363 -0.82155 -0.211217
-0.347355 0.750139 -0.386901
0.0773963 0.838993 -0.286195
0.261501 0.0958861 0.741731
0.000349229 -0.768372 0.411898
0.63026 0.312185 -0.406304
0.514127 -0.661062 -0.291846
0.50171 -0.674239 -0.0682462
0.68188 0.35874 0.0376088
-0.58794 -0.626316 0.382415
-0.495444 0.761275 -0.0296752
0.308574 0.309969 -0.757419
0.410855 -0.736694 -0.196793
-0.186698 0.123979 0.82754
0.216379 0.745545 -0.320751
-0.610621 0.395656 -0.604952
-0.817896 0.262134 -0.372736
0.185408 0.735565 -0.393698
0.790224 -0.353548 -0.0294219
0.25437 0.57107 0.370616
-0.42586 0.777611 0.0745266
-0.813915 0.291208 -0.367644
-0.333093 -0.593319 0.605393
-0.249542 -0.435483 -0.680305
-0.22581 -0.819302 0.125567
-0.488016 -0.65504 0.457887
0.358222 -0.356743 0.598633
0.376747 0.64227 0.00809499
-0.809065 -0.339828 -0.0733064
0.822813 -0.00478421 -0.246156
0.0397696 0.752778 0.246386
0.509416 0.515428 0.14371
0.729118 -0.352514 -0.355985
-0.527259 0.595759 -0.458108
-0.786361 -0.313247 0.366325
-0.761322 -0.237906 -0.351376
-0.364813 -0.332304 0.759488
-0.597288 0.125337 -0.718618
-0.228528 -0.760301 -0.343923
-0.376461 -0.596324 0.584663
-0.0603126 0.901133 -0.140589
-0.311879 -0.158484 -0.770003
-0.196682 0.449878 -0.774507
-0.597731 -0.463416 -0.429765
-0.766906 -0.508171 -0.0508076
-0.49175 0.500547 0.442507
0.409059 -0.345236 0.560898
-0.762085 0.364986 0.0542329
-0.667106 -0.570381 -0.18072
0.229873 0.45513 0.50451
-0.479563 -0.609592 0.5157
0.305742 -0.0657275 -0.770146
-0.593833 -0.393711 -0.483448
-0.105433 -0.813996 -0.168771
0.344129 -0.309945 0.646327
0.0145819 0.834207 0.0480672
-0.0366962 0.0106592 0.858712
0.575753 -0.298607 0.410668
-0.658815 0.27996 0.44128
-0.702087 0.107266 0.517878
-0.656063 0.0643652 -0.653054
-0.552208 0.320328 -0.698507
-0.46114 0.38487 -0.716735
0.438865 -0.721166 -0.280032
0.242114 -0.44873 0.633698
-0.056783 -0.840951 -0.0199185
0.757833 -0.402751 -0.281286
0.352398 0.0942536 -0.771765
0.740384 -0.385966 0.0627542
0.165165 0.140277 -0.807338
0.0613706 0.254585 0.725391
-0.0909032 0.682619 0.386996
-0.342865 -0.689954 -0.435904
-0.489785 -0.126529 0.733588
0.139823 -0.822842 -0.0419354
-0.196796 -0.551414 -0.614941
0.102181 0.532413 0.481971
-0.776109 -0.199921 -0.353033
-0.0154049 -0.43995 -0.735075
0.298779 -0.789255 0.0218142
0.00135287 -0.0727915 0.87823
-0.612962 -0.387428 -0.470837
0.485309 0.0643553 0.543274
-0.583213 0.633706 0.0144311
-0.453795 -0.0975489 -0.746528
0.51264 -0.613765 -0.418421
0.00853 -0.850618 0.140126
0.0666526 0.584643 -0.661652
0.348531 0.659476 -0.000915518
0.459624 0.504228 -0.427448
0.00558917 0.84923 -0.00562894
-0.202937 -0.686528 -0.503432
-0.666092 0.232939 -0.605479
-0.618936 0.640151 -0.108316
0.440013 0.496647 -0.472032
-0.0848405 -0.277794 0.852764
0.524828 0.507587 0.133059
-0.176447 0.737855 0.304059
0.198105 -0.773367 -0.367567
-0.354544 -0.331588 -0.692576
-0.838703 -0.164149 0.339388
-0.0564076 0.84865 -0.272078
0.108875 0.814807 -0.168896
-0.126028 0.728508 -0.531395
-0.435928 0.743732 0.119326
-0.802512 0.296713 -0.407865
0.162125 0.780267 -0.12605
-0.707789 -0.253423 -0.467613
0.847956 -0.243624 -0.131838
-0.390502 0.220987 0.751005
-0.309796 -0.752707 -0.275428
-0.278302 0.84835 -0.208854
-0.48998 0.748172 0.00937082
-0.0872602 0.478019 0.583017
0.313356 -0.0636809 0.730891
0.320173 -0.331892 -0.737986
-0.66106 0.528588 0.0349063
-0.760793 -0.284372 -0.30436
0.502899 -0.0574728 0.541997
0.505889 0.145687 -0.66659
-0.269985 0.558542 -0.692936
-0.794738 0.295504 0.00448009
0.574341 0.415722 0.207198
-0.118132 0.401657 0.649092
-0.116504 -0.853205 0.185949
0.424415 -0.728818 -0.26701
0.606612 -0.282814 0.384068
-0.837892 0.0466403 0.33048
0.149537 -0.727157 0.374429
-0.0462615 -0.180552 -0.791335
-0.370434 -0.474394 0.682656
0.742444 -0.0209825 -0.385605
0.354272 0.424295 0.454069
0.746259 -0.310438 -0.33042
-0.22032 0.732298 -0.511067
0.349868 0.0965155 0.665026
0.495823 -0.484013 -0.612913
0.26636 -0.525793 -0.679701
0.247662 0.155683 0.712967
-0.727889 -0.049417 0.535452
0.235542 0.146229 0.727431
0.172071 -0.60506 0.515567
0.0792581 -0.627945 0.541332
0.115999 -0.799011 -0.328368
-0.20681 0.4532 0.608093
-0.0870801 0.883149 -0.193237
0.78276 -0.220911 -0.275905
0.773076 -0.0528109 -0.339305
-0.230021 0.7298 -0.509296
-0.214781 0.734141 -0.511459
-0.00677832 -0.109647 0.872397
0.854997 0.0704319 -0.0550093
0.321844 0.385814 0.50959
0.205006 -0.23655 0.777943
-0.0351817 -0.492762 0.744797
-0.469474 -0.326075 0.711366
0.175738 -0.814937 -0.1044
0.549863 0.464742 -0.335263
0.626235 -0.392287 0.302517
0.0125377 -0.344517 0.807766
0.287325 0.0386162 0.743374
-0.69318 0.54136 -0.0870187
-0.0223217 0.572911 0.483016
0.529864 -0.166283 -0.648838
-0.148376 -0.782972 -0.344509
-0.1533 0.206235 -0.826312
-0.709464 -0.540863 0.285656
0.216459 0.161023 -0.7997
-0.574601 0.321561 -0.68324
0.30661 0.173005 -0.779906
-0.863687 -0.10601 0.300136
-0.459818 0.805783 -0.165207
-0.577661 0.331569 0.494575
0.0796573 -0.0900129 0.857688
-0.399483 0.766207 -0.318964
0.0200928 -0.0579859 0.877215
-0.679862 0.572232 -0.131743
-0.575635 -0.372755 0.618835
0.533687 0.508192 -0.264941
-0.342439 -0.703948 0.473735
0.123851 -0.482661 -0.722852
0.136937 -0.656104 0.478513
-0.0549818 -0.382675 -0.748694
0.138958 0.330643 -0.817759
0.358751 -0.678497 0.293362
-0.315054 0.711419 -0.474494
-0.333727 0.834126 -0.204154
0.841605 0.0917174 -0.187457
-0.643128 -0.197911 -0.577083
-0.57112 0.582157 -0.435439
-0.152508 -0.592477 0.674205
-0.8194 -0.0659203 0.388132
-0.826747 0.241759 -0.344153
-0.754723 0.04491 -0.520146
0.553882 0.435135 -0.378806
0.0891056 -0.834528 0.0677626
0.370722 0.224334 -0.742428
0.692417 -0.488242 0.0187065
0.619871 0.454784 -0.197623
-0.481203 -0.576477 -0.446691
0.76987 -0.408846 -0.227206
0.354561 -0.312172 0.635166
-0.196126 -0.829015 0.182067
-0.729276 -0.575881 0.0527965
0.539389 0.343903 0.350647
-0.725364 -0.413169 -0.261056
0.397673 0.636008 -0.0401342
0.0323318 0.837233 -0.0232663
0.0572277 0.59653 0.430163
0.814726 -0.0622324 -0.248639
0.42329 0.362177 0.449535
0.0848051 -0.503631 -0.701876
-0.790713 0.311516 -0.422831
0.00358084 -0.728634 0.471744
-0.540612 0.29236 0.567982
-0.207509 -0.416448 -0.703538
-0.586148 0.700385 -0.172538
-0.717359 -0.210901 -0.486646
0.277598 0.681424 0.136728
-0.678591 0.216748 0.478953
0.501549 -0.671881 -0.281152
0.0327779 -0.493836 0.714822
-0.107739 -0.765121 0.436696
-0.504117 -0.72733 0.195992
0.36829 -0.739255 0.112068
-0.363581 0.247309 -0.798641
-0.489275 0.169874 -0.767172
0.591288 -0.343453 0.368724
0.61903 0.276952 -0.459628
0.431466 -0.410536 -0.682906
-0.48928 -0.626908 -0.349081
0.203798 -0.391509 0.709757
-0.648415 -0.0167459 0.601719
0.673948 -0.0289145 0.356624
-0.34691 -0.713354 -0.360236
-0.872081 0.122353 -0.197229
-0.697723 -0.357243 -0.388813
-0.733312 0.459442 -0.0383294
0.495044 0.579686 -0.0946917
0.710915 0.358784 -0.0502166
-0.790925 0.312108 -0.0250683
0.32362 0.543623 0.351134
0.0585325 -0.833825 0.185062
-0.162764 0.743608 0.29895
0.208955 -0.554105 -0.664184
-0.829981 0.128763 -0.392831
0.549075 0.511757 -0.21795
-0.169211 -0.145829 0.891065
-0.203812 -0.812855 -0.0104682
-0.387427 0.705618 -0.424628
0.110854 0.775879 0.111852
0.835099 -0.282969 -0.133676
0.429142 0.622716 -0.0799097
0.526404 -0.0991091 0.523048
-0.596296 0.379725 0.425747
-0.388279 -0.747198 0.284273
0.360074 -0.0386989 0.682255
0.057613 0.0478607 -0.814282
-0.56348 -0.697855 0.129271
0.0949454 -0.543139 0.626304
0.767627 0.166212 0.144644
-0.518767 0.772814 -0.168943
-0.635102 -0.641906 -0.0452462
-0.869078 -0.0872113 0.233713
-0.68449 -0.572156 0.266884
0.64642 0.0747584 -0.517171
-0.701576 0.524832 -0.0737742
-0.473174 0.044624 0.728753
0.478638 -0.091745 0.570675
0.0676071 0.701324 -0.53219
0.458193 0.554008 0.142911
-0.220808 -0.677943 -0.504538
0.505942 0.311625 -0.575833
-0.576332 0.676796 -0.299047
0.314955 0.685001 -0.309643
-0.762741 0.221198 0.334649
-0.149825 0.0320367 -0.80888
0.674277 -0.0455974 -0.476558
-0.198665 0.156144 -0.819576
0.592869 0.462821 -0.240585
-0.866538 -0.0930853 0.124556
-0.380257 -0.228109 -0.726172
-0.218724 0.845462 0.0674881
0.433366 -0.715456 0.0251197
0.040589 0.721266 -0.507248
-0.182729 0.805737 0.18849
0.790064 0.183816 -0.289546
-0.194299 0.828315 0.127438
0.330986 -0.749295 -0.303604
-0.397832 0.464848 -0.696447
-0.247173 0.657857 -0.605746
0.133873 -0.294725 0.791612
-0.571359 -0.455381 0.578457
-0.0525478 0.699571 0.351765
0.0456967 0.0725335 -0.816339
-0.845986 -0.268666 0.101811
-0.047458 -0.813105 -0.253322
0.0153196 0.478647 0.569179
0.420192 -0.494375 0.439022
-0.10118 0.0576424 -0.813381
0.420957 0.630325 -0.174921
-0.837796 0.182978 -0.338538
0.691457 -0.28027 0.281337
0.309879 -0.267532 -0.755496
-0.672521 0.412722 0.256136
0.602743 -0.552355 -0.352059
0.420468 -0.704321 0.168006
-0.343679 0.855513 -0.136725
0.312563 -0.0498377 0.730983
-0.401365 0.845672 -0.103311
0.136998 0.247458 0.710271
-0.328863 0.222933 0.769265
0.188321 0.609915 0.359551
0.799674 -0.111722 -0.267912
-0.0372959 0.541336 0.521568
0.104769 0.481058 0.535209
0.675211 0.402974 -0.072576
-0.185013 0.117913 0.830807
0.0432977 0.838889 -0.0830191
0.180207 0.217016 0.714757
-0.0248656 0.846982 -0.273981
0.140295 0.344193 0.641952
-0.1955 0.904937 -0.0933142
0.44659 -0.715469 -0.256352
0.873898 -0.0674402 -0.120849
-0.165751 -0.826156 0.0314313
-0.468899 0.687066 0.163932
-0.486915 0.367222 0.561741
-0.178868 0.123824 0.826955
-0.246432 -0.214692 -0.76776
0.523894 -0.65387 -0.219716
-0.819684 0.182739 0.155343
-0.0598706 -0.794014 0.371145
-0.344193 -0.205483 -0.748135
-0.605305 -0.347053 0.605275
0.102946 -0.351242 -0.77983
-0.525466 -0.561074 -0.423817
0.550977 -0.561783 -0.456581
-0.730847 -0.498115 0.300481
-0.128071 -0.79469 -0.285082
0.290895 0.666192 0.170995
-0.790631 0.105974 -0.459616
-0.224157 0.36587 -0.806639
-0.212317 -0.332721 -0.734375
0.0259947 -0.193048 0.847498
0.60025 0.0995236 0.424212
-0.138803 -0.820228 -0.061985
-0.142547 -0.791831 -0.283376
-0.028176 -0.0212771 0.871761
-0.546539 0.648599 -0.36685
0.215941 -0.809454 -0.0357808
-0.793254 -0.486163 0.0668711
-0.524138 -0.281524 -0.611251
-0.166071 0.686536 -0.592486
0.0181049 0.502023 0.543553
0.433711 -0.710829 0.0920613
-0.278168 -0.727228 0.468216
0.208121 -0.730466 -0.467405
-0.516754 0.0884415 -0.757212
0.642761 -0.161838 -0.51584
0.267511 -0.378041 -0.74592
-0.688355 -0.516965 0.35886
0.644512 -0.533024 0.0552802
0.570372 -0.270887 -0.595304
0.762627 0.274597 -0.0517688
-0.0615586 -0.313347 -0.770571
-0.440706 0.596047 0.367383
0.452542 -0.709018 -0.170113
0.660564 0.175463 0.325011
-0.807966 -0.311972 0.308863
0.120796 -0.719296 0.410086
0.277818 0.304502 0.595645
-0.293771 0.215459 -0.814968
0.688402 -0.0443869 0.337806
-0.428594 0.787181 -0.245991
-0.58156 0.505878 0.28966
0.377387 0.417617 0.441405
-0.325587 0.795657 -0.316559
0.424767 0.472918 -0.522259
0.418852 -0.102028 0.632588
0.128896 -0.803182 -0.306128
-0.487224 0.269327 -0.761329
0.206685 0.747963 -0.0645997
-0.0824964 0.0649743 -0.814706
0.373382 -0.503476 0.47518
0.337717 0.353133 -0.704923
0.238243 -0.727229 0.301714
0.362741 -0.404369 -0.707698
-0.0327077 0.851736 0.0712674
-0.0367552 -0.853452 0.208098
-0.687602 0.206039 0.47583
0.218461 -0.785926 0.195189
0.696823 -0.509388 -0.0616797
-0.710327 0.536467 -0.166963
-0.300573 0.565516 -0.679306
0.0730715 0.690193 -0.546369
-0.389462 0.334926 0.670763
-0.229425 -0.635944 0.613435
-0.0142414 0.842546 0.0737064
-0.352491 0.833585 -0.188561
-0.762599 0.227873 0.322088
-0.483143 0.792515 -0.0668831
-0.00517857 0.868205 -0.223032
0.349294 0.458149 -0.617908
0.67408 -0.477568 -0.36304
0.698261 -0.241558 0.294879
-0.54505 -0.387832 -0.527864
0.113957 0.0942956 -0.813398
-0.171888 -0.785026 -0.288017
0.330438 0.504775 -0.599896
0.126544 0.283991 -0.822938
-0.524684 -0.106711 0.709937
-0.566866 -0.332887 0.647729
-0.621216 -0.0969597 -0.664695
-0.784059 -0.28233 -0.246879
0.394034 0.565472 -0.435286
0.420778 0.47345 -0.526641
-0.749892 0.464577 -0.328235
0.617462 0.262799 0.323222
-0.531306 0.223921 -0.748279
0.67282 0.317681 -0.336713
-0.620542 0.590723 0.00700952
0.26905 -0.716252 -0.447969
-0.781791 0.247328 0.211324
-0.274048 -0.248145 0.838736
-0.446834 0.791792 -0.216814
-0.500146 0.552549 0.35703
-0.448923 -0.185155 -0.717652
-0.328527 0.824731 0.0580494
0.139827 0.714701 0.231491
0.534841 0.519343 -0.232276
-0.0850991 0.211035 0.768331
-0.265299 -0.682633 -0.48601
-0.0573226 0.893452 -0.167221
0.736707 -0.404465 -0.325866
-0.240781 0.692016 0.359498
-0.559056 0.0823896 0.652717
0.518962 0.0534902 0.51144
0.0932505 -0.345498 0.789666
0.40205 -0.139324 0.65405
-0.322854 -0.0459951 -0.786732
0.0488763 0.393675 0.637956
-0.0787569 0.894123 -0.0302825
-0.49976 0.314821 0.592734
-0.286839 -0.0810148 0.860458
-0.796009 0.292471 -0.418908
0.448531 0.507692 -0.441306
-0.324259 -0.000627072 0.843848
-0.180829 -0.664356 -0.528842
-0.512231 0.764407 -0.229831
-0.471876 0.178262 -0.773305
0.594844 0.154068 -0.563068
-0.353645 -0.518878 0.654993
-0.332857 -0.156897 0.829619
0.00508709 0.159975 -0.823638
-0.873024 -0.0549963 0.236107
-0.756652 0.386887 0.0326008
0.246015 0.404581 0.541688
-0.176177 -0.804442 -0.124986
-0.305976 -0.363156 0.768319
-0.522212 0.684714 -0.33696
-0.791414 0.330766 -0.138692
0.41522 0.485851 -0.521301
-0.284527 0.439865 0.614281
0.21141 0.243555 0.681089
-0.860707 0.0277603 -0.350404
0.48489 0.162152 0.509636
-0.675199 0.592777 -0.179733
-0.226411 0.367624 0.682128
0.728948 -0.190203 -0.397773
-0.784485 -0.461089 0.226478
0.346274 -0.47414 0.522073
-0.339092 -0.198743 -0.752611
0.131225 -0.0434443 -0.801873
-0.366986 -0.775841 0.0735406
-0.422611 0.56687 -0.590488
-0.306697 0.622062 -0.622642
-0.52715 0.0792717 0.680226
0.307734 0.603822 0.275832
-0.0183627 -0.641164 0.580419
0.242189 0.174527 -0.796038
0.317626 0.50911 0.40477
0.64036 -0.114954 -0.520305
0.614142 0.0390839 -0.559605
0.282555 0.682371 -0.370704
-0.870618 -0.0247246 -0.0414698
0.542951 0.382468 -0.457603
0.662738 -0.21393 -0.48762
-0.87835 0.0396964 0.0851235
-0.584342 -0.515017 0.511642
0.261147 -0.765018 -0.320619
0.854791 0.0454461 -0.0303412
-0.592686 -0.399529 -0.480286
0.0629452 -0.51925 0.670227
-0.0147298 -0.810552 -0.287172
-0.137047 -0.338402 -0.748101
0.29753 0.685921 0.0221381
0.328744 0.0482079 0.700911
0.100212 0.690388 -0.539006
-0.524193 0.766157 -0.138028
-0.0532644 0.704526 -0.550596
0.0239804 0.588586 0.450221
0.774194 -0.371809 -0.0111893
0.118287 -0.543381 -0.669827
-0.204504 0.697048 0.361362
0.797975 -0.397034 -0.121943
-0.713409 0.505775 -0.0720321
-0.195777 0.140365 -0.818086
0.415848 -0.732607 -0.168147
0.449077 -0.575075 -0.558384
-0.364592 -0.543063 -0.542504
0.445929 -0.407502 -0.674268
-0.549036 -0.542594 -0.416372
-0.292272 0.0303213 -0.801778
-0.696622 -0.276138 0.516906
0.31746 -0.777257 0.0395321
0.54596 0.542626 -0.0729333
-0.440728 -0.0292625 0.765744
-0.386131 0.0911749 -0.79782
-0.403747 -0.673858 -0.376932
-0.83919 0.166378 0.0354209
0.179059 0.771595 -0.133429
-0.2845 0.648416 -0.599068
-0.630461 -0.0386942 0.62112
0.664149 0.324036 0.140788
-0.166488 0.504464 -0.742071
-0.473408 -0.692948 -0.224695
-0.43954 0.771265 0.06075
-0.703205 -0.373774 -0.358836
0.556503 -0.46549 -0.564229
-0.318689 0.830119 0.0485563
-0.689472 -0.59032 -0.0891675
0.126522 -0.11046 -0.798544
-0.0677443 0.883587 -0.00403886
-0.280422 -0.691293 -0.473941
0.782758 -0.133024 0.18568
0.443606 0.497356 0.306806
-0.533203 -0.0191605 -0.741549
0.594212 -0.375604 0.348006
0.525574 -0.374071 -0.61788
0.179491 0.364749 -0.797577
0.631461 0.307031 0.249039
-0.388755 0.0386449 0.791403
0.709716 0.198847 0.220654
-0.862771 0.0591237 -0.317709
-0.208852 -0.42526 -0.699775
-0.835449 0.0898547 -0.391431
-0.644271 -0.0618304 -0.664063
-0.864224 -0.0771117 -0.0599386
0.697197 0.0284213 0.316202
-0.68007 -0.537012 -0.24007
-0.383587 -0.163393 -0.749999
0.257832 -0.749481 0.241718
-0.670516 0.38973 -0.545409
-0.578717 0.643081 -0.345476
0.435814 0.0120999 -0.742138
0.574337 -0.549055 0.208464
0.773106 -0.27957 -0.281402
-0.215745 -0.82302 0.178388
0.225677 -0.747791 -0.414073
-0.359708 0.65571 0.349286
0.615217 0.28874 -0.453154
0.619906 -0.153344 -0.546778
0.744466 -0.454897 -0.207417
-0.346373 -0.317814 0.774931
-0.376274 -0.734529 -0.257442
-0.182058 -0.811375 -0.0593604
0.360827 -0.764044 -0.0354502
-0.495181 -0.411697 -0.546112
0.282171 -0.696551 0.322921
0.54178 -0.641662 -0.0247582
-0.864001 0.0354768 0.243374
-0.728881 0.0037926 0.525567
-0.692035 -0.398209 -0.36189
0.684441 0.258784 0.198045
-0.729797 -0.258076 0.4803
0.195884 -0.525321 -0.68898
-0.593514 -0.676857 0.095576
0.403658 -0.21443 0.63934
-0.812046 -0.318921 -0.0889839
0.6566 0.31431 -0.364555
0.580257 -0.581935 -0.33353
0.316249 0.137032 -0.779386
-0.03018 -0.798008 -0.383528
-0.742219 0.272103 -0.496637
0.617425 -0.428307 -0.520666
-0.320172 0.118401 0.816655
-0.775258 0.207908 0.313377
-0.194189 0.735323 -0.521332
-0.575164 -0.381923 -0.508658
0.0104317 0.286917 -0.834429
0.0296088 0.74893 0.258072
0.331517 -0.165719 0.712864
-0.519972 0.456932 0.449438
-0.823255 -0.380773 0.0732876
0.417111 -0.0348834 -0.752659
-0.829461 0.117039 0.251848
-0.417832 -0.741124 -0.186723
-0.7894 -0.485205 0.169488
0.107794 -0.829904 0.0142235
-0.843693 -0.266904 0.0382939
0.19013 -0.139563 0.798309
-0.721184 0.365586 -0.499094
-0.721038 0.519953 -0.216886
0.711995 -0.443362 0.0585308
0.155098 0.752517 0.124285
-0.1976 0.362193 -0.810549
-0.300198 0.570637 0.474745
0.754852 0.19214 0.133648
-0.259043 0.425403 -0.786726
0.654108 0.261375 0.264009
-0.860105 0.0150701 -0.336959
0.464116 -0.275487 -0.690966
-0.858498 0.127834 -0.278433
0.138727 -0.72592 0.384932
-0.504551 -0.152172 -0.708446
0.247292 0.736856 -0.290277
-0.242217 -0.220067 -0.767333
0.531771 0.0487885 -0.666327
-0.0252661 0.829608 0.162595
-0.00826039 0.454349 -0.77787
-0.874309 0.0962164 -0.0951075
-0.283024 -0.296062 -0.733303
0.595579 0.0463395 -0.584741
0.53487 0.52445 0.0621997
-0.399437 0.250487 0.734882
0.757977 -0.27837 -0.313768
-0.786456 -0.28335 0.389055
-0.340933 0.679042 -0.50459
-0.261064 -0.503933 0.702625
0.424756 0.615305 0.00389724
-0.868125 0.133621 -0.222151
-0.834958 -0.10276 -0.288314
-0.381288 0.789751 0.123739
0.38171 0.129367 0.620261
-0.822857 -0.221802 -0.17917
0.0769414 -0.491136 0.693494
-0.847851 0.151944 -0.0107303
0.153873 0.0863034 -0.805963
0.454707 -0.609655 -0.492775
0.727894 -0.0120185 -0.405394
0.217021 -0.206744 0.778819
-0.0911109 0.591165 0.485258
-0.409488 0.296579 -0.784387
-0.689013 -0.0326058 -0.620521
0.125551 0.314 0.673049
0.286654 -0.309015 0.698428
-0.158446 0.772824 0.251524
-0.697397 0.53567 -0.364049
0.63253 -0.0352463 -0.532932
0.723021 -0.432731 0.0431192
0.211352 0.723103 0.124488
0.828818 -0.0924312 0.0872279
0.487946 -0.206447 -0.686564
0.745827 -0.402734 -0.306887
-0.315794 -0.763995 0.317792
-0.830313 -0.31562 0.0103061
0.329982 0.581752 -0.516695
0.109332 0.270166 0.705788
-0.0539418 0.395706 -0.814913
0.454128 -0.557562 0.356771
0.617844 -0.57618 -0.0812773
0.823676 -0.229483 0.0308761
-0.0854898 0.912348 -0.123346
0.841275 -0.17646 -0.163241
-0.85647 -0.15782 0.00510147
-0.444486 -0.387073 -0.596145
0.380182 0.155089 0.609652
-0.31727 0.689459 -0.507419
-0.226549 -0.306404 -0.741307
-0.84853 -0.168082 -0.113776
-0.0903059 0.0644913 0.841415
-0.828441 -0.351066 0.0560344
0.768622 -0.217527 0.179283
0.339072 -0.0703176 -0.764066
0.0405497 -0.840689 -0.0341127
0.436934 0.59555 0.0717303
-0.729928 0.495417 -0.196002
-0.848189 -0.224872 0.0149264
-0.116428 -0.465802 -0.703413
-0.637901 -0.588853 0.350838
0.409834 -0.616353 0.333394
0.0421572 -0.830892 -0.141565
0.143016 -0.0712786 0.827779
-0.785311 -0.450252 -0.0362633
0.231283 0.283178 0.64177
-0.420654 0.0330617 -0.77868
-0.0641703 -0.108494 -0.797954
0.746292 0.278443 -0.194876
0.0764989 0.522777 0.501155
-0.0653206 -0.494436 -0.694102
0.659066 -0.266733 -0.491159
-0.873163 0.0435009 -0.197527
0.296465 0.0817374 0.721259
0.856245 -0.11522 -0.0104526
-0.00124711 -0.30604 0.826886
-0.278227 -0.622496 -0.529558
-0.287603 0.774188 0.206672
0.638393 -0.25067 0.36526
0.606899 0.103545 0.41704
-0.0797044 0.25368 0.743149
0.564104 -0.593364 -0.344856
-0.542675 0.318535 -0.705501
0.159555 -0.573135 0.557709
-0.465905 -0.0853163 -0.74582
-0.85112 -0.0565753 -0.276196
-0.770316 -0.364013 0.360639
-0.815361 -0.423621 0.195566
-0.386133 -0.221483 -0.726585
-0.842829 -0.30754 0.158934
0.447234 -0.70737 -0.00297673
-0.564251 0.501477 0.327638
0.793545 -0.156408 0.145908
-0.192235 -0.18978 -0.777058
0.624966 -0.276214 -0.535798
-0.429019 -0.755692 -0.0328278
-0.546448 0.50303 -0.558949
0.494872 0.267234 -0.613718
-0.389338 -0.23453 -0.720362
0.227375 -0.739926 0.285711
-0.288865 -0.688122 0.545038
-0.826417 -0.383895 0.203649
-0.694805 0.371668 0.281418
0.407047 0.620353 0.0466653
0.698787 -0.072193 0.32563
0.68497 0.373616 -0.204557
0.328439 -0.778154 -0.102923
0.0377784 -0.0416234 -0.806568
-0.252217 0.518901 0.541809
-0.0785451 0.698795 -0.56314
-0.456004 -0.738014 -0.150107
-0.623 -0.21531 0.620293
-0.529316 0.59133 -0.461883
-0.843662 0.201641 -0.21281
0.685619 0.360151 -0.267765
-0.475181 0.706396 -0.348568
-0.278036 0.576964 0.475322
0.0822635 -0.450968 -0.74579
0.146334 0.336324 0.646106
0.348816 0.07763 -0.771483
-0.453403 -0.54348 0.592523
-0.683014 0.294134 -0.568978
0.0604924 0.0387675 -0.813517
0.378161 -0.407735 0.54249
-0.832929 0.049146 0.343335
0.416182 0.565171 -0.395588
-0.191402 -0.790459 -0.211225
-0.754286 0.00219348 0.487339
-0.0711583 0.625609 -0.653122
-0.777594 -0.314541 -0.229914
-0.793529 0.325143 -0.139247
0.486185 -0.623594 0.248662
-0.0403148 0.644151 0.412923
-0.0905912 0.410927 0.640081
-0.867774 0.0106356 -0.210988
0.323791 0.0962457 0.689239
-0.130726 -0.839575 0.0794472
-0.350623 -0.566037 0.619733
0.189649 0.750112 -0.00110467
-0.296111 0.489724 -0.734665
-0.187487 -0.33813 -0.737569
0.201164 -0.739845 -0.451872
0.778568 -0.252984 -0.276608
0.728555 -0.48105 -0.151838
0.626792 0.292496 -0.431888
-0.423963 -0.717698 -0.246198
-0.672925 -0.617456 0.104941
0.645276 -0.500647 -0.376461
0.269425 -0.120657 0.756879
-0.0788304 0.239572 0.751251
0.386982 0.561975 -0.454458
-0.0823713 0.108437 0.819129
-0.53053 -0.145071 0.706338
0.330192 -0.559318 0.4689
0.164732 0.696091 -0.493113
-0.56979 0.685265 -0.0667369
-0.324979 0.811442 0.102285
-0.795577 -0.338502 -0.150491
0.381998 0.641782 -0.0131596
-0.0464477 0.564619 -0.699556
-0.809908 0.200248 0.168819
-0.333211 -0.490007 0.685176
0.658667 -0.32448 -0.490172
-0.441028 0.498027 0.479432
-0.316411 0.562012 -0.674165
0.0713387 0.437125 -0.783087
-0.396789 -0.645797 0.531786
0.0815653 -0.15796 0.843258
-0.59685 -0.670407 0.0258383
-0.879601 0.0437667 0.0509624
-0.639136 -0.182931 0.609242
0.305505 -0.654754 0.369799
-0.409284 -0.654693 -0.411571
-0.179261 -0.808959 -0.0835032
-0.445972 0.228046 -0.780677
-0.662077 -0.156488 0.588554
0.229131 -0.805481 -0.102719
-0.216502 0.0478191 -0.807877
0.326395 0.581033 -0.523355
-0.0827808 0.909848 -0.114872
-0.735873 -0.111274 0.511034
0.750245 -0.389064 0.0309645
-0.420606 0.656778 0.30036
-0.0289568 -0.226152 0.852036
0.772822 0.223869 0.0331887
0.0910937 0.67882 -0.554492
-0.239984 -0.33266 0.809376
-0.372848 0.843834 -0.14207
-0.493103 0.577197 0.324161
0.82916 0.0177886 0.0997875
0.252712 0.726022 -0.310435
0.346046 0.0365425 0.685413
-0.120432 -0.234363 -0.777163
0.70708 -0.047313 -0.432432
0.0462787 -0.465258 -0.730097
-0.535857 -0.460597 0.608496
0.277544 0.693762 0.0524863
-0.310053 -0.287423 0.804822
-0.518545 0.419217 0.483231
-0.87486 -0.00794165 0.0622577
-0.833123 0.100966 0.268513
0.580312 -0.567062 -0.370703
-0.462847 0.726221 -0.330516
0.523307 -0.203082 0.518659
0.687939 0.376172 -0.167266
0.330847 -0.080981 -0.764837
0.820309 -0.0708822 -0.234602
-0.00251792 -0.807492 -0.317184
0.455179 -0.649471 0.248843
0.623022 0.384657 0.140345
0.13637 0.103878 -0.810094
-0.862229 0.0958944 0.0687746
-0.8607 -0.0671644 0.306794
-0.68445 -0.29053 0.527791
-0.814009 -0.0149447 -0.445474
-0.347233 -0.132027 -0.766231
0.369818 -0.711261 0.220646
-0.351129 -0.728111 -0.307994
0.796321 0.195638 -0.0393748
0.264761 0.59731 0.321596
0.148228 -0.400326 0.751893
-0.852325 -0.231432 0.203004
-0.854152 -0.0711456 -0.236073
0.542842 -0.50509 -0.558842
0.37568 -0.732953 0.126141
-0.753565 0.290862 0.232677
0.311109 0.61691 -0.470089
-0.765024 0.351086 0.0698916
-0.308191 -0.716117 0.471449
-0.740342 -0.276892 0.462254
0.428485 -0.639776 -0.462924
-0.755702 0.30108 0.204544
-0.851581 -0.205098 0.0277409
-0.752262 -0.55203 0.0639554
-0.33337 0.559093 0.476029
0.586633 -0.108555 0.458799
0.577127 -0.484636 0.293423
0.706484 -0.501004 -0.0732042
-0.0650839 0.0748791 -0.815828
0.0880755 -0.095691 -0.802155
0.68946 -0.352727 -0.44
0.22069 0.729779 0.0229526
-0.247909 -0.693325 0.560843
0.654622 -0.107996 0.383899
-0.16297 -0.214427 -0.776081
0.285308 -0.714674 -0.438655
0.491053 0.583042 -0.0739519
-0.592251 -0.610777 -0.219069
-0.178838 0.348006 -0.815375
-0.493137 0.63568 0.214986
0.447744 -0.575297 0.343663
-0.157519 0.78458 -0.427499
-0.36976 -0.166082 0.807378
0.779271 -0.399186 -0.201003
-0.780107 -0.3494 0.351524
0.393218 -0.742102 -0.000304822
-0.316931 -0.704272 0.496284
0.355023 -0.653962 0.332023
0.51232 -0.665578 -0.0923394
-0.462133 0.512112 0.452614
-0.0389105 0.324508 0.695439
-0.791339 -0.406521 -0.0702392
-0.0307774 0.802956 -0.37639
0.787126 -0.0128524 0.187387
0.135392 -0.195008 -0.79177
0.157655 -0.765659 -0.42591
0.186391 -0.168162 0.798201
0.521756 0.215282 0.450754
0.466954 0.365554 0.411915
-0.783254 0.196106 0.30629
-0.404509 -0.241417 -0.712142
-0.486855 0.802961 -0.120337
-0.64063 0.548117 0.0482424
-0.654197 -0.16634 -0.586404
-0.810093 0.117779 0.356018
0.212852 -0.809067 -0.0742792
0.252097 -0.560314 0.520907
-0.076756 0.236485 -0.829514
0.083419 -0.381722 0.776323
0.057599 -0.791608 -0.3802
-0.229547 0.758697 0.25171
-0.0271374 -0.703699 -0.520444
0.428983 -0.723548 -0.148572
0.124935 0.519161 0.48795
-0.695491 0.0386265 0.548926
0.035417 0.37411 -0.832565
-0.556665 0.0380061 0.66548
0.283772 -0.450913 -0.724523
-0.443255 -0.751379 0.00797139
0.139848 0.422269 0.573929
0.53926 0.163991 0.458557
0.608133 -0.336541 -0.5488
0.74844 0.280192 -0.173144
-0.077403 0.645013 -0.633697
0.388514 0.555004 0.273048
0.00542213 -0.821361 -0.205854
-0.384244 0.566399 -0.624444
-0.0431005 -0.525899 0.721259
-0.131508 0.0277632 0.865502
0.448648 0.0831895 -0.726416
0.76806 0.171302 0.135303
-0.430372 -0.755698 0.000232657
-0.00512739 0.303232 -0.835683
0.537552 -0.642147 -0.227529
-0.556304 -0.653565 0.38405
0.0792747 0.00384616 -0.810613
0.547944 -0.635127 -0.109528
0.515743 -0.578964 0.268328
0.212408 0.743793 -0.0565245
-0.383785 -0.65474 0.529616
-0.670835 0.527933 0.00834485
-0.747953 0.3236 0.189671
0.0574766 0.0251531 -0.812344
0.649779 -0.483736 -0.407735
-0.763558 0.215013 -0.477585
0.176648 -0.251103 0.785956
-0.0464078 0.63856 0.421969
-0.552057 0.321253 0.530952
-0.84373 -0.148811 -0.174102
0.580243 0.437808 0.150439
-0.56989 -0.0840869 0.678631
-0.402884 -0.739063 0.293772
-0.713975 0.523816 -0.144832
-0.522953 -0.713639 -0.0264323
0.457122 0.605858 -0.134712
-0.64376 0.535171 0.0693136
-0.245542 -0.717195 0.516902
0.771949 -0.23398 -0.295482
-0.15631 -0.760201 -0.433291
0.468142 -0.13347 0.586257
0.364216 0.627699 -0.357354
0.174116 -0.818115 0.0645841
-0.0874162 0.732531 0.324525
0.273706 -0.453589 0.602412
-0.316495 -0.730183 0.424783
-0.628418 0.360588 -0.613129
0.270284 0.519403 -0.640862
0.609121 0.453815 -0.225209
-0.41072 0.301701 0.689421
-0.79384 0.314684 -0.0798602
0.215788 0.213138 0.697751
-0.673126 0.127488 -0.617727
-0.0510098 0.805191 0.221486
0.744064 -0.290746 0.163698
-0.496297 0.566912 0.3374
0.108549 -0.524726 -0.685297
-0.393979 -0.758581 -0.122088
-0.563035 0.624617 -0.386387
-0.216917 -0.763264 -0.345894
0.803085 0.166906 0.00208608
-0.391689 -0.628841 0.551044
-0.406745 -0.442954 -0.585173
0.233012 -0.80551 0.0419494
0.00191796 0.722068 0.303611
0.17183 -0.806325 -0.222773
0.591702 0.477659 -0.205518
0.257305 0.567661 -0.602634
-0.588646 -0.395897 -0.48652
0.435162 0.443166 0.373446
-0.0131222 0.486842 -0.754261
-0.551462 -0.510333 0.551798
-0.554975 0.703772 -0.0671559
0.776602 -0.278869 0.097872
-0.170836 0.776368 -0.446984
0.0130347 -0.606727 0.601185
-0.543764 -0.677421 0.324863
-0.0109489 -0.0944029 0.876444
0.176076 -0.405915 -0.771059
0.551218 -0.540039 0.269484
-0.604709 -0.255121 0.632032
-0.409682 0.741943 0.172028
0.688508 -0.228831 -0.452596
-0.240855 0.663956 -0.600216
-0.746032 -0.338994 0.43586
-0.0686363 -0.675631 0.560988
-0.0665336 -0.855817 0.221812
-0.51663 -0.432768 -0.518022
-0.591009 -0.680852 0.134359
-0.0735903 -0.440968 0.777298
-0.708546 0.456036 0.0540026
-0.444824 -0.331271 0.721026
-0.62035 -0.525007 0.457545
0.0582999 0.470764 0.56239
0.443619 0.136644 0.559678
-0.353031 0.700003 -0.461568
0.413961 0.15508 0.578456
-0.158093 0.821462 -0.3422
0.377828 0.067657 0.649434
-0.332054 -0.658908 0.551845
-0.702076 -0.382344 -0.352805
-0.108326 0.47417 -0.763637
-0.0381218 0.36802 0.666079
-0.391608 0.739914 0.20957
0.152371 -0.820903 -0.0298903
-0.86244 -0.123501 0.279189
-0.850964 0.0843831 0.208348
0.133275 0.649148 -0.572762
-0.664184 0.412895 0.279943
0.636911 -0.5094 -0.375217
0.0381374 -0.275437 0.826405
-0.552754 -0.708716 0.195198
-0.656985 -0.499471 0.431196
-0.576078 -0.360427 0.624895
-0.800168 -0.0590665 -0.436383
-0.15084 -0.178272 -0.782975
0.452565 0.122434 -0.715631
0.256118 -0.801795 -0.0568829
0.170906 -0.502283 -0.708564
0.358839 -0.529567 -0.664988
-0.547705 -0.397018 0.631563
-0.45372 -0.275059 0.741928
0.0614399 0.337775 0.673222
0.579852 -0.192454 -0.59376
-0.00190716 -0.751032 -0.475858
-0.358692 0.160809 0.78541
-0.396367 -0.571542 -0.502511
0.373209 0.663009 -0.162248
0.616312 0.348802 -0.387659
-0.416834 0.695656 -0.416394
-0.838963 0.217041 -0.229555
0.759786 0.0172296 -0.363309
0.845123 -0.257076 -0.129126
-0.683861 0.0720292 0.549282
0.743737 -0.12756 -0.381053
-0.112519 0.691007 0.384661
-0.588096 0.300002 0.510345
0.331938 -0.51097 0.507618
0.378629 -0.676788 0.280341
-0.52809 0.157865 0.660386
0.777978 -0.168854 0.17983
0.292247 -0.666785 -0.522224
-0.135928 0.117234 -0.818076
-0.348421 0.346877 -0.790814
0.605317 0.0904906 0.420476
-0.283974 0.584075 0.46605
0.18042 -0.721842 0.359373
0.482163 -0.68789 -0.303521
0.382316 0.145709 -0.752457
-0.199415 -0.668986 0.593029
0.300955 -0.759343 0.153452
-0.704393 0.481303 0.0126709
0.0559832 -0.273535 -0.785887
-0.125558 -0.0720361 0.900916
-0.730883 0.244584 0.367129
0.365794 -0.107858 0.686469
0.158525 -0.549733 -0.66692
-0.626889 -0.619876 0.286065
0.329122 0.324719 -0.730124
0.709936 0.193611 -0.403746
0.139188 -0.819022 0.133348
0.228809 0.743998 -0.303931
0.32978 0.614045 0.233571
-0.319608 0.63376 0.401185
-0.201159 0.49428 -0.746741
-0.245919 -0.506758 0.706364
0.833364 -0.125804 -0.192926
0.309517 -0.0370583 -0.771264
0.204771 -0.198661 0.786025
-0.436241 -0.108052 0.769448
0.713728 0.0691869 -0.426574
-0.804414 -0.345712 -0.0906766
-0.00364067 -0.255594 0.840174
-0.217211 0.732431 -0.512624
0.642153 0.176879 -0.494557
-0.665026 0.0193816 -0.64869
0.183751 -0.436557 -0.761776
0.670367 0.398204 -0.181771
-0.372849 0.652225 -0.519929
-0.265803 0.686347 0.35707
-0.569967 -0.183588 0.676958
-0.553547 0.350201 -0.681412
0.318099 -0.628916 -0.568532
-0.099385 -0.84686 0.251411
0.695812 -0.0353439 -0.44789
0.728453 -0.292333 0.199881
-0.239438 -0.815275 0.133844
0.791737 0.201232 -0.0254859
0.511664 -0.663842 -0.246953
0.769467 -0.235164 -0.30044
-0.203267 -0.570201 -0.598317
0.277892 0.163562 -0.788633
0.57407 0.373501 0.281753
-0.5307 -0.533947 -0.439024
-0.740453 0.0253492 -0.543362
0.0954415 -0.347128 0.788504
0.155947 -0.752711 0.319613
-0.296803 0.198525 -0.816217
-0.478687 -0.266209 -0.651715
0.495558 -0.614829 -0.442832
0.168302 0.672875 -0.529129
-0.771878 -0.242707 -0.319334
0.549525 0.276763 -0.558589
-0.184442 -0.378278 -0.723058
0.609004 -0.58394 -0.0648843
-0.114881 0.480636 0.581646
0.0813459 0.321762 0.679115
-0.838499 -0.347987 0.184482
0.76496 -0.42391 -0.0625098
0.131814 -0.656857 -0.572449
-0.499595 -0.512944 -0.477364
0.456714 -0.525607 -0.633826
0.259027 -0.278236 -0.765121
-0.500683 0.596664 0.273727
0.508283 0.288485 -0.589024
0.218166 0.760951 -0.276292
-0.248343 -0.812916 0.16098
-0.0475645 -0.544333 -0.654172
0.174816 0.482243 0.505236
-0.222803 0.502769 0.565288
-0.764059 0.393227 -0.0681461
0.0525106 -0.725171 0.44866
-0.357056 -0.614445 -0.49599
0.159425 -0.555002 0.577754
0.436844 -0.704142 0.136554
0.694209 -0.158491 -0.446792
0.425928 0.558575 0.196923
-0.295136 0.547707 0.500114
-0.630914 0.623813 -0.103238
-0.811784 0.111122 0.361971
-0.302118 0.241171 -0.810676
0.427694 -0.148454 0.629091
-0.560864 0.167578 0.628607
0.474198 -0.472281 -0.635504
-0.648324 -0.0811494 -0.64746
-0.140533 -0.831841 0.034107
0.66902 -0.307844 -0.476698
0.000309087 0.844705 0.0295359
0.602401 0.221862 -0.522559
-0.377096 0.25348 0.740364
0.0817174 -0.610641 0.559092
-0.323756 0.665174 0.355408
0.160254 -0.105189 -0.793004
-0.405745 0.55973 0.440088
0.231664 0.714386 0.0999649
0.185928 0.753587 -0.0128626
-0.0197545 0.880187 -0.145361
-0.247201 -0.0109647 0.872126
-0.537486 0.230927 0.623888
-0.843535 -0.0951412 -0.259194
-0.858225 -0.143113 0.00847964
-0.860426 0.0408001 0.251188
-0.0279586 0.638932 -0.635075
0.464732 -0.473428 0.413894
0.480332 -0.689075 -0.10311
0.00842633 0.559331 0.486531
-0.824901 0.053112 -0.421676
-0.0180088 -0.573445 0.655016
0.45184 0.519637 0.251277
-0.287456 0.384572 0.669522
0.388366 0.534488 0.305037
-0.684251 0.384046 0.284924
-0.572741 0.61898 -0.385667
-0.0649096 -0.0541745 -0.803442
-0.404993 0.219218 0.744841
-0.668785 -0.00625403 0.581935
-0.120626 -0.497717 -0.684811
-0.210999 -0.55163 0.685479
-0.380304 -0.125058 0.803777
-0.158812 -0.689057 0.560697
-0.312129 -0.74149 0.394702
0.241933 -0.673101 -0.548831
-0.605032 0.646141 -0.317081
0.249084 0.076921 0.762941
0.527778 -0.584068 -0.45657
0.517047 0.0853395 -0.679672
0.0423058 -0.835268 -0.10551
0.522614 0.406909 0.313004
-0.171691 0.29429 -0.825817
-0.0682489 -0.86311 0.167394
0.108313 -0.529164 -0.681434
-0.420765 0.70429 -0.399532
0.820735 -0.154731 0.0764672
-0.803583 -0.432527 0.214953
0.244383 0.717856 0.00918337
-0.100447 -0.858112 0.188949
-0.516262 -0.0520166 0.715127
0.629592 0.371035 -0.344021
-0.0753295 0.224354 0.75977
-0.364398 -0.746285 0.317375
0.729034 -0.19791 0.272523
-0.0239585 -0.715083 -0.510806
0.114438 -0.777223 -0.411955
0.440149 0.289957 -0.64995
-0.810435 0.12445 -0.428944
0.0937649 -0.00066753 0.8412
0.36599 -0.288212 0.642603
-0.344994 -0.67539 -0.459743
0.402244 0.568209 0.219165
-0.67978 0.502491 -0.428489
0.139308 0.494256 0.509159
0.615695 -0.15391 0.430239
-0.265477 0.88884 -0.0953347
0.608054 -0.570916 -0.285567
0.549023 0.0644786 0.480045
0.0693089 -0.83785 0.0595522
0.355748 -0.119301 0.698072
0.724095 -0.477662 -0.19618
-0.0984359 0.19589 -0.82593
0.676731 0.353183 0.0613194
-0.434422 -0.484339 -0.539703
0.26156 -0.780595 0.134497
-0.794468 -0.391428 0.276544
0.140949 -0.823068 -0.0243893
-0.877258 0.00547569 0.100905
-0.0510472 0.889595 -0.0877423
0.508145 -0.00705839 -0.68832
0.290334 -0.0495491 0.747061
-0.098366 -0.519193 0.743795
0.107041 0.5027 -0.727252
0.508355 -0.665684 0.0712773
-0.79028 0.361917 -0.31261
0.217184 -0.147959 -0.780458
0.481375 0.177552 0.505685
0.0788612 0.452367 -0.771084
0.0984966 0.547612 0.467241
0.721668 -0.40012 0.0924452
0.473406 0.149199 0.526297
0.401654 -0.429469 0.504902
0.713785 -0.474811 -0.251025
0.0673923 0.397767 0.627956
-0.770205 0.400025 -0.217821
-0.484604 0.799206 -0.15262
-0.236873 -0.706325 0.54321
0.611589 -0.568637 0.0650126
0.870259 -0.0578269 -0.0410833
-0.377875 -0.324168 -0.681735
-0.354931 -0.697614 -0.399697
0.512453 -0.596443 0.246953
0.649344 -0.549227 -0.0939135
0.58812 0.413935 -0.354354
-0.635541 -0.459389 0.50772
0.28419 0.571103 -0.581896
-0.163871 -0.258338 0.8596
-0.0270356 -0.831028 -0.113412
0.0239088 0.737574 -0.483844
0.46691 -0.562114 -0.564013
-0.196963 0.0338074 -0.807218
0.451769 0.0114986 0.584107
0.798797 -0.0433975 0.173621
-0.741539 0.404134 -0.449294
-0.468841 0.65993 0.214984
-0.698816 -0.487535 0.3746
-0.135624 0.885712 -0.190316
-0.147808 -0.397211 -0.723636
0.792392 -0.32745 0.00316385
0.630537 0.376571 -0.336592
0.842904 -0.201767 -0.00474874
-0.0308779 0.715444 -0.531364
0.545105 -0.444157 -0.580468
-0.734064 0.160308 0.445901
-0.408551 -0.761725 -0.0465567
-0.546921 0.59467 0.19106
0.775823 -0.129277 -0.313979
0.610502 -0.300919 -0.550125
-0.425289 0.0223391 0.767923
-0.568424 -0.62671 -0.223582
0.154441 0.757703 -0.388405
0.603407 0.392247 -0.358932
0.237765 -0.479112 0.614946
-0.0818875 -0.772601 0.420151
0.279481 -0.31093 0.703289
-0.809306 0.250766 -0.405428
0.304612 0.350506 0.546574
-0.646822 -0.609906 0.25496
-0.155593 0.470076 -0.763928
0.273007 0.375273 -0.750352
-0.192876 0.900879 -0.11341
-0.186407 0.309875 0.719441
-0.607701 -0.652137 0.228394
0.0394846 -0.524906 0.676908
0.274605 0.6901 0.097628
0.244742 0.356236 -0.778578
-0.237238 0.428605 0.630157
0.060039 -0.807364 -0.312305
0.088089 -0.826525 0.181913
-0.314763 0.509834 -0.711594
0.365635 -0.479719 -0.690324
0.580805 0.28136 0.35253
0.300139 -0.262566 -0.758941
-0.539291 -0.398853 0.637928
-0.0792046 0.657705 -0.617897
-0.157358 0.285923 -0.829064
-0.697308 -0.146255 0.549069
-0.379814 0.0124036 -0.78486
-0.505867 -0.47366 -0.498678
0.732258 -0.0971135 -0.397283
-0.751927 0.368906 0.0857495
0.222568 0.745345 -0.118558
0.579547 0.464589 0.0846626
0.596502 -0.0960677 0.446986
-0.76564 0.43155 -0.381794
-0.0336891 0.109426 -0.819146
0.314082 -0.335865 -0.739201
0.218344 -0.454573 -0.743035
-0.256507 0.607381 0.450754
-0.868607 -0.0438019 -0.0340466
-0.431936 -0.671019 -0.339201
-0.136777 0.8133 -0.359961
-0.865496 -0.0856881 0.0404229
-0.850773 -0.179155 -0.0495613
0.514709 0.0354431 0.51824
0.694809 0.0144671 -0.450554
0.106668 0.525426 -0.706124
-0.509391 0.680799 -0.354288
0.811274 -0.0749564 0.141465
0.0427058 -0.843896 0.113649
-0.601984 -0.161918 0.648459
0.685687 0.250017 0.208948
-0.194202 0.410744 -0.798908
0.584963 0.345939 -0.43641
0.655341 0.422803 -0.0503202
-0.0236912 0.21648 -0.828236
0.563768 0.0248312 0.470482
-0.534004 0.669832 0.071897
-0.524484 -0.324585 0.684483
0.221173 0.728864 0.0283489
0.2498 -0.471767 -0.725237
-0.16453 0.503673 -0.742656
0.408942 -0.681537 -0.40483
-0.596146 -0.382571 0.594997
0.111272 -0.75056 0.360789
-0.378652 0.344726 0.668145
-0.660738 0.623055 -0.220101
0.357583 -0.125788 0.69718
0.627176 -0.00726355 -0.540865
0.349154 0.653676 0.0450829
-0.854034 -0.201532 0.118977
0.660978 -0.353377 0.281752
0.240972 0.511709 0.449385
-0.654382 -0.212606 -0.554607
-0.398278 -0.334958 0.742016
0.206529 -0.798213 0.16137
-0.411668 0.633245 0.340356
-0.857078 -0.152715 0.00622071
0.219485 0.261069 0.664197
-0.659939 0.375984 -0.566241
-0.386833 -0.49582 -0.562658
0.0236104 -0.754934 0.424669
-0.279222 0.668202 0.375045
0.801478 -0.0423391 -0.281788
-0.849805 -0.167605 0.306702
-0.262466 0.490521 0.568158
0.197471 0.190296 -0.80481
0.566743 0.506388 -0.189308
-0.725078 -0.520225 -0.150349
0.47726 0.521737 -0.362903
-0.269196 -0.153633 -0.775113
-0.0580041 0.862439 0.0771773
-0.772719 0.0637226 -0.491914
0.557107 -0.289811 -0.607159
-0.709034 0.314451 -0.530616
-0.47157 0.416323 0.53626
0.640861 -0.168713 -0.518212
-0.0147933 0.403013 0.64029
-0.462027 0.0167253 -0.765557
-0.299024 -0.50936 -0.605562
-0.0479741 0.770262 -0.448485
0.42026 -0.607294 0.334553
-0.069195 -0.759299 -0.460584
0.393773 -0.678185 0.266409
-0.865486 -0.119682 0.21302
-0.441026 -0.0916531 0.766086
-0.0917976 0.51301 0.553022
0.292248 -0.795671 -0.0444501
0.712713 0.0154828 -0.426521
0.531523 0.449028 0.250993
0.00694401 0.683005 -0.568565
-0.705528 0.280558 0.372487
0.0870557 -0.415806 -0.764824
0.696888 0.289239 -0.330009
0.849772 -0.0890426 0.0230856
-0.253221 0.490298 -0.746084
0.303609 0.151125 -0.782104
-0.372299 0.219436 0.757536
0.250371 0.706412 0.0769271
-0.768527 0.373914 -0.0248182
-0.490457 -0.621481 -0.359501
-0.401568 0.440356 0.560517
0.266235 0.00683918 0.7664
-0.718802 -0.386957 0.445738
-0.489023 0.148737 -0.767175
-0.0799596 0.384056 0.659301
-0.698473 -0.539399 0.312255
0.441946 0.0785228 0.584268
0.0114279 0.85287 -0.0594721
0.746792 -0.450965 -0.214313
0.24101 -0.804124 -0.0716291
-0.177103 0.664477 -0.621744
0.159922 -0.661574 0.459831
0.276089 0.678337 0.156234
0.18925 -0.251766 0.780295
-0.845363 0.165773 -0.0445743
-0.107852 0.872386 -0.21976
0.305489 0.339003 -0.742926
-0.712468 0.407459 0.147388
-0.516672 0.548156 0.334455
0.00989259 -0.791419 -0.397614
0.124483 -0.822653 -0.162018
0.845078 0.0423635 -0.204639
-0.363027 -0.351068 0.751588
0.695724 0.166094 0.272272
-0.130072 0.357405 0.682046
0.640668 0.182158 0.350957
0.253984 0.408401 -0.742653
-0.317376 -0.00723739 -0.793376
0.335216 -0.767698 -0.166152
0.358368 -0.216554 -0.750037
0.481247 0.582906 0.00461817
-0.124217 0.462332 0.597644
0.165904 -0.352664 0.760075
-0.746666 0.337171 0.167914
-0.0173906 -0.731633 -0.496934
0.283719 -0.209794 0.742178
-0.15574 -0.513766 -0.659339
-0.420658 0.316148 -0.779694
-0.704975 -0.00248711 -0.597369
-0.859617 0.139868 -0.261649
-0.338193 -0.0530722 0.833036
-0.154655 -0.840416 0.209061
-0.424513 0.793575 -0.232252
0.0306016 0.111967 0.799595
-0.760572 -0.239218 -0.351931
0.275113 -0.386007 -0.741593
-0.383181 -0.645655 0.538851
-0.599147 -0.494353 0.515216
-0.74114 0.401604 -0.452798
-0.0317748 -0.518263 0.723438
0.843594 0.0638432 -0.199106
0.513558 0.535765 0.0790382
-0.405121 -0.472573 0.670517
0.184671 0.496332 0.488134
-0.665809 0.0590767 -0.640526
0.675925 -0.225037 0.336383
0.341417 0.486361 0.410385
-0.338446 0.117569 0.808996
-0.65689 -0.133508 -0.604914
0.209815 -0.0851637 -0.785625
0.411061 0.555345 -0.422758
-0.608825 -0.181625 0.641977
-0.141541 0.645348 -0.641399
-0.5314 0.494795 0.397189
-0.458151 0.584562 -0.535472
-0.521231 -0.456489 0.619204
-0.441469 0.31623 0.654261
-0.677693 0.548871 -0.0599722
-0.846848 -0.270462 0.149414
0.734487 -0.25721 0.224497
-0.615655 0.368461 0.410243
0.17754 0.231437 -0.810813
0.145866 -0.465416 -0.739378
-0.122133 -0.638853 0.616702
-0.018194 -0.0583687 0.884856
-0.0743456 0.548919 0.520695
-0.630756 -0.525272 -0.354982
-0.495505 0.466089 -0.628257
-0.339192 -0.229332 0.818171
-0.384639 -0.154988 -0.752858
0.123913 -0.737361 0.376314
-0.0439947 -0.183668 0.864421
-0.835255 0.143444 -0.376303
-0.535734 0.446576 0.441332
-0.190629 -0.471876 -0.676653
-0.389336 -0.768888 0.0595113
-0.155896 -0.485582 0.757426
0.368053 -0.554004 -0.644174
0.415394 0.378612 0.442693
0.345476 -0.409782 0.570737
-0.86218 -0.0770112 -0.098209
-0.794293 0.195815 0.264282
0.518668 -0.572502 0.27341
0.0587018 -0.801936 0.282298
-0.756641 0.444943 -0.304953
0.633499 0.387595 -0.319619
-0.00125861 0.834328 0.084036
-0.722418 -0.110885 0.527898
-0.562655 -0.701367 0.194962
0.727889 -0.308241 0.183456
-0.632489 0.00414993 -0.696383
0.65269 0.293322 0.21969
0.0757683 0.0883725 -0.817811
-0.180804 -0.815591 -0.0276825
-0.714146 -0.235282 0.505746
-0.201178 -0.776659 -0.305264
-0.400482 0.708398 0.245939
0.727484 -0.480787 -0.168939
-0.78748 -0.499129 0.0539421
0.725707 0.015125 0.275388
0.294134 -0.697155 -0.464653
0.41977 0.403556 0.419617
-0.470561 0.806544 -0.146184
0.167602 0.231866 -0.812574
-0.372786 0.379663 0.638046
0.105942 -0.503281 0.664157
-0.68065 0.198942 -0.593149
-0.0239542 0.307528 -0.8359
0.294164 -0.530164 0.526631
0.120821 0.811343 -0.192664
-0.0711475 -0.26595 -0.77708
-0.521789 -0.174057 0.712471
-0.354584 -0.668118 -0.459045
0.04234 0.115807 -0.820018
-0.462742 0.508735 0.455575
-0.415811 0.83447 -0.0600902
-0.177194 -0.434791 0.782312
0.302141 -0.542968 0.508704
0.191903 0.727656 -0.402763
0.601953 -0.260723 0.40132
0.0254841 -0.782116 -0.421589
-0.584768 -0.30353 -0.55473
-0.51354 0.246476 0.636359
0.318754 0.698294 -0.24814
-0.610058 0.495239 0.254183
0.803304 -0.108129 0.145212
-0.0803629 0.203845 -0.826738
-0.084806 0.57111 0.502196
-0.825134 -0.346573 0.0295863
-0.673828 -0.547368 0.345334
0.182332 0.674363 -0.518115
0.0689565 -0.4366 -0.753007
0.383235 -0.725389 0.145631
0.31686 -0.385553 -0.727447
-0.641446 0.5271 0.094702
-0.216933 -0.0165341 -0.801324
-0.876193 -0.0170044 0.167832
-0.827318 -0.204742 0.338971
0.228778 -0.778839 -0.29318
0.281353 -0.416458 -0.732841
0.450014 -0.360314 -0.681936
-0.228851 -0.252282 -0.761206
-0.0561302 0.855708 -0.255532
0.13446 0.770524 -0.38211
-0.277664 0.845386 -0.218211
-0.242587 0.846508 0.0520219
-0.836691 -0.30441 0.0295578
-0.820297 -0.197114 0.362157
0.0200529 -0.774908 0.381039
-0.286441 0.582961 0.46641
0.125521 -0.116257 0.834036
-0.392028 -0.199085 -0.733095
-0.658745 -0.204145 -0.555885
-0.699504 0.555858 -0.162626
-0.4407 0.639722 0.305083
-0.534353 -0.075593 -0.728771
-0.368641 -0.409213 0.720306
-0.154344 -0.833036 0.265657
-0.687822 -0.606991 -0.0505246
-0.837153 -0.331113 0.0795567
0.688068 -0.351361 -0.443299
0.360187 -0.65341 -0.492487
0.576567 -0.424373 -0.558137
0.486815 0.585116 -0.0409595
-0.119611 -0.0644765 0.899669
0.515168 0.23122 0.44939
-0.419832 0.736429 0.163319
-0.86025 0.140363 -0.257844
-0.424573 0.589254 -0.560128
-0.737754 -0.267486 -0.380784
-0.594892 -0.667473 -0.0409439
0.270931 -0.493504 0.575203
0.130245 -0.778175 0.290748
0.0394087 0.827012 -0.316504
-0.236162 0.436256 0.623559
-0.617626 0.508726 0.205083
-0.337115 -0.295572 -0.715861
0.0948262 -0.356773 0.784603
0.407816 -0.723158 -0.328272
0.355831 -0.468624 0.517476
-0.605438 0.233749 0.548345
0.604605 -0.576548 -0.276173
0.521483 0.0884661 -0.674042
-0.573276 0.617262 -0.387656
0.0930842 -0.0854973 0.852562
-0.350363 -0.438622 -0.625838
-0.0976274 0.22135 0.763431
-0.73712 0.164974 -0.523059
-0.54966 0.203791 -0.742996
0.760714 0.0955766 0.202093
0.373605 0.656376 -0.0959008
-0.872095 -0.024736 0.0244497
0.397579 0.358679 0.472241
-0.485998 0.431267 0.507951
-0.022075 0.0977298 -0.818219
-0.60635 0.384437 -0.617118
-0.0586918 0.519659 0.544958
0.169726 -0.763731 -0.420914
0.506107 0.535228 0.0959494
0.304073 0.661314 0.15532
-0.0985515 -0.628835 -0.578145
-0.631498 0.647722 -0.183133
-0.788998 -0.29796 0.370946
-0.748099 0.378961 0.0805028
0.313664 -0.254063 0.714116
-0.855497 0.0248387 -0.363725
0.565185 -0.114859 0.482892
0.153023 -0.00735978 0.826516
0.580379 0.0364025 -0.604897
-0.431909 0.491902 -0.651834
-0.284944 -0.31525 -0.725656
-0.10695 -0.798311 -0.291993
-0.261649 0.283163 -0.81367
-0.620406 0.33752 -0.635592
-0.172358 -0.765846 -0.390033
-0.276385 0.750167 -0.444755
0.235561 0.161164 0.717756
-0.799614 -0.311656 0.331699
-0.408815 -0.688351 0.452061
0.280944 -0.494961 -0.702653
-0.0540317 0.407046 0.640553
-0.541259 -0.65238 -0.209948
-0.383442 0.433951 0.57793
-0.259403 0.764868 -0.435356
0.631624 -0.252188 0.372148
0.564276 -0.582372 0.174835
0.622668 0.351303 -0.375676
-0.157447 -0.308414 -0.755118
0.100147 -0.750949 -0.479917
-0.853398 0.172411 -0.1947
-0.824519 0.25197 -0.204292
-0.563341 0.213401 0.608014
0.775963 -0.303548 0.071818
0.482603 0.153565 0.515761
0.350866 -0.551546 -0.648321
0.137327 0.0874309 -0.808909
0.414358 0.624192 -0.0209342
0.170799 0.189688 -0.809416
0.529061 -0.31197 0.456084
0.00119297 0.628891 0.414793
-0.41996 0.540502 0.450379
0.0980901 -0.721007 0.424867
-0.59119 0.286759 0.51834
0.182447 -0.0407982 -0.793129
-0.330237 0.502183 -0.70954
0.676355 -0.351755 -0.465681
0.733509 -0.247351 -0.373531
0.685686 -0.19696 0.340452
-0.0489843 -0.835278 0.26522
-0.492671 0.688243 -0.358796
0.162636 -0.0268731 -0.797436
-0.0858097 -0.563951 -0.633783
-0.604128 0.163825 -0.701687
0.202454 0.569325 -0.635044
-0.207526 -0.578173 0.666419
-0.874921 -0.0267795 0.160877
-0.645966 -0.628641 0.170853
0.201267 -0.80516 -0.169655
0.718712 0.306287 -0.266383
-0.0873588 0.237997 0.752898
-0.858056 0.15901 -0.189639
0.459633 0.173949 -0.697139
-0.598354 0.198274 0.580632
-0.244 -0.520179 0.69679
-0.831581 -0.257343 -0.0737082
0.576369 -0.567242 -0.380015
-0.772127 -0.511646 0.16661
-0.0409039 -0.18629 -0.790962
-0.0688139 0.712563 -0.542583
-0.743072 -0.505331 -0.119751
-0.441603 -0.751714 0.0665474
0.217617 0.093744 0.767181
0.614199 0.460468 -0.0134762
-0.444262 0.133182 0.732782
0.071189 -0.78831 -0.389501
0.728792 -0.284572 -0.374034
0.309599 0.648928 0.186927
-0.190176 0.585661 0.488976
0.301859 0.656526 0.181865
0.167925 -0.317324 0.769914
0.625382 0.0209291 0.406318
-0.292906 0.150032 0.813926
-0.361382 -0.777984 0.210438
-0.00250681 0.504987 -0.739815
0.748144 -0.246601 0.203159
-0.265146 -0.355366 -0.714689
0.780537 0.222778 -0.176173
0.593105 0.458457 0.0583278
-0.543028 0.632082 0.128007
-0.425969 0.718691 0.185146
-0.665649 0.159622 -0.62106
-0.417846 -0.182469 0.778118
0.382108 -0.683239 0.267633
-0.290184 0.608881 -0.65181
-0.817796 0.280039 -0.265711
0.0334004 0.66949 0.353831
0.700914 0.0289718 0.310614
-0.875624 0.0174411 0.21481
-0.195069 -0.544063 -0.621106
0.737598 0.154071 -0.388055
-0.0839336 0.911503 -0.123198
0.784694 0.215833 -0.164663
0.139329 0.767289 0.0814353
-0.703439 0.285478 -0.545268
-0.0561275 -0.862739 0.192252
0.0519427 0.384531 -0.823884
-0.712271 0.543898 -0.235628
-0.294473 0.213561 0.78415
0.575757 0.386651 0.256484
0.863231 -0.118766 -0.130969
0.204379 0.767952 -0.223979
-0.771977 -0.0725057 0.465019
-0.543532 0.476296 -0.586186
-0.135663 0.57427 -0.700222
0.754049 -0.275135 -0.322916
0.584613 0.511105 -0.100179
0.140761 -0.817334 0.144128
0.456548 0.509692 0.269105
0.703974 0.0715069 0.30108
-0.394952 -0.0523164 0.79674
0.189622 0.766865 -0.143832
-0.658166 -0.461068 0.476819
-0.633849 0.415252 -0.572628
0.12995 -0.8146 0.190815
-0.178182 0.828049 -0.328052
-0.244515 0.619833 -0.655139
0.579101 -0.58258 0.134561
0.67543 -0.393123 0.215927
0.0675075 -0.829777 -0.160663
0.451781 0.608272 -0.174904
-0.560421 -0.14625 0.686161
-0.331169 0.368399 0.674171
0.599387 0.487914 -0.0551953
-0.741378 0.470043 -0.215085
0.00649089 0.373992 -0.831262
0.578214 -0.595955 -0.303418
0.0121421 -0.847078 0.0208887
0.107133 -0.641074 0.511503
0.51638 -0.634194 0.176664
-0.381471 -0.279521 0.775075
-0.809431 0.279319 -0.121516
0.540206 0.241658 0.421386
0.433477 -0.688669 0.202261
-0.432422 0.269485 0.703977
-0.102592 -0.852214 0.132931
-0.188487 0.576475 0.498713
-0.346653 -0.74872 -0.246622
0.447438 -0.464542 -0.660463
-0.736478 -0.388138 -0.258637
-0.808891 -0.451209 0.102137
0.776688 0.0908193 0.176658
0.207788 -0.245168 -0.776077
0.782018 -0.0997546 -0.308381
-0.737537 0.469873 -0.144566
-0.301826 -0.0998837 0.85143
0.176545 0.759943 -0.0219917
-0.0146813 0.812 -0.35463
0.0473598 0.768146 0.216649
0.302513 -0.650421 -0.542945
0.109192 -0.221977 -0.791464
-0.659136 -0.400044 0.528439
-0.767888 -0.503301 0.198714
-0.748527 0.171565 -0.506114
-0.22145 0.806451 0.173111
0.223236 -0.252244 -0.772953
-0.303637 0.545933 -0.691586
-0.063964 0.828164 0.190137
-0.588147 0.70677 -0.227923
0.877634 -0.0599985 -0.0743067
0.0346588 0.24317 -0.830855
-0.39419 0.720391 -0.395744
-0.649534 0.135888 -0.647258
-0.733775 -0.427966 0.375107
0.485864 -0.153727 -0.694225
-0.720134 -0.201954 -0.488802
0.216279 0.724824 -0.37138
-0.0818834 -0.8438 0.254844
-0.441843 0.784363 -0.241633
-0.760329 -0.490477 0.243516
0.537368 0.0620354 -0.659875
-0.735051 -0.177239 0.494846
-0.849811 -0.240883 0.13099
-0.774971 0.152123 -0.473029
0.00405969 0.80986 -0.358124
-0.106227 -0.457594 -0.708819
0.329495 0.671827 -0.0132614
0.0220042 -0.8456 0.0322227
0.518549 -0.217095 -0.65525
0.545679 -0.0883543 0.502208
-0.863869 -0.127235 0.237495
-0.618569 0.329708 -0.640076
0.717464 0.26651 -0.322635
-0.654299 0.585943 -0.0788576
0.0130875 -0.457542 -0.733054
0.369516 -0.526108 -0.666422
-0.545214 0.381719 -0.662134
0.486954 -0.133968 0.567216
0.136047 -0.352181 -0.780462
0.065133 -0.57636 -0.63743
-0.453967 0.234258 -0.778002
0.0993702 0.71294 -0.503603
-0.233379 0.0136984 0.872181
0.486596 -0.420397 -0.639309
-0.472653 0.778115 -0.230658
-0.109918 -0.850823 0.232264
0.0907611 0.48449 0.536512
0.578569 0.281383 0.355063
0.654123 -0.485366 -0.39289
0.50572 -0.593724 0.262232
0.2867 0.633487 -0.470391
-0.0546206 -0.77905 0.405695
0.53126 -0.596357 0.214513
-0.481388 -0.457071 0.642376
0.771419 -0.345787 0.0334795
0.63196 0.0411908 -0.535716
-0.467239 0.656034 0.225234
0.0459754 -0.836511 0.189899
-0.795046 -0.0407988 0.427447
0.672946 -0.499126 0.0520939
-0.0366417 -0.14851 -0.794965
0.47437 -0.426138 0.440734
0.053596 -0.721989 0.451578
-0.410691 0.37019 -0.76261
0.280016 0.463743 -0.683061
0.465131 -0.282975 -0.68858
0.140991 -0.820941 -0.111654
0.544817 -0.630906 0.110826
-0.0517417 -0.0713548 0.890047
-0.39351 -0.0284661 0.797502
-0.0788104 -0.0245045 0.879225
-0.484516 -0.735578 0.0347696
-0.861239 -0.0291993 -0.227361
0.34582 0.639943 -0.369323
0.802576 -0.15932 0.121081
-0.644944 0.652609 -0.267289
-0.331292 -0.179438 -0.761398
0.148973 0.77696 -0.0367294
0.0851443 0.0648296 -0.81584
-0.536003 -0.360244 0.659533
0.778183 -0.209271 0.15876
-0.579398 0.518889 0.27226
0.271516 0.687918 0.123356
-0.829412 -0.0639259 -0.354379
-0.43103 0.792813 -0.228405
-0.873801 -0.0197201 0.074975
-0.782789 -0.507126 0.104469
0.0237222 -0.710194 0.481034
-0.271144 0.850715 -0.206966
-0.407076 -0.736017 0.298934
0.761289 0.278266 -0.0538712
0.565736 -0.248006 -0.602595
0.411007 -0.734031 -0.11221
0.177488 0.492032 -0.718013
0.809427 -0.0490371 -0.263233
-0.103769 0.0767272 0.837685
0.371216 0.373286 -0.66208
0.818015 -0.299981 -0.180551
-0.734133 0.373602 0.143842
0.760576 -0.301005 0.112076
-0.567192 -0.656556 -0.151194
0.271538 0.617448 0.284972
-0.618456 0.525023 0.165565
-0.496471 -0.343688 0.690326
0.645359 -0.238568 0.363873
0.216082 0.36682 -0.782952
-0.34076 -0.378916 -0.671079
0.645367 0.347305 -0.347015
-0.693855 0.0487299 -0.603604
0.431723 -0.424908 -0.679692
0.668561 -0.178309 0.369659
-0.829079 0.0941989 -0.404975
0.0142466 -0.541911 0.672064
0.605855 0.0403471 -0.570774
-0.313659 0.170772 -0.816067
0.48804 0.554743 -0.251381
-0.523434 0.229447 0.639702
0.082217 0.0287688 -0.812751
0.129487 0.680802 0.292315
-0.759934 -0.186544 0.461419
0.713366 -0.00197209 0.295733
-0.674935 0.370443 0.325021
0.71463 -0.162723 0.306704
-0.669257 -0.127056 0.587452
0.858495 -0.233996 -0.0639727
0.167358 0.566183 0.423466
-0.260265 0.715609 0.313629
0.747662 -0.0862479 0.25464
0.363647 -0.0394063 -0.761705
-0.755898 -0.058678 0.490807
-0.190083 0.78334 0.223513
-0.724631 -0.55083 -0.119633
0.672488 -0.348718 -0.470959
0.744063 -0.375728 0.0658231
-0.786488 -0.488327 0.0309047
0.170584 -0.783589 -0.352507
0.0789261 0.820628 -0.0883304
0.359469 0.102245 0.65348
0.401879 0.0634177 -0.75853
0.215101 0.311155 0.634815
0.612225 -0.416544 -0.528655
0.596313 0.366926 0.238095
0.690717 0.300648 0.113546
0.63281 0.45289 -0.145743
0.0564988 0.100179 0.80103
0.513105 -0.663173 -0.210669
-0.163666 0.676738 0.398275
0.158129 -0.557181 -0.660441
-0.870155 -0.063129 0.133363
0.460217 -0.0171575 -0.727329
-0.459345 -0.743815 0.203287
-0.870624 -0.00963099 0.266252
-0.786133 -0.476923 0.193885
0.717533 -0.317738 -0.389435
0.629294 -0.566486 -0.0791621
0.373841 -0.489575 0.485252
0.433268 0.537802 -0.414299
0.230689 0.234932 -0.79763
-0.529257 0.611963 -0.435415
-0.41944 0.685201 0.259821
0.529345 0.405302 -0.452434
-0.705243 0.562742 -0.248052
-0.734964 -0.455005 0.344975
-0.0157477 0.573403 -0.688223
0.762508 -0.221313 0.193167
0.566799 0.489987 0.0570209
0.266472 0.515075 -0.647469
-0.825074 0.10632 0.300286
-0.387758 0.654158 0.331518
-0.299397 -0.58998 -0.545351
0.864836 0.00860468 -0.0524678
0.690348 0.170587 0.277766
0.763515 -0.0155785 -0.357432
0.413273 -0.487384 0.45066
-0.868191 -0.0858421 0.161392
0.779473 0.212687 0.022311
0.0328017 -0.605085 -0.610215
0.414484 -0.548613 0.401146
0.0589007 -0.496445 -0.705296
0.671768 0.322355 0.124685
-0.735246 -0.342543 0.450638
-0.779878 -0.272668 -0.26765
0.574327 -0.34986 0.384573
-0.747328 0.00416656 -0.537638
-0.126787 0.910628 -0.131408
-0.541791 -0.408626 -0.516484
0.39609 -0.633454 0.325068
0.460538 -0.047093 0.58378
-0.405343 -0.666763 0.50683
0.645278 0.318221 -0.377508
0.440622 0.360016 -0.603493
-0.583309 -0.265905 0.654855
-0.459158 -0.0939291 0.753908
-0.581814 -0.577602 -0.315591
0.715944 -0.310014 -0.39477
-0.708195 -0.0189411 -0.59365
0.82022 0.0786186 0.0870038
-0.59744 0.500426 0.269171
0.0958846 0.645103 -0.589438
-0.008674 0.370533 0.661562
-0.871839 -0.0416727 0.0992572
-0.0443358 0.889014 -0.111578
0.0102416 -0.686261 -0.538241
-0.138677 -0.294515 0.847867
-0.305015 0.338328 0.70975
0.138255 0.382272 0.609642
0.798818 0.139258 -0.312195
-0.753457 -0.414714 0.347247
-0.715224 0.429679 -0.459236
0.44966 -0.676436 -0.381208
0.802298 -0.311187 -0.00207284
0.0821459 -0.668003 0.495502
0.47785 -0.0219195 0.56301
-0.315761 -0.569133 -0.553914
-0.153841 -0.752416 -0.459102
-0.0856614 -0.239391 -0.779821
0.0304329 0.030506 -0.812693
-0.507851 0.77565 -0.103445
-0.429639 -0.465462 0.666417
-0.459682 -0.581478 0.558938
-0.797152 0.0351161 -0.463243
-0.706422 -0.315864 -0.408825
0.741801 0.0906966 0.235965
0.428913 0.624852 -0.181703
0.482356 0.191242 -0.669736
0.452061 -0.69653 0.132506
0.560923 0.530322 -0.0414236
0.710616 -0.177981 -0.424229
0.5069 0.545751 0.0651535
0.394444 -0.744814 -0.115772
0.383869 -0.517882 0.454665
0.237 -0.763127 -0.366115
0.697866 0.0506443 0.312604
0.327144 -0.726427 -0.384089
-0.781432 -0.466814 -0.0325115
-0.253809 0.873784 -0.150366
0.770311 -0.398476 -0.240853
0.292708 -0.669496 0.358466
-0.762483 0.397416 -0.0677211
-0.759524 -0.487741 -0.0959139
0.320639 0.125025 0.678699
-0.572293 0.0405099 0.65177
0.514651 -0.294314 -0.6504
0.53367 -0.0465004 -0.657643
-0.408214 -0.386051 0.714249
-0.822213 -0.0536983 0.383382
-0.597714 0.59163 -0.399076
0.0149832 0.547619 -0.705103
0.324549 -0.192658 -0.759022
-0.647234 -0.471447 -0.37964
-0.13606 0.597359 0.482182
-0.0237244 -0.078941 0.882404
0.196837 -0.533177 -0.682543
-0.296622 0.859615 -0.0272115
-0.396443 0.843923 -0.0688022
0.153435 0.315674 0.660934
0.368059 -0.756669 -0.17895
0.529043 0.529003 0.0651515
-0.71232 -0.54361 -0.15869
-0.207137 0.816629 -0.355814
0.658762 0.306232 0.183501
-0.792521 0.20048 0.262652
0.119822 0.0639854 0.804047
0.158153 0.756899 -0.384535
0.214175 0.480285 -0.713456
0.605824 -0.375254 0.334972
-0.182465 -0.527456 -0.638497
-0.0841918 -0.22816 -0.781735
0.847362 -0.0994047 0.0278966
-0.297061 0.489238 0.560029
0.817684 0.14586 -0.180496
0.733675 0.266393 0.0636269
-0.311165 -0.0159506 -0.792621
0.544494 -0.615308 0.156067
-0.760029 -0.523729 0.162972
-0.399849 0.818727 -0.186038
-0.506965 -0.266952 -0.632248
-0.10334 0.778117 -0.43823
0.0366369 0.128122 0.79091
0.106741 0.470332 0.545825
0.200543 -0.430836 0.683405
0.325854 0.64828 -0.381042
0.66457 -0.493342 -0.347014
0.543299 -0.639445 -0.0852164
-0.827584 0.226426 -0.100774
0.0847694 -0.619097 -0.6018
0.638862 0.17247 0.359524
0.485505 -0.686974 -0.174156
0.409756 0.22843 0.548059
-0.360154 -0.326123 0.764529
0.562094 0.305165 -0.514278
0.415885 -0.232075 0.618665
0.537562 0.491307 0.145581
-0.735077 -0.270069 0.470593
0.671546 -0.161438 -0.477169
-0.244405 0.274977 -0.817734
-0.378368 0.273244 0.73086
-0.695143 0.419726 -0.498098
-0.547871 -0.0635962 0.693963
0.00804366 0.0914585 -0.817804
-0.264236 -0.248599 -0.755179
-0.328914 -0.716205 0.452154
0.35586 -0.768756 -0.0852681
0.244785 0.404303 -0.748977
-0.727583 0.280648 -0.514276
0.561085 0.393119 -0.419567
-0.480328 -0.31099 -0.621518
-0.706314 0.326217 -0.53076
-0.139439 -0.174402 -0.784716
-0.549956 0.0859466 0.659485
-0.00906181 0.206753 0.760494
-0.449409 0.546975 0.425972
-0.580057 -0.685509 0.193063
-0.549573 -0.332553 0.663662
0.136899 0.315227 0.668753
0.812334 0.13033 0.0505809
-0.763633 -0.545067 0.0467191
0.367506 -0.18226 -0.752195
0.262378 -0.779278 -0.233167
0.549677 -0.246156 0.46707
-0.148864 0.716108 -0.552793
-0.351869 0.823498 -0.216658
-0.269274 0.118881 -0.813032
0.662322 -0.390327 0.251053
0.181795 -0.114521 -0.788681
-0.778051 -0.33084 -0.211777
-0.806097 -0.316409 -0.126911
-0.496927 -0.112715 0.728663
0.587682 -0.184429 -0.5864
-0.437973 -0.540837 0.602895
-0.370743 0.257985 -0.796155
-0.202699 -0.0180527 -0.801726
-0.606953 0.183086 -0.694007
-0.449724 -0.748818 0.0289846
0.853914 -0.223047 -0.0440288
-0.803856 -0.151299 -0.332559
0.297218 0.606545 -0.511775
0.226526 0.404588 0.550456
-0.201412 0.145146 0.816538
0.43082 -0.539546 -0.637284
0.112316 -0.187507 0.830273
-0.131389 0.780958 -0.433825
0.0496474 -0.832997 -0.127118
0.1655 0.506813 0.486717
-0.327025 -0.561893 -0.552162
0.437326 -0.260585 0.581344
0.782315 0.0730793 -0.334509
-0.697134 -0.0459431 0.562798
-0.742436 -0.307515 -0.3273
0.0165499 0.197138 0.76105
-0.122708 -0.161043 0.88427
-0.735468 0.194834 0.409233
-0.748021 -0.527683 0.197039
-0.18519 0.0792088 -0.812289
-0.218619 0.159112 -0.819098
-0.714372 -0.531843 -0.165681
-0.260438 0.766827 -0.431414
-0.571024 0.686682 -0.0735727
0.53431 -0.340976 0.434949
0.0182225 0.306244 0.702249
-0.842481 -0.27976 0.0481996
-0.862503 -0.114597 0.0541151
-0.129231 -0.748084 0.472941
0.245166 0.584536 0.35696
-0.136866 0.858122 -0.255003
-0.467903 -0.192033 0.748133
-0.11003 -0.684327 0.557699
0.573798 -0.302514 -0.588345
-0.069819 -0.159008 -0.792603
-0.412792 0.0226805 0.776963
0.718765 0.239214 0.145402
0.170443 -0.51097 0.620193
-0.832168 0.113247 0.245707
-0.00561105 -0.0680979 0.880708
-0.217153 -0.0416689 0.879316
0.632152 -0.107432 -0.531534
-0.537063 0.738405 -0.0994948
0.475565 -0.6782 -0.345095
0.03878 -0.287404 0.823512
-0.744262 0.314284 0.221911
0.736019 -0.101868 -0.392103
0.705949 -0.205812 -0.429767
-0.700421 0.211312 0.449753
-0.562712 -0.314981 -0.563193
0.667588 0.0132804 -0.487102
0.57993 -0.339707 0.383684
-0.0776459 0.752716 0.296
-0.122044 -0.70818 -0.509286
-0.466119 0.532887 0.429662
0.782072 -0.128902 -0.300832
0.686052 0.258981 0.193838
-0.605133 0.570767 0.0976137
-0.401591 -0.39535 -0.619563
0.258666 -0.801846 -0.0361158
-0.328323 -0.312416 0.784944
-0.0572865 -0.832349 -0.0906952
-0.25088 0.3419 0.704074
0.383846 0.620031 0.113587
0.44656 0.550335 0.177126
0.513069 -0.46421 0.376421
-0.000423743 0.594244 0.45283
-0.64137 -0.228728 0.594943
-0.730802 0.0384815 -0.55436
0.229965 -0.709174 -0.490621
0.36098 0.5061 0.372679
-0.584787 0.0201418 0.64623
0.691284 0.356325 -0.245266
-0.607885 -0.234241 0.63354
0.614821 -0.436668 -0.520592
-0.435143 -0.695721 0.399719
-0.287315 -0.784499 -0.0957655
0.722758 0.303826 0.0289234
0.00538659 -0.464719 0.750743
0.188292 0.0121369 0.809584
-0.754369 0.120957 -0.507068
0.046424 0.707125 -0.528049
0.554946 0.181924 -0.597589
-0.318475 0.671492 -0.534854
0.144955 0.788752 -0.115932
0.718905 -0.0639259 0.294762
0.416098 -0.670292 0.259427
0.830272 0.12901 -0.115437
0.867975 -0.0888123 -0.0430402
0.744655 0.294062 -0.141485
0.8758 -0.0583496 -0.0666553
0.344111 0.452698 -0.6275
0.509855 0.424871 0.311276
0.321311 0.479684 0.430493
0.257855 0.679487 -0.414188
0.788364 -0.00376777 0.184481
-0.769751 -0.520869 -0.0146189
0.402549 0.177357 0.578586
-0.643668 -0.371542 -0.453975
-0.750358 -0.310549 0.44016
-0.833704 0.0157297 0.361975
0.111699 0.670317 0.320649
0.2759 0.610605 -0.533398
-0.348494 0.531216 -0.677442
0.738766 -0.0544445 0.264134
-0.493291 0.414934 0.514072
-0.758942 -0.157633 0.470198
-0.457241 -0.686201 -0.265261
-0.473761 -0.310804 0.716134
0.130213 0.798193 -0.327826
-0.163146 0.668121 0.411117
-0.428715 -0.657963 0.502433
0.356698 0.299036 0.54184
-0.581191 0.713273 -0.211032
0.602441 -0.14731 -0.569477
0.739587 0.223791 0.119257
-0.249741 -0.186377 -0.771889
-0.159989 -0.0928495 0.892959
-0.863011 -0.117539 0.283109
-0.61825 -0.515271 0.47089
0.345085 -0.262229 0.678193
-0.698902 -0.162243 -0.542255
