ply
format ascii 1.0
element vertex 10000
property float x
property float y
property float z
element face 0
property list uchar int vertex_indices
end_header
-0.236974 -0.733337 -0.338405
-0.615062 -0.41359 -0.365218
0.0686649 0.636994 0.43605
-0.446093 0.775922 -0.134747
0.406605 -0.564559 -0.533607
-0.529936 0.673294 0.132246
0.424275 0.66213 0.0933951
0.302261 0.529676 -0.542385
-0.197013 -0.222287 -0.773573
-0.0565795 -0.14768 0.881528
-0.788858 -0.227124 -0.160047
-0.509498 -0.147988 -0.646142
0.652551 0.316518 0.187193
0.204649 0.341211 -0.797981
0.191559 0.823708 -0.146806
0.366824 -0.641444 -0.460473
0.821239 0.00240299 -0.371629
0.512211 0.0890429 0.526521
0.542148 -0.47713 -0.531701
0.438801 -0.223995 0.590363
-0.425914 0.135483 0.745273
0.638289 -0.422111 0.311102
0.262789 0.34057 -0.755471
0.53526 0.494029 0.177637
-0.194266 0.595121 0.518099
0.19912 0.0774447 -0.859729
0.314659 0.237609 0.622016
-0.138313 -0.276134 0.849345
0.62001 -0.581433 -0.121962
-0.802556 0.344024 0.0308029
0.347446 0.443595 0.433976
-0.799943 -0.228466 -0.0306779
-0.47297 -0.768909 0.236645
0.734196 -0.245882 -0.480209
-0.288435 0.849073 -0.0333365
-0.552028 0.581287 0.274761
-0.80896 -0.146737 -0.0604038
0.457099 -0.155219 0.591844
0.656604 -0.467965 -0.386665
-0.535299 -0.265284 0.659903
0.208895 0.286761 -0.811257
-0.0740186 0.0888426 -0.848218
-0.301976 -0.342099 -0.664783
-0.677432 0.465768 -0.393749
-0.454567 -0.233711 0.724904
-0.483618 -0.514494 -0.419215
-0.207849 0.527445 -0.693259
-0.516546 0.709296 0.0771087
0.143595 -0.499204 -0.715461
-0.572287 -0.470223 0.56314
0.731359 -0.184994 0.239984
-0.575043 -0.0602892 0.64968
-0.623718 -0.215323 -0.558274
0.418374 -0.573949 0.410748
0.286624 -0.0102072 0.738043
0.595159 -0.367346 -0.603408
-0.0756042 -0.780878 -0.258942
0.831423 -0.161504 -0.299958
0.590659 0.478507 -0.231369
0.0966099 -0.693832 0.449762
-0.435754 0.18425 0.721316
0.150841 -0.780926 -0.273485
-0.828646 0.190439 0.191294
0.643872 -0.553728 0.0976805
-0.704078 0.30878 -0.487225
0.165012 -0.485598 0.657801
0.474802 -0.232395 0.555041
0.603414 0.30205 0.265762
0.336376 0.0185077 0.702004
0.160305 -0.4943 -0.721744
0.382969 0.435174 -0.578107
-0.779159 -0.302065 0.196002
-0.61508 0.491736 0.331277
0.123173 -0.227905 0.819819
0.495562 -0.35193 0.504159
0.499564 0.591478 -0.230394
0.486945 -0.41888 0.494266
-0.767822 -0.021554 -0.414549
0.360209 0.0693682 0.672635
-0.0297877 -0.650255 -0.565341
-0.624512 -0.231996 0.569716
-0.736486 -0.100608 0.453143
-0.396825 -0.049051 0.79895
0.75606 0.248866 -0.274268
0.583731 0.36839 0.251926
-0.573168 -0.192413 -0.603048
0.129365 0.508662 -0.699573
-0.181247 -0.711486 0.530813
0.800166 -0.325255 -0.0539347
-0.703234 0.0592507 -0.519752
-0.383795 -0.786471 0.0580607
-0.653806 0.393679 0.399938
-0.0583296 -0.0236872 -0.849384
0.449294 -0.604278 -0.453028
0.171089 -0.636239 -0.551265
-0.524833 0.59089 -0.405921
-0.270768 -0.0749404 -0.762398
-0.651828 0.586093 -0.23161
0.0634065 0.0930795 -0.887347
0.0796226 0.546991 -0.700775
0.654141 -0.537998 -0.158523
0.830479 -0.237786 0.0115209
-0.521055 -0.613002 -0.268522
-0.812655 0.178676 0.241843
-0.250678 -0.688021 -0.432325
0.821946 -0.236457 -0.280282
0.460115 0.670416 -0.122241
-0.674098 0.344759 0.413974
-0.254335 -0.745428 -0.298174
0.751982 -0.0985611 0.201077
-0.271682 -0.237016 0.82841
-0.233364 0.0597285 0.827292
-0.483585 0.73578 0.0624883
-0.692793 -0.26249 0.483396
-0.630428 -0.389809 -0.370971
-0.823951 0.00938762 0.111272
0.832387 -0.265558 -0.112181
-0.396064 -0.740316 -0.202321
-0.422089 -0.774508 -0.00782881
-0.754518 -0.0758674 -0.435293
0.221443 -0.147963 -0.868818
0.301317 0.774279 -0.0982848
-0.152406 -0.704099 -0.459301
0.214333 0.822996 -0.0266214
-0.798219 0.352617 0.0238803
-0.615242 0.628996 0.0262157
0.206654 0.501029 -0.649584
-0.24406 0.064762 0.822776
-0.443138 0.618515 -0.435803
-0.824283 0.0144591 -0.0850516
-0.814547 -0.0156511 0.208234
-0.67626 -0.185981 -0.504899
0.524456 -0.398015 0.465343
-0.764384 0.409524 0.0580036
-0.283887 -0.257433 -0.716232
0.553077 -0.192598 -0.71486
0.557761 0.488267 -0.283081
0.763273 -0.0324379 0.173863
0.626289 0.0971724 0.35438
-0.735946 -0.241458 -0.386624
-0.301748 0.622589 0.442303
0.747263 -0.0452459 -0.512433
0.406736 0.694382 -0.186981
-0.302497 -0.090169 0.837492
-0.457868 -0.296905 -0.610156
-0.702281 0.534262 -0.0546365
0.106464 -0.180849 -0.881247
-0.455568 -0.162608 -0.667617
-0.771948 0.202933 0.341183
0.689708 -0.504755 0.0515393
-0.0416522 -0.688876 0.532862
0.147647 0.810309 0.115323
-0.273827 -0.731197 -0.316766
0.677738 -0.416948 -0.424679
-0.672548 0.454518 0.288637
-0.720655 -0.252996 0.450508
0.248169 -0.0156278 -0.866835
0.020029 -0.806258 0.119592
-0.504982 0.386307 -0.609717
-0.659605 0.129289 0.541232
0.0983045 -0.633372 -0.576599
-0.204141 0.819864 0.187877
-0.10295 -0.477433 -0.679468
-0.380705 -0.507213 0.686416
0.0790307 0.726985 -0.515759
-0.38125 0.806582 -0.0324545
0.577649 0.386147 0.24799
0.775773 0.232409 -0.0896694
0.0948532 0.2287 -0.853797
-0.798164 0.121205 0.30985
0.419932 0.52553 -0.423787
-0.715645 -0.236923 -0.419375
-0.666338 -0.525718 -0.0610416
0.369961 0.179444 -0.770714
0.835138 0.0818848 -0.327425
-0.598769 -0.634612 0.342355
-0.435685 -0.635034 0.515095
0.33572 0.132597 -0.800209
-0.75066 0.0703878 -0.433615
-0.127853 0.876291 0.0794906
-0.544354 -0.709239 -0.0137934
-0.640364 0.26308 0.52009
0.147074 -0.0160786 -0.889171
0.0122269 0.231677 -0.874237
-0.194136 0.0234761 0.848851
0.381085 0.540214 0.300451
-0.125871 -0.315538 -0.765435
-0.142509 -0.0436681 0.882682
0.393303 0.246019 -0.739623
-0.084331 -0.0295501 -0.839423
-0.285708 -0.577955 -0.520464
0.290879 0.768785 -0.15217
-0.314047 -0.671995 0.542029
-0.441416 0.139588 0.733088
-0.378507 0.672181 -0.413768
0.764215 -0.02633 0.170235
-0.819266 0.295438 -0.152463
0.499702 -0.0591979 0.569811
0.0323756 -0.725288 -0.451329
0.0921795 0.53857 -0.699316
0.511438 0.603126 0.0094367
0.0716534 0.627257 0.44478
0.77778 0.173125 -0.348997
0.311028 0.719979 -0.304109
-0.322008 0.597908 -0.549352
-0.782854 -0.190985 -0.231665
-0.656196 -0.0296344 -0.592757
-0.157059 0.676628 -0.57562
0.515015 0.0941435 -0.723602
-0.16317 0.0532467 -0.810363
-0.812777 0.29792 -0.176807
-0.0264349 0.26022 0.767352
-0.769375 0.223394 0.338316
-0.708658 0.528728 -0.107201
-0.35044 0.581014 0.462459
-0.307122 0.197895 -0.752168
-0.134333 0.904036 -0.152416
-0.670464 0.545242 0.0770373
0.854709 -0.198657 -0.222294
0.592202 0.418772 0.197977
-0.119547 -0.673392 -0.538129
0.679168 -0.533804 -0.03081
0.0761554 0.738299 -0.506292
0.472805 0.670123 -0.0448562
0.00394085 -0.720858 -0.459508
0.0192877 0.897282 -0.173252
-0.814359 0.0532907 -0.297309
0.753593 -0.195438 -0.466182
-0.541249 0.115521 0.660325
-0.687583 -0.193598 0.507682
-0.768263 -0.351797 -0.0858925
0.700058 -0.389727 0.242535
-0.154855 -0.675508 -0.529996
0.147378 -0.432985 -0.766555
0.736774 0.0507199 0.191836
-0.0640877 -0.544613 0.695399
0.413532 -0.162761 -0.815249
-0.595136 0.550483 0.251829
-0.443417 0.675777 -0.35429
0.291804 0.789042 -0.0212591
-0.684479 0.429 -0.423937
0.524456 -0.481627 -0.538998
0.182543 -0.17788 0.808525
0.814324 0.177399 -0.245342
0.0600862 -0.691732 0.474532
-0.519025 0.36753 -0.611486
0.403825 0.558471 -0.401874
-0.356922 -0.713627 -0.296186
0.156096 0.577209 -0.610391
0.53417 0.310258 0.348921
0.890182 -0.1272 -0.104489
0.649442 0.304692 -0.398623
0.095732 0.786153 0.226146
-0.697084 -0.542848 0.115636
-0.64844 0.0684856 -0.592526
0.162213 -0.688265 0.424892
0.823724 0.138679 -0.269486
-0.299496 -0.147395 -0.744464
0.0166997 0.599901 0.485143
-0.493941 0.124939 -0.673646
-0.437187 -0.748877 0.354069
0.431792 0.394703 0.392769
0.529789 0.0211518 0.526345
0.668506 -0.534326 0.0559454
-0.217505 -0.162994 0.868886
-0.199894 0.788017 -0.397095
0.342091 -0.102153 0.69989
-0.481823 -0.587737 -0.348248
-0.347134 -0.684228 0.516337
-0.518112 0.689323 0.118935
0.658346 -0.508965 0.16735
0.667185 0.22023 -0.489835
0.41991 0.354595 -0.623409
-0.492637 -0.123929 -0.661089
0.345272 0.170568 0.635689
-0.467316 0.310074 0.637614
0.383797 0.660482 0.165855
-0.467541 0.308365 0.638363
0.562169 -0.0588282 0.489335
0.260027 0.804625 0.0119145
0.525306 -0.264826 0.499997
-0.400624 -0.609443 -0.405149
-0.742002 -0.171083 -0.414462
0.380795 -0.0469108 -0.8287
0.639026 -0.0897263 0.384747
0.762846 0.207753 0.0919702
0.33938 0.334721 -0.70343
0.33801 0.366897 -0.676072
-0.0326484 0.40944 0.656306
0.135973 0.71343 -0.482008
0.283125 -0.63631 -0.517844
0.633324 -0.569799 -0.106561
-0.19817 -0.691049 -0.463206
-0.700983 0.432263 0.251029
-0.406788 -0.70657 -0.275071
-0.0597396 0.111566 -0.854679
0.135243 0.824644 -0.264192
0.177128 -0.758382 0.1622
-0.144496 0.604683 -0.652914
0.787778 0.206578 -0.277836
-0.300989 0.664989 0.394828
0.284126 0.390279 0.542944
-0.134341 -0.778472 -0.236427
-0.244317 0.696919 -0.48606
-0.547317 0.679369 0.0855664
-0.245914 0.863028 -0.0119264
-0.278444 0.641858 -0.532985
-0.340802 -0.766086 -0.176261
0.0137374 -0.734834 -0.431676
-0.696462 -0.224375 -0.454265
-0.00777264 0.800166 0.259294
0.521233 -0.531406 0.34545
-0.692464 -0.025703 -0.541164
-0.584224 -0.232727 0.613669
-0.279587 -0.21262 -0.737033
0.165674 -0.678083 0.440065
0.268134 -0.70223 0.292595
-0.233497 0.0766642 -0.781878
0.71874 0.136568 -0.485706
-0.569358 -0.619304 -0.197105
-0.0166419 -0.208642 -0.856989
0.789379 -0.0840585 -0.42803
-0.0195935 -0.695034 0.512008
-0.633422 0.318309 0.492675
-0.426313 -0.511737 -0.468131
0.366478 -0.0288486 0.687891
-0.177141 0.3305 -0.803007
-0.185686 -0.174093 0.882316
0.697961 -0.411049 0.223222
-0.630367 -0.439962 -0.315739
0.523319 0.0570784 0.530763
0.0305087 -0.454674 0.738977
-0.823505 -0.017858 0.0688505
0.318881 0.77233 0.0133898
0.508245 -0.0249219 0.556867
-0.479772 0.707445 -0.255543
-0.187753 -0.646685 0.604546
-0.718893 0.206555 0.442012
-0.361875 0.257372 0.724085
-0.221699 -0.0959446 0.867005
0.0549944 -0.770058 0.264716
-0.770353 -0.407365 0.102041
0.00211032 0.625868 0.462113
-0.837577 0.230998 0.146946
-0.819467 0.181537 -0.210683
0.605088 -0.134194 -0.68013
0.139117 -0.0243553 0.821171
0.649707 0.42258 0.0284438
-0.79301 0.11025 0.32912
-0.722346 0.477569 -0.240694
-0.265264 0.0841707 -0.76893
0.284178 -0.718309 -0.395943
0.0607184 -0.761171 -0.367912
-0.386495 0.450312 0.576063
-0.634871 0.621716 -0.0605875
-0.800839 -0.0737504 0.310621
-0.129031 -0.471426 -0.672017
0.18432 -0.784838 -0.231003
-0.471151 -0.764814 0.253074
0.671622 -0.282049 0.323966
0.669805 -0.385711 -0.484882
0.825768 -0.280492 -0.246362
0.479999 -0.58905 0.33219
-0.58031 0.342292 0.533369
0.559503 -0.537593 0.29576
0.224224 0.395493 0.59441
0.55953 0.0603094 0.473196
-0.711336 -0.0253564 -0.512183
-0.764861 -0.204696 -0.298522
0.692855 -0.386172 -0.441454
0.335243 0.418143 -0.63181
-0.50004 -0.359019 -0.539303
0.556997 -0.401107 0.431903
0.281885 0.353351 -0.729937
0.358949 -0.463452 -0.666919
-0.195434 0.87412 -0.266349
-0.187871 -0.441101 -0.665628
-0.398546 0.588962 0.426998
0.59217 -0.0635367 0.448539
0.647699 -0.516853 -0.301675
0.244257 -0.431665 0.676448
0.219639 0.789784 -0.237236
-0.473868 -0.592057 -0.353475
0.135885 0.820076 0.100287
-0.00188984 0.502655 -0.757805
-0.769121 0.0165228 -0.405595
0.346423 -0.742718 0.0173357
0.341066 -0.753074 -0.0303191
-0.397246 0.814579 -0.119305
-0.804989 -0.180855 -0.1177
0.134642 -0.766113 -0.335001
-0.450088 -0.544856 -0.420396
0.599464 0.146723 -0.621127
0.481797 0.0708059 0.568133
-0.796518 -0.246531 -0.0968808
0.46995 0.510076 -0.382175
0.521963 -0.19936 -0.735172
0.0127475 -0.331172 0.801626
-0.813491 0.307346 0.113311
-0.653337 0.0305232 0.552131
0.110313 -0.775446 -0.302487
0.888781 -0.0397654 -0.0863541
-0.323443 -0.706563 -0.337453
0.470846 -0.516638 0.417754
0.125937 0.36312 -0.809138
0.350176 0.720256 0.129793
-0.0123939 0.711538 -0.562658
0.0952338 0.259035 -0.846771
-0.531832 -0.429146 0.612269
0.059524 0.609855 0.464915
-0.256449 0.173503 -0.774435
0.391843 0.158441 0.598812
-0.251555 0.351969 0.71392
-0.795818 -0.217185 0.127693
-0.361836 -0.725721 0.455573
-0.799962 -0.0968077 0.282271
0.16955 -0.757882 -0.361247
0.534371 0.400279 0.2839
0.16836 -0.500855 0.640721
-0.00911366 0.400244 -0.817857
-0.47932 0.589173 -0.447183
-0.189773 -0.276182 0.855041
-0.0222751 0.387351 0.672828
0.510031 0.242986 -0.641422
0.804052 0.204806 -0.216678
0.420915 -0.363436 -0.712587
-0.465823 0.391973 0.589565
-0.060284 -0.121552 -0.844442
0.00769428 -0.83288 -0.0204216
-0.729023 -0.4804 0.348955
-0.450774 0.183623 0.709434
-0.463475 -0.647107 -0.307253
0.404774 0.116083 -0.772461
0.337601 0.766436 -0.0411746
-0.219004 0.196783 0.791571
0.232505 0.496726 0.497487
-0.373429 0.697734 -0.382983
-0.791203 0.325293 -0.247831
-0.771188 -0.340168 0.209795
0.198319 -0.052865 -0.884434
-0.734052 0.465477 -0.210231
-0.811159 0.288479 0.180409
-0.469853 -0.265902 0.705075
-0.18661 0.554467 -0.679649
-0.193643 0.545907 -0.683765
-0.549024 -0.245209 0.649918
-0.75399 -0.454106 0.112748
-0.381368 -0.676399 0.511088
0.349091 0.490287 -0.544464
0.68563 0.350945 -0.248796
-0.779536 -0.327581 0.149651
-0.289213 -0.803235 0.0717955
0.317842 0.660792 -0.368951
-0.758831 0.411286 0.0819945
0.651189 0.0203173 0.347248
0.682724 -0.462894 0.193726
0.429099 -0.0361708 -0.803134
-0.253219 0.789321 0.238324
0.166779 -0.551024 -0.662419
-0.281653 0.850869 -0.241273
0.0430344 -0.586644 0.606416
-0.419078 -0.772069 0.29605
0.893871 -0.0491573 -0.116375
0.564978 0.213542 -0.61287
0.223864 -0.652583 0.439403
0.68362 0.0470919 -0.567281
0.43406 0.698648 -0.0430101
-0.55744 -0.232087 -0.593304
-0.817593 -0.0708911 0.00131141
0.230302 0.264334 -0.81114
0.727009 0.315442 -0.21042
0.166908 -0.570654 0.562385
-0.629036 0.5399 -0.356958
0.146466 -0.0449638 0.822168
0.420378 0.619573 0.170454
-0.579018 -0.0164154 -0.636341
-0.00245811 0.899302 -0.16994
0.530888 0.431096 -0.406485
0.0386406 0.656064 0.425057
-0.764266 -0.166884 -0.341205
0.195445 -0.133278 -0.875497
0.718599 0.285868 0.111797
0.723094 -0.397921 -0.349602
0.494003 -0.459874 0.448799
-0.0878356 -0.546481 0.695049
-0.52042 0.711071 -0.173562
-0.151369 0.803757 -0.405929
-0.354206 0.225716 -0.731365
-0.239814 -0.00337265 0.843287
-0.51775 -0.570363 -0.320469
0.112222 0.861641 -0.148348
0.511214 -0.638766 0.227398
-0.23239 -0.308543 0.83267
-0.534578 -0.737346 0.0419352
-0.746414 0.0683954 0.421262
0.408793 -0.124822 -0.819374
-0.363053 0.468193 0.571258
-0.518354 0.563215 -0.451703
0.798412 -0.325371 -0.0361362
0.632861 0.395965 0.146104
0.894567 -0.112016 -0.114137
-0.166503 -0.727265 0.509452
-0.0361339 0.791789 0.285875
0.139617 -0.523741 -0.694436
-0.251908 -0.648578 0.585693
-0.837345 0.134349 -0.0318456
0.1934 -0.775831 -0.271586
-0.0154841 -0.674426 -0.540653
0.769431 -0.350935 -0.320305
0.349556 0.761662 -0.0238511
0.444375 0.674722 0.020389
0.522607 0.467463 -0.371216
-0.424397 0.785201 -0.187314
0.634774 -0.508299 -0.368808
-0.572687 -0.713685 0.198551
0.176122 0.441999 0.595984
-0.612469 0.495366 0.329095
-0.461879 -0.449855 0.655277
-0.0119185 0.656009 -0.622655
0.188847 -0.795024 -0.0484561
0.0554903 -0.328727 -0.828346
-0.142246 0.55909 -0.689879
-0.454741 0.767246 -0.150012
-0.306567 -0.708071 0.50172
0.452217 -0.55392 0.400088
0.142654 -0.763689 0.180478
0.596386 -0.126938 -0.689703
-0.00255935 -0.793664 -0.239312
-0.646368 0.590999 -0.230299
-0.576318 0.676467 0.0120855
0.300307 0.0518329 -0.839085
0.296437 -0.485329 -0.686768
-0.341821 -0.675649 0.528317
-0.288306 -0.795743 -0.00422133
-0.36848 -0.339663 0.752961
-0.502987 0.0556605 0.712963
-0.557086 0.269487 0.59079
-0.412415 0.239265 -0.706049
-0.19221 -0.671234 -0.508444
-0.509353 0.687168 -0.250277
0.081547 0.204522 0.78773
0.578154 -0.638323 -0.00737131
-0.100257 0.749863 -0.515179
-0.6366 0.284158 -0.570497
0.325978 0.292419 0.57598
0.281599 -0.752169 0.0545075
0.515611 0.408298 -0.453508
0.0326015 0.864333 0.0684698
-0.739391 0.4521 -0.226894
0.182932 0.835043 -0.0654626
0.354593 -0.365018 -0.747925
-0.648007 -0.549212 -0.0711715
-0.220697 -0.292072 -0.730187
0.25122 0.0217773 0.756621
0.25022 0.498306 -0.618126
0.25786 -0.418099 -0.764429
-0.0889254 0.46775 0.614744
-0.580238 -0.245074 0.615785
0.148904 0.256432 -0.833732
0.518867 0.530988 -0.289717
0.427617 0.643049 -0.267893
0.033419 -0.760714 0.32119
-0.736839 0.208807 0.412256
-0.571838 0.675461 -0.112477
0.328403 0.753092 0.0779995
-0.800467 -0.20485 0.0796757
0.656767 -0.273533 -0.579144
0.48444 0.576308 0.128182
0.453564 0.652414 0.044571
-0.491403 -0.378493 0.657837
-0.748403 -0.415239 -0.0248048
0.407012 -0.459488 0.549282
0.664685 -0.074096 -0.626636
-0.77234 -0.202663 -0.266855
0.452204 -0.583031 -0.47606
-0.023459 0.462289 -0.790904
0.182025 -0.71309 0.336793
0.685137 -0.301994 0.298756
0.771265 -0.108984 -0.459352
0.502483 -0.493567 -0.541765
-0.768625 -0.173463 -0.314535
-0.094149 0.829115 0.226598
0.111012 -0.210518 0.826855
0.235487 -0.189295 0.764071
-0.0893191 0.746771 0.353999
0.5413 0.184892 0.427178
-0.308521 0.672886 0.381025
0.200342 0.372838 0.633243
0.301088 -0.473795 -0.695103
-0.81027 -0.136067 -0.0196344
-0.732677 0.259137 0.403927
0.486173 -0.708648 0.00201964
0.802738 -0.216168 -0.33746
-0.151899 -0.0803869 -0.811456
-0.715966 -0.132315 0.48205
-0.0385045 -0.441028 0.765697
0.220367 -0.597179 0.504916
-0.536451 0.568809 -0.429455
-0.492815 0.292573 0.631493
-0.338959 0.612665 -0.523663
0.803597 -0.155479 -0.369619
0.606523 -0.576487 -0.231057
0.142427 0.440532 -0.752775
-0.701059 -0.134412 -0.495715
-0.142311 0.884495 -0.239406
-0.154627 0.342394 0.718029
0.785061 -0.265934 -0.35151
0.452929 0.623771 -0.259311
-0.304229 -0.811266 0.226983
0.409601 -0.487965 -0.609
0.130835 0.489933 0.563493
-0.592394 0.57698 0.203625
0.469115 -0.697692 0.0907565
-0.777575 -0.395525 0.0460749
0.190361 -0.60845 0.507235
0.800769 -0.353979 -0.196958
0.755837 -0.229054 -0.441892
0.44698 0.678824 -0.132495
-0.253692 -0.448314 0.75082
-0.215663 0.703658 -0.499514
0.431369 -0.497322 0.482448
-0.348337 -0.547059 -0.500565
-0.24247 -0.733814 -0.333356
-0.717307 0.0156738 -0.500122
-0.00311376 -0.00829697 -0.870663
-0.307054 -0.716826 0.490258
0.863947 0.0290762 -0.114228
-0.392624 0.695259 0.298106
-0.455324 -0.544549 -0.416406
-0.750348 -0.457033 0.158712
-0.79494 0.155172 -0.318656
0.577531 -0.623252 -0.108116
0.487226 -0.440309 0.475142
0.469977 0.0620327 0.581784
0.383678 -0.495467 -0.618787
0.35662 -0.0252937 0.694806
-0.699313 -0.521076 0.0622014
0.471216 0.598006 0.114722
-0.547785 0.0057144 -0.64984
0.244028 -0.575096 0.518026
0.228645 -0.721436 0.267466
0.11469 -0.691825 0.443902
0.569896 0.168744 -0.634521
0.84961 -0.228693 -0.120176
-0.534321 0.697945 0.0736789
0.43046 0.524223 -0.412602
-0.124178 0.0729848 -0.827031
-0.593097 -0.323144 -0.484762
0.406564 0.716175 -0.0120072
-0.0785168 0.10868 0.85804
0.221536 -0.599057 0.502174
0.544963 0.0964974 -0.696322
0.226001 -0.516676 -0.689101
0.11328 0.364618 0.677557
0.0801638 -0.737499 -0.421817
0.486112 0.419309 -0.475686
-0.810664 -0.131455 -0.0598686
0.318759 0.236377 -0.778587
0.458053 0.19853 0.509584
0.283198 0.492305 0.450048
-0.237319 -0.782744 0.414751
0.606616 -0.379526 -0.584105
0.140126 -0.25534 -0.85952
-0.798495 -0.171076 0.170435
-0.734186 0.308504 -0.41698
-0.449494 -0.725195 0.384949
0.275391 0.0676609 0.734806
0.256066 -0.477903 -0.720936
-0.205159 0.609497 0.506185
0.835176 -0.0795113 -0.329191
-0.120667 -0.0663815 -0.824271
0.241692 0.0709943 0.756144
-0.588414 -0.684186 0.261129
0.242875 -0.180368 -0.858757
-0.00592646 -0.561913 0.652747
0.860762 -0.206833 -0.164431
-0.620128 0.550506 0.20234
-0.13765 0.909335 -0.0686278
-0.0623924 -0.702151 0.520911
-0.817509 -0.0193749 -0.16646
-0.175114 0.576383 -0.664947
0.639363 0.0856354 0.338808
0.0204892 -0.534426 -0.669431
0.267741 0.759871 -0.255847
-0.265906 0.509589 -0.674101
-0.549832 -0.738251 0.171713
-0.114149 0.656104 -0.617904
-0.793156 -0.0100614 0.358052
-0.51303 0.733272 -0.019991
0.237133 0.742171 -0.344052
0.41513 -0.443331 0.553763
0.80917 -0.146985 -0.361134
0.345922 -0.417342 -0.71776
-0.666721 -0.502797 -0.114721
0.245329 -0.688327 0.357618
0.0764867 0.877786 0.0021687
-0.816654 -0.080683 0.0590524
0.89796 -0.071205 -0.0544779
0.0397597 -0.655369 -0.564447
-0.829256 0.0360122 0.07912
-0.699738 0.363057 -0.472846
-0.525656 0.713601 -0.108841
0.479488 -0.43334 -0.616383
-0.373011 0.813725 -0.0467216
0.608274 0.199188 0.323497
-0.0065622 -0.787755 -0.265718
-0.114819 -0.801621 -0.135217
-0.264944 0.761656 -0.381617
0.615354 0.158115 0.339283
0.773767 -0.115294 0.167335
0.888637 -0.0353795 -0.130992
-0.706256 0.476801 -0.298829
-0.310541 0.836458 -0.234117
0.215343 -0.589812 0.515896
-0.654075 -0.170957 0.548465
-0.704047 0.449384 0.201111
0.83117 0.113863 -0.271475
0.0643174 0.261227 0.760254
0.0841138 0.488721 0.575366
-0.562656 -0.476511 0.56679
-0.703534 0.307505 0.404125
-0.252479 0.183957 0.785179
-0.0676074 0.326821 0.723666
0.117907 -0.477859 0.685912
0.423336 -0.659463 0.286773
0.605807 0.433022 0.135655
0.315841 0.756016 0.0878104
0.0652665 -0.804863 -0.194282
0.17247 -0.745994 0.234102
-0.101036 -0.338164 0.818505
-0.0917904 -0.55855 0.684368
-0.54087 0.553133 0.35382
0.0168218 -0.748734 0.37441
0.375127 -0.703105 -0.308051
-0.0882805 -0.734265 -0.41416
-0.0405428 -0.811345 -0.131195
0.628972 -0.143 0.406372
-0.608208 0.63657 0.0290186
0.112422 -0.81444 -0.136106
0.567649 -0.55216 -0.421025
-0.274803 -0.429887 0.759597
0.0100701 -0.546502 0.661701
-0.808829 0.0822035 0.291621
-0.466559 0.428588 0.553285
0.193008 0.752177 0.227208
0.256752 0.531415 0.436984
-0.710232 0.0437413 -0.50923
0.410767 -0.554602 -0.54222
0.586631 0.514037 -0.098582
0.0607649 -0.386198 -0.786522
0.262649 -0.665334 -0.486478
-0.499853 -0.737403 -0.0233636
0.438607 0.472482 -0.467205
-0.632727 -0.532598 -0.165202
0.446368 0.5648 -0.342642
-0.0431943 -0.778432 -0.28972
-0.689115 0.08813 -0.539909
-0.615769 -0.267317 -0.514544
0.716829 0.122623 0.202293
-0.766056 0.189063 -0.377739
0.773072 0.237429 -0.258245
-0.696827 -0.251895 0.481463
0.337081 -0.395402 0.630823
-0.249316 -0.216769 0.84381
0.520816 0.109692 -0.709924
-0.573701 -0.381974 -0.447918
-0.502002 -0.370381 -0.527959
-0.692353 0.301045 -0.508068
-0.573541 0.67581 -0.0959326
0.286697 0.784625 -0.0865655
-0.343848 0.425365 0.622021
0.170657 -0.808551 -0.0996678
0.0155913 0.298229 0.739207
0.571177 -0.608491 -0.240775
-0.522758 -0.0955861 -0.654897
0.802912 0.136712 0.0109974
-0.226478 -0.591547 0.645786
-0.681322 0.459081 -0.394033
0.771786 -0.142397 -0.446981
0.689132 -0.377861 0.271479
-0.499857 0.74403 -0.0200967
-0.47718 -0.0293902 0.764471
0.676719 -0.52439 -0.0981982
-0.169615 0.0364045 -0.807245
-0.597017 0.200672 -0.626095
-0.724607 -0.348017 -0.233476
0.597872 -0.0546359 0.439147
0.864264 0.03351 -0.175261
0.631356 -0.258544 0.388718
0.508199 0.615816 -0.111401
-0.228557 0.437123 0.649395
0.531887 0.253241 0.390939
-0.438169 0.420751 0.576889
-0.678822 -0.0106483 0.522766
0.329522 0.713917 -0.293469
-0.11218 0.542087 -0.709602
0.500151 -0.471674 -0.564997
-0.113257 -0.296286 0.83786
0.123404 -0.1743 0.832049
-0.164469 0.480229 0.610792
0.475699 -0.63208 -0.376856
-0.814312 -0.099961 -0.0129211
-0.155571 -0.178136 0.893442
0.698426 -0.138127 0.293059
-0.300214 -0.753945 -0.242751
0.837683 -0.251533 -0.102083
0.0942126 0.122835 0.811057
0.838857 -0.0909648 -0.317277
-0.445508 -0.18284 0.745776
-0.0043551 -0.0369556 0.873425
-0.349985 -0.156366 0.805505
0.306252 -0.754148 0.0108467
-0.571928 -0.717048 0.0820703
-0.714964 0.498519 0.0456527
-0.546285 0.573061 -0.412167
0.366574 -0.247587 0.64411
-0.14074 -0.362954 -0.734271
9.35633e-06 0.810447 0.22795
0.328616 -0.750518 -2.03696e-05
0.523127 0.550848 -0.249784
0.174104 -0.716268 0.333938
0.169986 0.155521 0.772497
0.0564407 -0.0371899 0.854062
0.659235 -0.128516 0.356055
0.63788 -0.470836 -0.426287
-0.221784 -0.603129 0.63715
-0.305954 -0.711904 -0.337815
0.820174 -0.0829747 -0.360906
0.799087 -0.131846 -0.390696
0.184105 -0.583431 0.539041
0.495554 0.206774 0.463547
-0.500413 0.221997 0.654679
-0.509761 -0.516889 -0.387057
-0.807579 -0.118368 -0.191982
-0.548788 -0.0523383 0.681095
-0.802757 -0.158247 0.129152
-0.443556 -0.640366 0.50114
-0.621993 -0.423919 -0.344791
-0.334253 -0.305675 -0.667053
0.410894 -0.725176 0.0235016
-0.214744 0.883961 -0.241841
-0.368555 0.708628 -0.371998
-0.326801 -0.645506 0.569176
-0.418397 0.629052 -0.440993
0.763474 -0.249654 -0.412094
-0.248306 0.0202887 -0.774241
0.0103224 0.752903 0.333303
-0.744835 0.0345329 -0.448883
-0.108094 -0.690517 -0.511122
-0.329838 -0.0847284 0.826263
-0.465806 -0.0976943 0.756139
-0.170625 0.237984 0.792053
-0.74207 0.428302 0.116019
0.805822 -0.128888 0.115372
0.434518 -0.702252 0.113157
0.199818 0.809331 0.0699914
-0.665555 -0.512246 -0.0998676
-0.0173967 0.791026 0.284602
0.0877906 -0.655917 -0.55065
0.774691 -0.264232 0.169089
-0.544232 -0.285895 0.647763
0.790989 -0.150662 0.140347
0.741325 0.0362246 -0.492613
-0.388439 0.79577 0.00102796
0.225655 0.794886 -0.196821
0.764534 0.131695 -0.414846
0.419693 0.135406 0.58689
-0.0910433 -0.744538 -0.386968
0.0442313 -0.0253206 -0.882001
0.435187 0.569987 -0.349782
0.296498 0.235717 0.640646
-0.105955 0.883694 0.0758383
0.185604 0.362691 -0.79281
0.284666 -0.780005 -0.161942
-0.823663 0.17915 -0.182547
0.225859 -0.209927 -0.855691
0.352741 -0.690822 -0.381323
0.277394 0.332111 0.592232
-0.484853 0.698611 0.149776
0.51861 -0.0189165 -0.756487
-0.543224 0.581073 -0.402113
-0.305285 0.716008 -0.411917
-0.151292 0.441932 -0.781855
0.376089 0.118764 -0.785141
0.335614 -0.761429 -0.145257
-0.417355 -0.358839 -0.599171
0.426597 0.563552 -0.368264
0.732452 0.296276 0.00808462
-0.314499 0.818827 -0.258528
0.426327 0.409261 -0.560985
0.714535 -0.483448 -0.023064
0.665118 -0.0438849 0.336967
-0.232154 0.195094 -0.784381
0.377619 0.327444 -0.68129
-0.471653 -0.682288 -0.22337
-0.457052 -0.285567 0.708304
0.0124101 0.205559 -0.87939
-0.436648 0.236076 -0.695781
-0.501291 0.727968 0.0583407
-0.759444 0.00331283 0.410443
0.445602 0.321475 0.439725
0.589561 -0.399018 -0.576622
0.598653 0.344247 -0.431667
-0.735843 0.300925 -0.415374
0.664567 0.232824 -0.476182
0.40284 -0.665555 -0.382656
0.748353 -0.0490428 0.201468
-0.658086 -0.233991 -0.497363
0.590463 0.218137 0.336779
-0.345194 0.365885 0.677367
-0.27792 -0.33247 0.802855
0.315611 0.758092 -0.139088
0.232974 -0.741149 0.178334
0.450343 -0.0812362 0.617736
0.250642 -0.49405 0.607587
-0.313149 -0.801127 0.0932016
-0.423611 0.578641 -0.503767
-0.30145 -0.477033 0.72531
-0.18959 0.899103 -0.166429
0.527681 0.38737 0.302318
-0.0338731 0.295993 0.744099
0.834854 -0.151639 0.0674323
0.809436 -0.0660847 0.103516
0.585007 -0.0810939 0.461149
-0.0848315 0.574581 -0.689138
-0.617445 0.0111149 0.596099
-0.326539 0.676035 -0.449562
-0.776093 -0.229317 0.347533
0.289177 -0.183324 0.722341
-0.0568062 0.584499 0.513482
-0.751766 0.437871 0.00919512
0.0814738 0.854068 -0.253906
0.392725 -0.737641 -0.0189978
-0.596497 -0.189105 0.60817
-0.727924 -0.0328296 -0.485193
-0.025991 0.664389 0.42919
-0.820465 0.162664 -0.215718
0.144879 -0.415901 0.720643
0.444776 -0.486791 0.47823
0.65789 0.392925 0.0936184
0.0583294 -0.796856 -0.227203
-0.216467 0.759363 0.314124
-0.0337807 0.867561 0.0976436
0.375106 0.500838 0.347037
-0.773995 -0.341768 0.179815
0.59318 0.504379 -0.0713142
-0.521622 -0.586298 -0.297541
-0.154011 -0.782797 -0.203933
-0.799263 -0.169443 0.161769
-0.0265795 -0.299295 -0.82282
0.261514 -0.458114 0.6432
0.374184 0.0454184 -0.806291
-0.189249 0.821405 0.196302
0.851176 0.070374 -0.148377
-0.679887 0.58051 -0.121447
-0.626307 0.600772 0.0651301
0.17806 -0.206085 0.80322
0.375655 -0.575239 -0.545019
0.606866 0.157526 0.351655
-0.0848867 -0.707715 0.521761
-0.549037 -0.0264618 0.679921
0.00941477 -0.508111 0.701353
-0.284108 0.0678791 0.810337
0.124185 -0.564492 0.591105
0.128443 0.654983 0.396202
-0.520671 -0.283511 -0.585735
-0.10798 -0.7982 -0.155837
0.0689848 -0.696055 -0.503446
0.681103 0.319805 -0.3104
0.420144 -0.438507 -0.65066
0.20737 -0.715411 0.306262
-0.818009 0.0331386 0.243952
0.210547 -0.787087 -0.194805
0.444119 0.42004 -0.525888
-0.0919884 0.908826 -0.026595
-0.616533 -0.646146 0.0685866
-0.645405 -0.369224 0.511543
-0.378152 -0.739134 -0.218818
0.419559 0.631503 0.154538
0.391892 0.137475 -0.77253
-0.574379 -0.407624 -0.420758
-0.526119 -0.258888 0.668099
0.332204 0.452533 -0.60107
0.239069 0.113525 -0.841777
-0.782962 -0.199866 0.329987
-0.7898 -0.229819 0.195867
0.167097 0.58083 0.454684
0.323516 0.255121 0.602282
-0.300926 0.398402 0.668296
-0.0175286 -0.652816 0.561896
0.753877 0.0173108 0.173554
0.524272 -0.534494 -0.477673
-0.738031 0.470791 -0.0625332
-0.650305 -0.153743 0.55572
-0.0234372 -0.333754 0.806885
0.0547906 -0.517926 0.671854
0.82353 0.0558722 -0.36394
0.51159 0.239294 0.423184
-0.223215 -0.337585 -0.706103
-0.470146 -0.769414 0.0421274
-0.214532 0.726028 -0.469945
-0.0420592 -0.151078 -0.849976
-0.465953 -0.392802 -0.538
-0.72066 -0.468073 0.374814
0.768103 0.239727 -0.0548218
-0.375871 0.616676 -0.491431
0.578155 0.504108 -0.214304
0.408478 0.520044 -0.444464
-0.356887 0.399342 0.639711
-0.764207 0.242185 -0.365405
-0.560679 -0.499616 0.55182
0.653782 -0.55925 -0.0419497
0.0587489 -0.744272 -0.408496
-0.156889 0.530607 -0.709712
0.494007 0.00943257 -0.760168
-0.453681 -0.444548 -0.503561
-0.0758627 -0.804283 -0.144965
0.607647 0.482995 -0.0239555
0.119239 -0.809866 -0.0366263
0.090226 0.348646 0.694293
0.26407 0.261909 0.654932
0.237924 -0.585959 0.508853
0.398352 -0.718229 0.0771871
0.636189 -0.364572 0.347946
-0.706796 0.410877 0.279856
-0.623848 0.353149 0.47535
-0.48417 -0.730143 0.34801
0.649706 0.407479 0.0830837
0.703383 -0.411181 -0.373586
-0.219958 -0.701069 -0.424565
0.29367 -0.770299 -0.0577908
0.489743 -0.583555 -0.445919
-0.568164 -0.55378 0.499424
-0.84002 0.235849 -0.0215036
0.655606 0.148035 -0.569471
0.245736 -0.79375 -0.119221
0.0886992 0.87453 -0.110745
0.863244 0.0386027 -0.14397
0.445772 0.424096 -0.518818
-0.691187 -0.253044 0.488357
-0.544533 -0.581595 -0.272243
0.73036 -0.301597 -0.446554
0.710787 0.338125 -0.0339527
-0.539934 0.71344 0.000567295
0.439485 -0.114109 0.61854
-0.216169 -0.55852 -0.580558
0.637145 -0.543441 0.145551
-0.564044 0.374951 -0.57505
-0.557077 0.494278 0.406506
-0.0972017 0.777853 0.312475
-0.469081 -0.362009 -0.561886
0.520838 -0.288204 0.497883
0.0539932 -0.20141 -0.880078
0.303963 -0.212383 0.703233
-0.75435 -0.379653 0.307528
-0.705384 -0.389479 -0.213594
-0.0502972 -0.349835 -0.781302
0.368425 -0.748895 -0.045718
0.706924 0.346027 -0.164967
-0.0564544 -0.221731 -0.839213
0.163283 -0.043444 -0.890471
0.223583 0.733209 0.23811
-0.467634 0.44803 0.532791
-0.585488 -0.15057 -0.609214
0.00791733 -0.20039 -0.866514
0.298891 0.505701 -0.572163
0.335739 0.0666984 0.694536
-0.129013 -0.797828 -0.145392
0.683192 -0.498928 0.0974675
-0.395332 0.204016 0.733056
0.466487 -0.0488383 0.611442
0.0404896 0.883805 -0.210513
-0.355853 0.0518072 -0.730566
0.158396 0.77482 -0.361641
-0.116748 0.565973 -0.689547
-0.424692 -0.140101 -0.688792
0.548695 0.113734 0.461415
0.794548 0.205676 -0.146101
0.490601 0.581757 0.102546
0.860096 -0.102127 -0.265139
-0.201425 -0.0910712 -0.79067
0.254959 -0.435196 0.670641
-0.546351 0.466846 0.448998
0.309847 -0.48737 -0.67584
0.782496 -0.0762263 -0.445746
-0.701989 -0.139873 0.499172
0.0301876 -0.465162 -0.722585
0.33534 -0.762865 -0.139883
0.511627 0.561342 0.0950626
-0.0164941 -0.382248 -0.77566
0.309067 -0.376574 -0.763753
0.832329 0.130329 -0.199067
0.0552424 -0.582548 0.605387
0.089312 0.208966 -0.859456
0.776564 0.23365 -0.0999513
-0.199152 0.329939 -0.79359
0.510016 0.0890274 0.528975
-0.349286 -0.522071 0.686156
-0.118662 0.348175 0.710788
0.804196 -0.0990307 -0.390526
-0.711952 -0.094018 -0.496577
-0.216138 0.896716 -0.108384
0.832249 0.0192762 0.0386521
0.53842 -0.168937 0.512341
0.608522 -0.56338 -0.292213
0.495283 -0.623037 -0.375178
0.255396 0.789602 -0.144479
-0.0556224 -0.350119 0.805816
-0.45238 0.635324 0.340143
-0.81118 0.0390823 0.286271
-0.281186 -0.699277 0.520414
-0.237807 -0.760895 0.448684
-0.282722 -0.622054 -0.483696
0.22887 0.00998823 0.77266
-0.578231 0.6047 0.175537
-0.819671 -0.0227018 -0.113656
-0.486447 0.662263 0.227814
-0.175212 -0.784456 0.410877
0.157145 0.791084 0.157328
0.879986 -0.0844715 -0.227721
0.222262 0.159332 0.751686
0.555329 0.371074 -0.451579
-0.188544 0.485979 -0.739017
0.37204 -0.570739 -0.551965
-0.62476 -0.0334192 -0.616941
0.0563721 -0.394181 -0.779835
-0.791466 0.0694281 0.348745
-0.53766 0.553193 0.359996
0.567841 -0.629611 -0.124494
0.720606 0.159448 0.182332
-0.0494804 0.846009 -0.333601
0.58025 0.0625646 0.44009
-0.265697 -0.639245 0.59265
-0.479597 -0.505977 -0.429791
-0.224544 0.457634 0.633024
-0.355923 -0.482156 -0.550699
-0.0245864 0.851058 -0.3204
-0.23291 -0.79467 -0.0836843
-0.843368 0.193137 -0.00545075
0.492418 0.377393 0.347016
-0.657863 -0.455885 0.46489
-0.201967 0.738739 -0.46256
0.517804 0.0685164 -0.732201
0.404358 0.452182 0.367031
-0.703089 0.479217 -0.303108
0.0233407 -0.563916 0.638159
0.217192 -0.773093 0.0303364
-0.728059 -0.233976 0.446812
-0.394879 -0.160902 -0.697007
-0.216008 -0.519493 -0.60487
-0.784748 0.38964 -0.0956766
0.21928 -0.536148 -0.665992
-0.139918 -0.755532 -0.335809
-0.231371 0.633695 0.468502
-0.628758 0.536392 -0.364263
0.100196 0.810791 0.157191
0.438141 -0.662708 -0.338974
0.0924018 -0.623809 -0.590684
-0.847819 0.235084 0.0466301
-0.568286 -0.500191 0.544943
-0.476564 0.466697 -0.575736
0.118406 -0.737652 0.316865
-0.511693 0.610006 -0.388806
-0.577141 0.320955 -0.595663
-0.177399 0.670455 0.447999
-0.160817 0.838742 0.167439
-0.407057 0.767706 -0.243626
-0.0458491 0.521808 -0.739314
0.50256 -0.695202 0.0261791
-0.203848 0.00442677 0.851437
-0.123182 -0.69622 -0.493177
0.342633 0.747134 -0.121161
0.595235 0.498435 -0.137064
0.00415654 -0.24921 0.836603
0.111104 -0.762568 -0.353276
-0.252445 0.735727 0.330586
-0.67916 0.573999 -0.0800037
-0.72449 0.329463 -0.433782
0.490388 0.406028 0.323236
-0.627034 -0.517515 0.467531
0.642624 -0.153777 0.386038
-0.0736975 0.678865 -0.60609
-0.493023 0.396078 -0.611684
-0.724004 0.494692 -0.0503063
-0.637504 -0.315164 0.536088
0.551168 0.354938 -0.47608
0.36105 0.241613 0.574957
-0.347426 -0.787155 -0.00381604
-0.064432 -0.508376 -0.67427
0.720381 0.0406821 -0.519857
0.303606 -0.728653 -0.335013
0.0206336 0.745875 -0.518678
0.40553 0.097539 -0.777229
-0.615647 -0.507842 -0.259676
-0.553856 -0.428197 -0.424563
0.0404928 0.839045 0.129714
-0.358306 0.804525 -0.235431
0.551615 0.562501 -0.0526316
0.207009 -0.551941 -0.649278
-0.672318 0.529778 0.108997
0.732334 -0.128676 -0.528177
0.709916 0.0730487 0.230481
0.779054 -0.23576 -0.382821
0.578075 -0.347413 -0.632334
0.023737 0.781412 -0.465628
0.675266 -0.531582 -0.0667915
0.741606 0.0828839 0.172952
0.263041 0.771062 0.113244
-0.753448 -0.409365 0.266602
0.493337 -0.692626 -0.130818
0.444067 0.272316 -0.675101
-0.00852525 0.354975 -0.834673
0.16179 0.12582 -0.858848
0.139209 0.731505 0.299925
0.398803 -0.482802 -0.621285
0.484875 0.544616 0.182622
-0.223895 -0.141172 0.869459
-0.214033 0.631465 -0.584632
0.530257 0.310635 -0.55479
0.532546 0.437465 -0.396525
-0.326612 -0.685403 -0.383634
-0.734409 -0.497891 0.196378
-0.0680084 0.565764 -0.699616
-0.555799 0.668895 0.0899846
-0.169949 0.318632 -0.806607
0.451274 -0.537989 0.417702
-0.556729 -0.73664 0.124715
0.559069 -0.459908 0.37381
-0.175999 0.865421 0.0658367
-0.31639 -0.228773 0.806526
0.526363 0.386365 -0.46777
0.173686 -0.701621 0.380797
0.00153429 -0.711482 0.465675
-0.649727 0.244644 -0.563637
-0.339487 -0.13701 0.814424
0.217656 0.12491 -0.844791
0.022177 -0.72039 -0.461354
0.643138 -0.30757 0.357962
0.669946 0.323034 -0.328073
0.301525 0.749073 0.130125
-0.814894 -0.0845376 0.078689
-0.570714 -0.549451 -0.273182
0.819372 -0.221101 0.0880632
-0.397129 -0.277436 -0.650043
0.289604 -0.270321 0.700418
0.372219 0.651171 -0.323118
-0.772187 -0.363446 0.161137
0.262456 0.586945 -0.511896
0.656761 0.396194 0.0895448
-0.728768 0.445893 -0.29667
0.405382 0.68505 -0.233436
-0.620913 -0.590872 -0.0668901
-0.742066 -0.293013 0.407817
0.658428 0.366224 -0.279464
0.169387 0.111497 0.783533
-0.598772 0.297058 -0.592294
0.529214 0.396262 0.292743
0.16172 -0.808956 -0.0897014
0.610957 -0.54103 0.227195
0.79895 -0.210224 -0.349832
-0.493673 -0.759329 0.0463937
-0.132515 -0.81692 0.268568
-0.79347 -0.243103 0.116418
0.827892 0.0612253 -0.355391
0.734638 -0.316064 -0.429232
0.213204 0.823535 0.0195901
0.275081 -0.704463 0.279077
-0.471872 -0.520497 0.612202
-0.626489 -0.663119 0.16032
-0.083583 0.277295 0.759943
-0.64928 -0.494483 -0.187067
-0.789827 -0.142826 0.35243
-0.624821 0.0387488 -0.618648
0.255638 -0.716897 -0.420586
-0.0931337 0.728255 -0.557181
0.516358 -0.437042 -0.588435
0.785338 -0.361096 -0.0662053
-0.673267 0.515137 0.141464
-0.392416 0.465636 -0.636786
0.8563 0.0161546 -0.0136586
-0.0817513 -0.594177 0.652134
0.303924 0.316005 -0.746418
0.230611 -0.269166 0.747237
0.655142 -0.560782 0.0328626
0.642386 0.421542 -0.219871
0.434179 -0.209712 -0.794401
-0.320338 0.710944 0.324499
-0.0755157 0.376901 0.68503
0.297114 -0.439411 0.64538
0.574289 0.149041 -0.641669
0.252681 -0.284738 -0.825676
-0.29261 -0.402127 0.774205
-0.403249 0.142407 -0.712158
-0.208263 0.707944 -0.499522
0.58627 -0.146863 -0.695787
-0.0486601 -0.0730497 -0.85087
-0.55269 0.619041 0.197038
-0.533182 -0.697948 0.332961
0.151395 0.287214 0.729947
0.818457 0.136167 -0.107262
-0.186209 0.665957 0.452993
-0.617293 0.527129 -0.398015
5.92271e-06 -0.175412 -0.864635
0.461793 -0.629414 0.310844
0.391128 0.0919368 0.63761
-0.812558 0.279513 0.194302
-0.284438 0.453768 -0.718421
-0.663397 0.550225 -0.272937
-0.538385 -0.714012 0.289715
-0.243463 -0.301112 -0.714362
-0.793954 -0.283691 0.0358553
0.232207 0.502599 0.491759
-0.691951 0.551769 -0.161736
0.483086 -0.709811 -0.0863365
-0.306061 -0.809772 0.256685
-0.601066 -0.0358734 -0.626719
0.316422 0.380582 0.520294
-0.0907296 -0.614166 0.635327
0.836151 0.0568879 0.0109632
0.109138 0.614841 0.447179
-0.312262 -0.155113 -0.738011
0.306683 -0.542899 0.519188
0.605168 0.18014 0.339853
0.327843 -0.606111 -0.543512
0.651123 -0.252972 -0.597838
-0.566986 0.546418 0.315744
-0.187358 -0.618685 -0.555538
-0.603523 0.42482 0.427076
-0.0489849 -0.7001 -0.498957
-0.174582 -0.125703 0.885899
-0.0888484 -0.32998 -0.776547
-0.62402 0.324122 -0.561033
0.578137 -0.613459 -0.16761
-0.364651 0.462388 -0.658453
-0.309166 -0.308298 -0.678177
0.447022 0.684409 -0.084101
0.531266 0.542884 0.0868185
-0.278546 0.139338 -0.764837
0.236644 0.562793 0.425365
0.760973 -0.417159 -0.0926225
0.471779 0.353531 -0.573605
-0.0708919 -0.698419 -0.501283
0.632285 0.18371 -0.572096
0.338176 0.494894 -0.549503
0.314487 0.0352711 -0.837025
-0.0328427 0.752386 -0.515994
-0.707116 0.525691 -0.160474
0.137482 -0.362827 -0.814144
0.644909 0.0286387 -0.625898
-0.0812404 -0.190092 -0.832498
-0.755369 -0.447396 0.127992
-0.0458625 -0.0819433 0.892136
0.0896982 0.873861 -0.0146753
0.769293 0.0958473 0.121249
-0.475895 -0.317095 -0.591087
0.199815 -0.791222 -0.182175
-0.716007 -0.445929 -0.0684074
-0.16469 -0.649066 -0.546384
0.431203 -0.447335 -0.634847
-0.20419 0.80006 -0.377302
0.169661 0.140949 0.777466
0.483593 0.486525 0.250409
-0.513212 -0.664246 -0.191316
-0.209726 -0.822685 0.341902
-0.326104 0.0443153 -0.74268
0.823657 0.0976409 -0.338888
-0.710979 0.251858 0.436284
0.457432 0.566225 -0.327397
0.368954 0.70182 0.128472
0.625456 -0.0417756 0.397782
-0.200779 0.762114 0.318576
-0.0434646 0.275035 -0.861129
0.584285 -0.0493053 0.45795
-0.204779 0.76763 0.307504
0.252381 0.662817 -0.430074
0.563698 -0.508058 -0.478085
0.241106 -0.777387 -0.0245945
-0.563927 -0.0047636 -0.642887
-0.189141 0.835552 0.152225
-0.735247 -0.243937 0.432876
-0.723551 0.396222 -0.385385
0.468098 -0.651346 -0.328867
0.034677 -0.261761 0.826152
-0.0889189 0.837747 0.204677
-0.0889429 0.356153 0.702296
-0.668553 0.179468 0.528628
-0.739687 0.414399 0.157399
0.525674 -0.638461 -0.270943
-0.478885 0.207243 0.677719
0.569885 -0.206243 0.470803
-0.319198 0.801107 0.127655
0.12056 0.655335 0.401384
-0.606146 -0.664791 0.27017
0.336498 0.201138 0.624481
-0.607151 -0.568644 -0.176375
-0.149867 0.246048 0.785266
-0.0292294 -0.405485 -0.755766
-0.494242 0.5519 -0.48551
-0.765137 0.426495 -0.123709
0.0702794 -0.225461 0.832702
-0.475368 0.751369 0.00938049
-0.00641852 -0.794922 0.215639
0.748434 0.114479 0.150837
-0.326056 0.810027 0.0721411
0.371206 -0.662415 -0.423607
-0.277931 -0.780027 -0.145213
-0.474741 -0.770616 0.0587462
0.374538 0.233837 0.567013
-0.324005 -0.798383 0.0820636
0.329771 0.213176 0.623207
-0.744927 -0.454666 0.266296
-0.478206 -0.094536 -0.674574
-0.621457 0.257668 -0.590828
-0.738809 0.260388 0.394389
-0.0759396 0.694195 -0.593065
-0.562671 0.566261 0.28412
-0.825101 0.139368 -0.182329
-0.017248 -0.0166528 -0.865026
0.590272 0.356414 -0.427099
-0.290464 -0.526588 -0.562328
-0.157056 -0.169078 -0.802675
0.46981 -0.634725 0.296265
0.823443 -0.155966 -0.322083
0.575206 -0.628565 0.0971264
-0.233586 0.681105 0.413731
0.281283 0.0844042 0.728739
0.815678 -0.0562069 -0.379754
-0.703261 0.00320339 0.491981
-0.0472497 0.352886 -0.833414
-0.540136 0.593658 0.273249
0.636287 0.232741 0.26281
-0.688661 0.539605 -0.212989
-0.493235 -0.565125 0.551395
0.331748 -0.511943 0.540725
-0.0402071 -0.779952 -0.284066
0.618903 0.0328854 0.392236
0.208873 0.716617 0.267763
0.866838 -0.046418 -0.266779
0.232201 -0.569018 -0.61977
-0.125707 0.821101 0.243084
-0.650163 -0.569754 -0.00526621
-0.45308 0.619843 0.361179
-0.263194 -0.249835 -0.730306
0.252671 -0.766417 -0.268457
0.281962 -0.688969 -0.446185
0.337396 0.483648 -0.563838
0.47841 -0.465679 0.461262
0.471707 -0.140773 0.582262
-0.362706 0.749907 0.22114
-0.563758 -0.0993511 -0.634291
0.0911228 0.614661 -0.622688
0.0784298 0.824272 -0.334034
-0.812657 -0.0326259 0.206186
-0.351701 -0.522454 -0.519545
-0.350545 -0.503966 -0.53635
-0.00118156 0.2012 -0.879301
0.538258 0.542076 0.0716932
0.521952 0.139526 0.480728
0.374979 -0.210258 -0.828663
-0.112122 0.479463 0.607426
0.154539 0.0450614 0.801957
0.713803 -0.467369 -0.181298
0.547106 0.209165 0.403723
-0.666961 -0.0343436 0.53788
0.0496503 -0.736927 0.381925
0.755291 -0.423543 -0.0596109
-0.633104 -0.439799 0.503862
0.240457 0.458971 -0.663789
0.548576 -0.420318 -0.583225
0.778449 0.194432 0.0143262
0.0604816 0.813092 0.185601
0.579981 0.51047 0.0369504
-0.107453 0.652492 -0.622157
0.237152 -0.582515 -0.600896
-0.165474 -0.340371 -0.733337
-0.254079 0.734604 -0.427034
-0.500849 -0.0921896 0.730458
-0.337176 0.730683 0.285668
0.54881 -0.356032 -0.643565
0.475531 -0.680252 0.167811
0.0562962 0.122692 -0.88447
0.048682 0.794632 0.240605
-0.825154 0.268684 -0.14161
0.466443 0.665283 -0.126627
0.619826 -0.401744 0.352875
-0.140021 -0.813109 -0.0241323
0.741895 -0.117995 -0.514494
-0.51841 0.317532 0.603399
-0.33978 0.122866 -0.739017
-0.738121 -0.469329 0.298608
-0.611064 -0.50161 -0.272734
-0.31663 0.499653 0.565217
0.676393 0.244798 0.198526
-0.580429 0.359129 -0.5733
0.165952 -0.633836 0.490562
0.812944 -0.278503 0.0127909
0.58784 0.494643 0.0509117
0.480583 -0.307845 0.529655
0.477935 -0.160557 -0.774565
-0.539762 -0.62069 0.438996
-0.134004 -0.515564 0.716008
-0.757279 -0.172902 -0.366247
0.187337 0.541684 -0.622636
-0.787626 0.336713 0.156692
-0.369105 -0.783944 0.000393702
0.422585 0.678662 -0.216034
0.492839 -0.697726 -0.111558
-0.563345 0.674344 -0.189085
0.315405 -0.516732 0.544629
0.618725 0.468448 -0.132916
-0.330451 -0.173903 -0.723947
-0.773861 -0.324856 0.209417
0.578665 -0.153288 0.470662
-0.713404 -0.22378 0.468788
-0.185837 0.632131 0.483646
-0.292691 -0.635548 0.589725
0.735032 0.224608 -0.354193
-0.676843 -0.432778 0.45165
0.830547 0.10294 -0.309356
0.143367 -0.00977149 0.816736
-0.801716 0.164233 -0.289761
-0.4004 0.6338 -0.448742
0.270097 -0.765187 0.00102032
0.367276 -0.262234 0.639912
-0.0546284 -0.350868 0.805337
-0.227627 0.849925 0.0628041
0.504414 0.0911787 0.53372
-0.18636 -0.365591 -0.710327
0.0114196 0.602622 -0.674088
-0.510098 0.709475 -0.205373
-0.399247 -0.183031 -0.688563
0.684657 -0.228465 -0.56555
-0.375093 -0.588318 0.620778
-0.749023 0.442033 -0.190591
0.126868 0.828822 0.0854471
0.311028 0.00750401 0.719877
0.364845 -0.00127795 -0.823559
0.441302 -0.703296 -0.189826
0.168873 0.757619 0.234814
-0.738792 -0.285253 0.415127
-0.732042 0.327643 -0.416108
-0.606978 -0.0866873 0.612032
0.684793 0.287799 -0.355366
-0.312739 -0.705963 0.502139
0.0513185 -0.294433 -0.853128
0.422941 -0.508115 0.480765
-0.464057 -0.395543 0.671688
-0.354256 -0.329182 -0.64534
0.804829 0.0238642 0.0841117
-0.0874409 -0.828647 0.136817
-0.334973 0.00497247 -0.737957
-0.825887 0.158019 -0.169633
0.284576 -0.72688 -0.372042
0.871322 -0.0948463 -0.242508
0.180226 0.399471 0.628737
-0.599553 -0.18458 -0.592736
0.0397677 0.672823 -0.593785
0.737119 -0.00120737 -0.511683
-0.0639126 -0.825316 -0.00297036
-0.0908213 0.827989 -0.368059
-0.644498 -0.63533 0.157291
-0.534224 -0.567935 0.511735
0.849693 0.0738689 -0.205887
0.0695418 0.368069 0.68055
0.475662 0.234646 0.466388
0.428624 0.645861 0.116553
0.489322 -0.707011 0.00650401
-0.248667 0.0190532 0.834403
-0.0646785 -0.727486 -0.440648
-0.279724 -0.79044 -0.0654636
0.816108 -0.199254 -0.315154
-0.389173 -0.478758 0.693546
-0.0471421 -0.67357 -0.54142
0.131438 -0.490053 0.667612
-0.576432 0.67174 -0.112151
0.814682 -0.299618 -0.0860441
-0.0542167 0.134387 -0.857633
-0.284386 0.74251 -0.392334
-0.196825 -0.603577 -0.560863
0.195573 0.2311 -0.827585
0.831762 -0.182964 -0.287055
0.361189 -0.104361 -0.847329
-0.790811 -0.293189 0.0662335
-0.142245 -0.781431 -0.217429
-0.248291 0.628033 0.465583
-0.0581618 0.682687 0.417166
-0.14751 0.490655 -0.743608
0.31861 0.162199 0.665504
-0.190483 -0.499025 0.722201
-0.653827 -0.36287 -0.370209
-0.463835 -0.0265827 0.770566
0.57804 0.2804 0.315238
-0.00356721 -0.557087 -0.648468
0.593726 -0.286186 -0.657788
0.29477 0.423817 -0.656303
-0.139103 0.455959 -0.773099
-0.211495 0.894302 -0.087694
0.575176 -0.248914 0.454964
0.138451 0.699554 -0.496355
0.0756305 -0.324629 -0.834838
0.323066 0.607768 0.290538
-0.0193396 -0.553764 -0.648241
0.14923 0.30796 -0.821401
0.496482 0.416361 -0.466737
-0.680152 0.460073 -0.395174
-0.351569 0.780392 0.15459
-0.378619 0.640473 0.379673
-0.409183 -0.766788 -0.112057
-0.343725 -0.325492 -0.652413
-0.140275 0.0656593 -0.820172
-0.0570646 0.39231 -0.817843
-0.0263874 -0.796057 0.236501
0.320623 -0.679406 0.317231
-0.731361 -0.0329936 -0.479871
-0.440357 -0.783333 0.130122
0.332048 -0.472779 -0.675547
0.356377 0.703028 0.14535
-0.679806 -0.192202 -0.496297
0.81335 -0.258609 0.0509226
0.654394 0.240833 -0.483696
-0.694511 -0.189545 0.500838
0.327019 0.392821 0.500528
0.00477946 -0.784173 0.257516
-0.152496 -0.0694385 -0.811502
-0.55511 -0.542706 -0.301504
-0.658818 -0.316068 -0.412201
0.869632 -0.134312 0.00936149
0.212383 -0.515337 -0.694876
0.0557749 0.10251 -0.88633
-0.443523 0.0726502 0.753599
-0.105491 0.800221 -0.418825
-0.799332 -0.234566 -0.00757823
0.562591 0.325041 -0.498375
0.43833 -0.65923 -0.349688
0.574272 -0.611554 -0.202741
-0.411668 -0.187317 0.765453
0.561503 -0.354357 0.442906
0.14001 -0.543126 -0.676146
-0.43927 0.786193 -0.0878233
-0.818059 0.0852394 0.255677
-0.631769 0.52105 0.238928
-0.818139 0.0850015 -0.260287
-0.647405 -0.198163 -0.540247
0.532777 -0.673879 -0.0468416
0.569603 -0.439587 0.380927
0.349494 0.694125 0.168317
-0.503168 0.586006 0.361869
0.464106 0.281817 -0.648855
0.429264 -0.68867 -0.27049
-0.198112 -0.813976 0.36162
0.620266 -0.379829 0.363893
-0.391309 0.59308 0.426331
0.191889 0.831569 -0.055192
-0.446251 -0.698732 -0.228258
0.0809155 0.782486 0.249276
-0.69153 -0.42546 -0.187262
0.0337879 -0.756838 -0.382842
-0.00827481 0.765785 0.317988
-0.516203 -0.0114737 0.719038
0.511696 -0.651315 -0.252709
0.393245 0.164758 -0.763827
-0.0957699 0.0576992 -0.838382
0.178726 -0.743349 -0.402862
0.513102 -0.567682 0.316963
0.144078 -0.438636 -0.761789
0.468637 0.651366 0.0113416
0.638548 -0.48136 -0.406474
0.656584 -0.523491 -0.224828
-0.558523 -0.195183 0.648619
0.0494422 -0.229956 -0.8788
-0.821193 0.221356 -0.183239
0.023355 -0.772565 0.291313
0.112618 0.0549751 0.816627
-0.834208 0.229873 -0.074317
0.106641 0.425388 -0.783689
-0.3403 -0.24054 -0.696735
0.177009 -0.183008 0.810837
0.523035 -0.659151 -0.194277
0.0388828 0.759999 0.320072
0.466952 -0.179014 -0.778197
-0.161432 0.0168095 -0.810109
0.243527 -0.387337 0.702041
0.652056 0.382969 0.124071
-0.205074 0.0549551 0.83681
0.415234 -0.718759 -0.174232
-0.760383 -0.267838 -0.24147
-0.509794 0.598907 -0.408812
0.488027 -0.572257 -0.460961
0.897999 -0.0965898 -0.11957
0.222352 -0.349249 -0.80534
0.708634 -0.202647 0.278021
-0.0172414 0.684493 -0.592928
0.134445 0.79092 -0.352133
-0.804302 -0.188659 0.0509227
-0.115397 0.532666 -0.716492
-0.755767 0.420227 -0.234801
-0.434571 0.573196 -0.502239
0.487774 0.27265 -0.635984
-0.406383 -0.418306 0.705265
-0.605476 -0.658756 0.0581385
0.841993 -0.235892 -0.074124
0.455958 0.24428 -0.68927
-0.533264 0.704696 -0.13435
-0.132742 -0.715982 -0.43883
0.609855 -0.37726 0.378591
0.298064 -0.708424 0.245312
-0.796786 -0.0226673 0.346296
0.249787 -0.772232 -0.00896719
-0.681705 0.41172 0.347453
0.628066 -0.38854 0.350571
-0.039081 0.617493 0.478357
0.589803 -0.140552 -0.693547
-0.339424 0.362142 0.683918
-0.825483 0.114648 -0.186671
-0.307937 -0.761476 0.425806
0.132643 0.242102 0.75566
0.0489301 0.0604479 0.840727
0.55617 0.550549 -0.129282
0.206191 0.506843 -0.64392
0.646679 -0.33793 0.343088
-0.664706 -0.0739231 -0.573023
-0.15058 0.374682 0.692429
-0.598158 -0.490402 -0.302436
-0.721852 0.499085 -0.0548112
-0.785401 0.326827 0.196876
-0.663885 0.096981 -0.569795
0.037387 -0.584406 -0.631344
-0.280177 0.834833 0.049814
-0.733941 -0.404202 -0.0929488
0.181482 0.60886 -0.557603
0.526421 -0.670003 -0.109408
-0.0482639 0.488399 -0.765576
0.173758 0.702714 -0.458254
-0.492386 -0.474923 0.622159
-0.680786 -0.11293 0.523849
0.12339 -0.446353 -0.752512
0.137258 -0.689387 0.436443
-0.731374 -0.41815 -0.0737416
0.533103 0.345269 -0.509556
-0.531927 -0.700982 0.329393
0.479519 0.127955 0.534299
0.442239 -0.23427 0.58447
-0.428081 -0.745453 -0.137031
-0.827368 0.106036 -0.172827
-0.299407 0.613288 0.454098
-0.517855 0.538892 0.40073
-0.649514 0.293537 0.489581
-0.0897177 -0.624173 0.624783
-0.169268 0.881145 0.0157267
-0.137937 -0.320114 -0.757156
-0.597294 -0.103923 -0.617007
0.267735 0.782737 0.0776949
-0.753198 -0.427195 0.0225055
0.309939 -0.731573 0.125483
0.203126 -0.588284 -0.603573
-0.400578 0.789101 0.00434429
0.630266 0.451478 -0.036847
0.664327 -0.0511244 0.339071
0.684443 -0.506891 -0.149326
0.683129 0.0289742 -0.574182
-0.244283 -0.339925 -0.694482
0.231457 -0.573242 -0.614545
-0.575501 -0.689142 0.0192719
0.757927 -0.396384 -0.260511
-0.0467114 -0.369413 -0.770678
0.594852 -0.618453 -0.0365563
-0.523707 0.487852 -0.527633
-0.0790082 -0.348748 0.810457
-0.52159 -0.131589 0.700598
-0.655565 0.275042 0.493196
-0.812758 -0.113547 -0.0266061
0.557241 -0.593564 -0.369953
-0.0373409 -0.324267 -0.802739
-0.361478 -0.354243 0.753293
-0.785304 -0.0477841 0.376844
0.0285036 -0.33331 -0.820322
0.459965 -0.143277 0.592387
0.135061 0.855623 -0.00164499
0.372612 0.176452 -0.770319
0.206238 -0.323006 -0.820099
0.0192574 0.81888 -0.394387
-0.745965 -0.422062 0.318148
-0.476238 0.665775 0.235846
0.556766 0.385634 0.271586
-0.422468 0.194261 -0.702779
-0.550134 -0.358357 -0.499178
-0.00747283 0.550701 0.538732
-0.813052 0.25611 -0.197383
0.570448 -0.640832 -0.0368036
-0.72684 0.223181 -0.455875
-0.592593 0.510035 0.338725
-0.826907 0.042648 0.126608
-0.659887 -0.0232235 0.546041
-0.702423 -0.201655 0.489015
0.618521 -0.0747138 -0.675956
-0.695113 -0.203212 -0.467907
0.315232 -0.765135 -0.167071
0.0950688 0.0774493 0.819302
-0.799001 -0.142902 -0.209504
-0.0307112 0.107494 0.86326
0.524333 -0.39518 0.466211
0.0890937 0.43646 -0.7809
0.260514 -0.789532 -0.115732
-0.0868148 0.695431 0.409991
-0.336707 0.117871 0.779443
0.197573 -0.10608 0.808545
0.64178 -0.569766 -0.0556789
-0.749122 0.438136 -0.208121
0.32504 0.393444 0.501969
-0.342803 -0.803654 0.179609
-0.307708 0.488973 -0.668114
0.089324 0.0617025 -0.888049
-0.632765 0.305338 -0.564207
0.825199 -0.0740251 -0.352901
0.0564106 0.875943 -0.219842
0.279959 -0.283457 0.704922
-0.562462 -0.101701 -0.634232
-0.309194 -0.806208 0.302028
0.106504 0.866707 -0.109918
-0.211758 -0.493104 0.724064
-0.576929 0.676437 -0.063648
-0.672017 -0.0285206 0.531582
-0.258545 0.752363 0.301577
-0.403794 -0.357822 0.724479
-0.275176 -0.749303 -0.272983
0.227626 0.375352 -0.750282
0.286037 -0.782447 -0.149638
0.345587 -0.679455 0.294266
0.616914 -0.49469 -0.434914
0.587147 0.512776 -0.0662539
-0.642505 -0.458292 0.48287
0.827755 0.0496422 0.0363387
0.322608 0.181924 -0.792719
0.219938 0.793962 -0.21626
-0.291402 -0.811281 0.16978
0.525536 -0.660232 -0.177574
0.684027 0.324094 -0.297153
-0.299515 0.617455 0.449332
0.0416465 0.260498 0.762368
-0.336436 -0.251824 -0.69299
0.11195 -0.590662 0.567361
-0.52168 0.0979556 0.682571
0.281346 0.692421 0.244391
-0.65671 -0.0548058 -0.590528
0.587438 -0.248028 0.44253
-0.734766 -0.488451 0.245208
0.873156 0.00111388 -0.195651
-0.568014 0.318871 0.56165
-0.321148 0.588428 0.47021
0.225288 0.790588 0.0962958
-0.495017 0.351861 0.597681
-0.40511 -0.614969 -0.396763
0.129905 -0.156954 0.834394
-0.0294575 0.781711 0.298829
0.26194 0.0446967 -0.850746
-0.720195 0.394139 0.271646
0.743231 -0.33756 -0.399852
0.476738 -0.422571 -0.628569
0.764772 -0.33061 0.133608
0.19457 -0.197162 -0.863777
-0.295265 0.546185 -0.618501
0.15973 0.591299 0.447782
0.421119 -0.0248867 -0.80375
-0.393091 0.760538 -0.27001
-0.350614 0.276531 -0.73094
0.357574 0.310945 -0.710813
0.790131 -0.341898 -0.0266984
0.555395 -0.144606 0.499278
0.337415 -0.416207 -0.723724
0.211884 0.802384 -0.196644
-0.196638 0.838687 -0.330669
-0.729989 0.054618 -0.472785
0.284482 0.671435 0.26469
0.471666 0.362188 -0.563293
-0.437805 -0.408655 -0.547261
0.105067 0.843207 0.0673772
-0.296003 0.69449 -0.448548
0.463681 0.0481576 0.59247
0.577805 0.0873755 -0.672915
0.048453 0.865062 0.0572743
-0.826357 0.203255 -0.151427
0.687241 -0.138314 -0.599313
0.231666 -0.390119 0.70465
0.277511 0.309372 -0.771995
-0.337776 -0.296953 0.779258
0.490627 -0.631739 0.273368
-0.460725 -0.424201 -0.515301
0.178653 0.502624 0.53708
0.253672 0.382845 0.576576
0.584438 0.517231 -0.10526
-0.168095 0.791595 0.2899
-0.290703 -0.704333 -0.366139
-0.0583019 -0.684368 -0.527182
-0.646484 0.611323 -0.116697
-0.695493 -0.494887 0.387849
0.359065 -0.258998 -0.809337
-0.673317 -0.278667 0.503277
-0.815718 -0.0843038 0.0666635
-0.518485 0.71706 -0.131686
-0.64141 0.194357 0.550336
0.211971 0.105326 -0.850454
0.163845 -0.104746 0.826615
0.693409 -0.387414 -0.438065
-0.613143 0.497754 0.322929
-0.468003 -0.490819 0.632106
-0.427761 -0.231962 -0.65767
0.498875 0.588719 -0.236448
0.0444497 0.231015 0.781393
0.642595 0.0351082 0.354526
-0.625138 -0.532193 -0.190362
-0.716551 0.377525 0.313606
-0.0904469 -0.302774 -0.789404
-0.725826 0.471511 -0.242516
0.0284363 -0.69111 0.493481
0.476279 0.133666 0.533741
0.66016 -0.262076 -0.5807
0.128662 0.652073 -0.554366
0.162391 0.715529 -0.453821
-0.65811 0.310297 0.46501
0.48321 0.638595 -0.175473
0.856596 -0.126156 -0.25993
-0.773421 -0.321377 -0.106089
0.590543 0.202001 -0.598046
-0.738741 -0.196185 0.441813
-0.0790554 -0.738294 -0.408447
-0.264149 0.697279 0.377092
-0.0663479 -0.729768 -0.435008
-0.728067 0.461269 0.0893788
0.803992 0.157356 -0.0636933
-0.21627 -0.631638 0.614327
0.628197 -0.0671174 0.397259
-0.729857 0.472518 0.047376
0.513363 -0.666993 0.174137
-0.619601 0.121094 -0.616289
-0.449926 -0.785395 0.18403
-0.562957 0.388977 -0.566345
-0.0231254 -0.299675 -0.824109
0.830621 0.0151951 0.0427872
-0.406439 -0.465111 0.687606
0.530439 0.0638389 0.51693
0.848478 0.0708772 -0.129168
0.292017 0.393797 0.533051
0.39372 0.0814434 -0.787201
0.143976 -0.797701 -0.198095
-0.757407 -0.26568 -0.258693
-0.671745 -0.397591 -0.305617
0.517103 0.585291 0.0328454
-0.752704 -0.440566 0.213913
-0.378841 -0.483792 0.698546
0.715108 0.0950874 -0.507622
0.153308 0.456705 0.58814
-0.748559 -0.426351 0.00108979
0.230755 0.215225 0.715814
0.531061 -0.305422 -0.687142
0.698187 -0.225273 -0.548928
0.689441 0.0126584 -0.571278
-0.326748 0.215136 0.75141
-0.0187996 0.797525 0.272639
-0.806052 -0.0759921 0.227764
-0.328217 -0.162216 0.815361
-0.616474 0.375152 -0.537322
0.738345 -0.222413 -0.487281
0.219738 -0.261605 -0.84101
0.551529 -0.144359 -0.726565
0.32004 0.0855102 -0.82055
-0.723596 -0.138766 -0.461936
-0.503258 -0.360743 -0.535209
0.06165 0.301527 -0.84278
-0.0421384 0.756546 0.334805
-0.272564 0.676428 -0.491655
-0.107204 0.560561 -0.69582
0.124357 0.277374 -0.835001
0.113 0.727317 0.323364
-0.48325 0.23305 -0.675861
-0.537283 0.691488 0.0808882
-0.104164 0.138623 -0.837071
-0.537953 -0.304953 0.646683
0.109118 0.297873 -0.834006
0.825445 -0.301634 -0.228833
-0.371081 0.80897 -0.214723
0.293305 -0.183937 0.718867
-0.427665 -0.772615 0.282523
-0.250743 0.31104 0.741859
0.388674 -0.69951 0.185065
0.0886692 -0.613196 0.553379
0.641042 -0.242265 0.377626
0.468198 -0.682559 -0.22549
-0.847231 0.256921 0.0891254
-0.337549 -0.412357 0.752497
0.817265 -0.301122 -0.120089
0.695819 0.201531 -0.462994
0.442085 -0.15457 -0.799246
-0.113354 -0.712304 0.527987
-0.618483 -0.54772 0.449198
0.37394 0.709337 0.110305
0.213683 0.316693 0.662494
-0.214408 -0.595216 -0.558519
-0.827709 0.0885934 -0.152183
0.474854 0.579977 -0.288504
-0.6739 -0.247141 -0.464653
-0.0858879 -0.827917 0.049274
0.0397677 -0.445179 -0.73908
0.396376 0.354303 0.465069
0.721594 -0.367683 -0.404831
-0.426439 0.328786 -0.694934
0.598908 0.47958 0.0555665
-0.548743 0.112951 0.655136
0.283331 -0.705341 0.268694
-0.26271 0.666224 -0.513332
0.0504836 0.858227 0.073888
-0.0256644 0.318092 0.727341
0.245173 -0.105194 0.77609
0.0409281 -0.52126 0.674371
-0.0158188 -0.206605 -0.857384
0.55515 -0.38918 -0.608851
0.041221 -0.297886 0.810254
0.0353927 0.847359 -0.311278
-0.209311 -0.354277 -0.704623
-0.225896 -0.0474615 0.85975
0.243108 -0.328272 0.721587
0.369698 0.0662922 -0.802625
0.250755 -0.708619 0.288132
-0.801647 0.197406 -0.272843
0.814373 -0.197535 -0.320253
-0.602383 0.655638 -0.0440969
-0.379971 0.648031 -0.445497
0.159877 -0.490303 0.655176
-0.201531 0.68993 -0.529367
0.230823 -0.708153 0.307921
0.893778 -0.0805491 -0.1777
-0.666313 -0.489983 -0.141244
0.194779 -0.727058 0.280593
-0.217061 -0.496092 -0.618955
0.196526 0.28109 0.704702
-0.753805 -0.338631 -0.158212
-0.505882 -0.26989 -0.599902
0.676575 -0.0490266 0.318813
0.360947 0.249968 -0.753892
0.578554 0.132296 0.407536
0.408535 -0.416154 -0.679855
-0.620455 -0.169379 0.585541
-0.68595 -0.353569 0.464248
0.470443 -0.338571 -0.700349
0.699616 0.252399 0.160914
0.658773 -0.164297 0.360362
0.17243 -0.777696 -0.280645
-0.401535 -0.562484 -0.444709
-0.750439 -0.36029 0.372836
0.165289 -0.625821 -0.566422
-0.270559 0.522262 0.567344
-0.00195561 -0.747449 -0.405343
0.561594 0.0964869 -0.681906
0.305084 -0.746048 0.0553288
-0.703294 -0.53955 0.132782
-0.0285421 0.662309 0.431749
0.353216 -0.372488 -0.744129
0.246983 0.143462 0.740747
-0.547774 -0.564642 -0.286824
-0.59125 -0.369009 -0.439914
0.773998 -0.164366 -0.434752
0.328507 -0.506109 -0.644888
-0.291528 0.607758 0.464682
0.187417 -0.644138 -0.536214
0.70582 0.313778 -0.269357
-0.36653 -0.752875 -0.19473
-0.0670097 0.767924 0.32232
-0.00803305 0.375428 0.681094
-0.707599 0.338149 0.372871
-0.413382 0.653006 0.343645
-0.304576 -0.0865935 0.836666
-0.0615806 0.47608 0.605578
-0.622567 0.495898 0.308042
-0.286847 0.86981 -0.126754
-0.47441 0.760867 -0.0578114
-0.813742 -0.106632 0.0454159
0.173949 -0.679319 0.434453
-0.441722 0.484671 -0.586744
0.708102 -0.425133 0.179306
0.119061 -0.805178 -0.180302
-0.309216 -0.0742618 -0.7465
-0.104139 0.515858 -0.732238
0.769659 -0.390588 -0.0399303
0.00432049 0.0861299 -0.877503
-0.107722 -0.319638 -0.772377
-0.410001 -0.74695 -0.167089
-0.571404 -0.426764 -0.40472
0.802279 -0.283829 0.0551559
0.452456 0.555262 0.211526
0.118426 -0.0382758 -0.893429
0.302908 -0.69957 0.269165
-0.82077 -0.0295544 0.0890902
-0.283491 0.744577 0.298703
-0.158034 0.837625 0.1734
-0.384139 0.730825 0.231366
-0.361409 -0.560816 -0.478534
-0.26267 0.55749 0.536781
0.622206 0.107609 0.356439
0.514695 0.569338 -0.236218
-0.515462 -0.59202 -0.299374
0.66881 -0.492374 -0.299705
0.0673811 0.883582 -0.104598
-0.628396 -0.595371 -0.0236294
-0.219026 0.821464 0.169651
-0.217386 0.823766 0.163922
-0.492321 0.327355 0.613834
0.583956 0.210615 0.350705
0.296952 -0.772318 -0.0729031
0.0917432 -0.435687 -0.755028
-0.202901 -0.358989 0.808509
0.348892 0.205361 -0.773219
-0.683802 -0.202777 -0.484637
0.0619446 -0.756744 0.307685
-0.321422 -0.590978 0.632741
-0.614704 0.596833 0.106385
0.092364 0.157294 -0.869791
-0.172347 0.0671481 0.842783
0.324327 -0.511009 -0.642812
-0.760273 -0.31985 -0.171314
-0.186597 -0.102101 -0.796513
0.0792858 0.878849 -0.107056
-0.0275783 -0.377053 0.789922
0.163497 -0.7846 -0.251344
-0.717624 -0.3862 0.413539
-0.827584 0.254073 0.164108
0.47407 0.396389 -0.518923
0.498159 0.486595 0.235241
0.315973 -0.160168 -0.850093
0.564374 0.0130176 0.478159
-0.387429 -0.336587 -0.625175
-0.438168 -0.557229 0.609808
-0.439213 0.62065 0.368374
0.521501 -0.0520875 0.541534
0.138746 -0.807471 -0.14985
0.842859 0.0482446 -0.325222
0.159144 0.500182 -0.68552
-0.522772 0.0472362 -0.661222
-0.404508 -0.43199 -0.554284
-0.581803 -0.708458 0.170442
-0.319045 0.833461 -0.229991
-0.191298 -0.21436 0.872365
0.371818 -0.56937 -0.553469
-0.331668 0.723442 -0.380957
0.136864 -0.678967 0.453665
0.642758 0.0241449 0.358773
-0.688478 0.129575 -0.535271
-0.403818 0.792951 -0.020624
-0.242309 -0.396167 0.782692
-0.558256 -0.724985 0.0540701
0.761641 -0.252121 -0.415069
0.660248 -0.395457 -0.49346
0.816545 -0.285656 -0.0403379
-0.259024 0.110298 0.805512
0.150184 0.692635 -0.493315
-0.72233 0.0138268 0.465629
-0.374149 0.660718 -0.43282
0.247649 -0.503052 0.598803
0.731402 -0.425181 0.114036
0.250007 0.630622 -0.47125
0.668003 -0.24693 -0.578205
-0.18763 0.500271 -0.727758
-0.823121 0.303907 0.0578472
-0.635772 0.0860513 -0.605489
-0.0440482 -0.825961 0.0964943
0.508189 0.111465 0.515473
0.0644623 0.880558 -0.185568
-0.0149389 0.226005 0.788953
0.0656127 -0.448282 0.730201
0.364628 0.708382 -0.242284
0.486308 0.55984 0.157572
-0.811856 -0.00167626 0.274133
-0.157243 -0.774928 0.42088
-0.105508 0.452301 -0.782853
0.550543 0.524688 -0.236927
0.0457021 0.839715 0.124916
-0.603949 -0.604746 0.389369
0.0471438 -0.625209 0.560691
0.0629695 0.192918 -0.869628
-0.316073 -0.00689944 0.822331
-0.642646 0.222319 0.538396
-0.308167 -0.406236 0.769567
0.0416173 -0.662679 0.520612
0.372754 0.380095 -0.638482
-0.461762 -0.637212 -0.32057
-0.335742 -0.714435 -0.310406
0.49525 -0.0452146 0.574641
-0.57407 0.643099 -0.238183
-0.321338 0.0216176 0.812752
-0.806214 -0.144241 -0.172192
-0.591691 -0.387576 0.571323
-0.141816 0.841667 0.175192
0.388076 -0.085632 -0.832431
-0.14787 0.0496756 -0.816601
-0.0160006 -0.768107 -0.354347
-0.780954 -0.388213 0.0302256
-0.404415 -0.635872 -0.379388
-0.622896 0.423939 0.406305
-0.764555 -0.413052 0.0299584
-0.502457 -0.723021 0.337117
0.37803 -0.72169 0.0862015
0.384857 -0.52677 0.49012
-0.242801 0.338819 -0.774481
-0.0393132 -0.172 -0.850101
0.356365 0.753263 -0.0520977
-0.799516 -0.124381 0.239259
-0.333525 -0.63418 0.580355
0.397966 -0.0994946 -0.826504
0.210859 -0.690014 0.383712
-0.187762 -0.418639 0.774835
-0.05962 -0.0529738 -0.847642
-0.297738 -0.672785 0.546122
0.69538 0.274897 -0.354519
0.128978 -0.157979 -0.881687
-0.810497 0.343949 -0.104847
0.364534 -0.563333 -0.564285
-0.217898 0.438868 0.647224
0.693501 -0.125444 -0.592464
0.461125 0.26183 0.463745
-0.561205 -0.659373 -0.112422
-0.352516 0.298102 0.711642
-0.00566951 -0.529784 0.685588
-0.610471 -0.61371 -0.0464031
-0.454376 -0.604869 0.536176
-0.746458 -0.401518 0.347721
-0.602758 0.557343 0.222866
0.580068 0.521232 -0.000156682
-0.505548 -0.737997 0.288877
-0.439861 0.341141 0.637524
-0.811677 -0.12335 -0.0229147
0.746507 0.266599 0.0122843
-0.626889 -0.50892 0.472777
0.59388 -0.137666 -0.69018
-0.750857 0.275763 -0.387048
0.853 0.0340907 -0.297827
-0.666136 -0.32899 0.497248
0.146566 -0.43405 0.709673
-0.0169314 -0.736324 0.423776
0.301534 -0.187965 -0.846937
-0.261161 0.215707 0.771929
0.364963 -0.119924 -0.844592
-0.818201 -0.0396126 -0.113142
0.0397678 0.690692 0.390392
-0.593731 0.567245 0.220681
-0.0684099 0.642048 -0.637366
0.836872 0.0759204 -0.328425
0.824309 -0.157178 -0.319337
-0.141643 -0.682432 -0.51902
0.815661 0.137603 -0.0902907
0.389422 0.561697 -0.41479
-0.0694823 -0.0195716 -0.845397
0.225276 0.584713 -0.548177
0.880565 -0.0948115 -0.220515
0.156369 0.761977 0.234704
-0.103262 0.869525 0.119113
0.350308 0.362455 0.502418
0.349563 0.49653 0.377656
-0.205107 0.546797 -0.675539
0.12708 -0.704189 0.411018
-0.269151 0.580864 0.507378
-0.339007 -0.755315 0.425359
-0.546185 -0.610844 -0.237429
-0.733982 -0.387983 0.391772
-0.363797 0.377837 0.656355
0.254334 0.521342 0.449812
0.0387479 -0.150849 0.858655
0.414526 -0.691931 0.187759
0.376976 -0.676939 0.273487
0.201794 0.775448 -0.307082
0.0397624 0.0114004 0.853472
-0.381328 -0.430116 -0.574722
-0.525526 0.432724 0.503597
0.0408624 -0.831135 -0.0784998
0.0236435 0.459968 -0.782335
0.156324 0.796318 -0.312383
0.832963 -0.0906601 0.067803
0.410413 -0.378536 -0.708708
-0.584413 0.136831 0.617503
0.71189 -0.362827 0.242801
0.178912 -0.807144 -0.103055
0.166703 0.835821 -0.153351
0.6525 -0.416208 -0.486039
0.0137172 0.881359 -0.24016
-0.0515623 -0.798452 -0.18748
-0.566476 -0.699834 0.0118566
0.138723 0.100711 0.797675
0.225455 -0.0324282 -0.874824
-0.810237 -0.136157 -0.0271993
0.310478 -0.731842 0.123334
0.244267 0.811477 0.00965111
-0.781262 0.161851 0.335893
-0.228166 0.625216 0.479844
0.445937 0.489213 -0.437419
0.760335 -0.304281 -0.38871
-0.748956 0.370205 -0.361772
0.250172 -0.479607 0.624355
-0.528928 0.405846 -0.579337
0.59709 -0.0858736 0.444479
0.021803 -0.832034 -0.0461073
0.219369 -0.771324 -0.272294
-0.67666 -0.193483 0.519655
0.82289 -0.286099 -0.108774
0.0408624 0.792918 -0.445546
-0.402277 0.474316 0.543581
0.17764 -0.713141 -0.450068
-0.700754 -0.239946 0.480083
-0.66171 0.380301 -0.501408
-0.270688 0.25106 -0.76633
-0.659592 -0.00600845 0.545815
-0.480878 0.415034 -0.607575
-0.200756 0.394116 -0.790115
-0.481281 -0.728606 0.35263
-0.789334 -0.325285 0.0288914
0.37258 -0.153917 0.662511
0.246459 -0.789028 -0.151412
0.506528 0.53002 -0.311054
-0.811656 0.275004 -0.193109
-0.0557456 0.844322 0.171751
0.365334 -0.25605 0.643009
0.104394 -0.655835 -0.545816
0.338667 0.756707 -0.0854061
-0.0298892 0.877935 0.0678818
0.188616 -0.767046 0.100837
-0.265318 0.828856 0.0965473
-0.222466 0.112735 0.815364
0.405505 -0.658821 0.305111
-0.466243 0.414987 -0.6181
-0.263752 -0.799453 0.000429733
0.0551175 0.697743 -0.563645
-0.366235 0.124853 -0.728081
-0.762342 -0.380942 -0.0475473
-0.560113 -0.721849 0.0493902
0.0754996 -0.565957 0.613727
-0.554742 -0.571069 -0.27037
0.58453 -0.301227 -0.659029
-0.464242 0.091223 -0.68658
-0.710463 0.331076 -0.46717
0.529063 0.593522 -0.0226781
-0.509394 0.721726 -0.157975
-0.401647 0.376854 -0.688587
0.0706256 0.627268 -0.625747
0.240707 0.321862 -0.787224
-0.438755 -0.0534421 0.781313
-0.51249 -0.618715 -0.27357
-0.805898 -0.176659 0.0312206
0.197974 0.676718 -0.466126
0.261894 -0.728423 0.206838
-0.820231 -0.0346488 -0.0789157
0.0752401 -0.375633 0.768313
0.321283 0.574733 -0.469513
-0.135587 -0.654334 -0.553586
-0.712358 -0.281959 -0.382191
-0.283117 0.651225 -0.517639
0.693416 -0.177514 -0.575351
-0.404638 0.809523 -0.112603
-0.526418 -0.398608 0.626228
0.259641 0.440103 0.526077
0.575402 -0.152185 0.474657
-0.560727 0.665976 -0.213617
-0.642147 0.443798 -0.468206
0.709547 0.323922 0.0653069
-0.432764 -0.728545 -0.173614
0.118845 0.856123 0.0205296
-0.797031 0.340442 0.0986062
0.693208 -0.0417314 -0.584919
0.724161 0.303021 -0.249444
-0.385351 -0.47714 0.697001
-0.201582 0.902953 -0.124663
-0.500942 -0.274068 0.68119
-0.691452 0.492041 0.146913
0.28099 0.540796 -0.549615
-0.344455 0.121407 0.775974
-0.628122 -0.620949 0.0462674
-0.294887 0.20453 0.765167
-0.447826 0.72419 0.148775
0.661657 -0.556786 0.00361515
0.315472 -0.765063 -0.166932
-0.0843659 -0.691812 0.551166
-0.502072 -0.775576 0.172503
0.462806 -0.369014 -0.684707
-0.651366 -0.551156 -0.0519631
-0.359251 0.290166 -0.726643
0.0863889 -0.337935 -0.826786
-0.507866 0.305138 0.616063
-0.590812 0.597494 0.165234
-0.377202 -0.797669 0.222003
0.362429 0.681299 -0.296953
0.388417 -0.133946 -0.830671
0.405676 0.0115382 -0.800915
-0.821206 0.2053 -0.191504
0.638876 -0.562657 0.0896792
-0.122522 0.503303 0.589203
0.67166 -0.0732127 0.329554
-0.0245132 -0.0934949 -0.859006
0.141225 0.369429 0.667189
0.27361 0.39778 -0.69584
-0.237573 0.0705095 -0.780027
0.295727 0.07253 0.721002
0.1259 0.828983 0.0859049
-0.213705 0.803037 0.231919
0.696537 -0.290032 -0.509888
-0.735933 0.18622 -0.443814
9.69015e-05 0.0290166 -0.873468
-0.781357 -0.254963 0.253418
-0.742574 0.288822 0.356144
-0.697568 0.536294 0.000981895
0.710859 -0.380063 0.226396
0.219447 -0.568468 -0.624271
-0.108976 -0.818722 -0.00945836
0.167999 0.266315 0.734203
-0.168247 0.0985286 -0.809473
0.725469 0.273904 -0.295577
-0.197944 0.485047 -0.737854
-0.558033 0.695053 0.0263879
0.423741 -0.695367 -0.253732
0.278799 0.789631 -0.0830517
-0.548124 0.124045 -0.650429
-0.684854 0.496748 0.153734
0.611929 -0.0943915 -0.680005
-0.669506 0.480186 0.235498
0.84191 -0.23035 -0.0473763
0.318226 0.709898 0.190561
0.230225 0.758604 0.176443
0.652809 0.282842 0.207979
-0.323703 -0.782797 -0.0833031
-0.828195 0.310406 -0.0908449
0.515029 0.562037 -0.247772
0.357048 0.451676 -0.582409
-0.400631 0.225842 -0.711452
0.081831 0.33149 -0.82869
-0.741167 0.244442 -0.420372
-0.493641 -0.27278 -0.604522
-0.437825 -0.146178 0.761109
-0.363783 0.423493 -0.68581
-0.674674 0.418153 0.351099
-0.401303 -0.742334 0.403358
0.627333 -0.576451 -0.105577
-0.588004 0.586481 -0.328051
-0.815708 -0.0563424 -0.134972
0.600931 0.421076 -0.306447
0.758214 0.0514762 0.154858
0.616663 -0.145992 -0.667016
-0.722284 0.464674 0.102622
0.129749 -0.306271 -0.841189
0.201828 -0.0618368 -0.885257
-0.31123 0.487219 0.579975
0.00142971 0.234451 -0.876395
0.726315 -0.0277358 -0.535402
-0.32483 0.773764 0.220799
-0.59835 0.58332 -0.318497
0.332082 0.102519 0.683939
-0.235711 -0.736333 -0.332454
0.523043 -0.648778 -0.235846
0.444029 0.68832 -0.0692366
0.390452 -0.481199 -0.628419
0.0769158 -0.423623 0.740292
-0.779162 0.386825 0.0245243
-0.138015 -0.0243259 0.878511
-0.264973 -0.26265 0.826011
0.741301 0.21481 0.125579
-0.00942867 0.597059 -0.677871
-0.0501104 -0.0939644 -0.849428
0.168293 -0.155109 0.82519
0.218276 -0.29944 0.747435
0.347597 0.312421 -0.716962
-0.757267 -0.133176 0.42698
0.176533 -0.721635 0.314683
0.654566 -0.352234 0.327745
-0.768409 -0.341356 0.234843
-0.493071 0.202 -0.67233
-0.58214 0.132269 0.620991
0.225627 -0.085213 -0.87913
-0.468605 0.488147 -0.566056
0.63739 -0.521579 -0.333026
0.518393 -0.660171 0.17819
-0.642191 0.0444545 -0.603359
0.13536 -0.686488 -0.497045
-0.590247 -0.123805 0.626883
0.634621 -0.521898 0.209992
-0.405557 0.635069 0.370437
0.775499 0.250446 -0.214581
-0.402931 0.391493 0.622978
0.55651 0.405189 0.257059
0.162152 0.124421 0.783945
0.747675 -0.357332 0.156935
-0.326141 0.832761 -0.0339773
0.150345 0.549984 -0.643139
0.584975 -0.606934 -0.169174
-0.393976 0.508845 0.513936
0.172723 -0.354202 0.746047
0.000904813 -0.11396 0.876601
-0.0823835 -0.245268 -0.821548
-0.326955 0.703188 0.331604
0.647714 -0.57082 0.0354496
-0.312197 -0.557972 0.662892
-0.164975 0.660668 -0.586618
0.229179 0.696979 -0.41136
0.21064 -0.792424 -0.165752
0.455396 0.611076 -0.273949
0.510935 0.560891 -0.258168
0.780424 -0.270194 0.159644
0.107345 0.835893 0.0845704
0.630056 -0.493186 -0.406219
-0.468764 -0.779026 0.134477
-0.110499 -0.827997 0.171357
-0.0494194 -0.822203 0.124998
0.0739956 -0.617059 0.5564
-0.517954 -0.712271 0.331492
0.0867976 0.545863 -0.696546
0.511663 -0.256107 0.514855
-0.462081 0.715913 -0.264907
-0.260708 0.502643 -0.684414
-0.678174 0.405782 0.357328
-0.139976 -0.0838378 0.89262
0.783632 -0.269837 0.154306
-0.683123 -0.355631 0.467249
-0.584959 -0.537082 0.504199
0.714689 -0.44922 -0.253196
-0.457648 -0.442742 0.660645
0.479782 0.118741 -0.735703
0.77013 -0.406124 -0.158939
0.183613 0.113947 -0.855834
-0.154978 0.212953 -0.817088
0.136753 -0.642527 0.495425
0.636029 0.444051 -0.0658655
-0.801814 0.352568 -0.0373975
-0.550832 0.0519782 0.675107
-0.645788 -0.141295 0.562927
0.348537 0.751757 0.0312148
0.653259 -0.218301 0.364297
-0.439043 0.784516 -0.10786
-0.385932 -0.436514 0.713818
-0.679168 0.417426 -0.448471
-0.534586 -0.135253 0.68571
-0.216793 -0.307736 0.837356
0.287538 0.785866 0.0354011
0.152772 0.585689 -0.604215
-0.37228 -0.778662 -0.0550794
0.810574 0.0116659 -0.396051
0.647017 -0.517108 -0.303992
-0.16834 -0.81458 0.0252838
0.766565 2.49545e-05 -0.469985
-0.731554 -0.326377 0.413879
-0.679601 -0.382436 -0.31022
-0.58616 0.144753 0.613241
0.0550791 -0.811864 -0.168435
-0.646457 0.568714 0.0866559
0.461423 -0.634188 -0.388197
0.724144 -0.280487 0.248067
0.507333 -0.46933 0.424485
0.677919 -0.0460582 0.316283
-0.181593 -0.705618 -0.441453
-0.485121 0.269069 0.648198
-0.201298 -0.440974 -0.659951
-0.561527 -0.696194 -0.0152102
-0.801197 -0.12737 0.208456
0.221767 0.343378 0.635268
-0.00973693 -0.6536 -0.563316
-0.745546 -0.42586 0.315867
0.656427 -0.547129 -0.0936955
-0.76606 -0.317054 -0.147319
-0.27619 0.871194 -0.173221
-0.13447 0.840854 -0.337744
0.445227 0.0942129 -0.759574
0.581589 0.472729 0.111458
0.34468 0.75655 0.0183592
0.0154625 -0.832057 -0.0379629
-0.568458 -0.517327 0.53245
0.765116 -0.391843 0.00171692
-0.277054 0.80976 0.153256
-0.736802 0.282793 -0.418791
0.52005 0.606465 -0.0337151
-0.404383 0.0704296 0.773103
-0.121824 0.486026 0.603027
-0.206335 0.848481 0.0929321
-0.395848 0.782516 0.0452263
0.446012 0.423129 0.352729
0.457138 0.398012 -0.537509
-0.43232 0.523827 -0.553356
0.592203 -0.558294 -0.383623
0.409636 -0.253464 0.607995
-0.0196221 -0.282017 -0.834939
-0.719352 -0.399544 0.407225
0.472378 -0.408184 0.5105
-0.404949 -0.0505446 -0.707507
0.617754 -0.0103621 0.404615
-0.731905 0.477219 -0.0221419
0.47455 -0.506077 -0.547926
0.522147 -0.676327 0.0574835
0.585856 -0.599864 0.144854
-0.693439 -0.478306 -0.0771434
-0.188495 -0.238221 -0.773047
-0.640732 -0.469353 -0.263961
-0.466851 -0.706911 0.394018
-0.707161 -0.368732 -0.248717
-0.555852 0.249904 0.599129
-0.746763 -0.167125 0.438262
0.0121157 0.743145 -0.523392
-0.433833 -0.193282 -0.669146
-0.509008 -0.134934 -0.650129
-0.409924 0.436235 0.577105
-0.0977044 0.913491 -0.110239
0.230832 0.753572 -0.324287
-0.737925 -0.485081 0.210197
0.448778 -0.206136 -0.78496
-0.64085 -0.554832 -0.0849928
-0.71997 -0.362575 -0.219713
0.0276072 0.710352 -0.555681
0.670078 0.225114 -0.4771
-0.177788 0.736325 0.372756
0.158186 -0.640277 0.487129
-0.177763 -0.828365 0.251955
0.695834 -0.436832 -0.347145
-0.710109 -0.555351 0.281954
0.665899 0.39996 0.02171
-0.0691011 -0.76164 0.399667
0.655343 0.353582 0.159032
0.520687 -0.440381 0.436527
0.179289 0.515406 0.521823
0.830846 0.0966936 -0.0760283
-0.719795 -0.340092 -0.264518
-0.461034 0.409595 0.575347
-0.668107 0.280294 -0.538357
0.310984 -0.739101 -0.279655
-0.484327 0.711597 0.121275
0.21826 -0.524116 -0.681809
0.66233 -0.391102 -0.49319
0.124164 0.794043 0.179517
0.0876866 0.793923 0.212995
0.617302 0.0565467 -0.649852
0.336161 -0.765759 -0.0921836
-0.208104 0.642348 0.471537
0.792933 -0.213678 -0.362214
0.634994 -0.535504 -0.286387
0.838507 0.0264541 -0.333962
0.192585 0.774296 -0.321112
-0.758823 0.0170499 -0.42615
-0.217404 -0.310577 -0.722536
0.426566 0.531689 -0.408032
0.0939729 -0.749737 0.300673
-0.0265738 -0.159412 -0.8554
0.192506 -0.28366 0.770038
-0.525883 -0.649854 0.41397
0.0531248 -0.191656 0.845696
-0.453446 0.346556 -0.67015
0.335775 0.746635 -0.14166
0.691311 -0.250024 -0.54435
0.682897 -0.529051 -0.0182239
0.121578 -0.563872 0.593137
0.296541 -0.734711 -0.323259
-0.523616 0.478646 -0.533922
-0.541546 -0.239423 0.659152
-0.0540518 0.805872 -0.41502
0.0196066 0.0517457 -0.879637
-0.289449 -0.169153 0.832907
-0.096204 0.432609 -0.796202
-0.0844194 -0.784498 -0.236203
-0.81473 -0.0958948 -0.024701
0.42349 -0.275056 0.59085
-0.46385 -0.764451 0.00285217
-0.749354 -0.244484 -0.326176
-0.642362 0.615741 -0.105968
0.478813 -0.514947 -0.53631
-0.547509 0.139888 -0.650345
0.300839 0.783322 0.0101348
-0.799007 -0.226445 -0.112224
0.477488 0.486145 0.257128
-0.282391 0.18289 -0.763103
-0.670842 0.19294 0.523097
-0.494733 -0.00240179 0.740492
0.560853 -0.227622 -0.7017
-0.764427 -0.4191 0.136181
-0.728161 -0.0826074 0.463337
-0.595975 0.156657 -0.629192
0.577544 -0.582211 -0.372361
-0.787015 -0.140583 -0.266154
0.525428 -0.00279882 0.533447
-0.541078 0.4567 0.465024
0.698216 0.110501 0.237197
0.0880758 -0.0333733 -0.888746
-0.422192 -0.260597 -0.646064
-0.545256 -0.732607 0.220684
0.174304 -0.010546 0.804673
0.333588 0.503143 -0.543999
0.148725 0.554589 -0.63964
-0.272797 0.0523475 0.818016
0.686416 -0.477967 -0.272807
-0.299272 0.647951 -0.509338
-0.730396 -0.273003 -0.362504
-0.276869 0.11207 -0.764872
-0.223928 -0.0652611 -0.782045
0.408348 -0.0373086 0.658349
-0.682717 -0.123749 0.521884
0.450942 -0.672886 -0.287098
0.675232 0.00142123 0.313516
-0.412685 -0.548388 -0.447748
-0.705596 0.357244 -0.468148
0.485974 -0.338891 -0.691164
-0.699099 -0.0386495 -0.528429
-0.303682 0.820148 0.0704644
-0.688852 -0.223917 -0.465613
-0.168776 -0.589907 -0.58138
0.836514 -0.0882411 -0.323327
-0.0490606 0.899372 0.00652699
-0.532879 -0.243059 -0.599977
0.466633 -0.449511 -0.609208
-0.374031 -0.292902 0.760898
0.24578 0.451768 -0.666518
-0.526921 0.47003 -0.537378
0.261235 -0.190721 0.742995
-0.0561575 0.80738 0.267031
0.581028 -0.107485 -0.70778
-0.4834 -0.772773 0.0897138
0.593016 -0.0807088 0.449638
0.390569 0.348182 0.4758
0.786957 0.0286675 0.113142
-0.418205 0.793718 -0.180031
-0.691012 -0.475093 -0.091256
0.113206 0.682739 -0.534737
-0.695647 -0.345595 0.454235
0.484492 -0.259766 0.538853
-0.788575 0.074335 -0.356951
-0.654888 0.600759 -0.0728004
0.21497 -0.787781 -0.18699
-0.593875 0.485784 0.373765
-0.386548 0.781559 -0.242833
-0.714754 -0.455763 -0.0530797
0.233439 0.663142 -0.448077
0.54244 -0.648193 -0.155099
-0.792108 -0.0670598 0.36695
0.307695 -0.670639 0.356846
0.0850138 0.876131 -0.0591917
-0.0654621 0.896953 0.03729
0.632624 -0.516184 0.230903
-0.391242 -0.697966 0.472934
-0.0645728 0.751934 0.343883
-0.179258 -0.781556 -0.195261
-0.198016 0.509344 -0.717761
0.121852 0.840386 0.0595469
0.587443 0.338084 -0.452636
-0.353279 -0.785887 0.326551
-0.817206 0.0311993 -0.269055
-0.288868 -0.814178 0.226735
0.547906 -0.435267 -0.569278
-0.133138 0.62502 -0.638937
-0.703464 0.251681 0.446047
0.522787 -0.557218 0.316883
-0.102548 0.826548 0.232126
-0.704673 -0.153186 -0.481569
0.278905 -0.13207 0.743323
-0.73776 -0.487345 0.199861
0.765386 -0.259157 -0.402182
-0.510429 -0.390307 0.640369
-0.815399 -0.0909291 0.0144436
0.79559 -0.360932 -0.174658
-0.428042 0.684634 0.268351
0.491866 -0.701626 0.033371
0.0331631 0.474832 -0.769957
-0.26384 -0.359187 0.802368
-0.656701 -0.62202 0.171216
0.845486 -0.170072 -0.261636
0.758509 -0.0752673 0.1878
-0.11476 -0.667261 0.588273
0.507314 0.505666 -0.342194
0.268679 -0.705718 0.280944
0.186008 -0.387134 -0.794548
-0.643857 0.339022 0.460852
0.314489 -0.423924 0.640723
-0.743977 -0.430092 0.324054
-0.646432 -0.212996 0.549184
0.735277 -0.42196 -0.265517
-0.501481 -0.489262 0.609095
-0.774689 0.179585 -0.359874
0.674436 0.0327448 -0.584621
0.517622 -0.34785 0.48497
0.0995652 -0.755801 -0.380905
0.649424 -0.401797 -0.506537
-0.740317 -0.460522 0.308752
0.340559 0.66173 -0.345759
-0.705308 0.150083 -0.504864
0.656448 -0.524852 0.130186
-0.829455 0.0355597 0.00217056
-0.288395 -0.116895 0.842802
-0.104121 -0.498601 0.7327
0.738785 0.301714 -0.193727
-0.0983705 -0.394517 -0.732936
0.00852417 -0.789466 0.224438
0.581667 -0.0520219 -0.713436
-0.263232 -0.518591 0.698998
0.384272 -0.371901 -0.727826
-0.408497 0.600777 -0.487314
-0.337226 -0.689682 -0.366191
0.589966 -0.120568 0.457142
-0.759088 0.434871 -0.0837085
-0.738332 -0.452538 0.0317563
0.281964 0.684121 -0.375626
-0.668152 0.226014 0.507217
-0.138453 0.185706 0.81885
-0.330384 -0.375078 0.764996
-0.844281 0.177148 0.0360205
0.182691 0.0183701 -0.875202
-0.116971 -0.790053 0.365364
-0.261879 -0.322581 0.813699
0.725097 0.163552 -0.457814
0.280612 -0.636081 -0.518888
-0.485118 -0.766151 0.0605464
0.0940025 -0.332182 -0.832229
0.677866 0.32646 0.144267
0.650903 -0.382728 -0.517786
-0.23211 -0.107755 -0.777522
0.73774 -0.402049 0.1276
0.0217497 -0.669101 -0.547582
-0.514464 0.718037 -0.153638
0.800803 -0.348129 -0.167411
-0.321395 0.686754 -0.439028
-0.546845 0.578846 0.289957
-0.0805841 -0.213448 -0.829917
-0.0694001 -0.739709 -0.409524
-0.7566 0.28035 -0.371718
-0.720611 0.485536 -0.225136
0.0261976 0.455955 -0.784339
-0.629663 -0.264226 -0.500842
-0.166384 0.302659 0.748795
0.889643 -0.0879631 -0.191834
-0.26187 -0.803668 0.038236
-0.528965 -0.701622 -0.0631709
-0.363068 -0.325038 -0.64305
0.0538572 0.60888 -0.658004
0.457908 0.0604655 0.592683
0.0750896 -0.62748 -0.591097
-0.0228948 -0.518198 0.704847
-0.834808 0.17997 -0.08459
-0.379507 -0.11393 -0.714374
0.472834 0.411443 0.33612
0.769276 0.237193 -0.0554094
-0.226109 -0.393343 0.785959
-0.167481 0.370575 0.696922
-0.499891 0.556548 -0.475363
0.708267 -0.34485 -0.451541
-0.259735 -0.804695 0.0453504
-0.831071 0.118848 -0.136373
-0.56569 -0.103126 0.657516
0.156321 0.0682742 -0.87213
-0.628676 0.484579 -0.443356
0.212022 -0.341973 0.739084
0.325946 -0.465698 -0.686613
0.241656 -0.518671 0.583967
0.186774 -0.582645 -0.615704
-0.611917 0.19361 -0.611798
0.777346 0.216615 -0.282858
0.19077 -0.664173 0.443257
0.837301 -0.226184 0.0014433
0.886825 -0.110232 -0.0195722
-0.308961 -0.600457 -0.483015
-0.268248 0.408943 -0.760521
-0.632324 -0.163419 -0.578328
0.668002 -0.517156 -0.191264
-0.414161 -0.768809 -0.0894794
0.319237 0.597688 -0.443785
-0.56786 -0.159253 0.644935
-0.272423 0.494827 0.592377
-0.301781 0.00215771 -0.751621
0.751605 -0.165695 0.206044
0.666276 -0.540595 -0.0707281
0.46604 -0.639847 -0.368408
0.0387697 -0.452227 0.73745
-0.789733 -0.300979 0.068474
-0.0254229 -0.816373 -0.115548
0.0499552 -0.767034 0.284476
-0.517255 0.711909 0.0701261
0.451214 0.14858 0.548206
0.845229 0.0599268 -0.0688891
-0.429383 -0.125608 -0.690726
0.728552 0.208397 -0.390519
0.580337 0.370551 0.255368
0.120143 -0.796004 0.0395716
0.229939 -0.459798 0.656453
0.0651681 -0.314804 0.799166
0.414735 -0.108722 -0.816581
-0.839589 0.183009 0.157819
-0.0341876 0.547359 0.544834
-0.739408 0.42458 -0.309445
-0.168996 -0.796966 0.381128
-0.412015 0.248364 0.702333
0.248162 0.148656 0.73681
-0.618718 -0.30508 0.560956
-0.805945 -0.129891 0.132134
0.560171 -0.25743 -0.695614
-0.248694 -0.316773 -0.70391
0.161069 0.541964 0.503981
-0.0530532 0.885723 0.0601801
-0.214646 -0.384084 -0.687022
-0.457621 -0.40736 -0.532275
0.314394 -0.123435 0.716902
-0.0569575 -0.768401 -0.330482
-0.659908 0.14026 -0.569025
-0.676557 0.546994 0.0561327
-0.364101 -0.794106 0.278898
0.659765 -0.521733 -0.215435
0.275541 0.27081 0.638219
0.372482 -0.227725 -0.821403
-0.433715 -0.319257 -0.610918
-0.424432 -0.25361 -0.648459
0.149743 0.808145 -0.290789
-0.750043 -0.254523 0.40715
0.0292242 -0.24157 -0.872698
-0.810018 -0.127321 0.0752029
-0.297434 0.254283 0.747042
-0.535774 -0.357899 -0.511236
0.113225 0.535977 0.52311
0.158361 0.732879 -0.436786
0.345594 -0.568611 0.464432
0.108974 0.624342 0.437946
0.698628 -0.493696 -0.137385
-0.396181 0.762627 0.135814
0.668034 -0.408659 0.284213
0.442091 0.145352 0.559026
-0.190081 -0.829937 0.25333
-0.793068 0.235079 -0.287208
-0.130641 -0.831531 0.165026
0.637071 0.361445 -0.331678
-0.430875 0.291421 -0.695866
-0.476312 -0.516518 -0.423412
0.383927 0.725239 0.035531
-0.753247 -0.0247675 0.424756
0.264169 0.800356 0.0299224
0.450783 -0.475426 0.483243
0.442046 -0.713617 0.0419904
-0.659472 0.0892839 -0.576231
0.330423 0.683949 0.204724
0.690875 0.0954496 0.254775
-0.107058 -0.318724 -0.773165
-0.287612 0.624994 0.447369
-0.265665 -0.790891 -0.0787486
-0.483304 0.50434 -0.540362
0.286608 -0.554468 -0.622357
0.0126214 -0.803598 -0.19984
-0.808576 0.346153 -0.0927241
0.143936 -0.771907 0.135215
-0.43699 -0.0232382 -0.694974
-0.678156 -0.542688 0.359137
-0.478198 0.75153 -0.117114
-0.715291 0.438179 0.187703
-0.108793 0.371741 0.691582
-0.253784 -0.779662 -0.161057
0.784986 -0.236565 0.151573
0.354367 -0.297842 -0.788367
0.486882 0.556769 0.162208
0.443374 -0.62459 -0.430286
0.412085 0.552654 -0.39943
-0.712584 -0.260621 -0.403825
0.690081 -0.520149 -0.028703
-0.83122 0.189639 -0.113034
0.646107 -0.3568 -0.541928
0.636697 -0.587975 0.0153675
-0.514015 -0.292894 0.66673
-0.556339 -0.619428 -0.214321
-0.11572 0.413984 0.659011
0.579189 0.392742 0.241709
-0.00770166 0.895626 -0.00859307
0.0637755 0.546779 0.525391
-0.514572 -0.405882 -0.487281
0.570062 0.52509 -0.17735
-0.615501 -0.652786 0.0831925
0.261951 -0.560081 0.525125
-0.125129 0.899611 -0.000911628
0.896109 -0.069573 -0.18231
0.819421 0.123845 -0.324325
-0.508379 0.476817 -0.546083
0.468689 -0.355426 0.527926
-0.147646 -0.811685 -0.0281664
0.66355 -0.221542 0.348541
0.519418 0.508728 -0.321649
-0.347835 0.739762 0.264224
-0.0822891 -0.791709 -0.202372
-0.352954 0.676172 0.350713
0.415469 0.285897 -0.688426
-0.579114 0.55903 -0.392467
0.0737837 0.471762 -0.761399
0.40184 0.0854978 0.630936
-0.526817 -0.637424 -0.233611
-0.47701 -0.00343612 0.755311
0.572073 -0.239422 0.460475
-0.30883 0.584887 0.480991
-0.679388 -0.245202 -0.459977
-0.0645236 -0.116651 -0.84307
-0.00852307 0.741003 -0.529971
-0.13767 -0.820141 0.257504
-0.753946 -0.0636531 0.42744
0.0348401 -0.757398 0.330479
0.446183 0.674006 0.0176145
-0.303721 -0.74751 -0.255508
-0.776256 0.295265 -0.3195
0.236712 0.76259 -0.295375
-0.0391941 -0.717326 -0.464538
-0.776019 -0.261844 -0.174522
-0.74564 0.211751 -0.419902
0.571919 -0.625561 -0.126448
-0.434382 -0.192832 0.750618
-0.753834 0.440803 -0.0496945
0.114583 -0.791358 -0.238781
-0.402401 -0.751191 0.39026
0.533718 0.331323 -0.525643
0.784238 0.225427 -0.25527
-0.820451 0.0381461 -0.212454
0.143514 -0.601101 -0.604768
0.253598 0.796331 -0.116664
0.684554 0.345209 -0.260646
0.880314 -0.0889865 -0.224395
-0.790027 0.275571 0.258525
-0.834948 0.097333 0.10373
0.234153 -0.11535 0.783487
-0.577012 -0.317502 -0.510092
-0.757454 -0.183866 -0.354046
0.422394 -0.593631 -0.486678
-0.597058 0.473496 0.384147
-0.539945 -0.339872 -0.523319
0.672964 -0.240119 -0.575138
-0.46975 -0.456082 0.646898
0.057409 -0.781438 -0.28835
0.389284 0.602459 0.228092
0.320746 -0.439436 0.631634
-0.606365 -0.587916 -0.134911
0.418783 -0.376749 0.56812
0.474091 -0.578524 -0.464363
-0.404725 -0.67064 -0.34869
-0.739427 -0.0608742 -0.461965
-0.456274 0.572924 0.41197
0.615211 -0.567518 -0.228697
-0.254395 -0.815043 0.142552
0.457096 0.258602 -0.67572
-0.558586 0.164506 -0.645055
-0.517901 -0.654926 -0.206808
0.219769 -0.104155 -0.876743
-0.56889 0.100973 -0.642028
0.625373 -0.345125 -0.580027
0.729474 0.147862 -0.463279
0.631339 -0.590483 0.0387169
-0.11111 -0.824064 0.199042
-0.78617 -0.101483 -0.311329
-0.0604735 -0.569586 -0.629441
0.645365 -0.508953 -0.34245
0.169377 0.733732 -0.425059
-0.653278 -0.476199 0.458716
0.495685 0.442246 0.283592
0.796931 -0.359363 -0.222374
0.405885 -0.178349 -0.819035
-0.663264 0.172056 0.535374
-0.759662 0.367646 -0.33671
0.63024 -0.584362 -0.0438201
0.629524 0.104033 -0.617576
-0.539745 0.622521 -0.329509
0.173017 0.166395 -0.847257
0.383186 -0.712513 0.127883
-0.0409867 0.624647 0.471606
0.423044 0.60811 -0.317027
-0.293397 0.862884 -0.107792
-0.278275 -0.729627 0.485179
0.0723529 0.263178 0.7584
0.419915 0.704606 -0.0807401
-0.686703 0.512179 0.111701
0.0585307 0.667632 0.408767
0.315732 0.420998 0.486533
-0.41565 0.0418986 -0.705549
0.265775 -0.146094 0.750411
-0.411028 -0.146196 0.775372
-0.123077 0.420291 0.654625
0.0830454 0.606643 0.46195
0.642311 -0.179481 -0.636649
-0.70752 -0.453642 -0.0804749
-0.810773 -0.116922 0.0825484
-0.629143 -0.595569 -0.020011
0.320213 0.0298302 -0.835849
-0.611843 0.41591 0.426677
0.541027 -0.349291 0.463076
0.732146 0.220111 0.135195
-0.33691 0.792534 0.131598
0.0711642 -0.443048 0.731227
-0.447808 -0.148432 0.754054
-0.156919 -0.326515 -0.744532
-0.358695 0.414949 -0.695234
-0.393092 0.720704 -0.334609
0.785092 -0.0106508 0.129302
-0.768202 -0.391353 -0.00824909
-0.127655 0.798702 -0.418725
-0.587688 -0.546065 -0.254329
-0.51839 -0.382526 0.637268
0.189546 -0.23136 -0.857665
0.595508 -0.613789 -0.0627111
-0.353113 0.0178321 0.804662
-0.525337 -0.664586 0.395445
0.442017 -0.725871 -0.0280655
0.637675 -0.534634 -0.276723
-0.747824 -0.225331 0.419256
0.424523 0.596055 -0.330259
0.628268 -0.354873 0.361765
-0.740307 0.267936 0.384366
0.0341197 0.443603 0.623035
0.385563 0.691979 -0.252535
0.158142 -0.476722 -0.735036
-0.0353735 -0.566535 0.660619
-0.318036 -0.120675 0.827755
0.295517 -0.669558 -0.46744
-0.34573 -0.779758 0.361399
-0.275814 0.6741 -0.492258
-0.181128 0.650434 -0.586587
0.369092 0.237443 -0.754017
-0.00715109 -0.0798184 0.87953
-0.515417 -0.307257 -0.571233
0.643486 0.196997 0.275081
-0.791426 -0.030155 0.364275
-0.776237 -0.23714 -0.207046
0.791161 -0.221141 0.141082
-0.666849 -0.587754 0.115658
0.47237 -0.67546 0.190616
0.566196 0.495543 0.101113
0.318954 0.769585 -0.0747883
0.758164 -0.15655 0.195006
-0.440662 -0.311148 0.712322
0.417051 -0.316959 0.585619
-0.787044 0.34312 -0.255022
0.847135 0.0116933 -0.313859
0.838035 0.112812 -0.196905
0.450772 0.242348 0.488443
0.300373 0.785193 0.00215041
-0.251488 0.502446 -0.690508
0.38789 -0.321223 -0.756633
-0.139434 -0.00676707 0.873142
0.657393 0.120452 -0.57726
-0.331782 -0.741891 -0.24758
0.57248 -0.631624 0.0930321
0.1193 0.20199 0.775986
0.626489 0.0676178 -0.634512
-0.581927 -0.617171 -0.154152
0.257734 -0.474507 -0.723191
-0.474053 0.721436 -0.236801
-0.23884 -0.422367 -0.655414
0.597895 0.0455028 -0.677785
0.832766 -0.237503 -1.24024e-05
-0.725508 0.355301 -0.423152
-0.77652 0.388487 0.0511923
0.290405 0.0812222 0.72327
-0.64221 0.465871 0.329957
0.210076 -0.128738 0.799544
0.405427 0.416524 0.399772
-0.249995 -0.778051 -0.171098
0.092123 0.279219 -0.842765
0.794358 -0.175241 -0.380484
-0.507897 -0.305371 -0.578961
-0.589531 -0.335219 0.587593
-0.390827 0.733536 -0.316192
-0.448821 0.100003 0.741233
0.231469 -0.777702 -0.0132933
0.245763 -0.329249 -0.810293
0.780639 0.138044 -0.381002
-0.436311 0.378239 -0.663296
-0.704487 0.521564 0.0207242
-0.185201 0.0218406 -0.800404
0.224674 0.31853 -0.796115
-0.125339 -0.63272 -0.571408
-0.334268 -0.777578 0.385352
0.0132519 0.622905 -0.653282
-0.609748 0.646751 -0.0774508
-0.829328 0.263652 0.15466
-0.0868655 -0.343054 0.814153
-0.03245 -0.816463 0.134055
-0.594738 0.342402 -0.572589
0.409334 0.28271 0.502274
0.237934 0.577448 -0.545749
-0.307204 -0.15291 0.827217
0.594857 -0.596259 -0.179461
0.0166226 0.899791 -0.109374
-0.543733 -0.621156 0.434781
-0.537019 0.474644 0.451639
-0.061526 0.28274 0.754807
-0.558314 -0.707102 0.267526
-0.40245 0.688696 0.298389
0.0441993 0.836525 -0.332408
-0.0189339 -0.796214 0.22564
-0.350685 0.577588 -0.551462
-0.0602147 0.478705 -0.770911
0.229187 -0.743117 0.17301
-0.735368 0.162265 -0.448941
0.203193 -0.558222 -0.642314
0.635674 0.190428 0.290253
-0.0776814 -0.178423 -0.835449
-0.752826 0.391633 0.163915
-0.550435 0.306757 -0.621553
-0.3865 0.378924 0.643433
-0.23573 0.000601198 -0.778921
0.253935 0.072703 -0.846765
-0.648973 0.109304 -0.58653
-0.808844 0.242576 -0.221016
-0.288512 -0.750205 0.451209
-0.665282 -0.623534 0.212475
0.132194 -0.762857 -0.348323
-0.326607 -0.784311 0.368077
0.333231 -0.674257 -0.432343
0.113629 0.859899 -0.164402
0.542577 -0.435811 0.415638
0.831521 0.0743035 -0.00926651
0.818674 -0.0824675 -0.364363
-0.265115 -0.101222 -0.764035
0.484956 -0.703488 -0.107236
0.283068 0.582954 -0.496697
-0.418489 -0.701581 -0.272938
-0.268607 -0.773365 0.419577
0.553969 0.43997 0.225669
-0.278603 -0.286297 -0.704371
-0.59187 0.390329 0.47455
-0.622558 0.255383 -0.590076
-0.76972 -0.316321 0.263975
-0.205991 0.185356 0.799077
-0.277447 0.460582 0.622262
0.160677 -0.439691 0.701453
0.666698 -0.415752 0.279754
0.427129 -0.15374 0.618653
-0.301637 0.736971 0.298493
0.664102 0.405657 -0.130594
0.207878 -0.278643 0.760861
0.721843 -0.229771 -0.511854
0.531884 0.100725 0.493357
-0.709706 -0.0840022 0.487973
-0.606021 -0.625191 -0.0328212
0.798629 -0.120507 0.127209
-0.34141 -0.42098 0.748433
-0.49737 0.535003 0.42546
-0.707269 -0.224609 0.476416
-0.327588 -0.617751 0.600721
0.552254 -0.655717 0.0286907
0.00505918 -0.805135 -0.187961
-0.393064 -0.692117 -0.320203
-0.505169 0.722523 -0.183225
0.268338 -0.0476931 0.75492
-0.468905 -0.75456 -0.0346727
0.102456 -0.702918 -0.485026
-0.738084 0.421882 0.14581
-0.675523 0.122089 0.522267
-0.269293 -0.0318644 0.842851
-0.113758 0.867246 -0.281918
0.752821 -0.0297335 -0.500305
-0.463415 -0.474236 0.64301
0.167905 -0.661625 0.457769
0.138849 -0.279718 0.800609
0.43277 -0.427721 0.541704
0.312149 0.113217 -0.81659
0.599236 0.446886 -0.26666
0.156943 -0.713845 0.357281
0.246101 -0.255331 0.738919
-0.13265 0.9013 -0.0158952
-0.49364 -0.216623 0.702731
0.770472 -0.385494 -0.0246547
-0.702643 0.517272 -0.214371
-0.805103 -0.183877 0.0341521
-0.623386 0.625011 -0.191413
-0.107747 -0.604385 -0.595483
0.24436 -0.773368 -0.238331
-0.629879 0.399665 -0.511137
0.586081 -0.547016 -0.412345
-0.375545 -0.129637 -0.714143
0.399484 0.270499 0.519558
-0.555751 -0.119207 -0.632394
-0.158531 0.100231 -0.81354
0.24727 0.805326 -0.0839843
-0.406367 0.772391 0.0680614
0.0678069 0.157047 -0.875825
0.833362 -0.271646 -0.231007
0.127053 0.0431053 -0.883051
-0.30737 0.834395 -0.00343233
0.823999 0.133205 -0.140525
-0.811074 -0.130511 0.0427488
-0.234005 0.501464 -0.702676
0.84705 0.0645963 -0.264991
0.479127 -0.513257 -0.537776
0.0293984 0.387916 0.668225
0.81137 -0.31244 -0.262645
0.159755 0.22062 -0.838977
-0.14916 0.897436 -0.0208911
0.268209 -0.437991 -0.747313
-0.713415 -0.216138 -0.434093
0.769816 0.117729 -0.417255
0.476456 -0.285973 -0.729132
-0.74363 -0.428609 0.329907
-0.00701045 -0.781301 0.288603
-0.498691 -0.772374 0.189418
-0.108175 0.876862 0.0951971
-0.734176 0.46042 -0.233012
0.654611 0.400872 0.0850042
-0.39977 0.754635 0.153687
-0.0728876 -0.703939 -0.490002
-0.363404 0.131249 -0.729409
0.0118248 0.853768 0.108173
0.406046 0.190189 -0.750153
0.0790808 -0.801808 0.0637368
0.122068 0.829193 -0.270153
0.80776 -0.10874 0.111029
-0.600273 -0.415867 -0.380844
0.508045 0.59001 -0.215306
-0.811419 -0.0892305 -0.164758
0.517224 0.509497 -0.324056
0.729318 -0.179886 0.243302
0.484195 -0.551196 0.366766
-0.409871 -0.583947 -0.419518
-0.0890551 0.366435 0.69425
-0.528654 0.432054 0.501146
-0.223705 0.728286 0.359017
0.839921 0.0717057 -0.311831
-0.265812 -0.540109 -0.568957
0.259261 -0.725922 0.220446
-0.0263267 -0.176591 0.867016
0.603026 0.274699 0.28349
-0.148278 0.625009 -0.633178
-0.221766 -0.552662 0.677036
-0.0594 -0.267781 0.840107
0.0451718 0.785447 0.266589
0.70104 0.132263 0.223879
0.760985 0.114343 0.129382
-0.603646 -0.536847 -0.243334
-0.0940467 -0.720126 -0.446986
-0.556682 0.458105 0.446182
0.510164 0.111533 0.513228
-0.698744 0.253481 0.451003
-0.660764 0.119076 0.540179
-0.244182 -0.580282 -0.549724
-0.752313 0.235313 0.378094
0.54904 0.561873 -0.116007
-0.675696 -0.596379 0.286277
0.250296 0.118827 0.744132
-0.244015 -0.107945 -0.772589
0.0548878 -0.586082 -0.630752
0.277307 0.582148 0.363783
0.120231 0.791552 -0.367985
0.466513 0.423605 0.331547
-0.232353 0.823538 -0.323091
-0.718931 -0.369491 -0.209439
-0.455178 -0.672832 -0.279648
-0.713801 0.217084 0.448383
0.14111 -0.608593 -0.595823
0.400852 0.622294 0.19544
-0.0121096 0.635584 0.455179
0.0743409 0.120897 0.819266
-0.784346 -0.358844 0.0454904
-0.459214 0.214377 0.691049
0.513745 0.179101 -0.677454
0.379157 0.323995 -0.683183
-0.714735 0.516099 -0.0918795
0.280072 0.0267677 0.737293
0.368769 -0.124838 -0.842234
-0.821704 -0.028135 0.077533
0.499555 0.53769 0.170844
0.565238 0.0597538 -0.699175
0.162911 -0.701799 0.390062
0.748634 -0.42437 0.0222299
-0.0318442 0.615263 0.479185
-0.81377 0.0336522 0.273718
0.485681 0.617833 0.0401079
0.172252 0.244216 -0.830694
0.414849 -0.663218 0.282564
0.402677 -0.65103 0.325232
0.165958 -0.18323 -0.871424
-0.443172 -0.746794 -0.104983
0.220937 0.752103 -0.339922
0.0975813 0.348448 0.693788
-0.181369 -0.233293 0.872567
0.541915 0.479303 0.191982
-0.389082 0.649363 -0.436488
0.126712 0.858606 -0.0923725
0.484662 0.501468 0.233833
-0.336761 -0.733218 -0.26458
0.791887 -0.32871 0.0113473
0.756776 0.260998 -0.0385045
0.0525654 -0.433041 0.743531
-0.384982 -0.0642321 0.8037
-0.335697 -0.691834 -0.362363
-0.21426 0.897636 -0.131908
-0.784618 -0.273153 0.191272
0.0542897 -0.832215 -0.073424
0.655967 -0.558798 -0.031279
-0.0487881 -0.811171 0.186221
0.805422 -0.212854 -0.332936
0.0344496 -0.763201 -0.364631
0.133155 -0.510002 0.646419
0.0199313 -0.784237 0.236788
0.35266 -0.315439 0.638477
-0.567357 0.120627 -0.642255
0.509236 0.395979 0.313223
-0.531712 0.568876 -0.433444
-0.256657 0.535753 0.561595
-0.580647 -0.71127 0.153656
0.432809 -0.330077 -0.726435
-0.681761 -0.131774 0.523308
0.825564 -0.27809 -0.248202
-0.633199 -0.265371 0.554142
0.129299 0.630547 0.4239
0.332455 0.626209 0.261964
-0.820407 0.00256726 0.152538
0.863983 0.0286877 -0.113258
-0.190951 0.873406 0.0189871
-0.653738 0.204222 0.536535
-0.633447 0.621422 -0.138094
-0.196501 0.116594 0.821757
0.0341872 -0.831987 -0.0446004
0.0638164 -0.065613 -0.884293
0.364282 -0.0238988 0.689324
-0.596688 0.0665148 0.619278
0.776643 0.126765 0.0984633
-0.177263 0.760343 -0.452651
0.508529 -0.215083 -0.741123
-0.611642 -0.139713 -0.599883
0.448125 -0.541504 0.417611
0.31739 0.494625 0.412604
0.107199 -0.626996 0.528188
-0.000315351 0.841622 0.146931
-0.818915 0.160889 -0.223562
-0.481993 -0.40558 -0.514005
0.1183 -0.495018 0.668146
-0.0968475 0.775456 -0.467026
-0.433083 0.267385 -0.695963
0.0471909 -0.807622 -0.186637
0.143475 0.544577 -0.65415
0.426458 -0.33322 -0.728033
-0.698841 -0.119697 -0.505318
-0.681461 0.57193 -0.150613
0.5728 -0.542232 0.275909
0.276264 -0.537611 -0.647166
0.265755 0.478849 0.481759
0.714275 -0.188386 0.268436
-0.633408 0.609152 -0.214419
-0.625658 -0.649163 0.267702
0.435531 0.0419566 0.618864
0.631031 0.196941 0.292728
0.0782097 0.183526 0.797418
0.61963 0.42462 0.119845
0.484293 0.239268 -0.66729
-0.4714 0.601753 -0.436307
0.529621 -0.426431 0.439449
0.771136 -0.198027 -0.422944
-0.328442 -0.378389 0.765258
0.0736416 -0.573922 0.605948
0.447709 -0.586554 -0.475369
0.039249 -0.824559 -0.00973292
0.421887 0.52572 0.273503
-0.801084 0.305405 0.181191
0.633447 -0.314988 0.368469
0.58449 0.0317834 -0.698036
0.158568 -0.793136 0.00304939
-0.81864 0.0229855 0.216095
-0.269395 -0.389633 0.783867
-0.183546 0.662804 -0.572593
-0.591688 0.368869 0.496187
0.89607 -0.0594904 -0.0822186
0.211614 -0.736723 0.228913
-0.497069 0.179577 -0.671107
-0.467817 -0.70855 -0.161241
-0.548747 0.652228 0.137669
0.207933 -0.0289124 0.791442
-0.674387 -0.574517 0.109744
0.177708 -0.691212 0.410062
-0.712493 0.519428 -0.143247
0.498545 -0.600461 0.299371
-0.389521 0.804868 -0.0431879
0.325082 0.443156 0.457077
-0.687951 -0.499603 0.394913
-0.433776 -0.115403 0.770433
-0.135535 0.293898 -0.822443
-0.838237 0.149602 -0.0416451
-0.728075 -0.409752 -0.100857
-0.404136 0.808072 -0.15521
-0.246495 0.787992 0.247209
0.825993 -0.15835 0.082262
-0.179338 0.852384 0.10838
0.869977 -0.163078 -0.185285
0.550343 -0.6312 -0.21778
-0.199696 0.653428 0.46365
-0.532295 -0.505409 -0.371474
-0.792206 0.291572 -0.261343
-0.0339666 0.474257 0.604547
0.0474464 -0.224208 -0.878599
0.28802 0.608454 0.325771
0.305783 -0.769366 -0.16696
0.793018 -0.32733 0.00844644
-0.539627 0.666132 -0.245445
0.117081 0.683309 0.371447
0.294795 -0.449739 -0.722751
0.766556 0.100497 0.124405
0.650783 -0.230035 0.365668
-0.578857 -0.627182 -0.138978
-0.614016 -0.370785 0.549308
-0.180092 0.113848 -0.804979
-0.543952 -0.652465 0.391704
-0.267264 -0.378708 0.790519
0.388161 -0.679802 0.254063
-0.560173 0.570834 0.279804
-0.271995 0.809 -0.31158
0.694092 0.295175 0.141639
0.0441548 -0.214379 0.841391
0.725885 -0.388167 0.177435
0.41757 -0.558852 -0.531854
-0.431683 0.00750349 -0.697993
0.652347 0.360531 0.158718
-0.312037 0.78889 0.188694
-0.0801132 -0.497709 0.736046
-0.145795 -0.0216427 0.875514
-0.306933 0.237684 0.74982
-0.779051 0.37607 -0.240566
0.382459 -0.703981 0.173193
0.514813 0.582743 -0.213488
0.335208 0.634812 0.250302
-0.437932 0.634978 -0.417496
-0.337972 -0.687087 -0.371597
0.224677 0.716733 0.256419
0.727955 0.112424 0.186596
-0.232791 -0.667592 -0.481061
0.316901 -0.334583 0.662508
0.354725 -0.461845 -0.671315
0.0626873 -0.308748 0.802072
-0.398233 0.441723 -0.648783
-0.455586 -0.59527 0.547064
0.648539 -0.562993 -0.0526999
-0.807176 -0.151337 0.0748249
0.253623 0.789162 -0.151247
-0.257888 0.440788 0.642278
0.775924 -0.346946 0.0550821
0.247759 -0.210106 0.749032
-0.442665 -0.475837 -0.485658
-0.686536 0.20158 -0.528239
0.333847 -0.503032 0.549894
-0.334275 -0.79471 0.315722
0.13195 0.857275 -0.0473256
0.621752 0.372899 -0.344168
0.521559 -0.598213 -0.401738
-0.682529 -0.381279 -0.303098
-0.807689 -0.0645214 0.223723
-0.472106 0.372742 -0.641401
-0.257767 -0.603647 -0.518804
0.387578 -0.32065 -0.757154
0.496628 -0.0808429 0.575013
-0.321081 0.0535348 -0.745006
-0.0954189 0.836495 0.207026
0.639369 0.18272 -0.566503
0.110353 0.570821 0.489838
0.52535 -0.344038 -0.665022
0.231927 -0.554168 0.548277
-0.460678 -0.095633 -0.68193
-0.212967 -0.813505 0.0708212
-0.460483 0.67311 -0.340581
-0.640416 -0.0677475 -0.606877
0.4721 0.0245039 -0.766255
-0.29622 0.702021 0.35207
-0.3251 0.394785 -0.731648
0.550825 -0.657247 0.0250076
-0.0546415 0.891163 -0.216157
0.525842 0.321444 -0.547074
-0.379324 0.437419 0.59207
-0.357316 0.0959807 0.77979
-0.639805 -0.582247 -0.0131647
-0.716728 -0.127166 -0.477163
0.491216 0.627538 -0.179536
0.325468 0.0313814 0.707321
0.0877914 -0.774868 0.195094
0.508636 -0.342823 0.494567
-0.317796 -0.700879 -0.354539
-0.814129 -0.07165 0.113508
0.52869 0.0872111 0.506362
-0.216366 -0.799385 -0.0594433
-0.52955 -0.693459 -0.0834686
0.858738 -0.0321982 -0.28567
-0.176513 -0.370791 -0.7126
-0.800988 -0.220782 0.0328485
-0.767261 -0.0860219 -0.408419
-0.28359 -0.215142 0.827165
-0.614896 -0.108375 0.602717
0.596143 -0.574027 -0.307482
0.366872 0.146914 0.630158
-0.617317 -0.660119 0.112215
0.422111 0.224991 0.527069
-0.76982 0.148735 -0.381398
0.32849 0.201343 0.63203
-0.18164 0.165496 0.812139
0.791614 -0.091897 -0.420498
0.309701 0.373925 -0.691016
-0.779157 -0.0199878 0.3824
-0.687489 -0.395838 -0.258525
-0.149987 -0.678625 -0.524598
0.0618859 0.763102 -0.491515
-0.335064 0.801399 -0.265061
0.174221 -0.652488 -0.529363
-0.694319 0.525118 -0.229684
-0.0032063 0.83599 0.163296
-0.827413 0.074762 0.17691
0.556932 -0.400374 -0.596897
0.384509 -0.493862 -0.619824
0.0506959 -0.551207 0.639476
0.440466 -0.71472 0.0381324
0.265599 0.700212 -0.37209
-0.103961 -0.4774 0.748474
0.146152 -0.427387 -0.770507
-0.223641 -0.796602 -0.0768645
-0.306638 -0.405779 0.770487
0.757408 0.0882011 -0.448204
0.606425 -0.0346374 -0.691232
0.606246 -0.156388 0.437837
-0.623963 -0.169991 -0.585308
0.261405 -0.560699 -0.621815
0.527102 -0.379889 -0.636346
0.560902 0.0909096 -0.685608
0.606681 -0.0949379 0.431921
-0.239921 -0.813925 0.108515
0.406088 0.102199 0.619387
-0.252976 0.560857 0.538577
0.14691 -0.269945 0.803227
0.0579626 -0.139588 0.856417
0.44962 -0.417324 0.528984
0.125973 -0.593258 0.557277
0.464483 -0.538103 0.402651
0.0821549 0.528463 0.538504
-0.128465 0.780521 -0.453148
0.0618143 -0.152476 -0.882271
-0.303028 0.609696 0.456162
-0.702773 0.483926 -0.294341
-0.775734 0.390585 0.0452804
0.593238 0.416165 0.200901
-0.787205 -0.301202 -0.0673099
0.665876 0.00568432 0.328137
0.394375 -0.576125 -0.529369
0.68517 -0.525602 -0.0174644
-0.392969 0.545488 0.476947
-0.153407 -0.814304 0.310782
0.561666 0.409755 0.24772
0.105845 -0.754426 0.274287
0.434896 0.222158 0.516626
-0.076346 -0.733332 -0.422243
-0.102161 -0.527534 0.71005
0.283154 0.793783 -0.00155842
-0.285095 -0.5256 -0.567252
-0.120337 0.765115 -0.483504
0.0956378 -0.809161 -0.000324521
-0.394291 -0.781284 0.0177567
0.0769989 -0.763111 0.270315
-0.703735 0.525882 -0.00487038
-0.0985221 0.872868 0.111016
-0.159175 0.0762182 -0.812631
-0.461569 -0.599675 0.5363
-0.771644 0.291295 -0.3319
0.59784 0.477784 0.0618652
0.198978 0.273848 0.7078
-0.00956371 0.633619 -0.646399
0.138187 0.598077 -0.602848
-0.00726915 0.772134 0.309182
-0.737992 -0.412483 -0.0636488
-0.0195166 0.097591 0.860715
0.608807 -0.588517 -0.146789
0.683048 0.368572 0.0777117
-0.0970752 0.666963 0.440283
-0.32734 -0.73241 -0.273706
-0.190791 -0.812622 0.034689
0.777776 0.0796943 -0.421667
-0.193721 -0.209481 0.872067
0.84243 -0.169771 0.0550995
-0.246365 0.26863 0.758179
0.034124 -0.711975 0.446474
0.0383221 -0.215779 -0.877205
0.0202582 -0.718048 -0.466005
0.710483 -0.0570002 0.26427
-0.724367 -0.466529 0.0131899
0.407458 -0.0510074 -0.817357
-0.452389 0.425644 -0.620827
-0.630025 -0.593315 0.367515
0.328296 0.477526 0.418988
0.75955 -0.411724 -0.187959
-0.780762 -0.248075 -0.170455
0.0815782 -0.216013 0.832887
0.711483 0.291769 -0.294556
-0.804325 -0.126225 0.163235
-0.785407 -0.18204 0.336021
-0.750186 0.0843867 0.412721
-0.531736 0.296834 -0.639673
0.166443 -0.438889 -0.76519
-0.284679 -0.440236 0.752519
-0.100218 0.427496 0.647257
-0.802793 0.0894975 0.311684
0.561379 0.376728 -0.437165
0.706172 0.0872882 -0.522993
-0.518965 0.611381 -0.378892
-0.123594 0.665229 0.447102
0.668776 0.292034 -0.380547
0.690373 0.151864 -0.521285
0.420847 -0.00560237 0.647739
-0.780577 0.384801 0.0200271
0.116305 0.675233 -0.540081
0.142336 0.681562 -0.513036
0.576565 -0.273045 0.447661
-0.392339 0.696103 -0.37027
0.108316 -0.268577 -0.861035
-0.649965 0.352327 -0.528403
-0.695858 0.478804 -0.32508
0.458209 0.617387 -0.260202
0.753676 -0.409506 0.0320444
-0.388152 -0.612065 -0.413018
-0.0745576 -0.570577 -0.626295
0.334771 0.602848 0.28359
-0.464463 0.765724 -0.0889409
0.113872 -0.440366 -0.755335
0.358669 0.477289 -0.550857
-0.0394175 -0.832549 0.0353128
-0.0381966 -0.277931 0.832262
-0.535005 0.65369 -0.276896
-0.533065 -0.130762 0.68819
-0.323462 0.224437 0.74921
0.550491 0.132758 0.446927
0.673735 -0.532634 -0.0701624
0.540462 -0.447237 -0.562428
0.0454822 -0.0790187 0.862645
-0.506532 0.45969 0.496093
0.123304 0.85601 -0.157685
0.66816 -0.539366 0.0409501
-0.0335642 -0.4187 0.773955
-0.0165831 -0.195033 0.859814
0.521445 -0.046721 0.541279
-0.375193 -0.641333 0.557798
0.397883 -0.476296 -0.62834
-0.764271 0.414127 0.0200236
-0.0404468 -0.0784405 0.889983
0.434598 0.684146 -0.155033
0.224178 0.812495 -0.115586
0.631652 -0.410565 0.329808
-0.778105 0.394819 -0.030682
0.448969 0.16058 0.542656
0.151935 0.179944 -0.849721
0.0822977 0.62153 0.447611
0.338913 0.440981 0.445038
0.622004 -0.230004 0.407984
0.770454 0.231171 -0.0443321
-0.721976 -0.132023 0.474543
0.166909 0.535411 0.507429
0.271441 0.791441 -0.0935738
-0.783461 0.192302 0.31557
-0.461795 0.678255 -0.330851
0.548725 -0.660923 0.00652846
-0.176788 0.656171 -0.583589
-0.187071 -0.479882 -0.641882
0.234252 -0.414803 0.689627
0.75556 -0.426127 -0.0810085
0.697534 0.355913 0.00232054
0.190515 -0.14491 -0.874242
0.557697 0.22037 0.381709
0.479184 -0.59707 -0.437986
-0.259149 0.342978 -0.767288
0.623928 -0.242564 0.402728
0.203782 0.323744 0.666417
0.528653 -0.655305 0.161836
-0.0633267 0.44822 -0.794689
-0.776105 0.153365 0.353661
0.455116 -0.0288786 -0.788946
0.485429 -0.39191 -0.652336
0.270487 0.491955 -0.608764
-0.410077 0.319885 0.666569
0.820944 -0.197963 -0.304362
0.214854 -0.684875 0.396375
-0.515088 0.582953 -0.427404
-0.118527 0.501247 0.590494
-0.239972 0.404062 -0.772861
0.300637 0.782555 0.014526
0.534292 -0.0110993 -0.746991
0.0606626 0.57711 -0.685584
0.0246371 -0.654203 0.538923
0.144014 0.337829 0.694232
-0.581974 -0.688401 0.0438296
0.466598 -0.678684 0.184624
0.203546 -0.770393 -0.291822
0.690922 0.25459 -0.393798
0.502039 -0.0556703 0.566622
0.0039319 0.168997 -0.879473
0.0363911 0.867978 -0.256742
0.224302 -0.690793 0.368977
0.521416 -0.671205 0.109637
-0.76624 -0.322975 0.286689
0.624919 -0.19573 -0.650311
0.03691 0.644156 -0.625398
0.132899 0.75521 0.273863
0.860681 -0.0100062 -0.282366
0.863404 -0.0625114 0.0122531
-0.0185882 -0.775763 -0.317035
0.289299 0.577209 -0.497583
-0.50665 0.72924 -0.107886
-0.0687604 0.234064 -0.853601
-0.720999 -0.381122 -0.179911
0.429342 0.432711 -0.528074
0.111148 -0.527185 0.638221
0.249713 -0.25521 -0.837311
0.294344 -0.211248 -0.843435
-0.823986 0.306379 0.0196126
-0.810283 0.341682 -0.0796664
-0.735824 -0.489075 0.223266
0.141106 -0.692269 0.428245
0.600723 -0.142146 0.444543
0.590763 0.0677113 -0.672615
0.087373 0.761177 0.299535
0.504942 -0.654097 -0.257643
0.116574 0.773653 0.240127
0.266239 -0.503103 -0.68922
-0.358832 0.776779 -0.279872
-0.701976 -0.305942 -0.369709
0.169608 -0.757859 0.175092
0.70622 0.0784499 -0.525972
-0.163715 -0.255809 -0.776637
-0.764963 -0.191463 -0.312055
-0.800985 -0.186858 -0.154047
-0.0847625 -0.272319 -0.807503
-0.569293 0.0393957 0.653254
-0.703439 0.244284 -0.496565
0.734773 -0.167901 0.234059
-0.0156853 0.50988 0.574261
-0.733691 0.0203517 -0.470433
-0.629705 0.208419 0.554591
0.365049 -0.354064 -0.749273
-0.0384871 0.826961 0.207505
0.360304 -0.343115 0.62546
-0.731957 -0.0206884 -0.478576
-0.304599 -0.75809 0.432578
0.55183 0.0252896 -0.72856
0.431186 -0.364959 0.559857
-0.00704093 0.838367 -0.351759
-0.138138 0.0114691 -0.819608
0.616007 -0.0867566 -0.676956
0.387226 -0.564761 0.442918
-0.403157 -0.612251 0.572166
-0.189349 -0.824072 0.304611
0.768387 0.247528 -0.251002
-0.619687 -0.554488 0.438977
0.76381 -0.413136 -0.103368
0.223586 -0.381718 0.712313
-0.587524 0.162497 -0.632688
-0.780229 -0.277019 0.227494
-0.745196 -0.376115 -0.11209
0.523095 0.41172 -0.440132
0.493677 0.584128 0.0904624
-0.625243 0.503085 -0.428722
0.634204 0.0412533 0.365036
0.198704 -0.164722 -0.869483
0.326429 -0.393544 -0.744883
0.0881777 0.103341 -0.880894
0.175433 0.0120553 0.799953
-0.493872 -0.293017 0.680652
-0.595156 0.315035 0.539879
0.389531 0.57485 -0.398208
-0.0110373 0.0303503 -0.869368
-0.13159 -0.832682 0.151794
-0.392253 0.588796 -0.513602
-0.409445 0.455877 -0.631175
-0.0392303 -0.826087 -0.0264762
0.676492 -0.530917 0.0286
0.262504 0.584017 -0.515384
0.652035 0.422064 -0.0968988
-0.604801 0.648851 -0.109255
-0.730741 0.467308 0.0582472
0.167824 -0.423759 -0.776109
0.528891 -0.0873586 0.534125
0.324442 0.255469 0.60117
-0.218897 0.843514 0.096602
0.625096 0.457612 0.0112382
-0.246577 0.537735 -0.658139
-0.555858 0.66376 -0.225381
-0.497406 -0.752061 0.260257
0.43985 0.110836 0.58333
0.527506 -0.248419 -0.720486
-0.598095 -0.522564 -0.266659
-0.0112026 -0.0477869 -0.865943
-0.426794 -0.295302 -0.626369
-0.832928 0.12383 0.182075
0.0757702 0.392565 0.660297
0.873169 -0.00349254 -0.216447
-0.766214 -0.421012 0.0601256
0.203915 -0.0977351 0.803319
0.528942 -0.577504 0.288853
0.209067 -0.753015 0.147648
0.802601 -0.320694 -0.058102
0.305013 0.548544 0.369897
0.522711 -0.590134 0.282778
0.411563 -0.680792 0.22941
-0.322275 0.308706 -0.741699
-0.733695 0.131511 -0.456716
-0.676993 0.390727 0.371547
-0.0702819 0.500292 -0.75158
0.620918 -0.557587 -0.249714
-0.471437 -0.654215 -0.288714
-0.0965186 0.275398 0.762094
0.0148825 0.245075 0.77436
0.797738 -0.298938 -0.302718
-0.748064 0.145042 -0.426365
0.731993 -0.462954 -0.0558801
0.439218 0.656719 -0.232854
0.7366 0.228402 -0.34537
0.12266 -0.569818 0.585784
0.0317513 -0.709406 0.453195
0.103499 -0.804362 0.0159159
0.859226 0.0287744 -0.254306
0.445272 0.67261 -0.179123
0.606833 0.190897 -0.59017
-0.558787 0.367052 0.531619
-0.356343 0.51621 0.52718
-0.245318 0.317029 0.741429
-0.272315 -0.357512 0.800006
-0.777674 -0.129425 -0.320193
0.230222 0.7947 -0.18576
0.0054323 -0.710386 -0.480798
0.36967 -0.0581553 0.686381
0.776603 -0.157622 0.164365
-0.819163 0.312842 0.0411964
0.074669 0.488765 -0.749851
-0.0447621 0.396817 0.667108
-0.382953 -0.771201 -0.119714
0.735618 -0.24371 0.233754
0.46326 0.632302 -0.230062
-0.374376 0.735386 0.236032
-0.0427787 0.0745188 0.872122
-0.587737 0.644759 0.0655436
0.205 0.225302 0.733583
-0.277528 -0.630554 0.599395
-0.118847 -0.426147 -0.704509
-0.618672 -0.596206 0.380912
-0.208877 0.632542 0.482188
-0.481922 0.330542 0.618369
0.150176 0.430464 -0.756363
0.645856 -0.124078 0.37743
-0.0655159 0.314922 -0.844787
0.600164 -0.618293 -0.00615752
0.460229 0.418293 0.342701
-0.388159 0.0569605 -0.717331
0.251603 -0.0484284 0.765839
0.297118 0.384121 0.535503
0.557301 -0.649645 0.0478136
-0.720629 -0.518025 0.144983
0.57688 -0.571762 0.231755
-0.550082 -0.737603 0.175729
0.324714 0.746879 0.102307
-0.673378 0.0354235 -0.566168
0.656696 -0.44315 0.268814
-0.819147 0.306773 -0.147062
0.622102 0.200567 0.303077
0.239336 0.0338179 -0.858853
-0.407454 0.101668 0.762599
-0.284069 0.807825 0.152212
-0.47512 0.364753 0.602029
0.54054 -0.106394 0.520217
-0.816393 -0.0289763 0.156292
-0.461968 -0.0506808 0.770499
0.178367 -0.74303 0.240029
-0.764098 -0.286704 0.368203
-0.575335 -0.409317 0.58386
-0.645175 -0.571426 0.376685
-0.0231029 0.907029 -0.1182
-0.3918 0.646483 0.364458
0.689706 -0.147347 0.308346
-0.276118 -0.712535 0.506697
-0.842441 0.202574 -0.0106401
-0.431169 -0.163671 -0.67893
-0.244884 0.407105 -0.770622
-0.360316 -0.787011 0.0192572
-0.0413123 0.473043 -0.779284
-0.332853 -0.803325 0.156662
-0.779721 -0.317097 0.165388
-0.361402 0.749767 -0.320963
-0.781848 -0.205616 0.331201
0.506842 -0.0410502 0.559624
0.237317 0.468806 0.521238
-0.258855 0.604239 -0.583366
0.44252 -0.345547 -0.711666
-0.522075 -0.144576 -0.641134
0.594651 -0.0236993 0.439606
-0.463644 -0.654233 0.464955
0.119074 -0.568353 -0.651132
-0.809767 -0.138991 -0.079325
0.176841 -0.490904 0.647293
0.76813 -0.408959 -0.156957
0.140175 0.580017 -0.620007
0.854873 -0.22184 -0.178273
-0.211453 0.876759 -0.0172545
-0.185501 0.410392 -0.789853
-0.616247 0.526645 -0.400405
0.481989 0.1519 -0.72012
-0.784267 0.285782 -0.295697
0.600819 0.454531 0.102986
-0.669852 0.483673 -0.387331
0.733516 -0.357562 0.195118
-0.759059 0.404669 0.100284
-0.515597 -0.339887 -0.543085
0.114976 0.402629 -0.796662
0.559538 0.545594 -0.132966
0.197261 -0.505737 -0.711749
0.127636 0.858434 -0.0873232
0.579425 0.388617 -0.400374
0.0486907 0.213708 -0.868799
-0.460451 0.630803 -0.405397
-0.504131 -0.107005 0.724172
-0.0322159 0.00951133 0.87666
0.178588 0.838336 -0.0129192
-0.293771 0.841104 -0.00704565
0.351516 0.689349 0.17218
0.491494 0.631258 -0.152836
0.322428 -0.704892 0.234229
-0.618948 0.557556 -0.337677
-0.0257381 0.59451 0.498658
-0.516812 0.0199152 0.714498
0.116577 0.616484 -0.600769
-0.0102089 0.181308 -0.876175
0.374468 -0.351699 0.611931
-0.617765 -0.127892 0.596029
0.326652 0.353743 0.530718
0.21022 -0.218094 0.776731
-0.199225 0.76893 -0.423614
-0.464579 -0.726641 -0.118758
0.00522806 -0.71198 0.462569
-0.104471 -0.50542 0.727273
0.0955595 0.871926 -0.0600624
0.853055 -0.219922 -0.115251
0.68584 -0.47759 -0.277252
-0.215382 0.663079 -0.551958
-0.380314 0.802201 -0.0102295
-0.572285 -0.323962 0.610144
-0.0475476 0.634052 0.46351
0.793767 -0.243054 0.137068
0.241216 0.599017 0.38105
-0.792661 -0.247844 0.120096
-0.0570901 -0.353924 0.804518
0.444731 0.503077 -0.421599
0.0876022 -0.824551 -0.0759285
-0.443306 0.64424 0.334462
0.337742 0.103045 -0.807425
-0.747855 -0.307529 0.394652
-0.2515 -0.669321 0.562253
-0.450569 0.290573 0.657633
0.358056 -0.492591 0.548012
0.357045 0.57686 0.287451
0.592601 -0.448432 -0.526616
-0.161137 0.828925 0.197807
-0.0599489 -0.0314663 -0.848445
-0.24317 -0.681501 -0.452666
-0.650384 -0.222372 -0.518647
-0.535555 -0.581606 0.49329
0.652232 -0.196285 0.370061
-0.76109 0.431082 -0.082161
-0.784999 0.259256 0.279668
-0.841593 0.171194 -0.0104774
0.2548 -0.532626 -0.659975
-0.412211 -0.475447 0.678745
-0.386365 -0.783149 0.294105
0.683123 -0.479012 0.153727
0.684055 0.318973 -0.305686
0.878089 -0.00439866 -0.144276
0.550579 -0.64899 -0.101817
0.338307 0.452254 -0.596557
0.526893 -0.669337 0.0871756
-0.556546 0.584229 0.25987
0.838648 -0.267039 -0.184584
-0.648572 -0.608572 0.0973584
0.634856 -0.566985 -0.113029
-0.673716 -0.517613 -0.0532144
0.270943 -0.0667428 0.755804
0.353829 -0.717267 -0.290836
0.258075 0.00315323 0.754699
-0.0342566 -0.485663 0.743078
0.716379 0.298308 0.106593
-0.392495 0.790984 -0.221263
0.264211 -0.465004 -0.728285
-0.728101 -0.213111 0.452982
-0.147065 0.508954 -0.729046
0.398127 -0.609108 0.382711
0.639888 -0.385383 -0.532614
-0.36619 0.762615 0.187122
-0.706454 0.398733 0.308897
0.157878 -0.285679 0.790465
0.179271 -0.796709 -0.171192
-0.386963 0.633573 0.382984
0.808537 0.145658 -0.0611844
-0.0534814 0.741257 -0.535329
-0.193737 0.761786 -0.437676
0.713319 0.245151 -0.365128
-0.00788186 0.0950863 -0.873332
0.756173 -0.426778 -0.141449
0.0676974 -0.493199 -0.708157
0.81247 0.114891 0.00735092
0.662742 -0.399301 0.299262
0.362737 -0.677199 0.28573
0.617945 0.376775 -0.345544
0.809903 0.0968172 0.0513626
0.508545 -0.617335 0.268007
-0.697786 -0.404491 0.433419
0.384799 0.613291 -0.355693
0.203426 0.725414 0.261437
0.867613 -0.0720201 -0.260622
-0.27687 0.835486 0.0534926
0.624908 -0.408512 0.340362
-0.122825 -0.807351 -0.100481
0.558753 -0.429258 0.403212
-0.636496 0.0206415 0.572787
0.281201 -0.130741 0.741805
-0.416185 -0.354353 0.716888
-0.0954767 -0.405864 -0.727128
-0.242664 0.427023 0.655907
-0.483863 -0.213373 -0.639177
-0.0360856 0.635722 0.459647
-0.760154 0.304801 0.300185
0.107072 -0.571201 -0.647763
0.675927 -0.0659277 -0.610673
0.198926 0.341211 0.657969
-0.511921 0.226577 -0.663707
0.45838 0.345721 -0.596619
0.425552 -0.734319 -0.0508748
0.219753 -0.337274 0.735118
0.568081 0.248489 -0.580773
0.0501211 0.389974 0.664697
-0.434355 -0.706918 0.42317
-0.583988 -0.611926 0.402927
0.143017 -0.00561629 0.816088
-0.357574 0.84084 -0.139108
-0.289785 0.737979 -0.39424
0.0780896 -0.251857 0.822623
0.0227643 -0.794558 0.178295
-0.781528 0.389238 -0.0365716
0.174528 -0.287041 0.781513
-0.23726 -0.80231 -0.00546133
-0.084132 0.578506 -0.686138
0.70015 0.164043 -0.501548
0.770807 -0.294433 -0.369356
-0.812154 0.120923 -0.270975
-0.429326 -0.155359 -0.682198
0.502288 0.616402 0.00388123
0.387764 -0.740869 -0.134001
-0.555586 0.60865 0.212341
0.357143 0.131917 0.647318
-0.796108 -0.259565 0.0468279
-0.110992 -0.817306 -0.0204367
-0.225629 0.202975 -0.787007
-0.688604 0.251761 -0.519129
-0.34896 -0.706635 0.486386
-0.807841 -0.0549142 0.238769
-0.215444 -0.080664 0.867353
-0.468372 0.635531 0.314933
-0.308429 -0.645053 -0.443957
0.869119 -0.0619748 0.0022859
-0.825922 0.00244859 0.0689522
0.506929 -0.0379902 -0.763761
-0.624561 -0.181674 -0.581018
0.079537 -0.0283702 -0.8875
-0.800024 0.185491 -0.285428
0.217967 0.327106 -0.796403
0.142621 0.739969 0.2877
-0.78071 -0.346821 0.106043
0.589897 -0.601524 -0.174901
-0.690089 0.444299 0.261308
-0.753848 -0.452371 0.125325
0.136061 -0.572652 -0.643665
-0.759898 0.423067 -0.185467
0.0224889 0.896665 -0.0752161
0.194371 -0.258631 0.776212
-0.580208 0.535889 0.310898
0.403214 -0.461063 0.551941
0.763816 -0.336892 -0.357118
0.427798 0.596188 0.193044
0.818771 -0.244797 0.0512736
0.623644 -0.557829 -0.231902
0.221333 -0.404442 -0.780458
0.0129458 0.749916 0.336626
-0.494944 -0.722134 0.348797
-0.596092 -0.375127 -0.427752
-0.276721 0.567081 -0.609333
-0.345239 0.633057 0.406538
-0.146042 0.888296 -0.225034
-0.720585 0.131506 0.452945
-0.293786 0.169281 -0.758514
-0.0967115 -0.809109 -0.109347
0.175241 -0.786794 0.0142114
0.570716 0.274578 -0.549469
0.67172 0.391161 0.0474226
0.58215 -0.57614 -0.376662
0.759278 0.257891 -0.047413
-0.654444 -0.272207 -0.462547
0.550567 -0.622045 -0.275419
-0.287379 -0.645885 -0.459097
-0.820183 -0.04872 0.0417135
-0.763878 0.372134 -0.325101
-0.445694 -0.397134 0.684166
-0.0488197 0.727271 -0.553154
0.731488 -0.4223 -0.28291
-0.145309 0.800815 0.284476
0.102321 -0.46239 -0.736985
0.129764 -0.729432 0.332617
-0.261671 -0.804495 0.0458656
-0.774907 -0.278614 0.276594
0.890336 -0.104795 -0.156009
0.0486787 -0.79514 -0.235735
0.3836 -0.01741 -0.819239
0.293581 0.523675 0.407171
-0.165236 -0.830229 0.170485
0.754709 0.269082 -0.243153
-0.74401 -0.384878 0.377408
-0.70558 -0.4577 -0.0787187
0.417193 0.687441 -0.18978
0.197037 0.790363 -0.273582
0.157708 -0.739692 0.274255
-0.121045 0.905936 -0.0292669
0.425049 -0.350255 0.569409
-0.608386 -0.683576 0.141723
0.520027 0.0464334 0.537371
0.656674 -0.447945 -0.421169
-0.557836 -0.409588 0.600204
0.377511 -0.270545 -0.793174
0.333319 -0.766127 -0.130231
0.51767 0.493596 0.207339
-0.0110062 0.468479 0.607117
0.47572 -0.0196819 -0.776766
0.436179 -0.328573 0.564949
-0.707916 -0.564541 0.224971
-0.408877 0.762853 0.106217
-0.229431 0.768518 -0.400319
-0.76843 0.094559 -0.393961
0.391408 0.706001 0.080569
-0.637977 0.0832831 0.568885
0.50058 0.601856 0.0379025
-0.285391 0.464867 0.614192
0.772804 0.210972 0.00474526
0.334991 0.465261 0.424724
0.745195 -0.21992 -0.472383
-0.690645 -0.293847 -0.396359
0.68357 0.101905 0.263471
0.403866 0.363882 -0.629403
-0.0893465 0.560592 0.538548
-0.160071 -0.288455 -0.762064
-0.779991 -0.144201 -0.294088
0.174184 -0.633995 0.486205
-0.592223 -0.47495 0.536571
0.67295 0.35304 0.125945
-0.0556637 -0.738455 -0.41859
-0.415221 -0.680874 -0.330192
-0.435575 -0.667194 -0.322049
-0.786664 0.0606602 -0.363065
-0.0576879 -0.284184 -0.814976
0.677055 -0.436386 0.242589
-0.694872 0.481374 0.159654
-0.615575 0.146424 0.588663
-0.583228 -0.659445 0.321845
-0.669211 0.533902 0.10764
0.146615 0.832477 0.0577814
0.673885 0.163249 -0.540429
0.0430535 -0.12868 0.862657
-0.329831 0.645159 0.401349
-0.253848 0.403914 -0.766916
-0.0440543 -0.582245 0.648226
-0.166042 -0.16909 0.892736
0.101289 0.35893 0.685027
-0.779558 0.140917 0.350378
-0.462607 -0.338774 -0.586799
0.727431 -0.435114 0.100235
0.741822 0.102896 0.165983
0.487062 -0.472573 0.444765
-0.630886 -0.475019 -0.27596
0.325104 -0.685736 -0.419854
0.156053 -0.69955 0.403455
-0.823702 0.00767374 -0.0846391
-0.12743 -0.814672 -0.0249752
0.651314 -0.47534 -0.386493
-0.0363901 -0.685116 0.534497
0.444931 0.651978 0.0657288
-0.767166 -0.379532 0.183064
0.186414 -0.50532 0.627264
-0.312636 -0.6443 0.574527
0.241413 -0.164228 -0.862312
0.350291 0.512795 0.360198
-0.589474 -0.62998 -0.0875579
-0.677381 -0.0978664 -0.544803
-0.772912 0.381253 -0.269517
-0.778894 0.245434 -0.328885
0.202014 -0.0503068 0.798153
-0.151056 0.149561 -0.817953
-0.520673 -0.0870011 0.709708
0.633504 0.379577 0.1715
-0.100871 0.0994693 0.854211
0.187505 -0.54728 0.57869
0.529629 0.0133428 0.527027
0.256681 0.210054 -0.815795
0.679524 -0.0698485 -0.606206
0.122078 -0.395914 0.740139
-0.592237 -0.68434 0.0747481
-0.190585 0.89475 -0.190944
-0.293626 -0.758753 -0.236245
-0.113768 0.826882 0.229623
0.0582058 0.490815 -0.752783
0.0979163 -0.623786 -0.589074
0.735098 -0.143571 0.233167
-0.702832 0.204046 -0.502606
0.650948 -0.278684 -0.584264
0.0463218 0.823387 0.167086
0.640475 0.377179 -0.298242
-0.528083 0.71855 0.0385506
0.60591 -0.528785 -0.402079
0.32572 0.414197 -0.642441
-0.146507 -0.240138 -0.792489
-0.465623 -0.674965 0.436383
0.734995 0.192492 -0.401789
-0.23513 -0.0487164 0.857268
-0.519686 0.540877 -0.48033
-0.546563 0.361785 0.54848
-0.771337 -0.158809 -0.317771
-0.295549 -0.422758 0.76175
-0.0568217 0.775277 0.311008
0.369936 0.140579 0.630943
0.274064 -0.556603 -0.623333
-0.707566 0.514811 0.0312204
-0.77142 0.26501 -0.340755
-0.0168788 -0.790299 0.254213
-0.488944 0.731896 0.0682688
-0.817697 -0.0685048 -0.053158
-0.145806 0.647627 0.465435
-0.677646 0.00522502 -0.564494
-0.304354 0.260816 -0.751466
0.0919893 0.811871 0.161806
0.638275 -0.51967 0.204535
-0.182118 -0.443472 0.760751
0.595565 -0.443272 0.347527
0.874274 -0.162788 -0.0703941
0.227372 0.370816 -0.754648
0.544891 0.571089 -0.0156941
-0.59709 -0.684249 0.234658
0.731022 -0.27176 0.239643
0.0821259 0.467358 -0.762153
0.340374 0.587505 -0.435554
-0.716517 0.267451 -0.469184
0.626619 0.456908 -0.14109
0.196271 -0.761466 -0.342241
-0.288475 0.716509 -0.424511
0.0245498 -0.559077 -0.651388
-0.341592 0.769108 -0.31053
-0.812462 0.19805 -0.229796
-0.69298 -0.500682 -0.0210241
0.809788 0.0737881 -0.376978
0.294105 -0.3612 0.67333
0.322494 -0.703756 0.237798
0.866989 -0.16232 -0.206822
0.272152 0.315894 -0.770244
-0.418625 0.535436 -0.550431
0.0383308 -0.432848 0.748681
0.80106 0.134527 0.0323178
0.557177 -0.627827 -0.199071
0.536015 0.25233 -0.611048
-0.755785 -0.347516 0.347337
0.222163 -0.00548254 -0.870755
0.0609918 -0.760219 -0.371628
-0.39128 0.357025 0.657469
-0.627512 -0.578237 -0.0748432
-0.764643 -0.264161 -0.226005
-0.186641 -0.43866 0.763141
-0.734506 -0.214044 0.442936
0.766454 0.0256709 0.149254
0.229363 0.121302 0.757332
0.397239 -0.69094 -0.31254
0.117958 -0.409244 -0.779172
0.440307 0.599603 0.169633
0.0133773 -0.643517 0.556864
0.798939 -0.154887 0.12719
-0.231446 0.677926 -0.522088
-0.120194 0.345753 -0.824228
-0.572444 -0.641256 0.37353
-0.421686 0.0567823 0.769083
0.669494 -0.481705 -0.332168
0.230556 -0.741588 0.179264
-0.256343 -0.427047 -0.64479
0.355027 -0.539136 0.493975
0.610681 0.159191 -0.604465
-0.707715 0.249813 0.441736
0.669934 -0.0881964 0.334053
-0.534413 -0.716932 -0.0126012
-0.401942 0.794348 -0.203441
-0.49087 -0.727735 0.345272
-0.295416 -0.491032 -0.588505
-0.679157 -0.192207 -0.497241
0.764988 -0.219269 -0.425613
0.449658 -0.667202 -0.307055
-0.166739 0.894631 -0.194568
-0.485788 -0.62569 -0.301388
0.354656 0.502426 -0.524404
-0.302875 0.850057 -0.0672827
0.164678 -0.711291 -0.456312
0.818677 -0.291421 -0.0895537
0.0943847 -0.509452 -0.700207
-0.432942 -0.288889 -0.626538
-0.664517 0.557445 -0.25481
-0.0223017 -0.709698 -0.480825
-0.495099 0.00336352 0.738129
-0.579246 0.649287 -0.218157
-0.0732659 -0.132737 0.889255
-0.155686 -0.722567 0.518044
0.743692 -0.217425 -0.47737
-0.560762 -0.21591 -0.599772
-0.311141 -0.537905 -0.53672
-0.263252 -0.482834 0.725554
0.693318 0.352477 -0.230317
0.606779 -0.0783886 0.429551
0.147768 0.57465 -0.619597
0.16748 -0.281751 0.787985
-0.318658 0.817632 0.0517429
-0.464666 0.518101 0.462986
-0.281544 -0.707365 -0.365792
-0.136021 0.623682 0.486145
0.239111 -0.164943 0.767195
-0.456816 -0.72749 -0.131112
0.554118 0.27024 0.354428
0.430354 -0.123143 0.623648
0.0228438 -0.517016 0.686469
0.397608 -0.715879 -0.217908
0.785377 -0.30229 0.0948553
-0.133662 -0.627512 0.623151
0.326145 -0.588853 0.452291
-0.636974 -0.610735 0.0542995
0.0548132 -0.640382 -0.579456
-0.276631 -0.634539 0.595108
-0.198949 -0.163457 -0.785462
-0.478677 0.625125 0.322004
-0.48271 0.574663 -0.464264
0.379151 -0.381486 0.600773
-0.665691 0.187966 0.531907
-0.509849 -0.466122 -0.439074
-0.459193 -0.250973 -0.632545
0.770527 -0.336607 -0.341793
-0.379423 -0.793466 0.131198
0.358296 0.376308 -0.65262
0.812532 0.123002 -0.0191984
-0.720021 -0.339244 -0.265461
-0.311683 0.761517 -0.344894
0.258138 -0.511234 -0.686209
0.559527 -0.251593 0.470457
0.151447 -0.726748 0.321351
-0.620163 0.393539 -0.522245
0.58381 0.509509 -0.162049
-0.0732769 0.833051 -0.360808
0.446577 -0.449752 0.513023
-0.190285 0.078831 -0.799823
-0.731299 -0.487867 0.308612
0.0707864 0.674991 0.398405
-0.299192 0.484523 -0.678038
0.412717 -0.736043 -0.108107
-0.227994 0.82777 0.14199
-0.795039 -0.251228 0.078045
0.61915 0.353948 -0.38134
0.0226306 -0.722871 -0.45635
-0.386221 0.444569 0.581718
0.597474 0.0908851 0.401715
-0.159326 -0.682256 0.569749
-0.42863 -0.596182 0.569708
-0.499595 0.482006 0.478064
-0.788251 -0.281076 0.126794
0.0602231 -0.526387 -0.682011
0.244777 -0.787842 -0.0849296
0.556716 -0.452409 0.383625
0.439241 -0.519428 0.450585
-0.30258 0.422892 -0.730096
0.0590633 -0.588713 0.596413
-0.292538 0.0300675 -0.756193
0.385824 0.0425114 -0.801648
0.176124 -0.122624 0.824643
-0.110055 0.0651707 0.861276
-0.677795 -0.459256 -0.164853
-0.209131 -0.689312 -0.459292
0.163886 -0.547215 -0.668191
-0.408044 -0.232199 -0.667328
0.131969 0.836339 0.06101
0.635947 0.443569 -0.0403587
-0.35494 0.436846 -0.683121
0.867443 0.018747 -0.198562
0.48418 0.654494 -0.0632176
0.516709 -0.0688086 0.548725
0.572414 -0.608562 -0.233001
-0.135281 -0.650061 -0.556815
-0.207646 -0.692873 -0.452206
-0.219603 0.178979 0.796833
-0.0589386 -0.293333 0.829589
0.249129 -0.539534 0.5563
0.653504 -0.00761315 -0.626776
-0.450154 0.775261 -0.043616
-0.289968 0.657736 0.409088
0.584946 -0.520127 0.285139
-0.739159 0.472032 -0.0936615
-0.484854 0.0585352 0.726714
0.607477 -0.288984 0.411804
-0.577065 0.494105 0.383642
0.685242 -0.294687 0.300673
-0.0878399 0.869388 -0.275969
0.123951 0.61821 0.440048
0.256298 -0.381489 -0.782833
-0.686545 0.011698 -0.553072
0.625256 -0.473859 -0.451121
0.160426 -0.422067 0.711614
-0.441066 0.779158 -0.0410732
0.359199 -0.308363 -0.779634
-0.308619 0.560708 0.507684
-0.58565 -0.354966 0.587012
0.196342 0.232993 0.73687
0.0363488 -0.693363 0.484337
0.349911 -0.380925 0.624446
0.0575479 -0.566731 -0.649182
0.805724 0.154379 -0.0674995
-0.220375 -0.667474 -0.490529
0.217308 0.130857 0.76096
0.235191 -0.123728 -0.870882
-0.283708 0.450883 0.628281
0.041309 0.746641 0.334437
-0.81227 0.13138 -0.265099
0.490374 -0.349139 -0.681871
0.733815 -0.291472 -0.448181
-0.148236 0.787606 0.303395
-0.751029 0.242839 0.377937
0.369604 0.546278 0.305994
0.687982 0.022113 -0.569992
0.852446 0.0552678 -0.109626
0.686633 0.369078 0.0519986
0.198817 0.0625579 -0.863009
-0.746698 0.0896108 -0.43835
-0.786505 -0.295517 0.127128
-0.0229471 0.147518 -0.869964
-0.190234 0.812127 -0.371893
-0.658941 0.251107 -0.552929
-0.507728 -0.55531 -0.350078
0.265685 -0.59945 -0.570579
-0.166834 0.0524553 -0.808826
-0.070004 -0.0342752 -0.844569
0.65868 0.163463 -0.56009
-0.19711 -0.702094 0.538092
-0.442394 -0.559255 0.603556
0.704705 -0.266719 -0.513288
-0.333822 0.591824 -0.54792
-0.606313 0.344249 -0.563509
-0.229901 0.0870528 0.820522
-0.112472 0.711776 -0.568764
-0.353599 0.148633 -0.733315
-0.291017 -0.71841 -0.333673
0.0501593 0.890644 -0.124886
-0.388511 0.414433 0.608917
-0.337919 -0.0976438 0.822253
0.229711 0.0911822 -0.84897
-0.594937 -0.694361 0.187947
0.5516 0.366592 0.29052
0.152342 0.591434 -0.598598
0.0864409 -0.281737 -0.859967
-0.760036 -0.289523 0.381456
0.177023 -0.767503 0.114015
0.261397 -0.743341 0.128471
-0.436065 0.226796 0.699171
-0.794073 0.154352 0.305338
0.638 0.439754 -0.00127005
-0.620046 0.626526 0.0088478
0.834277 0.0908534 -0.0837453
-0.212309 -0.755016 -0.302328
-0.611562 0.617482 -0.231346
-0.598658 -0.241747 -0.559834
0.777121 -0.381343 -0.0748106
0.407737 0.594838 -0.35178
0.585154 0.446066 0.158254
0.0404106 -0.306081 0.807049
-0.337111 0.836002 -0.0713845
0.666985 -0.54958 -0.000256022
0.450713 -0.32665 -0.718627
0.801225 -0.232687 0.124519
0.427153 -0.636009 -0.422536
0.642107 0.399316 0.118317
-0.277951 -0.323246 0.804987
0.0481637 -0.559558 0.631997
0.130232 0.858057 -0.0579765
0.662476 0.390408 0.0878115
0.174413 -0.0932482 -0.885822
-0.197702 0.85811 0.0675005
0.0432702 -0.703779 0.458595
0.635948 -0.380853 -0.541348
-0.136149 -0.817958 0.0172244
0.071503 -0.530798 -0.680272
0.789545 0.194493 -0.0715337
-0.770731 0.261937 -0.343393
-0.687996 0.516913 -0.26963
-0.367984 0.0713025 -0.726066
0.390195 -0.507976 0.509381
-0.196833 -0.813184 0.0475953
0.317724 0.490225 0.416782
-0.00315124 -0.830798 -0.0266952
0.0707889 -0.510931 0.672175
-0.654692 0.532899 -0.33162
-0.76048 -0.388315 0.233416
-0.321008 0.334104 0.708678
0.517031 -0.372381 0.478987
-0.0563144 0.140981 0.847394
0.236633 0.356622 0.611731
-0.428405 0.683438 0.270493
-0.264442 0.797051 0.205515
-0.579176 -0.511117 -0.304643
0.498339 0.0206128 0.566747
-0.253743 -0.448778 -0.632619
-0.597175 -0.645857 0.324065
0.663637 0.406361 -0.133616
-0.028111 0.730578 -0.545299
-0.802139 -0.189481 -0.146052
-0.80271 -0.131194 0.178678
0.718976 -0.206356 -0.530659
-0.375752 0.799049 -0.225877
-0.823821 -0.0151179 0.0062015
0.874518 -0.00845375 -0.0752066
-0.426833 0.27519 0.67968
0.818052 -0.0603445 -0.37316
0.119555 0.0981708 0.80572
0.682251 -0.500808 -0.19655
-0.792897 -0.212851 0.179671
-0.727016 -0.51206 0.155171
0.821249 -0.14339 -0.334396
-0.587998 -0.418451 -0.393099
-0.717431 0.445106 -0.331406
-0.313444 0.808014 0.107163
0.2218 -0.582888 0.520545
-0.270399 0.118442 -0.767718
-0.165123 -0.584478 0.658122
-0.557051 -0.267234 0.637129
0.575277 0.4163 -0.367548
0.509695 -0.680246 0.111536
-0.841745 0.14371 0.0835707
-0.610002 0.577923 -0.31134
0.436865 -0.150349 -0.802385
-0.346125 0.725702 -0.366462
-0.188955 -0.376706 0.799442
0.711819 0.313059 -0.258147
0.436691 0.640376 0.108866
0.220958 0.803709 0.0652988
0.370001 0.175301 0.608936
-0.42801 -0.241312 0.741125
-0.715465 -0.101449 -0.48946
0.678805 -0.3945 0.281171
-0.281441 0.722632 0.331605
-0.506546 -0.52144 -0.38629
-0.240328 -0.290787 0.832579
0.375322 -0.121829 0.668265
-0.281224 -0.0300644 0.838908
0.204586 -0.47398 -0.744066
-0.231589 0.462226 0.629922
-0.142346 -0.230483 -0.797247
-0.280338 -0.733604 -0.306563
-0.81775 0.0345933 0.250493
-0.821283 0.0375388 0.202403
-0.800601 -0.221675 -0.0637125
-0.0959845 -0.478896 0.74838
0.107084 0.204737 0.779306
0.0979549 -0.495299 0.676573
-0.205346 0.321298 0.738382
-0.571676 -0.216656 -0.593986
-0.739809 -0.403885 0.378135
0.760836 -0.104447 -0.483732
0.833737 0.0830136 -0.0543745
-0.785319 0.37631 0.0197068
-0.646212 -0.473132 0.469448
0.248638 -0.515749 -0.683567
0.182416 -0.727671 -0.429838
0.561276 0.447359 0.209192
-0.606001 -0.392121 -0.398267
-0.562644 -0.112595 0.659127
0.0886334 -0.0288708 0.841949
-0.4189 -0.302802 -0.62652
-0.396629 -0.718614 -0.253937
0.233109 -0.763495 0.0597642
0.324333 -0.22188 0.684483
0.825621 0.10147 -0.332189
-0.426141 -0.776059 0.0180346
-0.00646833 0.748081 0.341972
0.479927 -0.357663 -0.682292
0.694157 -0.252633 0.297535
-0.572375 0.542717 0.312573
-0.323151 0.167984 0.768288
0.467036 0.514363 -0.380376
-0.331805 0.638355 0.407949
-0.486282 -0.643231 -0.281172
0.0278761 0.75819 -0.503855
-0.622483 -0.246974 0.569212
0.428073 -0.167314 0.614527
-0.0311731 -0.586227 -0.622075
0.246765 -0.778454 -0.0378652
-0.0393606 -0.756394 0.394111
-0.229185 -0.823235 0.284174
0.179686 0.260428 0.732511
0.166708 0.7703 -0.362371
-0.0436041 0.766505 -0.490653
-0.822222 0.0571024 0.223508
0.0341727 -0.213472 -0.875755
0.584752 -0.0287266 -0.711973
0.26329 -0.139833 -0.863471
-0.839812 0.247595 -0.0196748
-0.7309 -0.508737 0.193886
-0.0437213 -0.0778472 -0.852507
0.202834 0.50521 -0.648254
0.384717 -0.419789 0.586793
-0.561606 0.570847 0.276945
0.573946 0.189188 -0.619639
0.207375 -0.0126581 0.789611
-0.205858 0.474747 -0.744493
0.860609 0.0465046 -0.14906
-0.805662 0.224429 -0.242987
-0.108539 -0.787826 -0.205967
-0.215959 -0.0770846 -0.785028
0.509489 -0.157285 -0.753176
-0.691181 0.542212 0.0209142
0.296221 0.654492 0.270061
-0.270441 0.549141 -0.6314
0.510049 -0.181285 0.536174
0.741361 -0.221132 0.223879
-0.665334 -0.438311 -0.24607
-0.557309 -0.440381 -0.407859
0.149798 -0.785752 -0.254586
0.74785 0.121361 -0.448998
0.0789135 -0.797481 -0.221011
0.0560592 -0.807485 0.0633312
-0.688609 0.418556 0.325491
-0.700961 -0.461785 -0.0855079
-0.583659 -0.241385 -0.57233
0.515952 -0.37231 0.479997
0.263976 -0.439728 0.662459
-0.0494491 -0.171642 -0.846332
0.755451 -0.389886 -0.286453
-0.557486 0.0576832 0.666885
0.129956 -0.622382 0.521926
0.703437 -0.484475 -0.159858
-0.305515 0.129379 0.785534
0.861703 -0.0746138 0.0190216
0.122727 -0.5394 -0.678688
0.198461 -0.504971 -0.71238
0.418329 -0.297465 0.589631
0.23205 0.425813 -0.700523
-0.695895 -0.510542 0.0183396
-0.797986 -0.245516 -0.049854
0.531341 -0.288793 0.488074
0.150421 0.0868973 -0.870116
0.797616 -0.360928 -0.212396
0.762565 -0.410635 -0.0693419
0.480075 -0.622845 0.296999
0.717773 0.047186 0.22555
-0.321405 0.527617 0.534781
-0.690791 0.0482836 0.506202
-0.55026 0.240744 -0.646857
-0.312153 0.662332 0.391684
-0.332643 0.320586 0.709859
0.808206 0.171862 -0.290806
-0.714728 -0.482631 0.0182674
0.0705194 -0.731718 0.379416
-0.186394 0.21626 0.795353
-0.124736 -0.175727 0.888426
-0.00445375 0.759961 -0.50315
0.606077 -0.0112795 -0.688268
0.616405 0.17927 -0.588336
-0.00526262 -0.172001 0.863755
0.208917 -0.791343 -0.173193
-0.0400295 -0.732736 0.444189
0.356045 -0.428549 -0.702639
0.587899 0.301751 -0.495934
0.338961 -0.527067 0.518587
0.440776 0.475026 -0.461392
0.0569324 0.884201 -0.181876
-0.596978 -0.25682 0.595331
0.395398 -0.692243 -0.31125
0.114148 -0.814644 -0.133421
-0.274322 0.660631 0.414431
0.266898 0.114272 0.734013
0.0155445 0.47681 0.598022
0.071861 -0.295571 -0.855558
-0.716769 0.188155 0.4489
0.750979 -0.434789 -0.078546
-0.810749 -0.0217629 0.254619
-0.578119 0.0721679 0.641496
0.822324 0.154574 -0.196283
0.751422 0.260015 0.000967841
-0.0749505 0.573319 -0.692156
0.742275 0.0725934 0.175199
0.23798 -0.386564 -0.78564
-0.819367 0.0237064 0.206403
0.837769 0.0196487 0.0290732
0.152991 0.716302 -0.462016
-0.0842652 0.571902 -0.691399
0.0422281 -0.711263 -0.480835
-0.150468 0.299642 0.749703
-0.34548 0.00318248 -0.73356
0.786429 -0.0336224 -0.44816
-0.613694 0.00337853 -0.622419
0.482533 -0.497152 -0.551464
0.109442 0.80962 0.151871
-0.0180161 -0.804694 -0.176662
-0.261042 0.216009 -0.771533
0.650851 0.246644 -0.481842
0.503038 0.414522 -0.461052
0.252681 0.556713 0.415168
-0.429296 0.138503 0.742719
0.0556435 0.491908 -0.752724
-0.494759 -0.463601 0.625701
0.0642667 -0.140651 -0.882889
0.631354 -0.358362 0.356479
0.183455 -0.48559 0.649911
0.111721 -0.104996 0.844677
0.693441 0.157267 0.225419
-0.203124 -0.546574 0.683897
-0.755118 -0.447579 0.13128
-0.439083 -0.565841 -0.411326
0.306601 -0.120456 0.723913
-0.0459875 0.54955 0.54407
0.0496799 0.87993 0.0178247
-0.797107 -0.155553 0.219421
0.258784 -0.128079 0.760506
-0.17811 0.00816196 0.857791
-0.0509355 0.635154 0.463064
0.75141 0.282965 -0.133356
0.200822 -0.235128 0.778747
0.800897 -0.00446891 -0.417031
0.151209 0.122741 0.788581
-0.722959 -0.380442 -0.174959
0.214727 -0.184506 0.781968
0.507816 0.516761 0.188665
0.632985 0.423945 0.0891159
-0.82196 0.00781194 0.13852
-0.701871 0.460368 0.183486
0.321273 -0.565784 0.483109
-0.619076 -0.672996 0.176026
0.884468 -0.0269626 -0.094069
-0.157025 -0.779014 -0.220576
0.80535 0.126798 0.0240436
0.460448 0.267368 -0.66495
-0.505584 0.520937 0.434184
-0.37561 0.781711 0.0944506
0.367485 0.351555 0.494624
-0.530785 -0.649934 -0.195291
0.0932924 0.851299 -0.248059
0.717577 0.0563935 -0.518233
-0.504284 0.7344 -0.0772301
0.467576 -0.0762632 -0.786944
0.151981 0.296076 0.722995
-0.063188 -0.247438 -0.830065
-0.101256 -0.816617 -0.0391658
-0.30997 0.704146 0.340686
-0.109403 0.187583 0.820837
0.310315 0.611271 -0.43605
0.159742 -0.466493 -0.743196
-0.667845 -0.234514 -0.484971
-0.322558 0.81103 -0.262657
0.394867 0.0405708 0.654092
-0.153223 0.24463 -0.816995
0.261436 -0.211194 -0.849206
-0.567525 0.649403 -0.235782
0.430406 0.548598 0.241261
-0.476281 -0.535851 -0.406847
-0.366547 0.0674757 -0.726559
-0.800163 -0.0765845 0.315719
0.283609 0.545461 -0.54144
0.135166 0.00121609 -0.888716
-0.182837 0.650719 0.466469
-0.683848 -0.0939985 0.519515
-0.662273 -0.245211 0.525107
-0.204731 -0.766775 -0.252305
-0.572068 0.340385 -0.589577
-0.585406 0.670397 -0.0128853
-0.257429 0.694902 -0.478452
-0.0402346 0.625748 -0.652337
0.667626 0.400929 -0.144248
-0.237629 0.206937 0.782415
-0.447708 -0.777275 0.0736268
-0.648647 -0.63258 0.167164
0.376093 -0.0381024 -0.828467
-0.828019 0.0419733 -0.056963
-0.041147 0.347809 -0.835936
-0.774179 -0.016019 -0.400883
-0.561496 -0.416914 -0.426868
0.790798 -0.242189 -0.351231
0.0766042 -0.795737 0.0995831
0.718591 -0.3561 -0.42668
-0.339841 0.238496 0.738973
0.616442 -0.0241992 -0.680167
-0.822578 -0.0251987 -0.0340744
-0.163846 -0.542814 0.69119
-0.402381 0.476435 -0.62019
0.0513148 0.81522 0.185433
-0.670324 0.539853 -0.274046
-0.252326 -0.806037 0.0488736
0.0681518 0.283348 -0.847481
0.414255 -0.654278 0.311542
0.0564094 0.661668 -0.601272
0.633074 0.449123 -0.121309
0.306844 -0.752615 0.0181685
0.579753 -0.238508 0.452774
0.381452 0.47352 0.368596
-0.118824 -0.523378 -0.644122
0.70822 0.229161 0.163343
-0.232903 -0.236554 0.848213
-0.087876 -0.788268 0.344481
0.673962 -0.237874 -0.574992
0.793698 -0.239687 -0.345734
0.351932 0.387212 -0.647756
-0.65149 -0.595761 0.327462
-0.429895 -0.37404 -0.583394
0.528048 0.222117 -0.640061
-0.693753 0.435322 -0.397811
0.340077 -0.191102 0.679447
-0.635487 0.271014 0.52147
-0.311802 -0.402904 0.768408
0.830548 -0.168047 0.0748299
0.279991 0.700533 -0.357727
-0.146931 -0.698508 -0.476007
-0.691691 0.548211 -0.173472
0.22305 0.792007 -0.217558
-0.520107 0.717777 -0.112264
-0.416401 -0.562603 0.622318
0.466949 0.376928 -0.551197
-0.440056 0.756235 -0.220298
0.208082 0.329216 -0.800452
-0.645598 0.44287 0.361392
0.846777 -0.180633 0.0411689
-0.0313115 -0.768012 -0.347317
0.335244 -0.727776 0.111542
-0.484127 0.754829 -0.0345242
-0.629422 0.417559 -0.499366
-0.357867 -0.698559 0.493442
-0.484437 0.695735 -0.270959
-0.761911 -0.295396 0.372752
0.85006 0.0549215 -0.0900936
-0.308337 0.121428 -0.752038
0.734154 -0.329439 0.220036
0.0967017 -0.626455 -0.585994
-0.230543 -0.760636 0.449948
-0.580994 -0.706602 0.195788
0.866499 -0.131248 -0.233476
-0.794547 -0.239804 0.106093
0.227299 -0.697797 -0.455098
0.00539848 0.616909 -0.661393
-0.731318 -0.159395 0.463519
-0.8281 0.281002 0.117463
-0.146852 0.400183 0.672171
-0.748993 -0.0484877 0.433248
0.312564 0.413561 0.496448
0.174478 0.314728 0.695311
-0.138041 -0.426495 0.775119
0.186521 0.741833 -0.39863
0.459286 0.0843804 -0.755712
0.753124 -0.292979 -0.412253
0.24869 0.497594 -0.620068
0.813908 -0.140589 0.102098
0.638037 -0.171393 -0.642155
-0.0357605 0.763906 -0.495447
-0.191962 -0.831584 0.216792
-0.303909 0.336264 -0.74838
0.0421755 0.694494 -0.569834
0.330304 -0.691513 0.269759
-0.309143 0.54666 0.522471
-0.729048 -0.498807 0.28379
0.58443 -0.0958936 0.462798
-0.189318 0.505238 0.593074
-0.124484 -0.0729131 -0.822564
-0.0396958 0.436544 -0.804036
-0.678547 -0.47013 -0.141038
-0.527003 -0.475788 0.597223
-0.610122 0.151415 0.59132
-0.207074 0.701982 0.404745
0.193268 -0.584552 0.533111
-0.787864 -0.19744 0.283556
-0.813158 -0.111799 0.0426555
0.165004 -0.493362 -0.723169
-0.661093 -0.0618685 -0.582222
0.691461 -0.340961 0.278563
0.663637 -0.0436776 0.339366
-0.465245 0.58458 -0.464554
-0.0873188 -0.81397 0.223256
-0.666785 0.503128 0.188005
-0.784096 -0.213291 0.296494
0.549303 -0.540254 0.304527
0.610776 0.0741086 -0.651538
-0.487554 0.736741 -0.184968
0.1583 -0.807774 -0.0783631
0.338863 -0.443115 0.61667
-0.837412 0.191519 0.164739
0.337102 -0.554328 0.486953
0.467081 -0.0523823 0.609958
-0.0734492 0.303664 -0.846473
-0.268743 0.850976 -0.00217045
-0.52544 -0.716521 0.308428
-0.837005 0.226183 -0.050949
-0.342582 -0.61227 0.602988
-0.208787 0.505408 0.594409
0.830377 -0.265693 -0.0917923
-0.727232 0.488972 -0.15871
-0.768622 -0.400711 0.0123803
0.866687 -0.000503134 -0.0403024
-0.585835 -0.513809 0.520225
-0.324692 0.289707 0.724496
0.240479 0.682013 0.285432
0.00675861 0.29383 0.742738
-0.533594 -0.656476 -0.172765
-0.636472 -0.107572 -0.597302
0.443739 0.21323 0.513877
0.0205434 -0.784569 0.234204
-0.632909 0.541361 0.189332
0.731608 -0.323923 0.225283
-0.455641 -0.72933 -0.128382
0.495155 -0.706522 -0.0239502
-0.0796685 0.752355 0.345173
-0.270148 0.604589 0.480032
-0.736546 0.468222 -0.175581
-0.308052 -0.267175 -0.699362
-0.653571 0.165895 -0.573201
0.244588 -0.767169 -0.271773
-0.114576 -0.349844 0.814983
-0.110331 0.716641 -0.565021
-0.103225 -0.134985 0.895078
-0.770532 0.322939 -0.324581
-0.201879 -0.773348 -0.222002
0.184207 -0.0444134 0.807169
0.103589 0.245111 0.763911
0.0508091 0.837731 0.127088
0.610998 0.46149 0.064046
-0.0743619 -0.17491 -0.836889
-0.471393 0.0273377 -0.682078
0.762737 0.105936 0.129153
0.0592177 -0.739534 0.364923
0.366072 0.00106971 -0.822336
-0.792798 -0.111612 0.36385
-0.16714 -0.300097 0.842233
-0.569775 0.610037 0.181463
0.051994 -0.041778 0.856038
0.732286 -0.0449214 0.227274
0.411721 -0.142342 -0.817047
-0.280706 0.522111 -0.652036
0.743837 -0.235325 0.219968
0.760379 0.0258236 0.159609
0.168634 0.615259 -0.561079
-0.20844 -0.77732 0.426619
-0.532896 -0.707308 -0.0407451
0.381839 0.108266 -0.785351
-0.467158 0.364437 0.607044
0.746753 0.0685547 -0.471715
-0.306492 -0.632681 0.589339
-0.775226 0.325326 0.238077
0.2977 -0.0079261 0.730575
-0.48917 -0.770087 0.089514
-0.813536 -0.0467224 0.167461
0.750602 -0.429972 -0.0403348
0.678755 0.219388 0.211147
0.441946 -0.45542 0.512988
0.822416 0.0546485 -0.366066
0.130295 -0.755722 0.239323
-0.395073 -0.690668 -0.322145
-0.545915 0.388871 -0.578635
-0.188389 0.84408 0.126263
-0.104371 -0.813941 -0.06077
-0.628795 0.620285 -0.0129418
-0.361466 0.58983 0.446431
-0.332763 -0.456853 0.736566
-0.172497 -0.558202 0.678077
-0.335817 0.399827 -0.721017
-0.532192 -0.55928 -0.313575
-0.823002 -0.0215874 -0.0268212
-0.729354 0.275217 0.395161
-0.628221 -0.36145 0.534946
0.600608 0.469964 -0.22511
-0.738526 -0.257165 -0.360949
0.328574 -0.741698 -0.237635
0.300371 0.541723 -0.529675
0.248781 0.714905 -0.370682
0.613978 0.376276 0.204202
0.18 0.77217 0.186369
-0.668152 -0.56277 0.0493009
0.0773234 0.668547 -0.577684
-0.656562 -0.228743 0.535236
-0.394654 0.0851815 -0.715328
-0.197563 0.672055 0.443785
-0.41035 0.026483 -0.707331
0.0369548 -0.821021 -0.129284
-0.704804 -0.301378 0.456034
0.208641 -0.770577 0.0551798
-0.17613 0.598811 -0.641729
-0.263506 -0.795059 -0.041735
0.181837 -0.225043 0.79494
-0.224559 0.307995 0.749255
0.529546 -0.678582 -0.0165856
-0.133958 -0.513072 0.717982
-0.394229 0.0844629 -0.715488
0.664764 -0.48075 -0.345089
-0.78679 -0.136527 0.386366
0.131348 -0.377777 0.747222
-0.224868 0.680386 -0.523933
-0.0670565 0.904429 -0.0153175
-0.675364 -0.41749 -0.254843
-0.316652 -0.0641868 0.831884
0.269306 -0.198462 0.734579
0.794204 0.123756 0.0693736
0.489686 0.579321 0.10969
0.520728 -0.490946 0.388049
0.462623 0.425752 0.333548
-0.193907 0.87469 -0.265114
0.848617 -0.219118 -0.225458
-0.547233 -0.348407 -0.510074
-0.747915 -0.389358 0.353891
0.0276981 0.747368 0.336327
-0.0063203 0.842333 -0.341818
0.177812 0.771046 0.19132
-0.817483 0.017231 0.223199
0.595072 -0.573645 -0.31609
-0.273253 0.12797 -0.766762
0.570759 0.0779934 -0.684244
0.0381176 -0.826802 -0.101844
0.66777 -0.159437 -0.615754
0.668643 0.39701 -0.0167511
0.443294 0.545197 0.231439
0.198786 0.465292 0.564359
-0.429548 -0.78798 0.163526
-0.75513 -0.318534 0.380271
-0.776733 -0.312885 0.201506
-0.551576 -0.180791 0.658838
0.0840654 0.179477 -0.867137
-0.231566 0.488619 0.608972
0.418091 -0.268396 0.597486
-0.667755 0.104122 0.532248
0.229359 -0.0989817 0.787037
-0.17921 -0.205343 -0.786923
-0.763514 0.310849 -0.345363
0.334896 -0.545786 0.498616
0.188437 0.597077 0.420729
-0.410104 0.466056 0.547454
-0.298486 0.789293 0.199482
-0.313568 0.823793 -0.251459
-0.0829334 0.0798286 -0.844287
-0.164116 0.447585 -0.774723
-0.823481 0.0487389 -0.167414
0.0642216 -0.140677 -0.882882
0.0889821 0.860657 0.0360346
-0.161012 -0.820092 0.0686301
-0.454153 -0.0323571 -0.687626
-0.499838 0.24562 0.646299
-0.423769 -0.0383481 0.787932
-0.120339 0.465945 0.618653
0.599105 0.487497 0.0386492
0.570507 -0.547382 0.273152
0.878761 -0.160153 -0.108568
-0.658596 -0.454329 -0.236179
0.209091 -0.260694 -0.843512
-0.729097 0.289472 0.383613
-0.0783764 0.445107 0.631813
0.243012 0.509126 -0.612581
0.528078 -0.669018 0.0815409
-0.674393 -0.138576 -0.530907
-0.285535 -0.614805 -0.487988
0.530198 0.0213122 0.525805
0.557085 0.177298 -0.640873
-0.339172 -0.616193 -0.446306
-0.344022 -0.774719 0.384123
0.647907 0.428589 -0.140517
-0.790646 -0.251217 -0.118714
0.497423 0.627862 -0.124496
-0.246378 0.868107 -0.0365379
-0.701353 -0.0140357 -0.529755
-0.233797 0.890911 -0.121268
0.533777 -0.663704 -0.106453
0.311498 0.312276 0.57542
0.55406 -0.573914 -0.405488
-0.782551 -0.150904 -0.275423
-0.0688159 -0.804067 -0.15012
-0.512032 0.457653 -0.556422
0.69933 -0.301883 0.278246
0.168856 -0.77441 0.088416
-0.236507 0.7346 0.342028
0.115923 0.0730489 0.811905
0.790195 -0.0827824 0.13684
0.0667156 0.671937 -0.582516
0.515802 -0.534959 0.347901
-0.734456 0.170639 -0.449373
-0.180497 -0.412238 -0.686719
0.651947 -0.406198 0.307259
0.101704 0.573193 -0.657352
0.353026 -0.736625 0.0407302
0.184305 0.533168 0.49769
0.764168 -0.103572 -0.476724
0.633993 0.42764 0.0790174
0.8536 -0.188649 -0.231844
0.705419 0.237813 -0.391026
0.305807 0.533947 -0.533785
0.63603 0.416613 -0.241294
-0.470409 0.565938 -0.485859
0.593152 0.502379 0.0185986
-0.13758 -0.676645 -0.533658
0.52246 -0.207426 -0.733047
0.298139 -0.0295856 0.733211
0.853685 0.0309195 -0.040925
0.0505852 -0.787072 -0.267303
-0.245821 0.828091 0.122079
-0.229376 0.343507 -0.780036
0.774523 0.207516 0.00257872
0.549348 0.147077 -0.66439
-0.0575299 0.174028 0.825929
-0.348132 0.247037 -0.733286
-0.0258808 -0.818707 0.112427
-0.0405572 -0.016346 -0.856336
0.0292875 -0.823016 -0.115114
0.303209 -0.428633 -0.734618
0.0337798 0.367812 0.683907
0.0170567 -0.791611 -0.255409
0.151068 -0.464342 -0.743572
0.103659 0.33269 0.705905
0.181988 0.397516 -0.763368
-0.441513 -0.751517 -0.0954269
-0.401053 -0.777891 -0.00879959
0.366149 -0.577876 -0.548809
0.0200695 0.815083 -0.403448
-0.202858 0.369726 0.700255
-0.408931 0.282775 0.686404
0.0548454 -0.74446 0.353283
0.347858 0.514044 0.361409
-0.812692 -0.0642298 0.148619
-0.727314 -0.0947868 0.465186
-0.494396 0.713301 -0.22178
0.398739 -0.271132 0.612382
-0.792309 0.233517 -0.291016
0.177228 -0.802519 -0.141525
-0.329022 -0.228142 0.799947
-0.0719616 -0.598618 -0.605892
-0.537473 -0.663292 -0.147474
-0.0636163 0.172068 0.827647
0.670721 -0.509837 -0.215735
0.286388 -0.764962 -0.0197153
0.105772 -0.142423 0.843777
-0.442615 -0.237376 0.732134
-0.0988867 0.74654 -0.521675
0.224136 -0.65961 0.431054
-0.675887 0.533982 0.0891386
0.508347 0.394784 -0.479202
-0.634719 0.34859 -0.541321
0.388548 0.639356 -0.318679
-0.261707 -0.463894 0.739806
-0.591946 0.614603 0.126234
-0.122507 -0.635091 -0.570129
0.394977 0.632801 -0.319312
-0.595015 0.0987241 -0.630873
0.0658839 0.855191 0.0714316
0.54689 0.215432 -0.627837
-0.469854 -0.248485 -0.628507
-0.151024 -0.111686 0.892101
0.306541 0.0341573 0.719184
-0.521757 -0.318016 -0.55685
0.402884 0.375927 -0.619567
0.698642 0.0785986 -0.536151
0.813671 0.0246018 -0.389708
-0.0471912 -0.253419 -0.835616
0.0110801 0.165741 0.826376
-0.5976 -0.344017 0.575742
0.416739 -0.464746 0.532825
-0.427897 0.678104 0.283308
-0.620846 0.079455 -0.620218
-0.651634 0.0781445 0.552579
-0.373959 0.433993 0.59811
0.356973 0.486968 -0.540818
-0.135485 0.432943 0.645649
0.166288 0.555444 -0.624934
-0.0511793 -0.298919 -0.81081
-0.259388 -0.475727 -0.613458
0.232832 0.154115 0.747685
-0.561382 0.606421 0.205387
0.282411 -0.667227 -0.478156
-0.068316 0.799238 -0.425699
0.0189301 -0.610604 0.591715
0.303579 0.200935 0.656181
-0.619347 0.0865589 0.591258
-0.336489 0.611241 0.435996
0.518149 0.0451701 0.539938
0.667812 0.0829722 -0.57627
0.720571 0.103513 -0.496225
0.102929 0.439611 0.614202
-0.305992 0.823182 0.0516258
-0.51162 -0.733213 0.290518
-0.524152 0.387731 0.546506
0.023243 0.408663 0.652104
0.414043 -0.356107 0.577968
0.0918458 -0.366756 -0.806293
-0.814222 -0.0681404 -0.144526
0.812845 0.149547 -0.10694
0.389404 0.615126 -0.347979
-0.83664 0.224191 -0.0547673
0.642543 0.0396774 -0.624837
-0.238369 0.620007 0.480111
0.160349 -0.657312 -0.527265
0.249707 0.424948 -0.688354
-0.281237 -0.67761 0.544998
-0.0264704 -0.816688 -0.113406
0.0601472 -0.741333 0.358367
-0.125248 -0.458715 0.757386
0.0463924 0.640036 0.438857
0.228015 0.334363 0.636172
0.3711 -0.691408 0.232635
0.322979 0.133069 0.677634
-0.0156116 0.245206 0.776479
0.452181 0.309868 -0.63451
0.710843 -0.402757 0.200017
0.106692 0.578809 0.48299
0.00839527 0.505521 0.575589
0.570751 0.0637369 0.454361
0.319547 -0.756445 -0.019216
-0.226743 -0.24833 0.849084
0.116457 0.048232 -0.884471
0.282075 0.702845 -0.352912
0.0693384 -0.493241 -0.708407
0.30729 -0.629771 0.414897
-0.22139 -0.827019 0.224374
0.351443 -0.562759 0.467801
0.405058 -0.627903 0.355742
-0.511605 -0.594135 -0.302155
0.14742 -0.766235 0.160576
0.39793 0.220409 0.553199
0.859414 0.0481923 -0.142535
-0.704218 0.367728 -0.45828
-0.00873734 0.366954 0.687786
0.571812 -0.248411 -0.689443
0.684836 -0.11905 -0.603873
0.135194 -0.66831 0.466708
-0.824808 0.13541 -0.186125
0.121411 -0.654966 -0.541876
0.0577972 -0.829062 -0.060482
0.557954 -0.439845 0.394102
-0.383437 0.734452 0.224257
-0.00852175 -0.398438 0.777862
-0.318995 -0.00279745 -0.744363
0.45187 -0.270355 -0.752208
-0.443942 0.408354 0.585596
0.771591 0.0840926 0.121188
0.0261891 0.562698 0.519598
-0.436855 0.530258 -0.543984
-0.435778 -0.576052 0.588473
0.438455 0.283402 -0.670229
0.18657 -0.772581 -0.295473
0.499911 -0.382781 0.491954
0.347495 -0.592425 0.434585
0.634135 0.0833338 0.347873
-0.61717 0.146143 -0.614505
-0.00852085 -0.607476 -0.606954
-0.423578 0.417684 0.587475
-0.794541 0.143168 0.309404
0.141501 0.779909 -0.370033
-0.238318 0.696989 -0.490702
-0.493117 0.47129 -0.560763
0.663404 -0.532327 0.0817093
0.53993 -0.208936 -0.720474
0.578872 -0.440707 0.369188
-0.442477 -0.122383 0.764174
0.133835 -0.211185 -0.87154
0.0449857 -0.590345 -0.626164
0.14017 -0.507036 0.646455
0.801652 -0.211132 0.123495
-0.311077 0.0464035 -0.748956
0.358219 -0.6783 0.286361
-0.328559 0.643414 0.40402
-0.528347 -0.455871 0.605462
0.408869 0.313482 -0.669765
0.0071188 0.349779 0.700045
0.234608 0.292318 0.661215
-0.131764 0.519015 -0.724098
-0.293869 0.129137 -0.75823
0.836127 0.117486 -0.184966
-0.370818 -0.661017 -0.382777
-0.413671 -0.628562 -0.378142
-0.274645 -0.680301 0.543682
-0.303481 -0.352407 -0.658865
0.555005 0.54629 -0.167071
-0.0940178 0.125702 -0.840925
0.851183 0.075103 -0.168794
0.167429 0.63627 -0.540245
-0.258371 -0.590113 0.643412
-0.0202936 0.903693 -0.0724588
0.619978 0.00428955 -0.665486
-0.471152 0.626009 -0.403474
-0.283096 -0.786496 -0.098821
0.733741 -0.454985 -0.0209742
-0.757101 0.321937 -0.357354
0.321816 -0.289705 0.669685
0.651274 0.111499 0.309694
-0.45772 0.414382 0.572429
0.833871 -0.242442 -0.019754
-0.392681 -0.782854 0.0329721
0.4529 -0.68906 -0.226863
0.560088 -0.644678 -0.073328
0.0905578 0.723071 -0.510747
0.578675 -0.545605 -0.420079
-0.290469 0.863148 -0.207354
-0.506478 0.113499 0.689396
0.133807 -0.722652 0.350444
-0.635684 0.0654764 -0.608614
0.652534 -0.136422 0.367894
0.152074 0.0705074 0.798118
-0.000629143 -0.825128 -0.0838663
0.834568 0.0512261 -0.344005
0.320427 0.542358 -0.509433
-0.767573 -0.254264 -0.225385
-0.240002 -0.296282 0.831473
0.391164 -0.244793 -0.801285
-0.423438 -0.704846 -0.254838
-0.574483 0.530995 -0.450591
-0.417084 -0.306134 0.730099
0.0111606 0.795661 0.259926
0.338022 0.57824 -0.449024
0.113953 -0.647763 0.500995
-0.616625 0.631027 -0.186775
-0.00952367 -0.829072 -0.0351771
0.274747 -0.722229 0.218468
-0.650351 -0.515697 -0.141885
0.389591 -0.679623 0.253323
0.427003 0.244312 -0.715152
-0.658831 -0.555199 -0.0100457
0.315936 -0.0796078 -0.863297
0.554583 0.297453 -0.541336
0.112133 0.423165 -0.783528
0.266648 -0.679111 0.367411
0.0623678 -0.734623 0.377635
0.18375 -0.535777 0.593759
-0.695393 0.377482 -0.46416
0.442387 -0.272439 -0.75618
-0.55637 -0.312451 -0.533508
0.0328958 0.25774 -0.862942
-0.698203 0.0483738 0.496194
0.667652 -0.0747396 0.336277
0.147073 -0.687456 -0.492311
0.564062 -0.0433581 0.485943
0.304394 -0.00643201 -0.850912
0.422273 0.370598 0.424153
-0.17399 0.822192 0.207408
0.474973 0.613322 0.0744931
0.175097 -0.768961 -0.316426
-0.61229 0.582702 0.146854
0.283281 0.691619 -0.365294
-0.517659 -0.688738 -0.118567
0.121121 -0.199539 -0.875662
0.247839 -0.320146 0.720223
0.0651298 0.291768 0.740089
-0.237253 -0.821807 0.281681
0.654061 -0.28566 -0.576198
0.483095 -0.575576 -0.460853
-0.519281 0.661039 -0.286425
0.0623616 0.754058 -0.500809
0.563978 0.369534 -0.442972
0.617101 0.000500671 -0.670405
-0.769579 -0.397953 0.128781
0.331231 0.195219 0.633332
-0.252622 -0.24149 0.837516
-0.282162 -0.558621 -0.540245
-0.831618 0.248181 0.155556
-0.380051 0.272785 0.708725
-0.419138 0.67525 0.303167
0.0421616 -0.795971 -0.233628
-0.621851 -0.323413 0.552446
-0.268796 0.510002 0.579843
0.415229 0.361197 -0.621698
-0.537351 -0.141099 -0.63486
0.0711612 -0.800314 -0.211209
0.328922 0.622971 0.268913
0.688727 0.192341 -0.490096
0.720232 0.205771 0.161049
-0.134534 0.0896454 0.847294
0.174504 0.0835775 0.786794
-0.378209 0.508175 -0.603708
0.205291 0.827499 0.00602715
0.690173 0.367009 -0.0289506
-0.449514 0.166955 -0.691778
0.00265554 0.899654 -0.0696401
-0.83642 0.0971368 0.0376249
-0.190128 0.717338 0.395484
-0.552638 -0.446662 -0.407084
0.823531 -0.0606497 0.0798648
-0.0794197 0.484236 -0.76258
-0.66735 -0.416708 0.468778
0.669092 0.286201 -0.388577
-0.567733 0.607555 0.190527
0.183278 0.645978 0.367742
0.609601 -0.0581267 0.422765
0.205008 0.813474 -0.161052
-0.164116 -0.7091 0.537494
0.534622 0.431673 -0.401221
0.25722 0.764829 -0.259434
-0.489599 0.586227 -0.443077
0.384778 -0.745426 -0.120818
0.10391 0.70552 0.355061
0.338601 -0.458469 -0.685368
0.453385 0.448935 -0.478579
-0.506132 0.526555 -0.50341
0.748956 0.285536 -0.0807875
0.16294 0.386876 -0.785739
0.288685 0.644228 -0.417264
-0.342599 0.618875 -0.514714
-0.377979 -0.315229 -0.640577
-0.460981 -0.753266 0.306358
-0.344546 -0.759986 -0.194446
-0.72846 0.294709 0.380124
-0.630558 0.626741 -0.0988386
-0.0519182 0.854795 -0.311669
0.632532 0.134268 0.32946
-0.29876 0.445035 -0.717864
-0.826198 0.105988 -0.183103
-0.358066 0.827039 -0.0742452
0.810174 0.125936 -0.0104248
0.346096 -0.186093 -0.83952
0.59025 0.197207 0.350227
-0.0766308 0.471465 0.610647
-0.58223 -0.457882 -0.35962
0.348378 -0.245235 -0.820345
0.767156 0.192224 -0.340961
0.159374 0.438341 -0.742348
-0.248572 0.277647 -0.774662
-0.312488 -0.501675 0.705691
0.548618 0.498665 0.136776
-0.282737 -0.119773 -0.75501
0.615078 0.323046 -0.436883
-0.0947388 -0.0780663 -0.833449
0.114776 -0.166652 0.835965
0.116818 0.639243 -0.576987
-0.734387 -0.242536 0.434605
0.630111 0.00336601 0.385012
0.623171 0.118887 0.350312
0.073631 -0.817701 -0.141994
0.35862 -0.742585 0.00162421
-0.777835 -0.304645 0.204572
-0.506056 -0.477923 -0.431566
0.609276 0.0390153 0.404672
0.435026 0.242552 -0.709382
0.562237 -0.627535 -0.171015
0.428245 0.414515 -0.552099
0.0714236 -0.185204 -0.883141
-0.492726 0.517818 0.446204
-0.573828 0.24357 0.586879
0.0166628 -0.018027 -0.877629
-0.151778 0.856709 0.119372
-0.0477394 0.340558 0.711406
-0.758706 -0.433461 0.063888
-0.26478 -0.762699 -0.23669
0.196053 -0.253816 -0.84873
0.292895 0.043764 0.726711
-0.791264 -0.132486 -0.255502
0.0213977 0.331774 0.713072
-0.43462 0.344053 0.63896
-0.393795 0.637756 0.374065
0.498508 -0.530583 0.371997
0.18889 -0.395678 -0.79016
0.111529 0.865289 -0.0312446
0.456422 0.120685 0.561115
0.637054 0.307869 0.214538
-0.556342 0.238529 -0.644345
-0.481953 0.354078 -0.64583
0.401693 -0.382 -0.711464
0.768085 0.24182 -0.0616985
0.164542 0.264399 -0.827859
0.702968 -0.183173 -0.56074
-0.591271 -0.0452129 -0.630524
-0.185928 -0.065779 0.875424
0.205408 0.489713 0.532478
0.0522208 -0.582796 0.606428
0.135218 -0.806649 -0.0404142
-0.569874 -0.0501637 -0.639249
-0.770509 0.153759 0.367428
-0.433306 -0.531407 -0.445571
0.349342 -0.341678 0.634639
0.131634 0.813049 0.122663
-0.663295 -0.0900784 -0.567822
-0.257945 0.593735 0.49901
-0.446628 -0.481674 0.651476
-0.0687066 -0.645131 -0.567978
-0.0408562 -0.110479 -0.852173
-0.814438 -0.00867814 0.22247
-0.68138 0.512253 0.126122
-0.0195205 0.381879 0.676907
-0.425467 -0.537329 -0.446856
0.422766 -0.551986 -0.535981
0.0839547 -0.76164 0.268629
-0.0637489 0.29256 -0.851652
0.83218 -0.0406186 -0.344971
0.3109 -0.232543 0.692649
0.187191 -0.411803 0.708004
0.621642 0.227223 0.286985
0.432561 0.046341 -0.778723
0.10154 0.251869 -0.84687
0.744042 0.136298 0.151167
0.435558 0.643951 0.104194
-0.604768 -0.608686 0.380683
0.231402 0.711251 -0.391971
-0.0457791 0.686082 -0.597101
-0.452418 -0.436523 0.666429
-0.141629 -0.829479 0.196989
-0.235768 -0.113704 -0.775824
0.880081 -0.131102 -0.176405
0.815116 -0.25912 0.0427306
-0.233551 0.446986 -0.757786
0.618383 -0.570757 -0.191444
-0.354494 -0.586439 -0.461078
0.828971 0.126674 -0.254836
0.832766 -0.2825 -0.195259
0.280698 0.12496 0.719188
-0.01338 -0.678122 0.530831
0.468446 0.616839 -0.244494
-0.41161 0.0390079 0.779105
-0.468241 0.391127 0.589095
-0.732748 0.470622 -0.197299
0.158722 -0.691103 0.420875
-0.798124 -0.245013 -0.022499
0.371669 -0.685112 -0.370287
-0.402467 0.419854 0.596494
0.737856 -0.179206 -0.508972
-0.274628 0.710193 0.353736
-0.267351 0.661087 0.417754
-0.0294904 0.174301 -0.868674
0.642317 0.434437 -0.154222
-0.0144603 -0.781116 -0.293402
-0.340341 0.606801 -0.52868
-0.334056 -0.699968 -0.344915
-0.734612 -0.0818896 -0.464523
-0.416944 0.662988 -0.39593
0.0906619 -0.137832 0.848619
0.654297 0.0668297 -0.600074
0.39509 -0.627348 -0.462448
0.127827 0.794766 0.174281
0.165552 -0.747809 0.233792
-0.0959736 -0.344733 0.815056
-0.578639 0.210273 0.595437
0.154516 -0.788109 0.0351383
-0.142067 0.906876 -0.137097
-0.455894 -0.186058 -0.660718
0.228038 -0.309709 0.737592
0.273804 0.0589239 0.73701
-0.65061 0.472781 0.299352
0.184778 -0.655184 -0.522743
-0.399375 0.0834973 0.770648
0.297384 0.146836 -0.814212
0.170689 -0.604981 -0.591686
0.579711 -0.634947 0.0205024
-0.747749 0.427589 0.0896541
0.281229 -0.173193 -0.853511
-0.556228 -0.0473297 -0.644973
-0.184542 -0.509066 0.715451
-0.240501 -0.597745 -0.537048
0.266347 0.552051 -0.549721
0.642708 -0.54571 -0.184478
0.0531984 -0.536212 0.653783
0.0408028 -0.0215291 0.857145
-0.725561 -0.424453 -0.0800007
0.5053 0.607394 -0.191201
-0.03815 -0.803303 0.213945
0.0375321 -0.80166 0.120789
-0.213231 -0.660316 0.582572
-0.557288 -0.668176 0.348498
0.219137 0.819303 -0.0602287
0.90233 -0.0747145 -0.0866668
0.0302442 -0.0278549 0.861282
-0.323452 0.846612 -0.0930616
0.737698 0.156023 -0.441855
0.126512 -0.0401783 0.829138
0.69202 0.153672 -0.518142
0.549615 0.503301 0.124895
0.0671867 -0.725313 0.400021
0.145386 -0.254645 -0.858711
0.099831 0.843342 0.071782
0.493528 -0.660665 0.218479
0.337357 0.220241 0.611397
-0.43872 -0.156271 0.758102
-0.569279 0.560703 0.282297
0.575746 -0.349116 -0.632558
0.611291 -0.546849 -0.356452
0.413994 0.380497 -0.605637
-0.822765 0.0699964 0.232631
-0.704241 -0.388512 0.430026
-0.656367 -0.284222 -0.447875
-0.784394 0.0917878 -0.362423
0.191303 0.818005 -0.175044
0.473729 0.651484 -0.172006
-0.342617 0.105028 0.781551
-0.71324 0.485161 -0.260385
0.0769941 -0.71223 -0.4768
-0.515092 0.66131 -0.291897
-0.360609 -0.6008 0.610847
0.851829 0.0454642 -0.27565
0.536892 0.264129 -0.597801
0.634278 0.411164 0.112551
-0.161328 -0.656568 0.597263
-0.509703 -0.666522 -0.192047
0.696296 -0.000575108 0.27809
-0.379494 -0.348878 -0.622943
0.78578 -0.159193 -0.409957
-0.0605137 -0.701027 0.522227
0.0726538 -0.827766 -0.073546
0.707307 -0.340431 -0.456267
-0.569012 0.676312 -0.126345
-0.735903 0.402234 -0.353488
0.615225 0.364452 -0.371844
-0.651052 0.437753 -0.463235
0.159969 0.781362 -0.343958
0.231506 0.659306 -0.454585
0.567814 -0.60377 -0.291076
0.067933 0.356491 -0.822193
-0.4926 -0.510032 -0.414942
-0.193851 -0.283074 -0.748014
-0.525756 0.460235 0.477959
-0.424548 0.787634 -0.0428383
-0.347462 -0.796084 0.100323
0.270457 -0.428728 0.668851
0.510773 0.533892 0.153362
0.480078 -0.377201 0.511666
-0.224577 -0.602968 0.63697
-0.270133 -0.785834 0.398337
0.325416 0.491585 -0.565888
-0.649228 -0.552155 -0.05798
-0.504032 -0.216051 -0.627833
0.648095 -0.378221 -0.525152
0.639123 -0.0836655 0.383792
-0.743453 0.401245 -0.339605
-0.0548194 -0.829956 0.0844924
0.150024 0.548198 0.501634
-0.33321 0.0268362 0.807843
-0.178501 -0.803932 -0.0634564
0.180607 0.829865 -0.145729
0.776731 -0.220635 0.165066
0.655323 -0.187939 -0.620138
-0.206361 -0.737904 0.488176
0.119992 -0.771417 -0.316672
-0.329648 -0.135395 0.819484
0.102733 -0.123911 -0.889275
-0.445801 0.0414455 -0.693042
-0.260628 0.319633 0.735132
0.441545 -0.227066 0.587024
-0.596051 -0.425962 -0.375606
-0.106609 -0.75879 -0.343608
-0.166796 0.821223 0.216827
-0.111107 0.693722 0.416357
0.544053 0.190853 0.419542
0.345376 -0.658437 -0.448864
-0.582359 -0.614763 -0.159064
-0.309002 -0.791376 0.362553
-0.27233 0.80128 0.185299
0.560462 0.416746 -0.388381
-0.71335 -0.476241 -0.00513713
-0.571161 -0.397247 -0.435321
-0.80602 0.294003 0.189938
0.266401 0.377886 0.568491
0.238513 -0.337101 0.722143
0.151211 -0.409605 -0.784151
-0.627447 -0.502637 0.475772
-0.484102 0.754688 -0.0412257
0.263394 -0.114382 0.760194
0.0656394 0.866856 -0.236079
-0.376565 -0.72266 0.451841
-0.555737 0.0258596 -0.647022
0.0465363 -0.536858 0.655973
-0.619678 -0.295602 -0.480755
-0.377684 -0.189663 -0.696923
0.237818 -0.473963 0.63708
0.0567207 -0.042803 0.854655
-0.813461 0.330079 -0.0242676
-0.610657 -0.494621 -0.28107
0.529542 0.014429 -0.742162
0.134601 0.459211 -0.741306
0.0148659 -0.579903 0.625393
-0.142228 0.199099 -0.82286
0.0814127 -0.534877 -0.678587
0.409087 0.412829 -0.577522
0.750698 -0.178823 -0.480958
-0.224422 -0.824063 0.286046
0.111134 -0.447583 -0.749502
0.448243 0.496397 0.276603
-0.00290781 0.37028 0.68474
-0.275776 -0.569012 -0.535867
0.395628 -0.328798 -0.747754
0.558948 0.272129 -0.565876
0.715787 -0.13978 -0.553237
0.495241 -0.40015 0.491624
0.211149 -0.599268 0.507201
0.718229 0.0952379 -0.502975
-0.67447 -0.59993 0.281698
0.431085 -0.67514 -0.310495
-0.554517 0.0986682 0.655546
-0.713213 0.362144 0.338008
-0.488564 0.736691 -0.177593
-0.113011 0.220905 0.799366
0.408381 0.0770009 -0.781568
0.0859264 -0.79213 -0.240908
0.303918 0.0320014 -0.842767
0.674031 -0.0492108 -0.611589
0.114331 -0.463726 -0.738047
0.873996 -0.127718 -0.217612
-0.42595 0.52167 -0.5596
-0.339196 0.215034 0.747514
-0.225367 -0.813652 0.0877159
-0.486862 0.491531 0.476961
0.53145 0.00549222 0.525151
-0.335936 0.692276 0.340704
0.0330409 0.658113 0.424094
0.0534438 -0.472121 0.719406
0.539924 -0.499955 0.35699
0.556281 -0.573914 -0.403686
-0.738599 -0.451298 0.0294121
-0.195426 0.574657 0.536787
0.20614 0.418094 0.594379
-0.453223 -0.18832 -0.66134
-0.590645 -0.0276465 -0.631244
0.651812 -0.271293 -0.587064
-0.680347 -0.458131 0.435167
-0.48008 0.710066 -0.249932
0.026957 -0.824033 0.0100683
0.86908 -0.0063536 -0.03997
-0.777296 -0.0336341 0.387508
-0.816759 0.141515 -0.242117
-0.160087 0.532884 0.568819
0.0725798 -0.516612 0.665583
0.511091 0.155728 -0.692755
-0.775113 -0.223682 0.366487
-0.623966 -0.297881 0.556633
-0.658703 0.0286213 -0.585093
0.835352 -0.0526371 0.0570504
-0.663541 0.504902 -0.365776
-0.521453 0.583404 -0.421634
-0.566538 0.104301 0.643729
0.815359 -0.0518835 -0.381906
-0.384711 -0.614045 0.586205
0.420374 -0.128415 -0.812624
0.604822 -0.537897 0.242649
-0.332194 -0.576351 -0.486823
-0.579918 -0.282792 0.609277
-0.535874 -0.373854 -0.497462
-0.108063 0.375139 0.688865
-0.32552 -0.315747 0.781406
-0.181826 0.896891 -0.181495
-0.460856 0.233402 -0.685458
-0.35615 -0.265624 0.776772
0.49697 0.463177 0.260714
0.61119 0.448604 -0.239039
-0.604259 -0.646044 0.312002
-0.306415 -0.309352 -0.679012
-0.810783 -0.0298429 0.239527
-0.179409 0.156573 0.81532
0.634101 -0.155207 -0.64878
-0.332525 -0.768645 -0.168767
0.238295 -0.388675 -0.784626
0.719092 -0.445173 -0.248336
-0.810064 -0.0896533 -0.193096
-0.693499 0.471101 0.187984
0.370269 0.359801 0.485947
-0.304283 0.456859 -0.70262
0.669227 -0.507882 -0.23244
0.443671 -0.385872 0.542819
-0.0950417 0.638143 -0.636168
0.312449 -0.639661 0.399757
-0.605294 -0.191986 -0.587873
-0.743316 -0.467222 0.221009
0.385522 0.714456 -0.152715
0.421774 0.149206 0.576037
0.543602 0.573885 -0.0598316
0.26217 -0.27262 0.721821
0.779972 -0.171704 -0.416739
-0.694535 -0.48931 -0.0462072
0.601225 -0.291353 -0.644851
0.805161 -0.334086 -0.147421
0.045011 -0.333627 -0.822911
0.069266 -0.715435 -0.470343
-0.437846 0.333402 0.643089
-0.834455 0.215859 -0.0765186
-0.506366 0.721979 -0.179094
-0.692176 -0.594055 0.242743
0.394261 0.585427 -0.379411
0.496215 -0.466197 -0.573036
0.732788 0.140905 -0.463271
0.208296 -0.539346 -0.665134
0.329334 -0.367204 0.644382
-0.741798 -0.00831018 -0.459562
-0.74836 -0.343971 0.382995
-0.788215 0.138269 0.328579
0.381721 -0.405832 0.592666
-0.672884 0.294458 -0.530943
0.200678 -0.0298279 -0.879816
-0.00730754 -0.227142 -0.859552
-0.107821 0.369694 0.693112
-0.793701 -0.219943 0.154711
0.590446 0.11201 -0.648253
-0.846397 0.185382 0.0866297
-0.796569 -0.214989 -0.139501
0.421131 0.705008 -0.0116234
-0.245755 -0.589482 0.645298
-0.455432 -0.74017 -0.0996643
-0.777538 -0.218508 0.351555
-0.537908 -0.374511 -0.495246
0.00969332 -0.75863 0.349512
0.306435 0.265717 -0.774801
-0.240968 0.618984 0.479836
-0.589758 0.0155492 0.629362
-0.626792 0.578852 0.116304
-0.623245 -0.439468 0.516402
-0.796541 0.322108 -0.228401
-0.248593 0.881149 -0.177877
0.738747 -0.350467 -0.393354
0.189372 0.714782 0.283719
0.728369 0.277528 0.0985435
-0.445789 -0.32258 -0.603264
-0.370248 0.747374 0.215302
-0.769965 -0.223925 0.385913
-0.200442 0.85195 -0.307783
0.315228 -0.588294 0.459821
0.801267 0.171754 -0.0889362
-0.279672 -0.705952 -0.370376
-0.422647 0.416488 -0.648342
0.257486 -0.776325 -0.0410174
-0.461883 0.0706392 0.741105
-0.467768 -0.689485 0.415684
-0.641032 0.484934 0.293702
0.147493 0.34605 -0.810382
-0.306308 -0.273016 -0.697296
0.401431 0.158927 -0.761603
0.532645 0.244751 0.395974
-0.437904 0.65338 0.322602
0.659376 -0.415938 -0.470161
-0.848261 0.202426 0.0749659
-0.338125 -0.773165 -0.143518
-0.791547 -0.155832 0.302956
0.627638 0.0890414 -0.625333
0.4693 -0.188189 -0.774532
0.548402 0.330456 0.319098
0.575869 -0.636263 0.0362011
-0.438083 -0.683351 0.450617
-0.775621 -0.374825 -0.0169553
-0.266366 -0.475753 -0.61045
-0.825703 0.232313 -0.148121
-0.159306 -0.361409 -0.72584
0.0866651 -0.293164 0.804254
-0.658292 -0.492252 -0.16253
-0.0431379 -0.100581 0.890713
0.146571 0.74941 0.273963
-0.147545 0.694936 0.422149
-0.536938 0.412937 -0.5688
0.481984 -0.579159 -0.457454
-0.507458 -0.505646 -0.401399
0.00065948 0.262076 0.764254
0.78386 -0.0740269 -0.443495
-0.526178 -0.533493 -0.350069
-0.13347 0.0251146 0.865852
-0.116965 -0.710326 -0.460649
-0.607966 0.637229 0.027184
-0.539246 0.533709 -0.475035
-0.0832633 -0.0809912 -0.837608
0.461197 -0.453375 0.492748
-0.675836 -0.213932 -0.490098
0.0204126 0.0899491 0.846402
-0.825827 0.0150165 0.0930718
0.423705 -0.424775 0.550818
0.536245 -0.580109 -0.412383
-0.339297 0.831336 -0.054087
0.106182 0.651019 -0.573148
-0.620444 0.225138 0.555862
0.501003 0.613011 -0.191101
-0.178756 -0.259226 -0.767464
-0.144139 0.639121 -0.621624
-0.510054 -0.467776 -0.437128
0.33748 -0.197577 -0.83868
0.372637 -0.23271 -0.818333
-0.280323 -0.365882 0.793792
0.0689691 0.442923 0.618786
-0.092127 -0.610984 0.63812
-0.650833 -0.624026 0.151802
0.101355 0.746854 -0.475271
0.256557 0.333229 0.610649
0.712038 0.0920252 0.220589
-0.0814176 0.272929 -0.846567
-0.489543 -0.466906 -0.455242
-0.824378 0.154165 -0.184056
0.565269 0.338899 -0.478417
0.600038 0.327119 -0.450666
-0.359022 -0.490237 0.70864
0.275309 0.572084 -0.517356
0.804738 0.175689 -0.128384
-0.35612 -0.238553 0.783094
0.037932 0.459701 0.609751
-0.11925 -0.741063 0.470851
-0.664017 -0.114928 -0.555802
0.223884 0.760228 0.17793
0.114359 -0.776536 0.150496
-0.161826 0.101106 0.836163
0.20569 0.745924 0.23215
0.266526 -0.55673 -0.625411
-0.382468 -0.0783478 -0.716069
0.198517 0.646246 0.356625
0.0738076 -0.139386 -0.884416
-0.709726 0.233187 -0.486764
0.0578459 -0.692019 0.475178
-0.578847 -0.605543 -0.194624
0.129387 -0.584854 0.565164
0.273691 -0.782032 -0.164476
-0.785419 -0.303458 0.129213
-0.196702 -0.0847993 -0.792792
0.107841 -0.70891 -0.475522
-0.318387 0.814217 0.0682077
0.24512 -0.0349939 0.768219
0.507456 0.300306 -0.591529
-0.0843489 -0.551269 -0.638974
-0.246433 -0.815554 0.3467
0.454895 0.67499 -0.115695
0.523125 0.437469 -0.407988
0.0313592 0.0301802 -0.881064
-0.42857 0.0509293 0.767189
-0.51027 0.333763 -0.636445
-0.57489 0.612505 -0.296963
0.367256 0.31307 -0.701707
-0.373771 0.536859 0.496923
-0.165548 0.810413 0.251689
0.0433165 0.503068 0.571798
-0.79986 -0.0230289 -0.332156
0.0237263 0.840524 0.135694
0.374553 -0.728644 0.0540383
-0.765224 0.234448 -0.365396
-0.0976123 0.390354 -0.811896
0.779162 -0.0246354 0.144072
0.147916 -0.384975 0.737243
-0.648671 -0.100183 0.562174
-0.462695 -0.716175 -0.150415
-0.414595 0.779839 0.0153498
-0.0367159 0.591823 0.50344
0.203242 0.5319 -0.620264
-0.434144 0.424074 0.575814
0.240879 0.258166 0.679575
0.249996 0.794824 -0.133382
-0.51974 0.545803 -0.474318
0.748128 -0.0564346 -0.512364
0.450083 -0.387137 0.53659
0.311054 0.422846 0.489601
0.483743 0.599629 0.081989
0.843488 -0.0578485 -0.318256
0.354819 -0.645416 -0.462868
-0.458676 0.506142 0.478751
0.724873 -0.00678026 0.231183
-0.432453 0.535109 0.464716
-0.763798 0.391892 0.114057
-0.323901 0.560585 -0.585699
-0.383353 -0.161273 -0.702388
0.00209962 0.783935 0.291889
-0.653618 0.598625 -0.0524975
-0.796189 0.290801 0.234878
-0.719052 -0.062427 -0.492945
-0.212977 0.878682 -0.25532
0.65027 0.0270253 0.345923
-0.355927 -0.16051 0.801375
0.52086 -0.668241 -0.153656
-0.199185 0.896963 -0.175604
-0.332141 0.407061 0.645302
-0.228843 0.3669 -0.779249
-0.446885 -0.464198 -0.492218
-0.086023 0.117849 -0.844025
-0.656682 -0.430739 -0.288743
-0.533971 -0.574114 0.504264
-0.45358 0.534825 -0.528694
-0.646446 -0.621536 0.125741
-0.658182 -0.593828 0.319992
-0.591113 0.448433 -0.505957
0.0889639 -0.422003 -0.764726
0.165771 -0.447104 0.695413
-0.741609 0.232043 0.400143
0.167228 -0.527826 0.611237
-0.376056 0.736342 -0.327251
0.0554407 -0.789557 0.160808
0.314006 -0.370794 0.655318
-0.184693 0.348205 0.715745
-0.408467 -0.342345 0.725681
-0.123851 -0.757259 0.439388
-0.793946 0.134789 0.31497
0.160602 0.0500753 0.798616
0.14481 -0.706503 0.391649
-0.337927 0.471766 0.581118
-0.657261 0.601269 -0.123363
0.053246 0.523055 -0.732619
-0.0293924 -0.74265 -0.413714
-0.297981 0.580497 0.491923
-0.552589 0.703022 0.0169071
-0.364442 -0.693056 0.498041
-0.206176 0.856459 0.0637134
-0.281685 -0.571333 -0.529357
-0.0108343 -0.421751 -0.747841
0.309425 -0.606106 -0.548994
-0.572812 0.649095 -0.228333
-0.446111 0.286989 -0.689523
-0.513319 -0.618266 -0.272966
-0.203 -0.526079 -0.606355
-0.568139 0.0251144 0.655128
0.347787 0.676436 0.194566
-0.199437 0.650416 0.467196
0.073432 -0.806698 0.0439564
-0.0491906 0.636418 -0.64295
-0.00613742 0.798412 -0.434744
0.66051 0.360856 -0.284159
-0.577878 0.161566 0.613969
-0.612241 0.497544 -0.450681
0.0788961 0.332272 -0.829033
-0.149215 -0.045874 -0.81349
-0.389252 -0.773717 -0.0801136
-0.610891 0.620355 0.0604988
0.283721 0.748503 0.154198
-0.161641 0.590193 0.519187
0.391122 0.334118 -0.665318
0.18142 -0.732178 -0.424084
0.319234 -0.631455 -0.511277
-0.726376 -0.00406598 0.461204
-0.27105 0.0246218 0.826387
-0.147729 0.12299 -0.81862
-0.319439 0.363811 -0.740523
-0.183105 -0.522597 -0.617048
-0.791538 -0.30434 -0.0145912
0.271101 0.420352 0.532294
-0.682318 0.325334 0.418759
0.27133 -0.0962899 0.757268
0.540611 0.183 0.429341
-0.39105 0.106958 0.766036
-0.781439 -0.258212 0.247192
-0.133236 -0.0534446 -0.819902
-0.805706 0.333912 0.0691849
0.503375 -0.269984 -0.723979
0.53184 -0.227271 -0.722106
0.503841 -0.425612 -0.607716
-0.270308 -0.674366 -0.446771
0.476221 -0.309375 -0.715035
0.270574 -0.390886 0.683646
-0.24266 0.785924 -0.36617
0.243947 -0.679999 -0.473115
-0.697295 0.152458 -0.518808
-0.500619 0.377288 0.577983
0.297945 -0.701238 -0.414812
-0.368657 -0.22403 -0.690957
-0.0668481 -0.621381 -0.589545
-0.64411 0.569717 -0.275496
0.355917 0.709189 -0.263689
-0.179748 0.125109 0.824168
0.751093 0.24166 -0.295831
0.280121 0.0759059 0.730637
-0.32328 0.67966 0.363934
-0.369857 -0.763557 0.395459
0.316822 -0.220592 0.690848
-0.706034 -0.573744 0.243519
0.0537119 -0.822011 -0.015206
-0.475438 0.567605 0.406038
0.689171 0.3568 0.0828148
0.625558 0.458709 -0.0625157
0.0139303 0.830982 -0.367221
0.0766851 0.577669 -0.672397
0.511353 -0.498166 -0.531005
0.716837 -0.301067 -0.468946
0.463091 0.557029 0.197038
-0.587521 0.328818 -0.584433
-0.181163 -0.679644 0.567794
0.483731 0.29483 -0.619857
0.382852 0.735254 -0.0499965
0.67313 -0.379078 0.293957
0.312722 -0.677262 0.331242
-0.0281584 0.821087 0.216749
0.276057 -0.240579 0.718698
0.312127 -0.445493 -0.715375
0.00588148 -0.259563 -0.858851
-0.376721 -0.699341 0.483677
0.0639962 -0.729832 0.391352
0.0685365 0.0135564 0.841857
0.867973 -0.179516 -0.168358
0.398638 -0.267317 0.61341
-0.602515 -0.605602 -0.101632
-0.030198 -0.811038 0.161501
-0.755182 -0.0792817 -0.433485
0.85177 -0.229322 -0.145704
0.578497 0.438536 -0.323586
0.247655 -0.424596 -0.764831
0.529557 -0.663199 0.119581
0.119251 0.311085 0.721863
0.556861 -0.198175 0.486203
-0.768536 -0.357496 0.206602
0.619416 -0.397105 0.35746
-0.272828 0.607975 -0.570672
0.761857 -0.226595 -0.42894
-0.638269 0.611741 -0.0264739
0.393743 0.592486 -0.371192
-0.172829 0.88933 -0.0185881
0.370623 -0.747733 -0.137269
0.0527247 -0.623217 0.56014
0.0980164 -0.200133 -0.879211
0.459231 -0.213829 0.574291
0.22657 -0.422534 -0.771319
0.445945 0.557287 -0.352524
-0.182094 0.18687 0.805931
-0.499474 -0.694532 -0.138105
0.582611 -0.449106 0.356923
0.678329 0.182412 -0.524585
0.811594 -0.27327 0.031811
-0.0538409 -0.750272 -0.390405
0.383664 0.211302 0.572726
-0.244748 0.746438 0.318827
-0.515743 -0.534944 0.56453
-0.379593 0.733411 -0.328265
0.555594 0.108351 0.455042
-0.2638 0.73987 0.317618
-0.23399 -0.515334 0.704902
0.10315 0.722196 0.336282
-0.191771 -0.732716 0.497977
-0.568038 0.451537 0.44005
-0.0562866 -0.601386 -0.606516
0.671152 -0.398869 0.288715
0.128052 -0.41246 0.728567
0.457331 -0.716133 0.00390726
0.838872 0.0601783 -0.0206151
0.181865 0.76863 0.193998
-0.499183 -0.022957 -0.669238
-0.832977 0.129331 -0.116255
-0.738986 -0.45753 0.326701
-0.72855 0.4881 -0.151358
-0.691816 -0.466947 0.415487
-0.00217515 -0.467247 -0.715498
-0.483868 -0.0746656 0.75023
0.0889565 -0.308376 -0.847427
0.431823 0.322689 -0.641193
0.00556633 0.77167 0.30823
-0.506304 -0.662176 -0.209942
-0.801539 0.193396 -0.275348
-0.684872 0.412059 0.342763
0.0183893 -0.820793 -0.119575
0.271034 -0.378199 0.686684
0.170407 -0.40087 -0.791062
0.0409205 -0.714129 0.438159
0.241276 0.740682 -0.342576
0.460169 0.505234 0.255295
0.24752 0.573472 -0.542328
-0.397026 -0.787533 0.0958554
-0.527273 -0.339732 -0.533733
0.735108 0.180089 -0.419931
-0.372199 0.643848 0.379294
-0.750703 0.0806777 -0.431812
0.630202 0.232781 -0.528113
-0.732248 0.385759 -0.380615
0.000348987 0.812528 0.222329
-0.136356 -0.513343 -0.642839
-0.585127 -0.523795 0.513631
0.305143 -0.728587 0.147759
0.456657 0.296519 0.4447
0.000701523 0.901274 -0.0902581
-0.173861 -0.175233 -0.79474
-0.00645528 0.234149 -0.878458
-0.696034 -0.267289 -0.417081
0.215494 0.318832 -0.800446
-0.762917 -0.00723758 -0.421906
-0.791389 -0.169224 0.281185
-0.401936 -0.385931 0.717702
0.512116 -0.248478 0.516469
0.609581 -0.599608 -0.0707826
-0.0508419 0.903776 -0.157696
-0.20901 0.280153 -0.791523
0.571004 -0.134095 0.482497
-0.689452 -0.424082 -0.196647
-0.466675 -0.770819 0.0410871
-0.34453 -0.472226 0.723746
0.666461 -0.350496 0.312045
-0.810518 0.34476 -0.114523
-0.529937 0.463591 0.470593
-0.692496 0.558202 -0.109386
0.234852 0.78974 -0.197608
-0.76353 -0.419731 0.148023
-0.703368 0.181593 0.472028
0.681151 0.184159 0.229885
0.843801 -0.148982 0.0525199
0.552712 -0.343601 -0.6495
-0.437984 -0.780812 0.235626
0.597083 -0.146175 0.449498
0.565548 -0.63196 -0.122929
-0.701692 -0.536329 0.116576
-0.667256 0.579577 -0.0339297
0.640424 0.226434 0.260921
-0.141617 -0.790707 -0.172682
0.366446 0.422295 -0.605069
0.337807 0.167245 -0.789662
0.401832 0.264126 0.521397
-0.359492 0.326708 0.693111
0.575597 0.201718 0.368114
-0.268191 -0.483432 -0.604898
0.361404 -0.716441 0.136387
-0.791039 -0.270345 -0.0908301
0.799856 -0.345955 -0.147355
-0.394387 0.287357 0.692683
-0.782054 -0.332629 0.116711
0.146167 -0.236824 -0.86414
-0.0358808 -0.609476 0.616799
0.291971 -0.560981 -0.612365
-0.792663 -0.26074 0.0967915
-0.0646156 -0.824732 -0.00765772
-0.653526 0.537208 0.142738
0.149307 -0.6418 -0.550568
0.435661 -0.215363 -0.792119
0.13104 0.842287 -0.21549
-0.175108 -0.435224 -0.674751
-0.217761 0.340219 0.724495
-0.744338 -0.24807 -0.345395
0.424493 -0.725318 -0.13046
-0.00654703 0.646346 -0.632002
-0.212206 -0.786783 -0.150646
-0.401965 0.440798 0.576969
0.763276 0.180839 0.103532
-0.182116 0.579156 -0.657679
0.418825 0.0909537 0.614058
0.879597 -0.0337859 -0.0329873
-0.179835 0.265196 -0.804687
0.551565 0.399175 0.267491
-0.781866 -0.339508 -0.0408884
0.0841525 0.801487 0.196284
-0.484647 -0.495682 0.618064
-0.807642 0.144874 -0.276383
-0.213535 0.438775 -0.771739
0.246981 -0.13961 -0.866241
-0.382559 -0.0935513 0.80135
-0.25003 0.66914 0.418193
0.819166 -0.319462 -0.225614
-0.531176 -0.625431 0.440688
-0.0074901 -0.361234 0.792878
0.65706 0.330782 -0.341743
-0.647053 -0.50139 -0.180624
0.66782 -0.388768 0.297708
0.0812345 0.107908 -0.88161
-0.652385 0.601563 -0.181093
-0.778333 -0.341634 -0.0549688
-0.656029 0.353439 0.431869
0.66925 -0.540787 -0.0516905
-0.444995 0.091258 -0.694573
-0.381977 0.0887872 0.774391
0.567215 -0.322787 0.445206
0.595203 -0.0556308 0.443115
-0.684435 0.448027 0.271584
0.290179 0.674111 0.256099
0.0327015 0.800452 0.234816
-0.743771 0.441078 0.0699772
-0.0550829 -0.829695 0.0871471
-0.708087 0.385467 0.323102
-0.580377 -0.272549 -0.54825
-0.353767 0.46654 0.578013
-0.752723 0.272644 -0.383525
-0.762605 0.154657 0.380183
-0.441533 0.760245 -0.210181
-0.0644365 0.882881 -0.241674
-0.483476 0.0659991 0.725164
-0.0498918 -0.453821 -0.716882
-0.293768 -0.806408 0.117528
-0.488687 0.727568 0.0785524
0.578298 0.350929 0.270575
-0.838907 0.137765 -0.00473486
-0.800223 -0.195437 -0.148417
-0.0893892 -0.0432305 0.89785
-0.354964 -0.128254 0.808495
0.065797 0.328064 0.71263
0.467985 0.449238 0.304812
-0.190819 0.847845 -0.316876
-0.332322 -0.396385 -0.622498
-0.587979 0.621703 0.120108
0.369172 0.183017 0.604779
-0.551799 -0.370961 -0.485828
-0.145612 0.64178 -0.618006
0.0471094 -0.483834 -0.711597
0.506818 0.142063 0.495814
0.399335 -0.427278 0.57255
-0.776465 0.167777 0.345855
-0.567132 0.675575 -0.14796
-0.698003 0.545469 -0.0849727
0.647184 0.0952917 0.322699
-0.208153 0.754083 -0.43678
0.587212 -0.393497 0.402443
-0.582954 0.164132 0.608912
-0.217773 0.359321 0.709532
0.256172 -0.0705646 0.76587
-0.0378058 -0.464567 0.755961
0.492465 0.535563 0.184389
0.500243 -0.660801 0.208366
-0.198573 -0.490929 0.727251
-0.163848 -0.0704811 -0.806775
-0.0037427 0.858016 0.10616
-0.437249 0.0248882 0.769937
0.102992 -0.675927 -0.520303
0.60826 -0.113213 0.432116
-0.448033 -0.399503 -0.546807
0.13457 -0.780295 0.10338
-0.567553 0.633324 -0.267287
0.517882 0.405205 -0.4546
-0.810899 -0.0439597 0.21231
0.642626 -0.536934 -0.234012
0.255933 -0.731801 0.196965
0.303474 0.308791 0.585411
0.74031 -0.0557401 0.215367
0.443144 -0.324078 -0.724371
0.673239 -0.409017 -0.449129
0.802379 -0.0785523 0.116447
0.0834733 0.756895 0.310043
-0.321207 -0.726232 -0.293199
0.191069 -0.60003 0.516512
0.743234 -0.362769 -0.362122
0.429846 0.155177 -0.749016
-0.083784 0.861895 0.140772
0.414658 -0.619091 -0.461406
0.644199 0.0879662 0.330341
0.310457 -0.0923839 0.727773
0.404988 -0.54512 0.455203
0.299708 0.751025 -0.214888
-0.164132 -0.623792 -0.562323
-0.0464376 -0.804278 -0.16213
-0.519464 -0.51245 -0.37983
0.446226 0.232928 0.498848
0.326884 -0.0936311 0.714243
-0.388061 -0.671742 -0.360283
-0.0996782 -0.257266 0.851429
-0.747011 0.456367 -0.0800415
0.486838 0.583291 0.108232
-0.298845 0.602374 0.466736
0.786526 0.197599 -0.294372
0.103275 -0.782774 -0.274775
-0.228835 0.837814 0.106034
0.707106 -0.454284 0.12855
-0.0161017 0.569929 0.521261
-0.411415 0.32289 -0.702847
-0.751817 0.393069 0.16413
0.0337735 0.464247 0.606472
-0.346292 -0.712325 -0.307417
-0.572938 -0.400914 -0.429397
0.624497 0.458204 0.021872
0.881761 -0.0326625 -0.0533102
-0.481953 -0.19651 0.716599
-0.38175 0.823045 -0.109185
0.327602 -0.735069 -0.266103
0.536977 -0.0407882 0.520825
0.901038 -0.0690098 -0.0976819
0.39803 0.689133 -0.237234
-0.00782843 0.701814 0.388469
0.788138 0.187556 -0.0383733
0.559302 0.551494 -0.0963952
-0.678699 -0.12986 -0.528791
-0.377087 0.704706 -0.3706
0.606211 -0.427332 -0.538354
-0.806298 -0.169514 0.0552983
-0.0720143 0.765011 -0.49021
0.0855097 -0.2289 -0.876158
0.422031 -0.684878 -0.293606
0.420115 0.141961 0.582278
0.105759 0.801309 -0.362168
-0.615783 0.212036 0.564561
0.0830921 -0.417172 -0.767313
0.0528053 0.826413 0.1554
0.099556 -0.497847 0.673274
0.593327 -0.0577972 0.446103
0.215437 0.763869 0.176019
0.805729 0.129291 -0.34397
0.689666 -0.49824 0.0734547
-0.206146 0.818104 -0.351188
-0.225178 -0.469687 0.739857
-0.367594 -0.733515 -0.24035
0.131324 0.777306 -0.388745
0.0465853 -0.254536 0.827025
0.742732 -0.235113 0.221801
0.856685 0.0514518 -0.206537
-0.33608 -0.802267 0.150525
-0.322615 0.261585 -0.743599
0.445806 -0.688475 0.166797
0.0498896 0.860575 0.0681202
0.0195591 -0.491911 -0.70088
0.699116 -0.487308 -0.170122
0.364445 0.23299 -0.75757
-0.754065 0.390226 0.162831
0.773682 -0.23035 0.170275
0.237036 0.572717 -0.55136
0.511417 -0.607444 0.277564
-0.0394526 -0.785009 -0.259911
-0.0757415 0.789334 -0.443511
0.260209 0.596507 -0.502532
0.755166 -0.431906 -0.115387
0.296225 0.426374 0.501429
-0.243484 -0.165498 -0.766182
0.541941 -0.569504 0.282466
-0.38786 -0.352985 0.736908
0.733712 -0.044494 -0.530634
0.315661 -0.594156 0.452495
0.286827 -0.0228722 -0.85893
-0.379857 0.208785 0.736572
-0.396918 0.642639 0.366185
0.364518 -0.512764 0.519747
-0.735208 -0.303412 -0.287218
0.485604 0.608453 0.0595233
0.428765 -0.710171 0.0789453
-0.775438 -0.382412 -0.00261488
-0.721985 0.491538 -0.192254
0.448198 -0.399643 -0.669516
0.299281 -0.520461 0.549642
0.718515 0.247011 0.137574
-0.7313 0.294461 -0.428397
0.312357 0.314155 0.573235
-0.629883 -0.141419 0.580308
0.641439 -0.114403 -0.648933
-0.262374 0.63183 0.453541
-0.400793 -0.680655 0.488033
0.51899 -0.486176 -0.538122
0.393113 -0.25498 -0.794016
-0.553839 -0.698093 0.295454
0.106121 0.81389 0.143641
-0.480834 -0.670692 -0.236253
0.59597 0.195842 0.342996
0.730184 -0.431368 -0.251265
-0.147254 -0.782705 0.398971
0.442107 -0.355317 0.552386
0.37236 -0.20845 -0.829871
0.00819954 -0.82696 -0.0774443
0.0888141 -0.766637 -0.341215
-0.424575 0.0314267 0.77459
-0.275757 -0.815984 0.244113
0.666074 -0.52525 -0.157685
-0.27199 0.521997 0.566872
-0.544784 -0.612274 -0.237702
-0.490067 -0.518062 0.598503
0.430406 0.0360186 -0.782583
0.0381964 -0.153198 0.858255
-0.278291 -0.0214652 -0.760713
-0.822808 0.281077 -0.145915
-0.377933 -0.102384 0.802006
0.536901 0.345887 0.321214
0.159969 -0.779861 0.0714952
-0.622526 0.182469 0.570083
0.0527113 0.763328 -0.493166
-0.69364 0.344902 0.386656
0.119986 -0.338903 0.773462
-0.817714 0.312893 0.0642092
0.429925 0.676071 0.0515409
-0.110169 -0.777859 -0.253488
-0.0164555 0.296268 0.742717
-0.383266 0.719948 0.257252
0.367972 0.597874 0.254656
-0.127788 0.258401 0.77554
-0.567859 0.307725 -0.608786
0.842519 0.0839173 -0.251434
0.420862 -0.263262 0.596403
0.124044 0.305396 -0.82842
0.722666 0.0715083 -0.505936
-0.300964 0.782999 0.216131
0.641965 -0.542133 0.134063
0.710051 -0.336884 0.252812
-0.0548967 0.683102 0.416125
-0.561879 -0.717572 0.223229
0.308727 -0.771877 -0.151557
-0.320691 0.00977717 -0.743997
0.253045 -0.747354 -0.350302
-0.171172 -0.778472 -0.214968
-0.720596 -0.315964 -0.309423
0.165394 0.842316 -0.0755147
-0.243623 0.494287 -0.703749
0.45256 0.106574 -0.752413
-0.698686 0.461186 -0.353072
0.0879762 0.13089 0.81135
0.071712 0.765262 0.303013
-0.338575 0.486435 0.566469
-0.68088 0.381299 0.374013
-0.42336 -0.654182 0.501679
-0.313949 0.389733 -0.740834
0.303158 0.0397169 -0.841098
0.5247 -0.601391 -0.390992
-0.452174 0.687859 -0.325441
0.0612511 -0.768194 -0.340038
0.432972 -0.707532 -0.18773
0.389488 0.274167 -0.719418
-0.151369 0.509629 -0.727631
0.626209 -0.111402 -0.664083
0.134432 -0.0133626 -0.891472
0.414251 -0.604537 -0.48004
-0.832975 0.0654169 0.0759676
0.468705 0.390861 -0.532262
0.0275924 0.798399 0.24316
0.169313 0.383006 -0.78549
0.566953 0.44812 0.197403
-0.775195 -0.290444 0.254002
-0.469674 -0.0792975 0.758736
0.00496135 0.805899 -0.421676
-0.780628 -0.36402 0.078066
0.23943 0.792678 -0.17142
0.431756 -0.293382 0.578377
-0.331846 -0.765868 0.410288
0.0122926 0.128607 0.840404
-0.671197 0.424227 -0.451835
-0.734856 -0.0572884 -0.469757
-0.296799 0.863197 -0.176849
0.0671984 0.79822 0.220301
-0.0664938 0.649792 0.45149
-0.0974246 -0.342509 -0.765648
0.26955 0.744789 -0.298119
-0.343703 -0.721267 -0.287948
0.0489768 0.860699 0.0683344
0.53542 0.0292763 -0.735292
0.398301 -0.708575 0.128404
-0.670173 0.494498 -0.36781
0.159025 0.818835 -0.246502
-0.670219 0.478672 0.237168
0.220427 0.73082 0.243116
-0.806123 0.342674 -0.0176164
-0.679402 -0.396861 0.459381
0.141153 -0.171921 -0.877324
-0.396702 -0.614678 0.574838
-0.120453 0.81703 -0.384883
-0.562359 0.401085 -0.558587
-0.643888 0.0480516 -0.6008
0.37702 -0.678069 -0.383195
0.00927141 0.397111 -0.816163
0.253857 0.805162 -0.0348287
-0.750268 0.345089 -0.366545
0.474471 0.555157 -0.320459
-0.401582 0.766307 0.106767
-0.412665 0.61923 0.385036
0.601236 0.0132745 -0.685342
0.841933 -0.130993 -0.292123
-0.160758 -0.191623 0.888213
0.705477 -0.456954 -0.266448
0.334105 0.638035 -0.380634
-0.273986 -0.607785 0.626177
0.318617 0.504801 0.40089
-0.795817 0.00157086 0.347542
-0.121845 -0.511502 -0.650204
-0.541208 -0.702044 0.310451
0.567158 0.245163 -0.58523
-0.428517 -0.487777 0.661497
0.0567013 0.143928 -0.880603
-0.242891 0.694566 -0.49039
-0.101342 0.898809 0.0297554
0.537844 -0.0885834 0.522618
-0.694373 -0.468839 -0.0927735
-0.158852 0.885003 -0.23851
0.653309 -0.215601 0.364745
-0.00929081 0.654189 0.436129
-0.454914 -0.739444 -0.10259
0.321376 0.591478 -0.449205
-0.801521 -0.184162 -0.154472
0.543327 -0.478129 0.374684
-0.711178 0.448158 0.179123
0.05793 -0.811691 0.0370946
-0.825051 0.298815 0.0718378
-0.248879 0.723584 -0.446147
0.15616 -0.342286 -0.820176
0.257867 0.69214 -0.389344
0.57982 -0.563916 -0.396789
0.155057 0.424986 -0.757828
0.506161 0.173885 -0.686931
-0.520949 0.356632 0.575659
-0.810399 -0.0888968 0.138778
0.304145 -0.480999 0.592819
0.0836924 0.509293 0.55682
0.619156 -0.554043 -0.280155
0.407969 -0.0659106 -0.820705
-0.303323 0.434052 0.634306
-0.184677 -0.812477 0.0256667
-0.470276 0.72332 0.116345
-0.580252 0.325328 0.547125
-0.183091 -0.802585 0.377181
-0.437224 -0.404339 0.687903
-0.66896 -0.590459 0.308436
-0.147555 0.416077 -0.793966
-0.211502 -0.681205 -0.476152
0.0860839 -0.557515 0.617851
0.645141 -0.561736 -0.0802472
0.70273 -0.461702 -0.260136
0.282882 0.736846 0.185884
-0.799606 -0.230421 -0.0706015
0.689212 -0.219201 0.31055
-0.808355 0.0344006 -0.323962
-0.0355569 0.892507 0.0323237
0.31623 -0.640559 0.396302
-0.00723459 0.897159 -0.021827
-0.00907893 -0.196871 0.85769
0.117614 0.679998 0.374905
-0.42031 0.505281 0.502382
0.799946 0.0567775 -0.398242
-0.505319 -0.114488 -0.657765
0.689395 -0.507539 0.0437823
-0.268899 -0.784134 -0.130501
-0.489465 -0.196029 0.711532
-0.24974 -0.819338 0.284531
-0.150514 0.554823 -0.691617
0.474183 -0.402301 0.510406
0.844453 0.0773591 -0.11893
0.482597 0.435915 -0.459256
-0.669104 0.396291 0.377878
-0.296586 -0.557125 0.665279
0.826292 0.0946592 -0.0343278
-0.721453 0.353956 0.329273
0.0505644 0.634917 0.442772
0.305876 -0.213858 -0.840883
0.584265 -0.113808 0.464105
-0.187154 0.901512 -0.153457
-0.60443 -0.239602 -0.556773
-0.412103 0.45543 -0.629572
-0.678338 0.534154 0.0820052
-0.815489 -0.0840034 0.0706571
0.334693 -0.731828 -0.26645
0.674925 0.364026 0.103491
-0.776274 0.276031 0.294934
0.383726 0.563156 0.274171
0.759677 0.230495 0.041382
-0.343689 0.687865 0.341649
-0.804222 0.0577715 -0.327031
0.142356 -0.812008 -0.0803518
-0.503912 -0.775673 0.16291
-0.201783 -0.636353 -0.532088
-0.378128 0.576298 0.452157
-0.362615 0.0770519 0.783948
-0.748959 0.361241 -0.364601
-0.557975 0.557653 -0.424803
-0.595912 0.554158 0.242855
-0.660271 0.379994 -0.502648
-0.364272 0.557933 -0.562551
0.735911 0.0246492 0.20191
-0.109841 0.852126 -0.319652
-0.798371 -0.243879 0.0182759
0.0566819 -0.684881 -0.521792
0.317273 0.139481 0.679263
-0.711203 0.515248 -0.174188
0.264212 -0.0429977 0.756954
-0.227202 0.48448 0.612193
-0.011273 0.669415 -0.608014
-0.613502 -0.665771 0.253076
-0.493228 0.235477 -0.671529
0.401833 -0.671749 -0.366191
-0.59808 -0.608013 -0.113172
-0.0580061 0.823646 0.227585
0.0229508 0.696248 -0.571907
-0.241241 0.884208 -0.101127
-0.0311764 0.898008 -0.185475
0.196277 -0.789095 -0.0262938
-0.50238 -0.577935 0.527373
0.465129 -0.368995 0.527588
0.841617 -0.250353 -0.137716
0.619025 -0.552119 -0.291697
-0.477883 -0.348979 0.675676
-0.176539 -0.295623 -0.750302
0.0365612 0.893696 -0.0656279
0.631249 0.3819 -0.309417
0.243676 0.654298 0.315269
-0.812038 0.00122504 0.276613
0.135006 -0.569289 0.580127
-0.438048 0.0972486 -0.697601
0.422776 0.499933 0.299086
-0.501371 -0.685589 0.390135
-0.115989 0.862657 0.132609
-0.593146 0.528502 -0.429682
-0.214534 0.559337 0.552477
-0.241199 0.840221 0.0827591
-0.512051 0.336154 -0.634
-0.56057 -0.435886 0.589558
-0.0310843 -0.134493 0.879694
0.0239355 0.718305 0.365963
-0.819417 0.0111744 0.183035
0.368447 -0.172969 0.661112
0.714056 -0.365732 -0.425861
0.530528 -0.623748 -0.317123
-0.489942 -0.442952 0.637559
-0.321095 0.268836 -0.743937
-0.554318 -0.362652 -0.4913
-0.579027 -0.363018 0.592738
0.616779 -0.359461 0.375458
-0.798001 -0.209069 -0.14067
-0.804622 -0.184587 -0.101195
-0.614655 -0.129607 -0.601354
0.222011 0.660483 0.323469
-0.729259 0.430747 0.156171
-0.655019 0.593209 -0.208962
-0.798993 -0.0873399 -0.268303
0.0984949 0.738317 0.320909
0.394319 -0.623983 -0.468413
-0.831031 0.147537 0.196873
-0.338348 -0.798195 0.10742
0.369589 -0.684474 -0.375504
-0.630355 0.598402 0.0597036
0.282317 -0.0735582 0.74887
0.715648 0.171402 -0.467928
-0.823657 0.0577983 0.203071
-0.704381 0.12431 -0.509689
0.0463992 0.499823 -0.749869
0.0497387 0.80418 -0.412231
-0.219222 0.423429 -0.77938
0.792313 -0.137371 0.137954
0.0180647 0.822153 -0.386884
0.879475 -0.0247526 -0.0610812
0.635757 -0.141538 0.395895
0.516247 0.302148 -0.580211
-0.687292 0.406696 0.343875
0.158247 0.560767 0.484201
0.398045 -0.0221829 0.665281
-0.561711 0.357672 0.537414
-0.219038 0.201907 0.789992
-0.232463 0.67715 0.418817
0.257743 -0.455229 -0.741333
0.600908 -0.608915 -0.0621519
-0.19097 -0.606436 0.637926
0.349066 0.435475 -0.605486
0.204236 -0.802001 -0.119629
-0.764018 0.174782 -0.387181
-0.692583 0.238825 0.467942
0.084194 0.56206 -0.682671
-0.185703 -0.787565 -0.162284
0.870493 0.0145505 -0.119199
0.402624 0.0329176 0.650404
-0.156566 0.274746 -0.814254
-0.628707 -0.617853 0.0400746
-0.615219 -0.309273 -0.472134
-0.229258 -0.571353 -0.566976
-0.14704 0.775324 -0.456121
-0.565456 -0.600655 0.440894
-0.079348 -0.198868 -0.832231
-0.263593 -0.727336 0.493203
0.253069 -0.0850588 -0.874818
-0.790832 -0.127576 -0.262649
-0.483122 0.740594 -0.182782
0.326028 0.0799955 0.69773
0.216153 0.00558621 -0.870109
-0.057995 -0.821832 -0.04356
0.441883 -0.664255 -0.328328
-0.361926 -0.590247 0.622884
0.0707359 -0.416155 -0.765956
0.512882 0.12645 -0.707484
-0.678945 -0.552526 0.345001
-0.51918 -0.178931 -0.632633
-0.120448 0.551703 -0.700222
-0.363041 -0.799418 0.246009
-0.679218 0.336837 -0.515789
0.728542 -0.243391 -0.491195
0.515274 -0.346226 -0.669402
-0.700667 -0.542788 0.130859
0.74302 0.047772 -0.485508
0.42722 -0.0216072 -0.79999
-0.523276 -0.722567 -0.0190586
-0.216876 0.545289 0.563776
0.359393 -0.441405 0.601195
-0.626691 0.587462 -0.267206
0.607786 0.103188 -0.638122
0.78059 0.226821 -0.108224
0.205773 0.587373 0.419675
0.831112 -0.261277 -0.0788532
-0.392568 -0.790222 0.118633
-0.253916 -0.566489 0.662572
0.351487 -0.588348 -0.548176
0.397965 -0.249851 -0.794453
-0.271939 0.043199 -0.765071
0.310276 0.0558414 -0.833314
0.195553 -0.178429 -0.867435
-0.243191 0.748814 0.315908
-0.726591 -0.100934 0.466516
0.696747 0.349848 0.0550476
0.813256 -0.0303156 -0.388009
0.199609 -0.790376 -0.186961
0.630148 -0.384591 -0.547478
-0.302129 0.37739 -0.747358
0.327456 0.420118 -0.635709
-0.279685 -0.598318 -0.506989
-0.563323 -0.476158 -0.363819
-0.414974 -0.0120903 -0.704386
0.272791 -0.363778 0.689181
0.281149 0.204846 -0.805785
-0.266066 0.629824 -0.55301
-0.0584074 0.444442 -0.797974
-0.554031 0.659273 0.112956
0.189265 -0.269355 0.776557
0.71485 -0.292782 0.25836
-0.434046 0.376408 0.619953
0.227718 -0.237199 0.758038
0.771298 -0.237121 0.174337
-0.623424 -0.202186 -0.572118
0.785156 0.162223 0.066081
-0.111163 -0.830156 0.102192
0.443269 -0.598794 0.362008
-0.775455 0.204747 -0.350065
0.615568 -0.160974 0.426205
0.297605 -0.414013 0.656479
0.117357 0.118577 -0.871742
-0.434126 0.487042 -0.589217
0.588975 -0.592307 -0.239714
0.744733 0.273248 -0.256811
0.0861012 0.831343 0.11587
0.645165 -0.0139536 -0.640218
-0.0445528 -0.499935 0.732851
0.380874 -0.418481 0.59021
-0.551854 0.6875 0.0601316
-0.648752 -0.640701 0.21985
0.353491 -0.757765 -0.127555
-0.0457656 -0.712997 -0.472986
-0.793589 0.33475 -0.233509
-0.710468 0.0445762 -0.508708
-0.247227 -0.167496 -0.764337
0.504538 -0.613205 -0.387019
-0.593635 -0.207328 0.607989
-0.389596 0.729988 -0.323246
-0.713463 -0.553257 0.216154
-0.804203 -0.189562 -0.0556486
-0.596608 -0.135452 -0.608267
0.164622 0.633083 -0.545759
0.297639 -0.0351773 -0.858818
-0.43549 -0.567013 -0.413239
0.737617 -0.426074 0.0800627
-0.75847 0.0284932 -0.424948
-0.798418 -0.155519 0.199657
0.600998 -0.167905 0.442242
0.200301 -0.7764 -0.262185
-0.136235 -0.371026 0.808003
-0.411302 -0.420136 0.701153
0.247452 -0.770772 0.00190844
0.182123 0.278681 0.717436
0.088965 0.765233 -0.465112
0.901052 -0.0750391 -0.131432
-0.458906 -0.454019 -0.491189
0.160503 -0.0810909 0.823461
0.107483 -0.0621248 0.840798
0.608319 0.482899 -0.0598909
0.342802 -0.692311 0.255732
0.0621909 -0.66421 -0.547563
-0.698975 -0.280407 0.469956
0.225149 0.449864 -0.683424
0.590558 0.506354 0.00488792
0.352942 0.0588954 -0.812507
-0.224419 0.79629 0.243462
-0.468146 0.708802 -0.269611
-0.454995 0.719901 0.147471
0.208853 -0.0401411 -0.879851
0.150902 -0.31413 0.776675
0.255475 0.573814 -0.534528
-0.251939 0.841155 0.0668028
-0.54811 -0.012375 -0.649268
0.328863 -0.654259 -0.467635
0.673662 0.295855 0.17032
-0.841325 0.251465 -0.00520644
-0.209119 -0.809656 0.376243
-0.0544192 -0.673689 -0.540942
0.789606 -0.320724 0.0415439
0.200235 0.797959 -0.247037
-0.655386 0.114294 -0.577986
-0.0336403 -0.696789 -0.506422
0.00181747 -0.811446 0.115345
-0.681314 0.0381405 0.518112
-0.755659 0.0352807 -0.429451
0.768686 0.228702 -0.0223606
-0.733913 -0.300643 0.417969
0.339764 0.459245 0.426011
-0.700037 -0.0360789 0.498023
0.0347602 -0.812471 0.0644479
-0.732199 0.473286 -0.189507
-0.40588 0.615659 0.392805
-0.084507 0.819978 0.252001
0.485736 0.641355 -0.135886
0.0614327 -0.651746 0.523074
0.0758828 -0.780888 0.179226
-0.305227 0.71816 -0.409032
0.0628324 -0.831102 -0.0909427
0.506655 -0.567419 0.324524
-0.136847 0.765065 0.334575
-0.800911 0.361282 -0.104497
0.272647 -0.181171 -0.853382
0.210132 -0.64335 -0.530474
-0.807443 0.328754 0.0807499
-0.820112 0.0383825 -0.220191
-0.835519 0.287709 -0.00149756
0.819774 -0.0356262 0.0781264
0.313861 -0.189172 0.701025
0.0655428 0.629985 -0.62693
0.396754 0.700113 0.0800936
-0.12996 0.119744 0.840055
-0.71899 -0.277393 0.445164
0.726699 -0.404992 0.154036
-0.679771 -0.400302 -0.274519
0.0935392 0.749646 -0.479489
0.383562 0.398021 0.438598
-0.368977 0.781584 -0.261358
0.220559 -0.291971 0.748078
-0.337745 0.751483 -0.337974
0.55395 0.27496 0.351347
-0.513296 0.223344 0.643695
0.167044 0.75681 0.238609
-0.432161 0.694403 -0.335978
-0.810998 0.0454692 0.287426
-0.76905 0.11922 -0.388604
-0.506616 0.604412 0.317795
0.535384 -0.545924 0.314373
0.267927 -0.737525 0.150497
0.461927 0.642043 0.0462115
-0.526343 0.597079 0.293612
0.408401 -0.699505 -0.264566
0.734584 0.248381 0.113755
-0.265164 0.87384 -0.101451
-0.0976955 0.852887 0.16363
0.417541 -0.0585056 0.649994
-0.582351 -0.329498 -0.49129
-0.776649 -0.254837 -0.181019
-0.661551 0.212371 0.524098
0.256229 0.40314 0.559187
0.650547 -0.00404108 0.356331
-0.647338 -0.546437 0.406912
0.182888 0.0975924 0.780835
-0.706863 -0.561155 0.210649
-0.42886 -0.789433 0.182551
0.705033 0.319609 -0.261206
-0.747526 0.251292 0.383251
-0.245633 0.480735 -0.7161
0.526778 -0.656988 -0.191116
0.260589 -0.394158 -0.775497
-0.0497345 0.711572 0.386811
0.781456 -0.333194 0.0567311
0.222421 0.787779 0.106469
-0.493776 -0.0503338 0.745808
0.840751 -0.0190631 -0.326737
-0.214753 -0.204203 0.86282
0.681278 0.11708 -0.546345
-0.700552 0.209643 0.471425
-0.103638 0.671155 0.437373
0.669095 0.260966 -0.425916
-0.082013 0.847924 -0.329548
-0.498328 0.655056 0.225368
-0.641074 -0.620931 0.100902
-0.310945 -0.798281 0.0558003
0.543393 -0.0260322 -0.742745
0.777049 0.0582167 0.120371
0.231536 -0.592882 -0.589199
-0.606054 0.29454 -0.588411
0.278005 0.231917 0.66082
-0.00756206 -0.0160453 -0.868669
-0.820728 0.0529351 -0.234593
-0.498838 0.506301 -0.528456
-0.722405 0.460604 -0.284985
-0.496224 -0.755688 0.249554
0.0324406 -0.686458 -0.522364
-0.797109 0.225434 0.263392
-0.756541 -0.404149 0.245244
0.517295 0.194493 0.447854
-0.250384 0.875651 -0.0798394
-0.121708 -0.820739 0.0256665
0.752034 -0.437749 -0.115891
-0.483101 -0.455627 -0.470154
-0.591331 0.637366 -0.223142
0.126649 0.796921 0.169676
-0.125917 -0.827273 0.0931687
-0.208242 0.86062 0.0459705
0.391335 -0.210717 0.633328
0.775915 -0.369461 -0.00671065
-0.458252 -0.681553 -0.250898
0.434826 0.323412 -0.637883
0.853067 -0.214713 -0.0910527
-0.5478 -0.119041 0.674198
-0.252499 0.849551 -0.271759
-0.389241 -0.779369 -0.0142521
0.480252 0.326501 -0.593286
-0.447626 0.0417114 -0.692291
0.325176 -0.753022 -0.19807
-0.502809 0.716077 -0.20352
-0.155006 0.889914 -0.217073
-0.767179 0.0206728 -0.408795
-0.0632301 0.8984 0.0304032
-0.724414 0.0476722 -0.483547
-0.82756 0.0182337 0.0140396
-0.00863092 -0.365132 0.791485
-0.204897 -0.239596 0.861242
0.152509 -0.793128 -0.215111
0.695319 0.300555 -0.31327
-0.00188336 -0.554084 -0.650989
-0.518997 0.10545 0.682074
0.13194 -0.38808 -0.797109
0.213529 -0.250163 -0.846545
-0.614587 -0.24892 0.577499
0.79725 0.202602 -0.265237
-0.605611 0.523923 0.284863
0.674294 0.391221 -0.124035
0.292151 0.601286 -0.465744
0.284613 -0.179199 0.727038
0.508131 -0.422285 0.468134
-0.42737 -0.628727 -0.366873
-0.14949 -0.0375513 0.878944
-0.205255 -0.765269 -0.259235
0.590469 0.501437 -0.158064
0.627278 0.276523 0.24805
0.81821 -0.275563 -0.0106145
-0.368815 0.16389 -0.726455
0.504833 -0.235794 0.526537
-0.50555 0.386496 0.565904
-0.639076 -0.622164 0.0958848
-0.609629 0.465964 -0.480828
-0.591657 0.239929 -0.624913
-0.50004 0.389719 0.568334
-0.0796961 0.852216 -0.318756
0.0721481 -0.356542 0.780318
-0.107961 0.746674 0.356437
-0.720364 0.40272 0.251377
0.304771 0.627004 -0.422438
0.0875912 -0.678941 -0.520996
-0.0532479 0.843454 -0.340078
0.0944886 -0.729996 0.36301
0.415141 0.637917 0.151868
-0.670262 0.48189 0.229341
0.0778943 0.777018 -0.454749
-0.465674 0.670168 -0.339866
-0.0846249 0.178341 -0.846221
0.195983 0.777627 0.157465
-0.788527 -0.319993 0.0523955
0.0307936 -0.711061 0.450251
0.523789 0.179608 0.450932
-0.71439 0.0410145 0.474773
0.0379216 -0.527873 0.668878
0.0609928 0.0435632 0.839159
0.0406505 -0.730516 -0.43947
0.227388 -0.045224 -0.876675
-0.375288 -0.793369 0.122117
0.554713 0.557641 -0.0313739
-0.82127 0.0557576 -0.228284
0.332226 -0.421568 0.627588
0.229267 0.181483 0.735798
-0.479626 0.62362 0.323863
0.551164 0.188477 -0.63979
0.665564 -0.0466919 0.336553
-0.284655 -0.805418 0.337552
-0.775065 0.367613 0.128895
0.190505 -0.468206 -0.746444
-0.684949 0.106679 0.51071
-0.777977 -0.39458 0.04464
0.679928 0.127654 -0.544527
-0.0537802 0.876795 0.0843206
-0.291876 0.285561 -0.755743
0.148256 -0.0447401 0.82142
-0.097363 0.913523 -0.110107
0.37977 -0.686982 0.238821
-0.283022 -0.470667 -0.606469
-0.317233 0.641187 -0.504365
0.82776 -0.239169 -0.264908
-0.219326 0.40588 -0.781639
-0.459137 0.713642 -0.27333
0.693403 0.0422723 -0.555732
-0.0848096 0.827148 0.233119
-0.251819 -0.288429 -0.716583
0.713733 -0.208925 0.269634
0.243002 0.217693 -0.818368
0.648047 0.265483 -0.459301
0.390522 -0.732049 -0.165052
0.300774 -0.390484 0.660316
0.140905 0.124711 0.792275
-0.252791 -0.619982 0.617923
-0.60171 -0.281849 0.585602
-0.368307 -0.503409 0.69696
-0.283266 -0.033338 -0.758336
0.515363 0.0766473 0.531596
-0.458515 -0.631158 -0.331649
-0.16119 0.772911 0.323652
0.816772 -0.317089 -0.247159
-0.406417 0.792395 -0.0239142
0.0480159 0.782842 0.271707
-0.428423 0.502766 -0.577041
-0.512939 -0.561232 0.538861
-0.476591 -0.133879 0.738284
0.22768 -0.188337 -0.859787
0.266503 -0.632539 0.437183
0.627706 0.455627 -0.140203
0.477261 0.359471 -0.559819
-0.159696 0.440624 -0.781195
0.112372 -0.638231 -0.566152
-0.0399749 0.840517 -0.347128
0.221436 0.260589 0.696665
0.856517 -0.0954684 0.0298343
-0.805956 0.291703 -0.206967
-0.537723 -0.661373 -0.152031
-0.493021 0.742614 -0.0866742
-0.439033 0.467966 0.52939
-0.671024 -0.564055 0.342983
0.860142 0.0443373 -0.186892
-0.819431 0.0319067 -0.222535
-0.204392 -0.811406 0.0401093
0.668095 -0.0457991 -0.61926
-0.0851627 -0.597479 0.650096
-0.360012 -0.00588537 -0.727302
-0.452736 0.337367 0.631978
-0.604959 0.523767 0.286469
-0.178647 -0.472842 0.74306
-0.0587423 0.735306 -0.545794
0.259638 -0.330859 0.708199
-0.507916 0.451536 0.50347
-0.218225 0.11701 0.815372
-0.524959 0.215852 0.637015
-0.653962 0.273935 -0.554181
-0.135401 -0.822762 0.239647
-0.626714 -0.20597 0.572039
-0.0395248 -0.70979 0.492116
0.277819 -0.525427 -0.659419
-0.541838 0.636717 -0.299794
-0.39633 -0.424846 -0.567058
0.461822 0.507493 0.251265
-0.749492 0.0632359 -0.437068
-0.408379 0.769257 0.0779307
0.25906 -0.434547 -0.753955
0.662462 0.310249 0.177115
0.525735 0.598262 -0.0250711
0.0316022 0.0646416 0.846772
0.330627 -0.725421 0.130232
-0.301327 0.843933 -0.0355961
0.869182 0.0222214 -0.153184
0.618704 -0.488246 -0.441809
-0.017655 -0.804721 -0.176744
0.051861 0.576563 -0.693077
-0.6895 -0.52259 0.0254993
-0.816898 -0.00665241 0.188943
-0.782666 0.348515 -0.269519
0.770196 0.256229 -0.126371
-0.726868 -0.422706 0.390462
-0.71519 -0.150073 -0.467954
0.159941 0.29932 0.715696
-0.597456 -0.556114 -0.230103
-0.3368 0.647941 0.394371
0.500534 -0.662738 -0.233497
0.560034 -0.614329 0.18008
-0.414918 -0.671756 -0.340014
-0.73544 -0.488641 0.232447
-0.752624 -0.255358 -0.295694
0.620485 -0.583261 0.0893602
-0.700108 0.231633 -0.504045
0.11821 0.190722 0.780142
0.52945 0.53293 0.111495
-0.320772 -0.71186 -0.327245
-0.611747 0.428361 -0.504735
0.431284 0.569563 0.218663
0.214764 0.524965 0.48559
0.455007 0.551355 0.212927
0.0199579 -0.457512 0.74109
0.294433 -0.343958 0.67769
0.303907 -0.720926 -0.361162
-0.380768 -0.293934 0.75707
0.144577 0.846886 0.0212084
-0.687524 -0.478455 -0.095837
-0.621192 -0.557526 0.432921
-0.785074 -0.355243 0.0409867
0.0857925 -0.262694 0.816852
0.678398 -0.0929064 -0.609989
-0.336721 0.473338 -0.665294
0.833959 -0.0653007 -0.336635
0.234109 0.703107 0.265514
0.0969396 -0.214699 0.829426
0.128546 0.0628114 0.808859
-0.29901 -0.634229 0.589555
0.156088 0.752694 -0.415069
0.538581 -0.660634 -0.0978039
-0.0756275 -0.698752 0.535431
-0.394048 -0.157177 -0.698473
-0.586673 0.493641 0.373087
-0.773306 -0.385964 0.112584
-0.701796 0.506582 -0.249948
0.498694 0.524763 0.190674
-0.7865 -0.322059 -0.0423504
-0.0879944 -1.16623e-05 0.886041
-0.312717 0.348355 0.705939
0.24928 -0.779817 -0.198828
-0.605873 0.0271612 0.609523
-0.611314 -0.224329 0.585552
0.0581076 -0.808241 -0.182216
-0.37394 -0.775884 -0.0842706
-0.53477 -0.540807 -0.330734
0.443762 0.653782 0.0647734
0.231735 -0.731314 0.228931
-0.597734 -0.343793 -0.457929
0.571213 0.100314 -0.671436
0.800376 0.159177 -0.0416292
0.468324 0.442161 0.311735
-0.728234 -0.127128 -0.461199
-0.257321 -0.67817 -0.450103
0.790335 0.121374 -0.377876
0.816941 0.14792 -0.133337
0.843345 0.0726336 -0.0951872
-0.127803 -0.802891 -0.121476
-0.690601 0.559295 -0.0894098
-0.802218 0.168503 0.276021
-0.472229 0.726391 -0.229855
0.264899 0.135797 -0.830397
0.215026 0.00841488 0.781823
-0.228567 0.33926 0.726061
0.217396 0.59364 0.404172
0.0712175 0.696269 -0.553749
-0.316283 0.743203 -0.366199
0.533413 -0.46787 -0.546674
-0.66394 0.593274 -0.152689
-0.102493 -0.570284 -0.621734
-0.80051 0.0270029 0.328556
0.540354 -0.536641 -0.462129
-0.170645 -0.828315 0.24353
-0.779652 -0.379925 0.00602079
-0.445726 0.477949 0.515225
0.0505368 0.294031 0.73959
0.47202 -0.69419 -0.170901
-0.35303 0.260867 -0.730584
-0.438814 -0.666164 0.472145
-0.557637 -0.251924 -0.583252
0.738626 0.0586054 -0.487636
-0.142988 -0.0394348 -0.816239
-0.116883 -0.596052 0.651056
0.033025 -0.822508 0.010338
-0.750856 -0.286682 -0.261615
-0.0295424 -0.372632 0.79207
-0.0957804 -0.153406 -0.829817
0.274414 -0.783416 -0.156303
-0.174598 -0.300783 0.842766
0.860599 0.0349748 -0.223125
-0.56532 -0.69767 0.274941
0.311167 0.520581 0.392316
-0.156089 0.26551 -0.814859
0.639399 -0.580691 -0.00901902
-0.199762 -0.0558096 -0.792301
-0.353665 -0.708759 -0.310346
0.173905 0.319245 -0.81244
-0.778836 -0.322771 -0.0781872
0.186926 -0.657896 0.45239
-0.450633 -0.717567 -0.169413
0.0592187 0.00058171 0.847988
0.0775037 -0.815688 -0.149257
-0.444041 -0.554146 -0.417335
-0.158869 -0.814565 0.316751
0.517886 -0.672408 0.123373
-0.363947 -0.679449 0.516337
0.360771 0.715823 0.120479
0.389978 0.503338 -0.487132
0.288377 0.561271 -0.51772
-0.207215 -0.186346 0.86968
0.162098 -0.757783 -0.362983
-0.0380701 -0.687749 0.532335
0.0181997 0.0250106 0.858694
0.0248199 0.302531 -0.849065
0.446139 0.464054 -0.468546
0.52411 -0.0801767 0.539872
0.0631951 0.130209 0.820841
-0.587165 -0.470464 0.545602
-0.0538178 -0.796713 0.269947
0.522888 0.144376 -0.688838
-0.534725 0.673705 0.121939
0.825715 0.116314 -0.309894
-0.644939 0.403818 0.400523
0.626772 -0.550262 0.158074
0.654323 -0.496507 0.21501
0.400856 -0.250855 -0.792245
0.122723 0.428992 0.619135
-0.638578 0.429372 0.382991
0.0787321 0.403068 0.651517
0.66247 -0.402705 -0.484653
-0.487791 -0.550636 0.574243
0.0145815 -0.311693 -0.83281
-0.171247 0.861227 -0.294094
-0.817886 0.0769553 0.256127
0.816491 -0.222132 -0.301348
0.593226 0.43163 0.168813
-0.767758 0.396679 -0.241582
0.790297 0.229221 -0.191431
-0.307617 0.819426 0.0658304
0.522193 0.477013 -0.359812
0.590542 -0.579332 0.185146
0.0407159 0.576327 -0.697538
0.253999 0.181426 0.713423
-0.446855 0.61569 0.369989
-0.734927 -0.47212 0.337599
-0.584256 -0.232623 0.613653
0.069139 0.814803 -0.36841
-0.555534 -0.174897 0.655579
-0.125366 0.701794 -0.570563
0.0340422 -0.829275 -0.0874457
0.310556 0.335626 -0.724158
-0.681439 0.321827 0.422911
-0.383991 -0.617813 0.582146
-0.748563 0.392296 -0.340176
-0.840655 0.173266 -0.0345889
-0.41847 -0.777348 0.0183294
-0.0803299 -0.804849 0.262521
0.728223 0.295532 0.0395935
-0.361183 0.394347 0.642167
-0.0326145 -0.592652 0.632653
-0.489282 -0.472127 0.625649
0.723959 -0.0645517 -0.545758
0.792899 -0.132469 -0.404049
0.302458 -0.567407 -0.600437
0.643873 -0.4287 -0.484984
-0.509191 -0.290644 0.670718
0.580349 -0.165021 0.466903
-0.57934 0.639841 0.100356
-0.480965 -0.542878 -0.39535
-0.808665 -0.151759 0.0285752
0.162677 0.822548 0.0693202
0.164506 0.843195 -0.0651064
0.328032 -0.694147 -0.401642
-0.849453 0.239216 0.109649
0.332315 -0.101897 0.707822
0.842594 0.00202133 -0.323604
-0.296808 0.0373684 -0.754621
0.407833 0.685188 0.0846995
-0.0572053 0.902065 -0.00671174
-0.622279 0.635709 -0.057467
-0.0350169 -0.795486 0.25114
-0.245957 -0.198715 0.84868
0.747853 -0.221481 0.213089
0.492443 0.104519 -0.733798
-0.0345378 -0.489652 0.739108
-0.338273 0.106243 -0.739244
-0.450759 -0.705529 0.410446
-0.741891 0.437527 -0.268755
0.385942 0.0654743 -0.795251
0.189808 0.243187 0.735921
-0.794163 0.220068 -0.290662
0.315706 -0.599053 0.446574
0.0249267 0.238614 -0.869505
0.810304 -0.314593 -0.110184
-0.712816 0.37036 0.329702
-0.0034524 0.852748 0.119788
-0.00862955 0.685723 -0.589819
0.0277156 -0.190774 -0.874321
0.300197 -0.134212 -0.85816
-0.700795 0.450541 0.209763
-0.0497037 -0.537738 -0.654961
-0.064741 0.551841 0.543936
-0.741159 0.316592 0.328227
-0.851166 0.234618 0.105154
-0.511796 -0.297021 0.667083
-0.0128726 -0.707934 0.481159
0.11102 0.339521 0.69975
-0.793061 -0.0633075 -0.320543
-0.343243 0.846939 -0.134824
0.500391 0.0470386 0.560874
0.122644 0.648672 -0.562627
0.81119 -0.135326 -0.362896
0.458987 -0.717953 -0.097502
0.414534 0.0836873 -0.776842
0.793576 -0.243429 -0.343915
-0.00451781 0.122601 0.848687
0.421342 0.415348 -0.559462
-0.790617 -0.218672 0.203633
-0.472806 0.604914 0.367976
0.610919 0.479275 -0.061304
-0.611849 0.369498 0.473026
0.272889 -0.700369 0.294177
0.718939 0.326907 -0.0445262
0.220452 0.550983 0.451417
-0.200071 0.903551 -0.124252
0.296472 0.393877 0.528876
-0.767 0.41742 -0.150313
0.232789 0.762374 0.164182
0.00389554 -0.260718 -0.857287
0.317578 0.426056 -0.63749
-0.290309 -0.814022 0.223711
0.0882586 -0.400921 0.749251
-0.368304 -0.423303 -0.591149
0.0541267 0.641437 0.435483
-0.139126 -0.310663 -0.761308
-0.419097 -0.695585 -0.287894
-0.200352 -0.25408 -0.759337
-0.522497 -0.350722 -0.528181
-0.662188 0.575979 0.0193621
0.594593 0.471492 0.082741
0.710486 -0.424682 -0.333288
-0.299411 0.433005 -0.72553
-0.654591 -0.526748 0.419717
-0.748377 0.446854 -0.173463
-0.375744 -0.0811259 -0.718778
-0.245782 -0.460241 -0.628911
-0.746978 0.277966 -0.395726
-0.489816 -0.0475221 -0.672459
-0.388896 0.0461508 0.785304
0.677134 0.3863 -0.0689604
0.430131 0.255619 0.499718
0.536271 -0.660984 0.0959092
-0.738574 -0.135601 0.452348
-0.546008 0.290346 -0.632836
0.712243 0.33553 -0.0108499
0.793861 -0.329136 -0.00611247
-0.471483 0.681328 0.208797
0.142768 -0.32377 0.774044
-0.25842 0.0178815 -0.76999
0.79072 -0.315198 0.0481119
-0.738278 0.462109 -0.189353
-0.643198 0.194145 0.548961
0.668294 -0.450316 -0.389386
-0.174124 0.63523 0.479619
0.355562 -0.000360906 -0.827649
-0.381636 0.337757 -0.714975
0.587169 0.512304 -0.0450821
0.634641 -0.450061 -0.469982
-0.656333 -0.577113 0.040534
0.292406 -0.639533 0.412499
0.656711 -0.473873 -0.376178
-0.513413 0.619242 -0.372011
-0.387327 0.313169 0.683556
0.269501 0.617074 -0.468678
-0.711797 -0.403802 0.415627
-0.752297 0.436192 -0.189667
0.590339 -0.185753 -0.684997
-0.34316 0.791833 0.120964
-0.307715 0.0881958 0.797456
-0.830115 0.109645 0.199009
0.200837 0.788986 -0.272053
0.809684 0.178683 -0.176196
-0.531077 -0.274977 0.660048
-0.606776 -0.591287 -0.123859
-0.647512 -0.639706 0.236907
-0.19585 -0.0770549 -0.793352
0.201331 0.636956 0.365389
-0.514988 -0.491948 0.596153
0.883519 -0.0600939 -0.0230017
0.494623 -0.707071 -0.025127
0.560123 0.539143 0.0251815
-0.587119 -0.696782 0.0885438
0.838116 -0.193994 0.0550433
0.278032 0.0513529 -0.845209
0.22305 0.370037 0.614343
-0.693077 0.228992 -0.516605
0.164146 -0.750439 0.221755
0.317634 -0.380913 0.649793
0.382602 -0.43917 -0.674851
-0.604736 0.524438 -0.420852
0.438166 0.692603 -0.0149833
0.4513 -0.72759 -0.0522879
-0.596258 0.578995 -0.330168
0.497089 0.465905 -0.40422
0.0982572 0.868932 -0.133772
-0.769361 0.353371 -0.317786
-0.409658 0.755799 0.135912
-0.459337 -0.727859 0.372737
0.567143 -0.517028 0.308484
0.375888 -0.297634 -0.777603
0.823107 -0.133619 -0.335478
-0.622322 -0.662009 0.139197
0.696143 -0.426907 0.20951
0.170479 -0.706962 -0.460173
-0.663881 -0.62491 0.235665
0.00712877 0.680614 0.406686
0.387334 -0.666111 0.298556
-0.253268 -0.811905 0.105953
0.307514 0.663295 0.249436
-0.4629 -0.659018 0.459453
-0.0311437 -0.72262 -0.45421
0.811317 0.0967605 -0.361466
0.13544 -0.531908 -0.686485
-0.780408 -0.301205 0.185297
0.81787 0.150815 -0.149815
-0.0857572 0.826432 -0.371698
-0.294915 -0.30821 -0.685288
-0.388434 -0.0717076 -0.713778
-0.206877 0.825775 -0.340165
-0.831119 0.298581 -0.0289805
0.239053 0.634922 0.340992
-0.483893 -0.668194 -0.236961
0.841121 -0.211414 0.013658
0.139142 0.83192 0.0661281
0.680327 -0.110808 -0.609145
0.554193 0.211134 -0.624316
-0.325146 -0.738849 0.453355
-0.818452 -0.0464743 -0.0947094
0.754195 -0.15772 0.201622
0.266474 -0.771825 -0.0292698
-0.0695129 0.909839 -0.128592
-0.26522 -0.558146 -0.553444
0.845121 0.0865417 -0.215447
0.428342 0.396688 -0.573949
0.630072 -0.121421 0.401883
-0.640325 -0.318922 -0.431733
-0.126579 -0.796448 -0.153523
-0.811673 -0.00723558 0.266867
-0.171068 0.151805 -0.809729
0.468155 -0.641136 -0.361079
0.252478 0.391748 0.571087
-0.476025 -0.178606 0.725844
0.0685489 0.110588 -0.883926
-0.816453 -0.00691781 0.195191
-0.22241 0.894256 -0.136091
0.270068 -0.745951 0.102974
0.369887 -0.507468 0.522746
-0.138133 0.888418 -0.224853
-0.456307 -0.783893 0.167278
0.484369 0.112245 0.539733
0.100923 0.268359 -0.843107
-0.407511 -0.669959 0.495731
0.405895 0.0483595 -0.790642
0.0244105 -0.784019 -0.284108
-0.536902 -0.0452494 0.6952
-0.354125 0.343314 -0.726534
-0.672245 0.444964 -0.429146
-0.639772 -0.631346 0.12545
-0.545836 0.570021 0.309813
-0.237951 0.781418 0.266761
-0.238212 0.830394 0.122455
0.603461 -0.0177941 0.426152
0.52453 0.51414 -0.305421
-0.0351637 0.197424 0.809054
0.467415 -0.431986 0.505849
-0.573067 0.534424 0.32799
-0.653326 -0.536223 -0.0853706
-0.057213 -0.819696 -0.0648864
0.684786 0.252778 -0.408161
-0.619475 -0.490379 0.493061
-0.429746 0.758005 0.0815378
-0.00936825 -0.471289 0.743599
-0.217248 0.477792 -0.737213
0.372483 -0.723506 0.0840457
-0.836108 0.234795 -0.0561301
-0.357425 -0.328045 -0.644339
0.142158 0.0352765 0.808694
0.275501 0.718288 -0.340651
-0.789291 -0.19278 0.270399
-0.585648 0.516075 0.340241
-0.789729 -0.320955 -0.000326917
0.513502 0.586848 0.0382755
-0.685111 -0.244619 0.498242
0.531489 -0.468482 0.397461
0.789568 0.106597 0.0829738
0.553025 -0.644986 -0.113128
0.833404 0.116212 -0.158516
-0.248514 -0.495407 0.717972
0.0144727 0.449803 -0.791494
-0.048023 0.429632 -0.805268
0.34936 -0.755723 -0.0555184
0.877523 -0.0470055 -0.242728
0.620616 -0.434222 -0.521968
0.682569 -0.0647634 -0.6016
0.193495 0.520118 -0.640148
-0.718124 -0.098376 -0.48608
-0.253278 0.844821 0.0517343
0.62001 -0.32867 0.381651
0.183301 0.0491991 -0.869583
-0.797062 -0.0358359 0.346512
-0.127434 -0.818018 0.255433
0.324146 -0.737554 -0.262281
-0.606156 0.245617 0.559814
-0.3811 -0.580137 0.628465
0.52185 -0.288536 -0.702495
-0.619695 -0.467863 0.506045
0.159195 0.579952 0.461306
-0.512168 0.371521 0.572179
0.0188889 0.696463 -0.572513
-0.428808 -0.603404 0.560556
0.634195 -0.564991 -0.128166
0.0308264 -0.411824 0.763353
-0.432415 -0.664612 -0.32914
-0.559835 0.0199082 -0.645178
-0.113321 -0.395025 -0.726211
-0.401072 -0.063513 0.79707
0.00798177 -0.231987 0.842971
0.11094 0.865521 -0.0309315
-0.0441215 0.862459 -0.292316
-0.295658 -0.246084 -0.71609
0.408663 0.205983 0.552166
0.752788 -0.381912 -0.306604
0.39656 -0.393596 -0.705754
0.144813 -0.576009 -0.636735
-0.585609 0.413211 0.458693
-0.457304 -0.781727 0.143956
-0.781466 0.363722 -0.26638
-0.696034 0.0802856 0.497276
0.127218 0.859354 -0.068298
0.33539 -0.702455 0.230118
0.656777 0.271086 -0.43439
0.237194 -0.586837 0.508218
-0.731217 -0.505333 0.208237
0.256056 0.550404 -0.559525
0.600253 0.0945907 0.395878
0.672273 -0.459503 -0.363999
-0.731562 0.454191 0.0926526
-0.700706 0.518607 0.0539781
0.56389 -0.144475 -0.717512
-0.543592 -0.199081 0.664249
-0.210546 0.480192 -0.739084
0.360437 0.0407085 0.683417
-0.160308 -0.359041 -0.726531
0.0708174 -0.424414 -0.759829
0.627251 0.45686 -0.0942377
0.307402 0.779002 -0.0595231
-0.172114 0.399524 -0.796156
-0.787549 -0.051116 0.373756
-0.600067 0.163935 0.595032
0.0720627 -0.280671 0.811905
-0.243273 -0.728977 -0.343855
0.756805 -0.422662 -0.0740506
0.392864 0.206772 0.566811
-0.475257 0.278988 0.64894
-0.396708 0.245912 -0.712498
0.57955 -0.612232 0.130424
-0.381986 -0.623878 0.57623
0.0543012 -0.677312 -0.532575
0.738094 -0.286343 -0.44489
0.0783806 -0.150273 -0.884923
0.196478 -0.75681 0.144484
-0.814922 -0.0888571 -0.0901186
-0.678411 -0.500619 -0.0811022
-0.0785933 0.0931847 -0.846441
0.250113 0.244972 0.679188
0.636339 0.235416 -0.517524
-0.63564 -0.655744 0.192978
0.0517479 -0.4298 -0.752563
0.0252652 -0.553025 -0.656182
0.13513 0.325182 -0.819847
0.609308 -0.399717 0.368308
-0.727875 -0.358817 -0.201731
0.155697 0.208549 -0.842609
0.810578 0.153318 -0.101563
0.334104 0.769852 -0.0319509
-0.44343 -0.510385 0.640494
0.594322 0.320661 0.266928
-0.27226 0.0493216 -0.765102
0.314608 -0.724253 0.157981
0.540867 0.550433 0.0480633
-0.605626 0.65177 -0.0395537
-0.193172 0.699972 0.414668
-0.819519 0.219366 0.203245
0.890611 -0.0392202 -0.110921
-0.371071 0.209562 0.739311
-0.394241 -0.367523 -0.606276
0.614051 -0.160326 0.428083
0.807454 0.176497 -0.285811
-0.235972 -0.47734 0.732886
-0.265398 -0.81555 0.169598
0.840808 0.0804865 -0.277711
-0.505141 -0.305088 -0.581442
0.320669 -0.738715 -0.26384
-0.738533 -0.3905 -0.10517
-0.695969 -0.463886 0.412044
0.155215 -0.453802 -0.752352
-0.053951 0.0697612 0.87613
0.603555 -0.588256 0.125125
-0.251957 0.838462 -0.287286
0.165253 -0.213062 -0.865658
-0.753575 0.247339 -0.389471
-0.30687 -0.67418 -0.41936
-0.843494 0.256456 0.0153666
-0.387961 0.820345 -0.116906
0.889303 -0.0480302 -0.0621359
-0.475332 0.178282 -0.680458
0.179254 0.76054 0.217682
0.547169 -0.409208 -0.59485
-0.446015 -0.562714 0.596054
0.0394738 0.2054 0.798459
0.127364 0.478333 0.574926
-0.630523 -0.573876 0.398131
-0.619352 -0.524026 -0.225007
-0.57059 0.305514 0.565115
0.619883 0.456236 0.0535802
-0.829208 0.0524918 -0.0513717
-0.40281 -0.427842 0.704657
0.0817504 -0.568077 -0.64928
0.386603 0.493405 0.342885
0.338132 0.401688 0.481279
-0.109797 -0.303928 -0.77923
0.123062 -0.607093 -0.603122
0.474628 -0.403442 -0.648378
-0.666373 -0.438079 0.462782
-0.374876 0.78999 -0.241494
0.317291 -0.614752 0.426688
-0.766872 -0.17873 -0.316891
-0.583818 -0.71011 0.11293
-0.255022 0.497753 -0.69297
0.319482 0.558533 -0.490821
0.0403942 0.382876 0.671282
-0.755907 -0.306724 -0.210119
-0.0465004 -0.203939 0.863784
-0.10021 -0.811214 -0.0919415
-0.476151 0.334854 -0.659959
-0.79941 -0.105753 -0.246943
-0.0583536 -0.650882 0.583959
-0.73721 -0.250917 -0.374672
-0.799745 -0.0901891 -0.26189
-0.450664 -0.254076 0.721766
0.399375 0.682454 0.110159
0.735698 0.17881 -0.420699
-0.220047 -0.410678 -0.670732
0.216143 -0.41881 0.693749
0.287165 0.496074 0.442107
0.175691 -0.0200923 -0.883585
-0.796348 0.351907 -0.204086
0.160407 0.681116 0.34326
-0.44624 -0.439279 -0.514128
-0.536828 -0.55691 0.523169
-0.636549 -0.567612 -0.0671917
0.585318 -0.0406591 0.4553
0.324305 0.429229 0.470428
-0.0351385 -0.488825 0.740213
0.0488851 -0.0240405 0.854872
0.4215 -0.36789 -0.709315
-0.628333 -0.444783 -0.313074
-0.710667 -0.370499 -0.233982
0.293043 -0.579802 -0.587779
-0.154231 -0.307314 0.837693
-0.77725 0.35339 -0.288385
-0.414653 0.694895 -0.353681
-0.472734 -0.0717214 0.75879
-0.500714 -0.559999 -0.353784
0.564085 0.544743 -0.0434718
0.0396773 0.799647 0.232823
-0.6861 -0.0966578 -0.533229
0.80938 0.186677 -0.199543
-0.711833 0.518236 -0.154616
-0.580954 -0.567462 0.470238
-0.646137 0.574715 -0.262602
-0.635441 -0.263031 -0.49505
-0.737214 -0.411882 -0.0673273
-0.176054 0.833004 0.171811
-0.108895 0.0630943 0.862197
0.281048 -0.726866 0.189306
-0.726253 0.206819 -0.45978
-0.723057 0.0177519 0.46442
0.247916 0.0446301 -0.854339
0.306117 0.423676 0.49385
0.393345 0.125416 -0.77523
0.12093 -0.467765 -0.736173
-0.534419 0.412285 -0.571047
0.721794 -0.415651 -0.321996
-0.488975 -0.735528 -0.0489061
-0.575567 -0.317601 0.607709
0.812815 -0.303309 -0.0837516
-0.275424 -0.550853 -0.5522
0.706457 -0.474067 -0.189633
-0.759769 -0.200018 -0.326498
-0.487061 0.532952 -0.509168
-0.748245 0.377253 -0.358917
0.705167 0.324556 0.0950128
-0.30959 0.123407 0.786106
-0.610913 0.290363 0.536795
-0.457457 0.749324 -0.207357
0.298106 0.165937 0.682016
-0.328191 0.20758 0.753585
-0.109012 0.892916 -0.205356
0.0199602 0.884898 0.0213939
-0.0304423 -0.73112 -0.437022
0.47981 -0.17355 0.566095
-0.338028 0.515603 -0.621929
0.585483 -0.502271 -0.467471
0.802325 -0.352385 -0.224911
-0.207281 0.362517 0.706236
-0.708684 -0.0674208 -0.507741
0.739044 -0.154255 -0.512389
0.454514 0.574225 -0.320973
-0.802611 -0.0943783 0.246607
0.532007 0.577569 0.0130238
-0.643283 -0.640387 0.250292
0.393061 0.628829 0.196927
0.46404 -0.661818 0.241869
-0.53696 -0.753794 0.137811
-0.681023 0.491757 -0.341759
-0.793188 0.32644 -0.2394
0.127461 -0.664262 0.475263
0.349047 0.591521 -0.422283
-0.569251 -0.665792 -0.0712607
-0.096024 -0.691522 -0.512432
-0.330949 -0.354572 0.769472
-0.37797 0.688606 -0.391827
-0.527366 0.608698 -0.372918
0.164926 0.0438281 -0.874584
-0.589666 -0.703474 0.147403
-0.625293 0.365867 0.461143
-0.42601 -0.405082 0.695525
-0.486649 0.119923 0.703259
0.224032 -0.17883 0.775886
0.00279644 -0.622107 0.586733
0.163481 -0.135602 -0.880145
-0.811996 -0.121309 0.00815375
0.429435 -0.242621 0.594015
-0.847316 0.200736 0.103365
0.719374 0.276898 -0.303169
-0.347321 -0.657124 -0.403944
0.736287 0.0901635 -0.478462
-0.37352 -0.147047 -0.711162
0.0191596 -0.440819 0.750913
0.738495 0.164051 -0.433686
-0.604768 -0.347991 -0.445074
-0.136264 0.812273 -0.391789
-0.445309 0.204875 0.704992
0.0608665 -0.776272 -0.308157
0.766498 -0.209414 0.181916
0.177583 -0.769933 0.10039
0.472356 -0.0857737 0.596291
0.588996 -0.607868 -0.139372
0.601471 0.369441 0.226179
0.400803 -0.258342 -0.787724
-0.342551 0.491431 -0.64336
-0.539023 0.129106 -0.654221
0.772238 -0.0336776 0.158914
0.796171 -0.281221 -0.316435
-0.795236 -0.271994 0.0173964
-0.63248 0.148266 -0.598198
-0.798643 -0.214216 -0.130593
0.170587 -0.738666 -0.413532
-0.623931 0.634784 -0.0681595
-0.259147 0.125632 -0.772562
-0.37633 -0.338173 -0.629883
0.591415 -0.118182 -0.695992
0.0640563 -0.0268358 0.850373
-0.813821 -0.103132 -0.0593578
-0.840856 0.14972 0.0144668
0.352465 -0.259751 0.652447
-0.825184 0.190909 -0.165559
-0.749298 -0.180979 -0.392522
-0.108767 0.733187 0.374977
0.578764 -0.10615 0.470754
-0.390972 0.806515 -0.196231
0.122789 0.721798 -0.484708
-0.19635 0.698926 -0.52121
-0.138936 0.738108 -0.513198
0.422589 0.354517 0.438341
0.207314 0.339765 0.651292
-0.455726 -0.288679 0.70833
-0.00641318 0.58271 0.506685
-0.514003 0.568347 -0.448151
-0.803711 -0.137513 0.15215
0.166751 -0.772931 0.0990844
-0.503603 0.715507 0.0829219
-0.729647 -0.499794 0.267686
0.00318966 -0.692746 0.504117
0.514348 -0.160784 -0.749001
-0.715232 -0.548832 0.231311
-0.377936 0.814689 -0.0622273
0.791178 -0.239671 -0.351745
-0.184316 -0.760026 -0.296328
-0.606997 0.170381 0.587073
-0.417646 0.53361 0.475028
0.518754 0.00602947 0.541542
-0.564465 -0.400373 0.598527
0.362531 0.726119 -0.163735
0.85182 0.0712737 -0.158622
-0.480776 0.637716 -0.376538
0.389091 0.721207 0.0360893
0.154311 0.845876 -0.102446
-0.195953 -0.616355 0.629539
0.436574 0.0569015 0.61225
0.0305653 -0.788573 0.199503
-0.650611 -0.425534 -0.304839
0.0869254 -0.767012 0.237877
-0.289568 0.530904 -0.637521
0.259219 0.793104 -0.11754
0.268445 -0.456314 0.641745
0.167106 -0.379449 -0.801371
-0.640598 0.588024 -0.244924
-0.707202 -0.396743 -0.193464
-0.485785 -0.222755 -0.633517
-0.6858 -0.220918 -0.471716
0.250964 -0.548821 -0.640233
-0.0235604 -0.203951 0.858846
-0.811475 0.334215 -0.0293588
-0.296489 0.862131 -0.19177
0.871248 -0.0708865 0.00157672
-0.451236 -0.422879 -0.524143
-0.355975 -0.396323 0.746421
-0.67244 -0.35045 -0.359458
0.609244 -0.482241 0.294852
-0.554895 0.0880983 -0.648312
0.385538 0.672859 0.145509
0.458135 0.230275 -0.697217
-0.385096 -0.425969 -0.57522
0.870739 0.00676607 -0.205972
-0.653506 -0.570134 0.00953204
0.12471 0.434732 0.613672
-0.135943 -0.376527 0.804789
0.747338 -0.430673 -0.168964
0.314011 -0.405068 0.64614
-0.0572721 -0.787548 -0.23718
0.560124 0.179453 0.403977
-0.377192 0.408731 -0.686177
0.74046 -0.303616 -0.428669
-0.750913 0.345579 0.274726
-0.0954739 -0.158636 -0.829707
0.0266139 0.636577 -0.635727
0.0804342 -0.773555 0.211949
0.244162 -0.610564 0.476603
-0.722457 0.11872 -0.478261
-0.491636 0.217528 -0.672605
-0.620482 0.607209 0.0656853
-0.0571315 -0.356912 0.803305
0.556643 -0.282367 -0.687023
0.0871353 0.814654 -0.349522
0.327125 0.243554 0.606245
-0.424591 -0.724245 -0.200568
-0.309085 0.612419 0.449752
0.118384 0.761258 0.271131
0.831459 -0.26417 -0.0959985
0.818555 -0.108745 -0.355794
0.209144 -0.165977 -0.867602
-0.4694 -0.313605 -0.596059
0.430477 -0.271989 -0.763033
-0.692882 0.430769 -0.40503
0.460472 -0.383061 -0.67563
-0.294293 0.364012 0.696777
-0.799775 -0.124587 0.234968
0.820699 -0.245377 -0.278224
0.374111 -0.468444 0.566841
-0.452263 0.193889 -0.690009
-0.70849 -0.48819 0.374317
-0.251913 -0.7878 -0.122567
0.79927 0.144861 0.012925
0.244106 -0.750392 0.114384
0.154616 0.831417 -0.20629
-0.689185 0.0490562 0.508244
0.0226432 0.645563 0.438576
0.179028 -0.494563 0.642604
0.439237 0.392009 -0.566446
0.74607 0.212185 -0.351564
0.718229 0.31633 -0.239396
0.6761 -0.462385 -0.349895
0.357246 -0.685262 -0.389041
-0.792943 -0.120086 -0.261025
0.419104 0.69527 -0.146884
-0.0253856 0.749655 0.342157
0.310113 0.138383 -0.810591
0.430847 -0.397641 0.551474
0.696789 0.0969581 0.24497
0.0912613 -0.27602 0.810455
-0.694179 0.447867 -0.381861
-0.338114 0.825217 -0.0231657
0.00328671 0.0410907 -0.875179
0.636907 0.441896 -0.0267562
0.381494 -0.342582 0.608538
0.408318 -0.154218 0.633674
0.215836 0.700981 -0.419485
-0.685747 0.154042 -0.53543
-0.128466 0.899803 -0.172385
-0.678743 0.421586 -0.444312
-0.0822887 0.0585953 -0.84398
-0.0869993 0.0411152 0.874709
0.25901 0.372388 -0.729966
-0.62793 -0.601468 0.355806
0.54643 0.151488 -0.664467
-0.0724165 0.394058 -0.814653
-0.837649 0.107464 0.0639844
0.138463 0.847204 0.0260576
0.684612 0.189129 -0.502683
-0.347111 -0.787485 -0.000581059
0.00183157 -0.797154 -0.224895
0.656224 -0.564737 0.00345824
-0.681497 0.135302 0.513713
0.324346 -0.7424 -0.242386
-0.0833738 0.60707 -0.663419
0.478786 0.258186 0.446612
-0.622916 0.210372 0.559382
-0.0129192 0.818199 0.215337
-0.415463 0.492813 -0.595344
0.389987 -0.690918 -0.32376
0.122351 -0.0163889 0.826282
-0.552914 0.167284 -0.647426
-0.66028 -0.423888 0.47566
-0.566909 0.679752 -0.11
-0.23665 -0.820912 0.307798
0.129789 -0.109227 -0.890084
-0.167959 0.22839 -0.811182
-0.641541 -0.137189 0.568321
-0.406067 0.79657 -0.0423039
-0.388041 0.468911 -0.636932
0.518763 -0.0928198 -0.757755
-0.291823 -0.0382239 -0.754664
0.762927 0.213866 0.0716953
-0.142386 0.120474 -0.820764
-0.451465 0.312208 -0.685614
-0.190144 0.0827187 -0.799986
-0.0332914 0.472378 -0.781446
-0.786168 0.220319 -0.31925
0.654031 0.380491 -0.264631
0.0578065 -0.763173 -0.360519
0.459995 -0.103657 -0.790918
0.0184675 -0.118395 -0.873983
-0.692749 -0.443355 0.427324
0.00590802 -0.763762 -0.367571
-0.423195 -0.790482 0.183103
0.0861437 -0.709736 -0.480406
0.13641 -0.367232 0.751457
-0.0467703 -0.362284 -0.775081
0.501991 -0.58209 0.314557
-0.0597491 0.658437 0.441594
-0.148883 0.635594 -0.622139
0.490977 -0.44412 -0.59838
-0.454073 -0.540016 0.613255
-0.586265 -0.615164 -0.141891
0.0546189 -0.30215 0.806175
-0.0450503 0.909928 -0.105493
-0.18986 -0.791717 -0.13967
0.559417 0.0761114 0.466887
0.402769 -0.156 -0.82165
-0.0851271 -0.732728 0.469344
-0.0781024 -0.701371 0.531307
-0.226093 0.494783 0.604038
0.38668 0.719261 0.0580586
-0.771694 -0.359581 0.172399
0.425902 -0.722034 -0.141319
-0.354678 -0.0734185 -0.727705
0.462145 0.667052 -0.138452
0.0357412 -0.201766 0.846693
0.0334544 0.846192 -0.315883
-0.786907 0.246515 -0.305617
0.400586 -0.190642 -0.821602
-0.343927 0.818022 -0.00144875
-0.623883 -0.602409 -0.0226411
-0.273198 0.874957 -0.138598
-0.435626 -0.760917 0.315282
-0.456742 -0.440673 0.661975
-0.495702 -0.234123 -0.622895
0.247952 0.745394 -0.323064
0.0986295 -0.817535 -0.0515499
0.673661 -0.00781306 0.318965
-0.41763 0.516146 0.492874
-0.791369 0.326575 -0.246514
0.407292 0.306592 0.488902
-0.497003 -0.476255 -0.441158
-0.596987 -0.447038 0.546125
-0.784818 0.0650476 0.360103
-0.13477 0.653787 -0.612857
-0.446599 0.460491 0.532538
0.157041 0.624686 -0.560428
-0.395778 0.616545 0.397366
-0.257143 0.729158 0.337163
-0.764679 -0.402037 0.16961
-0.322206 0.686909 0.355609
0.132642 0.353215 0.683271
0.0173078 0.0555623 -0.87935
-0.222235 0.894939 -0.128287
-0.353436 0.268221 -0.73009
-0.592654 0.651634 -0.17719
-0.483928 0.217268 0.669861
0.347509 -0.111881 0.693117
0.681254 0.253687 0.186069
-0.295738 0.172906 0.77523
-0.626472 -0.663466 0.201319
-0.344566 0.287589 -0.733054
-0.528118 -0.605777 0.468847
-0.42607 -0.0334647 0.787026
0.0405518 -0.529674 -0.676396
0.69942 -0.0122083 -0.566368
-0.611535 -0.631558 0.326926
0.838067 0.113503 -0.192924
0.631094 -0.0938766 -0.661444
0.307545 -0.344296 0.667424
-0.623637 -0.581513 -0.081677
-0.350239 -0.788071 0.0122655
0.495486 0.272459 0.418145
-0.807628 0.200422 0.24567
-0.394956 0.523672 0.498633
0.592814 -0.61906 0.0673226
0.617484 0.172359 0.327324
0.222276 -0.672981 -0.48862
0.597265 -0.620973 0.02163
-0.677889 -0.487853 -0.108274
0.474116 0.254851 0.45412
0.47347 0.265462 0.447491
0.797208 0.213172 -0.191116
0.85432 -0.225091 -0.152616
0.717203 -0.045575 0.252006
0.810159 -0.32642 -0.163899
0.647714 -0.192722 -0.627981
0.637654 -0.0189482 -0.652078
-0.275655 -0.732445 0.482515
-0.688381 -0.294646 -0.398287
0.000395686 -0.451636 -0.727544
0.712298 -0.410982 -0.352696
-0.0937775 0.774174 0.317083
-0.259994 0.00321649 -0.768947
0.19643 -0.00191982 0.794309
0.689979 -0.124643 -0.597486
-0.358465 0.280409 -0.727404
-0.806441 -0.0891409 0.198161
-0.026538 0.0465104 -0.864276
0.632462 -0.54119 -0.271614
0.448689 -0.185552 0.591503
0.683217 -0.070797 -0.601319
-0.111602 -0.0731588 -0.827364
0.75733 0.212117 0.103403
-0.296761 -0.242796 0.813711
-0.704102 0.407914 0.296017
0.484485 -0.528489 0.390025
-0.0926623 -0.594836 -0.605162
-0.722683 -0.178474 -0.44136
-0.495666 0.719628 -0.207431
-0.713638 -0.395622 0.41577
-0.38503 -0.217543 0.772595
0.75508 -0.295415 0.199388
0.543529 -0.228965 -0.713543
0.58789 -0.56055 -0.389986
0.554289 -0.464628 0.374846
-0.835407 0.114127 -0.035119
-0.705788 -0.0324741 0.490633
0.861762 0.0324339 -0.219525
-0.320768 0.815314 0.0582567
0.625698 -0.492533 -0.417729
0.311893 -0.751999 -0.226021
0.394545 -0.691472 0.210901
-0.264212 -0.0465656 0.847427
0.119861 0.361779 -0.81083
-0.424619 -0.12249 -0.693891
-0.622439 0.621075 -0.207731
0.168584 0.34563 -0.806193
-0.562721 0.332498 0.557126
-0.83552 0.220391 -0.065771
0.139817 0.85366 0.00538978
0.48015 0.353501 -0.563537
0.248307 0.738209 0.213728
0.480715 -0.278598 0.537315
0.830434 0.0955224 -0.0690801
0.204201 -0.114672 0.805418
-0.214735 0.743143 0.34102
-0.342809 0.749 -0.337357
-0.741969 -0.230078 0.426765
-0.349312 0.819209 -0.221122
0.799188 -0.125076 -0.392749
-0.439344 -0.140365 0.761654
-0.0196336 0.555251 -0.712681
-0.643836 0.0722703 -0.597695
0.426129 -0.676847 0.228644
-0.575158 0.614227 -0.293176
-0.654538 0.115992 0.547796
0.13765 -0.508501 -0.707376
0.186903 -0.645475 0.466617
-0.158384 -0.192383 -0.799252
-0.0129683 -0.77037 0.332924
0.367057 -0.725463 0.0809817
0.737007 -0.424905 -0.24454
-0.330947 0.349892 -0.736191
0.409289 0.573178 -0.377047
0.0669706 -0.811135 0.0278362
-0.76257 -0.401496 0.191033
0.672569 0.330598 -0.309957
-0.435035 -0.756895 -0.0931933
0.0554587 -0.0826943 0.85991
0.347224 0.467578 0.409799
0.729384 -0.422459 -0.292129
0.823606 -0.0692692 0.0807068
-0.440151 -0.786339 0.207397
0.40372 0.447442 -0.540876
0.0376326 0.445938 -0.788022
0.570187 0.420248 0.229277
-0.82258 -0.0261859 0.00343446
0.676795 0.386772 -0.0687389
0.662201 0.270319 -0.4252
-0.17808 -0.331554 0.827139
0.29578 0.256967 0.627695
-0.353744 -0.241053 -0.689811
-0.442691 0.783676 -0.0814442
0.361988 0.0285249 -0.816664
-0.575192 0.39457 -0.553791
0.775248 0.092558 -0.420242
0.247478 -0.781086 -0.193591
0.156242 -0.257865 0.802917
0.471972 -0.309474 0.537135
-0.525861 -0.0965777 -0.653134
-0.0360635 0.895319 0.0251351
-0.289819 0.633219 0.436863
0.800499 0.105218 0.0647022
0.147881 -0.403074 0.726911
-0.56412 0.562359 0.28915
-0.245301 0.232075 0.771241
0.675093 0.359141 -0.256855
-0.277302 -0.129963 -0.756084
-0.279383 0.854632 -0.0408428
0.424711 0.69459 0.0257999
-0.772559 -0.326989 0.218511
-0.135809 0.90855 -0.0612034
-0.209989 0.760675 -0.426354
0.000910563 0.414277 -0.811054
0.690237 -0.49399 -0.186414
-0.212638 -0.823534 0.165946
0.646819 0.293042 -0.420856
-0.610688 -0.63257 0.326442
-0.054244 0.640885 -0.638963
0.357892 -0.281241 0.642749
0.661258 -0.182328 0.356492
0.740905 -0.368118 -0.358623
-0.684312 -0.380714 -0.298487
0.214146 -0.691888 -0.466637
0.415675 -0.161286 0.626
0.320095 0.152428 0.669555
0.285471 0.09228 0.724969
-0.244814 -0.739092 -0.319579
0.513638 -0.61023 0.271567
0.318328 -0.13614 0.710584
0.416541 0.493649 -0.467669
-0.828655 0.0585722 -0.0748129
-0.805109 0.202991 0.251535
0.0453265 -0.33157 0.79578
0.263739 -0.521621 0.568921
-0.656466 0.452399 -0.441466
0.0506476 0.775263 -0.477153
0.804786 0.1298 -0.345209
-0.575887 -0.692161 0.0292443
0.51212 0.54635 0.124651
-0.808854 -0.147574 -0.0645765
-0.258758 0.144253 -0.773171
-0.827304 0.192236 -0.146555
-0.786306 -0.314644 0.0956153
-0.341576 0.511803 -0.623484
-0.536964 0.457201 0.469122
-0.238825 0.212517 0.780095
-0.35324 0.806366 0.0315494
0.429313 0.54932 0.241641
0.647548 -0.558843 -0.0818764
-0.210779 -0.813932 0.0721512
-0.00927783 0.147268 -0.875057
-0.447846 0.329996 -0.682333
0.404825 -0.723258 -0.174861
0.390927 -0.389608 -0.712196
-0.497797 -0.566063 0.546203
-0.00526321 -0.701096 -0.499093
0.0946264 0.487827 -0.742493
-0.4739 -0.553163 0.58335
-0.299249 -0.569557 -0.517682
-0.410225 0.397597 -0.669898
0.664534 -0.513306 -0.232947
-0.348738 -0.731643 -0.259221
-0.387478 0.238428 0.722044
-0.315887 -0.0182631 0.825595
0.784515 -0.376599 -0.2116
0.102955 0.369952 -0.811586
0.281765 0.405824 0.533614
-0.607952 -0.40793 0.546751
0.700335 0.352516 -0.0206581
-0.486225 0.752315 -0.0472863
-0.815387 -0.0482238 0.136762
-0.272419 0.0210786 0.826994
0.857539 -0.0315335 -0.288397
-0.0606191 -0.39566 0.788087
0.234158 0.232293 -0.817484
0.0718704 0.051009 0.833458
-0.169488 0.867854 -0.281664
0.210806 0.656071 -0.478592
-0.0284794 -0.745123 -0.40875
-0.0270941 0.255963 -0.869948
0.222538 -0.696494 -0.458196
0.601762 0.0989048 -0.645729
-0.0629135 -0.652124 0.584639
0.0487659 0.788183 0.257356
0.090265 0.372411 -0.812767
-0.449935 0.143274 -0.692117
-0.819294 -0.00462837 0.156374
-0.0271595 0.795099 -0.439104
0.412181 0.63164 -0.300519
0.0384783 0.505119 0.571069
-0.826409 0.00843523 -0.00592101
-0.63639 0.622026 -0.0722249
-0.036667 -0.777507 0.331873
-0.171703 0.837851 0.160543
0.0147578 0.328461 0.716169
-0.155204 -0.638 -0.557325
0.839453 -0.220166 0.00359603
-0.137907 0.329191 0.727112
0.200371 0.223307 -0.828037
0.536872 0.0384119 0.51425
0.0966872 0.173844 -0.865128
-0.434948 0.486374 -0.589363
0.64026 -0.584025 0.0148126
-0.666726 -0.595108 0.136411
-0.595299 0.614646 -0.261678
-0.84547 0.235564 0.122584
0.030972 -0.798826 -0.224358
-0.786255 -0.280279 0.15839
-0.160631 0.154714 -0.814127
-0.626972 0.326411 0.494884
0.328217 -0.355259 -0.766973
-0.750211 -0.404462 0.306292
0.787972 0.148204 -0.359471
0.251393 0.457933 0.517976
-0.829233 0.0991211 -0.139394
0.378104 -0.254547 0.633104
-0.174032 0.691341 0.428699
0.837211 -0.25333 -0.105538
0.161851 -0.734072 0.288411
0.101318 -0.295984 0.800546
0.52022 -0.6744 0.0890257
-0.578085 0.678561 -0.0254303
0.357682 0.214855 0.595361
0.876379 0.000566202 -0.124916
-0.52721 0.627222 -0.338487
0.330102 -0.211231 -0.83718
0.500065 0.58763 0.0682865
-0.822103 -0.0308764 0.0190716
-0.775283 -0.168567 -0.289605
-0.590203 0.386108 0.480628
-0.0262396 0.18717 -0.870441
-0.453783 0.774514 -0.0883785
-0.289583 0.611249 0.46181
-0.128784 -0.808714 -0.080045
-0.83127 0.137168 -0.128927
0.451152 0.669935 -0.174836
0.46422 0.643165 0.0385271
0.418534 0.348642 0.447747
-0.822823 -0.0239559 0.00179551
-0.680117 0.41832 -0.445502
-0.222273 0.652421 -0.558276
0.100653 -0.798311 0.0535802
0.139704 0.733997 -0.453553
0.207618 -0.589568 0.520092
0.248533 0.308837 -0.787927
-0.678053 -0.505599 -0.0687432
-0.447818 -0.605225 0.541518
0.214689 -0.701273 -0.454363
-0.783502 -0.350683 0.0724205
-0.502534 0.230894 0.649622
-0.48097 0.139696 -0.678886
0.783908 0.119805 -0.39057
0.371824 0.644107 -0.332417
0.427032 0.462383 0.333301
0.44512 0.600396 -0.299773
-0.569251 -0.274913 -0.55526
0.145276 0.47558 -0.718379
0.042881 0.22618 -0.867599
-0.767135 -0.269116 0.368085
0.574368 0.52198 0.0265523
0.711494 0.253474 -0.356023
-0.78235 -0.317311 0.139455
0.399473 0.717718 0.0104114
0.468388 0.56903 0.17197
-0.623066 0.555512 0.182429
0.299995 0.490394 -0.587163
-0.332201 -0.0349501 0.823681
0.785083 -0.151317 0.150176
0.772577 -0.343917 0.0790782
-0.784639 -0.0478786 -0.373509
-0.619543 0.527055 0.250961
0.373247 -0.0694402 0.68293
0.469866 -0.060413 0.605261
0.284468 -0.132249 0.738801
-0.0939217 0.612522 -0.656911
0.275103 -0.758796 0.0281429
0.331701 -0.46508 0.595381
0.497022 0.317572 -0.584673
-0.133039 -0.619302 0.630397
-0.431068 0.396482 -0.655832
0.729416 0.314712 -0.18334
-0.615481 0.0551931 0.596981
-0.057365 -0.783068 -0.258918
0.584542 0.154309 -0.629849
0.687011 0.102846 -0.543506
0.238356 -0.135705 -0.868288
0.330724 0.279197 -0.758429
0.387029 -0.579277 0.425575
0.499466 -0.585542 0.313826
0.0872301 0.709436 -0.527499
0.289066 -0.430402 0.658719
0.116887 -0.733484 -0.428184
-0.670299 -0.60309 0.174873
-0.598373 0.596175 -0.293239
0.384545 -0.660574 -0.414524
-0.150244 -0.000281912 0.868198
0.313947 0.305629 0.578079
-0.578694 0.644229 0.0916146
-0.655059 -0.214295 0.539508
-0.598834 0.000190506 0.618927
-0.146071 -0.337838 -0.744229
-0.809828 -0.141544 0.0371163
-0.427951 0.579031 0.421418
0.731638 0.309905 -0.207167
-0.11622 0.268525 0.768017
-0.0050736 0.325408 -0.845179
-0.780556 -0.246488 -0.173599
0.680054 0.025304 0.29738
0.631896 0.213395 -0.549159
-0.437524 0.763836 0.037264
-0.118538 -0.802525 -0.128654
-0.045874 0.286061 0.751523
0.220514 0.595331 -0.540917
0.341016 -0.691542 -0.392987
-0.330245 0.049325 0.802304
0.85998 -0.0597799 -0.281463
-0.846364 0.196251 0.044546
0.192241 0.769721 -0.332555
0.0335167 0.386642 0.668876
0.582567 -0.585876 -0.319038
-0.110263 -0.549037 0.692165
0.737657 -0.456719 -0.0691909
0.657839 -0.383902 -0.505655
0.530413 -0.408004 -0.607091
-0.294325 -0.303903 0.800774
-0.0391291 0.904611 -0.0480093
0.492518 0.4706 -0.40393
0.766416 -0.39809 -0.211164
-0.687653 0.104275 0.507199
0.241035 -0.0262091 -0.870288
0.691798 0.365993 -0.0865899
0.64452 0.150237 0.302989
-0.118301 -0.345823 -0.753993
-0.032623 -0.464464 0.755098
-0.221197 0.0380721 -0.785938
0.00865776 0.445513 0.623801
-0.0664619 -0.482473 -0.69198
-0.173868 -0.0310575 -0.803681
0.303498 -0.300552 -0.80736
0.110767 -0.224877 0.823625
-0.319472 -0.674998 0.536632
-0.273398 -0.501557 0.710438
-0.266122 0.877985 -0.129235
-0.216509 -0.674006 -0.487665
-0.339454 0.591062 0.457158
-0.61561 0.588748 0.123264
0.541981 0.576039 -0.052291
-0.149235 0.825372 -0.365162
0.349997 -0.478018 0.569678
-0.068096 -0.685412 0.550239
0.54795 -0.616224 0.204605
-0.572177 -0.646683 -0.112291
0.762921 -0.0596719 0.178843
-0.249247 -0.603539 -0.525325
0.637894 -0.0339338 -0.656914
0.209321 0.623445 -0.519424
-0.0805256 0.677433 -0.607
0.495986 -0.0874973 0.573864
0.0302304 0.633293 0.449325
0.470506 -0.0371999 -0.784044
0.0615632 -0.356306 -0.808881
-0.161105 -0.493926 -0.64429
-0.803937 0.343117 0.0157308
0.604751 -0.577287 0.150341
-0.620945 0.0450185 0.590731
-0.0383149 0.3713 0.686612
0.270389 -0.787165 -0.139632
-0.634112 -0.381304 0.522348
0.330535 -0.0467908 -0.852183
0.0176546 0.346423 0.701879
0.789728 0.155671 0.0518413
-0.232996 0.330369 -0.779054
0.849771 0.0579732 -0.0976724
-0.267341 0.84706 0.0189283
-0.686682 -0.506055 -0.0319987
-0.510271 0.603437 -0.400961
-0.364899 0.397062 -0.702191
-0.70162 0.342667 -0.484875
0.41051 -0.717515 0.0646081
0.334039 0.672054 -0.339626
-0.152567 -0.590866 -0.587734
0.0959168 0.795859 -0.387328
-0.254394 0.652877 -0.537276
-0.62637 -0.660961 0.2245
-0.687261 -0.461921 -0.129219
-0.798314 0.182366 -0.2938
-0.0521292 -0.794955 -0.204157
-0.725963 0.0700051 -0.478039
0.415334 -0.170298 0.624039
-0.438225 -0.561811 -0.415483
-0.039962 -0.763641 0.378915
0.0345384 0.800733 -0.430553
-0.225834 0.209836 0.785132
-0.842387 0.149721 0.0743104
0.414084 0.402341 -0.584337
-0.0775769 -0.411069 0.784521
0.214034 -0.7455 0.180776
-0.252241 -0.808367 0.0709642
-0.486323 0.356653 0.600084
0.5748 -0.48875 -0.492653
0.837291 0.0958161 -0.266212
-0.313117 -0.778664 -0.131346
0.718417 0.178157 0.178054
-0.0152088 0.827792 0.191689
0.124325 -0.379673 -0.802159
0.0892044 -0.0172517 0.839526
0.352356 0.601452 -0.407079
0.451882 -0.354621 -0.700501
0.00646301 0.548078 -0.719866
-0.626445 -0.657701 0.14445
-0.670581 0.421997 0.35219
0.849698 -0.0621268 -0.303209
-0.100159 -0.774717 -0.274602
0.815538 0.155255 -0.146083
0.141447 0.851268 -0.10818
-0.495738 0.542203 -0.494311
-0.730515 -0.068184 0.459327
-0.0761127 -0.758404 0.410375
0.508996 -0.583141 -0.430798
0.000637143 0.581374 -0.691536
-0.0600521 0.665106 -0.618286
-0.0392401 0.720032 -0.55901
-0.475025 0.744113 0.0434772
-0.591232 -0.64994 -0.0249059
0.145723 0.249966 0.74817
-0.0732242 0.17543 -0.850862
-0.440082 -0.674682 -0.30363
-0.00440011 0.73607 -0.534459
0.340338 0.497404 -0.544373
0.850468 0.0350046 -0.0292219
-0.813949 -0.0416863 -0.200652
-0.792562 -0.211691 0.186818
0.103878 -0.688105 0.457743
-0.483953 -0.45476 -0.470206
-0.799298 -0.218509 0.0726994
0.317341 -0.731099 -0.300514
-0.283203 0.815651 0.124377
0.337632 -0.0378228 0.708627
-0.805025 0.344812 -0.0190342
-0.80802 0.340787 -0.0323204
0.655549 0.188909 0.263103
-0.677923 -0.375321 -0.324418
0.110719 -0.544478 0.620671
0.735331 0.15789 -0.444471
-0.193816 0.394131 -0.793091
0.0788853 -0.484813 0.695493
-0.329611 0.709526 0.320831
0.165825 0.316978 0.698947
-0.818976 0.0279024 -0.224717
-0.516461 -0.607322 -0.280978
-0.221495 0.155464 -0.788912
0.658325 0.366808 -0.278697
-0.76878 0.406419 0.0165635
-0.0275394 0.0993108 -0.866174
-0.814925 -0.0468593 0.146218
0.0842648 -0.781216 0.166206
0.215889 0.477065 0.534725
-0.460733 0.651411 0.291623
-0.530161 -0.0937847 0.698092
-0.597272 -0.638294 0.337979
-0.724257 0.416968 0.205165
0.0243482 -0.00276656 -0.879313
-0.0412171 -0.380478 0.790902
0.614479 -0.605023 0.0432937
0.126765 0.789487 -0.364973
0.826137 0.0473703 0.0398582
-0.131958 0.749175 -0.503639
-0.417476 0.133108 0.749892
0.639124 0.104906 0.331271
-0.122815 -0.793021 0.361277
0.453898 -0.267498 -0.752825
0.444893 0.260187 0.48263
0.00353919 -0.427041 0.764075
-0.312253 -0.259962 -0.700898
0.0398914 -0.265109 0.823874
0.186791 0.540806 -0.623976
-0.0565359 0.372436 0.687096
-0.805218 -0.0326142 -0.298033
-0.276053 -0.678541 -0.435764
-0.821593 -0.0242343 -0.0693917
-0.168166 0.14256 -0.810683
-0.111616 0.832945 0.214008
-0.542682 -0.371664 0.623547
-0.389531 -0.792771 0.14251
-0.358955 0.789139 0.0978068
0.742707 -0.3099 -0.420511
0.849263 -0.228841 -0.117239
0.420517 0.57957 -0.355691
-0.00581404 0.752469 -0.516441
0.522234 -0.67903 0.0321077
-0.128493 -0.183716 -0.813087
0.60352 -0.586148 0.130718
0.00676424 -0.767316 0.324564
-0.78415 -0.351815 -0.0131977
0.443929 0.14729 -0.744556
0.328015 0.610412 0.282748
0.0475402 0.890419 -0.153058
0.504945 -0.206275 -0.745574
0.504868 -0.644591 0.228075
0.187124 0.0288873 -0.872355
0.828369 -0.277987 -0.24158
-0.640761 0.094608 0.565143
0.707168 0.345844 -0.174534
0.217825 -0.712166 0.307032
-0.772481 -0.180335 -0.28983
-0.463575 0.000941227 -0.684616
-0.745097 0.404033 0.162354
-0.616885 0.552761 0.204192
0.309316 -0.646437 -0.494473
-0.119969 -0.795726 0.350094
0.553353 -0.31247 0.461477
-0.349703 -0.0202702 0.816256
-0.557849 -0.674551 0.335708
-0.435952 -0.240174 0.735949
0.0603099 -0.480075 0.708307
0.658234 -0.297521 -0.562382
-0.349161 -0.506586 -0.535226
-0.753852 -0.251753 -0.294695
0.320853 0.73831 -0.220967
-0.355472 -0.802319 0.20794
-0.223614 -0.172476 0.864222
-0.284698 -0.790221 -0.061339
0.0753266 0.781424 0.257156
-0.226802 -0.0589544 0.861166
-0.29612 0.122777 -0.757142
0.470338 0.140914 -0.733711
0.042737 -0.526219 0.668511
-0.0652062 -0.80139 0.260492
-0.471955 0.671786 0.229177
-0.785837 -0.155288 0.376591
0.262955 -0.691746 0.330686
-0.416923 0.285915 -0.70209
-0.394198 -0.540505 -0.469532
0.0476401 -0.711154 -0.480999
-0.181101 -0.624432 0.62479
0.380723 -0.596034 -0.516304
-0.701775 -0.353993 -0.29501
0.773424 -0.292224 0.161266
0.139299 -0.0676579 -0.895849
-0.616012 0.547651 -0.36144
-0.405772 -0.76937 -0.0990522
0.0493941 -0.0452085 -0.882423
-0.34057 -0.108791 -0.731642
-0.492616 0.706405 0.120293
0.85468 0.0506762 -0.233336
0.655072 -0.238553 -0.599788
0.24717 0.617117 -0.490311
-0.785126 0.390475 -0.110089
-0.835751 0.124568 -0.0475538
0.601369 0.378614 -0.376765
-0.219403 -0.693739 -0.441754
-0.421628 0.679406 0.289975
-0.743145 0.419183 0.134401
-0.572436 0.419 -0.539249
-0.786838 -0.147902 0.379208
-0.2902 -0.767435 -0.199309
-0.763675 0.391596 0.115547
-0.0486543 -0.787741 0.308967
0.163035 0.843533 -0.0717747
-0.792735 -0.0761532 -0.30843
0.332438 0.766263 0.00492539
0.590583 0.268562 -0.53275
0.0555328 0.587059 0.488204
-0.223296 0.310722 -0.784068
-0.0145185 -0.501 0.718896
-0.719753 0.281907 0.402935
0.795345 -0.216193 0.134055
-0.247974 -0.474056 -0.61939
0.452724 0.515927 0.251944
0.85563 -0.211557 -0.103126
0.625366 -0.0792491 -0.668761
0.289429 0.390067 -0.691332
0.172825 0.384304 -0.782275
-0.778907 0.24991 0.300332
-0.293782 0.165745 -0.758594
0.128616 -0.443248 0.710771
-0.520107 -0.349773 0.64619
0.491515 -0.638622 0.260275
0.474863 0.5892 0.124224
-0.796832 0.367589 -0.125887
-0.678092 0.0841035 0.520449
-0.291979 -0.544369 0.675866
0.495832 -0.187583 0.547635
0.694825 -0.420016 0.220797
-0.788934 -0.264902 0.145654
0.58053 -0.136495 0.47032
-0.783219 -0.377951 0.0280374
0.802471 0.00288327 -0.413845
0.0783999 0.613071 -0.634347
-0.707295 -0.497685 0.0295132
0.8557 -0.209379 -0.0936872
-0.694013 0.175955 0.488368
0.774986 0.209083 -0.00602782
-0.287248 -0.672889 -0.435301
-0.336858 -0.750942 -0.221999
-0.757693 0.115991 0.39539
-0.733715 -0.466032 0.0507469
0.703473 -0.464739 -0.243675
0.638058 0.438565 0.0455273
-0.419496 0.473767 -0.611872
-0.000434011 -0.372936 -0.785911
-0.0429147 0.433475 0.638138
0.683462 0.0126442 0.295716
-0.59588 -0.127278 0.620088
0.195849 -0.770047 0.0752019
0.741327 0.295807 -0.061269
-0.153804 0.0309239 -0.813643
-0.263677 -0.451802 0.747776
0.513886 -0.0529508 -0.760093
0.528072 0.351516 -0.508089
0.204291 0.646027 -0.497045
0.681197 0.380396 -0.0610141
-0.778664 0.13189 -0.365352
-0.782719 -0.0400945 0.379802
-0.809389 -0.137549 -0.116631
-0.228204 0.516525 0.587165
0.305317 -0.458421 0.618458
0.0768178 0.846885 0.0833701
-0.7084 -0.43655 -0.111285
0.65901 0.285624 -0.408625
-0.0175444 -0.822683 -0.086011
-0.623292 -0.581836 0.39956
-0.546186 -0.171206 -0.621995
-0.681234 0.426644 -0.433252
-0.694455 0.437931 0.260732
-0.455506 0.374905 -0.651791
-0.0573762 -0.285671 -0.814384
-0.826906 0.286471 0.10739
0.825556 -0.0212783 0.0634909
0.191804 -0.585138 -0.610995
-0.272733 0.822518 -0.292588
0.6222 0.463728 -0.080131
0.640936 -0.302967 -0.58435
0.0528569 0.595529 -0.672632
-0.722816 0.240184 -0.461106
-0.11195 -0.614769 0.634595
-0.236397 0.469838 -0.732971
0.857985 0.0381404 -0.238668
-0.0965791 0.510698 -0.737905
-0.0546711 -0.722166 -0.45397
0.501592 0.0495371 -0.745542
-0.0594046 0.573789 0.523469
-0.769955 -0.358813 0.190598
0.413826 0.358574 -0.625276
-0.346771 0.815236 0.00536791
-0.802259 0.348844 -0.0097395
-0.210078 -0.803718 -0.0260322
0.339177 -0.387798 0.631232
-0.605788 0.532172 0.267818
-0.732527 -0.383402 -0.138418
-0.327331 0.364584 0.687948
-0.345514 -0.504876 -0.539656
-0.454069 0.661551 0.279504
0.829684 -0.0800924 -0.341033
-0.164157 0.593687 0.516278
-0.0903871 -0.0769265 -0.835123
-0.37202 0.0466149 0.790362
-0.772377 0.129484 -0.380222
-0.752803 0.188272 -0.409654
-0.500075 -0.23633 0.692618
0.377741 -0.435385 -0.681709
-0.328413 0.342451 0.702903
-0.332109 0.766407 0.228844
0.0402261 0.234177 -0.866556
0.369922 -0.00843698 0.683949
0.278038 0.278276 -0.784195
-0.531508 -0.302046 0.651983
-0.751526 -0.450636 0.175606
-0.462199 -0.40132 0.671101
-0.420313 -0.233811 -0.660435
-0.148371 -0.816238 0.016112
-0.160723 -0.385246 0.797198
-0.36448 -0.754522 0.416069
-0.278729 -0.314435 0.806625
-0.455092 0.0205103 0.762058
0.405943 -0.702246 -0.257924
-0.805136 0.293515 -0.209269
-0.62058 -0.271969 0.56675
0.745395 0.165285 -0.420436
-0.773977 -0.287319 -0.149707
-0.785314 -0.200299 0.306376
0.311505 -0.754824 0.000194191
-0.589835 0.28263 -0.60577
-0.341174 0.733124 0.279685
0.0769056 -0.187493 0.840686
-0.37983 -0.63572 0.562897
-0.463458 0.733978 0.102736
-0.763135 -0.397809 0.191704
-0.838273 0.118901 0.0174604
0.123155 -0.201467 0.825884
-0.640724 0.244056 0.530801
0.153767 -0.509362 0.638246
-0.0607534 -0.659741 0.575894
-0.317823 -0.436382 0.751515
-0.831517 0.220583 -0.100797
-0.123247 -0.117738 -0.821097
-0.296054 0.846632 -0.0374512
0.349995 -0.545571 -0.591533
-0.0438267 0.762498 -0.497773
-0.303285 0.863002 -0.143083
-0.168669 0.466124 -0.758953
0.742045 -0.436497 -0.170776
-0.629793 0.475164 0.335713
-0.365761 0.230168 -0.726312
-0.020611 0.828524 0.192949
0.339447 -0.245657 -0.822654
-0.208287 0.293292 0.757903
0.506948 0.272961 -0.618678
0.110715 0.507535 -0.714308
-0.368124 0.0835689 -0.726305
-0.388909 -0.455674 -0.546629
-0.56578 -0.693984 -0.00725119
0.882844 -0.0228156 -0.160682
-0.573242 0.514815 0.364365
-0.53079 -0.0742937 -0.654584
0.475473 0.39837 0.345243
0.877333 -0.00140434 -0.141336
0.739523 0.0892291 -0.474078
-0.732838 -0.275683 -0.349393
0.784919 -0.244172 0.151794
0.667026 0.0269331 0.31916
-0.534886 -0.187232 0.675931
0.318083 -0.140819 -0.853679
-0.532682 0.022385 -0.656512
-0.0994675 -0.711319 -0.466555
-0.0465035 -0.66965 -0.545658
-0.503546 -0.620546 -0.283452
0.00216919 0.846214 -0.331912
0.414492 -0.0903442 0.644549
0.836779 0.106688 -0.153953
-0.367255 0.039022 0.794153
-0.397806 0.0500349 0.78137
0.774831 -0.349184 0.0558403
-0.569938 -0.175673 0.639675
-0.336737 0.779208 0.193394
0.42204 0.663733 -0.248772
0.617156 0.46576 0.0403624
0.83415 -0.200776 0.0602954
-0.721565 -0.514979 0.14019
-0.8065 0.323142 -0.188529
-0.0565679 0.885242 -0.235588
0.439257 -0.629782 0.328585
0.664153 0.397934 0.0681493
0.8409 0.0278131 -0.328649
-0.289764 0.397565 0.670941
0.663809 0.401514 -0.186311
0.483093 -0.62219 0.294268
-0.174031 0.426211 -0.785782
-0.637301 0.525037 -0.373532
-0.489884 0.594713 -0.431297
0.230946 -0.286516 -0.829426
0.582746 -0.470077 -0.508795
-0.122124 -0.0875589 -0.822815
0.340579 -0.588023 0.444225
-0.0105898 0.836895 -0.355522
0.509192 0.577042 -0.234684
0.794099 -0.214081 0.136095
-0.173746 -0.800056 -0.106322
-0.227974 -0.246617 -0.749385
0.107819 -0.428372 -0.763217
0.563118 -0.640217 -0.0841332
-0.185078 -0.498083 -0.63143
-0.549669 -0.178129 0.661409
0.573451 -0.377231 -0.60825
-0.77957 0.232343 -0.331392
-0.0150816 0.3414 -0.840765
0.391782 0.280833 0.520311
-0.814519 -0.0927242 0.0695865
-0.362924 0.627025 -0.487563
-0.581462 0.11466 0.627852
0.0604578 -0.240281 0.830427
-0.235376 0.340067 -0.777612
0.684421 0.298141 0.153669
0.504512 0.516542 0.193869
-0.792263 0.370874 -0.046872
-0.732324 -0.495661 0.245457
0.113205 -0.67703 -0.515842
-0.747243 0.26044 -0.400628
0.203881 0.19348 0.747197
0.554239 0.0636344 0.48005
0.675085 0.375067 -0.230157
-0.0355301 -0.818816 -0.0977796
-0.454376 -0.181909 0.739898
0.718679 -0.0281429 0.247642
-0.195681 0.118798 -0.798658
-0.00421452 0.19425 -0.878687
0.00410661 -0.691732 -0.515329
-0.277465 -0.0339041 -0.760722
-0.774195 -0.0846362 -0.381875
0.0217809 0.64531 0.438993
0.523913 0.0305193 -0.740351
0.228673 0.613831 -0.51224
-0.634511 0.446171 -0.475345
0.0265147 0.529988 -0.734981
0.0831083 -0.820533 -0.0471615
-0.472358 0.339252 0.618957
-0.0435729 -0.276994 0.833582
-0.787332 -0.160042 0.354097
0.130892 0.245431 -0.840931
0.352781 0.728231 -0.181927
0.325569 0.773728 -0.0299562
0.0110973 0.388085 0.669736
0.127203 0.718137 0.323925
-0.796052 -0.151126 0.243362
0.672153 -0.146597 -0.614096
-0.561761 -0.61717 0.421502
-0.304023 -0.421573 -0.623893
0.0682562 0.78692 -0.441285
0.671033 -0.491365 -0.292904
-0.0406207 -0.192515 0.865682
0.802573 -0.158313 -0.37046
0.0979179 -0.76865 0.214407
-0.727887 -0.499369 0.300617
0.120891 0.185781 0.780784
-0.778187 -0.125356 -0.322178
0.282882 0.382936 0.54953
-0.0725387 0.80327 -0.417472
-0.825434 0.251883 -0.144387
-0.461557 -0.410513 -0.526372
-0.14364 0.421679 0.655089
-0.521108 -0.719789 0.309415
0.763225 0.140525 -0.409728
-0.695662 0.139913 0.491667
-0.0631218 0.863162 0.125807
0.477312 -0.578833 -0.461485
-0.472431 0.307819 0.635739
-0.108827 -0.491139 -0.668434
0.252635 -0.565204 -0.618614
-0.679038 0.578027 -0.101923
0.606774 -0.26319 0.418893
-0.0375825 -0.0697576 -0.855148
-0.286147 0.412704 0.659562
-0.188023 0.803328 0.253836
0.823632 0.103024 -0.0406775
-0.726741 0.173625 0.435296
-0.831603 0.283773 -0.0803815
-0.836246 0.142375 -0.0707231
0.162499 0.70875 0.309765
0.020009 0.644257 -0.62878
0.268436 -0.399654 -0.770214
-0.443538 -0.235979 0.731895
-0.637876 -0.54184 -0.130489
-0.18333 -0.353277 0.813812
0.141213 0.812544 -0.290453
0.182835 -0.457346 -0.753715
-0.718391 -0.393027 0.410459
0.0504474 0.285458 0.745292
-0.480003 -0.699346 0.391817
0.629924 0.105611 -0.616512
-0.300372 -0.366112 0.783064
0.268782 0.529611 -0.571068
0.349941 -0.259035 -0.813286
0.478165 0.165119 0.51174
-0.577671 -0.510379 0.529632
-0.588302 0.525509 0.315895
0.397958 -0.165734 -0.824034
-0.158067 -0.729592 -0.392397
-0.695477 -0.0922177 -0.522173
-0.201871 0.821316 0.185362
-0.580983 -0.499746 -0.314913
-0.659689 0.117399 -0.572286
-0.730847 -0.500776 0.241202
-0.371657 0.529662 0.505475
0.129495 0.815289 0.118708
0.152229 0.0125433 0.809018
0.368233 -0.627275 -0.482188
0.569116 -0.523817 0.299202
-0.35821 -0.0528775 0.814843
-0.396879 0.0490859 0.781946
-0.145027 -0.660132 0.594273
-0.766451 -0.28112 -0.194278
-0.700644 0.531974 -0.180096
0.623169 -0.425621 0.327675
-0.125404 -0.208663 0.87577
0.585115 0.325922 0.276643
0.590306 -0.280396 -0.665535
0.284495 -0.534054 -0.646441
-0.751469 0.0376917 0.417911
-0.190026 0.667213 -0.564012
0.0495542 -0.756992 -0.381505
-0.482035 -0.497083 -0.435442
-0.19042 0.625041 -0.606196
-0.708608 0.244298 0.443986
0.220974 -0.449664 0.670686
0.527582 0.53129 -0.27337
0.090905 0.440199 -0.777939
-0.50436 0.733256 -0.0875128
-0.771833 -0.0948594 -0.381824
-0.0444044 0.523509 -0.738246
0.159208 0.824032 -0.229958
-0.0740027 -0.772044 -0.302839
-0.270372 -0.0487762 -0.763261
0.241422 0.59314 -0.524841
-0.788452 -0.169315 0.325415
0.0725411 -0.64634 0.523627
0.107516 0.817047 -0.321524
-0.562722 -0.524654 -0.311483
0.524439 -0.321632 0.48568
-0.0455927 0.821157 0.226789
0.849288 0.0565387 -0.267338
-0.187919 0.143083 0.816701
0.388729 -0.601367 0.397928
-0.687122 -0.596157 0.227105
-0.646847 0.492172 -0.41282
0.306384 0.257629 0.617101
-0.674486 0.497783 0.179688
-0.177064 0.0937873 -0.805696
-0.764586 0.360665 -0.327017
0.750355 0.258874 0.0119827
0.151705 0.756951 0.252182
0.0619254 -0.614126 0.565878
0.0838542 -0.778254 0.18245
-0.156039 0.00212965 -0.811949
0.807588 0.19352 -0.25578
-0.190387 -0.618187 -0.554548
-0.630849 -0.0797564 0.582992
0.652292 0.309031 0.192261
-0.253596 -0.539058 0.684285
0.664464 -0.149333 0.349835
-0.627398 -0.646328 0.11563
0.317334 -0.0243748 0.720098
-0.0801097 0.752259 -0.513341
0.849502 -0.215144 -0.055773
0.526299 0.0783644 -0.722592
-0.769369 -0.139164 0.410993
0.593679 -0.397127 0.390872
-0.131953 0.781293 0.311244
-0.182531 -0.778323 -0.209078
-0.646649 0.23045 -0.569287
0.555907 0.00397897 0.491542
-0.382888 -0.638938 -0.393211
0.47288 -0.607538 -0.43032
0.288633 0.489118 0.44775
-0.51295 0.473503 0.477574
0.10668 -0.607609 0.550639
-0.692267 0.425752 0.296269
-0.313289 -0.668616 -0.419442
-0.392482 -0.193782 -0.688692
-0.202006 -0.605787 0.637225
0.691816 0.366915 -0.173816
-0.80478 0.334216 0.0780574
0.0473283 -0.315226 0.802106
0.729189 0.116294 -0.47845
-0.120065 0.815078 0.259724
0.0678348 0.0343961 0.838193
0.810798 -0.0896032 -0.379226
0.346362 0.369616 0.500761
-0.637522 0.515711 -0.390696
0.230025 0.747944 -0.338832
0.0615198 0.141521 0.817704
-0.5818 -0.138159 0.633516
0.590291 0.00186491 -0.702972
-0.727481 0.488509 -0.0509216
-0.300468 -0.532958 0.683888
-0.773739 -0.299253 0.253428
-0.357291 0.531917 0.511026
0.00456328 -0.773161 0.307901
0.682695 -0.295902 -0.527385
-0.149344 0.886178 -0.234723
-0.51794 -0.158571 0.699685
-0.112095 0.819744 -0.380853
-0.567743 0.567657 0.271261
-0.833637 0.206447 0.169667
0.304718 -0.256401 -0.825694
-0.516775 0.58559 0.335794
-0.316223 0.294372 0.725629
-0.711934 -0.453687 0.397886
0.345549 0.638896 0.235503
0.0318144 0.808145 0.215295
0.322904 -0.0144251 0.715155
-0.366571 -0.627876 -0.415305
0.378881 -0.224172 0.640014
-0.269559 -0.0499525 -0.763566
0.443591 0.034969 0.614663
-0.73132 -0.362216 -0.183984
0.566388 -0.148659 -0.71439
-0.513717 -0.37246 -0.516658
-0.60254 0.506762 -0.453403
-0.290551 -0.525628 -0.563112
-0.634786 -0.643251 0.138475
0.54653 -0.654752 -0.0886601
0.607707 0.0149439 -0.676757
-0.694676 0.518932 -0.245963
-0.164691 -0.67224 -0.528309
-0.278836 -0.255939 -0.719487
-0.475356 0.689315 0.18513
0.0430214 0.469753 -0.770764
0.782104 0.0184198 0.124836
-0.376808 0.426319 0.603849
0.41347 0.608258 -0.328248
0.065568 -0.789595 -0.254613
0.370537 -0.238946 0.643064
-0.463304 -0.700154 -0.192295
0.610047 -0.380794 0.377133
-0.651447 0.59614 -0.0243436
0.231539 -0.0185752 -0.87102
0.176634 0.838321 -0.0548285
0.885505 -0.0399446 -0.20418
0.0451904 -0.407945 0.760485
0.52959 0.472369 0.217395
-0.0419899 0.459264 0.617325
-0.235318 -0.774474 0.427857
0.345267 0.512745 0.365401
0.578055 0.472992 0.119414
-0.628798 0.606469 0.0446491
-0.504087 -0.232855 0.690835
0.790392 -0.0959617 -0.421809
-0.0192751 -0.0105478 0.874972
-0.582599 0.549355 -0.405625
0.471097 -0.582129 0.349443
0.871342 -0.143565 -0.212208
-0.0827155 -0.828169 0.13518
0.343881 0.754912 0.0287855
-0.772832 0.373742 0.122084
-0.121383 0.514705 -0.729658
-0.184307 0.7149 0.40248
-0.316381 0.227247 -0.747554
-0.762682 0.395662 0.108578
0.676782 -0.0548413 -0.608431
0.519532 -0.513028 0.366464
-0.765515 -0.4064 0.154181
-0.826179 0.0557543 -0.122698
-0.202198 0.544091 -0.680122
-0.0873214 0.337499 -0.833513
-0.234462 0.816305 -0.331275
-0.678365 0.430533 0.329953
-0.128355 -0.214931 -0.808382
0.81147 -0.0721583 0.10087
0.121451 -0.177556 0.831792
0.792513 0.172748 -0.0245495
0.594352 -0.394384 -0.577914
-0.224444 0.748885 -0.430993
-0.545588 0.364028 0.547366
-0.804516 0.108202 -0.307734
0.312134 0.455357 0.458338
-0.241564 0.79041 0.244921
-0.0736657 -0.176987 -0.83706
-0.0579097 0.323357 -0.842676
0.810344 -0.28913 -0.278227
-0.428273 0.398937 -0.656176
0.562709 0.444361 -0.346487
-0.793612 0.0766613 0.343473
0.34135 -0.758195 -0.148
-0.163839 -0.133055 0.890271
0.690158 -0.259653 0.302058
0.882644 -0.0609491 -0.230547
0.0296153 0.439704 -0.794263
0.680533 -0.0450696 0.311899
-0.12711 0.562153 0.541048
-0.285305 0.82975 0.0630784
-0.191773 0.801085 -0.385714
-0.746504 -0.350234 -0.158819
-0.416252 0.49375 -0.593897
-0.62762 0.360456 0.463691
-0.684776 -0.23593 -0.462954
-0.755651 0.258345 0.358262
0.156317 0.846292 -0.0761853
0.112644 -0.40519 -0.781276
-0.387561 0.711629 0.269444
0.714815 -0.175599 0.267352
-0.831768 0.280932 0.0992869
-0.482363 -0.217788 -0.637706
-0.575434 -0.0119151 -0.637937
0.667175 0.0686787 0.302572
-0.268317 -0.448691 0.749151
-0.545987 0.688986 -0.184808
-0.182068 -0.0564374 -0.799608
-0.354708 0.0608341 -0.731281
0.335706 -0.547831 0.495646
0.813603 -0.325123 -0.193862
-0.308478 0.416936 0.647908
0.120301 0.237256 -0.845464
0.840409 -0.216399 -0.247618
0.152606 -0.51386 0.634131
0.287233 0.526158 0.411129
0.4456 0.66854 0.0301936
-0.59648 0.416598 0.44316
0.614757 -0.519691 0.251891
0.0458999 -0.106203 0.865818
0.292505 -0.505644 -0.669259
0.303887 0.465928 0.455933
0.479897 0.21587 -0.686358
-0.29884 0.796966 0.175026
-0.637974 0.152632 -0.591725
0.0829509 -0.385474 -0.790855
0.303961 -0.364501 -0.773554
-0.646223 0.526284 -0.357498
0.400605 -0.601483 0.390329
-0.38951 -0.230605 0.767167
-0.262124 0.25907 -0.769656
0.543448 0.404314 -0.424592
0.710647 0.340911 -0.172035
-0.529452 -0.452698 0.606143
0.64312 -0.486312 -0.387006
0.140711 0.0171293 -0.884665
0.00471997 0.144203 0.837511
0.3732 0.244461 -0.749868
0.0216328 0.557651 0.525707
0.874792 -0.0156376 -0.0542291
0.620582 0.100382 0.361928
0.791784 -0.100188 0.13619
0.865664 -0.119742 -0.24195
-0.762063 0.2119 0.36325
-0.100652 0.515126 -0.733532
-0.700475 0.00973896 -0.530762
-0.285201 0.200832 0.769513
-0.245942 -0.317053 0.823472
-0.814773 -0.0959801 -0.00714413
-0.0578938 0.575269 0.52197
0.787221 -0.1039 -0.426091
0.711648 0.337702 -0.06721
0.256584 -0.110695 -0.869779
-0.178576 0.833315 -0.346122
0.251885 -0.765213 0.0253961
-0.0111753 -0.742071 0.408493
-0.38388 -0.793102 0.135516
0.0832664 0.835786 -0.299149
-0.499243 0.0422398 0.720822
0.108716 -0.817751 -0.121525
0.585062 -0.578004 0.204087
-0.751575 -0.198327 -0.365337
0.393427 -0.506557 -0.601329
0.342505 0.74542 0.079953
0.780636 0.0596297 -0.425482
-0.281842 0.748277 0.294384
-0.59371 0.532211 0.291631
0.214229 0.503229 -0.641341
-0.150151 -0.343003 0.821878
0.586759 0.496467 -0.209313
-0.577875 -0.593125 0.437125
0.0645482 -0.203542 0.840003
-0.675578 0.0715007 0.523908
-0.0606307 0.906597 -0.144099
0.550618 0.262093 0.363963
0.0219636 0.881619 -0.23283
-0.0364263 0.522398 -0.739653
0.203395 0.352487 -0.78915
0.776671 -0.320335 -0.34077
-0.740792 0.405793 -0.339444
-0.146957 -0.0587074 -0.814081
-0.608706 -0.609401 -0.0656293
-0.799949 0.295171 -0.228895
0.245036 0.456275 0.526155
0.640608 0.409724 0.10031
-0.697503 0.509515 0.0859675
0.431676 0.470591 0.320106
-0.597426 -0.676538 0.0744174
0.0058605 0.830059 0.173429
0.851578 0.00125172 -0.303369
-0.110148 0.542755 0.556372
0.831356 0.0965463 -0.319308
0.314519 0.225128 -0.783951
-0.0319794 0.17264 -0.867673
-0.372003 -0.577341 -0.455922
-0.271446 0.745558 -0.398403
-0.0801214 0.150976 -0.847353
-0.733097 -0.436879 0.378111
0.737549 -0.274026 0.229609
-0.677108 -0.384336 -0.314485
-0.539404 0.110053 -0.654475
0.614322 -0.569618 -0.222333
-0.762642 -0.19675 -0.316963
0.144561 0.294927 0.728404
-0.816256 -0.0626972 0.0975151
-0.381821 0.074886 0.778692
-0.189176 -0.326857 0.828812
-0.616872 -0.374773 0.544884
-0.0240408 -0.64657 -0.569147
-0.510292 -0.704714 0.356162
0.426685 -0.665654 -0.347267
-0.188133 0.00295619 0.856377
-0.362937 -0.644674 0.557967
0.190649 -0.502732 0.628077
-0.085313 -0.656702 0.589537
0.338857 0.646762 0.234283
-0.033833 -0.316658 0.815682
0.37025 0.0543008 0.669838
-0.0369499 0.845869 -0.333666
-0.662639 0.315009 0.454771
0.107115 0.319329 0.716333
0.380457 -0.231521 -0.815136
-0.231085 0.350869 0.717157
0.00457139 -0.0376038 0.870657
0.824536 -0.148798 0.0845455
-0.0332062 0.826572 0.205422
-0.735378 -0.122401 -0.453371
0.212409 0.444534 0.56901
0.00392447 -0.232517 -0.863641
0.884917 -0.109587 -0.183651
0.168303 -0.769857 -0.314108
-0.494723 -0.174884 0.713955
0.788744 0.154773 0.0623249
0.184907 -0.730794 0.277718
0.49585 -0.296345 -0.712113
-0.0565354 -0.742149 0.433612
-0.376259 -0.224219 0.77571
-0.772923 -0.161796 -0.30744
-0.435083 0.133468 0.740443
-0.320563 0.83741 -0.0443028
-0.484985 0.507084 -0.536526
-0.180927 0.568418 -0.669245
-0.0774672 0.403363 0.664447
-0.0302285 -0.746851 0.409071
0.0136074 0.649432 0.436463
0.853677 -0.219712 -0.120774
0.130725 -0.557002 0.59636
-0.619249 0.206655 0.563757
-0.0243773 -0.225138 0.851414
-0.146812 -0.832694 0.174836
0.212495 -0.759632 -0.342041
-0.617774 -0.552786 0.443992
0.405815 -0.426816 0.566718
-0.12283 -0.50286 0.727277
-0.73782 -0.160889 -0.428994
-0.830816 0.275452 -0.0898716
0.19492 0.450485 -0.705052
-0.772261 -0.304318 -0.134845
0.694752 0.0441315 0.265994
0.745397 0.0607552 -0.476825
0.152621 0.379111 -0.796977
-0.760891 -0.378715 0.245475
0.237763 -0.715744 -0.428823
-0.223484 -0.503062 0.715269
0.24435 0.303924 -0.791639
-0.230207 -0.650595 0.589128
-0.726756 -0.42601 -0.0731005
0.144558 0.155635 -0.856832
-0.198559 0.122741 -0.797573
-0.542252 0.260592 0.606188
0.0324682 0.651635 0.430648
0.721155 -0.0160953 0.240623
-0.434994 -0.78648 0.156496
0.704859 -0.491041 0.0194213
0.594518 -0.410479 -0.562311
-0.706582 -0.456547 -0.0777699
0.377465 -0.629401 0.37127
-0.405395 0.214765 0.723609
-0.588899 0.55838 -0.37981
0.812363 0.122521 -0.0163496
0.0982204 0.555821 -0.678102
-0.0900375 -0.739639 -0.399785
-0.0866186 -0.135432 0.891382
-0.290642 -0.462133 -0.608503
0.249394 0.74942 0.183207
-0.277242 0.568206 -0.607868
-0.0819157 -0.60116 0.645043
-0.152858 -0.141428 0.894836
-0.356908 0.757629 -0.312962
-0.778619 -0.140097 0.397759
0.249979 -0.68882 0.351808
0.757402 0.27576 -0.206877
-0.395942 -0.50812 0.675198
-0.521016 -0.68701 -0.116688
0.416486 -0.0969069 -0.816022
0.534266 -0.225326 0.502096
0.256064 -0.756614 0.065326
0.036721 -0.828185 -0.0943074
-0.374972 0.750426 0.201175
-0.475993 0.730705 -0.215659
0.109842 -0.814814 -0.136437
-0.583756 0.274573 0.566932
0.0482603 0.386673 -0.813986
-0.472601 0.48715 -0.564504
0.0111748 -0.175225 -0.868814
-0.733835 0.194136 0.41989
-0.307898 0.151027 -0.752862
0.711187 -0.287565 0.26514
-0.690304 -0.431024 0.434892
-0.205374 -0.828048 0.19998
0.0893899 -0.772786 0.203969
0.345579 0.207184 0.611892
0.422073 0.0514826 -0.78221
-0.282645 -0.24121 0.821596
-0.690229 -0.332424 0.465237
0.80465 -0.303908 -0.00114456
0.257266 0.367954 -0.735333
-0.671068 0.579018 -0.177751
-0.310738 0.280465 0.732881
-0.345594 -0.199304 0.797841
-0.807625 -0.157719 -0.0978848
0.522325 0.602732 -0.0765414
0.386021 0.363349 0.467391
-0.0185882 -0.829684 -0.0180078
-0.533553 -0.463589 -0.412884
0.458024 -0.0424716 -0.79134
0.30578 0.579921 0.336874
-0.396718 0.750538 0.167609
0.302606 -0.762647 -0.199748
0.0307656 -0.624899 -0.59272
0.536024 0.530095 0.101878
0.626466 -0.52165 -0.365476
-0.0259221 0.607135 0.486134
0.251193 -0.694357 0.333132
-0.528705 0.65623 -0.281508
-0.717086 0.407715 -0.384459
0.626332 -0.455316 -0.48067
0.323883 0.317381 -0.730298
-0.182291 -0.811534 0.0137027
0.697732 -0.220559 0.296406
-0.682633 0.492588 -0.335349
-0.783759 -0.305131 0.146124
-0.713657 -0.492046 0.0400068
-0.127182 0.748467 0.35636
0.065751 -0.722044 0.407691
-0.630111 0.115118 -0.606375
-0.126687 0.325984 0.728778
0.107131 -0.787885 0.100099
0.60645 0.479016 -0.16845
0.0174414 -0.683827 -0.526453
0.794182 0.0793285 0.0840606
-0.0141741 0.905156 -0.112276
0.449026 -0.714238 0.0276207
-0.811009 -0.0475599 -0.252727
0.290236 -0.782238 -0.116423
0.154775 0.741882 -0.429399
-0.477091 -0.546981 -0.395842
0.43242 -0.589173 -0.48417
0.391204 0.220088 -0.748482
0.583548 0.517162 -0.114222
-0.160304 -0.301893 0.840701
-0.0443129 0.338473 -0.838888
-0.47576 -0.644266 0.466798
-0.399849 -0.641792 -0.377892
-0.117164 0.903539 -0.155566
-0.613664 -0.31912 -0.463913
-0.385668 -0.774542 -0.0773772
-0.791405 0.327878 0.1637
0.591793 -0.578671 0.183333
-0.62949 0.523608 0.238262
-0.310051 -0.11275 0.833049
0.587943 0.0318485 -0.695005
-0.241929 0.0824813 0.818352
0.531803 -0.0646373 0.528973
-0.62577 -0.361931 -0.405253
0.285073 0.253581 0.640136
0.282541 0.451637 -0.639643
0.641994 0.435057 -0.0402414
-0.0714489 0.00625581 0.889034
0.0589588 -0.731487 0.390695
-0.207482 0.887278 -0.0513951
0.319777 0.208326 -0.786375
-0.207619 -0.385933 0.792156
-0.364952 -0.800898 0.190028
-0.0530699 0.797854 -0.430381
-0.00194001 0.770487 -0.48449
0.0305851 0.266502 -0.860783
0.086636 0.737879 0.329827
0.0933342 0.871749 -0.125061
-0.16038 0.854845 0.117545
0.38081 -0.552694 -0.564013
0.673491 0.0622128 -0.575749
-0.391839 0.263407 0.706559
0.664223 -0.412721 0.285615
-0.49475 -0.747409 -0.00611166
0.28278 -0.465026 -0.715947
-0.113875 -0.758539 0.431138
0.408229 -0.526568 0.474558
0.537865 -0.652229 0.141097
-0.645102 -0.593604 0.04015
-0.450573 0.745119 0.093863
-0.368716 -0.696056 0.492259
-0.323089 0.394168 0.662082
-0.0756591 0.383983 0.679492
-0.395259 0.37137 0.64596
-0.576929 -0.674377 0.303882
0.50426 0.0112346 0.559768
-0.627769 0.0373236 -0.61739
-0.54956 -0.351464 0.625296
-0.573723 -0.643429 -0.114972
0.467578 0.119057 0.551462
0.168424 0.62049 0.407801
0.48412 0.390873 0.343255
-0.173746 0.056524 -0.806073
0.452839 -0.72366 -0.032191
-0.506515 0.569249 0.379092
-0.670001 -0.255386 0.513299
0.0828721 -0.203883 0.835433
0.245045 0.140671 0.743593
0.0231736 -0.0980742 0.872078
-0.663256 -0.419765 -0.289235
0.782082 -0.38487 -0.156378
0.0715666 -0.709673 -0.482688
-0.80072 -0.093411 0.276939
0.0164141 0.899251 -0.161588
-0.0481233 -0.668168 0.559844
-0.239433 -0.797602 -0.0475993
0.0366211 -0.398575 -0.773189
0.415201 0.540715 -0.410611
0.0303043 -0.604045 -0.612392
-0.288314 0.0648278 -0.758871
0.679506 0.164581 0.244061
-0.599056 -0.122906 0.617407
0.468859 0.0139749 0.598664
-0.274198 -0.376595 0.79108
0.355654 0.248657 0.575611
0.589516 0.419916 0.202064
-0.261935 0.785581 0.240982
0.584444 -0.385188 -0.593319
-0.340436 -0.694796 -0.352166
0.452566 0.0370586 0.606204
-0.649541 0.0501239 0.55605
0.502223 -0.630832 -0.33962
-0.476443 -0.24841 -0.625277
0.284447 0.76789 -0.173339
-0.268372 0.0153756 -0.765804
-0.4272 0.291248 -0.69745
0.153077 0.0787843 -0.870974
-0.114455 -0.714604 -0.451086
-0.424715 -0.356165 0.710457
-0.535398 -0.551114 -0.318406
-0.66558 0.504088 -0.361493
-0.79449 0.29559 -0.250241
0.442504 -0.708192 -0.167595
0.832442 -0.171643 -0.291817
0.735889 -0.449405 -0.147096
0.0925347 -0.722445 -0.453666
0.299179 0.542465 0.382125
-0.738285 0.444527 0.0873409
0.0933936 -0.773925 -0.311563
0.518621 -0.204195 0.52219
-0.237295 -0.613029 0.627619
-0.707839 -0.454861 -0.0770517
0.736115 -0.224378 -0.491477
-0.0334556 0.101553 0.865467
0.570778 -0.0537029 0.477886
-0.0430523 0.0426101 0.876091
0.657769 0.035469 0.33081
-0.185469 0.330141 0.729955
0.701284 0.337551 0.0712145
-0.495128 0.734123 0.0441313
0.277834 0.734804 -0.312047
0.282453 0.774597 -0.146145
-0.376678 -0.275563 0.763528
0.225749 -0.628321 -0.545223
-0.55796 -0.376174 -0.472993
-0.592218 -0.440521 -0.365313
-0.364403 0.638542 0.389791
-0.284899 0.620087 0.454405
0.106005 0.483727 -0.73971
-0.363706 0.393616 -0.705133
-0.802164 -0.208537 -0.0303648
0.486338 0.602668 0.0696646
0.29145 -0.565232 -0.607039
0.562088 0.282528 -0.550291
0.0783779 0.302082 0.732036
-0.190558 0.230626 0.789037
-0.123618 -0.542017 -0.630489
-0.816313 0.209348 -0.208733
0.700207 0.188323 -0.474186
-0.513777 0.729039 -0.0544136
-0.123916 0.803776 -0.409592
0.874867 -0.122975 -0.21821
-0.2108 0.718962 -0.482515
0.0249021 0.311375 0.728789
0.267254 -0.732815 0.176357
-0.0139226 -0.0256257 -0.865881
-0.417009 -0.238823 0.749463
-0.190065 -0.296456 -0.743177
-0.828057 0.0318214 -0.0368549
-0.215402 0.89256 -0.190578
-0.418581 0.196576 0.725161
-0.4821 -0.423412 0.649611
-0.372158 0.579154 -0.536154
0.351321 -0.642455 0.371982
0.330336 0.601043 0.289993
-0.713727 0.337564 -0.457232
-0.434665 0.57625 -0.499105
-0.29155 0.526119 -0.641068
-0.325502 0.210248 0.753505
-0.232988 0.189711 -0.784141
0.152685 -0.0845209 0.827195
0.141798 -0.548522 -0.67115
0.354733 0.518594 0.349685
-0.235304 0.839572 0.0920177
-0.395076 -0.129673 0.787715
0.408852 0.316493 -0.667104
0.318243 0.137153 -0.807127
-0.74474 0.209178 0.39927
-0.180206 0.214191 -0.806241
0.777594 -0.0975512 -0.449323
-0.25982 -0.618135 0.618165
-0.134889 0.857011 0.133439
-0.728659 0.0128627 -0.480297
-0.581421 -0.254293 -0.56307
-0.0241628 0.0970336 -0.867337
-0.699524 -0.328829 0.454396
-0.150693 -0.240423 -0.790414
-0.178895 -0.745832 -0.341505
0.11029 0.778882 0.232065
0.348921 -0.68135 -0.407284
-0.110601 -0.482808 -0.672849
0.0996795 -0.726386 -0.444667
-0.776596 0.377493 -0.255208
-0.124666 0.298788 0.748494
-0.28271 0.437526 -0.734448
-0.165068 0.0779865 0.841801
-0.158074 -0.30039 0.8411
0.517528 -0.513738 0.367992
0.748404 0.286562 -0.0954032
0.213386 0.625858 -0.512565
0.523313 -0.0200739 0.537237
0.156817 0.212345 -0.841507
-0.634697 -0.0173505 -0.613201
0.727362 -0.243044 0.24747
-0.113008 0.857882 -0.305333
0.165192 -0.756136 -0.368938
0.163986 0.83632 -0.158056
0.722334 -0.429012 0.135678
-0.76379 -0.421155 0.135226
-0.348367 -0.619513 -0.436434
0.758923 0.0433795 0.156314
0.0790668 0.873137 -0.197859
0.0779725 0.227599 0.779444
-0.0513189 -0.126591 0.886235
-0.445599 -0.490126 0.648305
-0.517456 0.225135 -0.661365
0.314584 -0.121853 0.717142
-0.764108 0.400706 -0.254339
-0.307462 0.374513 -0.745195
0.215814 -0.34126 -0.810121
-0.405099 -0.594176 0.592965
0.437983 -0.709628 0.0694172
-0.292262 -0.538442 0.680519
-0.770044 -0.389403 0.138561
0.193156 0.824945 0.0345118
0.736117 -0.443199 -0.172054
0.448543 -0.648996 -0.366365
0.149863 -0.109875 -0.886796
0.359866 -0.428034 -0.700608
0.791252 -0.345394 -0.0547465
0.0770749 0.761165 0.30893
0.0610191 0.868318 0.0412761
-0.528164 0.33611 -0.62266
-0.066841 -0.260926 0.844205
-0.840737 0.226806 -0.0180366
-0.712991 0.242795 -0.479776
-0.0175772 -0.0404064 -0.863881
0.62434 -0.552784 -0.255888
-0.645782 0.299401 0.490764
-0.411898 0.772794 -0.229647
0.769713 0.0783747 -0.434045
0.631616 0.0878362 0.349939
0.545006 0.194848 0.415685
-0.826684 0.0101797 0.0211975
0.269336 -0.689705 0.331343
-0.597743 -0.650211 0.00262006
-0.810629 0.312782 0.111689
0.65391 -0.540652 -0.145092
0.713014 0.337542 -0.169513
0.334895 -0.271141 -0.812008
-0.349497 0.0611295 0.792862
-0.774125 0.28327 0.293908
0.146717 -0.759495 0.19723
0.029639 -0.755344 -0.386346
-0.640555 -0.42938 0.499026
-0.462271 -0.100558 0.757767
0.386077 0.613312 -0.354163
0.433623 -0.69956 0.128626
-0.101698 -0.765948 -0.316349
-0.63252 -0.403078 -0.353993
-0.146701 0.535323 -0.708006
-0.717371 0.498594 0.0189819
-0.0751669 0.869937 -0.274309
-0.195088 0.365157 0.703249
-0.80656 -0.151278 0.0842355
0.499566 0.0113782 -0.75703
0.301351 0.777315 -0.0835212
-0.617767 -0.447795 0.519668
0.541942 -0.640019 0.164209
-0.178785 0.657296 0.460082
0.222699 -0.75949 -0.333479
0.210337 0.135015 -0.844485
0.484057 0.168945 0.502534
-0.0656422 -0.156389 -0.840942
-0.202622 0.552289 0.557065
0.00107827 0.891025 -0.219515
0.0322642 0.340306 -0.833796
0.518696 -0.407315 0.468162
0.104775 -0.780291 -0.284326
0.621364 0.282394 -0.478903
0.785407 -0.378596 -0.158251
-0.228884 -0.812875 0.367594
-0.447423 -0.0535959 -0.689844
-0.839544 0.135346 0.0135453
0.295819 -0.514862 0.558178
-0.231947 -0.0749423 -0.778467
-0.145582 0.631993 -0.627873
0.213951 0.0517167 -0.861479
0.558686 -0.126718 -0.725435
-0.689222 0.441437 0.270887
0.0602618 -0.217501 -0.880748
0.776857 -0.27189 0.165599
0.759018 -0.376251 0.0788063
-0.0758201 0.135976 0.851057
0.223022 0.548841 -0.587138
0.382755 0.570857 0.267254
-0.199082 0.571179 -0.654857
-0.622326 0.409405 -0.509966
0.802077 -0.310513 -0.00507864
0.326242 0.00361844 -0.840268
-0.0793527 0.825028 -0.375227
0.476812 0.377802 -0.538238
0.0872899 0.258297 -0.848968
0.754858 -0.163861 -0.476867
-0.204718 -0.292095 0.847772
-0.263799 0.653548 0.428225
-0.78107 0.333761 0.198216
-0.602848 0.598608 0.134649
0.343942 -0.156147 -0.846019
0.123206 -0.79687 0.0308613
-0.759983 -0.044796 0.417048
0.388842 0.23808 0.550572
-0.0886376 -0.595709 0.651625
-0.14793 -0.82818 0.129332
-0.261719 0.848386 -0.266063
0.440497 -0.487701 -0.588742
-0.0433877 0.799516 -0.428529
0.00779898 0.796463 0.259809
0.149712 -0.127464 -0.883745
0.635442 0.44307 0.0107016
0.163432 -0.283981 0.789469
-0.663168 0.572392 -0.227993
-0.128937 -0.141064 -0.817968
-0.0372159 -0.514501 -0.674373
-0.80673 -0.133643 0.113491
0.279783 -0.395174 -0.76723
0.271914 -0.38223 0.684923
0.503229 0.616864 -0.146918
-0.462761 -0.776775 0.0967117
-0.511581 0.618067 0.280336
-0.349898 0.199429 -0.733789
-0.173688 0.403638 0.671488
0.564378 0.481266 0.135138
0.178983 -0.404276 -0.788003
0.392918 -0.317317 0.605611
-0.583016 0.114572 -0.635672
-0.0636767 -0.74828 0.424711
0.726263 -0.405933 -0.328179
0.204707 0.085991 0.774418
0.247811 0.634633 -0.46854
-0.695938 -0.452516 0.418781
0.100791 0.779087 0.240162
-0.109047 0.528329 0.567869
-0.597234 0.580543 -0.325645
-0.273164 -0.252442 -0.724054
-0.652506 0.538721 -0.323525
0.450422 -0.635026 -0.398644
0.324015 -0.633296 -0.504829
-0.426119 0.307273 -0.697218
-0.42636 0.791494 -0.140078
0.134847 -0.321074 -0.833568
0.77348 -0.269492 0.171179
-0.767608 -0.270335 0.361446
0.599227 0.0190301 0.427273
0.341951 -0.754718 -0.16113
0.409157 0.602747 -0.340218
0.750064 -0.344313 -0.377038
-0.634479 -0.103484 -0.599427
-0.365875 0.168618 -0.727612
0.624576 0.372621 -0.338791
-0.391987 0.398055 -0.682482
-0.1402 -0.18481 -0.807951
-0.824591 0.30592 0.0135809
-0.722242 -0.0481379 0.469333
0.446801 0.218908 -0.713368
0.267294 -0.776202 -0.20197
0.570887 0.521603 -0.193121
-0.707383 -0.54059 0.15336
0.171821 -0.342899 0.752826
-0.751803 0.0525076 -0.434285
0.0480972 0.857782 -0.273871
0.321544 0.476696 -0.584408
0.0415182 -0.349331 0.789189
-0.652009 0.260972 0.506428
0.369928 0.170801 -0.773281
0.186059 -0.688271 0.411587
-0.299909 0.0972006 -0.754937
0.539265 0.487922 -0.320302
-0.636925 0.457919 -0.4603
-0.736803 0.121412 0.428465
-0.636258 -0.339813 -0.415222
-0.639076 -0.442243 -0.301586
-0.52372 0.705553 0.0743466
-0.799509 0.22547 -0.266749
0.821855 -0.194543 0.0896666
-0.523682 0.66106 -0.27968
-0.796701 -0.259263 0.0328656
-0.399417 0.0132953 -0.711504
-0.0114466 0.752757 0.336192
0.101615 -0.237263 0.822693
-0.0199339 -0.765697 -0.364589
0.162158 -0.760632 -0.351705
-0.609028 0.634849 -0.201128
0.0347927 -0.516175 0.682214
0.0973381 0.276801 0.74771
0.467543 -0.604249 -0.438667
-0.168975 0.242562 0.788898
-0.834895 0.126508 0.157184
-0.13146 0.17394 -0.826716
0.119086 -0.481149 0.682033
-0.515811 -0.68771 -0.124797
-0.295527 0.535295 -0.629292
-0.0931358 0.902907 0.0167924
-0.659641 -0.411413 -0.308546
0.140535 -0.114589 -0.887447
0.520777 -0.243723 -0.726235
0.305906 0.627581 -0.420639
-0.0503577 -0.824304 -0.0295554
-0.72487 0.266416 -0.452611
0.0637032 -0.157792 0.850805
0.0138727 0.701746 0.384368
0.131126 -0.0812036 0.835076
0.843547 0.0686294 -0.0838745
-0.104759 0.885267 -0.236621
-0.528436 0.254947 -0.655602
0.137055 0.154972 0.784991
0.269503 -0.524371 0.562369
0.722276 -0.472823 -0.11119
-0.097417 0.281481 0.758116
-0.457752 -0.0405546 0.773895
0.698355 0.156521 0.218094
-0.125878 0.387587 -0.808278
0.0718909 0.310982 0.725553
0.47461 0.318496 -0.606918
-0.706751 -0.496056 0.0227498
-0.832027 0.0722765 -0.0283051
-0.450265 0.157734 0.719373
-0.788469 -0.239774 0.198019
-0.310163 0.569754 0.497111
0.132888 0.132877 -0.864704
-0.183387 -0.749738 -0.329511
-0.232911 -0.601303 0.637369
-0.659323 -0.170971 -0.537478
-0.744585 0.366437 0.250354
0.812648 -0.282877 0.00447494
-0.803424 -0.17031 0.0972999
0.365112 -0.198053 -0.833747
-0.597525 0.3596 -0.560956
0.543442 -0.134713 -0.734355
0.167491 -0.742819 0.253304
0.647979 0.427208 -0.0643261
-0.783813 -0.164808 -0.255014
-0.528253 0.621229 0.240954
0.505257 -0.0885471 -0.765629
-0.192877 -0.659936 0.587994
-0.474007 -0.463232 -0.471015
-0.293362 0.499419 -0.666777
-0.696791 0.284649 -0.503399
0.104647 -0.586174 -0.633482
-0.197427 -0.306556 -0.734459
0.705675 -0.294153 0.271251
0.60967 0.450669 0.0897109
-0.389679 -0.605273 -0.417619
-0.107701 -0.319884 0.827114
-0.0522932 0.2079 -0.860394
-0.686714 0.489204 -0.330389
-0.289726 -0.767371 -0.199896
0.314302 0.362723 0.535476
0.083719 -0.568416 -0.649072
0.65697 0.415917 -0.144629
-0.458807 0.414938 0.571279
-0.801574 0.199118 -0.272244
-0.323586 -0.256447 0.796248
-0.0519043 0.867213 0.108741
-0.558147 0.282687 -0.628085
-0.282864 0.705752 0.355066
-0.195255 -0.780131 -0.19287
0.179244 0.662678 -0.501263
-0.00109323 -0.816801 -0.127642
0.481693 -0.291626 0.532949
0.740383 0.239664 0.111136
0.356847 -0.686491 0.261439
-0.390154 -0.00958936 -0.714726
0.196025 -0.350667 -0.80934
0.510341 -0.115374 0.553198
-0.124966 0.528928 0.568825
0.746935 -0.0118087 0.195049
-0.769237 0.375024 -0.308824
-0.657957 -0.0542052 0.549416
0.328292 -0.666338 -0.448664
0.268673 0.327335 -0.762752
-0.15246 0.198115 -0.818493
0.698509 0.13617 -0.515599
0.636244 -0.50997 0.235994
-0.270667 0.780697 -0.351169
-0.182349 -0.802332 0.377298
0.617819 -0.298373 0.394875
-0.800827 -0.124741 -0.220452
0.336108 -0.755471 -0.168594
0.580285 0.335348 0.277551
0.225789 -0.483778 0.631947
0.886729 -0.0954737 -0.197564
-0.711758 0.22557 -0.484092
-0.468087 -0.215195 0.720847
0.305498 -0.594143 0.458893
0.803547 0.205624 -0.215413
0.366709 0.721718 0.10323
-0.0606522 0.0537342 -0.851849
-0.509506 0.504449 -0.523497
0.649914 0.246255 0.235053
-0.184416 -0.135684 -0.795075
0.382451 0.711985 0.0893198
-0.0760343 -0.586589 -0.614138
0.339822 -0.432597 0.618741
-0.827415 0.184397 -0.148022
-0.705848 0.222871 0.46031
-0.313956 -0.0188561 -0.74602
-0.0473867 0.701316 0.396563
0.427739 -0.473855 -0.610929
-0.240292 0.801192 -0.34725
0.353675 -0.719845 -0.280716
-0.549164 0.0354429 0.677678
0.114791 -0.794275 -0.227205
0.0660761 -0.498204 0.687246
0.395507 -0.500273 -0.606171
-0.0427775 0.696201 0.400766
-0.544749 0.00262291 -0.651027
0.375521 -0.0211581 0.681265
0.720517 0.293733 0.0976858
-0.834628 0.0833002 0.0832427
0.466752 0.134881 -0.737219
0.25595 -0.102767 -0.871266
-0.714268 -0.514529 0.107528
-0.81455 -0.0962549 -0.0716994
-0.102282 -0.474078 0.750598
-0.773487 0.369503 -0.294895
0.477569 0.551652 -0.321058
0.625452 -0.576262 0.0933539
-0.543089 0.363325 -0.597078
-0.609105 -0.0836252 0.609363
0.0803653 0.771694 -0.464554
0.0674214 0.649132 0.424522
-0.0166059 -0.597888 -0.61521
-0.642774 -0.334169 -0.413104
0.362521 0.571785 0.28705
0.366932 0.395545 0.457667
0.609789 0.0597545 -0.657955
0.0589413 0.838068 -0.316498
0.397349 -0.316454 -0.754306
0.622515 0.306737 -0.446859
0.416887 0.119435 -0.765809
-0.0938672 0.872079 0.113764
-0.820847 0.197248 -0.197094
-0.720404 0.202933 -0.471521
-0.591433 -0.382977 0.572832
0.56641 -0.591359 -0.362383
-0.336439 -0.798182 0.103605
0.126734 0.0755355 -0.877352
-0.804224 -0.0268045 0.316335
0.188029 -0.566265 0.556697
0.759132 -0.381422 0.0665058
-0.703972 -0.34838 -0.299001
0.337485 0.551211 -0.48218
-0.488479 0.66363 -0.325288
-0.423512 -0.31053 0.724384
0.192043 -0.217189 -0.860125
0.248853 -0.167977 -0.860244
-0.827018 0.297025 -0.116451
0.764729 0.22659 0.0153571
-0.652534 -0.593234 0.330438
0.415967 0.41241 0.392814
-0.348743 0.118138 0.775652
-0.287284 0.644501 0.425515
0.230664 -0.743497 0.169006
-0.2556 0.875948 -0.210436
-0.658979 0.567748 0.0546276
-0.783578 -0.373591 0.0304882
-0.852872 0.243776 0.0942458
-0.328144 0.0801716 0.793616
-0.516928 -0.520161 -0.374993
0.587381 0.195585 -0.604431
0.345921 0.460183 -0.582346
0.319656 0.339931 -0.713565
-0.211991 -0.568649 0.665477
0.280833 -0.390141 -0.769726
0.281876 0.742448 -0.288691
-0.393119 -0.339844 0.737034
-0.304766 -0.693321 -0.381233
0.0388249 -0.733094 0.399484
