ply
format ascii 1.0
element vertex 10000
property float x
property float y
property float z
element face 0
property list uchar int vertex_indices
end_header
-0.337944 -0.2844 -0.64938
0.465905 -0.480698 -0.601508
0.246705 -0.465196 0.687324
0.799283 -0.162656 0.229778
0.441029 0.632956 -0.316403
0.119108 -0.661627 0.546373
-0.0354785 0.818405 0.22018
-0.789255 -0.0509815 0.283262
0.635184 -0.0568309 0.441904
-0.0794217 -0.808232 -0.135726
-0.585696 0.606132 0.184431
0.764174 -0.416401 -0.0616685
-0.26468 0.427233 -0.728801
0.0399528 -0.591675 -0.609088
0.485019 0.16601 0.547871
0.280357 -0.189933 -0.75182
0.52131 0.141054 0.527709
0.000346666 -0.80801 0.332754
0.628825 -0.407576 0.393409
-0.277816 0.347232 0.619789
0.730495 0.357725 -0.0204964
-0.23081 -0.762269 0.344788
0.721285 -0.427815 -0.341084
-0.781186 -0.190564 -0.143009
-0.373241 0.0108501 0.791245
-0.0107019 -0.679417 0.554773
0.208072 -0.656355 -0.544861
-0.336122 -0.267671 -0.658375
0.0353004 -0.203517 0.861243
0.361683 0.474344 0.471797
0.256857 -0.478462 -0.663339
0.115466 -0.708833 0.481283
-0.682073 0.0611312 -0.480798
-0.0601294 -0.789544 -0.257913
0.705495 0.285663 0.17262
-0.0984764 0.671149 -0.587244
-0.437611 -0.7313 -0.0762632
-0.135418 -0.825312 0.114739
0.516964 -0.428888 0.491827
0.0709739 0.799236 0.238947
-0.714912 -0.275475 -0.27824
0.557189 0.215643 0.457157
-0.572679 0.635713 0.0599662
-0.069873 0.722679 -0.505577
-0.022116 0.728207 0.375502
0.224004 -0.782474 0.106428
0.0700114 -0.328737 0.8032
-0.389403 -0.222624 0.79104
0.831213 -0.0971023 0.165631
-0.493553 -0.409629 -0.514618
-0.298743 -0.381352 -0.617767
0.464217 -0.647379 -0.338922
0.366877 0.374561 0.535376
-0.689012 -0.512211 -0.0356299
-0.0468915 0.314834 -0.810839
0.0479059 0.211171 -0.813866
0.231521 -0.700478 0.414804
-0.32956 0.304584 0.625105
-0.677289 -0.546322 0.0620176
-0.0840968 0.224538 0.769118
-0.474586 0.438624 -0.636599
-0.284243 0.41323 -0.730061
0.191989 -0.541781 0.657099
0.462725 -0.551698 0.443039
-0.678241 0.411425 -0.455805
-0.335873 0.804935 0.119065
0.831725 0.0711229 -0.205998
-0.618804 -0.606386 0.036396
0.290566 -0.709337 0.336889
0.210987 -0.237898 0.807129
-0.0383198 -0.18071 -0.777431
-0.382434 0.543421 0.41993
-0.814664 0.045553 0.110476
0.272937 0.0995581 0.744991
-0.310579 -0.7355 0.360878
-0.331459 -0.719613 -0.283783
0.720754 0.0800621 0.317081
0.724974 0.0433769 -0.504381
-0.517115 0.357992 -0.660206
-0.711673 -0.140944 -0.343658
0.233962 -0.747298 0.287292
0.659593 0.198052 -0.499449
-0.582347 -0.627693 -0.054705
-0.0613704 0.322757 0.712135
0.707933 0.281623 -0.283123
0.469455 0.0997367 -0.693777
-0.739858 -0.192676 0.468632
0.714141 0.281465 -0.265582
-0.574229 -0.0128144 0.649461
0.480066 0.485977 -0.465703
-0.412076 -0.71382 0.326289
0.427733 0.52306 -0.478923
-0.601769 -0.639071 0.270862
-0.782822 0.0212208 -0.223432
0.0794662 -0.626148 0.609111
-0.542841 -0.647361 -0.169356
-0.411975 0.503398 -0.629555
0.370667 0.266362 -0.693961
-0.730942 0.0522671 0.417863
-0.53742 0.424949 0.404564
-0.776222 0.313452 -0.0801651
0.066255 -0.438279 0.756365
-0.0114895 0.517297 -0.71056
-0.796293 0.208246 0.0736356
0.734405 0.175506 -0.379208
-0.660275 -0.573796 0.10113
-0.635322 0.0267033 -0.553886
0.359637 0.379743 -0.641628
-0.330408 0.429313 -0.714921
0.597104 -0.261865 -0.631922
-0.232468 -0.67634 0.529551
-0.0602216 0.084657 0.860506
0.212628 -0.000102259 0.825704
-0.496445 -0.509381 -0.446294
-0.804524 -0.221857 0.205452
0.205243 0.758417 0.227089
0.558904 -0.633723 -0.145518
0.113497 0.759146 -0.407414
0.44577 0.6732 -0.0662882
-0.806155 0.147294 0.0139807
0.209994 -0.612407 0.563113
0.160285 -0.369706 -0.719749
-0.568772 -0.130627 -0.593651
0.022295 -0.667788 0.570504
-0.329764 0.586791 0.420482
0.823453 0.120366 0.0919627
-0.472493 0.379523 -0.673616
0.16461 0.492815 -0.685009
-0.0616049 0.255078 0.759161
-0.551675 -0.220142 -0.571675
0.0380841 -0.535332 0.705544
0.429765 -0.431554 0.574554
0.101741 0.338348 -0.78222
0.518062 0.292028 0.449119
0.238134 -0.397505 -0.70428
0.561484 -0.630221 -0.154773
-0.202633 0.843852 0.169322
-0.403209 0.675836 0.299507
0.367928 0.355863 0.545163
-0.543529 0.627666 0.244788
-0.770731 0.101912 -0.310476
0.384453 -0.641216 0.421153
0.767483 0.303929 -0.0554263
0.612887 -0.539242 -0.433661
0.231739 0.77554 -0.328805
0.397402 0.482702 0.423359
-0.0988612 0.616253 -0.644847
-0.471365 -0.0598992 -0.70479
0.0993511 0.35031 -0.779431
0.0923539 0.854861 0.0695158
-0.681177 -0.0763783 0.551567
-0.796869 -0.262639 0.0677478
0.610875 0.50632 -0.107725
0.835428 -0.049816 -0.288883
0.484798 -0.649477 0.185442
-0.118381 -0.643425 -0.522965
-0.827491 -0.0961538 0.066153
-0.31417 0.580101 0.436249
-0.511619 -0.603477 -0.315193
0.767047 0.00686223 -0.43421
0.808268 -0.336199 -0.044155
-0.0353727 -0.680726 0.550361
0.303897 0.737822 0.164268
-0.18302 0.51527 -0.690499
0.351662 -0.503827 0.587723
0.844537 -0.216638 0.134276
-0.798021 0.170752 -0.0920102
-0.114101 -0.00735757 -0.814921
-0.297541 -0.27648 0.823182
-0.292175 0.813716 -0.114611
0.407501 -0.172981 0.702409
0.0884054 0.333141 0.697665
0.821823 -0.224748 -0.335544
-0.693494 0.460807 -0.180766
0.315052 -0.629562 0.4779
-0.183053 0.470434 0.579814
0.809284 -0.153153 -0.36867
-0.116337 0.751535 -0.469931
-0.224581 -0.556023 -0.561044
0.0245028 -0.124941 0.889681
0.423901 -0.286138 0.663595
0.310927 -0.603834 -0.556786
-0.428598 0.725144 0.19581
0.41815 0.0328158 -0.753215
-0.827763 0.00285752 -0.00880996
-0.0959676 0.834237 -0.338368
-0.0556044 -0.351321 -0.733197
0.28509 -0.0773064 0.784873
0.706463 0.0414416 0.340997
-0.136627 0.244528 -0.815125
-0.495369 0.674455 -0.298029
0.740123 -0.104869 0.322468
0.721178 -0.466131 -0.204235
-0.360088 0.746967 -0.328702
0.668147 -0.530057 -0.245917
-0.434741 0.696137 -0.367597
0.657637 0.443755 -0.0325671
0.0698508 -0.756237 -0.401362
0.00732936 -0.809018 0.32554
0.79262 0.0888452 -0.339049
-0.331292 -0.631168 0.549571
0.522658 -0.0700625 -0.700183
0.795694 -0.0799814 -0.390668
-0.724702 0.186291 0.327311
0.767311 -0.0717934 -0.45231
-0.212413 -0.54287 0.654228
-0.76462 0.35719 -0.0397561
-0.175237 0.646726 -0.601369
0.585463 -0.40722 0.437202
-0.614388 -0.538643 -0.210796
-0.327195 -0.512988 -0.534846
-0.378198 -0.438668 0.696811
-0.798801 -0.109215 -0.09855
-0.0588199 -0.602415 -0.580787
-0.195869 0.785142 0.296044
-0.094795 -0.315551 0.836656
-0.561966 -0.116765 0.672582
-0.755265 -0.221661 -0.210993
-0.158985 0.864005 -0.145729
0.407491 0.665019 0.100566
0.691582 -0.533878 -0.112497
-0.813362 -0.18232 0.153664
-0.551509 -0.127216 0.683296
-0.345242 0.808274 -0.0151096
-0.483774 0.329881 0.514526
-0.00212053 -0.842599 0.15296
0.473253 -0.658152 -0.274966
0.854888 -0.173689 0.125942
0.630162 0.402377 -0.30483
-0.499923 -0.505197 -0.447191
-0.773072 -0.249375 0.334732
-0.115202 -0.628732 0.59385
0.573462 0.505895 0.0452616
-0.405443 0.795026 0.0555552
0.0515194 -0.681219 0.553601
-0.821207 -0.132351 0.072811
-0.569817 0.649844 -0.110549
0.317852 0.658654 0.302791
0.420229 -0.278889 0.668713
-0.778254 -0.192942 0.337673
-0.442975 -0.729577 -0.0925544
-0.787959 -0.0612554 0.289115
-0.67322 -0.498651 0.360168
0.126075 0.130435 0.815998
-0.0386362 0.822472 0.211893
-0.534853 0.425287 -0.596751
0.435481 -0.679142 0.145313
0.25411 -0.312416 0.771332
0.674734 -0.0566545 -0.572371
-0.143096 -0.753199 0.416159
-0.553468 0.269624 -0.681356
-0.746846 -0.242578 0.456148
0.314983 0.399269 -0.656813
-0.220751 -0.561662 -0.559345
0.644359 0.197377 0.371068
-0.402979 0.688002 -0.435244
-0.135054 -0.153697 0.899478
0.500076 0.206786 0.514918
0.696728 -0.430009 -0.422216
-0.456216 0.682484 -0.373843
-0.55879 0.0184162 -0.66197
-0.257551 -0.521031 -0.565632
0.312589 -0.733449 0.161596
-0.161547 -0.30262 0.853495
0.00299072 0.0310279 -0.815409
-0.190085 -0.792533 -0.077653
0.618188 -0.135493 0.47258
-0.459968 0.460667 0.430585
0.0269362 -0.504155 -0.658771
-0.0204951 0.158183 0.831331
0.0836647 0.434098 -0.753212
-0.0899967 -0.131911 -0.789756
0.300396 0.77122 -0.160219
0.457752 -0.0134215 0.633709
-0.115325 0.900313 -0.00326319
-0.7943 -0.305453 0.157721
-0.560533 0.496164 -0.514599
0.291119 -0.682266 -0.42214
0.0696173 0.0399477 0.887563
0.401291 0.294049 0.55143
-0.174922 -0.534638 0.668024
0.709375 -0.499424 -0.145146
0.330041 -0.0259389 -0.782466
0.28319 0.472207 -0.629989
0.139849 -0.796641 -0.237242
0.569627 0.551025 -0.129439
0.864858 -0.183678 0.101654
0.0103021 -0.261077 0.841579
0.808205 -0.316887 0.152213
-0.112091 -0.427137 0.76969
0.444338 -0.161802 0.664293
0.321733 0.567669 -0.529281
0.285278 -0.0145487 -0.788491
-0.556728 0.0473658 0.642475
0.170145 0.833452 0.0481164
0.685988 -0.411903 0.328597
-0.504125 -0.11078 -0.661952
0.266305 -0.296651 -0.729819
0.695222 -0.422598 0.307407
-0.486852 -0.686008 0.348744
0.610023 -0.468608 0.359529
0.647282 -0.0925643 -0.600544
0.773216 0.174923 0.198941
0.360282 0.639153 -0.422084
0.213894 -0.721342 -0.409791
0.183917 -0.4213 0.736185
0.182018 0.642952 0.43397
-0.582894 -0.652081 0.131863
-0.256067 -0.442247 -0.605266
-0.793173 0.221615 -0.0184709
-0.346452 0.264457 0.643439
-0.244116 0.836618 0.13608
0.0286401 0.703136 0.399004
-0.106761 0.659559 0.457706
-0.337549 -0.466276 0.686082
-0.217137 0.489819 0.553444
0.0421059 0.713464 -0.49265
-0.51509 -0.674674 0.361488
-0.311296 -0.655453 -0.406289
0.183238 -0.261495 -0.744434
0.597889 -0.613064 0.0772777
0.266766 0.784261 0.0114422
-0.28082 0.724927 -0.464304
-0.0240076 -0.777515 -0.339265
0.826849 0.109214 -0.159938
-0.167585 0.220854 0.741176
-0.353925 0.276826 0.63247
-0.562749 -0.4786 0.547932
0.642264 0.300975 -0.41645
-0.056247 0.884877 -0.183241
0.21351 -0.0780154 0.820994
0.549638 0.467333 -0.391726
0.0591591 -0.0893563 -0.789167
0.321697 0.152827 0.681988
0.110313 -0.84104 0.026611
-0.392504 -0.268389 0.780252
-0.0513669 -0.841367 0.125289
0.778842 0.239884 -0.126046
-0.35826 0.562689 -0.604086
-0.0860122 -0.826042 0.0333374
0.539677 0.148806 -0.618489
-0.578306 0.603764 -0.301316
-0.0599325 -0.712999 0.514153
0.021735 0.871291 0.0676223
-0.734512 -0.413424 0.298663
-0.0781231 0.724949 -0.503754
0.34357 0.671336 -0.403342
-0.339949 -0.210979 -0.684721
0.791522 0.176186 0.138225
0.318699 -0.324673 0.72627
0.406588 0.66595 -0.319685
-0.256053 0.723521 -0.485504
-0.383674 0.691359 -0.451854
0.254932 -0.763144 -0.242514
0.0524485 0.816529 -0.334998
-0.270931 0.441439 0.562811
-0.29323 0.448941 -0.710562
0.185747 0.215423 -0.795832
-0.479988 -0.164367 0.737004
0.0880952 0.469851 -0.728692
0.750085 0.322337 -0.0913692
-0.0345525 0.865588 -0.254726
0.460391 -0.114708 0.647264
-0.679554 0.360007 -0.512165
-0.201958 0.868741 -0.00827455
0.60679 -0.342451 0.45033
-0.802049 -0.206065 -0.0210101
-0.689481 -0.516091 0.314732
-0.334845 0.159114 0.715033
-0.361962 0.0545796 0.769438
-0.811247 0.100196 -0.0397959
0.161344 0.789693 0.192136
0.560861 -0.6192 0.155585
0.713928 0.366803 0.00144337
0.542347 0.575501 -0.0553291
-0.53466 0.60264 -0.432557
0.7308 -0.428307 -0.290709
0.144495 0.810562 0.153926
-0.540878 -0.563028 -0.323733
0.790683 -0.0313803 -0.39186
0.664042 -0.0909565 0.41512
-0.721826 -0.491025 0.0625003
-0.0820914 0.25387 0.752485
0.484832 -0.675038 0.0338125
0.80674 0.064375 -0.317788
0.344912 -0.625566 -0.489766
0.13167 0.709483 0.370688
0.405382 -0.404262 0.61371
-0.784914 0.201834 -0.287706
-0.174762 -0.807432 0.202811
0.216493 -0.529889 -0.640108
-0.210158 0.804307 -0.324625
0.002806 -0.0843134 0.903655
0.557959 -0.448998 0.434626
-0.110953 -0.616894 0.606539
-0.749063 -0.420124 -0.0694408
-0.255049 -0.300782 -0.675598
-0.725445 0.324194 0.198352
0.591207 0.467803 0.0923994
0.446766 -0.171942 0.6604
0.781612 -0.244325 0.265426
-0.596525 0.0642395 0.599356
-0.363607 -0.745362 -0.18442
0.748901 0.251822 -0.215288
-0.410295 0.194214 -0.765277
-0.760699 0.279795 -0.413469
0.34836 -0.286419 0.717313
-0.795968 -0.260783 0.0467571
0.546333 0.560391 -0.194256
0.0723237 0.638016 -0.595589
0.110821 0.866712 -0.106105
-0.679335 0.491137 -0.0593576
-0.521292 -0.261982 -0.5792
0.697423 0.149238 -0.486905
-0.253029 -0.19042 0.854855
-0.338252 -0.497263 -0.539382
0.356595 -0.0838796 -0.768073
0.160339 0.817625 -0.273043
-0.422138 0.75224 -0.118933
-0.259242 -0.786156 0.129074
-0.825367 -0.00959117 0.0892708
-0.680326 -0.353883 0.487025
0.810014 0.155812 -0.149171
-0.758871 0.3399 -0.192728
-0.399839 -0.678863 0.436611
-0.757114 -0.355907 -0.140031
-0.339293 0.807325 -0.0355681
0.142883 -0.709634 0.462474
0.749518 0.232187 0.170397
-0.153061 0.25031 0.728986
0.456762 -0.334412 -0.685836
-0.647314 0.00865455 -0.525804
0.597141 -0.599064 -0.200675
-0.279392 0.570179 0.467355
0.879076 -0.194547 -0.119452
0.383276 -0.703199 -0.293919
-0.357268 -0.509675 -0.520997
-0.00977221 0.868517 -0.23383
-0.56819 0.201553 -0.684101
0.0333082 0.873337 0.0441116
-0.217652 0.836861 -0.161824
-0.277209 -0.699793 0.458293
0.662466 -0.191702 0.414456
-0.618976 0.488287 -0.461759
-0.493876 0.0443839 -0.740062
0.336914 -0.275874 0.727603
0.0240417 -0.810014 -0.194196
-0.666227 -0.24911 0.561149
0.186135 -0.254895 0.813239
-0.544386 -0.607743 -0.242584
0.335604 -0.324342 -0.717989
0.203505 -0.345183 0.773604
0.360884 0.49367 -0.556704
-0.488296 -0.632144 0.453366
-0.417325 0.402619 -0.691789
0.0296663 -0.372157 0.79118
0.0663538 -0.6642 0.568135
-0.613039 0.359677 0.367107
-0.113375 -0.694792 0.526214
-0.390827 0.0216499 0.778509
-0.261191 -0.774684 -0.108903
-0.725116 -0.481282 0.242833
-0.37708 -0.75028 -0.0114826
0.372668 0.148812 0.644564
-0.0340547 0.900404 -0.107451
-0.20404 -0.78733 -0.0988029
0.800554 0.0214401 -0.356503
-0.645352 -0.520259 0.387185
0.026069 -0.806822 -0.215912
0.672296 -0.41255 0.343661
0.237111 -0.242252 0.795633
-0.609608 0.5757 0.140377
0.566344 -0.156212 -0.668378
0.348224 0.731037 0.0694865
-0.714519 0.0236683 -0.407943
0.591286 -0.628427 -0.0668813
-0.675184 0.439773 0.186157
-0.802039 0.135965 -0.125631
-0.617332 0.113544 0.555815
0.38961 0.283282 -0.676338
-0.5075 -0.601684 -0.325646
0.156754 0.79027 -0.341798
0.489052 0.628473 -0.0467072
-0.7908 -0.0371802 -0.163865
-0.593524 0.566635 0.221844
0.0588643 -0.769741 0.39356
0.139762 0.858876 -0.160235
-0.769773 -0.0703194 -0.243421
-0.781852 0.161054 0.231791
0.637939 0.47865 -0.0714557
0.835165 0.00949469 -0.276334
0.811896 0.11324 -0.215612
-0.18669 0.0447539 0.83849
-0.0223108 -0.763749 -0.367381
0.540375 -0.168339 0.555951
-0.139837 0.754126 -0.469681
-0.0946703 0.408883 -0.770571
0.607406 -0.456493 0.374539
-0.0903212 0.425561 -0.761306
-0.198697 -0.468368 0.7192
-0.460495 -0.661429 0.435088
0.327854 0.743874 -0.222327
-0.741142 0.324068 -0.418452
-0.823068 -0.0550995 0.127436
-0.776054 -0.273698 -0.131355
0.466718 0.658534 -0.0975813
-0.738562 -0.447743 -0.0130214
0.328786 -0.385689 -0.704343
-0.629557 0.547258 0.138451
-0.322832 -0.766915 -0.0503129
-0.438885 -0.0996669 0.775891
0.00776926 0.512765 0.572657
0.0852362 0.789792 0.25665
-0.191597 0.322822 0.671406
-0.194962 -0.456712 0.729657
0.529946 -0.168791 0.567582
-0.706485 0.441171 0.0698989
0.581768 0.463589 -0.326488
0.510701 -0.222381 0.582941
0.55273 0.49722 -0.338449
-0.801608 0.115667 0.132928
0.537729 -0.198162 0.555465
0.518615 0.538028 -0.347548
0.113251 0.333756 -0.780609
0.256408 -0.134047 0.798891
-0.824402 0.00857014 0.0773609
0.309708 -0.100528 0.771046
0.730596 -0.47085 -0.139198
0.148718 0.617315 -0.590165
0.53695 0.595199 -0.0951195
-0.174297 -0.810933 0.170165
-0.686467 0.481657 -0.0883732
-0.555804 0.663847 -0.122769
0.51535 0.526334 0.154088
0.71745 0.386134 -0.0707564
-0.803082 -0.221656 0.044978
0.30302 -0.757072 -0.1723
0.627865 -0.399268 0.399812
-0.169928 -0.511989 -0.606368
0.847103 -0.049682 0.132777
-0.746247 -0.423457 -0.104492
-0.531102 -0.30978 -0.549245
0.421283 -0.575283 -0.520186
0.344781 0.670972 -0.402401
0.385813 -0.500668 0.561247
0.795119 0.0531889 -0.362452
-0.529411 0.156368 0.606827
-0.206267 0.804623 -0.328565
0.161288 0.0430214 0.846774
-0.718141 -0.476984 -0.0476054
0.691131 0.11752 0.343658
-0.0899023 -0.476121 -0.653823
-0.575396 -0.653954 0.257171
-0.750267 0.34037 -0.276336
-0.565447 0.310404 -0.652802
-0.42848 0.712713 0.221496
0.163548 -0.790807 0.23035
0.681021 0.303665 -0.323577
-0.148867 0.35456 -0.778055
-0.395253 -0.718 0.338541
0.2168 0.813165 -0.0203623
0.768881 7.40838e-05 0.270433
-0.0428811 -0.670896 0.559526
0.368092 0.508545 -0.539479
0.131232 -0.821286 -0.106225
-0.250996 0.75496 -0.416178
-0.432929 -0.257695 -0.623247
0.0702796 -0.798257 -0.255668
0.50995 -0.427142 0.500018
-0.412682 -0.505032 -0.494507
-0.675251 0.439359 0.186425
-0.18283 -0.735616 -0.335454
-0.22612 0.784747 -0.363052
0.3545 -0.00352901 0.718101
-0.288635 -0.758045 -0.201686
-0.817335 -0.14463 0.159616
0.240617 -0.52007 0.653714
-0.353076 -0.522587 -0.514664
0.353711 -0.713775 0.165052
-0.214864 0.620819 -0.609544
-0.317179 -0.485751 0.676089
0.0278771 -0.00872046 -0.806374
0.126332 -0.418139 0.753736
0.354456 -0.151883 0.745777
-0.684748 -0.0688261 -0.430803
-0.741389 -0.439253 -0.065372
-0.514084 0.66554 -0.279638
-0.721359 0.416748 0.102962
-0.808623 0.0286721 0.16912
-0.428418 0.173594 -0.766839
0.535766 -0.510817 0.402867
-0.813578 -0.154639 0.0134436
0.394586 0.694962 -0.237915
-0.304425 0.000165966 0.822222
-0.74414 0.3538 0.125338
-0.778062 0.0948127 -0.275016
0.17336 0.37234 0.645755
-0.771175 -0.373142 0.21576
-0.721089 -0.474012 -0.0460525
-0.33238 -0.0474657 0.828785
0.148749 -0.817045 0.0893136
-0.732779 -0.385337 0.340314
-0.604782 -0.409961 -0.378577
0.433823 -0.567104 -0.522777
-0.698449 0.22485 0.338552
-0.17142 -0.803871 -0.0106736
-0.691745 -0.50104 -0.073384
0.0734584 -0.708219 0.507082
-0.557253 0.579368 0.272029
-0.525236 -0.00918802 -0.686409
-0.758769 0.00276963 -0.300145
0.256765 0.7742 0.119587
0.28332 -0.651616 0.465179
-0.532281 0.679358 0.0299617
-0.795557 -0.270372 0.223317
0.229162 -0.780435 0.104787
0.464386 -0.673243 -0.228632
-0.619236 0.147199 -0.60716
0.410491 -0.0415259 0.684423
0.0147827 0.881646 0.0114441
-0.105504 0.0619903 0.857582
-0.623698 -0.136532 -0.516651
0.14035 -0.769661 0.320786
-0.0301491 -0.780569 -0.329887
0.627755 -0.524534 0.279064
-0.498619 0.682139 0.212594
0.220309 -0.653253 0.499447
0.733013 0.113297 -0.460289
-0.336852 0.399281 0.561999
0.534766 0.295471 0.428852
0.335172 0.712954 -0.352383
-0.784179 0.20993 0.162198
0.6875 -0.535266 0.101042
-0.634557 -0.293909 0.579048
-0.045878 0.810002 0.241046
-0.780921 -0.0357254 -0.208291
0.32202 -0.702368 0.309592
0.604727 -0.593396 -0.205875
0.700275 0.335092 -0.215985
0.559838 0.113809 0.495241
-0.494978 0.680305 -0.266914
-0.794528 0.0937459 -0.201531
0.380595 -0.153209 0.728168
0.712139 -0.342036 -0.484773
0.784352 -0.37858 -0.0979623
0.191428 -0.807852 -0.0593121
-0.387832 -0.547383 -0.479661
0.48675 0.355439 0.43505
0.758441 -0.013681 -0.455489
0.425229 0.26739 0.545384
-0.668889 0.195302 0.413532
-0.624698 0.248269 0.442161
0.310082 -0.372944 -0.709362
0.522543 0.300352 0.438181
-0.346922 0.438037 -0.707433
0.76217 -0.420449 -0.0464867
-0.291669 0.03503 -0.799205
-0.0337028 -0.83808 0.260516
0.696312 0.0111699 0.358534
0.0665749 -0.777766 0.366279
-0.610033 -0.633128 0.288192
-0.0769885 -0.395008 -0.702764
0.534225 -0.385751 0.502734
-0.441687 -0.14986 -0.672748
-0.267444 -0.0536403 0.853051
-0.155606 0.404828 -0.760868
0.791476 -0.130631 0.24244
0.0516404 -0.657525 -0.570023
0.516289 -0.391903 0.516723
0.444622 -0.698396 -0.0959972
-0.0279512 -0.800988 -0.224873
-0.288857 -0.216535 -0.703117
0.20934 0.819586 -0.0611218
0.0946716 0.499219 -0.705772
-0.70811 -0.489374 -0.0422728
0.450246 0.518498 -0.461542
0.28261 -0.527147 -0.637947
-0.825542 0.0216352 0.00810555
-0.0425955 0.428737 -0.768013
0.142628 0.841662 0.0662511
0.332329 -0.00075611 -0.787225
0.282681 0.785437 -0.139089
0.543365 -0.438642 0.45871
0.448846 -0.64409 0.306099
-0.30633 -0.260077 -0.67444
0.574034 -0.592612 -0.297617
-0.182072 0.872889 -0.0352868
0.543013 -0.63213 0.128054
0.393836 -0.56403 -0.554393
-0.757316 0.372398 -0.0118874
-0.664412 0.51509 -0.116132
0.096314 -0.79231 0.302714
-0.235729 -0.00977781 0.847497
-0.0776766 -0.711955 -0.439504
-0.380137 -0.722817 -0.250874
-0.709225 0.406536 -0.317289
-0.557149 -0.442946 0.580347
-0.135059 -0.0318213 0.887273
-0.782391 0.187723 0.19927
0.397519 0.682218 0.0821963
-0.422817 0.364455 -0.704826
0.280107 0.730504 -0.372451
0.452523 -0.243519 -0.714107
-0.78657 0.258949 -0.0367213
0.158676 0.33433 0.67706
-0.45931 0.440442 -0.647828
-0.176268 -0.774324 -0.225321
0.19458 -0.156251 0.823117
-0.597166 -0.0725978 -0.584652
0.0308685 -0.800385 -0.260018
0.461321 0.140486 -0.683757
0.791685 0.163267 0.156953
0.914799 -0.123778 -0.00282539
-0.506394 0.664775 -0.311823
-0.482278 -0.219816 0.725497
-0.230414 -0.33936 0.819847
-0.0936027 0.906349 -0.0359725
-0.656393 -0.55945 0.322547
0.854302 0.0443314 0.0750329
-0.27245 -0.759754 0.323274
0.0790397 -0.410077 -0.706532
0.267544 0.515244 -0.611962
0.104624 0.0214669 0.873734
0.16977 -0.537275 -0.638947
-0.457273 0.465294 0.428894
0.536512 -0.0717374 0.554935
0.129609 -0.481435 -0.668635
-0.333278 -0.0107184 0.817126
-0.699066 -0.403608 -0.216423
-0.762922 0.324156 0.114272
0.803391 0.211834 0.042296
0.737085 0.276625 0.117706
0.0819125 -0.811636 -0.184058
-0.0752549 -0.810846 -0.12004
0.450741 -0.690262 -0.18351
0.565461 0.505513 0.068312
0.529212 0.449243 0.257159
-0.556375 0.649617 0.167614
0.116237 -0.70776 -0.509014
0.321485 0.598845 0.389927
0.803686 -0.090047 -0.373781
-0.653025 0.133122 -0.556552
-0.498866 -0.454622 0.624193
-0.515918 -0.040414 -0.683333
-0.811796 -0.196926 0.151804
0.450625 0.567859 0.207668
0.49089 -0.127073 0.615093
-0.740478 -0.0479576 0.432103
-0.53225 -0.109074 0.70007
0.275629 0.157471 0.714965
-0.62375 0.362619 0.346571
-0.636683 0.00940682 0.587409
0.0197218 -0.583486 -0.609856
0.443784 -0.0859001 0.661181
-0.764488 -0.32428 0.30318
-0.269713 0.397395 0.591375
-0.0892512 0.356471 0.68527
0.218785 0.279474 -0.76742
0.501294 -0.133072 -0.705582
-0.14431 -0.428998 0.762204
0.819324 -0.312792 -0.170212
-0.805351 -0.138217 0.238262
-0.543335 -0.564534 0.492528
-0.748533 -0.308044 0.381068
-0.395469 0.727555 -0.323304
0.590866 0.0819807 -0.602458
0.189228 -0.43027 0.729014
-0.772836 0.239533 0.180774
0.824739 0.095154 -0.193333
-0.608914 0.578945 0.114711
0.665831 -0.329996 -0.545555
-0.395191 -0.441916 0.689124
0.754909 0.267296 0.093273
0.182203 0.593366 0.485234
-0.65422 0.320039 0.33167
-0.248161 -0.500817 0.682902
0.307717 0.411442 0.554309
0.0485441 0.856061 0.116862
0.705938 -0.0414186 -0.542154
-0.76454 -0.196134 -0.201227
-0.0245492 0.886454 -0.165425
-0.367335 -0.716018 0.373334
-0.104142 0.902032 -0.0143644
0.526471 0.1587 -0.625457
0.252436 -0.250118 0.786287
-0.801395 -0.215198 -0.00359468
-0.627134 0.104294 0.552149
-0.17377 -0.756317 -0.299505
-0.37626 0.193947 -0.773876
0.53037 0.521523 0.124771
-0.249937 0.13655 -0.822471
-0.456548 -0.725577 -0.0411063
-0.158995 -0.78884 -0.164951
-0.0505464 -0.38304 0.799704
-0.130218 -0.216588 -0.760399
0.44894 0.222884 0.548544
-0.136551 0.895829 -0.00440675
-0.496743 -0.320098 0.687654
-0.280403 0.38967 -0.738265
0.689094 -0.0595337 0.380501
-0.485672 -0.0356393 -0.710824
0.117077 0.75253 -0.416577
0.0812772 0.806768 0.220024
-0.284958 -0.0734658 0.848187
-0.607791 -0.512517 -0.270466
-0.618071 0.132381 -0.607452
-0.350517 -0.671592 0.477299
0.521754 -0.659938 -0.110492
0.521206 0.232063 -0.600998
-0.149385 -0.479893 0.718609
-0.319118 -0.654231 -0.403972
0.0696658 0.10496 -0.82318
-0.596556 -0.635439 0.317219
0.227714 0.735151 -0.406859
-0.611337 0.575322 0.116393
0.202797 0.788588 0.145603
-0.671351 0.490645 0.0965943
0.83832 -0.000215293 -0.270942
0.297554 -0.759523 -0.168017
-0.652074 -0.269343 0.570452
-0.805704 -0.101078 -0.0712979
-0.789621 -0.227137 -0.0904528
-0.718542 -0.161212 0.51619
-0.519071 0.451323 0.396983
-0.651914 0.209095 -0.565385
0.351553 0.0145775 0.715054
0.683366 -0.220339 -0.552107
-0.348782 0.0592555 0.771426
-0.322893 -0.0460279 0.832148
-0.199151 0.249792 0.712663
-0.711868 0.091121 -0.437012
0.425262 -0.141081 -0.743943
0.254672 0.741412 0.214979
0.690574 -0.548292 -0.0659587
-0.269501 -0.38875 0.768537
-0.450451 0.529398 0.384333
0.393216 0.672278 -0.345144
0.264101 -0.742812 0.237159
-0.729751 0.361984 0.149052
-0.359076 -0.0950171 0.822726
0.68755 0.131907 -0.504265
0.828802 0.0835344 0.12251
-0.173229 0.187222 -0.825017
0.341028 0.64905 -0.432244
0.0567041 0.823264 0.189026
-0.401713 0.375256 -0.710075
-0.470043 -0.416672 0.668632
0.751783 0.260929 -0.191846
0.0620468 0.847716 -0.283351
0.356673 0.687053 0.176834
0.229739 0.113805 0.769239
-0.580495 -0.515891 -0.322646
0.0754843 -0.0403934 0.88354
0.60925 -0.271586 0.461672
0.840364 -0.21709 -0.289715
0.495904 -0.662774 0.0760426
-0.815217 -0.065557 0.180096
0.0334696 -0.491574 0.731929
-0.446988 -0.276605 -0.608117
-0.353317 0.814259 0.0416445
0.162347 0.840961 -0.0151188
0.863687 -0.225439 -0.101311
-0.0818432 -0.587335 0.640525
-0.781186 -0.244404 0.30039
0.448423 -0.653945 0.254399
0.265729 0.698012 -0.447652
-0.166846 0.536282 -0.680758
-0.772934 -0.210468 0.353527
-0.441439 0.600901 -0.527928
-0.0685616 0.797209 0.269482
-0.58902 -0.28324 -0.507112
-0.260011 0.0357353 0.817372
-0.5675 0.398087 0.404028
-0.0449923 0.327683 0.709035
-0.633691 0.455752 -0.475882
-0.232675 0.582693 -0.632895
0.464404 -0.688406 -0.104633
0.631667 0.282046 -0.462659
0.200845 0.296548 0.678962
-0.0660701 0.289049 0.735767
-0.0140768 -0.124962 0.902097
0.850621 0.100243 0.0107426
-0.645872 0.530336 -0.240552
-0.162451 0.00750607 -0.817423
0.114274 0.30302 -0.789071
0.22986 -0.770333 -0.242736
-0.649776 -0.396444 -0.311113
-0.261092 -0.78557 0.128637
-0.605581 -0.350379 0.579472
-0.406897 0.602854 0.356319
0.702448 0.341578 -0.198945
-0.0337581 0.537959 -0.699119
0.730914 -0.159001 0.340403
-0.756241 -0.404773 -0.000641355
0.115848 0.450716 0.605883
-0.0530461 0.232165 0.775808
0.254868 -0.653864 -0.509928
-0.574715 0.396048 -0.585437
0.705956 -0.124825 -0.538911
-0.410948 -0.0423689 0.799612
-0.371165 0.335343 -0.733334
-0.786181 0.187959 -0.277565
-0.747281 0.0497757 0.384747
-0.629201 -0.43332 0.500609
0.677105 0.429129 -0.0949875
0.623928 -0.448269 -0.526653
-0.120279 0.504895 -0.708085
-0.330435 0.537319 -0.636517
-0.0795448 0.591193 -0.663438
0.0360506 -0.516167 -0.652293
0.0735944 -0.231435 -0.759761
-0.672918 -0.169884 -0.416849
0.0069075 -0.787139 0.390663
-0.00470767 -0.544309 -0.629291
-0.687939 0.361262 0.236724
0.0474492 -0.240892 0.843646
-0.0473646 -0.660265 -0.536398
0.738068 -0.173296 -0.494208
-0.381108 0.622957 0.357089
-0.48606 -0.71234 0.0941777
0.0749843 0.819905 0.192397
0.398466 -0.267651 -0.725322
0.366061 -0.594196 0.489302
-0.574884 0.312903 -0.644019
-0.786469 0.126818 0.233942
-0.483917 0.709 -0.147517
-0.0119714 -0.778236 0.428485
0.280671 -0.233817 0.775535
-0.541677 -0.592159 0.46182
0.476136 -0.510234 -0.564014
-0.441442 -0.720376 -0.192139
0.107662 0.418685 -0.757928
0.759648 0.0417093 0.279698
-0.685119 -0.208693 -0.373932
-0.771082 -0.374658 0.209377
-0.638777 0.551559 -0.177681
-0.0129366 0.750713 0.344957
-0.607546 -0.536731 -0.22895
0.165469 0.555918 -0.633098
0.228358 0.812087 -0.101581
-0.249215 0.123068 -0.826639
0.376856 -0.52186 -0.616639
0.20367 0.562172 -0.611042
-0.045025 0.149375 0.827693
0.0837134 -0.00754014 -0.80334
-0.811047 0.0723251 0.108843
-0.401672 0.0549397 -0.782701
-0.0385905 -0.835173 0.275792
0.683408 -0.563274 -0.0383098
-0.229576 0.830794 0.180698
-0.419713 0.768863 -0.0413972
0.533928 -0.128733 0.567122
0.623752 -0.553802 0.245309
0.122639 0.847183 0.0648668
-0.18529 0.833259 -0.241056
-0.160366 0.180221 -0.830023
0.50359 0.126077 0.551701
-0.801554 0.165823 -0.0264754
-0.714868 0.401262 -0.295087
0.0477314 -0.574176 -0.619807
-0.676125 0.490383 0.0105449
0.357179 0.194057 0.634968
0.572302 -0.596353 -0.284797
0.516822 -0.5817 -0.430931
-0.469781 0.722256 -0.12514
0.768836 -0.370444 0.207816
0.00703945 0.120001 -0.826769
0.531526 -0.542446 0.372137
0.528379 -0.0574315 0.561718
0.276535 -0.696033 0.385776
0.580077 -0.631424 0.011783
-0.598677 -0.628044 0.0443997
-0.0575991 0.404442 -0.779944
-0.603031 0.158363 0.544917
0.471988 -0.360647 0.581695
0.0655396 -0.844516 0.0714325
0.880676 -0.130056 0.0747196
-0.714539 -0.0726729 -0.36674
-0.714035 -0.113567 0.509367
-0.565768 -0.511011 -0.358516
-0.171031 0.830585 0.222102
0.772766 0.159309 0.21836
0.0556031 0.793777 0.254411
-0.281736 -0.776497 0.14846
-0.440656 -0.264029 0.747271
0.401631 -0.00495264 -0.76255
-0.798397 -0.26844 0.111597
-0.521948 -0.558242 0.515556
-0.433844 -0.728572 0.109646
0.53802 0.510537 0.131377
0.507509 0.000644155 0.575644
0.385838 0.50514 -0.528355
-0.0528354 -0.539497 0.686406
-0.780253 0.0606329 0.300328
-0.0890559 -0.58728 0.639685
-0.15266 -0.223714 -0.75223
0.733365 -0.446805 0.2024
0.605223 -0.130621 -0.641125
-0.306367 0.783306 -0.26082
0.242998 0.526387 0.516034
-0.0958854 0.769591 -0.439813
-0.712558 0.436308 0.0182289
-0.301782 -0.647811 -0.424492
-0.0348551 -0.389059 0.794541
-0.629717 -0.205345 -0.480101
0.597745 0.465212 0.0808915
0.475343 -0.119829 -0.720858
-0.378959 -0.104312 0.816171
-0.129436 -0.824034 0.0928156
-0.439914 0.556471 -0.56695
0.498003 0.322794 -0.581463
-0.80117 -0.0123432 0.235766
0.667625 -0.368289 0.376605
-0.153772 -0.279763 -0.727844
0.386904 0.481753 -0.545806
0.382663 0.319103 0.553771
-0.564328 0.489328 -0.516846
-0.388711 0.722641 0.23841
0.33034 0.734026 -0.275776
-0.266518 0.597754 -0.612248
0.854403 -0.104946 0.122531
0.140312 0.653737 0.435489
0.873146 0.0619721 -0.0387921
0.227736 -0.738703 0.321134
-0.692948 0.465198 0.0168528
-0.721622 -0.370508 0.398275
-0.122152 -0.613684 0.608445
-0.52793 -0.233988 -0.586021
0.650782 -0.173183 -0.603672
0.71596 0.372983 -0.0150765
0.244509 -0.0283106 -0.788878
0.571588 -0.10418 -0.664914
0.0234633 0.752563 -0.438818
0.144985 -0.591205 -0.613654
0.347688 -0.706593 0.223131
-0.0767736 0.383404 0.667004
-0.502774 0.700667 0.166576
-0.511358 0.699362 0.0312897
-0.144352 0.852283 -0.219132
0.741755 0.00199548 0.307974
-0.380087 0.758993 -0.208487
0.0368573 0.522917 0.565711
0.303932 -0.0045008 -0.789107
0.733655 0.214994 -0.320384
-0.800527 -0.0168763 -0.129121
0.306524 -0.278024 -0.730615
-0.53089 -0.681858 -0.00787728
0.780753 0.264348 -0.0741998
-0.639303 -0.494212 -0.233927
0.612895 -0.583933 -0.22745
0.0848734 -0.173948 -0.770999
-0.135859 -0.735031 -0.362212
-0.714389 -0.421756 0.360578
-0.364213 0.441297 0.511287
0.723448 -0.460949 -0.211216
0.363296 -0.227423 0.722281
-0.669199 -0.262382 -0.38643
-0.536009 0.651635 -0.277345
-0.203555 0.204589 0.737822
0.800754 -0.317165 -0.324806
0.698638 -0.398562 0.327311
0.736762 -0.186879 -0.492452
0.851833 -0.229466 0.0984567
0.425219 0.592315 0.21326
0.149045 0.776503 -0.369519
-0.29705 0.582026 -0.614277
0.714101 0.168831 -0.430952
0.877205 -0.197895 -0.171468
-0.784448 0.256475 -0.0962313
0.528794 -0.59272 -0.396634
0.354831 0.0953905 -0.766897
-0.231089 -0.114138 -0.769229
-0.654494 0.51172 0.135871
-0.786483 -0.307823 0.0331429
0.594565 0.0706784 -0.603796
0.773712 -0.30799 -0.39431
0.233153 -0.196045 -0.754344
-0.769512 0.269322 -0.385189
-0.132983 -0.306725 -0.723161
-0.467796 -0.363398 0.695666
-0.512014 0.378377 0.45783
-0.546985 -0.39684 -0.480382
0.431324 -0.702435 -0.139168
0.345097 -0.0391841 -0.778449
-0.630228 0.248256 0.433356
-0.0280645 -0.324434 -0.745354
-0.591055 -0.0606902 0.638659
-0.395157 -0.0388051 -0.746704
0.572656 -0.392407 -0.612627
-0.0525785 -0.794121 -0.241787
-0.130386 0.370145 0.666255
0.00366887 0.0894425 0.880726
0.161138 0.843986 -0.184264
0.0131233 -0.811803 0.313776
0.68626 0.127168 0.346913
-0.71923 0.386457 0.147
0.726544 -0.485545 -0.048923
0.395953 0.0287768 0.675085
-0.799483 0.172736 0.0877869
0.547801 0.47361 0.185435
-0.672448 -0.183404 0.571069
0.582717 0.36337 0.288058
-0.699655 -0.448869 0.361529
-0.0170372 0.0672954 -0.823496
0.830139 -0.293381 0.0396555
0.532978 0.554429 -0.265123
-0.749274 -0.420377 -0.0501175
-0.388881 0.368559 0.550308
0.249617 -0.38053 -0.710862
0.519863 0.592829 -0.17684
-0.733785 -0.0795464 -0.320602
-0.220272 0.46103 0.571592
0.209631 -0.4824 -0.663905
-0.0758963 0.667007 0.453182
0.247383 -0.781795 -0.136333
-0.080083 0.652571 0.46398
-0.632035 0.553639 0.0251326
0.127724 0.568796 -0.638906
0.227572 0.58617 -0.580135
-0.25856 0.108799 -0.826718
0.602063 -0.535251 0.296638
-0.239897 -0.786613 -0.0413822
0.463921 0.614668 -0.300638
0.163155 0.787672 0.195622
-0.426102 0.45516 -0.658462
0.877081 -0.00356194 0.0508518
0.43033 -0.414117 -0.667207
-0.167567 -0.273294 -0.725325
-0.706743 0.291681 0.267118
-0.431524 0.472256 0.441315
-0.602914 0.588263 0.106573
-0.0163179 0.879961 -0.189154
-0.0249477 0.215732 0.792257
-0.800781 -0.232349 0.0394398
0.823992 -0.193128 -0.331035
-0.447186 -0.696196 0.373307
-0.443253 -0.634502 -0.353431
0.0238524 -0.79551 0.355587
-0.819371 -0.152306 0.109319
0.501536 0.600704 -0.00281802
-0.197131 -0.648261 -0.47972
-0.163264 -0.377726 -0.675623
0.263249 -0.615333 -0.573741
0.638345 -0.602255 -0.067351
-0.507759 -0.61302 -0.30624
-0.256233 0.0184298 -0.801642
-0.0356158 0.607995 0.499418
0.0399077 -0.196601 0.863333
-0.636988 -0.572752 -0.0252976
0.297597 -0.460235 0.659559
-0.716532 0.105294 -0.433449
0.705456 -0.333855 0.339697
0.424455 0.426443 -0.559864
0.590208 0.0810604 -0.60335
0.369482 -0.727863 -0.204198
-0.676535 -0.162606 -0.41214
0.751683 0.130857 -0.399601
0.478014 0.615296 0.0272635
0.17702 0.78227 -0.346745
-0.148919 0.309941 -0.791989
-0.741679 -0.125878 -0.28287
0.138424 -0.487512 -0.665167
-0.122195 0.873079 -0.164866
0.714224 -0.432931 -0.358811
0.429398 0.627397 -0.357632
0.016044 -0.00692606 0.911512
-0.245114 -0.724499 0.423932
0.55179 -0.223171 -0.665546
0.434034 -0.319966 0.645244
-0.169659 -0.788821 -0.146763
0.0744648 -0.706766 -0.532677
0.421524 -0.610346 -0.454879
-0.646909 0.0457314 -0.539415
0.540027 0.280337 0.434527
0.101148 -0.806999 -0.199999
0.228341 0.213243 -0.785669
-0.571148 0.450672 0.356947
-0.711921 0.104903 0.418336
-0.523037 -0.266616 0.680802
-0.0684604 -0.356413 0.814519
-0.329618 0.637103 -0.555259
0.0303462 -0.470381 0.744677
0.719269 0.248284 -0.306171
-0.429242 -0.153297 0.776663
-0.464731 -0.723307 0.0265444
-0.153447 -0.61273 -0.543136
0.402445 -0.716259 0.0128739
-0.781645 0.222814 -0.287486
0.625565 0.477207 -0.153964
-0.268017 -0.724076 0.411754
-0.0845983 -0.494984 0.717876
0.496601 0.326888 0.445952
-0.0921979 0.186647 0.788617
-0.628257 0.161208 -0.595336
-0.77092 -0.357078 -0.0205122
-0.434221 0.753703 -0.0758596
0.522073 -0.621921 0.242634
-0.246756 0.561345 -0.644823
0.125402 -0.632213 -0.589758
-0.687986 0.373679 -0.488
0.188389 0.458584 -0.697337
-0.0365102 -0.83963 0.0929307
0.31374 -0.744112 -0.255141
0.545958 -0.0305636 0.537635
0.250422 -0.67457 -0.472266
-0.528293 0.420762 0.414073
-0.0211622 -0.338901 -0.740497
0.374374 -0.374564 0.659252
-0.49724 0.714856 -0.0110677
-0.556499 -0.592197 -0.243316
0.209775 0.160963 -0.805201
0.68126 -0.519781 -0.215781
-0.754467 -0.412395 0.109037
-0.0895881 0.0504774 0.870137
0.695442 -0.421414 -0.438992
0.59284 -0.609209 -0.164772
-0.206118 0.0420964 -0.818414
0.885502 -0.181861 -0.0912057
0.266867 -0.00100202 -0.792843
0.259671 0.221322 0.691685
0.330841 0.721677 -0.338121
-0.390103 0.757177 -0.188213
-0.11433 0.632902 -0.62866
0.260675 -0.44442 -0.679932
-0.443095 0.205252 0.628085
-0.797441 -0.233047 -0.0147607
0.502782 0.192013 0.519723
-0.708859 -0.52034 0.250924
0.454792 0.196697 -0.66632
0.0577803 -0.774533 -0.355684
-0.38789 -0.503796 0.641194
0.327093 -0.721035 0.195271
-0.702541 0.268136 0.294692
-0.521319 0.693185 -0.0418602
-0.603169 -0.0276337 -0.592382
0.547142 -0.337271 -0.640959
-0.443707 0.185649 0.640869
-0.543729 -0.662172 -0.0790896
-0.503389 -0.259123 -0.5934
-0.572809 -0.624223 0.370908
-0.0869805 0.585771 0.514403
0.0582385 -0.811317 -0.194687
-0.525727 0.577359 -0.477389
-0.711569 0.409421 -0.283136
0.334555 0.505342 0.474652
-0.295536 0.455332 0.543638
-0.539873 -0.0228131 -0.665784
0.0202496 0.537108 0.554833
-0.566224 -0.505445 -0.364043
0.214628 0.61603 0.454024
-0.505731 -0.685678 0.289051
-0.608775 -0.624118 0.0871268
0.438171 -0.643597 0.335289
-0.814758 -0.153342 0.0293336
0.489108 0.299755 0.474067
-0.607959 0.0770989 0.582813
0.405248 0.140436 0.623409
-0.195733 -0.510073 -0.596639
-0.687904 -0.519337 -0.00822927
0.612698 -0.0663157 0.468654
-0.374723 0.724023 -0.383105
-0.477267 -0.571137 0.533175
0.376596 -0.389845 0.647424
-0.784842 0.266982 -0.0479454
0.257392 0.565677 -0.580683
0.302348 -0.736266 0.173082
0.700254 0.27598 -0.314551
-0.419689 -0.337505 -0.589407
0.775154 -0.321581 -0.385183
-0.765599 0.217989 -0.377856
-0.699347 -0.466547 0.345052
0.438125 -0.308021 0.64417
0.390746 -0.0819813 0.712413
0.444516 -0.700461 -0.0494303
0.718652 -0.496867 -0.10614
0.645622 0.253283 -0.469178
-0.600307 0.596051 0.0603961
0.0801905 0.451846 0.615099
-0.496885 0.573634 -0.506951
-0.782171 0.292805 -0.015579
-0.0202457 -0.0437073 -0.802509
-0.122533 -0.189762 -0.769694
0.853884 -0.0139426 -0.236745
-0.810255 0.0943576 -0.0849763
0.524309 0.257708 -0.588356
0.578822 0.345763 0.322412
-0.0114918 -0.763268 0.468351
-0.531659 0.658146 -0.256934
-0.172334 0.77064 0.327772
-0.0688349 -0.232781 -0.768338
0.132483 -0.217422 0.838083
0.370073 0.536048 0.400836
0.0756296 0.352767 -0.784738
-0.135315 0.47658 -0.722433
0.286861 -0.583649 0.559099
0.230871 0.808715 -0.194246
0.119286 0.282975 -0.793489
0.0867098 -0.706937 -0.529415
-0.595411 -0.244672 -0.520576
0.853523 -0.0778623 0.122482
-0.690127 -0.35756 -0.272475
-0.507276 0.0371591 0.690473
0.230235 0.566556 0.490901
-0.0530872 -0.375957 -0.722091
0.115207 0.83686 0.115415
0.78883 -0.240804 -0.392979
-0.717812 -0.23206 0.509486
-0.747872 -0.254213 0.446354
0.310201 -0.319559 -0.72114
-0.71771 -0.337376 0.437064
-0.597865 -0.473804 0.516833
-0.300366 -0.763575 0.212588
0.296137 -0.154158 0.777684
-0.77964 -0.353355 0.198518
0.612109 0.413051 0.154373
-0.251956 0.716854 -0.503645
-0.5379 -0.662521 -0.120139
-0.80831 0.128578 0.0691412
0.494814 0.0267406 -0.702184
-0.317047 -0.767998 0.113795
0.711398 -0.480089 0.194974
-0.339236 0.448987 -0.702223
-0.127852 -0.797543 -0.14404
-0.41214 -0.498848 0.638275
0.178649 -0.790933 -0.207345
0.748634 -0.0214759 -0.476045
0.338581 0.276597 0.610007
0.171841 0.616227 0.468664
0.265649 -0.372406 -0.712347
0.390441 -0.723773 -0.0390015
-0.236918 0.443059 0.576053
-0.00451069 -0.238975 0.853283
0.477126 -0.145058 0.629499
-0.743417 -0.434625 -0.053835
-0.551798 -0.397868 -0.473425
0.0885095 -0.762978 -0.377201
-0.788747 -0.328004 0.153509
-0.297601 0.765785 0.24252
-0.163987 0.84942 -0.204363
0.66778 0.0815704 0.377795
0.525991 -0.660984 -0.0567602
-0.202419 -0.197728 -0.748135
0.615315 -0.208482 0.46584
-0.617113 0.578559 -0.0150109
0.242529 -0.787519 -0.0111366
-0.385171 -0.643923 0.501668
0.00848772 -0.70401 0.531785
0.225501 -0.626233 0.534588
0.152896 -0.693573 -0.511443
0.0732307 0.840729 0.146781
0.70239 -0.502504 0.152299
-0.249102 0.816359 -0.205973
-0.134174 -0.309017 -0.721539
-0.542559 -0.634027 -0.200904
-0.106146 -0.662846 -0.505493
-0.698246 -0.491819 -0.0823848
-0.294241 -0.275242 -0.671969
0.447179 -0.281136 -0.705867
-0.154794 0.574663 0.518868
-0.529391 0.578291 0.29243
0.369031 0.253782 -0.699726
0.128463 0.850846 0.0112789
0.748132 -0.038639 0.305683
-0.704753 0.430802 -0.233475
0.236129 0.153256 0.743296
-0.270934 0.588906 0.457755
0.477027 0.52228 -0.42691
0.554487 -0.646594 -0.0652541
0.480628 -0.198747 0.619365
-0.787037 0.24591 -0.073972
-0.469928 0.0767573 0.697727
0.651793 0.275642 0.290357
0.370959 -0.731509 -0.0579115
-0.58551 -0.644753 0.298017
0.4366 -0.032311 0.660497
0.289168 0.76905 -0.221443
-0.126766 0.212655 0.760755
0.646773 -0.370673 0.398684
0.0800041 0.84417 0.136134
-0.485332 0.723088 0.0580349
0.128423 0.852596 -0.00721131
-0.833359 -0.0216669 0.0330169
-0.639198 -0.606902 0.169853
-0.203653 -0.765352 0.353258
-0.666245 -0.376197 -0.299147
0.530513 -0.0883151 0.564361
-0.279459 0.818079 -0.120202
0.442569 -0.67692 0.138976
-0.423496 -0.143209 0.782716
-0.658094 0.485117 -0.340447
0.653279 -0.381321 0.386034
-0.505527 -0.565304 -0.3848
0.599231 0.150595 -0.569172
-0.325527 -0.67359 0.486337
-0.401123 -0.740366 0.103497
-0.0166171 0.819914 -0.347985
-0.385378 -0.287396 -0.628284
0.0712211 -0.404452 0.770193
0.252072 -0.63968 -0.54071
0.0818758 0.117983 0.847066
0.359678 -0.731144 -0.234642
0.149858 0.815723 0.133075
-0.392629 -0.0967677 -0.719195
0.0958393 0.814323 -0.326673
-0.212136 -0.381435 -0.653564
-0.534019 0.672142 -0.170537
0.916365 -0.0590655 -0.0451856
-0.136959 -0.782873 -0.219073
-0.543846 -0.0671038 0.684423
-0.518728 0.397773 -0.633436
0.807105 0.17421 0.0817529
0.833051 0.162804 -0.00688029
-0.740295 -0.448599 0.158041
-0.165664 0.71655 -0.529781
-0.206707 -0.761905 0.359478
-0.559795 -0.656219 -0.00859306
0.216236 -0.796618 -0.0825504
-0.172255 -0.621564 0.594121
-0.588607 0.259171 -0.661953
-0.794525 0.163366 -0.202321
-0.6986 0.220773 -0.498416
0.489557 -0.678422 -0.0638033
-0.699067 -0.494145 -0.0672688
0.607045 0.186113 0.423551
0.679894 0.0687341 0.366323
-0.662933 0.425353 -0.471715
0.738137 0.240453 0.179471
0.507456 -0.358591 0.54741
0.332546 0.0375869 0.723462
-0.714577 0.0819344 0.433487
0.912463 -0.12819 -0.0469457
-0.189131 0.23296 0.726238
0.592889 0.505603 -0.199884
-0.249664 0.769054 0.277679
0.258854 -0.0165182 0.79894
-0.477467 -0.703685 0.207357
-0.644079 -0.595768 0.296062
0.695665 0.399972 -0.0247682
-0.152383 0.823472 -0.323617
0.0405475 0.382972 -0.785049
-0.283257 -0.318827 -0.655041
-0.0886032 0.353449 -0.791604
0.216529 0.292949 0.673296
-0.200425 -0.780418 -0.165899
-0.473054 0.220938 0.598968
-0.13996 0.535205 -0.686264
0.171098 -0.387822 -0.71262
0.235824 0.677199 -0.500573
-0.563067 -0.253507 -0.54683
-0.722732 -0.0541404 0.471091
0.424798 -0.499444 -0.60914
-0.654267 0.459109 -0.447466
-0.400446 0.666615 -0.485118
-0.311668 -0.250819 0.821782
0.541498 -0.0411501 -0.680199
-0.379631 0.700078 -0.43582
0.7187 -0.00379445 0.335642
-0.33031 0.144701 0.726063
0.597347 -0.384849 0.439912
0.71227 0.227398 -0.358312
0.26834 -0.1564 -0.759879
-0.0692048 -0.838519 0.228695
0.277873 0.429497 0.559417
0.637593 -0.523899 0.268079
0.12497 0.562774 -0.645019
0.546666 -0.151009 0.550908
-0.162289 -0.272809 0.86607
0.0934726 -0.764528 -0.371432
0.4208 -0.684747 0.15249
0.440858 -0.280265 0.647735
-0.731237 0.3211 0.188597
0.895133 -0.0413511 -0.13647
0.0945161 -0.382008 -0.719559
0.190091 -0.622305 -0.595911
-0.0743381 -0.822498 -0.01873
0.738315 -0.355875 -0.428513
-0.38029 0.630768 -0.538441
0.00881794 0.828075 0.189005
0.81268 -0.0118338 -0.334878
0.0994875 -0.82309 0.216693
0.541108 0.381056 -0.502497
-0.443939 -0.339758 0.719862
0.0478038 -0.341647 0.801345
0.71429 -0.133473 -0.528513
0.489191 -0.0879756 -0.716926
0.134739 -0.470671 0.719523
-0.784732 0.00705372 0.291583
-0.34064 0.139138 -0.799001
0.487809 -0.673945 -0.152878
0.735438 -0.0755792 0.328069
0.804288 -0.185127 0.221782
0.325157 -0.621809 0.482981
0.343948 -0.271597 0.724184
0.830507 0.114166 0.0722559
0.0939238 -0.20845 -0.762975
-0.382654 -0.618066 -0.426454
0.393562 0.493672 -0.531318
-0.585847 -0.0880749 0.646637
0.72932 0.362302 -0.0873378
0.244954 -0.740011 -0.342033
0.354118 0.442655 -0.600719
-0.264856 0.244118 -0.786924
-0.597965 0.599892 0.0549018
0.0962399 -0.844426 0.0358406
-0.434864 -0.677224 -0.295253
-0.63033 0.552541 -0.245034
0.632719 -0.458985 0.343033
-0.269827 -0.507287 0.672143
-0.52929 -0.409566 0.630217
0.546337 0.266833 0.437543
0.21007 -0.145566 0.818168
-0.740098 0.318116 0.171837
-0.601388 0.586423 0.152528
0.653052 0.390055 -0.259831
0.0472606 -0.707525 -0.51635
0.239945 0.310063 0.651144
0.239777 -0.742152 -0.340656
-0.108061 -0.834106 0.164562
-0.572022 -0.401126 -0.440286
0.375174 0.324555 0.556945
0.231164 0.512234 -0.635849
-0.0534207 -0.727194 -0.422625
-0.683301 -0.534773 0.0396211
0.604659 0.485014 0.0114601
-0.391999 -0.672491 0.453706
-0.739176 0.104179 0.373094
-0.223384 0.27011 0.691465
-0.793234 0.24117 0.0554395
-0.32828 -0.764324 -0.0811417
0.823722 0.09265 0.13012
-0.4849 0.296141 -0.702408
-0.807744 -0.189234 0.0227039
0.404019 0.582844 -0.438523
-0.330953 0.157257 0.717841
0.125145 0.818715 0.154273
-0.483191 0.723161 -0.0714054
-0.728998 -0.452595 -0.1045
0.147465 0.662701 0.422207
0.0617057 0.575994 0.526799
-0.624135 0.577453 -0.126775
-0.416618 0.196243 0.650559
-0.139086 -0.194176 -0.765116
0.814449 0.0036111 -0.327214
0.0935274 -0.657797 0.564085
-0.531823 0.153152 -0.720318
0.137121 0.834465 0.0958948
-0.576232 -0.588181 0.420035
0.260547 0.499855 -0.626374
-0.75208 -0.414613 -0.0128081
-0.12709 -0.799535 -0.127801
0.451973 -0.404097 -0.663751
0.719836 0.167029 0.291636
0.1099 0.856809 -0.202483
0.130895 -0.821567 0.116575
0.0743468 -0.729405 -0.47254
0.21102 -0.0266325 -0.791939
-0.393657 -0.148163 -0.693451
0.648689 -0.04304 -0.591837
0.0238046 0.0300277 -0.814003
-0.24293 0.692168 0.392474
-0.0878782 -0.828154 0.0553126
0.776249 -0.397573 0.0670827
0.285431 0.144822 0.71379
-0.335249 -0.501429 0.658181
0.0800698 -0.504973 -0.659653
-0.751917 -0.052241 -0.291735
-0.729546 -0.11085 0.476202
-0.547426 -0.530145 -0.36392
0.573494 0.395872 0.255954
0.216506 0.772515 0.174144
0.364646 0.646275 0.23439
0.500478 -0.37464 0.543911
-0.774154 0.3001 -0.178705
0.830015 -0.232447 0.16516
0.212825 -0.795505 0.0366769
-0.801096 0.173315 -0.00956138
-0.464945 -0.711766 -0.175104
0.436579 0.663754 0.011393
-0.654433 -0.581905 0.108396
-0.704062 0.444471 0.0731575
-0.250002 -0.696479 -0.36966
-0.757553 0.304293 -0.398244
-0.438806 -0.237306 0.7547
0.698479 0.203323 -0.420814
-0.253959 -0.155722 0.857408
-0.0748554 -0.726363 0.49857
0.17642 -0.26816 0.809945
0.574692 0.430968 -0.391028
0.0227379 -0.784564 0.388276
0.751228 -0.410305 -0.250906
-0.487884 0.629848 0.280726
0.265292 -0.0795283 0.795683
-0.595286 0.605881 0.0304198
0.293235 -0.372436 -0.710617
-0.0181263 -0.407001 0.783615
-0.483367 -0.508301 0.596535
0.152281 0.848106 -0.182275
0.361923 -0.203898 0.728819
-0.753966 0.128416 -0.365229
-0.818218 -0.0208467 -0.0490017
0.483011 0.472136 -0.474911
0.628068 -0.346585 0.425936
0.208269 0.697525 0.355496
0.69965 0.374794 -0.151617
0.703128 -0.527434 -0.059718
0.377 -0.729578 -0.0360372
-0.601015 0.253698 -0.643654
-0.367304 -0.531465 0.624607
-0.169375 -0.432565 -0.645934
-0.252264 -0.149146 -0.751451
-0.472518 -0.720885 0.0232729
0.567477 -0.601216 -0.275508
0.433477 0.235717 0.554668
-0.649437 -0.36846 -0.336035
0.10459 -0.719808 -0.487418
0.639949 0.349041 -0.355764
-0.316259 0.027685 0.801842
0.725216 -0.0201921 0.331305
0.497729 -0.0126203 0.588769
-0.214415 0.278662 -0.787416
-0.160658 -0.368388 0.810002
0.833659 0.0385021 -0.254845
0.422469 0.695566 -0.107997
-0.317164 -0.74265 -0.248341
-0.621847 0.32249 -0.60184
-0.561798 -0.0867963 -0.617973
-0.533526 -0.190392 0.692573
-0.587256 0.592271 -0.305159
0.840369 -0.272197 -0.0821624
0.562072 -0.236306 -0.656907
-0.719841 -0.483082 0.263363
-0.708593 0.222723 -0.48403
0.613888 -0.232052 -0.629703
0.105378 -0.819049 0.223857
-0.783887 0.272949 0.0970219
-0.297942 0.431945 0.557523
0.501154 0.476242 -0.453473
-0.69615 -0.172089 0.544883
-0.423734 0.106176 -0.78795
0.332515 -0.676834 0.384392
0.674177 0.426042 -0.122146
-0.568028 -0.408189 0.588274
0.0531351 0.441426 -0.752481
-0.126423 0.55505 0.53627
-0.418766 0.684997 0.276815
0.775865 0.261454 0.0408707
-0.0889306 -0.721541 0.501773
0.645908 0.446936 -0.1769
-0.631709 0.17083 0.495315
0.0740053 0.385274 0.664437
-0.0225067 0.409001 0.649101
0.018372 -0.72717 -0.461803
-0.269276 0.70467 0.364861
-0.552045 0.289444 0.498459
-0.186158 -0.668852 0.543813
-0.338256 0.46986 0.506934
-0.77243 -0.290671 0.316969
-0.660948 0.501457 0.147352
0.569419 -0.269809 0.507895
-0.453234 0.515738 -0.590945
0.838617 0.040084 -0.231289
0.680025 0.27487 -0.366457
0.488535 -0.316907 0.586635
-0.0423892 0.7002 -0.532535
0.536873 -0.618308 -0.281995
0.536374 -0.419301 -0.611613
0.0598218 -0.176911 0.867749
-0.274348 0.559345 -0.638598
0.554782 0.513499 -0.308645
-0.709969 -0.159953 0.529086
0.571617 -0.412646 0.447559
0.530874 -0.0454873 -0.689646
0.480155 -0.134699 -0.71668
-0.757464 0.229713 0.225579
0.83461 -0.274988 0.108917
0.113647 0.165649 0.802354
-0.10202 0.724715 0.393785
0.722936 -0.377516 0.305949
0.57648 0.0141041 -0.639481
-0.446104 0.392543 0.492427
-0.578504 -0.170698 -0.567899
-0.766394 -0.109582 0.370698
-0.172418 0.613093 0.485919
0.0147668 -0.6438 0.594528
0.55004 0.10637 -0.626389
0.859124 -0.234457 -0.119873
0.642902 0.276851 0.305459
-0.627173 0.55819 0.0527611
0.29212 -0.720765 0.285486
-0.0380693 -0.786593 -0.293808
-0.01035 0.772413 0.306669
-0.760547 -0.395702 0.0490845
0.348761 0.715495 -0.318648
-0.21519 -0.258668 0.862522
0.39004 -0.409783 0.622396
-0.425433 0.641716 0.31248
0.303622 0.279959 -0.724538
-0.187747 0.337791 -0.774778
-0.227304 -0.797021 0.0913212
0.425735 -0.625687 -0.420574
-0.550605 -0.573233 -0.287363
-0.572967 -0.133503 -0.588139
-0.416977 0.160194 -0.773666
0.327914 -0.133673 -0.759867
-0.28262 0.240179 0.685584
-0.565669 0.654399 -0.123033
-0.754194 -0.283808 0.391252
-0.736461 0.255808 0.244284
-0.592885 0.524966 -0.455579
-0.411225 -0.110269 0.796524
0.143182 -0.531824 0.678712
0.455536 0.225631 -0.654181
0.498569 0.109328 0.564706
0.731833 0.0295087 0.314086
0.214963 -0.368575 -0.716683
0.456823 0.642659 -0.222248
-0.515543 0.313711 0.505019
0.506258 0.185731 -0.631039
0.671578 -0.343855 0.376961
-0.571116 0.6436 -0.00521667
-0.338709 0.174276 0.703808
0.141613 0.378061 -0.76086
0.695179 0.236226 -0.385038
0.226312 0.00963922 -0.798293
-0.0862365 0.149045 0.813019
-0.827911 -2.49728e-05 0.0603713
0.66938 0.288257 0.237561
-0.611281 0.0321472 0.603261
-0.406136 -0.580015 0.565589
0.578581 0.508231 0.0249156
-0.811976 0.0805412 -0.0953498
-0.514993 0.681902 -0.185353
-0.118297 0.873936 -0.166632
0.0401408 0.474412 -0.732192
0.548984 -0.149324 -0.678384
-0.459827 -0.720658 -0.151167
0.616888 -0.336357 -0.603886
0.855511 -0.0776326 -0.247005
-0.496639 -0.0865163 -0.679329
-0.0177856 0.491168 -0.728898
-0.265933 0.534779 0.503876
0.736339 -0.460764 -0.146029
0.647494 -0.572228 -0.183899
0.464163 -0.333542 -0.682479
0.805906 -0.341254 -0.0150862
-0.553187 -0.572413 0.476163
-0.714158 0.438493 -0.0438141
0.863686 -0.0585186 -0.223196
-0.148419 0.21465 0.751762
-0.725719 0.305805 0.217024
-0.335915 -0.634346 -0.426812
-0.230093 0.660946 0.426332
0.00861137 -0.470934 0.745958
-0.53656 0.668844 0.168374
0.00816048 -0.711198 -0.487784
0.679569 0.389885 0.0388756
-0.0474968 -0.43617 0.77004
-0.416886 0.622344 -0.528515
0.585151 -0.0269048 -0.641927
-0.646949 0.538883 -0.170922
-0.116213 -0.639652 -0.52851
-0.449836 0.499889 -0.606814
0.3353 -0.32329 0.715848
0.752678 -0.235816 -0.458812
-0.770958 0.29672 -0.267056
0.0747162 0.299964 0.725235
-0.330043 0.457596 0.522018
-0.297037 -0.693336 0.461049
0.369807 -0.729216 -0.153158
0.241214 -0.787792 -0.0209208
-0.521568 0.311919 0.502238
0.859051 0.0763662 -0.0822424
-0.691624 0.471049 -0.11606
0.0872881 0.515168 -0.695389
-0.0076892 -0.340209 -0.739256
-0.496348 0.708333 0.148828
0.660457 -0.570933 0.0890725
0.639459 0.420931 -0.24615
-0.345145 0.542119 0.446392
-0.179686 -0.297072 0.858948
0.53228 0.0155452 0.545449
0.652745 -0.539871 -0.289407
-0.0459497 0.158308 -0.82713
-0.816515 -0.165123 0.133264
-0.721346 -0.250401 -0.274649
-0.460547 -0.524798 0.598846
0.880339 -0.0264394 -0.170511
0.147991 0.472192 0.581492
0.323169 0.760558 -0.0731015
0.199939 0.248196 0.708769
0.49248 -0.0277735 0.597122
-0.450832 0.291892 0.565106
0.100334 0.388948 0.654409
0.309943 -0.340976 0.724813
0.411142 0.701203 -0.0483402
0.162419 -0.623628 -0.596007
0.777916 0.26709 -0.0805287
-0.0145152 -0.1391 -0.783979
-0.607871 0.593205 -0.0308685
-0.158116 -0.753205 -0.314184
0.479472 -0.204594 0.619984
-0.10638 0.114494 -0.836693
-0.485665 -0.625218 0.463261
0.591612 -0.603547 -0.195216
-0.0268746 0.86016 0.117411
0.261236 0.689436 -0.468175
0.491083 0.596596 -0.268389
-0.49722 -0.43369 -0.496514
-0.298018 -0.0913712 0.844803
-0.432104 0.138969 -0.776157
0.0427041 0.150256 -0.820665
0.586719 -0.519509 -0.479831
-0.390719 -0.345288 -0.597556
0.409185 -0.349192 -0.704765
-0.177576 0.0397823 -0.823503
-0.463723 -0.723292 -0.057874
0.725148 -0.456942 0.210088
0.365406 0.234895 0.609167
-0.055118 -0.823381 -0.0339085
-0.567288 -0.0600265 -0.622614
0.101524 0.855733 0.0366761
0.293368 -0.682698 0.404562
-0.326098 0.772675 -0.275194
0.355915 -0.679732 0.344538
0.229185 -0.791399 -0.0726183
0.398687 -0.67694 0.255014
-0.54824 0.503033 0.337179
0.70809 -0.425194 -0.399869
0.0287523 -0.135825 -0.782078
0.457083 0.537232 0.248881
0.720613 -0.438782 -0.305191
0.611171 -0.459542 -0.525458
-0.455083 -0.725914 -0.0711347
-0.569939 0.55542 0.272429
-0.686588 -0.124947 -0.406235
-0.329159 -0.0532238 0.830415
0.491592 -0.623893 0.307891
-0.691204 -0.514175 -0.0150378
0.784377 -0.380257 -0.0298158
-0.558831 -0.277148 0.649433
-0.391777 0.549793 0.408628
0.769011 -0.186831 -0.448448
-0.37481 -0.166764 0.80928
0.853991 -0.0273605 -0.239472
0.496013 0.582319 -0.303566
-0.664837 -0.116556 0.572723
-0.728359 -0.361848 0.385833
0.773016 0.0754308 -0.405507
0.504139 0.523107 0.183769
0.227143 0.0460352 -0.805187
0.215841 -0.682848 0.460251
0.629966 -0.329355 -0.590153
0.556906 0.441921 -0.41547
0.0714427 -0.775334 -0.349182
0.62835 0.218244 -0.519314
0.462463 -0.595064 0.390186
-0.64648 0.481566 -0.424395
-0.547225 0.124197 -0.698742
-0.609179 -0.495018 0.475491
-0.546289 -0.665392 0.29287
-0.186407 0.296846 0.689416
0.0732701 0.68663 -0.525221
0.294337 -0.370099 -0.711263
0.141112 -0.402359 0.759307
-0.0120482 0.0417034 -0.818323
0.415931 0.231521 -0.68034
-0.0680703 0.298547 -0.813016
0.491653 0.599135 0.0315814
-0.114604 0.519161 0.563926
0.131583 0.62334 0.475049
-0.262987 -0.714479 0.43583
-0.457407 -0.698172 -0.219647
0.0947995 -0.462549 -0.679803
0.213992 -0.420032 0.728232
-0.0113163 -0.797606 -0.255595
0.590667 -0.493385 0.357172
0.20295 0.36479 -0.740734
-0.12307 -0.318999 -0.721214
-0.365464 0.801862 -0.00308487
-0.435275 0.17916 -0.763477
-0.392589 -0.353855 -0.592552
0.536159 0.351781 0.382234
-0.0670658 -0.549853 0.675108
0.340788 0.375622 0.554388
-0.151692 -0.633817 0.58409
-0.750664 -0.372482 0.292155
-0.684228 -0.143866 -0.403471
-0.765781 0.299293 0.133932
0.575964 -0.245161 0.50472
0.286325 -0.660332 -0.470144
-0.791932 -0.129442 0.284021
-0.261947 0.783122 -0.340725
0.697661 0.125406 -0.498515
0.565129 0.423676 -0.423391
-0.0863523 0.78867 -0.409849
0.135342 -0.692484 0.493376
-0.717714 -0.4672 0.291319
0.51215 0.170327 -0.632655
-0.196926 -0.708602 -0.378473
0.0578691 -0.801015 -0.246557
0.0537376 -0.0415357 0.892605
0.5087 -0.313972 0.565461
0.128919 0.645898 -0.570439
-0.64846 -0.506353 -0.19299
0.347555 0.733628 -0.206067
0.630372 0.178291 -0.533067
-0.775986 -0.178556 0.346073
-0.467894 0.625574 0.297445
0.324445 0.16379 -0.759997
-0.220926 -0.617819 0.589839
0.159588 0.789737 -0.341458
0.558625 -0.628905 0.103038
-0.784847 0.285463 0.0206766
-0.51323 -0.59242 0.482476
-0.270317 0.355009 0.618008
0.833738 -0.286521 0.0969258
0.061803 0.433016 -0.756923
0.468998 0.583017 -0.364678
-0.0171044 -0.108181 -0.790027
0.347417 -0.267229 -0.729626
0.706895 0.348469 -0.174706
0.483519 -0.528604 -0.540006
-0.342073 0.125617 -0.802641
0.642529 -0.58351 0.119862
-0.535056 -0.358611 0.646873
-0.244682 0.314913 0.654155
0.728058 0.31056 -0.177184
-0.743606 -0.186576 0.456982
-0.784105 -0.0633063 0.302844
0.465789 0.510974 0.27586
-0.477297 -0.577966 -0.39721
0.918097 -0.117012 -0.0313538
0.385905 0.116106 0.649926
0.51361 0.447047 0.288879
-0.2568 0.101826 0.779422
-0.059021 0.263867 0.754468
0.0622288 0.783674 -0.383222
-0.466034 -0.722771 -0.00778102
0.374184 -0.116112 -0.759839
0.505111 0.541528 0.144012
0.653828 -0.506978 -0.401826
-0.771973 0.0584135 -0.286955
-0.680179 0.0394797 -0.476723
-0.0902125 -0.830667 0.0816643
-0.388947 -0.714744 -0.259886
-0.186452 0.669127 0.442063
-0.500224 0.109444 0.656668
-0.4787 0.46597 0.413593
-0.760524 -0.389972 0.234622
0.424009 0.565117 -0.43668
0.14257 -0.176151 0.84158
0.0161478 0.828846 0.185677
-0.0530889 -0.835208 0.278182
0.76471 0.29421 0.00984127
-0.530726 0.577194 -0.472412
0.792168 0.233898 -0.0838455
0.663411 0.157633 0.365758
-0.770048 -0.353588 -0.0585063
0.440939 0.123927 -0.705819
-0.31015 0.803888 -0.128566
0.256385 -0.698154 0.398437
-0.169358 -0.410739 -0.656751
0.80529 -0.343522 0.112712
-0.470204 0.555662 -0.543962
0.457159 0.602734 0.121929
0.389591 0.208352 0.603145
-0.027412 -0.627319 0.606216
0.606857 -0.622766 -0.0320585
-0.0832078 0.422858 0.637571
0.858089 -0.0522217 0.112285
0.590675 0.336034 -0.476664
-0.382712 -0.643048 0.504205
-0.375209 -0.477546 0.666149
0.138925 -0.826737 -0.059753
0.523798 -0.182721 0.572857
-0.708046 0.133849 0.400133
0.279958 -0.746407 -0.287858
0.431681 -0.663625 0.244228
0.820701 0.12779 -0.153285
0.788045 0.00972213 -0.38904
0.189164 -0.559908 -0.626749
-0.696356 0.250386 0.320261
-0.335573 -0.76298 -0.0483796
0.448264 0.156653 0.582488
0.776934 -0.000425367 -0.417069
0.181064 -0.756062 0.318855
0.215314 -0.614535 -0.598032
0.894723 -0.0187264 -0.0986842
-0.829121 -0.0851488 0.0738412
-0.59201 0.372502 0.389581
0.818001 -0.0956754 0.190379
-0.742476 -0.123039 0.447136
0.695245 -0.375662 -0.492048
0.790583 -0.298013 -0.36824
0.390704 -0.138877 -0.753692
0.0426217 0.0757904 0.89242
-0.810776 -0.0263616 -0.0797343
-0.750007 0.318998 -0.390231
0.456349 0.663191 -0.12074
0.0141275 0.709901 -0.504621
0.0806447 0.147295 0.830065
-0.0346049 0.0336831 0.894895
0.379562 0.668521 0.16552
-0.812509 0.106686 0.0142037
-0.598184 0.168138 -0.639845
0.24655 -0.718257 -0.388108
-0.547878 0.589107 0.271376
0.276508 -0.610176 0.527651
-0.664725 -0.452737 0.419337
-0.56783 -0.648559 0.341865
0.407734 0.496793 0.395193
0.744121 -0.409258 0.222601
-0.12667 0.329664 0.69155
0.10832 0.54681 -0.665272
-0.316042 0.636586 0.389146
-0.0807975 -0.437133 -0.680325
0.434482 -0.580705 -0.503165
-0.52177 -0.148769 0.707284
0.199941 0.827746 -0.119791
-0.60676 0.597501 -0.0616896
0.362981 -0.675379 -0.372709
0.517379 0.174302 0.514876
0.410918 -0.410038 -0.679614
0.285886 -0.700176 0.366882
-0.30273 -0.758903 0.250351
-0.74207 -0.202255 -0.248977
-0.754604 -0.059083 0.400409
0.197509 0.283565 0.688539
-0.303188 -0.193762 -0.708408
-0.712683 0.408742 -0.275722
-0.635011 -0.0202399 -0.538151
-0.181614 -0.318004 -0.697489
0.753305 0.336056 -0.0537461
-0.20163 -0.137404 -0.76858
0.300773 0.635941 0.366187
-0.425992 0.436445 -0.668992
0.734777 -0.406707 -0.347849
-0.241798 -0.67525 -0.411069
0.259779 0.444933 0.559083
0.324511 0.0556788 -0.794578
0.245556 -0.674637 -0.476283
0.736491 -0.289926 -0.466846
0.513336 0.264947 -0.593919
-0.588426 0.307922 -0.63603
0.0850042 -0.708046 -0.526955
-0.044529 0.662282 -0.589555
0.63489 -0.586489 0.133441
-0.795982 -0.0682655 -0.128009
0.358511 0.44244 0.497857
-0.0271745 0.690274 0.425187
0.557619 0.176434 0.476219
-0.770308 -0.258975 0.34274
-0.135468 0.0168304 0.869313
-0.331507 0.797666 -0.112583
0.254545 0.444833 -0.665165
-0.706818 -0.533029 0.237292
0.127971 0.849795 0.0238824
-0.656337 -0.550481 -0.0279976
0.364167 0.457232 0.484052
-0.0287726 -0.713906 -0.462304
0.0588562 0.873885 -0.16839
0.00141045 -0.695793 0.539455
0.141416 -0.453578 0.728302
-0.403439 0.10017 0.723248
0.178547 -0.0188377 0.839821
0.638011 -0.218171 -0.610363
0.223277 -0.690269 0.44354
-0.597024 -0.447144 -0.360525
-0.521505 0.234405 -0.708627
0.660059 -0.498429 -0.400648
-0.479019 -0.594023 0.50468
0.146666 0.84421 0.0289087
-0.0394075 0.670769 -0.575687
-0.363696 -0.615896 -0.43986
0.104557 0.756525 -0.413604
0.0679643 0.34261 -0.78956
-0.813332 -0.0171938 -0.0721877
-0.122581 -0.819247 0.0383319
0.47191 -0.0470921 0.623328
-0.320367 0.732166 -0.419023
-0.133888 -0.820154 0.0664457
0.158906 0.815375 0.123221
0.663998 0.384823 -0.237156
0.785807 0.198903 0.124792
-0.017185 -0.807022 -0.191596
0.13607 -0.518942 -0.649784
0.273146 0.761924 0.134076
0.461436 -0.287499 0.624556
0.819872 0.15023 0.0641452
-0.0826037 0.739249 -0.483086
-0.370161 0.640026 -0.535222
-0.484111 0.721561 0.116468
-0.538638 -0.0712386 0.689848
-0.626457 0.557123 0.0766511
0.622217 0.430331 -0.279824
0.224555 -0.20769 0.805204
0.161409 -0.808006 0.119636
0.0609 -0.837961 -0.0309484
0.566426 0.193917 0.459311
-0.533992 -0.666713 0.343734
-0.261216 -0.373826 -0.637023
-0.0435163 0.846077 0.160827
0.807994 -0.0616356 -0.35716
-0.683514 0.249581 0.342559
0.343178 -0.736758 0.0566659
0.0828695 -0.00718635 0.88231
0.235205 -0.496353 0.671144
0.384205 -0.166545 0.722533
0.517049 0.0234205 -0.685309
0.317867 0.662591 0.295939
0.279418 0.645284 0.382121
0.472958 0.51473 0.256999
0.697961 0.143437 -0.491319
0.417781 -0.222959 0.682218
-0.512921 0.0525623 0.677608
0.0342402 -0.838607 0.173758
-0.717492 -0.265909 0.497488
0.0182029 0.404769 -0.781773
0.65026 0.258938 0.318779
-0.705256 -0.141332 -0.357882
-0.701513 -0.524438 0.276895
0.239802 -0.389975 -0.707907
-0.334507 -0.750603 0.225512
0.0456768 -0.657839 -0.568525
-0.0823693 -0.833952 0.230983
-0.764005 0.359366 0.0345917
-0.382086 -0.714073 0.369358
0.0861196 0.265563 0.746626
0.0435309 -0.598507 0.643037
0.0708006 0.143599 -0.819046
0.661029 -0.499056 -0.393448
-0.6985 -0.37822 0.431581
-0.539621 -0.600238 0.453998
-0.264941 -0.780399 0.166317
-0.645264 0.233635 -0.577412
-0.173517 -0.805927 0.0112224
-0.779127 -0.0728155 -0.200894
-0.138556 0.471252 0.596297
-0.217482 0.44039 0.585909
-0.088911 -0.0618211 0.912799
0.219364 -0.731863 0.345999
-0.522022 -0.454052 0.603933
0.485483 -0.656033 -0.24997
-0.317234 0.243316 0.669082
-0.241732 -0.789874 -0.00930859
-0.422386 -0.555839 0.584734
-0.390589 0.764682 0.14862
0.713713 0.217143 0.258066
-0.212308 -0.1017 0.876572
0.152475 0.199373 -0.806481
-0.698894 -0.498964 -0.0457301
0.36647 -0.303438 0.700939
-0.744295 0.354489 -0.258286
-0.737433 0.112028 -0.395228
-0.0348773 0.697223 -0.535183
-0.311599 0.072983 -0.805923
-4.44986e-05 -0.319396 0.81904
-0.519618 -0.594347 -0.31433
0.316757 -0.111591 -0.765436
0.277305 -0.763929 0.0679815
0.336467 -0.745187 -0.0920502
0.481482 -0.289253 -0.686807
0.241032 0.711632 -0.442269
-0.80908 -0.212714 0.167461
-0.395467 -0.328912 -0.603659
0.383252 -0.711068 0.0997972
0.767467 0.15068 0.238319
-0.0742304 0.395959 -0.781467
-0.415804 -0.0348045 0.797242
0.299646 -0.718106 0.281001
-0.233418 -0.795055 0.0721917
0.659464 -0.169698 0.4218
-0.431317 0.17205 0.657687
0.137999 0.831476 0.103203
-0.0814063 0.539024 0.550069
0.724556 0.37073 -0.0311186
-0.417897 0.46944 -0.654784
-0.47301 -0.200019 0.735883
0.136662 0.681506 -0.517764
0.755723 0.14306 -0.375279
0.467528 0.554727 -0.399653
-0.225349 0.719999 -0.515726
0.215309 0.143431 0.760202
-0.303722 -0.49846 0.669614
-0.618204 -0.445685 -0.324997
0.0274524 0.655277 -0.582857
-0.775639 -0.206523 0.343146
-0.542555 0.29984 -0.673337
-0.28347 -0.235412 -0.696046
-0.154166 -0.817053 0.0751046
-0.791008 -0.253239 0.251878
0.025467 -0.307257 -0.747269
-0.25164 -0.19233 -0.730435
-0.681635 0.162074 -0.516648
0.739455 0.128831 -0.427614
0.506567 -0.229016 0.586806
0.250587 -0.730635 0.321093
0.620691 -0.0613807 0.458891
0.0528867 0.773582 -0.400487
-0.344019 -0.365654 0.758135
-0.526911 -0.363876 0.651985
0.373866 -0.302818 -0.719586
0.010211 0.452087 0.61777
-0.777504 -0.287306 0.296992
0.363324 -0.732006 -0.152064
0.0843523 0.0965777 -0.822846
0.130026 0.584262 0.506411
-0.807905 -0.0154049 0.197041
0.448838 0.499802 0.324027
0.52891 0.581491 -0.184777
0.687879 -0.45717 -0.403125
-0.29148 -0.34521 -0.638642
-0.786431 0.266979 -0.0102707
0.608889 -0.278797 -0.621584
-0.320957 -0.348481 -0.624838
0.219683 0.171031 0.742085
-0.45736 0.748912 0.0797143
-0.365293 -0.305819 -0.627516
0.646082 0.265032 -0.453667
-0.735221 0.0687851 -0.381498
0.319499 -0.474147 0.634932
-0.512139 0.593096 -0.477191
0.730337 -0.19392 -0.498871
-0.202743 -0.591446 -0.545303
-0.791398 0.21575 0.102133
-0.167608 0.511716 -0.695425
0.775604 0.202585 -0.206379
0.742733 0.196862 0.231808
0.214408 0.496082 0.545739
-0.0417542 0.711694 0.40014
-0.474862 -0.699257 0.259286
-0.772282 -0.0766795 -0.229657
0.395101 0.678121 0.101105
-0.139495 0.0647701 0.843673
0.442786 0.36973 0.471145
-0.803592 0.169647 0.0360457
-0.725088 -0.237847 -0.271682
0.192563 -0.381929 0.757981
-0.779243 0.269857 -0.170088
-0.751673 0.373535 0.0866438
0.900134 -0.153184 0.00928883
0.768769 0.163903 -0.303526
0.0393665 -0.752039 0.455971
0.276134 -0.757072 0.121888
-0.17562 -0.812739 0.148109
0.0197619 -0.84154 0.0474736
-0.77783 0.246661 -0.289594
-0.795721 -0.122565 0.269893
-0.666341 0.103383 0.496334
0.550022 0.492557 -0.351512
0.0640959 -0.44486 -0.690164
0.409903 0.632485 0.171075
0.455445 0.0442515 0.62259
0.278381 -0.767701 -0.167305
0.540689 0.569619 -0.0336773
-0.260536 -0.713771 0.438559
0.282565 0.77663 -0.199996
0.0828139 -0.720588 -0.493712
-0.389559 -0.460374 0.675993
-0.271851 -0.166173 -0.734961
0.0246482 0.179576 0.82045
0.826054 -0.0259557 0.170855
-0.679901 -0.391898 -0.260996
-0.63997 0.121582 0.52332
-0.566055 -0.405861 -0.446246
-0.628456 -0.184475 -0.490268
-0.133474 -0.798722 -0.123629
0.514003 0.313161 0.43771
0.643889 -0.408894 0.377198
0.56244 0.0568372 0.503881
0.155178 0.528846 -0.659679
-0.434117 -0.718775 0.204436
-0.0596763 -0.355784 -0.729314
0.407353 -0.359939 0.643253
0.152358 0.37274 0.651373
-0.460955 0.123374 0.671989
-0.477751 -0.696769 0.273966
-0.564613 0.604667 0.239332
0.515101 0.583665 0.00420784
-0.341443 0.162681 -0.791838
0.34906 -0.737262 -0.179882
-0.231435 -0.788727 -0.0377528
0.606302 -0.449303 -0.539347
0.12005 0.726217 -0.455085
0.739059 -0.461968 -0.0761426
-0.57994 0.100526 0.594857
-0.461336 0.152906 -0.763603
-0.0538376 0.829937 0.19877
0.567429 0.104378 0.488813
0.74422 -0.451775 -0.105945
-0.483597 0.721802 0.121925
-0.155813 -0.749612 0.417149
0.395926 -0.406104 0.620162
0.627933 -0.605104 0.0288234
-0.269866 0.765837 -0.376767
0.38404 -0.580405 0.489218
-0.481858 -0.0808702 -0.690119
0.56994 0.399304 0.257487
-0.630643 -0.50791 -0.228918
-0.454186 0.17958 0.638444
0.730419 -0.480249 0.0218578
-0.735055 0.373477 -0.246116
0.652298 0.0603877 -0.560216
-0.542674 -0.517939 -0.391707
-0.254409 -0.0183139 0.844743
-0.771221 0.282669 -0.312892
-0.43114 -0.0956397 0.782255
-0.821514 -0.0557686 0.137108
0.0922628 -0.817137 0.243303
-0.56878 -0.483436 0.538689
0.0552204 -0.173119 -0.773419
-0.036288 0.252277 0.765007
0.189169 -0.76501 -0.321307
-0.380106 -0.0482219 -0.74829
0.0135621 0.765965 0.315365
-0.585682 0.601845 -0.281952
-0.73169 -0.206278 -0.270521
-0.633072 0.243083 -0.596087
0.436307 -0.427313 -0.654883
0.273903 -0.716831 -0.366218
-0.145771 -0.117473 0.898709
0.64447 -0.594124 -0.0884527
0.175332 0.756384 0.268229
0.419911 0.0487347 0.649838
0.56508 -0.63387 0.0465205
0.297178 0.436129 0.545143
0.848738 -0.0295608 -0.252531
0.651592 -0.463138 -0.472841
-0.666503 0.40794 0.233298
-0.480177 -0.71308 -0.117127
-0.824203 -0.00330127 -0.0297174
-0.338942 0.594736 -0.586094
-0.368453 -0.328047 0.76433
-0.0943496 -0.549941 0.670017
-0.593775 0.498754 -0.478197
0.816047 -0.0741734 0.1927
0.503096 0.578921 -0.290161
-0.0877494 0.638677 -0.631797
-0.663349 0.241255 -0.551764
-0.690071 0.430029 -0.347827
-0.589202 -0.535587 0.466644
-0.291731 0.348963 -0.748506
-0.568258 0.0786939 -0.668526
-0.513365 0.475793 0.382142
-0.291239 0.691288 0.361171
-0.63171 0.0282262 -0.560985
-0.20919 -0.780741 0.314484
0.289483 0.314459 0.622377
-0.744232 0.239368 0.245065
-0.553862 -0.575468 -0.277143
0.399818 0.713028 -0.120254
0.527668 -0.231594 0.562781
-0.550656 -0.537116 -0.347071
0.224474 -0.631245 0.528107
0.891614 -0.119415 -0.165164
-0.321738 0.449781 -0.704905
0.565779 -0.612106 0.184105
-0.669341 0.286571 0.334813
-0.797563 -0.216725 0.239308
0.0275858 0.411748 -0.775823
-0.204186 -0.802875 0.149254
0.09606 -0.237328 -0.756699
0.38226 -0.706732 0.12823
0.150571 -0.826243 -0.0248221
-0.237811 -0.686487 0.506075
-0.667019 0.0473633 -0.503401
-0.503449 0.529215 0.347987
0.309898 0.767181 -0.0674839
0.224931 -0.478026 -0.66525
-0.36955 0.77632 -0.145369
-0.572678 0.630482 0.119635
0.0893047 0.398851 -0.768202
0.494102 0.341504 0.437733
-0.355057 0.779981 -0.159565
-0.0869463 0.672596 0.448539
-0.403411 -0.173591 0.792265
0.640359 0.0726421 0.411097
0.246863 0.182403 -0.789684
-0.298726 0.728403 -0.443348
-0.161555 0.050345 -0.828698
-0.674222 -0.00928655 -0.470625
0.184809 0.339854 0.660626
0.129289 0.355839 -0.770284
-0.28135 0.839532 0.0133773
0.127397 0.0619567 -0.814047
0.25024 -0.295034 0.777184
0.201352 -0.780059 -0.233591
0.209294 0.102822 -0.811895
0.206841 0.650665 0.416048
0.259923 0.0167656 0.788121
0.0980442 0.297282 -0.794807
0.470792 -0.289641 0.613738
-0.798846 -0.273064 0.133575
-0.718672 0.401866 -0.253653
-0.758624 -0.0335827 0.384041
-0.774259 -0.190549 -0.173745
0.337518 0.284692 -0.704187
0.0347992 -0.571568 0.671223
-0.647065 -0.484595 0.419774
0.263659 0.589179 0.465329
0.241164 -0.439921 -0.68319
-0.351101 -0.255125 0.802393
0.0986549 -0.796027 -0.256043
0.615071 0.412185 -0.325667
-0.199506 -0.598714 0.609792
-0.275399 0.11859 -0.821409
-0.605578 -0.462395 -0.333082
0.407615 0.616334 0.204464
-0.463303 0.627686 0.298772
-0.141782 0.858478 -0.197563
-0.52957 0.0976699 0.639834
0.178513 0.251361 -0.787467
-0.0302359 0.726522 -0.490413
-0.0968667 -0.737406 0.476261
0.780142 -0.222901 0.266426
0.0930269 -0.791304 -0.281902
-0.602689 -0.589925 -0.124383
-0.709635 0.220118 0.323772
-0.665888 0.174251 -0.541701
-0.72679 0.0417789 0.430057
0.00434131 0.709931 0.394453
0.515141 -0.314894 -0.663008
-0.622048 -0.561588 0.37948
-0.189885 -0.0230843 0.866808
-0.0608857 0.904701 -0.0408648
-0.456631 0.429375 0.4569
0.661944 -0.200416 0.413518
-0.709741 0.223243 0.320922
-0.310722 -0.761382 0.1995
-0.807247 0.0120232 0.186285
-0.638567 0.37514 -0.54325
0.429856 0.0431491 0.643507
-0.194979 0.40907 -0.750917
0.67242 -0.487443 -0.376897
-0.4245 -0.729302 0.133659
0.0249348 0.441426 0.625988
0.713807 0.0723981 0.326562
-0.603383 0.318641 0.416645
0.798412 0.0626321 -0.344776
-0.784176 0.245111 -0.144816
0.558104 -0.432253 0.448295
0.543487 0.399457 -0.484888
0.0930693 -0.791431 0.307854
-0.223505 0.834513 0.175072
0.792446 0.0933001 -0.331999
0.468142 0.654978 -0.109426
0.163348 -0.738721 -0.407054
0.0504139 0.683595 -0.535186
0.785568 -0.205852 0.256778
0.479059 0.599967 -0.299939
0.483869 -0.640769 0.236766
-0.329423 -0.744345 0.301923
0.428863 0.124162 0.612935
-0.809763 0.0866339 -0.125268
0.805311 -0.342928 0.0193568
-0.576162 -0.369565 0.601093
0.756461 0.160885 -0.345146
-0.784932 -0.0694336 -0.176542
-0.733651 -0.145639 0.476245
-0.272894 -0.288063 0.832025
0.655764 -0.560289 -0.20077
0.645969 -0.423586 -0.518063
0.644376 0.264385 0.32168
0.275447 -0.228891 0.779747
0.0862227 -0.794881 0.305224
-0.288654 -0.513383 0.661802
0.155782 0.366488 -0.760557
0.0855912 0.505122 -0.703238
0.736455 -0.470489 0.0725146
0.585661 0.52047 -0.0311385
0.138125 0.310147 -0.781012
-0.0680566 0.00313137 0.89556
0.466501 -0.685041 -0.144174
-0.650774 -0.0919371 -0.484578
-0.518627 -0.464944 -0.463895
-0.730301 0.305813 0.206732
-0.683533 0.339895 0.265385
0.209272 0.483974 -0.668229
-0.153578 -0.75913 0.396418
0.808885 -0.0981029 -0.363129
0.546041 0.167514 0.491466
-0.359119 -0.55688 0.606301
0.141843 0.475165 -0.709325
-0.374421 0.687048 0.309483
0.386992 -0.415551 0.620838
-0.767227 -0.107619 0.367534
0.0914473 -0.264351 0.826412
-0.339741 -0.723085 0.372839
-0.524222 0.69075 -0.049429
-0.112142 -0.809607 -0.0653929
0.340155 -0.364111 0.689499
-0.117893 0.875547 0.0869551
0.223782 -0.781834 -0.183657
0.070642 -0.65642 -0.573984
0.85439 -0.245049 0.0698477
-0.700405 0.103398 0.439002
0.145219 -0.77594 0.300484
0.0837468 0.727204 0.358524
0.633842 0.229602 -0.509549
-0.176677 -0.440397 -0.639034
-0.144509 0.172794 -0.833739
-0.0474113 0.870502 -0.239137
-0.282989 0.841531 0.0324992
-0.576098 -0.629371 -0.0795135
0.589453 0.33505 0.318501
0.240532 0.410428 -0.695771
-0.459934 -0.701878 -0.208225
-0.782027 -0.0602279 -0.193238
0.213518 0.79295 -0.292718
0.917113 -0.118977 -0.0320002
-0.660147 0.0409166 0.556514
-0.135412 0.861631 0.131403
-0.29304 0.699552 -0.509514
-0.47648 -0.715852 -0.100963
-0.507928 -0.415435 0.646398
-0.616754 -0.577146 -0.110465
-0.708902 0.0583545 0.461608
0.165874 0.456565 -0.712557
0.349023 0.456063 0.496091
-0.385577 0.658336 -0.512269
-0.599347 0.614976 -0.182665
-0.47249 0.0587282 -0.762765
-0.218566 0.354684 -0.762747
0.0294496 -0.807783 -0.211499
-0.0351175 0.252906 0.764673
0.41111 0.267374 0.556906
0.332939 -0.71374 0.221562
-0.116866 0.827273 0.218616
0.497805 0.355154 -0.557994
-0.707242 0.449524 -0.0700613
0.308683 0.499123 0.498218
-0.353212 0.141603 0.718422
-0.18203 -0.326214 0.841422
0.317571 -0.730028 0.168165
-0.233138 0.394293 -0.747175
-0.00962152 0.892891 -0.0345365
0.872879 0.0135744 0.0435612
-0.0997248 -0.8366 0.150998
0.721323 0.288364 0.132698
-0.210193 -0.566738 -0.561611
-0.778316 0.123784 -0.285883
-0.798778 0.163453 -0.101112
-0.668395 -0.360882 -0.308594
-0.425332 0.65838 -0.474197
0.160741 -0.79155 0.233355
0.713135 -0.497149 0.106529
0.544784 0.196047 -0.596104
-0.74565 -0.431029 0.00914843
0.489858 0.5748 0.10216
-0.461754 0.693732 0.225471
0.518535 -0.641336 -0.225079
-0.510936 -0.69631 0.162774
0.39745 -0.162472 0.714478
-0.760145 -0.0257147 0.37821
0.437317 0.647114 0.0607344
0.838003 0.116487 0.0386994
0.105154 -0.318322 -0.738327
0.832107 -0.129604 -0.31265
0.184278 -0.8051 -0.111666
0.248122 0.478321 0.544592
0.786321 -0.35521 -0.269191
0.870597 -0.196291 -0.215218
0.197626 0.754805 -0.385818
0.622456 0.270574 -0.488874
0.452205 0.263824 0.525188
0.405519 0.602823 -0.413492
0.549948 0.476307 0.177334
-0.519954 -0.590871 -0.319419
0.356473 -0.0817613 -0.768531
-0.567713 -0.654067 0.296205
-0.110045 -0.700402 0.520865
0.729841 0.310405 -0.172326
-0.134426 -0.421909 -0.665673
0.553255 -0.196757 -0.670874
-0.789325 0.237662 -0.0502869
0.0610626 0.65612 0.453909
-0.670022 0.175735 0.42834
0.661089 -0.542191 0.198338
0.207633 -0.595781 0.587962
0.228789 -0.456875 -0.675482
0.18359 -0.193569 0.82319
-0.223831 -0.444218 0.73482
0.50788 -0.576579 -0.44881
0.172932 -0.734878 -0.411175
-0.314809 -0.372769 -0.61537
0.0234837 0.890795 -0.108232
-0.684695 -0.0403172 -0.440799
0.550431 -0.64997 -0.0392867
0.400281 -0.0840995 0.705375
0.429526 0.482899 -0.5114
-0.681201 -0.110376 -0.422826
0.242054 -0.725366 -0.377437
0.397151 -0.253125 0.693093
-0.790673 0.256218 0.0504782
-0.00493773 0.601632 -0.649429
-0.793352 -0.0265941 -0.156925
0.626157 -0.496612 -0.476952
0.282064 0.00229512 -0.792311
0.0966345 -0.0998526 -0.784977
-0.111805 0.163639 0.795158
0.718755 0.266285 0.176952
-0.410017 0.337056 0.559902
0.240368 -0.775345 0.106846
-0.777262 -0.356434 0.106344
-0.356364 -0.746529 0.192465
0.376962 -0.728754 0.000368842
-0.164272 0.224329 -0.815382
0.794246 -0.347145 -0.257625
-0.40209 0.713712 0.242213
-0.240572 0.604388 -0.614569
-0.394642 -0.154665 0.802126
-0.158311 0.580435 -0.655354
-0.771887 0.348631 0.0205112
0.716548 0.384215 -0.0429199
-0.795047 -0.27571 0.0777019
-0.445677 0.663226 -0.439413
0.177026 0.581117 0.495448
0.764778 0.158809 -0.324752
-0.240277 -0.168188 0.861195
-0.0535814 -0.736067 0.491246
0.698781 -0.516587 -0.137722
-0.653605 0.294314 0.354677
-0.255437 0.292267 -0.774177
-0.0653374 0.838529 -0.331842
-0.731819 0.0648152 -0.387412
0.429823 -0.0593635 0.672505
0.392011 0.0859551 0.659574
0.390823 -0.150803 0.721772
0.621187 -0.323185 0.438722
0.537481 -0.0826713 -0.689845
0.2113 -0.57877 0.608991
0.128245 -0.172758 0.847131
-0.443629 0.0899709 0.705168
-0.577464 0.583427 0.235851
0.53832 0.0771993 0.527725
0.825414 -0.301877 -0.121806
-0.518836 -0.241494 -0.590526
-0.744767 -0.438423 0.225881
-0.455539 0.407225 -0.668685
0.647655 -0.13074 -0.60605
-0.170729 -0.810053 0.0427175
-0.5542 -0.217454 -0.570695
-0.393289 0.069657 -0.788547
-0.122445 0.698311 -0.550367
-0.199734 -0.684942 0.525597
0.329528 -0.747907 -0.0999892
0.812608 0.111119 0.148853
0.513882 -0.2639 0.572956
-0.416805 0.664769 0.299481
0.374242 -0.638784 -0.438281
0.285046 0.670899 0.338658
-0.300718 -0.774234 0.0727256
0.724007 -0.150924 0.350723
0.0689543 -0.417401 -0.703454
-0.0130839 0.854075 -0.294341
0.0299164 -0.560525 -0.626586
-0.607107 -0.298276 -0.465455
0.214822 -0.363069 -0.718376
-0.394484 -0.0268996 -0.752847
-0.570103 0.396245 0.403413
0.141951 0.847819 -0.196399
0.358618 0.145009 -0.747043
-0.142085 -0.255842 -0.743906
-0.671067 -0.47836 -0.192582
0.814218 -0.32549 0.0836102
-0.0365678 0.359003 -0.801268
-0.439669 -0.426116 -0.532481
-0.477092 0.728025 0.122267
-0.274063 0.723805 0.333804
-0.0698768 -0.276604 0.848769
0.754045 -0.162858 0.304021
-0.540359 -0.269841 -0.559161
-0.517069 -0.0455797 -0.680017
0.0575693 0.357308 -0.788021
-0.0175579 0.632384 0.481575
0.0516171 -0.238415 0.843966
0.161686 -0.460908 -0.677058
0.33876 0.571853 0.401944
0.373666 0.204862 0.617097
-0.041994 0.303245 -0.811647
0.0671025 -0.151044 0.871137
-0.0189274 -0.79179 -0.285509
0.262014 0.763083 0.144563
-0.734299 -0.391445 0.327144
0.382265 -0.142009 0.729697
0.703628 -0.52906 0.0144838
0.164746 0.128953 0.795877
-0.122705 0.880253 -0.135215
-0.754841 0.276334 0.182569
0.470193 -0.232749 -0.707719
-0.396953 0.554698 -0.59384
0.510675 0.462894 -0.458325
-0.735743 -0.397284 0.314586
0.133635 -0.55189 -0.633657
-0.351415 -0.525668 -0.513506
0.392888 -0.0393726 -0.763092
-0.633937 -0.485494 -0.260698
0.484619 0.0841001 -0.688341
0.143276 -0.671137 -0.563858
0.67638 -0.534568 -0.187683
0.726834 -0.101391 -0.514604
0.215604 0.792803 0.117834
0.400495 -0.210578 -0.737746
-0.326329 -0.507753 0.655596
-0.330242 0.424393 0.547541
-0.231642 0.230575 0.712311
-0.0281864 0.874066 0.0740121
0.69052 0.365442 0.0593433
-0.785499 0.192986 -0.28267
0.0442258 0.0893933 0.883567
-0.554494 0.128892 0.602116
0.658977 0.329129 0.194911
-0.689539 -0.537639 0.0855284
-0.52387 -0.0122818 -0.686638
0.494832 -0.504045 0.455455
0.291557 -0.699961 0.362349
0.802531 0.00535112 0.213106
-0.748662 -0.388512 -0.132956
-0.661545 -0.07279 -0.471635
0.541372 -0.636953 0.103979
-0.539647 -0.44476 0.595053
-0.272565 0.273135 -0.776404
0.0816204 -0.386996 -0.717784
0.463049 -0.279672 -0.698554
-0.291141 -0.277594 0.825959
0.350969 -0.206443 -0.742623
-0.690965 0.336646 0.254452
0.685007 -0.38661 -0.496522
-0.122743 -0.228849 -0.758099
-0.1678 -0.146091 0.88857
0.535076 -0.201461 0.558056
-0.618762 0.464105 0.268278
-0.37942 0.373546 -0.719969
-0.381001 -0.226534 -0.660077
-0.816602 -0.125129 -0.0129969
0.326266 0.262516 0.626217
-0.507032 -0.645712 -0.252492
0.739084 -0.404002 -0.335545
0.188388 0.274976 -0.778267
-0.270198 0.252414 0.683043
-0.579891 -0.229638 0.645181
-0.766327 0.0947344 0.329875
-0.424458 -0.588611 -0.432653
0.669512 -0.0259363 -0.572011
-0.614258 -0.590265 -0.0624037
-0.0847778 -0.803774 -0.162206
0.0574286 -0.056518 -0.795532
0.203521 0.0740555 -0.811911
-0.195347 -0.651424 0.560575
0.811769 -0.257849 0.198548
-0.759049 -0.402542 0.15534
-0.57554 -0.361019 -0.466727
-0.370598 -0.596713 0.567083
-0.708247 0.288876 -0.490248
-0.796669 0.21018 0.0220657
0.822008 -0.310045 0.107184
0.200785 -0.584837 -0.613831
-0.528314 -0.177748 -0.610939
-0.00169177 -0.320096 0.819014
-0.438648 -0.731165 -0.028169
0.368605 -0.647448 0.421554
0.616162 0.291909 -0.478668
0.298754 0.430262 -0.647098
0.526991 0.121936 0.530971
-0.664217 0.505689 0.0382323
-0.106932 0.0950196 0.837521
0.529418 -0.572023 -0.43956
-0.177 0.237804 -0.808382
0.604594 -0.507409 -0.48031
-0.113115 -0.813442 0.294041
0.331168 -0.50111 -0.64382
0.0976753 -0.622571 -0.594199
-0.243118 0.172033 0.742813
-0.239614 -0.733164 -0.309347
-0.243919 0.757839 0.301604
0.537538 -0.652706 -0.1018
-0.573706 -0.235649 -0.545635
0.235805 0.699794 -0.465473
-0.248178 -0.453704 -0.602856
-0.120614 0.651224 -0.61329
-0.0134967 0.553777 -0.686433
0.638495 0.22614 0.361171
0.55354 0.420302 -0.454354
0.164726 -0.75577 -0.363867
0.822803 -0.116207 -0.333846
-0.50387 0.29356 0.528535
0.617335 -0.542743 -0.410578
0.568822 0.24517 -0.557537
0.137242 0.200856 0.769095
0.0865403 0.801202 -0.349526
0.0698515 -0.401102 0.771875
-0.733573 -0.352252 -0.19107
-0.772821 -0.10062 -0.217353
0.843962 0.0658971 0.0862597
0.29884 0.764008 0.0288201
-0.199786 -0.412629 -0.643224
0.109421 -0.620574 0.603253
0.788724 0.0452148 0.23622
0.481572 0.338239 -0.58238
0.366528 0.41076 -0.614789
-0.444865 0.646032 0.296098
-0.241902 0.497745 0.538515
-0.547156 0.359431 0.448126
0.493835 -0.577463 -0.459023
0.369706 0.545972 0.390089
0.830637 -0.164033 -0.315344
0.290394 0.426065 0.55513
0.198195 -0.520483 -0.645722
-0.7841 -0.247788 0.285638
-0.707608 -0.240728 -0.309644
-0.67335 -0.342837 -0.315377
0.753249 -0.382218 -0.341299
0.419863 -0.654738 0.321191
0.771727 0.133437 -0.346851
0.146988 0.823351 -0.269235
0.884169 0.020459 -0.0117805
-0.0760882 0.534671 -0.698124
0.580936 -0.603857 0.19129
-0.0206182 -0.423294 -0.702296
-0.614319 0.348582 0.374431
0.305788 -0.262796 -0.734038
0.621258 -0.311971 -0.605658
0.167202 0.284208 0.703331
-0.631415 0.528108 -0.333349
-0.370198 0.301047 -0.743719
-0.287215 0.607163 0.432141
-0.481649 -0.46973 0.6279
-0.233054 0.266519 0.689685
0.83608 -0.279858 -0.237489
-0.0492031 0.460716 0.610149
0.0485849 -0.510441 -0.656009
0.543469 -0.651361 -0.0768396
0.27173 -0.739546 0.23567
-0.0997802 0.724969 0.393071
-0.754467 -0.0466473 -0.288434
-0.123485 0.348663 -0.785458
-0.628935 -0.566154 0.361475
0.702226 -0.109165 0.374964
0.782137 0.0517837 -0.393831
-0.759865 0.309867 -0.348445
0.876864 -0.166474 0.0801601
0.492655 -0.484778 0.473843
-0.596491 0.193486 0.530341
0.671743 0.440191 -0.0763305
0.126754 -0.407785 -0.705127
0.046478 0.0041847 0.898815
-0.796065 0.217381 0.0344212
-0.334565 0.330188 0.606788
-0.336459 -0.762819 -0.019257
-0.811036 0.037805 -0.105144
-0.696524 -0.119868 -0.386745
-0.365778 -0.624029 0.537255
-0.00723213 0.337498 0.702516
-0.481832 0.730236 -0.0241471
0.282679 -0.62507 0.503037
-0.5498 0.326701 0.471418
0.144187 0.741784 -0.426018
0.0666112 -0.804903 -0.223701
-0.0202369 -0.260393 0.847059
0.768331 -0.344021 0.2342
-0.118219 -0.329798 0.834426
0.523407 0.26512 0.462927
-0.224437 -0.423436 0.752129
-0.343996 -0.753656 -0.147446
0.0374972 0.557829 0.539796
0.0967856 0.722133 0.362729
-0.540282 0.670986 0.0451036
0.257856 0.440855 -0.665653
0.738225 0.226328 -0.28839
-0.675985 -0.279804 -0.363485
-0.217145 0.809366 -0.294823
-0.0222524 0.106247 0.86143
0.680001 0.235386 0.295588
0.352833 -0.167393 0.743706
0.551665 -0.166342 -0.675109
0.0665905 -0.80282 0.302648
-0.658736 -0.462193 0.420783
-0.429553 -0.151574 -0.676923
-0.0208103 -0.611397 0.623393
-0.808074 0.123531 0.0762971
-0.804867 0.0915048 0.134448
0.648742 -0.591499 0.0511482
0.601918 0.367775 -0.416485
-0.755697 0.341558 -0.215389
0.527137 -0.0501547 -0.693447
0.495907 -0.02253 0.592426
-0.501352 -0.407061 -0.512072
-0.28703 0.801304 -0.201495
0.46485 -0.602705 -0.433215
-0.742801 -0.0490224 0.427635
0.497633 -0.664951 -0.172722
0.778634 -0.390438 -0.0425839
-0.694222 -0.264784 -0.329268
-0.435881 -0.528282 0.607569
0.0803861 0.288838 0.731596
-0.243194 -0.283361 0.847292
-0.612066 0.44313 0.297462
0.176058 0.674697 -0.518533
0.504025 -0.57373 -0.457804
-0.762079 0.148958 -0.355912
-0.426991 -0.0747673 -0.71582
-0.711275 0.18281 0.352879
-0.502001 0.234167 -0.717119
0.687597 0.284707 0.208231
0.197059 -0.719101 0.398381
-0.585273 0.341874 -0.620218
0.0816834 -0.268128 0.826504
0.198687 0.0357864 -0.804893
-0.661331 0.259463 -0.556436
0.297101 -0.67693 -0.42772
0.119373 -0.130174 0.856156
-0.461026 -0.395299 -0.541536
-0.206013 -0.779984 0.31806
0.0970828 0.869436 -0.162018
0.804111 -0.154654 -0.381476
0.765341 0.225268 -0.206199
0.536021 0.0891064 0.528073
0.553147 -0.146066 0.54422
0.626617 -0.0107354 -0.60517
0.271817 -0.450483 0.683509
0.291661 -0.66364 -0.458968
-0.240041 0.3307 -0.765538
0.624722 0.404847 -0.313801
-0.189376 0.874148 0.069585
-0.644715 -0.358479 0.529678
0.479638 -0.544976 -0.521636
-0.260632 -0.329823 0.817669
0.607726 0.412595 0.165068
-0.753968 -0.410681 0.0105293
-0.0286213 0.215098 0.792346
-0.785278 0.257571 -0.0724768
0.771626 0.160734 -0.29789
0.0669979 0.186906 0.808242
-0.0825143 -0.82986 0.0608544
0.688152 -0.264574 0.371983
-0.206656 -0.318669 -0.686803
-0.57055 -0.239725 0.649972
-0.56572 0.650151 -0.177704
-0.0945566 0.184202 -0.828429
-0.708872 0.416708 -0.269959
-0.210838 -0.292291 -0.698068
-0.269373 -0.247148 -0.696095
0.193616 0.594237 0.481403
0.873392 -0.106265 0.0869161
-0.394335 0.265058 -0.748321
0.208089 0.373974 -0.73386
-0.224293 -0.437055 0.74074
0.483617 0.022786 -0.712851
0.623402 -0.507947 0.304603
0.526031 0.381582 0.368093
0.393343 -0.289961 -0.720818
-0.0518391 0.897843 -0.0157634
0.750733 -0.285303 -0.443534
0.554317 0.033428 0.517757
0.792809 0.15294 -0.226341
0.745906 0.0159393 0.3005
-0.605773 -0.601536 -0.0542156
-0.318636 0.514948 -0.659211
0.739487 0.355725 -0.0691394
-0.479376 -0.56273 -0.414057
0.69506 0.257152 -0.356601
-0.621689 0.575141 -0.0514808
0.460652 -0.0473257 0.635986
-0.199695 -0.766905 0.351941
-0.391303 0.566378 0.396135
0.0804063 -0.636986 0.595461
-0.643255 0.338559 -0.571283
0.0693517 0.688938 -0.522714
0.583536 -0.345945 -0.619808
0.238371 0.633406 0.425865
-0.674885 -0.532492 -0.0149407
0.789449 -0.296385 -0.370862
0.741849 0.170948 0.259578
0.815429 0.195093 0.0185683
0.435361 0.660916 0.0276628
0.509797 -0.260942 0.578192
0.189658 -0.435724 -0.687998
0.0808488 -0.133268 0.869494
-0.393697 -0.319483 -0.609036
-0.0132395 0.479262 0.59711
0.49821 0.0687975 0.574957
0.258624 -0.764382 0.126746
0.698922 0.287235 -0.299617
-0.816418 -0.0378249 -0.0499575
-0.737078 -0.299013 -0.21835
-0.179089 0.858326 -0.129623
-0.285662 0.756477 -0.387751
-0.675907 0.00252387 0.549167
0.201929 -0.385608 -0.712074
0.707281 -0.495005 0.154348
0.796851 0.175617 0.119934
-0.236896 0.503887 -0.687626
-0.659164 -0.0260776 -0.492186
-0.141625 0.888683 0.0518189
0.347269 -0.232128 0.732081
-0.809663 -0.0661673 -0.0681915
0.552538 -0.534111 0.357237
-0.383667 0.238611 -0.758812
-0.131188 -0.801431 -0.103765
-0.8146 0.0293034 -0.0858158
0.192791 0.830447 -0.103311
-0.302526 -0.222026 -0.694758
-0.126069 -0.745438 0.443891
0.732576 0.307576 -0.169197
0.671854 0.37928 0.0772165
0.331814 0.565794 0.418041
-0.338058 -0.459374 0.691543
-0.68439 0.010198 0.528926
0.500937 0.562166 0.103458
0.298864 0.772654 -0.157345
0.220147 -0.788381 0.0703549
0.633205 0.17061 0.397282
-0.60375 -0.623736 0.0459164
-0.025427 0.118578 0.852987
-0.0978953 0.466642 -0.735181
-0.632559 0.0232753 0.589488
-0.177423 0.712349 0.415083
-0.660686 0.133562 -0.544855
0.234285 -0.783725 -0.153859
-0.357138 0.75553 -0.293777
0.66616 -0.489595 -0.401159
-0.302652 0.590875 0.435135
-0.228283 0.451317 0.574416
0.254795 0.454116 0.555988
-0.740912 0.171866 0.312355
-0.493002 -0.579964 -0.378847
0.201781 -0.804409 0.00155348
-0.569738 0.465784 0.346638
0.347136 -0.0967443 -0.766119
0.292972 -0.598612 0.534422
-0.295309 -0.728688 -0.28783
0.710634 -0.333023 0.333877
0.864841 -0.181205 0.104124
0.110572 0.444704 0.611665
-0.647652 -0.173804 0.59641
0.150559 -0.747841 0.367048
-0.344863 -0.350082 -0.614161
-0.493135 -0.416439 -0.510291
0.670033 0.427748 -0.135723
0.258171 -0.416797 -0.693695
-0.702333 -0.468992 -0.140846
-0.389857 -0.266439 0.781893
0.246403 0.420587 0.580608
0.398366 0.44429 -0.566182
0.624443 -0.578367 -0.220804
0.628855 -0.592819 0.1105
-0.209095 0.693537 -0.557126
0.132356 0.833238 0.105026
-0.271154 -0.614187 -0.485695
0.424988 0.661982 -0.266972
-0.589609 0.575586 -0.346929
-0.329092 -0.507978 0.654623
-0.522007 -0.570349 -0.349334
-0.402138 -0.742414 -0.0405806
-0.709776 -0.382887 0.407224
0.722385 -0.0177605 0.334096
-0.341281 -0.0226566 0.818982
-0.36976 0.481224 0.476646
-0.430077 -0.254641 -0.625932
-0.6391 0.545731 -0.0022939
-0.565507 0.129415 -0.678124
-0.635753 -0.266266 -0.443847
-0.32461 -0.714947 -0.29572
-0.834228 -0.0388101 0.0518205
-0.441523 -0.469795 0.653029
-0.172281 0.848474 0.176862
-0.634006 0.412714 -0.514194
0.653403 0.25624 -0.449286
-0.259148 -0.0887806 -0.770751
0.320995 0.0849602 0.714855
0.0204209 -0.476414 0.741994
0.0518752 0.86975 -0.193628
0.30167 0.436591 -0.641258
0.0287798 0.251408 -0.811235
0.0500511 -0.616831 0.622961
-0.60756 0.404427 0.338103
0.676011 -0.245941 -0.555038
-0.739005 -0.335917 0.380215
-0.426219 -0.631818 0.491332
-0.10265 -0.503726 0.707228
-0.0186082 0.849951 0.146443
0.510027 0.488004 -0.429687
-0.198306 0.37031 0.638513
-0.359063 0.328077 -0.738512
-0.366709 -0.622578 0.538431
0.504664 0.58175 0.0412629
0.393432 -0.685835 0.220473
-0.795177 -0.199359 -0.0773037
-0.728793 -0.0676046 0.463069
-0.5239 0.488027 0.365486
0.507872 -0.0517506 0.583779
-0.0120684 -0.841343 0.189788
0.160792 0.609818 -0.591067
-0.70679 0.324608 -0.489168
-0.664186 0.170529 -0.54383
0.202148 0.293241 0.680323
-0.51151 0.201448 0.588202
0.150591 -0.323624 0.791719
0.321345 -0.0299882 0.752692
0.494847 0.350908 0.429773
0.87698 -0.0220181 -0.176994
0.389397 0.579858 -0.458507
0.744289 -0.402059 -0.315922
0.90538 -0.10866 -0.131281
-0.598602 0.234675 -0.645553
-0.49924 -0.297503 0.691636
-0.33222 0.484665 -0.677915
0.299165 -0.760711 0.0148612
0.219315 -0.754044 0.285192
-0.466121 0.71656 0.172275
0.686277 -0.105025 -0.563441
-0.378958 -0.592021 0.567647
0.729255 0.259919 0.166652
-0.330022 0.474889 -0.685793
0.557437 -0.555693 -0.448348
0.588689 -0.335109 -0.619517
0.525814 0.11472 0.534069
-0.830233 -0.0686763 0.0872263
0.369418 -0.631157 -0.457666
0.285693 0.266115 0.651956
-0.122156 0.661681 -0.602523
0.379371 -0.719357 0.0613367
-0.463259 0.519528 0.383146
0.211477 0.583837 -0.590184
0.440555 -0.461879 0.544398
0.380029 0.229188 0.6006
0.733432 0.116576 -0.455353
0.48213 -0.323169 0.591847
-0.664006 -0.258321 -0.399411
-0.571532 -0.660389 0.115697
-0.665518 -0.0699715 0.567537
0.125753 0.699038 -0.494234
-0.429976 -0.161875 0.774601
-0.428258 0.738214 -0.172345
0.752793 0.240734 0.148637
-0.689277 -0.569946 0.234605
0.416826 0.200115 0.586049
-0.177113 0.27033 -0.798192
-0.246918 -0.429587 0.741823
0.278399 0.0956067 -0.806374
-0.419597 0.596222 0.353286
-0.278229 0.751101 -0.405873
0.842258 -0.257201 -0.283897
0.484747 -0.400322 0.542898
0.694491 -0.240846 0.368866
-0.565499 -0.465275 -0.399094
-0.766175 -0.258489 -0.170605
0.123517 0.432224 -0.749022
0.508756 -0.157783 0.592594
-0.13199 -0.766619 0.391499
-0.577596 -0.510507 0.50988
0.504415 -0.0472201 0.586915
0.112802 0.448283 0.608479
0.776151 -0.37321 0.188457
0.171386 0.0676613 0.827242
-0.308604 0.080577 0.773305
-0.534456 -0.127775 -0.628056
0.190098 0.834402 -0.150701
0.332649 -0.0828468 0.758744
0.478862 0.228941 -0.634881
-0.267939 -0.0873231 0.855503
0.284117 -0.415243 0.696779
0.115654 -0.824208 -0.108059
0.188123 -0.163923 -0.764773
0.465833 -0.0991566 0.638628
-0.403646 -0.171751 0.792416
-0.613969 0.376059 0.351549
0.458342 -0.39311 -0.668143
-0.295589 -0.309186 0.810234
0.279229 -0.601607 -0.58156
-0.0765669 -0.44313 -0.677575
0.153752 -0.78848 -0.265689
-0.241574 0.136681 0.76429
0.570923 0.0500096 -0.631068
-0.35362 -0.726077 0.357946
0.865402 0.0722271 -0.062839
-0.104496 -0.317812 0.837309
-0.549635 0.653461 -0.217706
0.0217884 0.577542 0.524614
-0.744012 -0.436544 0.0594444
0.094067 0.495892 -0.708379
-0.166236 -0.439149 -0.643972
0.65573 -0.165415 0.426861
-0.493584 0.341316 0.498983
0.191383 -0.633658 0.543909
-0.0940239 0.775218 0.31102
0.186329 -0.754567 -0.354608
0.34088 0.499493 -0.567692
0.119885 0.750801 0.320659
-0.561899 -0.0781291 -0.621232
0.18193 0.782938 0.186399
0.0655583 0.613784 0.498716
-0.777926 0.309844 -0.0531307
-0.0900398 0.754355 0.347305
-0.748908 0.333943 -0.325413
-0.14233 -0.138812 -0.780112
0.699984 -0.476019 -0.277051
-0.272484 -0.766994 0.27125
-0.517363 0.691528 -0.12322
-0.725615 -0.041097 0.460666
0.554894 0.527095 -0.279845
0.851248 -0.0774286 0.126731
-0.203498 -0.102483 -0.778075
-0.641358 0.355598 0.322939
-0.293579 0.508583 -0.670942
-0.714539 -0.495978 0.265744
0.63547 0.15973 0.397318
-0.351228 0.492083 -0.664494
-0.658964 -0.237269 -0.418821
0.0562004 0.735708 -0.456142
0.426215 0.656003 -0.284778
-0.0273228 -0.840144 0.0873419
-0.744453 0.348103 -0.29193
-0.0653329 0.897395 -0.135066
0.429096 0.674106 -0.188442
-0.136025 -0.808635 0.288414
0.777636 0.0975489 -0.378379
-0.771703 0.0154389 -0.270361
-0.0555934 0.530518 0.557463
0.392363 -0.669669 -0.357698
0.130466 0.394974 0.64163
-0.274614 -0.766217 -0.159838
-0.806487 0.0576953 0.158492
-0.643119 -0.355598 -0.35855
0.616702 0.464589 0.0301401
-0.716051 0.404574 -0.264971
-0.498836 -0.498209 0.590512
0.56278 -0.608232 0.214662
-0.391741 0.768254 -0.126952
-0.771569 0.344498 -0.0401523
0.286985 0.092157 0.737675
-0.205962 -0.334197 -0.679441
-0.153699 0.23002 0.740762
-0.436116 -0.437729 0.676411
-0.00808748 0.782621 0.288449
0.128747 0.733995 0.340051
-0.212227 0.283288 -0.786449
0.191888 0.234021 0.721221
0.502453 0.584419 -0.272102
-0.509752 0.703213 -0.0187962
-0.213534 -0.490305 0.698083
-0.580418 0.0881486 0.600864
-0.774966 0.291259 -0.19223
-0.646224 -0.401055 0.501683
-0.0452968 0.818045 -0.357599
-0.410333 0.759351 -0.117505
0.0789478 -0.0744768 -0.79085
-0.397215 0.481859 0.457413
0.423129 0.632018 -0.359347
-0.469234 -0.53693 0.579023
0.581295 0.527953 -0.165957
-0.139366 0.108469 0.817861
-0.228353 0.862136 0.0212151
-0.264329 0.0437974 -0.807184
0.630005 -0.488732 0.316663
-0.341769 -0.501201 0.6565
0.192914 -0.632449 -0.590756
0.77617 -0.149473 -0.449914
-0.582198 -0.335695 0.613543
0.0852259 -0.771146 -0.356141
-0.719722 -0.488257 0.0131427
0.0385043 0.88083 -0.149512
0.466234 0.282097 -0.623366
-0.441027 -0.316796 0.732551
0.407218 0.164922 -0.710838
-0.473244 -0.599372 -0.371986
-0.436278 -0.254319 -0.623525
-0.297821 0.754248 -0.384355
0.82612 -0.0905058 -0.320198
0.62316 0.00714978 0.443552
0.190334 0.331992 0.662645
0.538377 0.313258 0.4118
0.0252301 -0.66783 -0.557759
-0.243283 -0.749898 -0.274295
-0.232347 0.740019 0.341696
0.807447 -0.338775 0.0399571
0.19269 -0.807721 -0.0454231
0.763478 -0.00664364 -0.444213
0.864932 -0.221779 -0.214021
-0.038198 -0.561477 0.670675
0.616857 -0.0315809 0.45829
0.000760539 0.113577 0.865395
-0.0278952 0.838125 0.174934
0.187189 -0.408778 0.743087
-0.427717 -0.62196 -0.387961
-0.417939 0.485232 -0.641921
-0.245225 0.113487 0.776697
-0.32259 0.332389 0.610415
-0.444541 0.356597 0.52109
-0.0588195 -0.827472 0.00738526
0.549219 -0.629206 0.12831
0.178994 0.755957 0.265082
-0.60283 -0.428034 0.538698
0.470135 -0.188991 0.632249
0.782412 0.226373 -0.136272
0.173697 0.84087 -0.117861
0.458733 -0.674892 -0.237001
-0.260919 0.251486 0.687522
0.114274 0.278886 0.729185
0.0755901 -0.832865 0.187682
-0.634002 0.540034 0.148122
-0.526242 -0.0953358 0.704326
0.55825 0.139826 -0.606786
-0.400513 -0.0124931 0.795218
-0.776572 0.337591 0.0217205
0.718636 -0.341829 0.323086
0.573689 0.00912372 -0.643564
0.378788 -0.726732 -0.107385
-0.322889 0.54585 0.45828
-0.461087 -0.148494 -0.665397
-0.0141435 0.0193572 -0.814183
-0.37241 -0.359976 0.74665
0.63374 0.183738 -0.528217
0.417338 -0.530751 0.510539
-0.705063 0.400089 -0.3664
-0.145248 0.624107 -0.626555
0.90209 -0.0797897 0.0313041
0.877538 -0.163099 0.0813118
-0.270408 0.659305 -0.562722
0.623032 0.0156751 0.442053
0.655761 -0.0684707 0.420613
0.0477577 -0.62556 0.613976
0.141279 0.626889 0.467483
-0.547172 -0.087945 0.683538
-0.703632 0.238328 -0.492746
0.706443 -0.460727 -0.298888
0.757443 0.276496 0.0698398
-0.56911 0.606765 0.229972
0.493636 0.0488882 -0.694607
-0.621998 0.46815 -0.476738
0.469378 0.463894 0.342805
-0.677837 -0.28238 0.5347
-0.772681 0.0817974 -0.293497
-0.662265 -0.422175 0.453093
0.181748 0.674658 0.395884
0.86914 -0.0719033 -0.213119
0.585026 -0.615389 -0.157794
0.554817 0.269275 -0.559678
-0.794761 0.200469 0.093374
-0.20703 -0.802487 0.0404243
-0.239639 0.411671 -0.740319
-0.763471 -0.369063 -0.094216
0.0195344 -0.47326 0.743942
0.879052 -0.195357 0.00911719
0.319392 -0.640731 0.459608
0.07735 -0.0865788 -0.788635
-0.797016 -0.150613 0.268984
0.0185263 -0.506764 0.723838
-0.714781 -0.292348 -0.27124
0.817307 0.0191268 0.184461
-0.813378 0.107032 0.036099
0.351466 -0.688341 0.311438
-0.110465 -0.765471 0.406519
0.0940077 -0.367618 -0.724524
0.690403 -0.241683 -0.53776
-0.666218 0.454589 0.189226
-0.529942 0.14125 -0.721005
-0.0246415 -0.552014 0.6811
-0.129393 0.576061 0.520222
-0.761947 -0.0309577 0.374283
-0.408503 0.568534 0.382727
0.112808 0.862999 -0.0724094
-0.654445 -0.56277 0.321556
-0.805148 -0.077372 0.231127
0.562615 -0.0165138 0.516673
0.20937 -0.777966 -0.23227
-0.596307 0.304794 0.438853
0.176062 -0.810257 0.0464959
0.896807 -0.00641062 -0.0361591
0.146731 -0.0278874 -0.79578
-0.463524 0.308162 0.545162
0.433458 -0.0105489 -0.750785
-0.487124 0.719832 0.0913411
0.332558 0.334749 0.586892
0.699012 0.381617 -0.142039
0.0224511 0.794456 -0.376624
0.0780544 0.321754 -0.792924
0.0660217 -0.795102 0.322754
0.381029 -0.68651 0.247707
-0.315197 -0.0284708 0.829326
-0.241867 -0.772026 -0.166587
-0.178033 -0.806937 0.196745
0.491961 0.273484 0.487885
-0.720761 0.38932 -0.301928
0.146279 -0.737866 -0.418862
-0.759621 0.274581 -0.413854
-0.49702 0.480125 0.390093
0.316665 0.216402 0.655591
0.111078 0.553701 0.533589
0.465055 0.408408 -0.542423
-0.241945 -0.421894 -0.62119
-0.66164 -0.48678 0.391996
0.209101 0.823691 -0.17356
0.285597 0.150178 0.71111
0.665233 -0.553234 0.136821
0.70571 0.292467 0.161805
-0.57707 -0.601479 -0.182589
-0.549437 -0.660134 -0.0533845
-0.537615 0.662176 -0.212899
-0.16114 -0.528567 0.675648
0.518754 -0.623095 0.244602
-0.0631442 0.891329 0.0151939
0.30081 -0.62669 0.490223
0.427586 -0.396257 -0.681271
-0.175066 0.466483 0.585586
0.336772 -0.387383 -0.703327
0.685078 -0.255014 0.377214
0.332053 0.196929 0.652991
-0.685565 -0.140672 -0.401938
-0.00888229 0.0252721 -0.815004
0.506696 -0.604843 -0.391061
-0.526195 -0.603272 0.460382
0.637358 -0.300923 -0.588713
0.725092 0.286391 -0.225966
-0.800621 0.13294 0.121835
0.0259947 0.431586 0.633318
0.159166 0.804646 0.152918
0.359381 -0.200001 -0.743305
-0.0243335 0.499965 0.581508
-0.668003 0.497793 0.068074
-0.41941 0.669146 0.294201
-0.0217369 0.280595 0.74448
0.879878 -0.147009 -0.193542
0.0409479 0.67626 0.431465
0.67587 0.107527 0.363466
-0.294417 -0.294463 0.818058
0.211804 0.529811 -0.632071
0.474048 0.503617 0.272362
0.76627 -0.39422 -0.231739
-0.638495 0.306929 -0.59239
-0.10501 -0.430891 0.767846
-0.715813 -0.454559 0.314099
0.793688 0.161417 0.152524
-0.0150215 0.736312 0.363848
0.707525 0.167749 -0.446007
-0.772469 -0.368882 0.129748
0.761023 -0.420997 -0.107795
-0.246356 0.544617 0.50462
-0.140895 -0.435439 -0.656296
0.107875 -0.78622 0.307825
-0.803884 0.10875 0.123346
-0.25317 0.759863 -0.402945
-0.420831 -0.364064 0.720296
-0.136252 -0.82104 0.0784769
0.639314 -0.592559 -0.110677
0.060588 0.761687 -0.416381
-0.308539 0.772898 -0.317541
0.225891 -0.768176 0.194339
0.436834 0.528585 0.300891
-0.18491 -0.044995 0.876405
-0.266716 -0.470523 0.7029
0.0365649 0.858044 -0.26028
-0.521161 0.690895 0.011059
-0.265365 -0.3448 -0.649646
0.594569 -0.250184 0.482388
-0.472789 0.66263 -0.407031
0.755867 -0.421646 -0.18654
-0.449871 0.373269 -0.688189
-0.522699 -0.688586 0.179938
0.394042 -0.0777206 -0.759812
-0.107996 -0.830722 0.113772
-0.188806 -0.808992 0.106644
0.531855 0.441322 -0.459358
-0.46523 -0.242171 -0.617535
0.0799475 -0.809246 -0.196805
0.0101193 -0.0207569 0.911746
-0.779251 0.293931 -0.0806649
0.30465 0.714932 0.228063
0.430453 -0.703774 -0.12233
0.050246 -0.644226 -0.578123
-0.520901 -0.334101 -0.54716
-0.648013 -0.461763 -0.257527
-0.774344 -0.320148 -0.11971
-0.345645 -0.759731 -0.0825953
0.841719 0.1328 -0.05639
-0.468313 0.536276 -0.561486
-0.802465 0.163023 -0.015237
0.584905 -0.580075 0.258994
-0.355474 0.427268 0.528093
0.211216 0.505955 -0.65094
-0.0439513 -0.835832 0.0667293
0.7896 0.26093 -0.0451798
-0.0563675 -0.277701 0.846015
-0.231031 -0.373786 -0.649533
-0.457248 -0.60473 -0.381302
0.544227 0.0705514 -0.644946
-0.0817096 -0.767947 -0.326714
0.433106 0.620752 0.142855
0.903806 -0.0318553 -0.0835192
-0.0102764 0.422748 -0.773638
-0.763996 0.320974 -0.245786
0.310746 0.355807 0.586654
-0.480489 -0.620408 0.472161
-0.678667 -0.417358 0.428838
0.249033 0.302885 -0.743643
0.25646 -0.614091 0.533761
-0.669466 0.430205 0.206303
-0.324678 -0.0569281 -0.765579
-0.139484 -0.334709 -0.706685
0.260831 -0.674002 -0.464524
0.170539 0.721731 0.343099
-0.760996 0.35475 -0.0895287
-0.170525 -0.804187 -0.00946608
0.407255 -0.0234232 0.68161
0.370932 -0.70599 0.163808
0.830352 -0.0242995 -0.29536
0.283188 -0.510121 0.638687
0.706474 0.154039 0.316871
-0.31651 0.0434132 -0.796576
0.0797547 -0.83149 0.197861
0.73711 0.352266 -0.0257764
0.516492 0.179578 -0.625555
-0.389221 0.671102 0.312621
-0.390261 0.683857 0.301576
0.348356 0.585217 -0.493969
0.380337 -0.130576 -0.756285
-0.806863 -0.0200174 -0.0997159
0.747559 -0.0038736 0.302423
-0.736683 -0.450714 -0.0679158
-0.711612 0.075811 0.443707
0.153523 -0.0285349 0.850168
-0.0255473 0.00925593 -0.812921
0.732461 0.00721404 -0.500119
0.445881 0.634561 -0.292612
-0.313487 -0.493995 0.670447
0.407655 -0.159349 0.704947
-0.782255 0.218388 -0.289434
0.544593 -0.649813 -0.0927124
0.860346 0.0604399 -0.104621
0.307526 0.293525 -0.716368
-0.741102 0.156441 -0.405996
0.211216 -0.685074 -0.484683
-0.80066 -0.155685 -0.0710665
0.765855 -0.410251 -0.167762
-0.0667691 -0.133974 0.907507
0.429061 -0.679283 0.162147
0.900744 -0.0466426 -0.12218
0.203636 0.0538369 -0.808047
0.152415 -0.0564518 0.848974
-0.556316 -0.572395 -0.27733
-0.782413 0.0785116 -0.248966
-0.619033 0.580035 -0.204314
-0.226519 0.288814 -0.781591
-0.750204 -0.182842 0.436713
0.0171414 -0.843047 0.133353
0.0609412 0.863162 -0.219039
-0.50224 -0.69879 0.172609
0.154488 0.730866 -0.439957
0.58342 -0.412169 -0.593245
-0.481804 -0.363289 -0.550963
-0.767706 -0.310135 0.309431
-0.152469 -0.251653 -0.742231
0.358169 0.592255 0.341329
-0.362831 -0.744199 0.193673
0.519975 -0.143595 0.581667
0.74492 -0.4545 0.0524642
0.389038 -0.333006 0.674791
-0.733395 -0.44335 0.264957
0.520207 0.112304 0.54109
0.220178 0.785211 -0.311039
0.166127 0.0190723 0.847524
0.479723 0.603976 -0.28254
-0.395427 0.0607575 -0.785601
-0.652113 -0.118458 -0.472934
0.703076 0.346871 -0.188322
-0.626106 0.26609 0.425059
0.876269 0.0342326 0.000620014
0.0637831 -0.747636 -0.426561
-0.316397 0.555207 0.454986
0.266547 -0.25826 0.777478
0.251375 0.757767 0.172766
-0.26712 0.19584 -0.800635
0.347102 -0.233403 -0.737121
-0.297047 -0.117508 -0.748513
-0.496014 -0.314888 0.689614
0.222503 0.521728 -0.632889
0.0872629 0.259667 -0.805551
0.268125 -0.658187 -0.489962
-0.617797 -0.212193 -0.496816
0.441074 0.673347 -0.0480846
-0.124451 0.419788 0.636153
0.435668 -0.60456 -0.454396
-0.61816 -0.3451 0.568577
-0.56392 -0.559286 -0.283856
0.653649 -0.302988 -0.567974
0.0750767 0.846254 0.134167
0.512153 -0.28501 -0.672773
0.364729 -0.729718 -0.209903
-0.716906 -0.264959 -0.278315
-0.373206 -0.0426881 -0.753871
-0.0522202 -0.453996 -0.676012
0.165115 0.154706 0.780985
0.288053 0.657718 -0.481882
-0.33863 -0.614001 -0.45399
-0.709853 -0.225295 -0.311278
-0.523933 -0.483612 -0.447446
0.501302 -0.673938 -0.0403122
-0.0317777 -0.67229 -0.529371
-0.407364 0.54698 -0.595669
0.501583 -0.0270453 0.5868
-0.543764 -0.209096 0.679458
0.0616466 0.873242 -0.032575
0.277508 0.568058 -0.563312
-0.672465 -0.496455 -0.158028
-0.538564 0.325162 -0.663941
0.302868 0.432618 -0.643049
0.656488 0.271803 0.287268
-0.395386 0.7258 0.227377
0.84821 0.124889 -0.0429828
-0.218602 -0.799517 0.0406499
-0.380979 0.441513 0.499674
-0.485063 0.725388 0.0137688
-0.152009 -0.266268 0.867039
0.39155 -0.719739 -0.160886
-0.749429 -0.217641 0.443909
0.516969 -0.645263 0.121879
0.66376 -0.551869 -0.190114
0.667369 -0.334342 0.383507
0.243239 -0.72242 -0.3826
0.0224612 0.737422 -0.461622
0.260248 0.381364 0.597556
-0.599141 -0.264272 0.62056
0.200121 -0.682646 0.469662
0.739302 0.160792 0.270182
0.63497 0.481297 -0.0905686
-0.0558895 0.88014 0.0588284
-0.550391 0.236073 0.540557
-0.589883 0.5506 -0.42053
-0.683891 0.398981 -0.459661
0.525346 0.00864213 -0.683771
-0.703578 -0.314321 0.484155
-0.782654 0.286635 -0.0269992
-0.245428 -0.013573 0.845834
-0.497301 -0.112035 0.729402
0.254506 -0.478708 -0.663342
-0.128281 -0.725121 -0.385917
0.0477361 -0.382496 0.783659
0.107624 -0.687077 0.517103
-0.300198 -0.111669 -0.750087
-0.629966 -0.515256 0.418686
-0.123693 -0.496992 0.709003
0.166036 0.628114 0.457397
-0.0433993 -0.693179 -0.491485
0.147703 0.166008 0.783978
0.35615 0.716392 -0.281798
0.511484 0.600064 -0.180593
-0.281258 0.128616 0.754744
-0.324065 -0.226968 -0.683414
0.593871 -0.368639 -0.608924
0.250669 -0.772609 -0.192607
0.35848 -0.228782 0.725239
0.101146 0.152519 0.816612
-0.783295 -0.292002 -0.0699477
-0.254469 0.514783 0.522
-0.040824 -0.0904948 -0.794786
-0.0260356 -0.823514 -0.0651534
0.688188 -0.432101 -0.441391
0.66586 -0.376685 -0.532848
0.0538327 -0.776144 -0.352578
0.120711 0.586065 -0.627826
0.706227 -0.485138 0.20583
0.287917 -0.403954 0.701128
-0.810387 -0.059084 0.205576
-0.446735 -0.152626 0.763786
0.156708 -0.139614 -0.77245
0.296928 -0.699851 -0.381391
0.230882 0.651263 -0.526863
-0.492233 0.659616 -0.384176
-0.021825 0.14312 0.839765
-0.343888 0.818131 0.0604179
0.574163 0.416663 0.222884
-0.0102468 -0.804675 0.349055
0.630294 -0.583959 0.166747
-0.319089 -0.67329 0.490327
-0.487404 0.181665 -0.742119
-0.287467 0.0528299 -0.805082
0.287613 -0.752774 0.115776
-0.320403 -0.287597 -0.655061
-0.172301 0.822601 -0.301512
0.561546 0.519524 -0.281751
-0.778727 0.29107 -0.103704
0.254661 0.361117 0.612683
-0.58814 -0.0145792 -0.61841
-0.0383411 -0.0284336 0.916485
0.0152756 -0.0379477 0.907176
-0.172591 -0.378233 -0.671513
-0.360807 -0.578659 0.588125
-0.512077 -0.654349 -0.229942
-0.711623 0.409913 -0.279879
-0.555765 0.368443 -0.625346
-0.507516 -0.455153 -0.476522
0.230224 0.779757 -0.315116
-0.768388 0.284158 -0.374573
0.635346 -0.544743 -0.349422
0.058847 -0.173901 -0.773058
0.484111 0.480722 0.289833
-0.0118086 -0.843727 0.127607
0.623339 0.483407 -0.139637
-0.774108 -0.297999 -0.129929
0.362506 -0.733493 -0.113097
0.347814 -0.67018 -0.397973
0.900408 -0.0413951 -0.114428
0.640713 0.171096 0.388548
0.254717 -0.468612 0.682203
0.324732 0.737873 0.119026
0.494931 0.456044 -0.478374
0.153803 -0.0149728 -0.797831
-0.387031 0.79848 0.0303774
-0.760877 -0.390846 -0.014192
0.728209 0.277035 -0.232617
0.179059 0.8288 0.0476585
-0.589095 0.552028 -0.41895
-0.681366 -0.554055 0.286213
0.00272384 0.0547493 -0.819949
-0.453919 -0.115971 0.762827
-0.512865 -0.248754 -0.592437
0.147911 -0.639433 0.560991
-0.248651 0.186711 -0.807958
-0.364571 0.796702 0.104905
0.613399 0.508146 -0.0877308
-0.556672 -0.555615 0.493012
-0.433223 0.704367 -0.330145
-0.818478 0.0707155 0.0224429
-0.317555 0.214228 -0.782572
-0.0124791 -0.696493 -0.503117
0.524769 0.559574 -0.277591
0.309802 -0.373787 0.704598
-0.392462 0.0514645 0.759059
0.186633 0.430497 0.600441
0.551212 -0.606864 0.250759
0.354328 0.391109 0.53426
-0.131174 -0.329512 0.836731
-0.147333 0.744866 0.370369
-0.235586 -0.786488 0.204675
-0.834593 -0.0484694 0.0519406
-0.681895 -0.577134 0.240377
-0.191771 0.844864 -0.17843
-0.259899 0.212629 -0.797477
0.617503 -0.564768 0.23844
-0.574396 -0.657442 0.226864
0.0114557 -0.532026 0.704494
-0.395347 0.663356 -0.497266
-0.513478 0.233298 0.565593
0.0200109 0.836499 -0.312825
0.455162 0.0286296 0.627492
-0.46037 -0.713248 0.17093
0.0760317 -0.797814 -0.255701
-0.140708 -0.807982 -0.028958
0.20886 0.108794 -0.811306
-0.62721 -0.327514 0.568249
0.289605 0.687663 0.306144
-0.546078 0.421563 -0.589813
-0.726892 -0.17602 -0.294362
0.589071 -0.113371 0.502809
0.208473 -0.626499 -0.591888
0.0798262 0.713283 -0.483938
0.072579 -0.345168 0.795649
0.561859 -0.152133 0.533758
0.74112 -0.0107713 0.31117
0.751788 -0.112924 0.304498
0.34073 -0.739915 -0.210375
-0.133358 -0.815882 0.242586
0.673965 0.401397 -0.180039
0.395813 -0.260743 0.692191
0.395722 -0.720163 -0.0856536
-0.571577 0.420841 0.380886
0.0211941 0.691676 0.415036
0.85667 0.0488312 -0.140306
-0.805655 0.113094 -0.124642
-0.427695 -0.496601 -0.492091
0.740064 -0.310074 0.304048
0.115771 -0.796455 -0.247361
0.645451 0.165278 0.38452
-0.516871 -0.697875 0.0230674
-0.558291 -0.656576 -0.0169027
0.0646874 -0.84425 0.0753788
0.493748 0.592044 0.045267
-0.313932 0.388293 -0.73135
-0.477714 0.0193863 0.725219
-0.792967 0.225779 0.0797043
0.29244 0.608329 0.416165
-0.351362 0.441583 -0.704494
0.513012 0.0345541 -0.684313
-0.464729 0.388089 0.482996
0.615368 0.260231 -0.509356
-0.7975 -0.230097 0.233348
-0.752758 -0.239305 0.431237
-0.635804 0.525545 -0.317726
0.848809 -0.256128 0.0553485
0.504272 -0.58238 -0.440277
0.295252 0.402004 0.567117
0.509543 -0.403436 0.515949
0.259758 -0.77825 0.0106971
0.31346 -0.497426 0.623514
-0.762018 0.295532 -0.403202
0.65815 -0.304825 0.399391
-0.222562 0.8245 -0.223391
0.570187 -0.356032 0.486067
-0.152285 -0.190373 0.89036
0.710314 -0.512639 -0.0893022
0.625477 -0.357512 0.425661
-0.237443 -0.787639 0.187242
-0.250905 0.170997 -0.812041
-0.165641 -0.702091 0.51214
0.0641236 -0.467955 -0.678766
0.771127 -0.27918 -0.409777
0.0671868 0.790056 0.260067
-0.310482 -0.334806 0.790156
-0.336205 -0.739529 0.320779
0.347409 0.648849 0.263303
-0.699144 -0.0871753 -0.395
-0.735643 -0.0709638 0.449972
0.510115 -0.668762 -0.0564762
0.875936 0.0516177 -0.0318523
0.311028 -0.741631 -0.271572
-0.119653 0.508776 0.57162
0.750247 0.330028 -0.0166278
0.0229743 -0.00869941 -0.806664
-0.757099 0.22068 0.235873
0.276906 0.393126 0.582048
-0.473389 -0.702329 0.234196
-0.646628 -0.378931 0.515578
-0.508904 -0.68818 -0.119902
-0.0918279 0.349327 0.690122
-0.400854 0.725034 -0.320273
-0.00921672 0.0822001 -0.825882
-0.742505 0.235961 0.251645
-0.0560231 -0.471163 0.743099
0.25507 0.739297 -0.380041
0.42442 0.585173 0.227613
0.605135 -0.250595 0.470137
-0.32461 -0.673222 0.487569
0.572065 0.352841 0.32448
-0.0412667 -0.570305 0.66271
-0.0781825 -0.824794 0.00838818
-0.682892 -0.389008 0.448688
0.757193 0.0563742 0.279693
0.119391 -0.264527 0.821584
0.368392 -0.727616 -0.228503
0.584048 -0.34398 -0.619986
-0.808769 0.0199607 0.172914
-0.536118 -0.244543 0.676194
-0.674802 -0.481828 0.373578
-0.549317 -0.399813 -0.475239
-0.276578 -0.767816 0.250442
0.748664 -0.0607306 -0.485273
-0.752999 -0.230074 0.433036
0.700843 -0.213903 0.366301
-0.0120225 0.56913 -0.675584
0.753232 0.27044 -0.171839
0.311884 -0.188644 -0.749544
-0.202979 0.184359 -0.819394
-0.377953 0.672789 0.318719
0.613268 0.496129 -0.0460511
0.178891 0.117659 -0.81285
-0.346434 -0.696383 0.428927
-0.0905668 0.856812 0.138175
0.505459 -0.51302 0.435447
0.260549 -0.43388 -0.68514
-0.709654 0.343694 0.211772
0.160735 0.662372 0.417987
-0.80141 0.100376 0.150749
0.452609 0.491836 0.329618
0.774556 0.184284 -0.243647
0.605183 -0.424209 -0.566096
-0.423737 0.740396 -0.17456
-0.510729 0.602507 0.286688
-0.42989 -0.25344 -0.626601
-0.224809 0.840161 0.15086
-0.341671 0.759144 -0.317224
0.631978 0.3852 -0.324269
-0.0813093 -0.830069 0.261303
-0.370874 0.766418 -0.197818
-0.467553 -0.121458 -0.676041
0.112924 0.490027 0.578598
-0.59737 -0.266156 -0.507166
0.563221 0.501996 0.0833672
-0.612164 -0.430563 0.526308
0.910527 -0.0409761 -0.0493629
0.0414242 -0.159565 -0.77681
0.48874 -0.646668 -0.285164
-0.564947 0.305768 -0.655696
0.015707 0.262701 0.758534
0.854196 0.0935503 -0.0726014
0.498909 0.598622 -0.232116
-0.676112 0.478103 0.147658
0.285882 0.0115842 0.768785
0.79978 -0.346458 -0.231429
-0.118764 -0.643355 -0.522867
0.685202 0.398956 0.00667945
0.0912155 -0.680315 -0.561188
-0.545079 -0.673957 0.21194
0.190762 -0.684891 -0.501842
-0.769637 0.299178 0.125397
-0.00967421 -0.239709 0.853857
-0.140248 0.653248 -0.6063
-0.325868 -0.506594 -0.539798
0.577591 0.0482703 -0.626295
0.335151 0.754854 -0.0826498
0.144418 0.50904 -0.680523
0.228786 -0.644098 0.507454
-0.653504 0.364565 -0.536771
0.214689 0.251078 0.699128
0.328666 -0.147442 0.759968
-0.695061 0.28101 0.296284
-0.516412 0.41194 0.429039
-0.706238 -0.317538 -0.273153
0.158194 0.698252 -0.487681
0.596152 -0.313433 -0.620483
-0.673081 0.0775556 -0.502857
-0.488654 0.69666 -0.198938
0.369476 0.543851 0.392796
0.620406 0.337337 0.255954
-0.124482 0.838605 -0.30101
-0.29375 0.679321 0.369223
-0.529762 0.112231 -0.717555
0.659568 0.246907 0.317718
-0.605076 0.560179 -0.340282
-0.699906 0.109182 0.4349
-0.104885 0.788396 0.289028
-0.114351 -0.396994 0.79454
-0.297159 0.729091 0.305211
-0.618692 0.00681026 0.604867
-0.670283 0.0622202 -0.502623
0.343626 0.232216 -0.722932
-0.759239 0.153361 -0.364185
-0.374114 -0.751251 0.00226324
-0.764373 0.31014 -0.301772
0.718766 -0.329241 -0.479546
0.736133 -0.416464 0.232855
-0.570104 -0.308224 0.632181
-0.0414548 0.332555 -0.808014
0.505834 0.61244 -0.0490137
0.646389 0.103053 -0.548998
0.495719 -0.636151 0.23201
0.790523 -0.354118 0.172243
0.741495 -0.215217 0.319214
0.473599 0.591842 0.104036
0.125027 -0.531218 0.684373
-0.0709476 0.880508 -0.203589
0.617095 -0.352812 -0.59973
0.231461 -0.0981135 -0.775179
0.249347 0.507202 0.526393
-0.585699 0.298162 0.460496
0.827943 0.0792529 -0.207663
-0.306476 -0.708679 -0.316776
0.288542 -0.753885 0.10663
0.663351 0.0901619 -0.540119
-0.395203 -0.741148 0.115589
0.192371 -0.257795 -0.744498
0.329265 0.607272 0.367548
-0.631203 -0.618906 0.229063
0.0680095 0.272124 0.747026
0.189731 -0.795387 0.122742
-0.0419467 0.404581 -0.782688
-0.0214168 0.578474 -0.670546
-0.284556 -0.779119 0.0427798
-0.731597 0.380644 -0.24123
-0.096432 0.835902 -0.33407
-0.276373 0.109266 -0.823266
-0.603964 0.186385 -0.63315
0.310516 -0.753883 -0.172299
0.45123 0.333674 0.487917
0.66975 0.211473 0.329556
0.0340809 0.880216 -0.0265765
0.121517 -0.551487 0.672681
-0.48279 0.604603 0.304142
0.235821 -0.77058 0.152763
0.0797295 0.832661 0.163166
-0.25615 0.515378 0.520947
-0.350393 -0.747041 -0.192035
-0.00717798 0.865032 -0.247217
0.368701 -0.611663 0.467975
-0.581136 -0.506486 -0.336298
0.490436 -0.433018 0.515773
0.721758 0.252571 -0.291887
0.0679053 0.255696 -0.807561
-0.120837 0.849863 0.164011
0.630531 -0.11237 -0.617414
0.0215754 -0.618616 -0.588061
-0.330345 -0.183855 0.826669
0.0588143 -0.698102 0.529496
0.416161 0.316437 -0.646808
-0.0244964 -0.790504 -0.286775
-0.0809306 0.704329 0.416378
0.792592 0.089345 0.226506
-0.785109 0.220326 -0.214541
0.448478 -0.665603 0.189803
0.212336 -0.704539 -0.444758
0.486393 0.199622 0.52976
0.0914178 -0.590708 0.642091
-0.363433 0.71276 -0.425593
-0.483592 -0.688545 0.334826
-0.182227 0.401459 -0.756089
-0.243259 -0.778773 0.254399
-0.622733 -0.53424 -0.200346
0.500458 0.599142 0.00486547
0.0800349 0.123234 -0.820414
-0.0634299 -0.0843414 0.925759
-0.698469 -0.553401 0.23406
-0.723448 0.419753 -0.107132
-0.767559 0.252775 -0.387003
-0.512709 0.443935 0.407042
-0.188009 0.572538 0.507797
0.255213 0.745183 0.203638
0.437133 -0.0036841 0.651666
-0.732428 0.279277 0.229592
-0.423384 0.0217371 -0.764854
0.534351 -0.0913482 0.560554
0.00638488 -0.614241 0.623852
0.207729 -0.550005 0.646052
-0.385236 -0.72436 -0.245333
-0.630827 0.257728 0.424257
-0.668988 0.136187 -0.530664
-0.0233608 0.604507 0.502511
0.407326 0.687851 0.0246517
0.206199 -0.79422 0.072019
0.123289 -0.517072 -0.651386
-0.221504 -0.556722 -0.562222
0.17826 -0.776453 0.267097
-0.0653067 0.688339 0.434258
-0.784491 0.195345 -0.288118
0.604383 -0.417102 -0.573997
-0.674353 0.486199 0.0971015
0.357454 -0.725884 0.0829643
0.440478 0.498411 0.341358
0.235376 -0.594423 -0.606267
0.120409 0.246999 0.749432
0.436403 -0.703864 -0.00668333
0.386431 -0.70781 -0.281056
-0.464517 -0.614069 -0.360162
0.563162 0.35709 -0.499227
0.571429 -0.472593 -0.53874
-0.136093 0.835533 -0.297843
0.178379 0.613309 0.469509
0.888706 -0.0747362 -0.166927
-0.473154 -0.120031 0.74752
-0.580716 -0.547375 -0.268641
0.251315 -0.503645 -0.651207
-0.0656905 0.301683 -0.812541
-0.705748 -0.535083 0.218253
-0.54919 -0.666797 0.0016789
-0.540631 0.24897 -0.695193
-0.39865 0.693235 0.279909
-0.0914622 -0.336668 0.826946
0.646395 -0.351819 -0.563707
-0.611581 -0.454574 0.511185
0.567204 0.0941593 0.491187
0.727447 -0.194619 0.339042
0.363333 -0.314503 -0.717874
0.888644 -0.00818829 -0.10578
-0.304422 0.14419 -0.806573
0.549977 0.340681 0.376123
-0.609798 0.596469 -0.100921
-0.198539 -0.0747559 -0.78691
0.469745 0.219602 0.533237
0.00364136 -0.660283 -0.557825
0.252968 -0.77351 0.0760597
-0.676962 -0.482375 -0.17283
0.199328 0.562552 -0.612967
-0.695374 -0.490548 -0.103294
-0.772796 0.333012 -0.0815243
-0.143594 0.612556 0.492019
-0.298904 0.15007 -0.806216
0.449857 0.50226 0.318346
-0.39091 0.705304 0.265985
0.365063 0.227099 -0.712248
0.774883 0.0163091 -0.417024
-0.561498 0.652204 0.0102882
-0.458176 -0.416612 -0.528912
-0.006341 -0.380091 -0.725866
0.0336285 0.535273 0.556469
0.481123 0.345013 0.448883
-0.69324 -0.274506 -0.327269
-0.56352 -0.50448 -0.369472
0.440309 -0.453911 0.550201
-0.0266464 -0.340614 0.814325
-0.586101 -0.187434 0.651377
-0.357743 0.362107 -0.728778
-0.454116 -0.707063 0.252183
-0.0251198 0.210536 -0.819951
0.150047 -0.701955 0.470718
0.169371 0.749226 0.295189
0.0779676 0.852037 -0.252486
0.81887 0.151967 0.0657308
-0.140098 0.0307178 -0.823702
0.0411843 0.548345 -0.68013
0.724078 -0.489919 -0.054317
0.212778 0.0296688 0.822191
-0.508815 0.700818 0.0525822
0.543453 -0.291393 -0.654264
0.540255 0.292011 -0.562355
0.694246 -0.380149 0.344186
-0.159826 -0.0684787 -0.796473
0.49332 0.321568 -0.585831
-0.217393 0.198515 -0.811812
-0.459628 -0.396977 -0.541169
-0.0587462 0.100691 0.851551
-0.471888 0.718092 0.162091
0.179375 -0.274461 0.80693
-0.320096 -0.768118 0.0417209
0.257102 -0.513051 0.652344
-0.0693759 0.111451 -0.833961
-0.182441 -0.796681 0.266713
-0.514999 0.696859 -0.102159
0.672728 -0.545719 -0.166356
-0.26304 0.00306619 -0.79593
0.377839 -0.684638 0.265662
0.791847 -0.362423 -0.194806
-0.111696 0.406842 -0.768725
0.635761 -0.465563 -0.493373
-0.460172 0.475871 -0.617964
0.214181 0.8213 -0.133169
0.248932 0.798843 -0.061844
0.452533 0.561426 0.215482
-0.389114 0.000220909 0.791808
-0.389281 0.536391 -0.612253
-0.736182 -0.43685 -0.120925
0.123906 -0.0918919 -0.784904
-0.520024 0.690899 0.0345874
-0.56864 0.287597 -0.662577
0.573544 -0.0977731 -0.66232
-0.204455 -0.0927496 -0.780634
-0.767444 -0.358935 -0.077327
-0.594193 -0.490189 -0.329128
-0.510909 -0.317401 0.677055
-0.201952 -0.247236 -0.723939
-0.347735 0.250976 -0.76415
-0.3239 -0.0953138 0.835632
0.836891 -0.279917 0.046767
0.535072 0.349684 -0.533931
-0.269752 0.751335 -0.411383
0.264335 0.618337 -0.534238
0.420654 0.696842 -0.0676624
0.496502 0.303975 -0.591293
0.255687 -0.500649 0.660948
-0.245904 -0.787543 0.159986
0.57372 0.028087 0.496443
-0.603355 -0.289176 0.610112
0.210628 0.37519 0.626174
-0.73591 0.357191 -0.327382
-0.594124 0.100261 0.582746
-0.208906 -0.624338 0.586585
-0.794279 -0.234444 -0.0637915
-0.777217 0.280261 -0.179606
-0.362009 -0.662186 0.490435
-0.428087 0.0196395 -0.761875
-0.797992 0.193264 0.0769753
0.822662 -0.0692057 0.179952
0.478174 -0.680398 -0.126926
0.484105 0.604243 -0.265466
-0.273769 0.0935939 0.778171
0.76657 0.230861 0.13479
-0.471569 -0.0413536 -0.713842
-0.526723 0.551452 0.314866
-0.796868 0.210162 0.0267055
-0.600257 -0.125296 0.636971
0.0318506 0.498694 0.583598
0.54608 0.373373 0.342665
-0.113648 -0.27803 0.855624
-0.129291 -0.621628 -0.543909
0.230906 -0.479827 -0.664044
0.099729 -0.497864 0.712652
-0.0545719 0.556494 0.537795
0.418124 0.697615 -0.0608541
0.5711 0.317285 0.372306
0.859126 -0.064187 0.111087
0.756288 -0.291314 -0.431436
0.0811787 -0.845449 0.0425282
0.882319 -0.0178098 0.049872
-0.750948 -0.419508 0.0582945
-0.14097 0.80199 -0.382942
0.088438 -0.831146 0.191301
0.0908211 -0.118449 -0.781769
-0.385554 -0.747672 -0.00778942
-0.63289 0.498948 0.210886
0.241244 0.662728 0.383989
0.285574 0.135262 -0.791157
-0.507802 -0.618377 -0.29719
0.247482 -0.440471 -0.682583
-0.701911 0.448069 -0.166702
-0.477543 -0.469114 0.6313
0.0935589 -0.583383 -0.616286
-0.0233206 0.633532 -0.626138
0.809956 -0.188753 -0.366011
0.722089 -0.413591 0.268534
0.749404 -0.422164 -0.217702
0.571485 0.39981 0.253765
0.572368 -0.175676 0.519262
0.812713 0.223854 -0.0190466
0.503374 0.50697 -0.414957
-0.69986 0.26617 -0.500889
0.0397 -0.835858 -0.0263878
0.835324 -0.283071 0.0503121
-0.805952 0.115154 0.101073
-0.0571173 -0.68617 -0.495925
0.729591 0.0983351 -0.480767
-0.624166 -0.531533 0.411362
0.0127146 0.865623 -0.237675
-0.552021 0.33483 -0.650221
0.584184 0.267929 -0.536219
-0.12256 -0.828522 0.170784
0.0816523 0.831088 0.165753
0.328152 0.700068 -0.38348
-0.0886381 -0.778935 -0.284862
-0.0980836 0.8521 0.153493
-0.528312 0.034023 0.673934
-0.602451 0.294597 0.43789
-0.0962743 0.45491 -0.742544
-0.0239187 -0.714129 -0.464511
-0.00225079 0.862854 -0.254404
0.0152927 0.886666 -0.138126
0.208976 0.0891196 0.794619
-0.680374 -0.516107 -0.0625847
0.0360724 0.881335 -0.0442569
0.14039 -0.459966 0.724594
0.713046 -0.227588 -0.512438
0.650895 -0.0588862 0.424366
0.679408 -0.424986 0.323179
0.334242 0.303202 0.600683
-0.28356 -0.757243 0.315565
-0.212894 -0.679244 -0.420388
-0.0538492 -0.815851 -0.103722
0.103284 0.812687 0.195227
-0.438149 0.5253 -0.594861
0.820336 -0.312485 -0.0459611
-0.0297247 0.501181 0.580495
-0.598463 -0.203022 0.637389
0.309414 -0.726391 0.212176
-0.342272 -0.756088 0.146059
0.411055 0.664631 0.0908572
0.421354 -0.477209 -0.626663
0.478832 0.089307 0.590293
0.000387357 0.141974 0.847497
-0.778061 0.298063 -0.0935871
0.28125 0.082067 -0.808135
0.810143 -0.137733 -0.366966
-0.19148 -0.395915 0.781259
-0.143508 0.728773 -0.508113
-0.634645 -0.451794 0.473233
0.771743 -0.238395 0.280256
-0.344292 0.798298 -0.0770134
-0.497261 0.703366 -0.130388
-0.42295 -0.57561 -0.442176
-0.486533 0.446423 -0.62023
0.00519654 -0.759036 0.467819
0.225243 0.642938 0.418953
-0.364422 0.673343 -0.502525
0.0986696 -0.824536 0.210001
-0.587081 -0.524581 0.48189
0.453863 -0.332224 0.618514
0.0951797 0.84668 -0.250913
0.505552 0.502989 0.2162
0.0130111 -0.351248 0.803043
-0.138854 -0.628034 0.591627
-0.0515759 -0.0185663 -0.809134
-0.448586 0.026789 0.74452
-0.088316 -0.770102 -0.318856
-0.371339 -0.154914 0.813325
-0.236594 -0.196439 0.860147
-0.520912 0.685164 0.140397
-0.541252 0.581804 -0.455887
0.0103563 0.744223 -0.454368
0.105049 0.574395 0.520487
0.643986 -0.209519 0.43261
-0.511387 0.127093 -0.740813
0.128043 -0.403827 -0.707011
0.420581 -0.448193 0.57038
-0.208566 -0.413703 0.763206
-0.401865 -0.709158 -0.262269
-0.786379 -0.11945 -0.149414
0.582982 -0.629891 0.0123699
0.728384 -0.237786 0.33034
0.0237183 0.699581 -0.517718
-0.788229 -0.00357006 0.280733
0.846801 -0.259513 -0.051351
-0.518608 -0.208255 0.699766
-0.171989 -0.693079 -0.419395
-0.742926 -0.225236 0.466769
0.794305 0.221285 0.0608077
-0.137125 0.36511 0.666803
0.314885 -0.391467 -0.70318
-0.448144 0.74046 0.137979
0.757579 0.0713545 0.276355
0.435368 0.65081 0.0562002
0.306936 -0.454653 -0.672425
-0.0653182 0.712541 0.403116
-0.315785 -0.738903 -0.256495
0.869648 -0.0961043 -0.217281
-0.805169 -0.214406 0.0576422
-0.351267 -0.74398 -0.213892
-0.481412 0.310742 -0.698708
0.523916 0.119852 -0.642521
0.279455 0.539715 0.49151
-0.741606 -0.234786 0.472386
-0.134212 0.468976 -0.727214
-0.186183 0.0169092 0.853316
-0.534536 0.604374 0.268865
-0.319316 -0.697707 -0.328579
-0.467466 0.254531 -0.724749
0.509649 0.575601 0.0435244
0.241066 0.468987 0.553811
0.407221 -0.587912 -0.511993
0.580295 0.421863 0.203233
0.465667 0.0688381 0.60701
0.687193 0.228202 0.291928
-0.405475 0.460449 0.468319
-0.0208717 -0.675027 0.558019
0.456548 0.293643 -0.626215
-0.282658 0.807552 -0.175076
-0.217291 0.731508 -0.495356
-0.157797 0.151745 -0.837035
-0.229022 0.270192 -0.786863
-0.434338 0.636208 -0.503301
0.834363 0.107612 -0.13122
-0.290194 0.263607 -0.774818
-0.109949 0.682927 0.439863
0.434813 0.0868237 -0.723584
-0.192486 0.40936 0.616161
0.516034 -0.660905 -0.139
-0.33348 0.428954 0.541805
-0.826246 -0.0904945 0.0275254
0.314813 0.175911 0.676306
0.484715 -0.681178 -0.0565545
0.358246 0.598884 0.329693
0.861479 -0.180888 -0.238288
-0.327065 -0.626776 0.557395
0.389222 0.394598 0.505193
-0.558032 0.166837 -0.691542
0.57299 -0.167347 0.519529
-0.0775539 0.729779 0.383046
-0.767806 0.141672 0.292892
0.588715 0.377642 0.254788
-0.791426 0.21551 -0.0825376
-0.199341 0.229832 -0.805979
0.503856 -0.659969 0.070786
-0.0177614 0.768845 -0.424367
-0.621036 -0.140332 -0.519501
-0.534151 0.176078 0.590873
0.84348 0.00230524 -0.258032
-0.77373 0.224305 0.194741
0.264155 0.559724 0.48625
-0.746546 0.100958 -0.370004
-0.182659 0.720846 -0.524248
0.433458 -0.59102 0.429816
-0.00961302 -0.824538 0.289783
-0.338973 0.0448854 0.783469
-0.174431 0.190426 0.756711
0.418488 0.310055 -0.648988
0.780746 -0.096056 0.257608
0.170825 0.495218 -0.679959
-0.0512789 0.485859 0.591434
-0.479511 -0.484966 -0.471891
-0.295383 -0.420003 0.73574
0.426814 0.676394 -0.0040394
0.150984 -0.728058 0.416901
0.863821 -0.022894 0.0996653
-0.656823 -0.213909 0.581958
-0.135457 0.826506 -0.328509
-0.465323 -0.689854 -0.227095
-0.710427 -0.260768 -0.294658
0.509557 0.589381 -0.227519
0.572828 0.371939 -0.470602
-0.447617 -0.701096 -0.226404
-0.188799 -0.342817 -0.682293
0.142434 0.738977 -0.430739
0.104356 0.0402752 0.873018
-0.107284 -0.790768 0.349835
-0.623083 -0.616398 0.304918
0.537606 0.288049 -0.56598
-0.134464 -0.807443 -0.0448224
-0.463351 0.73688 0.128674
0.712775 0.352685 -0.150815
0.559537 0.539477 -0.00564371
-0.786439 -0.305069 0.0238162
0.341602 -0.729417 -0.276182
-0.256287 0.824726 -0.138161
0.32561 0.437969 0.525265
0.502401 -0.527896 0.42421
-0.795397 0.197216 -0.0561573
-0.582392 0.611631 0.175751
-0.420822 -0.357146 -0.579239
-0.741834 0.391081 0.0470256
-0.419988 -0.314855 0.74472
0.822182 0.137123 0.0733724
-0.484766 -0.589417 -0.374029
0.201967 0.559598 0.503822
-0.0840749 -0.139171 -0.788025
-0.49423 -0.554414 -0.40958
-0.161133 -0.585764 -0.569024
0.24178 0.303 0.654525
-0.0793105 0.736847 0.374253
0.270294 -0.176637 0.790266
-0.646003 0.146065 0.493935
0.300705 -0.471277 0.650564
0.197797 0.166774 0.75638
0.200831 -0.595576 0.5922
-0.34595 -0.200592 0.81593
0.464293 -0.604727 0.376152
-0.796818 0.192018 0.0870626
0.685513 -0.285268 -0.533019
-0.809495 -0.202478 0.0935049
0.770429 0.243683 0.0955459
0.766925 -0.395167 -0.224997
-0.238842 0.638311 0.438911
0.620673 0.17807 0.409859
0.782789 0.0338503 -0.396255
-0.198446 0.668854 -0.578441
-0.130209 -0.592131 -0.571736
-0.53671 -0.622301 0.429677
0.619939 0.330476 -0.426708
0.471915 0.0600043 -0.707763
-0.518307 -0.298256 0.676211
0.202607 -0.330572 0.779982
0.659782 -0.401922 -0.518495
0.451127 0.540494 0.254536
0.202297 0.424868 0.600063
-0.452898 0.752389 0.0970975
-0.131762 -0.267334 -0.742596
0.602108 0.057507 -0.602715
0.179049 0.230592 -0.793224
-0.443875 0.762732 0.0604966
-0.785361 -0.322727 0.0606143
0.805861 -0.28123 0.194545
-0.673035 0.174682 -0.53132
-0.742065 0.364976 -0.222777
-0.676638 0.299043 -0.536648
-0.413621 0.207635 0.644768
0.105438 -0.735027 0.439995
-0.434239 0.49522 -0.62349
0.429159 -0.11692 0.682631
-0.122785 -0.749254 -0.341245
-0.770695 0.202461 0.224463
0.620618 -0.609647 -0.0830326
0.36963 -0.647525 -0.424716
0.0573979 0.383125 -0.78074
-0.491744 0.51498 0.366985
0.163798 0.37774 0.644582
-0.79405 0.17553 0.125328
0.135394 -0.723338 -0.461167
-0.134952 0.876364 -0.131737
-0.806777 0.0341363 -0.122517
0.403732 0.188816 0.601536
0.118447 -0.830167 -0.0747361
-0.476772 -0.70292 0.217147
0.718313 -0.49599 0.0780407
-0.461096 -0.444156 -0.509074
-0.711862 0.428124 0.119835
0.175126 0.797117 -0.321454
0.0618736 0.530455 0.560623
0.786496 -0.177069 0.253526
-0.012434 -0.407387 0.782588
0.878766 0.0209958 -0.0962473
-0.353523 -0.562414 0.603406
0.158276 -0.675126 -0.544988
0.0256966 0.825806 0.190279
0.64785 0.412863 0.070266
0.190694 0.572134 -0.608929
-0.132338 0.649435 -0.611344
-0.260776 -0.784603 -0.0220139
0.578135 0.486996 0.0800531
0.801454 -0.246686 -0.368424
-0.521647 0.278234 0.528032
-0.0336198 -0.702197 -0.481349
0.668871 0.435117 -0.0422175
-0.286689 0.751224 -0.399524
0.569945 0.337284 -0.50726
-0.170162 -0.509839 0.689687
0.0516298 -0.828969 -0.0863232
0.461197 0.107267 -0.697132
-0.265005 -0.51185 0.669816
0.726509 -0.465928 0.160588
-0.39306 0.762131 -0.154258
0.121126 -0.816501 -0.144669
-0.530905 -0.063807 0.696413
-0.783243 0.232982 -0.211904
0.303198 -0.715436 0.286456
0.323086 0.60385 0.380744
0.164378 0.677169 0.398903
0.0624848 -0.410813 0.768907
0.110406 -0.684293 0.519418
0.709657 0.162706 -0.447807
0.884303 -0.167617 0.055308
-0.215111 0.723352 -0.5155
0.634749 0.36748 -0.342284
-0.3474 0.00167011 0.806
0.64617 0.309816 -0.395445
-0.381293 -0.102494 0.815174
0.132529 -0.700091 0.484267
-0.510362 0.191363 0.595685
-0.685088 0.369432 0.234391
0.755832 0.246136 -0.204885
-0.161227 -0.139588 -0.776091
0.638781 -0.140147 -0.614822
0.0121477 -0.708171 -0.495937
0.00851583 0.212531 0.795646
0.307003 -0.695003 -0.382469
-0.485796 0.0605413 -0.754744
0.791649 -0.33049 0.191745
-0.317032 0.344743 0.604921
-0.530417 -0.0308891 -0.672555
0.853005 -0.213684 0.110144
-0.0931236 -0.817394 -0.0304127
-0.594432 0.58244 0.204981
0.150194 0.546629 0.527649
0.437909 -0.30124 0.646331
-0.147748 0.0200377 0.864271
-0.654585 -0.480864 0.410119
0.0434225 -0.420765 -0.703151
0.383302 -0.415529 0.623877
0.146595 -0.556733 0.661569
-0.811864 0.105474 -0.0056063
0.0214017 -0.815501 -0.157312
0.489753 0.314135 0.462693
-0.637434 0.539448 0.0986746
0.0919573 0.279191 0.735241
0.0648863 0.439887 0.627946
-0.545274 -0.433952 0.598145
0.0889635 -0.0593283 -0.793155
-0.0774172 -0.792331 -0.227364
0.258591 -0.481261 0.672551
0.688952 0.39928 -0.00448984
-0.318691 -0.764486 0.142625
0.256241 0.442882 -0.665359
-0.22179 -0.701468 0.483954
0.679451 0.402471 0.0136819
0.45017 0.20314 0.557521
0.462579 0.610662 0.0869644
-0.39947 -0.544424 0.604874
0.0180315 0.502092 -0.716698
0.848551 -0.11031 0.133869
0.319191 -0.704007 0.307855
-0.670432 -0.562088 0.294642
0.498773 0.419825 0.358254
0.171422 -0.721811 -0.440864
0.0783658 -0.83889 -0.0364126
0.334938 0.209697 0.644682
-0.619296 0.206362 0.484948
-0.747357 -0.433193 0.221949
0.273633 0.517878 -0.605446
0.305179 -0.749069 0.0893893
-0.649784 0.526024 0.0490645
0.199431 -0.127506 -0.771556
-0.524395 0.387572 0.442232
-0.172442 -0.813964 0.0829461
-0.699108 0.0958203 -0.461855
-0.457657 -0.360433 -0.56237
-0.614496 -0.386904 0.548843
-0.313036 -0.541613 -0.523404
0.146756 -0.812179 -0.134295
-0.787594 0.0530841 -0.215458
-0.799381 0.0696994 0.198675
-0.212191 0.845494 -0.123882
0.75075 0.261171 -0.194405
0.653111 0.441437 -0.0122934
-0.300358 0.0136625 -0.791417
-0.456021 0.558438 -0.552905
-0.0362649 -0.114354 -0.789968
0.717068 0.238731 0.222276
-0.708573 -0.516836 0.257969
0.132101 0.315699 -0.780961
-0.695804 0.390601 -0.439778
0.544012 -0.605001 -0.324795
-0.226288 -0.757986 0.357294
0.359781 0.520103 0.432393
0.144059 0.781317 0.235926
0.0920712 0.601098 -0.627932
0.392243 -0.365155 0.651964
-0.620316 0.21414 0.47698
-0.54756 -0.539071 -0.349943
-0.754916 0.0420221 -0.325755
0.472557 0.363548 0.444154
-0.665249 0.480492 0.166314
-0.175308 0.479703 -0.713326
0.499625 0.585053 0.0472052
0.104894 0.563141 0.528578
-0.50095 0.665677 0.239827
-0.549293 -0.590169 -0.261911
-0.398694 -0.455728 0.677083
-0.493829 0.427075 0.433004
-0.395355 0.568904 0.391417
0.317895 0.68408 0.257582
0.535193 -0.619443 0.223267
0.49767 0.136691 0.551962
0.725184 0.242163 0.201566
-0.0398539 -0.77875 0.41637
0.731668 -0.372345 0.290933
0.758404 0.127902 -0.389244
0.139918 -0.426091 -0.695395
-0.520064 -0.688234 0.197317
-0.527841 0.60885 -0.43419
0.598302 0.524886 -0.0941332
-0.713199 -0.457884 0.319313
-0.265834 0.31549 -0.764641
0.371527 -0.70086 0.19258
0.266723 0.789847 -0.0674497
-0.809435 -0.0303135 -0.0840459
-0.383071 0.420307 0.514605
0.659208 -0.464044 0.307635
-0.651897 0.518844 -0.24998
-0.807484 -0.216295 0.187926
-0.242797 0.203648 -0.804414
0.324533 -0.544566 0.578332
-0.116796 0.542274 0.546313
-0.137414 -0.630387 -0.529575
-0.32499 -0.743185 -0.242819
-0.547811 0.66378 0.0447689
-0.533244 0.640727 -0.344308
-0.698477 -0.320186 0.487493
-0.471602 -0.224086 0.732673
-0.0715139 0.435399 -0.758775
0.33453 -0.29109 -0.72542
-0.71328 -0.505926 0.25497
0.570691 -0.616736 -0.192494
-0.10644 0.731708 0.385548
-0.57082 -0.661252 0.119026
0.522962 -0.427777 0.486529
-0.594175 -0.403231 0.562235
-0.341186 0.495412 -0.666023
-0.0200067 0.490511 -0.729641
0.646136 -0.297419 0.414557
-0.204935 0.844657 0.162722
-0.117879 0.774786 -0.435442
-0.26743 0.0321887 -0.803278
-0.632268 0.410792 0.291089
-0.779872 0.0466926 -0.247063
-0.24291 -0.771047 0.310638
0.098701 0.3126 -0.790295
-0.0292503 -0.473586 -0.668636
-0.240981 -0.00068001 -0.799309
-0.717807 0.176109 0.347611
-0.810666 -0.184136 0.0561634
-0.351719 0.0736906 -0.798051
-0.362002 -0.0428181 -0.758441
-0.356379 0.743395 0.230623
0.368483 -0.642641 -0.435472
-0.530278 -0.00912748 0.691006
-0.78464 -0.0359003 0.297444
-0.733026 -0.465634 0.131735
-0.369957 0.705047 0.284218
0.428177 0.335859 -0.623721
-0.0882559 0.251281 -0.820894
-0.0484191 0.539418 0.550974
0.83597 -0.219729 0.158591
-0.407091 -0.60457 0.535575
0.36256 -0.23878 -0.734659
-0.161129 -0.375707 0.803781
-0.40775 -0.497102 -0.502402
-0.745271 0.385014 0.0600823
-0.484398 0.487805 -0.587964
-0.29599 -0.656332 0.536998
-0.227579 0.0578268 0.816001
-0.534651 -0.652128 0.387824
-0.0735118 -0.51806 -0.630891
-0.240006 0.841923 0.121281
-0.773909 -0.0540654 0.337283
0.0113959 -0.7032 0.532869
-0.710323 -0.327623 0.459467
0.325278 -0.156182 0.761694
0.833827 -0.050549 0.157788
-0.688762 -0.11397 -0.406126
0.66132 0.44592 -0.104596
-0.548221 -0.632609 -0.191091
-0.663486 -0.587979 0.191643
-0.182128 0.311355 -0.784271
0.0303448 0.606488 -0.638799
-0.504384 0.0575163 0.68241
-0.714201 0.412845 0.13061
-0.753594 0.0142062 0.383711
-0.0994552 0.094987 -0.833589
-0.792184 0.146083 0.170722
-0.618985 0.176918 0.509699
-0.218302 -0.780463 0.300056
-0.794015 -0.0306696 -0.152298
-0.605541 0.184552 -0.630677
-0.396419 0.488899 -0.648033
-0.133124 0.893196 -0.0332939
0.875814 -0.17215 0.0779636
-0.184235 -0.620199 -0.519623
0.49854 -0.478844 0.472572
0.561162 -0.394853 -0.616894
-0.0132336 -0.477415 -0.669705
0.776401 0.0562214 -0.404689
0.00278032 0.62501 -0.629838
0.507039 0.203715 -0.623249
-0.207675 0.598494 -0.628141
0.582083 -0.627705 0.0305649
-0.691607 0.374787 -0.476223
-0.185426 -0.483257 0.709161
0.76547 0.186693 -0.275444
0.523692 -0.643983 0.110962
-0.149012 0.608048 -0.637436
0.184255 -0.724659 0.395735
-0.784852 0.222401 -0.212947
-0.379591 0.688119 -0.463905
0.751268 0.13956 0.267581
0.522057 0.463624 0.247697
0.372988 -0.170711 -0.748396
-0.773385 0.216066 -0.345964
0.62045 0.444621 -0.259518
0.557606 -0.622963 -0.200405
-0.530738 0.614454 0.26375
-0.793416 0.221054 0.0814058
-0.246906 -0.784843 0.183022
0.547679 0.0436099 0.523435
0.278472 -0.401542 -0.700144
0.441001 0.404103 -0.564403
0.761082 -0.33218 0.262071
-0.164459 0.835763 -0.25888
-0.584023 -0.635485 0.336546
0.164697 0.699282 0.372164
0.335556 -0.502178 -0.642051
0.453149 0.550387 -0.421013
0.566064 -0.0693169 -0.664172
-0.505847 -0.541336 -0.414241
0.719583 -0.438066 0.246523
0.229178 0.759901 -0.362614
0.784759 0.144112 -0.275513
-0.0192451 0.795084 -0.385616
-0.342873 0.743928 0.24119
0.360875 0.238875 0.610768
-0.206999 -0.465523 0.720058
0.600974 0.0413194 -0.609508
0.550399 -0.185907 0.542689
0.404131 0.425871 0.467303
-0.332746 -0.759235 -0.118165
0.118107 0.312194 -0.785498
0.348615 0.33618 -0.675181
-0.589116 0.574602 -0.351541
0.19366 0.64043 -0.551824
-0.644654 -0.5593 0.343166
-0.337325 -0.530032 -0.518129
0.0524347 -0.772976 0.391106
-0.427941 -0.734384 -0.0525319
-0.49871 -0.671814 -0.220783
0.515105 -0.337704 -0.65645
-0.299602 0.189356 0.710655
0.899105 -0.00726839 -0.0526437
-0.52077 0.692701 -0.0199569
0.61336 -0.6164 0.000969188
0.812086 0.202081 -0.0596942
-0.321782 0.0746377 -0.804342
-0.725472 -0.345828 0.415252
0.0422491 -0.581207 -0.615612
-0.705056 -0.156261 -0.351878
0.447746 -0.593993 -0.465249
0.0676073 0.551408 0.545179
-0.191897 0.469077 0.577358
-0.00284347 -0.360571 0.801672
-0.785131 0.258221 -0.0735522
0.0215596 -0.693903 0.543364
0.39851 -0.219239 -0.736009
-0.681305 -0.188551 -0.391192
-0.0951453 -0.788903 -0.22801
0.467529 0.471945 -0.488273
-0.734948 0.145 -0.413738
0.264353 -0.409533 0.714046
-0.713505 0.349547 -0.455106
-0.248138 0.848731 0.0823208
0.737599 -0.459981 0.115246
0.846654 0.088987 -0.112196
0.24047 0.162203 0.73583
0.271644 0.788987 -0.0954938
-0.52572 0.658769 -0.275035
-0.773287 -0.335455 -0.103551
-0.266593 -0.76144 0.324736
-0.643402 -0.205887 0.598979
-0.361498 -0.371818 0.746317
0.0187616 -0.84151 0.0483236
0.166995 -0.638609 0.551077
-0.259234 0.727099 -0.475002
-0.266581 -0.433451 -0.605272
-0.745826 -0.0511339 0.422064
0.404078 -0.715166 -0.134981
0.420221 0.333462 -0.631372
0.123366 0.588341 0.505367
0.0221672 0.85486 -0.278508
-0.00965848 -0.825121 -0.068833
-0.657931 0.493169 -0.311844
0.434141 0.193435 0.575498
-0.154957 -0.40006 -0.667999
-0.529255 -0.435882 -0.474598
-0.195542 -0.0397994 0.871153
0.816368 0.0619051 -0.286494
0.761451 -0.0134098 -0.449682
0.490921 -0.171656 -0.706931
0.487001 -0.615447 0.33499
-0.509188 -0.700146 -0.0155635
-0.614508 0.053115 0.589597
0.27742 0.343238 0.612168
-0.560073 -0.63327 -0.145015
-0.46099 -0.398411 0.682319
0.336415 0.710391 -0.356019
-0.792437 0.196995 0.11442
0.432278 -0.0632026 -0.747268
-0.122251 0.71223 -0.529548
0.556025 0.473829 -0.367944
0.16212 0.210855 -0.803109
-0.449687 -0.176563 -0.656285
-0.509311 0.128158 0.638483
-0.447915 0.33636 -0.704019
-0.485115 0.499859 -0.57745
-0.404165 0.562155 0.390618
0.443225 -0.335868 -0.692014
-0.458651 0.746208 0.11148
0.105249 0.862227 -0.0422269
-0.0886474 0.408128 0.6484
0.334713 0.427116 0.525522
0.721359 -0.421791 -0.362307
-0.664465 0.0716412 0.526603
0.69575 0.33718 0.100571
-0.249863 -0.48998 0.691674
0.283356 0.37848 0.587734
-0.739038 0.102705 -0.387598
0.228102 0.677961 -0.501275
-0.811962 0.0923815 0.0805801
0.810426 0.0175475 0.197496
-0.0206779 0.458933 0.612056
0.424678 0.309275 0.52412
-0.240654 -0.528748 -0.568801
-0.533025 0.634412 -0.363891
0.252371 -0.66064 0.470404
0.724617 0.0717289 0.314242
0.593142 0.500781 -0.218358
-0.599189 -0.640219 0.155903
-0.812516 -0.187944 0.157143
-0.397418 0.785918 -0.0187679
-0.10056 0.888242 0.0413315
0.0495681 -0.816446 -0.166194
-0.67853 0.423769 0.195031
-0.66978 0.490267 0.130506
0.295015 0.516733 -0.589845
-0.746079 0.0669907 -0.356369
-0.760173 0.0397628 0.36135
-0.397824 0.120478 0.713094
0.07399 -0.794645 -0.272392
0.300821 0.76404 -0.205015
-0.0759886 0.806209 0.254462
-0.0431587 0.279355 -0.814241
-0.562802 0.265517 -0.678371
0.368501 -0.695767 -0.323661
-0.730492 -0.463611 -0.0454011
-0.304379 -0.449174 -0.581844
-0.0268328 -0.648234 0.584801
0.387438 0.624068 0.229851
0.0728985 0.591985 -0.641023
0.111246 0.453915 0.60489
0.250492 0.646101 0.40179
0.304205 0.765221 -0.00408548
-0.469378 0.49742 -0.592566
0.527245 0.0485249 0.545717
-0.167744 0.278578 -0.797666
-0.466259 0.386333 -0.673767
-0.529624 -0.568983 -0.336366
-0.563232 0.465618 0.35526
0.226489 -0.159938 -0.762514
-0.237084 0.675363 -0.562808
0.838197 0.0652774 0.110417
-0.721616 0.0581295 0.435256
0.0752612 0.758269 0.320014
0.106376 0.290528 0.723082
-0.786646 0.128698 0.230618
0.721369 -0.495982 -0.010456
-0.662682 0.193761 0.425292
0.748268 -0.43307 -0.18439
0.337509 0.754658 -0.101754
-0.537481 -0.318427 -0.539839
-0.647174 0.13531 0.501017
0.33699 -0.0265984 -0.781765
-0.441739 0.710961 -0.271449
-0.0771362 0.86413 -0.261426
0.874198 -0.135697 -0.20796
0.204982 -0.132728 -0.770003
0.737213 -0.465756 -0.0598317
-0.327734 0.75685 -0.356745
-0.752459 0.266286 -0.424001
0.0417664 -0.372862 0.788838
0.18802 -0.596404 -0.608802
0.728547 -0.131117 0.342422
-0.353256 0.087249 0.752832
0.5308 0.56109 -0.249738
-0.198433 -0.106995 0.881022
0.339043 0.741936 -0.187917
0.518173 0.439786 -0.472324
0.803687 0.237348 -0.0317713
0.0853331 -0.774007 -0.348364
0.20812 -0.591223 0.594115
0.362514 0.064825 -0.773265
0.0583845 0.545145 -0.678973
0.341131 0.665748 -0.412622
0.747 -0.249044 0.306895
-0.773848 -0.276526 0.318548
-0.701978 0.298141 0.270011
-0.806028 0.0456233 -0.130598
0.308389 0.697144 -0.408087
-0.168304 -0.773381 -0.237657
0.503789 0.596588 -0.2218
-0.0817683 0.548374 0.542963
-0.289601 0.820258 0.132867
0.788361 0.242208 -0.0839629
-0.186305 0.681755 -0.572248
0.800297 -0.0381412 0.220039
0.204131 -0.757757 0.293891
-0.303104 -0.489496 0.677074
-0.624156 -0.0865087 -0.534884
-0.273979 0.359884 -0.748982
0.636363 -0.370119 -0.571167
0.391545 -0.460548 0.585478
-0.751368 0.324764 -0.351393
-0.547832 -0.0850386 0.682589
-0.0542917 -0.557136 -0.610386
0.114579 0.292604 0.719292
0.329123 -0.00971318 0.740368
-0.733366 0.160932 -0.422147
-0.597963 -0.585102 0.390368
0.184954 0.611554 -0.579193
-0.618802 -0.293785 -0.449929
-0.534139 -0.344786 -0.530244
0.202679 -0.302719 0.791482
-0.378863 0.730615 -0.356664
0.696889 -0.482617 -0.269201
0.00907938 -0.128981 -0.784531
-0.596883 0.104255 0.578291
0.89444 -0.0194376 -0.101116
0.597862 0.517227 -0.127655
-0.475353 -0.553514 -0.428301
-0.7247 0.405855 -0.171251
0.679403 0.32932 -0.285465
-0.548022 0.481759 0.353655
-0.635743 -0.501268 -0.229393
-0.792227 0.178045 -0.202421
0.143421 -0.614617 0.595285
-0.373197 -0.00240715 -0.77191
0.812992 -0.32791 0.0781594
-0.353021 0.38518 0.562291
-0.178216 -0.793308 -0.0919106
0.35568 0.65234 -0.411871
0.839799 0.0353275 0.141161
0.611461 -0.297063 0.454585
0.47382 0.551422 0.192005
-0.754421 -0.108686 0.411052
-0.308106 -0.770421 0.119925
-0.128154 0.220115 -0.824611
0.25347 -0.77959 0.0224458
0.679182 0.227694 -0.430876
0.543985 0.490837 -0.367087
-0.58533 0.378726 0.394636
0.68891 0.313221 0.162125
-0.485213 -0.606705 0.485727
0.899136 -0.150069 -0.139803
-0.280909 0.211101 0.70472
0.517774 -0.361574 0.535092
-0.632981 -0.187664 0.612587
0.544691 -0.0803523 -0.683529
-0.0151185 -0.607752 0.627845
0.0538057 0.0505689 -0.81617
-0.00818456 -0.542777 -0.629502
0.503793 0.602707 -0.198952
-0.723251 0.33174 0.195362
0.817614 0.0674879 -0.271524
0.23873 0.415725 0.587413
-0.727533 -0.310406 -0.234799
0.0674002 -0.27109 0.827703
-0.558087 0.0830107 0.622812
-0.278666 0.129874 -0.817254
-0.023875 -0.468195 -0.673213
0.56001 0.533894 -0.236755
0.462894 -0.676445 -0.217686
0.73826 -0.0276367 -0.497297
0.099414 0.663283 0.437317
-0.250884 -0.206408 -0.723812
-0.725143 -0.487689 0.223303
-0.357598 -0.0838811 -0.740033
-0.222613 -0.344559 -0.667448
0.752748 0.278078 -0.160499
0.151597 -0.120507 -0.776901
0.660481 0.38833 -0.241396
0.38475 0.0684031 0.672241
0.623773 0.147716 -0.550244
0.603104 0.0239525 -0.613926
-0.36252 -0.249458 -0.656429
0.604073 0.379489 -0.395517
-0.0529564 -0.310967 -0.747725
0.579407 -0.47688 0.386448
-0.440187 -0.595044 -0.41299
-0.750137 -0.365202 0.30323
0.562213 -0.386914 -0.619301
0.634265 -0.576917 -0.199531
-0.302302 -0.508421 0.661928
-0.493295 -0.685913 0.3282
-0.238353 -0.0222716 -0.793735
-0.814332 -0.158961 0.039634
0.890968 -0.170908 -0.09427
0.0895949 0.822237 -0.315794
0.467937 0.654413 -0.074059
0.663631 0.341879 -0.309772
-0.595443 -0.56039 0.427348
0.654828 -0.429182 0.347213
0.681666 -0.427669 -0.462801
0.814872 0.0360759 0.187973
0.450175 0.523536 -0.455736
0.0796536 0.246967 -0.807506
-0.213915 0.840293 0.166559
0.582814 -0.589805 -0.285789
0.667952 -0.362753 -0.534037
0.214292 -0.230598 -0.748565
-0.731611 -0.470686 0.184873
-0.587465 0.245842 -0.662842
-0.489613 0.604392 -0.487703
-0.212243 0.803398 -0.325498
0.106434 -0.775416 0.336549
-0.7508 0.371834 -0.0974408
-0.408307 0.764086 0.129546
-0.0398991 0.125203 -0.830094
0.226632 0.713853 0.320364
-0.149198 -0.00270601 0.87215
-0.816629 0.0686941 -0.0288872
-0.82626 0.0226647 0.0289434
0.367672 -0.359747 -0.707526
-0.207456 0.0423854 -0.818227
0.40561 0.60433 0.229872
-0.273159 -0.147936 -0.743404
0.410614 0.385229 -0.600721
0.243266 -0.329633 0.772777
0.0612711 0.0167077 -0.809275
-0.490323 0.686254 0.212714
-0.825681 -0.108303 0.0734394
0.262151 0.432417 -0.668375
0.235003 -0.677478 0.45671
0.815129 0.112345 -0.20362
-0.271877 0.0544793 0.801999
0.698281 0.150849 -0.484092
-0.0944371 -0.808503 0.316195
-0.240533 0.836003 -0.110038
-0.000487347 0.72388 -0.487268
0.133393 -0.718179 0.454269
0.800957 0.179931 -0.14504
0.148491 0.582267 -0.618909
0.0703427 -0.187436 -0.769323
0.182694 -0.307025 -0.734425
0.423095 0.543746 0.302128
0.588083 0.27964 -0.52852
-0.684215 0.198412 -0.51727
-0.608369 -0.321376 0.592759
-0.0355577 0.237184 0.775869
0.451506 0.46653 0.3711
-0.691017 0.433179 -0.330467
0.500807 0.0752469 0.570994
-0.46542 -0.355683 0.700675
0.27615 0.500169 -0.616518
0.571644 -0.46279 0.408635
0.45561 0.486535 -0.486081
-0.246667 -0.771838 0.296265
-0.691611 -0.180095 0.550458
-0.053529 0.575379 -0.675603
0.117562 0.358389 0.671416
-0.522771 -0.062384 -0.667534
-0.339641 -0.573742 -0.487883
-0.397733 0.183189 0.671039
-0.295689 -0.679007 0.490953
-0.00188818 -0.380583 0.792841
0.185317 0.802347 0.128059
-0.219639 -0.123716 0.87216
-0.453488 0.0170137 -0.750075
0.372613 -0.679978 0.303607
-0.271041 0.816344 -0.151492
0.091875 0.809356 0.210234
-0.803418 -0.209651 0.0132682
-0.539601 0.368502 -0.639748
-0.521885 0.658601 -0.289899
0.652168 -0.54638 -0.269014
0.72423 0.238856 0.208434
-0.0260713 -0.674058 0.558367
0.156336 0.628728 -0.57754
0.336677 0.739138 0.0569322
-0.623946 -0.134881 -0.51689
0.518238 0.0452056 0.556353
0.523602 0.560798 -0.277626
-0.3868 -0.73033 0.249264
-0.434946 0.467007 -0.64627
0.0976243 -0.834073 -0.0654052
0.272298 0.357885 0.605815
-0.564923 -0.668261 0.145727
0.226889 0.295968 0.666267
-0.38361 0.287941 0.609457
0.425568 0.343934 0.503598
-0.29255 0.772376 -0.343081
-0.272503 0.585368 -0.619778
-0.758096 0.200506 0.254794
-0.421904 0.303749 0.575088
-0.100194 0.809879 0.250688
-0.248657 0.301028 0.661283
-0.351789 0.244931 -0.764923
0.200283 0.109681 -0.811921
0.370548 -0.149198 0.735969
-0.420737 -0.299625 0.751706
0.663352 -0.594293 -0.0184467
-0.698837 0.232605 -0.499195
-0.506637 0.522277 -0.541078
-0.337698 -0.74434 0.276054
-0.353472 0.784501 0.145813
0.484893 0.592365 -0.30689
0.365124 0.468087 -0.573405
-0.1414 0.889131 0.0504444
0.333548 0.731837 0.127449
-0.317852 -0.581132 0.598407
-0.773282 0.014591 -0.263006
0.570655 -0.304246 0.500335
0.277642 0.220216 0.682475
0.634467 -0.405074 -0.552008
-0.0839841 -0.799132 -0.186562
0.0798987 0.0426418 0.883144
0.720238 -0.0730353 0.347243
-0.80797 -0.207868 0.196193
0.549157 -0.555488 -0.455822
0.326111 -0.734528 0.117986
-0.750334 -0.148821 -0.253538
-0.673986 -0.0238365 -0.466002
-0.202544 -0.761175 -0.2673
-0.688608 -0.0889718 0.544905
0.369514 -0.726626 -0.240685
-0.069761 0.394047 0.659243
0.520139 -0.00700573 0.562734
0.417659 0.601542 -0.401292
0.0686011 0.864494 0.037666
0.583741 0.542634 -0.0937536
0.329566 0.757872 -0.0840359
0.490309 -0.458705 -0.606094
-0.0703918 -0.839318 0.220215
-0.311552 0.806772 0.142903
0.410155 0.173123 0.604054
0.729354 -0.475647 -0.128341
0.637459 0.235384 -0.498628
-0.736893 0.39435 -0.112563
0.391568 -0.646395 -0.408263
-0.228894 -0.187462 0.863606
0.724168 0.0949308 0.310278
0.642423 -0.579787 0.134854
0.00282899 -0.0705299 -0.796046
-0.113778 -0.614715 0.608427
0.264239 -0.0492654 0.796709
-0.690032 -0.008961 0.523709
0.623217 0.403517 -0.319047
0.126389 -0.523769 0.688649
0.139323 -0.831211 -0.0185971
-0.538853 -0.582478 0.47509
0.687161 -0.340124 -0.516386
-0.520781 0.694605 -0.0614488
0.321144 -0.355405 -0.712322
-0.367327 -0.746674 0.15452
-0.819252 -0.122243 0.1708
0.527312 0.584397 -0.0348845
-0.731317 0.317826 -0.453108
-0.533075 -0.00696065 0.688099
0.0778903 -0.451805 0.746317
0.520586 -0.612634 0.296045
-0.40228 0.665138 0.308808
-0.409906 -0.594737 0.545658
-0.643585 0.108743 -0.567345
0.780471 0.254459 0.0401714
-0.370106 0.802389 0.083462
0.663809 -0.57546 -0.105271
0.169838 -0.762965 -0.343072
-0.417566 -0.73776 -0.00968921
-0.447471 -0.10397 0.76885
0.0198912 -0.0791777 -0.7934
0.348667 -0.670778 0.385303
-0.198135 -0.332329 0.833334
-0.609564 0.583531 0.0517783
-0.34257 -0.463376 -0.559006
-0.105966 0.830093 -0.341078
-0.718934 -0.150524 0.511743
-0.388932 0.23868 0.639235
0.0106568 0.422855 0.639489
0.012949 0.873312 -0.204832
0.509747 0.536744 0.143286
0.385025 -0.197994 -0.741656
-0.716666 0.0487196 0.448744
-0.522198 -0.119406 0.708309
0.0804253 0.850882 0.11781
0.162428 -0.134885 -0.772987
-0.385526 -0.238709 -0.652208
0.0654355 0.272221 0.74768
-0.279742 -0.510856 0.666405
0.259565 -0.753024 0.191488
0.413258 -0.617849 -0.44691
-0.351112 0.280974 -0.754433
-0.530244 -0.23859 -0.581951
0.233916 -0.199819 -0.753484
0.084961 0.301029 -0.797055
0.813107 -0.327157 -0.0100687
0.483785 -0.173715 -0.710514
-0.558816 0.0430992 -0.671524
0.574167 0.457545 0.159675
-0.320044 0.243305 -0.77335
-0.0882628 0.415644 0.642826
0.33115 0.273885 0.617033
0.129668 -0.652035 -0.578668
-0.34452 0.417803 0.542886
-0.194004 0.230303 0.726053
0.0320048 -0.674797 -0.554832
-0.341345 0.77867 -0.201495
0.344174 -0.656632 -0.4282
-0.165947 0.736916 -0.499407
-0.508802 -0.443802 0.623678
-0.231612 -0.486826 0.697674
0.73719 0.244948 -0.260331
-0.381163 -0.690291 0.423121
0.488847 -0.192186 -0.705811
-0.534523 -0.620148 -0.241752
-0.723986 -0.315726 0.446851
-0.346842 0.700228 0.312033
0.687387 -0.523256 -0.172018
-0.763003 -0.38902 0.0269538
-0.780948 0.0232202 -0.232573
0.252388 -0.677391 0.44647
0.166239 -0.449991 -0.682203
-0.00570685 -0.0325101 -0.803796
-0.477477 -0.701448 0.229169
0.694396 -0.382998 -0.486386
0.222545 0.74518 0.243409
0.526153 -0.396352 0.503901
0.507806 -0.23837 0.584335
-0.259268 -0.699924 0.467439
0.138017 -0.787849 -0.282088
0.170451 -0.493937 -0.660295
0.0923082 0.846831 -0.253551
-0.104088 -0.827754 0.0806079
0.502812 0.50251 0.221928
-0.417154 0.530625 0.406116
0.587119 0.0847892 0.470062
0.680672 -0.514628 0.218613
0.336526 0.0900642 -0.779035
0.236383 0.471628 0.554549
0.71785 -0.338884 -0.478285
0.347707 -0.0193217 0.728292
0.24014 -0.759194 -0.288447
0.393207 0.255028 0.577747
-0.806409 -0.12541 0.232912
-0.580631 0.462187 0.332991
-0.806528 -0.235019 0.144775
-0.0188846 0.893703 -0.0180097
-0.488508 -0.240041 0.715402
0.772281 -0.291457 0.270233
-0.374249 -0.293094 -0.630081
-0.536566 0.490814 0.354609
-0.237277 0.701851 0.388359
0.564924 0.52111 -0.26355
-0.505702 0.228946 0.573339
-0.738875 -0.446401 -0.0323537
-0.678287 -0.364285 0.480603
-0.162138 0.795163 -0.384047
0.0382841 0.844494 0.146204
-0.0382987 -0.725859 -0.433503
-0.598072 0.616007 -0.130665
0.077726 0.692306 -0.515701
0.642194 0.084071 -0.559742
0.212482 0.694001 -0.481091
0.243441 0.786863 -0.261048
-0.213453 0.771017 -0.404816
-0.466139 -0.693597 0.343648
-0.184797 -0.217436 -0.745715
-0.813768 -0.0337786 -0.0633875
-0.119556 0.205611 -0.82825
0.596248 0.435385 -0.335178
0.26919 0.499837 -0.621037
-0.808825 -0.222129 0.153237
0.0556099 -0.814958 0.278703
0.386599 0.680618 0.119825
-0.549495 0.626278 -0.332141
0.446594 -0.40584 -0.665143
0.0595074 -0.833163 -0.0634031
0.00940006 -0.838651 0.0327995
-0.114517 -0.176179 -0.775146
-0.114564 -0.361039 -0.704022
-0.505399 -0.703535 -0.0151796
0.0801744 -0.798638 0.301102
0.208406 -0.626479 -0.591917
-0.707128 -0.531649 0.240012
-0.766869 -0.0613362 -0.254269
0.548161 0.349008 -0.52362
0.258389 -0.00425758 0.795645
-0.808068 -0.000166315 -0.102591
0.669636 -0.0594736 -0.577016
-0.157547 -0.519826 -0.60761
0.384216 0.214591 0.604321
-0.214588 -0.117468 -0.771608
0.15355 0.678917 0.400564
-0.165654 -0.358816 0.817106
0.0233964 -0.799698 -0.260549
0.172493 -0.0783346 -0.784126
0.466415 -0.2874 0.619151
0.457273 -0.694093 -0.00329893
-0.780188 -0.110236 0.32258
-0.0121782 -0.843029 0.145915
0.267177 0.761053 -0.316384
0.587634 0.512005 -0.0131961
-0.755271 0.36294 -0.101707
-0.25964 0.360123 0.619246
-0.493466 0.401543 0.452847
-0.681202 0.485345 -0.0202629
0.516984 -0.169256 -0.693291
0.256653 -0.107907 0.799994
-0.659021 0.517153 -0.0107144
-0.498086 -0.7041 -0.0652516
0.795475 0.247983 -0.0452129
-0.0700874 -0.785265 -0.27024
-0.422108 -0.732228 0.113046
-0.350315 0.138582 0.721551
0.804254 -0.125473 -0.380294
-0.762649 -0.211385 0.396905
0.218851 -0.203977 -0.753823
0.58523 0.392543 0.238651
-0.508913 -0.338149 -0.552184
0.0432159 0.126526 -0.823105
0.134736 0.597831 -0.61214
0.495674 0.199733 -0.633599
-0.670951 -0.204401 -0.406824
0.238647 0.395126 -0.706692
0.30459 0.529498 0.48157
0.0623938 0.387052 0.66643
-0.715323 -0.098204 -0.353946
0.00895325 0.666408 0.449664
-0.468108 0.706685 0.192723
0.75963 0.272554 0.0713829
0.265138 0.729346 -0.389095
-0.0845743 0.858741 -0.273213
-0.792475 -0.315846 0.159276
0.761773 0.0577365 0.274155
0.302877 0.76969 -0.0483281
0.540464 -0.613169 0.243742
-0.521331 -0.299353 0.673506
-0.788197 -0.186009 0.295976
-0.531494 -0.672915 -0.0797216
0.370476 0.701744 0.109008
-0.824111 -0.0634726 -0.00521362
0.654016 0.305011 0.241257
0.278509 -0.529166 -0.637169
-0.659482 0.00556968 0.566066
-0.456723 0.682054 -0.374544
-0.119777 -0.370436 0.813671
-0.0135193 -0.215897 -0.769271
0.0233978 -0.587162 -0.608334
0.701478 -0.532103 -0.0206583
0.530802 0.182146 -0.612881
-0.689276 0.137216 -0.494116
-0.357755 -0.141622 0.822002
-0.753718 -0.14363 -0.248194
0.0111039 -0.333282 -0.740203
-0.0273141 0.841051 -0.31858
0.667061 -0.201351 0.407455
0.857764 -0.179083 0.120876
0.445617 -0.123282 0.665221
0.470167 0.0782779 -0.701805
0.701193 -0.322778 -0.50358
-0.462879 -0.188964 0.745365
0.260601 -0.75372 0.184512
-0.802216 0.0992881 0.145905
0.367868 0.20323 0.622349
-0.50784 0.0371747 -0.722633
0.345855 0.320861 0.583085
0.442941 0.665301 -0.020815
-0.746688 0.0409356 -0.34374
-0.149443 0.0481118 -0.827565
-0.743156 0.0335637 0.39883
-0.584138 -0.645288 0.0818961
-0.509281 0.691479 -0.152841
-0.194932 0.875669 0.0209826
-0.577375 0.247563 -0.677268
-0.339525 0.524768 0.463637
-0.0728567 -0.79105 -0.238197
0.667098 0.185918 -0.499239
0.863424 -0.164623 -0.233911
0.84067 -0.20383 0.154566
-0.463132 0.135417 0.662552
0.13584 -0.163127 -0.769167
0.567423 -0.642148 -0.0187229
-0.533011 0.675776 -0.153988
0.292454 -0.750697 -0.252411
0.1326 0.299846 0.709047
-0.699967 -0.360456 0.4461
-0.522628 -0.698622 0.0780591
0.801891 0.154717 -0.185151
0.205651 -0.193403 -0.757125
0.880137 0.0177072 0.00839708
0.161303 0.11335 0.806645
0.850994 0.120056 -0.0397477
-0.546157 -0.676442 0.180977
-0.442949 -0.72977 -0.0448438
0.145362 -0.123004 0.846609
-0.400271 -0.657083 -0.352428
-0.274638 0.194626 0.717785
-0.13864 -0.767325 -0.296547
-0.44887 -0.192935 0.755071
-0.503758 -0.710577 0.0524177
0.349137 -0.672563 0.379464
0.0106811 0.85299 -0.289792
-0.183721 0.760798 -0.450433
0.312365 -0.642038 -0.484554
-0.168801 -0.461483 -0.631849
-0.291875 0.639736 -0.569502
-0.546435 -0.222338 -0.575227
-0.294036 0.214871 -0.788269
0.0231622 -0.773374 -0.369806
0.629772 0.331581 -0.402846
0.357453 -0.0365159 -0.775777
0.106364 0.758246 0.314326
0.478304 0.597304 0.0772288
0.72008 -0.360101 -0.469465
-0.263559 0.602985 0.451212
-0.488268 -0.684752 -0.207455
0.370499 0.652295 -0.395206
0.751669 0.0806939 -0.444413
0.092241 0.185191 -0.812929
0.105666 -0.507673 0.704772
0.653388 -0.00342441 -0.581917
-0.0655967 0.902734 -0.113229
0.0778794 0.395115 0.656312
-0.268932 0.74972 -0.415816
-0.764115 0.353797 -0.0635369
0.489303 -0.508659 -0.556766
0.153798 -0.646505 -0.582704
-0.211426 0.830127 -0.217501
-0.661336 -0.568971 0.0842015
0.249853 0.298485 -0.745171
0.312302 -0.0662626 -0.775377
-0.220263 -0.306395 -0.687221
-0.821572 -0.128675 0.118053
-0.703903 -0.133022 -0.364509
-0.564234 -0.153991 -0.589336
0.291636 0.189928 0.687412
-0.208147 -0.782831 0.306576
0.484372 -0.594783 -0.432421
0.41186 0.140324 0.61836
-0.0205376 -0.0119013 0.915683
0.201858 -0.465577 -0.672619
0.149383 0.55113 0.524659
0.704923 -0.526428 0.00404805
0.351664 -0.740278 -0.00455774
-0.545632 0.535607 -0.494466
-0.659593 -0.349395 0.517398
0.662349 -0.223544 -0.578099
0.26463 -0.076955 -0.77697
0.518018 -0.0875638 0.578244
0.26563 0.781235 0.0399765
-0.662186 -0.571136 0.297051
0.0125617 0.232652 -0.814533
0.66052 0.268489 -0.419273
0.655347 0.161203 0.374149
-0.741494 -0.43543 -0.11253
0.462504 -0.464226 -0.61577
-0.325779 0.473943 0.512297
0.257269 0.245228 -0.76463
0.549352 -0.0996814 -0.682619
0.79713 -0.129335 -0.398199
0.0528792 -0.486109 0.731676
0.831308 -0.132322 -0.31456
0.245567 0.262521 0.675858
0.810066 0.230537 -0.00995515
-0.681049 -0.444896 -0.212888
-0.364772 -0.366055 0.747504
-0.763043 -0.218959 0.394261
0.81655 0.139576 -0.150111
0.719962 0.325986 0.0645758
0.702284 -0.463099 -0.311625
0.921042 -0.0682805 -0.0571179
0.753366 -0.251718 -0.45158
-0.79513 0.155368 0.138826
0.0609253 0.878351 -0.145141
0.712943 -0.0229205 -0.534409
-0.193867 0.851411 0.152568
-0.684619 0.0986416 0.469627
-0.0284851 0.654163 -0.597835
0.0559367 -0.832152 0.218948
0.13486 -0.38833 -0.714296
0.344882 -0.431547 -0.681809
-0.606944 0.592756 -0.225431
0.501274 -0.557087 0.390351
0.638204 0.267291 0.329009
-0.675828 -0.244741 -0.379188
0.374588 0.0967693 0.66787
0.543851 0.283397 0.428199
0.285284 -0.528822 -0.636925
-0.208813 0.0634485 0.819445
0.479741 -0.680587 -0.112161
0.117239 -0.532163 -0.644262
0.482498 0.625264 -0.0144996
0.326786 -0.688247 0.357457
0.417661 0.482528 0.398143
-0.211446 -0.0217377 0.859526
-0.802383 0.0885016 0.156185
0.748529 -0.376957 -0.368814
0.576862 0.346268 -0.488305
-0.783236 0.189174 -0.291131
0.390172 -0.451752 -0.660057
0.347298 0.0471076 0.708745
-0.0680035 -0.805715 -0.16822
0.452185 -0.648172 0.275944
-0.397494 0.281269 0.605325
-0.588611 0.456267 0.325703
-0.602225 0.211728 -0.638093
-0.314032 0.303347 0.6324
0.347414 -0.685937 -0.364435
-0.391885 -0.631472 0.512529
0.280324 0.77551 -0.216675
0.0694228 0.72575 -0.467835
-0.57344 -0.643632 -0.0130582
-0.653953 -0.363407 -0.332319
-0.372477 -0.347306 0.752843
-0.47246 -0.0329588 -0.717609
-0.17722 -0.810554 0.058685
-0.614728 0.257555 0.449708
-0.10491 -0.745197 0.456165
-0.0779971 0.327328 -0.802092
0.57237 0.0958175 -0.612225
0.4052 -0.222783 0.694835
-0.655557 0.33135 0.319759
0.522936 -0.578692 -0.431737
-0.640192 0.232047 -0.584657
0.706056 0.0269961 0.344256
-0.534143 -0.673079 0.278083
-0.449787 -0.378426 0.697989
-0.0259398 0.20498 -0.8206
-0.595728 -0.636618 0.0953686
0.62702 -0.538099 -0.40489
0.145212 0.76618 0.27665
-0.247191 0.574521 -0.634911
-0.773625 -0.272131 -0.142781
-0.305312 0.833101 0.0588227
-0.325903 0.015817 0.805385
0.0234694 -0.821002 -0.122847
-0.244747 -0.79171 0.113332
0.588378 -0.376568 0.454345
-0.59757 0.30583 -0.629952
-0.780268 0.327008 0.0662442
-0.0869263 -0.37176 0.810414
-0.589407 -0.314395 -0.481469
0.504586 0.121681 0.552951
-0.630982 -0.324415 0.565596
0.57713 -0.471306 -0.536229
-0.562608 -0.236495 -0.554865
-0.778129 0.0158348 -0.242022
-0.767504 0.127393 -0.334424
0.193438 -0.291891 0.797461
0.334266 -0.587108 -0.563662
0.820087 -0.132888 0.188798
-0.561873 -0.660221 0.26405
0.1729 -0.801979 0.128615
-0.372775 -0.411093 0.720381
-0.503427 -0.415373 -0.505375
0.150241 0.201126 -0.806482
0.311204 0.609583 -0.504701
0.0126662 -0.826367 -0.0824071
-0.12994 0.832943 -0.316555
-0.064506 0.786563 0.287772
0.86011 -0.0710245 0.109669
0.182705 0.360716 0.648977
-0.451404 -0.713747 0.195935
-0.757305 -0.286011 0.377278
0.344542 0.398197 0.536952
-0.484264 -0.635519 -0.303781
0.827774 -0.297967 0.0149556
0.419419 0.4759 -0.525123
-0.12505 -0.369287 0.814659
-0.012541 0.373975 0.675317
-0.772187 0.0835513 -0.296415
0.421661 -0.69634 -0.241322
-0.198858 -0.730644 -0.336538
0.332124 0.192498 0.655046
0.870571 0.0261886 0.0350204
-0.688173 0.311047 -0.520447
-0.696554 0.381103 -0.4526
0.450653 -0.338431 -0.687655
-0.641319 0.255086 0.408859
-0.0257744 0.0191446 -0.814821
-0.813014 0.0584386 0.109014
-0.521072 -0.497877 -0.440397
-0.41806 -0.615288 0.516087
-0.497784 -0.309584 0.689603
-0.712062 -0.50394 0.0461858
0.267706 -0.695154 -0.416312
0.675279 0.342939 -0.274596
-0.292411 -0.696383 -0.345995
-0.770259 0.277586 -0.354561
0.759486 -0.425397 -0.0449679
-0.633156 -0.420119 -0.320373
-0.631205 0.378431 -0.547842
-0.725967 -0.022916 0.453756
0.652353 0.398595 -0.247602
-0.566723 0.60288 -0.343346
0.168692 0.141495 -0.811197
0.570365 0.557132 -0.100789
0.646269 -0.132394 -0.607448
0.810289 -0.329866 -0.148445
-0.526785 0.654561 -0.29457
-0.170385 0.854683 -0.173014
-0.762408 -0.391505 0.0613599
-0.651448 -0.603472 0.24985
0.288866 0.778982 -0.0798367
0.288386 0.71218 0.256026
0.0715463 -0.319878 -0.740532
-0.785894 0.0580094 -0.225037
0.162958 0.173575 0.77139
-0.591167 -0.238386 0.633864
-0.0809704 0.900742 -0.017324
0.61959 0.338409 -0.416616
-0.236342 0.780007 -0.367021
-0.432716 -0.533217 -0.46511
-0.0757673 0.705135 -0.532985
-0.745713 -0.00139194 0.405394
-0.430871 -0.316631 -0.595065
0.410848 -0.438183 0.585389
0.681806 0.188685 0.327785
0.517458 -0.238412 0.573346
-0.240007 -0.584412 -0.533971
0.556489 -0.388506 0.478564
-0.791687 0.215106 -0.0778547
0.707825 0.169674 0.305605
-0.49302 -0.39171 0.668475
0.587435 -0.205599 0.498484
-0.797867 -0.182265 0.254026
0.621788 0.397869 0.160286
-0.709244 -0.0251014 -0.399094
-0.635154 0.165116 -0.585649
-0.0799024 -0.753799 0.451074
0.853231 -0.179369 -0.258813
-0.595986 -0.452314 0.532548
0.0830737 -0.740368 -0.440107
0.0872219 -0.285123 0.8185
-0.601126 0.445345 0.31398
0.902927 -0.0304491 -0.0847507
-0.281959 0.211983 0.703721
0.455116 0.627127 0.0632537
0.101509 0.500562 -0.70336
0.455806 -0.602394 0.389156
0.439322 -0.676035 0.153163
0.284733 0.0658655 0.751935
0.686157 -0.420173 -0.463366
-0.428745 -0.689559 -0.276684
0.742372 -0.45644 -0.0551116
-0.676884 -0.0324708 0.551906
0.0376575 0.0921548 -0.825045
-0.145808 0.858389 -0.192522
-0.286432 -0.768343 0.212458
-0.3521 -0.0444298 -0.761743
0.814206 0.00618388 -0.327222
0.466785 -0.27931 -0.696837
-0.203187 0.808035 0.250952
0.283178 0.781293 -0.0688426
0.0261258 -0.710819 0.526141
-0.255936 0.349867 -0.756065
0.266397 -0.532704 0.636166
-0.353096 0.463355 -0.68704
-0.347119 -0.0294757 -0.769274
0.761825 0.261219 -0.155177
-0.80628 -0.0709583 0.226344
0.535765 0.203307 0.483299
-0.565795 0.571077 -0.430486
-0.457094 0.724701 -0.156185
0.263788 0.78311 0.0334315
-0.606867 0.604082 -0.143179
-0.577315 -0.345714 -0.476109
0.720123 -0.440929 -0.299996
0.58668 -0.346956 0.470998
-0.638152 0.180436 0.47757
-0.685173 0.322077 0.277843
0.0046189 0.359094 0.686719
-0.723848 0.130771 -0.428989
0.653944 -0.544663 -0.2661
0.907788 -0.0398585 -0.0299828
0.0446448 0.24228 -0.810882
0.672354 -0.501785 -0.325807
0.399414 -0.138407 -0.752355
0.526508 0.246105 0.470703
0.464411 0.635573 -0.220842
-0.72404 -0.371251 -0.196404
0.461571 -0.673975 0.104139
0.492705 0.575226 0.0932269
-0.681694 0.48797 -0.0642449
-0.487922 0.334354 0.508232
0.264616 -0.118319 -0.768229
0.787057 0.00552491 -0.392336
0.807399 -0.199894 0.216864
-0.363468 -0.645444 -0.392733
-0.714107 0.405538 -0.279126
0.656169 0.444689 -0.0307535
0.722965 0.209638 -0.358375
0.558396 0.0155495 -0.653942
-0.386273 -0.743932 0.118154
0.714151 -0.466942 -0.237226
0.0914702 -0.648268 -0.579385
-0.0708017 -0.481583 -0.654532
0.05309 0.882616 -0.10735
-0.176307 -0.738187 0.4318
-0.711939 0.165258 0.366753
-0.47947 0.419497 -0.648267
-0.287773 0.180345 -0.800048
0.62644 -0.601064 0.0618643
-0.646977 -0.138248 -0.475403
0.368473 0.668303 -0.37879
-0.412082 -0.153031 0.789459
0.652077 0.435226 -0.183758
-0.7725 -0.365327 0.059872
0.500094 0.174615 -0.640233
-0.205772 0.700672 -0.550927
0.824908 -0.302751 -0.145251
0.275205 0.352639 0.607554
-0.769277 0.269009 0.157848
0.366495 0.731695 -0.0155505
-0.489086 0.169592 0.623503
0.642434 -0.558044 -0.26585
0.741268 -0.14074 0.322878
0.747059 -0.394438 -0.329099
0.253761 0.67088 0.364294
0.487482 0.10291 0.577757
0.594999 -0.388205 0.440074
-0.815503 0.0552573 0.0938442
-0.565983 -0.643783 -0.0652094
0.0810084 0.728449 -0.461054
-0.611236 0.496216 0.253514
-0.761923 -0.352962 0.276248
0.161869 0.23055 -0.797584
0.688527 -0.280559 -0.530362
0.230274 0.614966 -0.556339
0.348718 0.630322 0.293292
-0.273446 -0.370816 0.781977
0.376916 0.205521 -0.713495
0.674821 -0.503332 -0.307653
-0.156705 0.764499 -0.456786
-0.788074 0.202728 -0.209428
-0.149515 -0.809354 -0.00117948
0.127582 -0.791111 0.277756
0.0652417 -0.0801372 0.883508
-0.573943 -0.530805 -0.311024
-0.560009 -0.118022 0.674588
0.103768 0.71984 0.364016
-0.190025 -0.751518 0.393085
0.691925 0.139126 -0.497909
-0.816096 0.0299561 0.116462
-0.162415 -0.681386 -0.445043
-0.270221 -0.783325 -0.0162759
-0.461069 0.21236 0.612162
-0.298049 0.781449 -0.292592
0.215081 -0.481223 0.68828
-0.309773 -0.759017 -0.160934
0.589268 -0.575317 -0.336172
0.660155 0.293773 0.246726
-0.723393 -0.489813 0.150656
0.281925 0.140423 0.718577
-0.169582 -0.790536 0.314582
-0.0369152 -0.324952 -0.745748
0.829959 0.12756 -0.114858
0.222734 -0.531313 -0.639074
-0.0637677 -0.641125 0.587513
0.0704081 0.638636 0.474796
-0.189674 -0.769512 0.351668
0.486835 -0.15904 0.617005
0.530884 -0.626515 -0.260142
0.323956 -0.501493 0.612058
0.34967 0.225481 0.625795
-0.548933 0.0486763 -0.684044
-0.151093 -0.810034 0.243482
0.78346 0.269064 0.000107701
-0.167031 0.114959 0.804039
-0.78979 0.23221 -0.0594592
0.104277 -0.846414 -0.000902394
-0.617631 0.499244 -0.453302
-0.269177 0.692751 0.374605
0.322441 0.0501587 0.727831
0.30725 0.76615 -0.0280866
-0.79417 0.207143 0.0906526
0.165844 0.0924581 0.816101
-0.426076 -0.727212 0.148823
-0.721354 -0.0836453 0.483984
0.861662 -0.230015 -0.0125527
-0.126113 0.803785 -0.389305
-0.19218 0.807808 0.260685
-0.0912612 -0.69687 -0.458191
-0.771813 -0.293172 -0.142107
-0.335154 -0.00351434 -0.779561
0.17443 -0.255504 -0.746484
-0.685312 0.208429 0.374683
0.605705 0.226345 -0.53468
-0.783913 0.292919 0.026168
-0.395574 0.445031 -0.681329
0.545129 -0.266212 -0.659191
0.0813373 -0.0438252 -0.796557
-0.764925 0.315668 -0.265748
0.0628994 0.6597 -0.567824
0.244019 -0.419552 -0.693088
0.547244 0.422495 0.26533
-0.439017 -0.266477 -0.616403
0.633656 0.465711 -0.0219067
-0.0221543 0.463122 -0.748087
-0.0351992 0.094424 -0.829731
0.245713 -0.424272 0.714386
0.435504 0.047639 0.63762
-0.191849 0.619151 0.474315
-0.114258 0.457934 -0.737473
-0.747093 0.345524 -0.279714
-0.201877 0.874919 0.0479316
0.344147 0.254487 0.616242
0.510416 -0.053648 0.581236
-0.446054 0.223375 0.61408
0.396984 0.405806 -0.595814
-0.827094 0.0132469 0.0138169
-0.728818 -0.463887 -0.0528586
0.43653 -0.703511 -0.00414122
0.260626 0.797789 -0.154511
0.149181 0.681514 -0.514771
0.243715 -0.528235 0.647269
-0.276857 0.552467 -0.643008
0.772169 0.236015 0.105681
0.555735 0.179356 -0.593598
-0.0298694 0.0840699 -0.827445
-0.488322 0.662051 0.254289
0.851827 0.103194 -0.0656987
0.294754 0.621604 -0.508084
-0.492347 0.71698 0.0445834
0.326096 0.532954 0.459235
-0.737178 0.177396 -0.42093
0.534208 0.438206 0.265319
-0.132902 0.0715652 -0.831074
-0.157983 0.327073 -0.784648
0.0080607 0.39436 0.660598
0.533304 -0.625152 0.196148
0.056336 -0.815896 -0.172423
-0.686196 0.204523 -0.514962
0.521648 0.57087 -0.249362
-0.801888 -0.197594 0.228696
-0.4614 -0.655596 -0.303409
0.62237 -0.60163 0.0719662
0.552734 -0.023281 0.528852
-0.0329872 -0.628677 0.604128
0.292978 -0.270349 0.757666
-0.800199 -0.215806 0.227822
-0.021516 0.811611 -0.361526
0.182844 0.836063 -0.114287
0.0117033 -0.776478 -0.36078
-0.270685 0.0466 -0.806697
-0.139841 0.691036 -0.563689
0.0228075 0.887765 -0.0740501
0.118281 -0.303606 -0.740493
0.398534 -0.607925 -0.479337
0.479932 0.5149 -0.432254
0.564659 -0.460646 0.417815
0.503082 -0.137028 -0.704199
0.675187 0.279537 0.239815
-0.228361 -0.197546 0.862956
-0.20808 -0.762627 -0.254672
-0.714846 -0.433547 -0.16209
0.888449 -0.0280291 -0.141239
0.424095 -0.686845 0.130984
0.477844 -0.673164 -0.190418
-0.254779 -0.478518 0.699821
0.0463564 -0.235082 0.846246
-0.357284 0.445971 0.512405
-0.252964 -0.658609 0.546031
0.332186 0.536329 0.449205
0.292018 -0.508391 0.633369
0.515659 0.468536 -0.446111
-0.351806 -0.491616 0.661415
0.460528 0.262683 -0.635523
0.0195856 0.77259 -0.409894
0.269041 -0.358014 -0.716044
-0.538302 -0.324213 -0.536401
-0.666165 0.490412 -0.271724
-0.699147 -0.483531 -0.116273
-0.646326 -0.450915 -0.269981
0.0883901 -0.763874 -0.374812
0.43251 -0.699151 -0.185319
-0.119334 -0.276036 -0.74278
-0.000472171 0.762447 0.323116
0.191016 0.081418 -0.814045
-0.195537 -0.544854 -0.579494
0.696847 0.33323 0.105469
-0.488397 0.717804 0.108829
-0.657154 -0.534917 -0.0962108
-0.358663 0.692922 0.3144
-0.0243567 -0.383205 0.795487
-0.533432 0.678134 0.0325654
-0.345533 -0.0524827 -0.760492
-0.556371 0.0953711 -0.684463
0.458826 -0.526791 0.474559
0.0931742 0.325433 -0.788052
0.84879 -0.254738 -0.185934
0.345218 0.141291 -0.756161
0.211584 0.136159 -0.80822
0.561277 0.242721 0.437624
-0.316183 -0.374981 -0.613706
-0.416482 0.268849 -0.741624
0.825752 -0.299944 -0.213365
-0.723861 -0.247392 0.498
0.0210714 0.313773 -0.805348
0.506966 -0.226732 0.586622
0.255049 -0.595929 -0.60048
0.547336 -0.462999 0.434176
0.517333 -0.617869 0.276112
0.506417 0.514967 0.193793
-0.544622 0.46117 -0.558163
-0.0289697 -0.679894 -0.521428
0.748293 0.152698 0.263445
-0.565062 -0.525142 0.510212
-0.450411 0.372594 -0.688214
0.217326 0.584733 0.481533
0.417011 -0.246883 0.678265
0.677159 0.339192 0.140693
-0.785669 0.144928 0.220557
0.275923 -0.00699722 0.782358
-0.107686 0.119358 0.822848
0.745251 -0.12656 0.315693
0.291654 0.646102 -0.49076
-0.629954 0.501743 -0.429989
-0.105526 -0.800191 -0.159951
0.627215 0.236681 -0.513117
-0.203921 -0.396819 0.778213
-0.653039 0.472185 -0.418854
0.723859 -0.00870038 0.330648
-0.49096 -0.486321 0.606746
0.217793 0.604979 -0.570356
-0.228691 -0.448648 -0.613424
-0.0739378 -0.661382 0.565439
-0.511562 -0.680413 0.321046
-0.542716 -0.664835 0.317235
-0.166573 -0.81461 0.0755831
0.477041 0.438949 -0.508101
0.162922 0.196182 -0.805954
0.762483 0.191371 0.202134
-0.410106 0.613141 0.345839
0.351912 0.424702 0.514275
0.348704 -0.41315 -0.690684
0.0768776 0.278322 0.740101
0.306222 0.0816049 0.727855
-0.389548 -0.495906 -0.512909
0.628965 -0.09792 -0.616508
0.445709 -0.547976 0.467944
0.457247 0.639679 -0.231812
0.560765 0.488568 0.124031
-0.385722 0.0936299 -0.796846
-0.402572 0.29599 0.592289
-0.504301 -0.201732 0.712333
0.190076 0.00967612 0.8365
0.168648 0.751818 0.28884
0.0523321 -0.613448 0.626294
-0.314926 0.781529 -0.250138
-0.787539 0.113196 0.240518
-0.540368 -0.681364 0.0594884
-0.534247 -0.541762 -0.371081
-0.477551 0.717865 -0.121338
-0.202537 0.865612 -0.02782
-0.318139 -0.757675 0.210994
0.113909 -0.651961 -0.578124
0.536095 -0.308736 0.537051
-0.5057 0.400584 0.445144
0.768462 -0.408348 -0.0700326
0.648535 0.298501 0.261669
0.80463 0.234167 -0.0337689
0.0741256 -0.626099 -0.591321
-0.208896 -0.797106 0.18991
-0.674851 -0.522809 -0.0602051
0.541361 -0.329538 0.5254
0.343076 0.310745 0.590273
0.415731 0.413566 -0.576246
-0.515852 -0.697917 0.0157326
0.108162 -0.214757 -0.760492
0.296077 -0.41107 0.691053
-0.786411 0.10597 0.256662
-0.412249 0.200611 0.650336
0.633446 -0.549013 0.239517
0.774269 -0.152465 0.271358
0.684664 -0.495179 0.247023
0.398551 0.714808 -0.0566027
-0.146839 0.178278 0.773855
0.406177 0.650529 0.14205
0.766071 -0.0279071 0.276617
-0.0987138 0.457499 -0.740543
-0.174537 0.391193 0.635252
0.555984 -0.321518 -0.640462
0.157707 -0.71877 0.434463
0.231316 -0.766681 0.188274
-0.747358 -0.256456 0.44763
-0.778831 -0.101853 -0.190184
0.0961243 0.854879 0.059361
-0.605977 0.597775 -0.0520187
0.209058 -0.318239 0.784009
0.524452 -0.380369 0.516075
-0.00592002 -0.514111 0.716315
-0.484352 -0.717105 -0.00735553
0.621538 -0.22565 -0.627025
-0.135711 -0.825609 0.155199
0.795304 -0.361955 0.0367263
-0.689831 -0.0310531 0.531636
0.658548 0.106139 -0.53788
0.657392 -0.488621 0.285359
-0.0154903 0.431588 -0.768437
-0.313178 0.466894 0.526347
0.586316 0.537046 -0.0799641
0.318931 -0.606774 -0.547279
0.667751 0.411301 0.023696
-0.410237 -0.189337 -0.666309
0.653619 0.103196 -0.54304
-0.138105 -0.768021 0.384742
-0.410014 0.792004 0.063281
-0.47588 -0.711749 -0.144315
0.423977 -0.68132 0.164059
0.822266 -0.243787 -0.332708
-0.354416 -0.451526 0.693238
-0.746923 -0.354364 0.328464
0.206276 0.734654 0.292018
-0.349283 -0.758866 -0.015345
0.445005 0.265247 0.53034
0.910455 -0.0461368 -0.0805731
-0.569407 0.403891 0.398171
-0.573124 0.358331 0.430065
-0.439074 0.305231 -0.718921
0.0238809 -0.12505 -0.784417
0.744111 0.180556 0.249295
-0.224335 0.728723 -0.496603
0.112103 -0.455313 -0.682454
0.0238121 -0.264619 0.837809
-0.016066 -0.789188 0.398494
0.30016 0.252232 0.650922
-0.341054 0.789231 -0.139186
-0.432054 0.393575 -0.68824
-0.30272 -0.741872 0.350653
-0.410704 -0.739552 -0.0951564
-0.104686 -0.640523 -0.53292
-0.679769 -0.534961 0.0220542
-0.296801 -0.0416735 -0.776491
0.268628 0.429314 0.56416
-0.197533 -0.805721 0.0521042
-0.419271 -0.711109 0.328793
-0.787349 -0.0841271 0.294192
0.0903286 0.871376 -0.0961138
0.698484 0.326366 -0.235661
0.800893 -0.346721 -0.16149
0.380927 -0.228899 0.709917
0.714099 -0.50791 -0.0645862
0.258565 0.0343086 0.783964
0.770785 0.267792 -0.107636
0.802613 -0.346259 -0.0553407
-0.101324 -0.694259 0.528259
-0.694871 -0.127005 -0.387368
0.296905 0.746114 -0.316976
-0.000681552 0.417198 0.643459
0.610127 -0.155767 -0.640899
-0.456819 0.369934 0.502385
-0.756023 -0.354957 0.294966
-0.286807 0.507995 -0.673271
-0.0422994 0.525077 -0.708279
0.124238 -0.837605 -0.0194229
0.109291 -0.359272 0.783359
0.261096 0.794767 -0.0994395
0.163032 -0.133058 0.838392
0.744609 0.16771 0.258066
-0.179259 0.83053 -0.260164
-0.771728 -0.119382 -0.214435
-0.151614 -0.820626 0.139024
0.0599561 -0.201363 0.857943
-0.625653 0.569448 -0.0530825
-0.428421 -0.725494 0.157792
0.61583 0.332641 -0.433024
0.557571 -0.0942919 0.535006
-0.445243 0.681468 -0.396377
-0.110952 0.855448 0.145692
-0.61602 -0.0440716 -0.564421
0.706259 0.353724 -0.167772
0.551162 0.417795 0.26504
-0.512396 0.0396893 -0.718835
0.367856 -0.502874 -0.633709
-0.555636 0.480816 -0.53197
0.544426 -0.609557 -0.301945
-0.205618 0.845117 -0.142478
-0.451751 -0.713586 0.196347
-0.0130724 -0.675461 0.558542
-0.630735 0.525679 0.189462
-0.610967 -0.327884 0.586223
-0.507997 0.501636 0.366013
-0.0287699 -0.7526 -0.385881
0.591663 -0.561506 -0.394975
-0.423029 -0.727998 0.1513
0.77762 -0.269862 -0.401816
0.344918 0.0632828 0.705796
-0.189942 -0.665471 0.546816
0.404069 0.227768 0.582667
-0.414485 0.421208 -0.683998
0.489961 -0.191376 0.609763
0.069748 -0.83186 -0.0772784
-0.233358 0.699634 -0.5456
-0.543124 0.623191 -0.363018
0.0619655 0.646083 0.466669
-0.743274 -0.0847919 0.437106
-0.64553 0.519793 -0.283377
-0.347075 -0.197389 0.816055
-0.607925 0.386367 0.352915
0.261867 0.346296 0.618098
-0.816637 0.0606502 -0.0585301
0.518203 0.0868557 -0.659908
-0.275416 0.826053 -0.0826625
0.396884 0.69796 -0.212015
-0.223285 0.460692 -0.716115
-0.749005 0.380152 0.0521895
-0.0231923 0.0978131 -0.829676
-0.37536 0.330277 0.586145
-0.301934 0.442976 -0.712584
-0.7636 0.324544 -0.230065
0.603322 -0.602663 -0.165841
-0.251793 -0.226509 0.852294
0.37868 -0.677268 0.303023
0.027214 0.682027 -0.543047
-0.338535 0.547408 0.446645
-0.613116 -0.151656 -0.527971
-0.548964 0.656842 0.167194
0.855361 -0.241597 -0.185335
-0.653846 0.0516386 0.556394
-0.767785 0.164437 -0.349428
-0.559254 -0.000189303 0.662368
0.171681 0.76643 -0.377049
0.0569646 0.648394 -0.585483
-0.556065 0.0239405 0.655198
0.556094 -0.382602 0.482826
-0.680198 -0.542189 0.0579539
-0.470513 0.690398 -0.291385
0.429377 0.573084 -0.421318
0.137508 0.75036 0.317077
0.484244 0.610418 -0.24192
0.803809 -0.327584 0.155783
-0.117722 0.857863 0.139639
-0.254546 -0.698338 -0.363885
0.505006 0.535192 0.16029
-0.376308 0.673629 -0.493773
-0.451157 -0.0809972 -0.702755
-0.352141 0.252257 -0.762668
-0.532979 -0.441153 0.603942
0.0325733 -0.773673 0.407122
0.813723 -0.325473 -0.0737713
-0.172055 0.266615 -0.800461
-0.0812079 0.158508 0.809233
0.652308 -0.220359 0.421104
0.401594 0.177198 0.60872
-0.158322 -0.129994 0.893247
0.722959 -0.480575 0.117485
0.107126 0.238088 -0.80617
0.403593 0.691849 -0.212994
0.239037 -0.204625 0.799777
-0.32724 0.380665 -0.730819
0.803916 0.182206 0.0833095
0.370511 0.706505 -0.285637
-0.178897 0.370696 0.646407
-0.356763 0.714157 -0.430826
0.0833397 -0.489527 0.72222
-0.449662 -0.258565 0.741524
-0.376579 -0.0547733 0.813169
0.0433316 -0.0781908 0.891143
0.488371 -0.383008 0.550595
-0.155586 0.303241 0.696753
0.757293 0.232223 0.15414
-0.555272 -0.671331 0.0863525
-0.0133871 0.496116 0.58459
0.226958 0.798851 0.0719915
-0.702386 -0.411233 -0.203839
-0.149951 -0.755799 -0.313511
-0.803351 -0.010274 0.221589
-0.121946 -0.0345573 -0.810191
-0.216513 -0.795067 0.184437
-0.350387 -0.246172 0.804553
-0.192211 0.80276 0.269231
-0.825356 0.0136068 0.0648629
-0.367895 -0.0561646 0.816458
0.463883 0.617395 -0.2906
-0.328477 0.806471 -0.0675649
0.385934 0.585353 0.300572
0.378706 0.430453 0.490587
-0.167321 0.164028 -0.83356
-0.470451 -0.720146 -0.0783225
-0.44095 -0.0459504 -0.724243
0.627399 -0.388159 0.407556
-0.692856 0.331338 0.255891
-0.753625 -0.413372 0.0726193
-0.395379 -0.00937729 0.795227
-0.706911 0.391338 -0.387297
0.837626 -0.0728056 -0.288732
0.640048 0.175712 -0.526161
-0.477213 0.148225 0.645216
-0.515201 -0.684825 0.257479
0.77932 0.222481 -0.155615
-0.694417 0.225098 0.345125
-0.816214 -0.0656039 -0.0393632
0.531866 -0.0660426 0.559214
-0.450505 -0.61127 0.501265
0.330753 -0.260651 0.735721
-0.636692 0.154465 0.501209
0.32655 -0.385934 0.685441
-0.00755372 0.848424 -0.301804
0.552096 -0.202805 -0.670102
-0.378222 -0.681084 -0.324191
0.276743 0.285437 -0.736545
-0.144353 0.807084 -0.368391
-0.741581 -0.381973 0.31288
-0.599467 0.589083 -0.273142
-0.554278 0.179627 0.575231
0.225071 -0.627127 -0.583781
-0.0224007 0.400867 0.655144
-0.454782 -0.168101 -0.658346
0.885554 0.0283391 -0.0549581
0.408265 0.488988 0.403324
-0.703398 0.453944 -0.0921349
0.374799 -0.0677206 0.720976
0.128974 -0.582762 -0.617956
0.869453 0.0269832 -0.124849
0.322701 -0.581206 -0.579663
-0.473038 -0.7135 0.126244
0.133873 -0.733992 -0.435533
0.343229 -0.0605144 0.74422
-0.421896 0.529313 0.403893
0.131149 -0.359688 0.779499
0.0965954 -0.828339 -0.0945888
-0.469739 0.186388 -0.748051
0.17769 -0.443446 0.724105
0.637147 -0.599061 0.0388356
0.32597 0.746807 -0.211206
-0.545744 -0.0127026 0.676637
0.374615 0.383726 -0.628519
0.290423 -0.760817 -0.194636
0.281679 -0.747272 0.164724
-0.0911793 0.523122 -0.702358
-0.216362 0.00116278 -0.804783
-0.303814 -0.646702 -0.425134
-0.253431 0.770794 -0.376728
0.23049 0.234001 -0.778389
-0.679317 0.485045 0.0188763
-0.0277765 -0.0981076 -0.792572
-0.293988 0.163167 -0.803573
-0.257439 -0.781048 0.184989
0.713791 0.0603619 0.328905
-0.324923 0.177444 0.707582
-0.521564 0.133476 0.626907
-0.265155 0.791126 -0.304099
-0.520662 0.333728 0.486126
0.6449 0.428088 -0.217475
-0.213397 -0.798344 0.162818
0.104328 0.765205 -0.400504
0.244089 0.748685 -0.372931
-0.577907 0.529598 -0.466774
0.165461 0.841548 -0.186767
-0.81661 0.0582305 -0.0681223
-0.62285 0.00500143 -0.569038
-0.304515 0.190398 0.707935
0.153623 0.619676 -0.586112
0.193454 0.601157 0.4765
-0.420339 0.33033 -0.718054
-0.169173 -0.786428 -0.167884
-0.733464 0.301434 0.204225
-0.0280619 0.638602 0.476475
0.224134 0.739049 -0.401609
0.621435 -0.594959 0.121268
-0.00993832 0.751016 -0.449076
0.109939 -0.802607 -0.218699
-0.209753 0.711913 -0.536057
0.883798 -0.185849 0.00694548
-0.218799 0.712801 0.391714
0.276143 0.598012 -0.540979
0.59179 0.483473 -0.27409
-0.596668 0.278465 0.460008
-0.181013 -0.524201 0.675652
0.0947689 -0.771251 0.357572
0.630448 -0.287892 -0.600809
-0.0614804 0.308387 -0.811371
-0.697827 0.037607 0.491679
0.148319 0.799015 0.181647
-0.802706 -0.250513 0.200285
-0.804138 -0.145315 0.242942
0.0290063 0.407146 -0.778708
0.566148 0.365043 -0.487253
-0.693754 -0.563664 0.228722
-0.764865 -0.163467 -0.214616
0.575514 0.51347 0.0194115
-0.0497144 0.702821 0.412932
-0.42537 -0.298994 -0.606029
-0.230551 0.556957 0.5022
0.380229 0.563113 0.349668
-0.0139846 0.145826 0.840992
0.446619 0.639692 0.0535072
-0.160384 0.616898 0.48723
0.14221 -0.810921 -0.149862
0.751287 -0.21972 -0.465662
-0.186586 -0.721929 0.46073
-0.00941814 0.897219 -0.0808792
0.562432 0.478656 0.144438
0.6406 -0.424343 -0.525087
-0.67268 0.44399 0.186939
-0.631423 0.283295 0.401416
0.187526 0.106274 -0.813328
-0.0394831 -0.812251 -0.145917
0.423975 0.35066 -0.616037
0.116757 -0.755826 0.377045
0.430738 -0.55884 -0.536195
-0.654012 0.316354 -0.570441
-0.518741 0.500572 -0.548522
-0.597682 -0.330425 -0.455065
0.272316 0.278369 0.652307
0.553831 0.174359 0.480789
-0.773932 0.272548 -0.286104
0.605721 0.292861 0.351895
0.707229 -0.487519 0.188533
0.183725 -0.407968 -0.702009
-0.319173 -0.339176 -0.63016
-0.593347 0.543396 0.243315
-0.603687 -0.592421 -0.107554
0.723971 0.135465 -0.451692
-0.0820714 0.873072 0.0882678
0.337855 -0.683372 0.358267
-0.398719 -0.438847 0.690507
-0.476342 -0.0400171 0.74588
0.715877 -0.0418429 0.346242
0.107116 0.289973 -0.794584
-0.489561 0.715264 -0.0921895
0.443567 0.338761 0.491445
0.316968 -0.732682 -0.292047
-0.728961 0.410758 0.0370415
0.370241 0.664837 -0.380845
0.110329 0.0441768 -0.811651
-0.37677 -0.556478 0.601577
-0.131281 -0.49855 -0.629016
-0.558076 0.50445 -0.509679
-0.00456339 0.0724373 -0.823748
0.710256 0.301292 0.134338
-0.667808 0.472608 -0.327156
0.179824 0.222817 -0.795234
-0.740139 0.2129 -0.427873
0.46616 -0.28081 -0.696709
-0.35431 0.547248 0.436172
-0.543816 -0.459859 -0.438803
0.00695178 0.780809 -0.400652
-0.690921 -0.541671 0.11152
0.202529 -0.546884 -0.632465
-0.324658 -0.309691 -0.642417
-0.0537881 0.0602329 -0.824294
0.0788457 0.874689 -0.149824
0.647563 -0.448692 -0.492204
-0.0911184 -0.29192 0.846019
-0.478008 0.680076 0.23486
-0.683065 -0.115273 -0.417724
0.663594 -0.545464 -0.21393
0.704071 -0.455936 -0.328184
0.566509 -0.449855 0.424866
0.393817 -0.715 0.0474046
-0.53784 0.666051 0.200579
-0.310956 -0.407141 -0.59994
0.143748 -0.245008 -0.751221
-0.221637 -0.773857 0.323256
-0.726987 0.281215 0.238201
-0.414535 0.23693 -0.751583
-0.426762 -0.720702 0.210119
-0.270858 -0.0794055 0.853815
0.547937 0.19435 0.476372
-0.802045 0.0818768 0.165788
0.210445 -0.28797 0.795727
0.664679 0.324879 -0.332718
0.748804 -0.235972 -0.464734
-0.396744 0.467614 0.468742
-0.566212 0.640638 0.109568
-0.737336 0.357899 -0.309196
0.531804 -0.605106 -0.359304
-0.702473 0.218125 0.337525
0.2314 -0.779729 0.102557
0.636935 0.476735 -0.0629987
-0.791806 0.162955 -0.242262
-0.55031 -0.669329 0.0317696
0.0834473 -0.7314 -0.464256
0.371354 -0.690775 -0.331762
0.281502 -0.766654 0.0293261
-0.480356 -0.496718 -0.463566
0.0501063 0.733098 -0.461483
0.884962 -0.183584 0.0175954
0.11252 0.860867 -0.0489094
-0.34473 0.399241 -0.721054
-0.774299 0.178663 0.241334
-0.469219 0.0635538 -0.766495
0.577385 0.00812796 0.496078
-0.300584 0.110007 -0.817643
0.322588 0.626136 -0.479816
0.359979 0.671679 -0.38443
-0.610638 -0.593859 -0.064565
0.301822 0.186312 -0.764886
0.0503491 -0.592408 -0.609557
0.194591 -0.540167 0.657214
-0.789319 -0.281591 -0.000673906
0.416941 0.700627 -0.0691179
-0.749258 0.341927 -0.277867
0.162316 -0.66616 0.514888
0.552553 0.24281 0.446794
-0.178071 -0.504806 0.692451
-0.36589 -0.753558 -0.0590021
0.0876957 -0.830316 -0.088054
-0.228519 0.164934 0.752281
0.131081 0.777533 -0.374156
-0.062003 -0.838892 0.242692
0.332866 -0.473369 0.62453
-0.227079 0.79708 0.249265
-0.696352 0.462294 -0.00985564
0.615401 -0.441599 -0.541191
-0.627431 0.566716 -0.0515217
0.439702 -0.682104 -0.257281
-0.0636434 0.630156 0.481584
-0.246798 0.638112 0.4338
0.698227 -0.499915 -0.200334
0.555499 -0.380923 -0.6243
-0.757955 0.121262 -0.353191
0.610549 0.468771 0.0365698
0.369064 -0.389287 0.653826
0.659524 0.0731333 0.388932
0.843521 -0.00407479 0.136642
0.121052 -0.0845178 0.860763
-0.58686 0.608773 0.135256
0.00742283 0.870657 0.0753628
-0.735137 0.336421 -0.415721
-0.374518 -0.668511 0.470986
-0.168929 -0.0158139 -0.809528
-0.176686 -0.803175 0.233446
-0.681395 -0.453708 0.389036
0.37686 -0.301519 -0.719626
-0.556779 -0.00864152 0.665659
0.230995 -0.700036 0.416396
0.0824657 0.862974 0.0159137
-0.121041 -0.428052 -0.66817
0.224716 -0.570914 -0.619429
-0.145968 -0.25285 0.871587
0.0952552 0.872067 -0.117786
0.361664 0.46005 0.484089
-0.388528 0.736097 0.215538
0.634959 -0.550981 -0.320869
-0.409136 -0.102683 0.798786
-0.224307 -0.146545 0.86862
0.449015 0.411789 0.428774
0.423318 -0.655465 0.308703
-0.205629 0.765376 -0.42385
0.141292 0.761693 0.290753
0.363754 0.596196 -0.468351
0.262431 0.400936 0.584544
-0.404215 -0.606731 -0.43153
0.293385 0.607614 0.415881
-0.593998 -0.207394 0.639799
0.559118 -0.614331 -0.237116
0.316153 0.263316 0.633641
0.0539186 -0.195584 -0.768928
0.743162 -0.247998 -0.468899
-0.474001 0.458068 -0.62109
0.862666 -0.228071 -0.00164873
0.274458 0.671303 -0.48135
0.157334 0.0979308 0.817593
0.684672 -0.56147 -0.0334882
0.188368 0.835382 -0.163684
0.151796 -0.131255 0.843087
0.435274 0.605296 0.170445
-0.018601 -0.800885 -0.230518
-0.0403668 0.784703 0.288366
-0.479726 0.301545 0.539064
0.341656 0.320676 0.586603
-0.0383571 0.371696 0.676483
0.202614 -0.0652242 -0.784462
-0.814003 -0.00104312 0.152801
-0.732329 0.0111476 0.428954
0.333336 0.747954 0.00291331
-0.152938 -0.257665 0.870772
0.251148 0.246525 -0.766473
-0.704702 0.293004 0.269778
-0.123886 -0.735371 -0.368066
0.314523 0.710805 0.216255
-0.262187 -0.356637 0.796719
0.676221 0.261516 -0.393423
0.3657 0.614257 -0.445056
0.214156 -0.160469 0.814814
0.763447 0.182115 -0.289731
0.371265 -0.518592 -0.621704
0.131625 -0.82995 -0.0530345
-0.628623 -0.485423 -0.271772
0.0312791 0.868741 0.0747469
-0.221837 0.759406 -0.426464
0.757783 0.157952 -0.346243
0.532572 -0.585841 0.317302
-0.627702 0.248269 0.437579
-0.599433 0.248079 0.480844
0.66386 -0.129458 -0.589568
0.461819 0.257076 0.520759
-0.152013 0.416009 -0.755918
-0.757469 0.262729 -0.413651
0.676224 -0.476313 0.275957
0.842475 -0.124789 0.146202
-0.105641 -0.795992 -0.182018
-0.80525 -0.0782189 -0.0827744
-0.167009 0.0367364 -0.824768
0.147993 0.829934 0.0955588
0.827961 -0.295179 -0.242062
0.411407 0.61869 0.192867
0.557778 -0.0730019 -0.671586
-0.758598 -0.177161 -0.222753
-0.783878 -0.129635 -0.156295
-0.43998 -0.63287 -0.359254
0.53507 -0.433699 -0.601996
-0.513907 -0.0980417 -0.659201
0.487621 0.551339 0.165311
0.704282 0.404136 -0.0624226
-0.237671 0.860453 0.0362833
0.554515 0.364993 0.339384
0.369793 -0.73027 -0.117287
0.138294 -0.584449 0.635207
-0.0664303 -0.479811 -0.656604
-0.0880798 -0.715095 -0.42763
-0.161394 0.857225 0.148936
0.150639 -0.46813 0.716492
-0.38768 -0.724103 0.307152
0.753022 -0.364639 0.249495
0.848506 -0.255545 -0.145323
-0.569376 -0.585302 -0.227369
-0.0682949 0.0293512 0.885875
-0.422481 -0.129907 0.785823
0.821782 0.194795 -0.031754
0.217035 0.217253 0.717153
0.234559 -0.758165 -0.297112
-0.780945 0.275469 -0.108927
-0.71228 0.316035 0.233177
0.575115 -0.522544 -0.484513
0.434207 -0.0744856 -0.745736
0.419274 -0.712046 -0.0205267
-0.666913 0.507705 -0.157001
0.7555 -0.261423 0.294912
0.497835 0.154004 -0.650212
-0.0832348 0.609107 -0.651976
0.133087 -0.653691 -0.577855
0.784375 -0.152875 0.255384
0.392606 -0.185106 -0.743768
-0.0831113 -0.174264 0.893546
0.182624 0.262362 -0.783305
0.901533 -0.0166871 -0.0665673
0.0401676 -0.412106 0.772104
0.111752 -0.776604 0.328769
0.271657 0.791565 -0.137568
-0.675303 -0.118714 -0.43066
0.145769 -0.261672 0.818282
-0.296751 -0.754083 -0.214148
0.417063 -0.701872 -0.228203
0.422332 -0.467138 0.555628
-0.320776 -0.724259 -0.281734
0.547498 0.550158 -0.226026
0.759304 0.14638 0.253008
-0.271476 0.715611 0.349915
0.105863 -0.724075 -0.476084
-0.138371 0.640875 -0.616018
0.0652647 -0.802624 -0.235657
0.0973351 -0.802858 -0.222244
-0.800626 -0.224322 0.0118354
0.452234 -0.342292 -0.685772
0.493234 0.0253245 0.587621
0.238836 0.27402 0.672947
-0.531235 -0.675214 -0.0620361
-0.348387 0.696974 0.316247
0.53536 -0.626167 0.184469
-0.13298 0.0272259 -0.82262
-0.540623 -0.452345 -0.448838
0.866321 -0.144022 -0.227289
0.414162 -0.679437 0.202239
0.0130653 0.738253 -0.46262
0.193354 0.0272849 0.836126
0.497688 -0.250276 -0.688696
0.754064 -0.438415 0.0776877
-0.827687 -0.0259792 0.0841492
-0.633738 -0.585945 0.0191711
0.547027 0.37537 0.337803
-0.75757 0.0180419 -0.309438
-0.589954 -0.611943 -0.0883348
0.599835 -0.539061 0.294631
0.740753 0.220885 -0.290211
0.170941 0.328576 0.674442
0.297791 0.0680734 0.740806
0.191733 -0.0550523 0.831886
-0.527993 0.684073 0.0168996
-0.269839 -0.00190369 -0.793157
-0.388658 -0.0736949 -0.732204
0.657734 -0.584843 -0.0945469
0.464339 -0.632802 0.327991
0.447513 0.0892259 0.615182
-0.49198 0.0398535 -0.7401
-0.232076 0.853018 -0.0295189
-0.0973588 -0.0861166 -0.798921
0.726759 -0.288563 -0.479598
-0.750033 -0.420314 0.010116
0.396361 -0.0739129 0.705481
-0.258381 -0.153663 -0.746696
-0.220426 -0.781331 0.288909
0.303277 -0.664821 -0.446695
-0.382411 0.396603 -0.710788
0.210058 0.0718643 -0.811111
0.505648 0.620615 -0.115931
-0.640218 -0.523398 -0.181264
-0.299899 0.57595 -0.618012
-0.653498 0.514621 0.119059
-0.52981 -0.557013 -0.355837
0.775292 -0.401027 0.134495
-0.231542 -0.271695 -0.69965
0.32627 0.710035 -0.36649
-0.553387 0.606108 -0.379073
-0.398996 -0.0727634 -0.728387
0.22462 0.290332 -0.761586
-0.227344 -0.481158 -0.59788
0.850439 -0.172201 -0.265946
0.589867 -0.00976399 -0.635415
0.347857 -0.0843431 -0.768682
-0.162944 0.00466764 -0.816521
-0.498678 0.708117 0.105079
0.27943 0.362606 0.599368
-0.392384 0.790524 -0.003801
-0.0178819 -0.506067 0.720857
0.377929 -0.0567977 0.71519
0.581849 0.514014 -0.220239
0.461383 -0.474144 0.515804
0.097029 0.785096 -0.371651
0.767376 -0.3791 -0.280305
-0.393607 0.778969 -0.0668691
-0.0426932 0.388004 -0.790862
-0.567075 0.116782 0.597533
0.461941 -0.203639 0.639734
0.47658 0.429407 -0.516574
-0.718972 -0.258559 -0.276447
0.311681 0.541661 0.467807
0.842451 0.0288661 -0.2348
0.261728 0.619258 0.431654
-0.025387 0.900804 -0.0991525
0.376746 -0.449426 -0.666445
0.24173 -0.410386 0.724884
-0.345318 -0.193564 -0.691079
-0.544038 -0.399953 0.619377
-0.388931 -0.150715 0.805923
-0.29764 0.120901 0.753399
0.634441 0.454373 -0.201211
0.594505 0.0988891 -0.592968
0.0507622 -0.692461 0.540178
-0.335315 -0.635737 0.541659
0.507088 -0.298971 -0.671524
0.521742 -0.599179 0.313025
0.486815 0.290421 0.482733
0.0688313 0.388698 -0.776265
-0.341988 -0.433388 0.71153
-0.119542 -0.651033 -0.513302
0.46074 0.636354 -0.231399
-0.723439 -0.33294 0.431242
0.191548 0.449601 -0.70111
-0.0538613 0.903443 -0.0381785
0.20767 0.750222 0.247082
0.156009 -0.465084 -0.675299
-0.468864 -0.658129 0.433978
0.650674 -0.217797 0.423439
-0.404239 -0.410875 -0.559491
0.501067 -0.621015 0.29973
-0.749442 0.0689045 0.373753
-0.749305 -0.0813369 0.419661
0.87821 -0.0167929 -0.16456
0.0490645 0.715957 -0.487277
-0.112372 -0.382183 0.806184
0.354721 -0.325335 -0.716192
0.746819 -0.410348 -0.273275
0.643679 -0.350052 0.407915
0.0855814 0.705128 -0.494722
-0.0186492 -0.270425 0.842621
-0.384842 0.770932 -0.133647
0.415035 0.694755 -0.145982
0.168129 -0.418857 -0.697465
-0.200443 -0.455782 -0.62158
0.179378 -0.103657 0.834361
-0.075156 -0.669926 -0.511677
0.858638 -0.236246 0.0183035
0.0897272 -0.304372 -0.742679
0.131384 0.506643 -0.688122
-0.302905 0.665126 0.37468
-0.288413 0.595546 -0.606937
-0.417018 0.416815 -0.685027
0.705883 -0.351936 -0.48999
-0.0963679 -0.757346 -0.339662
-0.256092 -0.105865 0.860797
-0.739981 0.348715 -0.333355
-0.0363788 -0.795567 0.37947
-0.546815 -0.0413338 0.678759
-0.81235 0.110579 0.0248606
-0.107381 0.901103 -0.0515395
-0.633978 -0.57338 0.34317
0.527078 -0.611636 -0.341806
0.24714 -0.69146 0.423712
0.0140294 -0.0766114 -0.794232
0.18123 0.354689 -0.756053
0.0616384 -0.431056 0.76028
-0.0897172 0.791262 0.282298
0.245168 -0.341756 -0.721603
0.786285 0.176523 -0.21101
-0.782368 0.195671 0.190946
0.327953 -0.365468 0.697137
-0.313028 0.463601 -0.698151
-0.601577 0.422271 -0.538859
-0.490438 0.6516 -0.411026
-0.496536 0.575712 -0.505531
0.671974 -0.555769 0.0969191
0.0782192 0.271192 -0.805091
-0.816082 0.0642255 -0.0584289
0.456672 0.617326 -0.317319
0.59141 -0.251078 0.485872
-0.0577546 -0.836655 0.268586
0.261312 0.0117243 -0.795981
-0.701838 -0.485292 -0.094024
0.702473 -0.506611 -0.154633
0.22217 -0.480976 0.685883
-0.789399 -0.233669 -0.0887323
0.302265 -0.66351 -0.450183
-0.675725 0.126111 0.46113
-0.738136 0.363571 -0.269889
0.145957 -0.82874 -0.00657501
-0.538893 0.348584 0.462149
-0.334185 0.667134 0.352319
-0.735783 -0.330401 0.398764
-0.596354 0.601206 -0.247561
0.861011 0.0360419 -0.144434
-0.105532 -0.212546 -0.766675
-0.380164 -0.742145 0.15597
-0.166694 0.653834 0.459378
-0.163351 0.289502 -0.795215
0.0285057 0.376341 0.674398
0.500814 0.463028 -0.467445
0.54841 0.187001 0.479578
-0.209679 0.14515 -0.830005
-0.348895 -0.737551 0.305052
-0.111282 0.140286 0.809166
0.851479 -0.0784889 0.126363
-0.282473 0.310197 -0.76265
-0.63573 -0.590878 0.317039
-0.154898 0.178087 0.77106
-0.512511 0.10438 -0.73664
-0.0603759 -0.482417 -0.656276
0.135671 -0.27988 0.812435
0.631786 -0.458572 0.344513
0.50709 0.494023 -0.425954
0.540912 -0.350859 -0.640078
-0.454389 0.559029 -0.553654
-0.805042 -0.205183 0.0267688
0.78673 -0.375752 -0.0377921
-0.030413 -0.793392 -0.266486
-0.00719961 0.892322 -0.0353571
-0.213716 0.588835 -0.63363
-0.783749 0.0960986 0.282064
-0.129785 0.520851 0.561482
0.118616 0.478272 0.585403
-0.825373 -0.0656352 0.119272
0.300219 -0.194326 -0.749286
-0.27506 -0.209773 0.845484
0.656763 -0.298399 0.402134
-0.0286806 0.0664749 0.882646
-0.145883 -0.725069 0.475685
0.818677 -0.138649 -0.345749
0.469666 0.124399 -0.683756
-0.236726 -0.471903 0.709242
0.457712 -0.523108 0.478812
0.542999 -0.577373 0.315537
0.323063 0.421193 0.538041
0.774058 -0.0792299 -0.441195
0.0663013 0.856981 -0.24519
-0.4419 -0.417276 0.683358
-0.203771 -0.701179 -0.387494
-0.0367794 0.73057 0.374992
0.659474 -0.36053 -0.545143
-0.230936 -0.732624 -0.315144
-0.0680544 -0.199784 0.88038
-0.435573 0.469486 0.440647
0.325844 0.343326 -0.684232
-0.251976 0.681933 0.394789
-0.175132 0.725184 -0.518345
0.677532 0.0737734 0.36807
0.724315 -0.138574 -0.516211
-0.350333 -0.563777 -0.488791
0.127355 0.849663 -0.206372
-0.320732 -0.285128 -0.656141
0.276644 -0.549407 0.613382
-0.779375 0.300374 0.101368
0.121327 -0.739286 0.41495
0.263546 0.794935 -0.161108
-0.0944802 -0.617118 0.608358
0.0871501 0.285671 0.731959
-0.686128 0.427582 -0.380889
0.0387175 0.857743 0.113511
0.661716 -0.594939 -0.0172784
-0.395786 0.786984 -0.0164636
-0.380595 -0.0757715 0.81334
0.113147 -0.835848 0.0603758
-0.324221 -0.28714 -0.653707
0.0769475 0.860614 -0.219704
-0.155387 -0.327036 -0.703888
-0.145514 -0.649092 -0.503339
-0.766135 0.289606 -0.397384
-0.354679 -0.413573 -0.578662
-0.0253202 -0.807718 -0.182763
-0.638913 0.455265 0.241087
0.512564 -0.66862 -0.0367873
0.516489 0.392073 0.369119
0.172042 -0.305821 0.795467
-0.174154 0.189763 0.757203
-0.719047 0.161645 0.357879
0.145538 0.827611 0.104994
-0.220475 0.293129 0.678104
-0.328685 -0.450909 0.701102
0.864857 -0.223688 -0.00161433
0.463086 0.0658635 -0.712225
0.147517 0.289544 -0.78448
0.301774 -0.717933 -0.337938
-0.790838 0.229048 -0.0463222
0.743059 0.0340751 -0.473198
-0.826477 -0.0519072 0.000491791
-0.0736989 0.895427 0.00203645
0.606997 0.458664 0.0718775
0.0758459 -0.333762 -0.736016
0.37371 -0.544517 -0.594876
0.71868 -0.0159347 0.338009
0.187793 0.731523 -0.430118
0.30052 0.652554 0.343279
-0.823417 -0.109071 0.0376211
0.193786 0.11992 0.785284
-0.428285 0.493253 0.427397
0.533729 -0.52224 0.393882
-0.16757 0.362852 -0.771366
-0.107899 0.306424 0.712074
-0.597558 0.442306 0.322578
-0.266209 -0.585535 0.608571
-0.382938 0.0134462 -0.774741
-0.617132 0.588021 -0.160225
0.764966 0.023825 0.275158
-0.613957 -0.185482 -0.513448
-0.0400011 0.901895 -0.104554
0.673411 -0.545583 -0.163353
0.38885 0.487417 0.428853
-0.0386535 0.338054 0.701462
-0.312724 -0.343957 0.784532
0.616934 -0.587551 -0.198664
0.509906 -0.596683 -0.405653
0.255423 0.601417 0.455455
0.782721 0.157266 0.198122
-0.709395 -0.359053 0.430841
0.161562 0.832215 0.0729442
-0.718732 -0.341363 -0.229677
-0.521896 0.685442 0.113929
0.335794 0.69486 -0.384634
0.0110535 -0.446418 0.760573
0.448472 -0.615316 -0.421941
0.194169 -0.789701 0.154044
0.692673 -0.0213643 -0.55216
0.70068 0.224791 -0.388227
-0.629466 0.39426 0.309926
0.0924083 0.706422 0.383772
0.394178 -0.357501 -0.705835
-0.420264 -0.600947 -0.425515
0.220764 -0.184689 0.809376
-0.0853722 -0.716154 -0.427015
-0.0595001 -0.0991488 -0.794225
-0.129821 -0.814243 0.262536
-0.78754 0.271413 0.032472
-0.303376 0.726695 -0.443883
0.441977 0.25394 0.538525
-0.173077 0.821518 -0.304845
0.00891261 -0.788597 -0.32461
0.289106 0.084469 -0.806824
-0.618354 0.257329 -0.618729
-0.393558 -0.214835 -0.660647
-0.460281 0.107112 -0.778525
-0.0141123 0.667714 0.451963
0.391269 -0.677803 -0.341194
-0.55153 0.0068605 0.667973
0.463321 -0.143495 0.645145
0.192242 -0.355328 -0.722154
0.0760293 0.836581 -0.296652
-0.335998 0.652866 -0.539503
0.676779 0.339613 -0.275838
0.538726 0.0448795 -0.659335
0.576773 0.0597656 0.48681
0.254209 0.751942 0.185749
-0.713522 0.225233 -0.477081
-0.209263 0.771585 0.307693
-0.653716 0.530337 -0.141433
0.26664 0.493682 0.525961
-0.191625 0.872782 -0.00937291
-0.269246 -0.783782 0.0238097
-0.549589 0.534057 0.312441
-0.334013 0.423818 -0.715848
0.748901 0.227169 -0.25637
0.215032 0.639214 -0.54357
-0.0952164 -0.790704 0.356915
-0.557003 0.318155 0.472915
0.272407 0.75069 -0.341796
-0.481548 0.316366 0.526432
-0.0304427 0.857106 0.127118
0.453597 0.654721 -0.0178623
0.664293 0.437886 -0.122719
0.339911 0.717722 0.154483
0.0303631 0.863396 -0.240316
0.260361 0.481671 -0.638082
0.247601 0.0525835 -0.805242
-0.367178 -0.257445 -0.650567
0.484156 -0.660436 -0.23284
0.413197 -0.425961 -0.667157
0.230901 -0.787562 -0.136514
-0.143108 -0.721251 0.484921
-0.235884 -0.291467 0.848961
-0.215322 0.667212 -0.574946
0.861347 -0.228458 0.0690854
-0.780807 0.258279 -0.17591
-0.690623 0.126713 -0.488018
0.656543 -0.193922 0.42089
0.238323 0.498459 0.537239
0.481798 -0.399871 -0.652164
0.590857 0.499172 -0.236275
-0.673598 -0.227479 0.559623
0.168351 -0.779065 -0.297249
-0.686958 -0.112921 -0.4104
-0.6132 -0.517592 0.44478
-0.245129 -0.1775 0.858712
-0.149029 -0.472437 0.724925
-0.679494 -0.0939263 0.555031
-0.47809 0.702147 0.191653
0.555823 -0.414708 -0.605366
0.459184 0.644857 0.000817277
-0.316268 -0.173027 -0.713213
-0.43584 0.196686 0.638338
0.827356 0.160768 0.0190015
-0.519702 0.350875 0.473631
-0.0507465 0.757395 -0.449285
0.335958 0.29359 0.603937
-0.431725 0.0497517 -0.774877
0.0219057 -0.788428 0.377762
-0.755852 0.106587 0.342976
0.123039 0.0785958 0.847218
0.470096 -0.186317 0.632602
0.200977 0.243139 -0.784114
-0.359043 0.722492 -0.407285
0.593646 -0.619406 0.0480752
-0.22578 0.723662 -0.507077
0.0928081 -0.105764 0.869582
-0.703134 -0.540793 0.242745
0.490939 0.60613 0.0139789
-0.555585 0.652543 0.122757
0.814834 0.20636 -0.0406953
-0.679032 -0.0500968 -0.447704
0.221197 0.173767 -0.798678
-0.303578 0.774544 -0.319537
-0.25994 0.799758 -0.276239
-0.231904 0.222891 -0.801015
0.614247 -0.570011 -0.289776
-0.26669 0.0959332 0.77934
0.0174311 -0.787164 -0.331532
-0.213682 0.178092 0.749849
-0.615881 -0.530196 -0.222226
-0.59167 -0.0266994 -0.610007
-0.665558 -0.255145 0.559998
-0.200984 0.391903 -0.754966
-0.295033 -0.521472 -0.546379
0.18863 0.0769969 -0.813341
-0.78254 -0.344405 0.136809
0.212021 -0.784295 0.135066
-0.0367511 -0.771797 0.434236
-0.406537 -0.148189 -0.68811
-0.680722 0.447264 0.168342
-0.515547 -0.68306 0.273655
0.16682 0.525398 -0.657459
0.224822 -0.770842 0.181478
-0.619773 0.457738 -0.488367
0.468106 0.64953 -0.0536409
0.401062 -0.598146 -0.496759
-0.551418 -0.471407 -0.417573
0.740477 0.15765 -0.38979
-0.19096 0.644582 -0.598568
-0.0690152 0.445941 0.620718
0.43337 0.398258 -0.574333
0.21044 -0.0632061 0.823225
0.0438291 -0.739433 -0.451458
0.431502 0.653106 0.0614332
-0.415677 -0.696656 -0.276122
0.193204 -0.40942 -0.700788
-0.218572 0.21516 -0.806352
-0.615661 -0.452358 -0.323763
-0.809508 -0.0868855 -0.0602989
-0.0224889 0.89885 -0.106535
-0.488216 0.568327 -0.518537
0.708236 -0.518812 -0.0569572
0.145607 -0.816849 -0.108002
0.444591 -0.512366 -0.58308
-0.578568 0.0383578 0.628287
0.252204 -0.119147 0.801623
-0.36307 -0.167138 0.814715
-0.245252 0.815767 -0.219077
-0.599974 -0.229881 0.629079
0.474904 0.429254 -0.518133
-0.219055 0.606595 0.472515
0.000348175 0.27029 0.752584
0.0380143 -0.637138 0.60278
-0.626951 -0.486222 0.45364
0.0132879 0.647102 -0.598411
0.3 0.484447 0.513976
0.551906 -0.282704 -0.65168
0.058351 0.223101 0.784793
-0.292446 -0.492276 0.677865
-0.17104 0.718718 -0.527066
-0.627597 -0.0555393 0.603215
0.162815 -0.0206715 -0.796218
0.0842581 0.8705 -0.0691516
-0.112197 0.509345 -0.706864
-0.392819 0.59196 -0.564951
0.214891 -0.793864 -0.126291
-0.75405 -0.41309 0.0980799
-0.287664 0.112635 -0.8201
-0.631347 -0.287787 -0.434222
0.0841809 0.467598 0.602714
-0.559632 -0.499447 0.534855
0.348147 -0.54734 -0.608538
0.331484 -0.463125 -0.66694
0.171945 -0.319865 0.789648
0.101992 -0.69694 0.506444
-0.0413237 -0.524374 0.7012
-0.637048 0.55057 -0.0256053
-0.418477 0.372756 -0.703739
0.778815 -0.370012 0.185423
-0.537047 -0.589104 -0.288166
-0.269879 0.648308 -0.571895
-0.6003 0.341285 0.402677
-0.0840707 0.405372 -0.774602
-0.645184 -0.119812 0.593486
0.462204 0.478991 0.332259
-0.724815 0.190998 -0.448143
-0.628823 -0.199792 0.614001
-0.518448 -0.687493 -0.0537234
0.558616 0.123539 0.494287
-0.68393 0.392174 0.214866
-0.0456249 0.711645 0.400871
-0.453869 0.418834 0.466894
-0.819621 -0.132654 0.143856
0.121827 -0.795065 0.272871
-0.478025 0.731833 0.0203753
-0.471243 0.593657 -0.511211
-0.641917 0.541395 -0.220746
0.138636 0.80077 -0.33148
-0.0273288 0.160936 0.827236
-0.110116 0.0157887 -0.819104
-0.323621 -0.320091 0.790781
0.560912 -0.407124 -0.608276
0.0678519 0.324525 -0.79472
0.719738 -0.199215 0.347116
-0.181258 0.865753 0.114779
0.158256 -0.322989 -0.732916
0.098137 -0.046282 0.873292
0.441008 -0.644277 -0.367176
-0.0291546 0.795202 -0.387799
-0.817983 0.00139165 0.127643
0.493474 -0.336134 0.575787
-0.253807 0.0361968 -0.807152
0.203408 -0.162746 0.818842
-0.258195 0.361591 -0.751906
0.186716 -0.696156 -0.481903
0.645487 0.468741 -0.0897687
0.050566 0.0896824 0.880188
-0.16479 0.0164061 -0.819468
-0.0871709 0.706253 -0.533072
0.0744547 0.547378 0.548311
0.025652 -0.793622 -0.295969
0.49966 0.435669 -0.491593
-0.0157939 0.895184 -0.0407539
0.417528 0.619281 0.179905
0.567095 0.341347 0.351508
-0.472782 0.621186 0.297768
0.781579 -0.250291 0.26585
-0.718409 -0.0193096 -0.381126
-0.00588692 -0.824092 -0.0823912
-0.148048 -0.574447 -0.579025
-0.684816 -0.0122347 0.535664
0.171022 -0.170607 0.830862
-0.549116 -0.242709 -0.563759
-0.60268 -0.259644 0.61894
-0.180104 0.724232 -0.519771
0.663049 0.265392 0.284549
0.0318528 0.870749 -0.203445
-0.234045 -0.746631 0.379099
0.255707 0.041321 0.784165
0.277981 -0.324919 0.752683
0.493514 0.396307 -0.529774
0.246392 -0.783675 -0.086395
-0.240107 -0.0798371 0.865111
-0.730872 0.38961 -0.199029
0.286032 -0.393398 0.708973
-0.17701 0.531522 0.540177
0.912523 -0.0496903 -0.0406102
0.219599 -0.0711432 -0.781838
-0.742371 0.00696804 0.409501
0.294087 0.581598 -0.53987
0.684766 -0.00887114 0.375701
0.46936 -0.676796 -0.197472
0.51977 -0.616226 -0.340936
0.272807 0.0173768 0.777572
0.322715 -0.229218 -0.740057
0.135873 0.838717 -0.232141
0.244709 -0.309535 0.776624
-0.263502 -0.116953 -0.760589
0.73189 0.347751 -0.104217
0.138501 0.830179 -0.256611
0.878787 -0.193586 -0.176589
-0.598357 0.300942 0.438902
-0.610978 0.0506513 -0.606485
0.830359 0.0548346 -0.240165
-0.279669 0.771402 -0.356497
0.230417 -0.142977 0.809706
0.52674 0.346346 0.397572
-0.0114718 0.021334 0.906705
-0.389398 -0.211078 0.793396
0.383315 0.590994 0.295766
-0.716012 -0.474908 0.287726
-0.751301 0.381395 -0.0310081
0.655713 0.116766 -0.536098
0.726987 -0.4859 -0.00285763
-0.775171 -0.206769 -0.162984
0.521432 0.389514 -0.512111
-0.649504 0.351292 0.31291
-0.563103 0.647742 0.0706179
0.257833 -0.197497 0.793097
-0.512983 -0.0981074 -0.659972
-0.788061 0.198132 -0.226781
0.15044 -0.72309 -0.453253
-0.697386 -0.522308 0.0551053
0.769707 0.0810906 -0.408571
0.561856 0.165146 -0.59408
0.802657 -0.0970662 -0.377802
-0.524273 -0.637623 -0.23328
0.194302 0.407201 -0.72641
-0.0850887 -0.51298 0.702701
-0.197116 0.358145 0.646717
-0.115073 -0.777448 0.376169
0.914405 -0.124516 -0.0111056
0.0106106 -0.775417 -0.362279
0.459164 0.651782 -0.0274978
-0.136519 -0.519721 -0.616118
0.829327 0.013877 -0.28933
0.382967 0.62902 0.229673
0.419473 0.494454 -0.510186
-0.0887444 0.580951 -0.667949
0.618163 0.186105 -0.540023
0.607104 0.446005 0.103523
-0.608663 -0.554294 -0.196031
-0.39557 0.767231 -0.120881
0.547622 0.577882 -0.127702
-0.335502 0.746066 0.243818
-0.351238 0.762507 -0.273353
0.697299 -0.0244691 -0.548807
0.411178 -0.706057 0.0526441
0.201964 -0.223814 -0.750996
0.676983 0.0862295 0.366297
0.107789 0.452731 0.606708
-0.58558 -0.244009 0.636838
0.831426 0.173803 -0.0181164
0.534149 0.469342 0.21685
-0.68516 -0.256786 -0.353051
0.579635 -0.616289 -0.168971
-0.72702 0.418759 -0.0337692
0.071284 0.0155691 0.887938
-0.552703 0.541321 -0.482088
-0.21822 -0.510848 0.680002
-0.801393 -0.231144 0.0460282
0.233769 -0.627811 -0.576884
0.312537 -0.283018 0.741526
0.738348 0.0356917 0.305389
0.354174 0.674239 -0.387988
0.305861 -0.111868 -0.766258
-0.0536004 0.352459 -0.799582
-0.114912 -0.664408 -0.49911
0.303286 0.220009 -0.75137
0.888052 -0.0602947 -0.165283
-0.630506 0.556877 0.013214
-0.474398 0.573323 -0.525938
-0.43738 0.0239426 -0.760151
-0.732378 0.410057 -0.0224009
0.327553 -0.370498 0.694301
-0.236391 -0.314873 0.837204
0.786904 -0.372468 -0.155054
0.318344 0.151215 -0.767874
-0.146172 -0.773685 0.367008
-0.557478 0.518723 0.31863
0.374479 0.607891 -0.442589
0.18048 -0.809791 0.0341921
-0.469546 0.701206 -0.239176
-0.746832 -0.339634 0.34736
-0.301259 0.817295 -0.0706611
0.675955 -0.374797 -0.520652
0.650022 -0.290083 0.411385
-0.289426 0.649576 -0.562464
-0.34747 -0.433192 0.71012
0.345394 0.197249 0.642542
0.211546 -0.737996 -0.378453
-0.18752 0.722727 -0.521759
-0.341018 0.80624 -0.0377501
-0.394763 -0.504351 0.638776
-0.480945 -0.0153183 -0.72279
0.0648158 -0.426588 -0.699141
0.20121 -0.020734 -0.793965
-0.50686 -0.0597371 0.718917
-0.517019 -0.461388 -0.467153
-0.111804 0.425433 -0.757503
0.57266 -0.296487 -0.637193
-0.627468 0.438081 0.275858
0.354904 0.313674 0.579338
0.25044 -0.146428 0.800753
-0.651524 0.275424 0.374314
0.799064 0.149162 -0.206706
0.178836 -0.104314 -0.778122
-0.602642 -0.00170467 0.621121
-0.694869 -0.0456415 -0.420442
0.283761 -0.279302 0.761243
0.412819 -0.541233 -0.572559
-0.759587 -0.35482 -0.135771
-0.781841 -0.0533095 -0.196928
-0.719596 0.373114 -0.376878
0.478506 0.234215 -0.633047
-0.127195 -0.38538 -0.686758
-0.20927 0.663674 0.437066
0.773938 -0.198193 -0.435435
0.758774 0.103973 -0.415667
0.818961 -0.31579 0.0478431
-0.561042 0.647961 0.107715
0.550763 0.12323 -0.619298
0.517745 -0.0304182 -0.698208
-0.166231 -0.365863 0.811093
0.0625968 -0.738103 0.466154
0.149102 0.765035 -0.388649
-0.666304 0.0233818 0.557597
0.126449 -0.450624 -0.684005
-0.662179 0.508185 -0.230702
-0.816824 -0.142147 0.0293379
-0.318337 0.710089 0.319494
-0.237206 0.0724706 0.803862
0.699374 0.0352822 0.350351
0.525187 -0.246335 0.563039
0.786533 -0.0405517 0.245004
-0.7997 -0.160647 0.25584
0.664405 -0.202955 0.410234
-0.470529 0.233961 -0.730758
0.153017 0.827966 -0.247907
-0.15293 0.629575 -0.620345
-0.260678 0.835017 -0.0658179
0.185078 -0.81116 0.00560106
-0.110686 0.446608 0.618291
0.377319 0.101224 -0.752162
-0.694727 -0.304862 -0.306265
0.598444 0.471428 -0.276098
0.233774 -0.56684 -0.620958
0.462931 -0.418224 -0.648326
-0.316312 0.29557 -0.758827
0.701483 0.347412 0.0676216
0.731048 -0.00429022 -0.505536
-0.758097 0.183119 0.272206
0.383498 0.45295 0.466291
0.083029 -0.814256 -0.170473
-0.0350639 -0.751791 0.477395
-0.708827 -0.452476 0.341864
-0.431891 0.145033 0.675474
0.102281 -0.28538 0.815831
-0.211801 0.853758 0.116607
-0.120413 0.446409 -0.743306
-0.816002 -0.144166 0.0217574
-0.21485 -0.0482582 0.868174
0.820215 0.127367 0.0951285
-0.566588 -0.306751 -0.519345
0.23738 -0.157513 0.805791
-0.600251 0.439441 -0.524804
-0.224539 0.733971 0.358599
-0.693784 0.460099 0.0662346
-0.574274 -0.59169 -0.205656
0.07848 -0.13552 -0.779233
0.607078 -0.591192 0.194423
0.43169 0.313101 0.516053
0.736773 0.0961557 0.295525
-0.69113 0.0308777 -0.453816
0.572799 0.113354 -0.605113
0.715365 0.177707 -0.417323
-0.643605 -0.289777 -0.412572
0.180192 0.558171 -0.624886
0.234006 0.574911 -0.585608
0.0877426 -0.383722 -0.719074
-0.683922 0.400926 -0.456523
-0.329858 0.639502 0.377622
-0.398589 0.675248 0.303046
0.0369099 -0.729199 0.497377
0.211549 0.1598 0.752902
-0.100573 -0.377717 -0.701569
-0.662368 -0.494777 -0.182936
0.715839 -0.347228 0.325349
-0.737272 -0.456211 0.164792
0.50522 0.582527 -0.269009
0.194569 0.265507 -0.77939
-0.109939 0.085538 0.842047
0.686551 0.37361 -0.191159
-0.37403 -0.720058 0.360144
0.678766 -0.372209 -0.518077
-0.797948 -0.285793 0.158063
-0.594445 0.278889 0.463048
-0.385747 -0.13208 -0.704646
-0.59677 0.343898 0.405906
0.459743 0.606578 0.105099
0.405652 -0.25475 0.686914
-0.170059 0.798524 0.278434
-0.739851 -0.21062 -0.25034
0.850124 0.0488511 -0.167724
-0.304606 0.0760089 -0.808185
-0.361442 -0.740658 0.232887
-0.554312 0.638737 -0.27859
-0.776845 0.252674 -0.290665
-0.463805 0.519788 -0.578806
-0.396526 -0.580744 0.570532
-0.236686 -0.554145 -0.55583
-0.310292 0.723086 0.304255
-0.28137 -0.303515 -0.663365
-0.154654 0.12872 0.800362
0.720206 -0.444992 0.237218
-0.338101 0.771837 -0.250341
-0.72201 -0.38888 0.374602
0.0824958 0.104943 -0.822124
-0.223267 0.179136 -0.816552
0.0893694 0.578485 0.521971
-0.80349 -0.16656 -0.0540109
-0.560714 -0.158057 0.674701
0.785338 -0.349518 0.190089
-0.18376 -0.13261 -0.77353
0.514106 -0.0178579 0.571266
0.785668 -0.00600508 -0.398224
-0.247308 -0.499557 -0.580506
-0.385916 -0.283433 0.777473
0.8951 -0.0339719 -0.123726
-0.4267 0.369639 0.52339
-0.501057 -0.711282 0.019472
0.0658932 0.109464 -0.82302
0.689654 -0.535762 0.0848721
-0.765642 -0.0726281 0.368562
-0.241727 0.324833 -0.767002
0.15184 0.029052 0.853651
0.118339 0.747317 -0.424046
-0.830277 -0.0742027 0.075536
-0.486031 -0.709937 0.117753
0.889946 -0.130315 0.0573107
0.0937946 0.803345 0.223112
-0.313667 -0.756026 -0.179253
-0.725904 0.168906 0.340139
0.52868 -0.657249 0.010353
-0.202402 -0.644151 -0.482339
-0.118799 -0.400197 0.791038
0.527464 -0.230934 -0.676981
-0.780283 0.134972 0.271375
-0.756556 0.211101 0.247137
0.102422 -0.430425 0.752675
-0.114397 -0.423358 0.772434
0.0294257 0.390929 -0.785471
0.0470803 -0.841504 0.126576
0.608156 0.192564 0.420714
0.882719 -0.187894 -0.0121422
0.625394 -0.352822 0.427083
-0.729239 -0.423176 -0.145268
-0.531027 -0.504693 0.556719
-0.448273 -0.704989 0.291915
0.442095 0.182186 -0.681906
0.0954883 -0.764915 0.373014
-0.58486 -0.649338 0.254699
0.608697 0.490305 -0.184057
-0.0826022 0.722315 -0.508379
0.437022 0.667313 -0.187393
-0.124298 -0.689495 -0.452408
0.398737 0.299935 0.550538
0.655545 -0.595544 -0.000206117
-0.333275 -0.660053 -0.385934
0.118053 -0.586513 -0.615421
0.000884754 -0.720322 -0.465798
0.625019 0.0290449 -0.593964
-0.261153 -0.0431999 0.851741
-0.136399 -0.218067 0.884412
0.416667 0.6731 -0.250149
-0.547699 -0.622269 0.412719
0.56329 -0.0575077 0.5226
0.825899 -0.146036 -0.32761
0.645193 -0.588436 0.0845276
-0.490678 -0.354728 0.683338
-0.28331 0.433444 -0.721693
-0.629736 0.348433 0.348615
0.539259 0.0738105 0.527298
0.769818 -0.396794 -0.204387
-0.0803477 0.0819255 0.854861
0.379572 -0.188541 -0.744095
-0.604629 -0.261116 0.616922
0.447541 -0.260344 -0.711685
0.390782 -0.680926 -0.334919
-0.740682 -0.385547 0.311607
-0.563792 0.597511 -0.369328
-0.7637 -0.0369119 0.370634
-0.265568 -0.782572 -0.0314348
0.603396 -0.271935 0.468357
-0.765577 -0.0464139 0.365409
-0.649243 0.345812 -0.558331
-0.57154 -0.20245 0.659036
-0.0857823 0.768234 -0.440283
-0.20168 0.775148 0.308083
0.382556 0.410496 -0.603093
-0.780073 -0.31686 -0.0469081
0.670035 -0.188188 0.406351
-0.301626 0.112351 0.75702
0.512685 -0.574173 -0.449528
-0.75311 -0.063821 0.405523
0.065385 -0.0870746 0.88231
0.0859622 -0.0243533 -0.800002
-0.590098 0.5988 -0.276014
0.504497 -0.592488 -0.419717
-0.794867 0.165887 0.129542
0.163227 0.0350308 -0.806819
-0.622401 0.256803 0.438627
-0.21149 -0.669506 -0.438057
0.205482 -0.713008 0.406308
-0.0991902 -0.416872 0.780667
-0.640813 -0.584769 0.0506285
-0.747593 0.275456 -0.432167
0.714602 -0.472776 0.207175
0.196084 -0.677561 -0.512632
-0.619221 -0.620728 0.137068
-0.662233 0.401421 -0.494008
-0.4224 0.0693462 0.732186
0.343655 -0.500234 0.596807
0.0564926 -0.113667 0.880872
0.755562 0.0192942 -0.453184
0.677322 -0.375064 0.3641
0.295188 -0.493973 -0.653648
0.257504 0.734183 -0.38734
-0.467441 -0.0996757 0.753672
0.752251 0.0956577 -0.435807
-0.310311 0.442083 -0.711609
0.404141 0.680082 -0.271135
0.804464 -0.343665 -0.0240874
0.702992 -0.408539 -0.439225
-0.597811 -0.61054 0.352875
0.712608 0.256432 -0.311695
0.792636 0.0209287 -0.375564
-0.737115 0.397478 0.0537803
0.198334 -0.126028 0.824737
-0.208921 -0.779758 -0.15702
-0.323155 -0.733014 -0.26411
-0.439467 -0.458372 0.662736
-0.676758 0.0792196 -0.496748
0.200252 0.823365 -0.0449817
-0.819847 0.0386897 -0.0637688
0.783238 -0.38099 -0.083224
-0.222714 0.813595 -0.270279
-0.226244 0.117245 -0.834111
-0.360299 -0.212848 0.806695
0.319724 0.290657 0.617848
-0.806103 -0.0662738 -0.0839388
-0.00173351 0.749303 0.344839
-0.506189 0.0594024 0.679873
-0.691539 0.0149318 0.512457
-0.00906423 0.627611 0.485506
0.743311 -0.23856 -0.471086
0.842457 -0.267333 -0.198172
-0.49136 -0.184476 -0.635149
0.678782 -0.412324 -0.481359
0.694911 -0.494826 0.232425
-0.469374 0.704249 0.196873
0.141275 0.591391 -0.614574
0.548406 -0.51058 0.388604
0.510157 -0.542447 0.397682
-0.208326 0.112483 -0.837866
0.0573687 -0.504068 0.72035
-0.248637 -0.112358 0.862885
0.347006 0.743391 -0.0213621
0.0477743 0.810318 -0.345891
-0.671215 0.500198 -0.163664
-0.534928 0.517123 -0.520279
0.760375 0.101373 -0.414083
0.763354 0.245377 -0.177739
0.431172 -0.701422 -0.159045
0.80874 0.0659161 0.197624
-0.352616 -0.620607 0.549324
-0.771681 -0.370581 0.121954
0.249721 0.706926 -0.446293
-0.792412 0.127663 -0.224961
-0.176933 -0.708844 -0.38929
-0.0261957 -0.834379 0.270644
-0.789961 -0.251765 -0.0787473
0.423887 -0.0604649 0.679312
-0.166828 0.879032 0.0838996
-0.628443 -0.508498 -0.232668
-0.0939628 0.893651 -0.119651
-0.591622 -0.498119 -0.326842
-0.528997 -0.501817 0.560759
-0.441792 0.697223 -0.341278
0.153787 0.668218 -0.53349
-0.0230899 0.47907 -0.737545
-0.292814 0.22031 -0.786967
-0.361859 0.730738 -0.383268
-0.0701215 -0.796744 0.357363
-0.499105 0.672961 -0.292768
-0.620846 0.573214 -0.0150973
0.297367 -0.530996 0.612921
0.261258 -0.447382 -0.67844
-0.00494052 -0.819372 -0.118261
0.809942 -0.198535 0.211998
0.589614 0.370706 0.263679
-0.290676 -0.777313 0.0655009
-0.322754 0.741024 -0.397008
-0.734494 0.341292 0.160107
-0.491205 -0.334427 0.688286
-0.142016 -0.733329 -0.362218
0.118287 -0.590298 -0.613281
0.183251 -0.407459 0.745059
-0.545744 -0.626147 0.409887
0.798335 0.243567 -0.0418171
0.0745086 -0.521791 0.704981
0.164075 -0.0375188 -0.792931
-0.611715 -0.629429 0.154717
-0.565128 -0.0785887 -0.61767
0.206887 -0.799208 -0.107881
-0.130997 0.326842 0.691659
0.526405 0.318594 0.420524
0.0769438 -0.754303 -0.404345
0.666348 0.435647 -0.121685
-0.568772 0.204669 -0.683816
0.291521 0.690334 0.297671
0.596134 -0.0141904 0.478723
0.363543 0.294035 0.58222
0.266243 0.530147 0.503956
0.250585 0.0449355 -0.803609
0.22584 -0.344837 0.769994
0.769884 0.141445 -0.339044
-0.321354 -0.422565 -0.587998
0.431895 -0.0622858 0.670658
0.729919 0.263846 0.158871
0.038833 0.453028 -0.746675
-0.0840558 0.000167119 0.891608
-0.524579 -0.218659 -0.595806
-0.208116 -0.137894 0.875044
0.747975 0.00773459 -0.470394
-0.562134 0.13339 0.593186
0.577917 0.271251 -0.540055
0.105929 -0.281099 0.816989
0.683642 -0.486016 -0.324685
-0.789158 0.146105 0.193275
0.350045 -0.129689 0.748522
-0.140036 -0.125948 -0.78421
-0.684643 -0.176997 -0.388699
0.202969 0.74641 0.263245
-0.281622 -0.735023 0.378617
-0.358735 0.628387 -0.549775
-0.422293 0.711466 -0.326197
-0.754777 0.37651 -0.0219276
0.75913 -0.35272 0.246919
-0.067183 -0.417918 -0.695475
-0.418614 -0.553759 0.589511
0.742945 0.221216 0.199283
-0.598118 0.196067 -0.642593
0.361057 -0.552075 0.539388
-0.637585 0.534026 0.158054
-0.348149 -0.111316 -0.730426
0.566985 -0.569955 0.295237
-0.784694 0.0397905 -0.222818
0.753826 -0.415818 -0.217865
0.360588 0.536028 0.413475
0.201765 0.344051 0.649576
0.239668 0.0441779 0.795819
-0.369802 -0.264322 0.791739
0.223898 0.651891 -0.529372
-0.324474 -0.681619 0.470529
-0.449689 0.639256 -0.486515
-0.544693 0.551795 -0.480896
-0.562887 0.344591 -0.636396
0.0886365 -0.154878 0.863314
0.69425 -0.514587 0.150682
0.116196 -0.825651 0.135955
0.719038 -0.432541 0.254056
-0.395881 0.145013 0.697824
0.0277199 0.808684 0.227657
0.561138 0.516873 -0.289806
0.407063 0.0415046 -0.756403
-0.216073 0.0294218 0.836961
-0.751924 0.375309 -0.0670057
0.749686 -0.282401 0.297888
-0.678602 -0.388079 -0.266644
0.716466 -0.505651 0.0172983
0.458349 -0.384084 0.58005
0.185068 -0.443337 0.722028
0.869565 0.0598441 -0.0670021
-0.304374 0.239516 0.676882
0.735722 -0.416816 0.233404
0.342664 0.700467 0.180044
-0.436851 -0.676512 -0.294137
0.160431 -0.811371 0.0945862
-0.645699 -0.419793 0.484569
0.619257 0.246949 0.373462
-0.283845 -0.778392 -0.035862
-0.0711461 -0.211119 0.876196
-0.173001 -0.530094 -0.596129
-0.0316465 -0.0516782 0.920563
-0.290941 -0.129901 0.846521
0.139049 -0.353011 -0.726182
-0.787314 -0.0371778 0.288263
-0.37319 0.562396 -0.597834
0.0789961 -0.312581 0.80849
0.592971 -0.234255 -0.640572
-0.41934 0.136148 0.689225
0.339846 -0.0558271 0.745539
0.519957 -0.661298 -0.103253
0.407144 -0.20028 -0.739385
0.0926333 0.654215 0.4505
-0.605706 -0.0997999 -0.560189
-0.753589 -0.414455 0.105944
0.824942 -0.302055 -0.188446
0.24384 -0.432079 0.709967
-0.400215 0.159459 -0.778079
-0.177416 0.216163 -0.815054
-0.0659488 -0.77864 0.401635
0.0787118 0.385563 0.662908
0.270324 -0.760794 -0.229872
-0.691203 -0.495608 0.33142
-0.296528 0.680591 -0.533834
0.106579 0.859485 -0.0169503
0.393956 0.696473 0.0410382
-0.736497 -0.45059 0.242681
-0.229547 -0.777222 0.297268
0.000591895 0.621285 0.490657
0.562086 -0.634256 0.0541582
0.58904 0.502012 0.0107809
-0.354508 0.775933 0.164348
0.0735723 0.251581 0.76015
0.0763082 0.381199 -0.7765
-0.205355 0.146155 -0.83079
0.623177 0.0599758 -0.584479
0.831899 -0.165685 0.168655
-0.551302 -0.564473 0.486729
0.278686 -0.749128 -0.280841
-0.587704 0.536541 0.258668
-0.165241 0.857074 -0.171536
-0.583198 0.566506 0.240655
0.697958 0.260337 -0.345644
-0.0705992 -0.785701 -0.267539
0.630661 0.407298 0.12144
-0.455844 0.310941 0.548329
0.503863 -0.144709 0.599587
0.685934 -0.474311 -0.35495
0.605882 0.514234 -0.0748194
0.641496 0.115281 0.401167
0.804777 0.0521871 0.205937
0.294196 0.77031 7.73278e-05
0.588038 0.45984 -0.317704
-0.356546 -0.208263 -0.679194
0.146184 -0.757983 -0.368881
0.167464 -0.202713 0.828571
-0.384007 -0.634856 0.513242
-0.556807 0.654256 0.0624342
0.38846 -0.280246 0.692556
-0.272039 -0.675545 0.510414
0.304011 -0.737288 -0.291743
0.893347 -0.143064 -0.160205
-0.552916 -0.545637 0.505487
0.520689 0.472658 -0.435582
0.36552 -0.557633 -0.582551
-0.13573 -0.80175 -0.0928665
0.0238724 0.479955 0.597352
-0.696683 -0.516824 0.0258969
-0.565678 0.13116 -0.678145
-0.173844 0.824204 -0.29297
0.761009 0.0600242 -0.432641
-0.171138 -0.75772 0.389591
-0.168381 0.520317 -0.690102
0.746041 0.235946 -0.249945
-0.305416 -0.335207 -0.637806
-0.366718 -0.734985 0.270723
-0.482371 -0.64143 -0.296708
0.855593 0.0241871 0.0983433
0.766689 -0.41321 -0.00597043
0.692863 -0.166025 -0.553132
0.497616 0.488539 0.253147
0.288367 -0.758727 -0.210888
-0.0525928 -0.360999 -0.729675
0.848454 -0.256451 -0.0100861
-0.354993 0.799048 -0.0459221
-0.00333896 0.897007 -0.0962983
0.540598 -0.648929 -0.125709
0.784294 -0.378223 -0.116262
-0.743683 0.328036 -0.395598
0.782361 -0.309875 -0.378297
-0.0181131 -0.615423 -0.581434
0.0503763 0.320911 0.71601
0.611243 -0.409265 0.409965
-0.07169 0.23292 -0.821449
-0.0952292 0.895835 0.00805346
0.380487 -0.724388 -0.162878
0.389425 0.441771 -0.575073
0.0327823 -0.695813 -0.529732
-0.794577 -0.136465 0.275683
0.651522 -0.523057 -0.35595
-0.620652 0.171213 0.51186
-0.191194 0.724873 0.400208
-0.469497 0.656781 -0.424885
0.17023 -0.525148 -0.644907
-0.433672 0.301777 0.569112
0.530841 0.56071 -0.250928
-0.780602 0.14263 -0.283547
0.673844 0.374206 -0.226608
0.552546 0.302944 0.404448
0.148487 -0.740285 0.388092
0.0492273 -0.806106 -0.224292
0.513264 -0.583221 0.343977
-0.77596 0.300319 -0.135071
0.611808 -0.620511 -0.028964
0.350615 -0.520356 -0.626501
-0.583045 0.111251 -0.655423
-0.613115 0.591886 -0.192528
-0.237853 0.845655 0.109768
-0.0255714 0.808002 0.240968
-0.470137 0.499175 -0.59049
-0.528111 0.678394 -0.157228
0.687576 -0.410758 -0.470158
0.815638 -0.119859 -0.351804
-0.150683 -0.468977 -0.635635
-0.472418 -0.548545 -0.43323
0.49932 0.589343 0.036008
-0.461492 0.743702 0.106756
-0.768234 -0.155763 -0.21039
0.275487 -0.759599 -0.2281
0.792468 -0.315534 0.20375
0.332783 0.616062 -0.480083
-0.372767 -0.675399 -0.337107
0.406426 -0.676023 -0.33094
-0.548415 0.638473 0.233123
-0.662139 -0.277012 0.556317
-0.261942 0.173038 0.735427
-0.503579 -0.700198 0.154395
0.227079 0.772601 0.160824
-0.25748 0.699054 -0.535117
-0.215859 -0.0319217 0.861869
-0.22148 0.531319 0.523281
-0.0616468 0.0530134 -0.823375
0.684088 -0.468643 -0.384703
-0.567583 0.215496 0.543099
0.697098 -0.0449396 0.368465
-0.381144 0.560275 0.407787
-0.499535 0.623541 0.278075
0.509529 0.483833 -0.435156
0.35769 0.631209 0.274717
0.345633 0.048966 -0.786546
0.0239825 -0.114368 -0.786449
-0.704199 0.448456 0.0197472
-0.00793527 -0.777767 0.427433
-0.160424 0.278203 -0.799387
0.5727 -0.478485 -0.53178
-0.635796 0.532584 -0.290509
-0.616561 0.169034 0.519896
-0.40812 -0.242883 0.776511
-0.474636 -0.720224 0.0218576
0.483431 0.589574 -0.32267
-0.336612 -0.762098 0.106217
0.709605 -0.449216 -0.324013
0.398387 -0.179764 -0.744429
0.346362 -0.73931 0.0232103
-0.245803 0.856456 0.0312914
-0.153799 0.228719 0.741496
0.733164 -0.0157157 0.321287
-0.274513 -0.520773 0.659845
-0.660266 -0.149776 -0.447228
-0.199375 -0.722954 0.451933
-0.0301615 -0.628736 0.604419
-0.774969 -0.270307 0.316386
-0.29376 0.837755 0.0367756
-0.195213 0.676615 0.433564
-0.269293 -0.784121 0.114932
0.289009 -0.286758 0.755816
-0.110207 -0.0977644 0.912878
0.572402 -0.307553 0.497733
-0.178255 0.351229 -0.772658
0.326818 0.0714026 0.716819
-0.0454185 0.187236 -0.824061
0.784075 0.249413 0.0387418
-0.792655 0.0471322 -0.190542
0.234416 -0.783771 -0.153351
0.74512 0.355 -0.0514106
0.45854 0.628916 0.0478152
0.467479 0.580496 0.149557
0.682183 -0.0359364 -0.563055
-0.628021 -0.57466 -0.0632235
0.434422 -0.493512 -0.608655
-0.121259 0.853923 0.151981
0.429302 0.2752 0.538115
0.229175 0.551258 0.502137
0.104205 -0.615543 -0.598431
-0.477797 -0.535997 0.573794
0.682089 0.338508 -0.262449
0.413373 -0.0920048 0.696264
0.615768 -0.410259 0.404768
0.495636 0.257951 0.49274
-0.101953 -0.388695 0.801678
-0.389289 0.182731 -0.773932
0.354168 -0.279464 -0.726367
0.00239771 -0.0775971 -0.794723
0.267567 0.293385 0.646322
-0.285514 -0.74566 -0.259647
-0.149133 -0.634146 -0.519527
0.817852 0.208785 -0.0238044
-0.738504 -0.450429 0.0721938
0.131802 -0.834692 -0.00896847
-0.802665 -0.213033 0.0110911
-0.346474 0.816393 0.0370317
-0.43962 -0.702792 -0.233429
0.464847 0.614958 -0.296157
0.909005 -0.135213 0.00816287
0.272475 0.270992 -0.745304
-0.547929 -0.169045 -0.59786
0.225246 0.817207 -0.160269
-0.0554427 -0.163434 0.893338
0.377622 0.405397 -0.610474
0.0197228 -0.475367 0.742664
0.201672 -0.266736 0.80566
-0.266333 -0.768772 0.272733
0.0818159 -0.293862 -0.745653
-0.710962 -0.127504 0.520491
0.344979 0.595906 0.360048
0.538887 0.172264 -0.610089
-0.457214 -0.725207 -0.0832195
-0.34958 0.0488121 0.777318
0.850318 -0.0766428 0.128429
0.293289 -0.765131 -0.038192
-0.446568 -0.40904 -0.540132
0.545101 -0.638356 -0.163071
0.311345 -0.754612 -0.135277
-0.632432 0.559201 -0.0492811
-0.0202075 0.85086 0.144005
0.85039 -0.0439689 0.126238
-0.497649 -0.275031 0.698849
0.0974544 -0.462216 0.734894
-0.425326 -0.409578 -0.551111
0.580009 -0.566785 -0.403292
0.594196 0.175261 -0.563773
-0.740807 0.234873 0.255952
0.214209 0.23316 0.70961
0.453852 -0.68846 0.0395122
-0.544051 -0.51588 0.536425
0.694436 0.149387 0.332148
0.586964 -0.593737 -0.25519
-0.675675 -0.389099 0.461315
-0.617389 0.248794 -0.6195
0.121235 -0.554427 -0.633063
0.477707 -0.610164 -0.406545
0.630402 -0.0382641 0.443983
0.530758 -0.604332 -0.365984
0.0820376 0.646811 -0.581206
-0.780287 0.321011 0.0442714
-0.520804 0.0563064 -0.716477
-0.304753 -0.756496 -0.189603
-0.721663 -0.476723 -0.0304371
0.0765746 0.871424 -0.167376
0.537006 0.59224 -0.0864371
-0.0108854 -0.819392 0.305809
-0.106607 0.415311 -0.764541
0.00244494 -0.835264 0.248435
0.639452 -0.247846 -0.600524
-0.0919312 0.0961602 -0.833373
-0.28878 -0.745168 -0.258839
0.536517 0.00256447 0.542816
-0.607916 -0.211543 0.627587
0.707833 -0.38029 0.328685
0.717588 0.0440164 -0.511973
-0.353169 -0.121551 0.825285
-0.257517 0.0128167 -0.799797
-0.047184 0.906011 -0.0645553
-0.188456 -0.509044 -0.60016
0.0241623 -0.150743 0.884751
-0.232024 -0.0574154 0.866123
0.588466 -0.509729 0.343497
0.566107 0.517135 0.037203
0.790728 0.067479 0.231385
0.157055 -0.797421 0.210423
-0.372986 0.285183 0.617899
-0.469186 -0.226384 0.734061
-0.624955 -0.00656036 -0.561194
-0.024481 0.0601394 -0.822565
-0.354209 0.806715 0.0900717
0.495143 -0.626404 0.285619
-0.3896 -0.403665 0.716538
0.276426 0.0034035 0.778841
-0.631246 0.286842 0.398684
0.211981 0.00868891 0.826189
0.0751995 -0.55866 0.677959
0.441243 0.0567746 0.630269
0.219194 0.757809 0.212095
-0.474305 -0.58392 0.519645
0.408692 0.364641 -0.61717
-0.214554 -0.608448 -0.51935
0.0220366 -0.272544 0.834817
-0.652076 0.119771 -0.555728
-0.491003 -0.70027 -0.151097
-0.743302 -0.0367348 -0.317761
-0.173708 0.223017 -0.813725
-0.484327 -0.71491 -0.0539977
0.0659489 -0.804265 -0.227154
-0.523773 -0.370632 -0.52243
0.333451 -0.688515 0.346771
-0.722457 0.196738 -0.454427
-0.0556251 0.608609 -0.653648
0.526694 -0.657983 -0.10304
-0.544862 -0.676153 0.0489212
-0.0318161 0.0884567 0.868507
-0.125216 -0.79036 -0.192123
-0.256468 -0.773158 0.2641
0.0640571 -0.124668 0.876524
-0.66115 -0.244015 -0.411387
0.824362 0.0657791 0.165577
0.869047 0.0560967 -0.0757181
0.823953 -0.112267 -0.330219
0.834367 -0.183719 -0.305534
0.365689 0.349011 0.550952
-0.0945795 0.832455 0.202231
-0.629985 0.56032 -0.216915
-0.813496 -0.163851 0.18787
-0.352448 0.722622 0.269241
-0.694154 -0.315646 -0.299365
0.351758 0.740658 -0.0208679
0.232985 0.198993 0.718921
0.341674 0.471144 -0.589126
0.350407 0.287355 0.595756
0.369296 -0.445383 0.614363
-0.751651 0.370467 -0.0964542
-0.716587 0.212371 -0.470532
-0.0576086 -0.512626 -0.637789
-0.606716 -0.349588 0.578666
-0.75763 0.116968 -0.352064
0.0289675 -0.472942 -0.676561
0.139812 0.552041 -0.64737
-0.135782 0.464183 -0.729819
-0.57214 -0.0704008 -0.613503
0.416523 -0.209111 0.686216
0.504773 0.607999 -0.0332462
-0.228521 0.520486 0.528023
0.741451 -0.457268 -0.088996
0.0100144 -0.557095 -0.624418
0.401788 0.321986 -0.652366
-0.803455 0.138893 0.094331
-0.102444 -0.575144 -0.588518
-0.825341 -0.0277691 0.0991684
-0.662738 0.498416 -0.26321
0.0338916 0.555318 0.541587
-0.0452223 0.391535 0.66161
0.457449 -0.605506 0.383377
0.49273 -0.421307 -0.631546
-0.456759 0.701585 0.215945
0.100302 -0.797899 0.284951
-0.614831 -0.0578495 -0.561671
-0.810686 0.061002 0.123639
-0.816591 -0.130537 -0.0107512
0.226055 -0.793114 -0.0595139
0.59946 0.164944 -0.563453
-0.575665 -0.652671 0.0809674
-0.680357 0.0557427 0.513442
-0.27946 0.305193 -0.764874
0.542514 0.45477 -0.426556
0.678024 0.0264837 0.376637
-0.769921 0.347596 -0.0395759
-0.745201 0.383449 0.0813495
0.25587 0.753841 0.178318
-0.567113 -0.0243302 0.657518
0.481317 -0.657968 -0.252716
-0.662593 0.497174 -0.268661
-0.60025 0.29944 0.437254
-0.57336 -0.31943 -0.501678
-0.258448 0.204368 0.718148
-0.12402 -0.82713 0.179509
-0.517304 0.654771 0.240991
0.738524 -0.465009 0.00544511
0.588207 -0.0982386 -0.650265
0.754572 -0.417552 0.189059
0.623153 0.275417 -0.483301
-0.764597 0.0372397 -0.301974
-0.707767 -0.529261 0.188997
0.0318304 0.680073 -0.544859
0.825605 -0.166842 -0.327761
-0.218842 0.83558 0.177811
-0.738987 0.170391 0.316855
0.558637 -0.18167 0.533951
-0.214931 -0.621004 -0.504134
0.00155238 0.00150418 -0.809861
-0.294623 0.504385 -0.673769
-0.46041 -0.672934 0.416916
-0.531613 -0.131644 -0.628782
0.346384 -0.016373 -0.781268
0.6244 -0.535179 0.269554
0.65506 0.32032 -0.360832
0.000850199 -0.276078 0.836954
0.0829046 0.252849 0.756621
-0.69089 -0.504627 -0.0611438
0.382815 -0.606331 -0.495938
0.496269 -0.655021 -0.223853
-0.544834 -0.494832 -0.409501
0.202779 -0.797021 0.0607684
-0.608261 -0.498439 0.473438
-0.785959 0.285739 0.0679003
0.323214 -0.170727 0.762609
0.673465 -0.567427 -0.0847466
0.256736 0.214403 0.697228
0.125277 0.782788 0.251421
0.22939 0.226383 0.705245
0.825435 -0.302301 -0.0430651
0.63448 -0.145713 -0.619227
-0.0857817 0.654393 0.46239
0.0349189 -0.54473 0.698161
0.781065 0.00215017 0.251015
-0.658806 -0.583663 0.286407
-0.170598 0.335676 0.672069
-0.212688 -0.759728 0.361077
-0.305353 0.294547 0.641613
0.203329 -0.637215 -0.584888
-0.348112 -0.386608 -0.594735
-0.477349 0.254277 -0.72058
0.491245 -0.321073 0.582495
0.4799 -0.0214751 -0.728144
-0.78871 -0.179737 -0.114115
-0.636528 0.226587 0.441264
-0.830867 -0.0580017 0.0224909
-0.769144 -0.0302694 0.350863
-0.443905 0.381618 0.502328
0.501068 -0.669606 0.0200661
-0.739996 0.378695 -0.167831
-0.420273 -0.537648 0.604426
0.233179 -0.720356 0.362845
-0.544519 -0.0471379 0.681589
-0.722994 -0.258228 -0.267568
-0.358136 0.770774 -0.206858
-0.0598144 0.674798 -0.574541
0.127222 -0.738379 0.411973
-0.201194 0.528561 -0.679206
0.712523 -0.511982 -0.0175409
-0.235644 0.715039 0.378733
-0.481892 -0.460947 -0.48666
-0.00170986 0.501179 -0.720005
-0.212533 0.168648 -0.822211
0.342495 -0.646572 -0.449772
-0.113485 0.307147 -0.800625
0.308595 0.392608 0.565342
0.75704 -0.224025 0.299741
0.453039 -0.0774919 0.649437
-0.391808 0.286499 -0.742612
0.10614 0.254102 0.749193
-0.576692 0.411963 0.380407
0.189784 0.709885 -0.462821
0.385154 0.0319471 -0.771184
0.0595569 0.162382 0.827869
0.0874869 0.102123 -0.822008
-0.425979 -0.725914 0.161828
0.120699 -0.754636 -0.389559
-0.233551 -0.767278 0.331629
-0.686729 -0.563872 0.193022
-0.581013 0.227646 0.525149
0.381723 0.676677 -0.354034
-0.101841 -0.0401712 -0.807947
0.690613 -0.548858 -0.0627436
0.320462 0.446549 -0.622841
-0.0358451 0.885583 0.0291684
-0.281013 -0.522222 -0.553363
-0.0864329 0.292593 0.728004
0.108237 -0.670014 0.54084
-0.0226137 0.25733 -0.814851
-0.642474 -0.599349 0.130066
-0.202118 -0.493278 -0.602315
0.7959 -0.359563 0.149761
-0.255088 -0.415594 0.750852
0.581954 -0.221804 0.501939
0.381902 -0.669791 0.33503
-0.303335 -0.209668 -0.700511
-0.631223 -0.205378 0.610606
0.308097 -0.0184144 0.759889
0.537076 -0.101112 0.559091
0.490858 0.564864 0.124471
-0.432721 -0.396001 0.698573
-0.0307093 -0.8203 0.315116
-0.333714 0.770235 -0.270817
0.106989 -0.58675 0.642017
0.572918 -0.629568 -0.125092
-0.0919514 -0.412808 0.785405
-0.611295 0.596266 -0.174964
0.61945 -0.357686 -0.59549
0.301137 -0.720921 0.262226
-0.721507 -0.454488 -0.124339
0.343825 -0.434296 -0.680509
-0.0403171 0.694414 0.422127
0.736655 0.3007 0.0730718
0.493006 0.549858 -0.376309
-0.0559834 0.196139 -0.824001
0.741866 0.0826647 -0.462154
0.247086 -0.454501 0.694165
-0.821552 -0.0622126 0.140334
0.913813 -0.125598 -0.0285284
-0.64201 0.546761 -0.0699207
-0.216137 0.698929 0.404742
0.80526 0.137196 -0.201615
0.163795 0.208941 0.75076
-0.378211 0.637513 0.347191
-0.291823 0.758525 -0.378462
-0.821262 0.0380361 -0.0326251
-0.667404 0.349792 -0.53474
-0.135326 0.387125 -0.770844
-0.141372 -0.0838701 0.901588
-0.0954374 -0.708997 0.513851
0.415842 0.0869394 -0.73505
-0.738136 -0.226937 0.480411
-0.356343 0.483583 0.483982
0.526677 0.540414 -0.326611
-0.482318 -0.699339 0.233641
-0.483713 -0.301251 0.703044
0.45005 -0.551904 0.457938
0.751303 -0.184211 0.309685
0.624012 -0.259179 -0.616573
-0.701804 -0.525072 0.091041
0.00165714 0.824499 0.198492
0.348874 0.335459 -0.675364
0.34145 -0.744789 -0.00534234
-0.412884 -0.73776 0.0897521
0.219267 -0.796039 -0.0582498
0.285674 -0.676364 -0.438601
-0.400407 0.751339 0.168017
0.86346 -0.225508 -0.166327
0.0305335 -0.221478 -0.765346
0.314791 0.0357102 -0.79639
0.772968 -0.399788 -0.0826166
0.302269 0.675689 -0.444851
0.853877 -0.237138 -0.255603
-0.604447 0.302938 0.427969
-0.188139 -0.775898 -0.20607
0.143474 0.293032 0.709846
-0.115046 -0.376418 -0.696224
-0.0738829 -0.570681 0.656396
0.498457 0.252057 0.493418
-0.275333 0.183334 0.724503
-0.606701 -0.488642 0.486452
0.651313 -0.124085 -0.602011
-0.460225 0.605997 -0.509159
-0.180463 0.86934 -0.0604651
-0.663919 0.147856 0.462422
-0.193497 -0.768695 -0.237626
0.455363 0.106227 0.601026
-0.131719 -0.769364 -0.292732
-0.00169836 0.805973 -0.365209
-0.7469 0.262609 0.214787
0.578993 -0.0533559 -0.651049
0.285763 -0.747086 0.154585
-0.2865 -0.373538 -0.626703
-0.248318 0.774324 -0.371983
-0.300885 0.471166 0.531308
-0.0152409 0.680141 -0.555966
-0.477181 -0.585196 0.516374
-0.532857 -0.552773 -0.356774
0.518897 -0.636596 -0.246581
-0.58125 -0.544515 0.470755
0.049498 0.445082 0.623774
-0.612583 -0.58986 -0.073039
0.132173 -0.282538 0.811925
-0.668525 -0.543211 0.0017778
0.785263 0.226895 -0.123983
-0.351021 -0.218652 -0.676361
0.379317 -0.727393 0.00327892
0.0439849 -0.146457 0.879613
-0.342596 -0.286938 0.797532
0.367222 0.591592 0.325287
0.455994 0.202344 0.553174
0.830586 -0.131179 -0.316383
0.578976 0.467873 -0.326523
-0.129325 0.846834 -0.261286
0.761533 -0.134762 0.290424
-0.239858 -0.768958 -0.192384
0.757107 -0.350851 -0.38697
-0.153742 -0.410438 0.776027
0.39862 0.379993 0.505639
-0.0196447 0.044448 0.89566
-0.226683 0.825249 -0.208671
-0.615695 -0.231158 0.616188
0.697676 -0.262493 0.361372
0.428437 0.174717 -0.694216
-0.69147 0.207184 0.365386
-0.196105 0.649896 -0.593182
-0.415652 0.486583 -0.641803
0.167551 -0.813669 -0.0889509
-0.124763 -0.378278 0.808314
0.218435 0.33555 -0.745487
0.380726 0.658009 -0.376994
0.419842 -0.649241 0.35067
0.459933 -0.653262 0.229424
0.387446 -0.566738 0.501291
-0.767617 0.162508 0.273276
-0.790437 -0.313091 0.116298
-0.801091 0.10444 0.148788
0.172836 0.474585 0.572796
0.0373166 0.879363 -0.0269115
-0.75694 0.231626 -0.403173
0.725491 0.376289 -0.07114
0.722228 -0.273453 0.331129
-0.091761 -0.828595 0.247682
0.799134 0.125979 -0.246893
0.50802 0.271008 0.475326
0.0352808 0.770174 -0.409758
-0.341474 -0.512143 0.647696
0.390831 -0.365528 -0.704339
0.59012 -0.58682 -0.279033
-0.213499 0.845699 -0.119405
0.24165 0.311862 0.649194
0.204806 -0.717492 -0.425252
0.350232 0.710308 0.145629
0.811679 0.198114 -0.0683262
-0.652643 0.515526 -0.258496
0.645035 -0.146987 -0.610692
0.836095 0.0432051 -0.236419
-0.511966 0.481968 -0.569802
0.426593 0.135126 -0.710316
0.640005 0.46468 -0.13358
-0.211366 0.857142 -0.0564082
0.167785 -0.529817 -0.642733
-0.801851 -0.264326 0.190156
-0.214724 0.855939 -0.055238
-0.455089 -0.526344 0.600296
0.0705993 -0.799547 0.307368
0.278761 0.12329 0.729193
0.703046 0.106046 -0.501583
-0.174397 0.302119 0.69063
0.271519 -0.0442861 0.792795
0.500748 -0.512425 -0.545147
0.467561 -0.568024 0.417243
0.475849 0.578185 0.132286
0.0900122 -0.721615 0.476184
0.145162 -0.800373 -0.208621
0.625629 -0.443902 0.366116
0.419502 -0.160153 0.692307
-0.594056 -0.507879 0.487661
-0.0714669 0.878882 0.0691558
0.78776 -0.249629 0.256022
0.121685 0.830339 -0.274388
-0.48001 -0.357383 0.691155
-0.380281 -0.592599 -0.453681
-0.359417 0.397573 -0.71787
-0.451821 0.51514 0.394404
0.664582 0.439863 -0.113193
0.195018 -0.746275 -0.370303
0.253955 -0.413088 -0.69575
0.397593 0.14042 0.629325
0.270849 -0.0120039 0.787938
-0.254547 -0.269595 -0.691169
0.256539 -0.708356 0.372394
-0.010308 0.674555 -0.563117
0.493478 -0.669493 0.0428918
-0.655422 -0.0738026 0.578597
-0.490037 0.348835 -0.678407
-0.503807 0.240103 0.567022
-0.0902248 -0.839657 0.161115
-0.660608 -0.536714 -0.06981
0.573653 -0.109495 0.519459
-0.700313 -0.430117 0.378422
0.613411 -0.60649 -0.11871
-0.00270426 -0.613379 0.623608
0.578328 0.326905 -0.504074
0.636364 -0.595433 0.0665896
0.151036 -0.738967 -0.413424
-0.481855 -0.67175 -0.243692
0.724919 -0.105333 0.346567
-0.614689 -0.495007 -0.285913
0.264822 -0.745822 0.219258
-0.045994 0.635138 0.478449
0.607391 0.463649 -0.263796
-0.778514 0.222585 -0.325909
-0.0805579 -0.832798 0.243463
0.132658 0.443619 0.606232
0.296468 -0.666994 -0.448153
0.78452 -0.383276 0.0999006
0.492628 0.0702537 -0.687192
0.798777 0.0826738 -0.324004
-0.253359 -0.195999 -0.727917
0.182321 0.825331 -0.220927
-0.0502033 -0.822218 -0.0499543
-0.271583 -0.620151 0.578566
0.271915 -0.592974 0.554608
0.711124 -0.328833 -0.489392
0.206991 0.196836 0.734246
-0.274255 0.624191 0.426906
0.369951 -0.555289 -0.58272
0.351473 -0.0421852 -0.777055
0.335669 -0.175285 0.753521
-0.381887 -0.0029757 0.796307
-0.702218 -0.431177 0.374048
-0.833446 -0.0558861 0.0412768
0.232223 0.460061 -0.669271
0.627845 0.390615 0.159727
0.453762 -0.197564 0.649599
-0.244978 0.752318 -0.426776
-0.106324 0.52332 0.561073
-0.120703 0.365612 0.672431
0.105911 -0.825734 0.173132
0.777458 0.258793 0.0411304
-0.427151 0.357328 -0.705497
-0.550779 0.620108 -0.346181
-0.755876 -0.319511 0.340186
0.589804 -0.46884 -0.530236
-0.109066 0.704279 -0.539392
-0.712945 -0.390733 0.394088
-0.473618 -0.714059 0.118851
-0.801736 0.134805 0.111525
-0.205974 -0.803716 0.115708
-0.269696 -0.573138 -0.52561
-0.255184 0.847432 -0.00538305
0.369989 0.131539 0.654859
0.353868 -0.734259 -0.21263
-0.106484 0.42023 -0.761599
0.704098 -0.44849 -0.354748
0.823768 0.0532929 -0.270499
0.263125 0.258254 0.668772
-0.655422 -0.560254 0.0127342
-0.575586 -0.0249992 -0.627518
0.781751 -0.383031 -0.11003
-0.402972 -0.0042249 0.789439
0.347381 0.725482 0.10257
0.394521 -0.0195939 0.690709
0.0466874 0.0182521 0.898108
0.63914 0.295935 -0.429871
-0.131977 0.295045 -0.800356
-0.255745 -0.265148 -0.692865
0.674302 0.367364 -0.236698
-0.037711 -0.803574 0.360185
0.192376 0.176828 0.753584
-0.612359 -0.417625 -0.359188
0.819891 0.0752855 -0.248359
-0.808823 0.132636 0.060977
0.0654435 0.172761 -0.816438
-0.178208 0.0639558 -0.830208
0.365312 0.686788 -0.360763
0.292954 0.0179063 -0.794731
0.408579 0.641617 0.157289
-0.000188636 -0.825505 -0.0759183
0.514251 -0.281092 0.568738
-0.637156 0.210056 -0.586997
-0.367247 0.65139 -0.52713
-0.784734 0.0621241 0.284478
-0.766221 -0.211821 0.383231
-0.449249 0.759887 0.0104649
-0.808328 0.130885 0.00471765
-0.386259 0.698044 -0.432215
-0.447969 0.7198 0.185763
-0.111516 -0.226786 0.876555
0.722659 0.318566 -0.179325
0.0823365 -0.820474 0.243721
0.83799 -0.27708 -0.0610013
0.129099 -0.00839417 0.862046
-0.739883 0.0742352 0.391811
0.15473 -0.430833 0.738606
0.20211 -0.550197 0.647955
-0.263067 0.847704 0.0187684
0.237103 0.445844 -0.675315
0.774532 0.280388 -0.0699493
0.383177 -0.36128 -0.705908
-0.776179 -0.024574 -0.23394
0.776584 0.14664 0.22529
-0.417413 0.65679 0.305556
-0.674052 0.408189 0.218543
0.877807 -0.177183 0.0666847
-0.676513 0.213459 -0.52993
0.043827 0.470997 -0.733973
0.486283 -0.184264 0.614705
0.576977 0.163891 0.463442
0.676387 -0.340987 -0.529497
0.17446 -0.172763 -0.764009
0.669803 0.0479791 0.381953
-0.0685242 0.0922763 -0.831266
0.111403 -0.122822 0.860187
0.822579 -0.30773 -0.0911241
0.884878 -0.039094 -0.167487
-0.589351 0.234964 0.507032
-0.141141 -0.472357 -0.637909
0.734041 -0.254541 -0.478881
-0.747111 -0.426928 -0.00831354
0.20191 0.749611 0.2556
0.297068 -0.108397 -0.767703
0.337056 -0.268858 -0.730121
0.445987 -0.676042 0.134777
0.0307397 0.657538 -0.578704
-0.535389 0.678979 -0.026428
-0.266931 -0.752063 -0.252661
-0.0969746 -0.814946 0.299836
-0.526001 0.044404 0.670545
-0.0285396 0.314986 -0.80931
0.762409 0.313876 -0.0232725
-0.0783763 0.406616 0.649732
-0.79338 0.0342414 0.257491
0.439377 -0.406744 0.584121
-0.818721 0.0708059 0.0285484
-0.104285 0.643162 0.470235
0.558055 0.203149 -0.58253
0.580224 0.296321 -0.528505
0.483761 -0.109259 0.62018
0.456964 0.608955 -0.347479
-0.223897 0.840229 -0.126193
-0.578615 0.0697496 0.611964
0.212689 -0.155084 0.816022
0.00993436 0.851242 0.137576
0.0482556 0.0731516 0.890871
0.719699 0.327386 -0.173118
-0.833813 -0.0318571 0.0247314
-0.402564 -0.713113 -0.25503
0.758064 -0.420027 -0.181117
0.563968 0.564064 -0.0885611
0.288006 -0.598811 0.537024
-0.731641 0.0620958 0.413068
0.100612 -0.423794 0.756866
0.743543 -0.4564 0.028008
-0.534911 0.0414911 0.664362
-0.216505 0.451848 -0.72267
0.69463 -0.508823 0.174268
0.593305 -0.58931 -0.258059
0.197668 -0.694785 -0.4768
0.248622 -0.763212 0.161208
0.180069 0.304027 0.684816
-0.381964 0.157626 0.696217
-0.76857 -0.379251 0.156945
0.0859736 0.787818 -0.370424
0.261386 -0.42665 0.705511
0.470508 -0.567615 -0.496932
0.277533 0.0568473 -0.804207
-0.453051 -0.708445 -0.203009
-0.385958 0.418823 -0.700732
-0.0385918 -0.841035 0.208746
-0.107041 0.289415 0.722449
-0.372095 -0.348548 0.752424
-0.469662 0.387474 -0.671484
-0.285006 0.628013 -0.582003
-0.115462 0.438729 0.623445
-0.779265 -0.155052 -0.166232
0.482907 0.578355 0.112377
-0.26897 -0.557443 0.63161
0.166085 -0.666059 0.512843
0.579016 0.449902 -0.353069
0.872841 0.0295932 -0.106081
0.599527 0.447645 -0.309505
-0.784723 0.219927 -0.225186
-0.800093 -0.261042 0.117191
0.636064 0.471263 -0.126197
-0.760746 -0.0794021 0.386544
-0.804607 0.0931793 0.134598
-0.58881 0.513105 0.276824
0.799105 0.0210606 0.218557
-0.0290478 -0.796003 -0.254503
-0.423467 0.694069 -0.393611
0.531501 0.580461 -0.178746
0.255808 0.721359 0.270235
0.710332 -0.511123 -0.0983046
-0.125906 0.869325 0.10686
-0.797097 0.0780296 0.206804
-0.127015 -0.82714 0.115945
-0.506793 -0.215777 0.707212
-0.159171 0.238017 -0.812221
0.647732 0.397218 0.100211
-0.0640678 0.0961993 -0.831754
-0.31543 -0.0885867 0.838209
-0.577233 0.635228 -0.211104
0.780036 -0.358762 0.193376
-0.539005 -0.291937 -0.550413
0.307753 0.521434 0.484444
0.546003 0.16346 0.493513
-0.582392 -0.622516 -0.078579
-0.318265 -0.406697 0.740003
0.347421 -0.710848 -0.31077
0.0105793 0.727407 0.370889
0.662116 0.206052 0.342756
0.0993889 0.498762 0.576157
-0.0283176 0.146831 0.835226
0.404187 -0.353341 -0.705928
0.594668 -0.288937 0.475387
0.545962 0.380898 0.331384
0.267665 -0.703363 0.375109
0.0871093 -0.56679 0.666862
0.213979 0.54837 0.508474
0.430599 -0.0951177 0.677463
-0.0697558 0.0876254 -0.830451
-0.803834 -0.211 0.0244985
0.794885 -0.272299 -0.370356
0.126251 0.63826 0.459017
0.454667 0.196092 0.557417
0.530903 -0.634812 -0.220633
0.414374 0.284941 -0.661079
0.340065 0.751181 -0.0648518
0.417258 0.229592 -0.680262
0.204953 -0.0602707 -0.78532
0.818535 -0.316397 0.00637344
-0.292569 -0.378491 -0.621738
-0.40677 0.792982 0.0466545
0.673645 -0.533127 -0.206821
0.249253 -0.601283 -0.598399
-0.678771 -0.512534 -0.0875857
0.253908 0.162263 0.728438
-0.775485 -0.257648 -0.140526
0.431533 0.680032 -0.14682
-0.430344 0.300582 -0.724342
0.125335 -0.111055 0.855985
-0.772043 0.332965 -0.0986173
0.735285 -0.441472 -0.220592
-0.502243 0.60095 0.293684
-0.83236 -0.0537783 0.0273648
0.459736 -0.655499 0.217946
0.345827 -0.441594 0.63625
-0.404802 -0.526991 -0.484138
0.781218 0.173337 0.179498
0.726934 -0.247999 0.330208
-0.0235677 0.0303147 0.899605
-0.600068 -0.0107954 -0.603973
-0.63658 -0.109208 -0.504401
-0.770431 0.173107 0.255843
-0.743514 0.340171 -0.345092
-0.198024 -0.310599 -0.694349
-0.390926 0.768594 -0.127624
0.198132 -0.779259 -0.244059
-0.0588742 0.896151 -0.137867
0.504026 -0.0349065 0.585344
-0.253337 -0.727564 0.412119
-0.0612518 -0.0414964 0.914059
-0.835233 -0.0333176 0.03428
-0.112063 0.0385419 -0.823558
-0.0853569 -0.542073 0.678266
-0.155593 -0.521008 0.683004
-0.585196 -0.339379 -0.468302
-0.0843451 -0.798613 -0.188859
-0.785195 0.0880497 -0.240576
0.327417 -0.432981 0.655713
-0.807986 -0.229349 0.151721
-0.523227 0.472118 0.378158
0.86711 -0.000746467 0.0871341
0.768904 0.230365 -0.182803
-0.641645 0.221796 -0.581566
-0.568534 0.631781 0.172615
0.322906 0.337455 0.590997
-0.768639 -0.358563 -0.0561947
-0.6899 -0.559992 0.26182
0.714846 -0.497217 -0.12511
0.540079 0.583707 -0.135283
-0.65537 0.317073 -0.568513
-0.492632 -0.474085 0.614714
-0.602995 -0.00673482 -0.600793
0.227791 0.751026 0.220783
0.482725 -0.597379 0.363127
-0.0847316 0.575319 0.522414
0.593638 0.254355 -0.533733
0.011981 0.243614 0.772633
0.3751 0.43488 0.490402
0.427357 -0.565017 -0.530064
-0.04577 0.290089 0.736938
-0.725409 -0.0514488 -0.351534
0.790435 -0.258685 0.252348
0.165904 0.716916 -0.458029
-0.389232 -0.0786873 -0.729507
-0.273563 -0.541907 -0.544274
0.0367578 -0.670497 -0.558584
0.156479 0.0881009 0.823664
0.497259 -0.588598 -0.433809
-0.194437 -0.806887 0.142561
-0.518937 0.55436 0.318006
-0.00915388 -0.838864 0.0554417
0.170996 0.169918 0.769118
0.775335 0.253415 0.0592514
-0.102098 -0.326092 0.833318
0.274448 -0.331325 0.75325
0.800026 0.20166 -0.110877
0.873373 -0.179792 0.0782823
-0.0699409 0.701538 -0.537101
0.593157 -0.0757583 -0.642746
0.183495 0.0348178 0.839413
-0.191526 -0.441942 -0.632124
0.594746 -0.331778 0.466503
0.798876 -0.343064 -0.248608
0.715657 -0.487236 -0.156758
-0.280573 0.445503 -0.71492
-0.759312 0.114046 -0.347029
-0.656103 0.167202 0.45905
-0.652605 -0.587242 0.123705
-0.741418 -0.407392 -0.133683
0.552428 -0.649122 -0.0368802
0.280722 0.0675217 0.754242
0.0871531 -0.0679384 0.876212
0.448064 -0.631553 0.362472
0.830745 -0.122574 0.168113
0.68867 0.161304 -0.48909
0.312728 -0.0333165 -0.782306
0.352918 -0.721298 0.122634
-0.0106875 0.339238 0.701153
-0.0685891 -0.645732 -0.543761
0.721092 -0.491551 0.080015
-0.531417 0.573438 0.294757
-0.60882 0.00821216 -0.595674
0.538282 -0.51629 -0.515831
-0.1489 0.842873 0.1896
0.418067 -0.674272 -0.32389
0.358629 -0.543787 0.550133
-0.521307 -0.392862 -0.509773
0.697686 -0.508878 0.154117
-0.495714 -0.711983 -0.0115285
0.507857 0.185468 -0.629912
0.599709 0.32578 -0.472363
0.776096 0.155688 0.215617
-0.711681 0.0198947 0.468901
-0.538167 0.467682 -0.558517
-0.349372 -0.483595 0.668628
0.505464 0.0527876 -0.683445
-0.48759 -0.129958 0.735455
-0.0431839 0.712577 -0.514279
0.64129 0.459578 -0.148081
-0.0681802 0.404352 0.651622
-0.781044 0.273222 -0.11491
0.00797903 0.47809 0.598413
-0.385845 0.664706 0.320051
0.22472 0.248801 0.694988
-0.595642 0.569218 -0.345405
0.42852 -0.142444 -0.74268
-0.781717 0.298973 -0.00350061
-0.395723 0.460454 0.474972
0.24502 0.662689 -0.511406
0.773202 0.0474167 0.260656
0.0710373 -0.229779 0.84425
-0.506689 -0.47398 0.602229
-0.0414145 -0.278519 0.843131
-0.358345 -0.540525 0.61981
0.0237505 -0.286162 0.828867
-0.713289 -0.513166 0.103184
-0.19883 -0.784789 -0.130518
0.182815 0.104834 0.799839
0.0215983 -0.616691 0.623227
-0.0596514 -0.564356 -0.604656
0.840502 -0.272868 0.0764036
0.458313 -0.401334 0.568789
-0.604777 -0.119058 0.631972
0.286832 0.176015 0.697703
-0.780968 -0.321887 -0.016152
-0.193346 0.657877 -0.588023
-0.618387 -0.376795 0.550111
0.459116 -0.465453 0.525457
-0.783602 -0.313267 0.00147023
-0.76438 -0.362471 -0.116014
-0.805697 0.103065 -0.155846
0.790612 0.0449587 -0.375067
0.64459 -0.231533 -0.598588
-0.249895 0.374425 -0.749714
0.324045 -0.244204 0.744524
-0.141764 0.865491 -0.169267
-0.36845 0.699912 -0.450776
-0.168857 -0.699912 0.514057
0.497945 0.24904 -0.61214
0.258183 -0.434667 -0.684877
-0.166012 -0.66733 0.547882
-0.417989 0.721639 0.214789
0.10105 0.477425 -0.720723
0.323265 0.409711 0.545336
0.707818 -0.434193 0.278077
-0.744507 -0.344854 0.349148
0.453046 0.436062 -0.530137
0.0053068 0.884859 -0.154242
-0.791948 -0.242748 0.252526
0.395416 -0.715785 -0.211005
-0.025007 -0.597382 0.637269
-0.627096 0.215599 0.465438
0.732075 -0.350087 0.306127
0.795659 -0.0344908 0.228529
-0.729556 0.380481 -0.262567
0.776698 -0.098746 -0.440297
0.0111863 -0.264331 0.840076
0.795351 -0.0678375 -0.38879
-0.66704 -0.181724 -0.42381
0.656004 0.253698 -0.447009
0.815758 0.0103774 0.187923
0.616942 0.254023 -0.512721
-0.762784 -0.274419 0.369529
-0.076151 -0.782065 -0.280771
0.338521 0.72728 -0.285188
-0.511241 0.210553 0.582254
-0.0169028 0.873739 -0.214927
-0.0980729 0.679336 -0.574954
0.179422 0.701029 0.364938
0.426234 0.63803 -0.348728
0.466744 -0.390575 -0.664779
-0.0609657 0.329051 0.707676
-0.590508 -0.259808 0.628723
0.405902 0.543507 -0.480222
-0.425925 -0.559981 -0.450971
0.278712 -0.429232 -0.686468
-0.190352 -0.0815044 0.883464
-0.797265 0.171647 -0.106636
0.198472 -0.645725 0.522754
0.24816 0.759255 0.172531
0.454631 0.214965 0.547906
-0.606864 0.579416 0.142878
-0.320384 -0.112448 0.837594
-0.604626 -0.0973813 0.629736
0.477141 -0.481627 -0.592969
-0.483825 -0.362093 -0.550719
0.689448 0.267144 0.231552
0.390655 0.667753 -0.354345
-0.154236 0.805805 0.26386
-0.710023 -0.414613 0.376244
0.418395 0.624924 0.168107
-0.621214 0.217499 0.472842
-0.616753 0.576864 0.0102153
-0.430241 -0.0327859 -0.735157
0.270718 -0.045422 0.793217
-0.147419 -0.727227 0.470481
-0.332329 -0.741866 0.312988
0.252973 -0.446039 0.697561
0.722792 -0.482996 0.107626
0.568096 0.489828 0.100616
-0.711124 -0.519417 0.242359
0.081493 -0.764076 0.38768
-0.303385 -0.768228 -0.0909147
-0.434614 0.437373 0.465952
0.673817 -0.520362 0.226782
0.775782 -0.398201 0.0581199
0.141767 -0.365763 -0.722111
-0.214216 0.793126 -0.351619
0.479844 -0.678702 -0.140278
-0.545954 0.668942 -0.028497
0.676472 -0.461572 0.290283
0.652444 -0.0879577 -0.595573
-0.400872 -0.742982 0.00496392
0.0532881 -0.839463 -0.00880239
-0.340715 0.76086 -0.309357
-0.0973142 -0.0845398 -0.799219
-0.824023 -0.0100505 0.0975698
0.121947 -0.767032 -0.35562
0.441952 -0.64758 0.304566
-0.774721 -0.238014 0.33259
-0.0393406 -0.513336 -0.64132
0.510154 -0.66688 -0.0912353
-0.767748 -0.38177 0.216815
-0.753404 0.315782 0.144417
0.534437 0.2837 0.437952
-0.0787753 -0.709837 0.51506
-0.818384 -0.150804 0.129314
-0.443771 -0.363879 -0.566408
0.523086 0.584025 -0.0210187
-0.812122 -0.166298 0.0251777
-0.171304 0.748523 0.366593
-0.683637 -0.4208 -0.229178
0.0822039 0.776368 0.286979
0.0740371 0.711681 0.380174
-0.649766 0.360939 -0.544151
0.668019 0.387128 0.0713976
-0.557342 0.0246147 -0.665893
-0.320841 -0.710752 0.412225
-0.384612 0.775302 -0.112062
-0.506055 0.64063 0.259928
-0.223467 -0.0889702 0.871919
-0.355708 -0.756553 -0.0990777
-0.143847 0.681074 -0.576866
-0.445891 0.056785 -0.77281
0.203131 -0.493439 0.684622
0.525704 0.126935 0.530611
-0.503263 -0.56776 -0.384007
-0.30098 -0.762348 0.222528
0.0503508 -0.186354 -0.771168
-0.395983 -0.734971 0.173324
-0.22486 -0.751793 -0.280594
0.382107 -0.0021426 -0.76972
-0.15651 0.376556 -0.769506
-0.770444 -0.341663 -0.12234
0.3217 -0.355323 -0.712294
0.826341 -0.174861 0.179681
0.174289 0.829219 -0.218576
-0.629437 0.55721 0.0269089
-0.348465 -0.309146 0.783668
0.0693077 0.415176 0.644377
-0.457982 0.493258 0.406945
-0.734882 0.39771 0.0926207
-0.248097 -0.770921 -0.165437
-0.756461 0.245394 -0.409466
0.211577 -0.775033 -0.246188
-0.203221 0.804222 -0.333068
0.310386 -0.401215 0.687212
0.521012 0.350979 -0.543822
-0.428056 0.608202 -0.531986
0.4425 0.362875 -0.593382
-0.0824911 0.909857 -0.0612221
-0.121622 0.532228 -0.691371
0.260852 -0.776568 -0.119097
-0.430106 0.565859 0.370047
-0.0429885 0.126036 0.842238
-0.542135 0.571641 -0.465702
0.313333 -0.75484 -0.0985282
0.0209403 -0.763986 -0.390486
-0.146472 -0.782006 -0.214471
0.0370243 0.282451 0.744301
-0.475923 -0.687701 -0.21758
0.140807 -0.685577 0.499956
-0.366569 0.763977 0.177964
-0.350891 -0.747267 -0.189473
-0.187936 0.201244 -0.817412
-0.572503 -0.115323 0.662367
0.456193 0.42912 -0.533118
-0.641498 -0.392739 0.51363
0.545492 0.376088 -0.502966
-0.176893 -0.687568 -0.426191
0.789127 -0.368032 -0.169709
-0.264162 0.392911 -0.74081
-0.802135 0.116435 -0.177183
-0.202269 0.529577 -0.6784
-0.158981 -0.751905 0.410025
-0.574309 -0.40531 -0.433186
0.154629 0.689057 0.387978
0.0772368 -0.541725 -0.63932
-0.709087 -0.421281 0.371474
0.821782 -0.0893872 0.182874
-0.475761 -0.430864 -0.51007
0.743592 -0.31404 0.299275
-0.507868 -0.675383 0.382484
-0.148644 0.879355 -0.079835
0.708024 0.154566 -0.461295
-0.37577 -0.298699 0.775072
-0.129545 -0.192215 -0.76759
-0.760025 0.209854 0.24066
-0.797235 -0.283598 0.139197
-0.715089 -0.0855915 0.497669
0.143664 0.770702 0.265908
0.448116 0.571328 0.206333
0.25256 -0.315807 -0.726723
-0.160373 -0.313613 0.848534
0.468435 -0.678809 -0.190554
-0.652723 0.0778132 0.539959
0.352148 -0.274054 -0.727729
-0.782121 0.0446702 -0.236251
-0.0337103 0.84824 0.153877
0.11844 -0.747347 -0.409999
0.598248 0.342132 -0.457939
0.267195 -0.743689 -0.308786
0.40909 -0.618218 -0.449727
0.497791 -0.601505 -0.406527
-0.74159 0.388811 -0.0960636
-0.691599 -0.420637 -0.215029
0.508214 0.212757 0.504351
0.63048 0.102224 0.416761
0.171017 0.79224 -0.331895
0.390945 -0.479381 -0.64
-0.19003 -0.494752 0.698679
-0.553546 0.621206 0.242793
-0.441396 0.432574 -0.662477
-0.475327 0.144092 -0.760713
-0.47629 0.718047 -0.124906
0.325534 0.697766 0.218201
-0.072548 0.441309 0.624086
-0.674098 0.294876 0.319713
0.230891 0.0916517 0.779912
0.407992 -0.409395 -0.681504
-0.0429508 -0.752979 -0.377403
0.446161 -0.566734 0.444407
-0.40288 0.666949 -0.481681
0.591697 -0.321982 0.472612
-0.141648 0.748009 0.364206
0.427416 -0.697346 0.0595914
-0.627505 -0.301479 -0.429516
0.242443 0.56322 0.489854
0.230187 -0.792028 -0.0365343
-0.619676 0.409321 0.313535
-0.138286 -0.0166373 -0.814563
-0.268918 -0.746363 -0.267304
-0.525513 0.685765 0.0317736
-0.795648 -0.0500525 -0.137031
-0.125144 0.659149 0.457346
0.25468 0.691155 0.334743
-0.283176 -0.441559 -0.594389
-0.765505 0.339077 -0.130814
-0.46921 0.167082 -0.755158
0.895809 -0.0776247 -0.150572
-0.58596 0.584126 0.21966
0.543011 0.482861 -0.381623
0.141182 0.619069 0.476273
0.171646 -0.802868 -0.147254
0.287413 0.0974817 0.734808
-0.784897 0.217971 0.148246
0.172199 0.175033 0.765548
0.300198 -0.00480493 0.762171
-0.6777 -0.507988 -0.114353
0.437595 0.324781 -0.624821
-0.743066 0.0472579 -0.354597
-0.44496 -0.280525 -0.607024
-0.624792 -0.0127042 -0.559355
0.329225 -0.710586 0.24768
0.112002 -0.785667 -0.302968
-0.142374 -0.260413 -0.742091
-0.0223002 0.882912 0.0353614
-0.295431 -0.5049 0.666755
0.420198 -0.249402 0.674568
0.381501 0.141003 0.641466
0.00197919 0.858642 -0.270193
-0.688578 -0.362326 -0.271113
0.134958 0.834257 0.0990651
0.463693 0.294582 0.499762
-0.361566 -0.290591 -0.636559
0.898297 -0.071674 0.0379241
0.360423 0.661603 0.21514
-0.727509 0.266656 0.251122
-0.518639 -0.647532 0.414792
-0.791555 0.128457 -0.229089
0.291277 0.56785 -0.552797
0.616555 -0.0431529 0.460555
0.805452 0.238115 -0.0233596
0.62034 -0.608397 0.03222
-0.634616 -0.301266 -0.418053
-0.531272 0.549846 -0.496324
-0.0802634 0.551033 0.541001
-0.431059 0.275416 0.588435
-0.0587323 0.87809 -0.212012
0.507098 0.557771 -0.341303
0.0482217 0.883562 -0.129092
0.438256 0.00778574 -0.750446
-0.561189 0.142585 -0.684811
0.27889 0.0747824 0.752197
0.154998 -0.807176 -0.150223
-0.563658 0.655932 -0.114488
0.0957105 -0.836258 0.12111
0.108708 0.177992 0.797313
0.570962 0.147192 0.474389
0.57656 -0.512794 0.354116
-0.675584 0.356347 0.264706
0.0636965 0.214373 0.789531
-0.429327 0.749193 -0.113264
-0.177532 -0.473095 -0.622485
-0.290657 0.746719 -0.407269
-0.580195 -0.620894 -0.0975999
-0.368433 0.753596 -0.270336
-0.491519 -0.693915 0.255956
0.457418 0.402067 -0.553311
0.145417 -0.781282 -0.309612
0.288357 -0.249181 0.766388
-0.765598 0.301462 -0.337374
0.471767 0.228662 -0.64046
-0.435291 -0.272641 0.749277
-0.510821 -0.258162 -0.589983
-0.258057 0.824545 0.162933
0.107943 -0.815688 0.23294
-0.465624 0.739345 0.115309
-0.0155232 -0.162136 0.887086
-0.0441765 0.868106 0.0966566
0.330718 -0.575171 0.539917
-0.400944 -0.193165 -0.668267
0.187303 0.728419 -0.435061
0.488094 -0.438151 0.514764
0.343357 0.655688 0.258931
-0.254004 -0.306781 0.832324
0.219026 0.620807 0.4474
0.321519 -0.670753 0.40968
-0.279723 -0.201802 -0.714153
-0.693875 -0.368087 -0.256603
-0.531552 -0.680447 0.216568
-0.464935 -0.680884 0.398342
0.494726 0.134938 -0.660229
-0.730023 0.279122 -0.458122
-0.227707 -0.774342 -0.170681
-0.539722 0.0711217 -0.700779
0.746211 0.188634 0.236312
-0.698948 -0.261162 0.521217
-0.808309 -0.0570242 0.216927
0.0832327 0.250406 0.758275
-0.077484 0.701754 -0.5383
0.169202 -0.396565 0.755364
-0.295038 0.774994 -0.329172
-0.778651 0.307244 -0.0455538
0.270936 -0.728615 0.296154
-0.402895 -0.244726 -0.642059
0.418494 -0.544951 0.497972
-0.267106 0.257355 0.68121
-0.474797 -0.703061 -0.184874
0.453036 -0.581413 0.418191
-0.623543 0.386872 0.326202
0.0204281 -0.785447 0.387493
0.254731 0.312317 0.642364
0.738801 -0.3333 -0.446487
0.71852 -0.453124 -0.264451
0.450066 0.196673 -0.669973
-0.660274 0.461967 0.193599
-0.0832837 0.724717 0.390549
-0.379361 -0.0567532 -0.744396
0.0416805 -0.270971 0.832129
-0.718384 -0.269696 -0.272952
-0.769853 0.315698 -0.216216
-0.289665 -0.534412 0.644429
0.699868 -0.0587102 0.367935
-0.332063 -0.292634 0.800028
-0.351966 -0.758176 0.02075
-0.27226 0.832389 -0.0526971
0.543194 -0.0137562 0.537993
-0.292206 0.75678 -0.382345
-0.816834 0.0674481 -0.0286507
-0.537493 -0.585675 0.472398
0.0384031 -0.794583 -0.28628
0.123188 0.832719 0.117449
-0.493685 0.408613 -0.645379
0.583316 -0.50183 0.357235
0.389317 0.164722 0.624137
-0.785041 -0.222335 -0.112757
-0.382942 -0.74869 0.0463159
0.81385 -0.112548 -0.354457
-0.601406 0.31797 0.420213
0.760031 -0.191383 -0.461648
0.815846 0.0808617 -0.255585
-0.533003 0.343936 0.46978
0.79208 -0.345707 -0.273848
0.681177 -0.430211 0.31597
0.783882 0.214994 0.107653
0.168342 -0.638413 0.550571
0.134641 -0.761355 -0.366954
0.128226 0.573232 0.514803
0.158064 -0.796254 -0.211052
-0.498485 0.712626 -0.0744534
0.0705078 0.0181863 -0.809018
0.60858 -0.513415 -0.471401
0.699828 0.0798578 0.341219
0.0301895 -0.553583 0.689126
-0.25692 0.838017 -0.0572597
0.508466 -0.617287 0.301283
0.026715 0.668811 -0.562862
0.369175 0.0167916 0.700215
0.134912 0.724423 -0.45422
0.245888 -0.700234 -0.424755
-0.433614 -0.711627 0.275932
0.330501 0.74037 -0.233944
-0.725845 -0.219925 -0.277732
-0.240032 -0.605032 0.597043
0.378061 -0.292734 0.696293
0.875084 -0.199374 -0.201642
-0.616409 -0.314597 -0.437137
0.172453 -0.607001 0.591462
0.68628 -0.393126 -0.488574
-0.518781 -0.695324 0.0156986
-0.592004 -0.213019 -0.537325
0.281523 0.231394 -0.758153
0.675664 0.0114973 -0.558269
-0.312926 -0.737408 -0.261006
-0.715052 0.0226795 -0.406399
0.302738 0.309832 0.617753
-0.411375 0.764896 -0.0861862
0.529432 0.395857 0.340048
0.652246 -0.525124 -0.34484
0.691051 -0.257982 -0.532829
0.0626288 0.875274 -0.05703
0.239677 0.804998 -0.0829258
-0.0771693 -0.829082 0.277969
-0.560016 -0.183266 0.673306
-0.127005 -0.663261 -0.494452
-0.381638 -0.374504 0.734872
0.45944 0.56274 0.199696
-0.314684 0.815542 0.114118
-0.312385 0.264405 0.657758
0.0334332 -0.791349 0.361471
0.904465 -0.081245 -0.130662
-0.298123 -0.734782 -0.274261
-0.814118 0.0379567 0.122671
0.853554 0.100774 -0.00185626
0.619184 0.457717 -0.239878
-0.504128 -0.316895 -0.564633
0.244868 0.54787 -0.6011
-0.585155 -0.47198 0.532394
-0.648207 0.537449 -0.16355
-0.263906 -0.408222 0.754319
-0.175259 0.721647 -0.523191
-0.16587 -0.127985 -0.778437
-0.76087 -0.224437 0.401521
0.052543 -0.843927 0.0325743
-0.804617 0.150381 -0.0110454
0.432504 0.618596 0.149958
-0.492697 -0.187525 -0.633094
0.0938764 -0.0762447 -0.789641
0.664625 -0.551044 -0.188655
0.237049 0.149449 -0.801565
0.111715 -0.0175491 -0.799796
-0.0617697 -0.815274 -0.100128
0.398405 0.322408 0.538675
0.111972 -0.762147 -0.372004
0.528599 0.238753 0.472399
0.371857 0.260929 0.591788
-0.100995 0.892945 -0.113074
0.824787 0.0150846 -0.299926
0.805928 -0.167992 0.217621
0.739492 0.363071 -0.0557664
0.127189 -0.097868 -0.783572
0.438448 -0.678762 0.139398
-0.735896 -0.330096 0.398743
-0.613871 0.0227857 0.60588
-0.213557 0.364957 -0.760633
0.296175 -0.695531 0.369462
-0.359817 0.722552 -0.40613
-0.201215 0.874905 0.0338068
0.582648 -0.277217 0.491328
0.192508 -0.807064 -0.0705576
0.704437 -0.451446 0.266286
-0.767725 -0.378536 0.222244
-0.624007 0.397074 0.316708
-0.458564 0.706342 -0.245381
-0.421389 -0.697575 -0.269141
-0.537613 -0.671762 -0.0433485
-0.0863372 0.727423 -0.501324
-0.212905 0.71237 -0.535453
0.221679 0.155158 0.750058
0.405216 0.547669 -0.477283
0.664355 0.422536 0.00472098
-0.817103 -0.0450125 -0.0439467
-0.796163 0.166409 0.119318
0.362897 0.323397 -0.673218
0.609819 -0.158764 0.479264
0.00993974 -0.131858 0.893396
0.178126 0.839464 -0.132942
0.272399 0.650042 0.380844
-0.197045 -0.761256 -0.272097
-0.768192 0.326821 -0.171499
-0.230549 -0.716226 0.449287
-0.788409 0.217131 -0.1481
-0.31106 0.49016 -0.679746
0.200219 -0.670425 -0.523392
0.420524 0.327018 -0.63585
0.635358 0.348099 0.21097
-0.287702 -0.771773 0.174725
0.723157 -0.490995 -0.0783389
-0.66537 -0.348005 -0.325211
0.373564 -0.726989 -0.174673
0.157693 -0.624607 0.576166
0.829663 0.128952 0.0547315
-0.650466 0.273077 0.3781
0.758062 -0.02901 -0.459839
0.276102 0.772592 -0.248508
0.320971 -0.679425 0.38815
-0.263112 0.130533 0.760157
0.32981 -0.384657 0.683967
0.319085 -0.753293 -0.0677276
0.420607 0.176445 0.594405
0.553073 -0.534434 0.356202
0.668803 0.275177 -0.391537
-0.737575 0.0369239 -0.362446
-0.5353 0.67968 -0.0397601
0.799241 -0.1467 0.228854
-0.21084 -0.782377 -0.130473
0.731687 -0.0484975 -0.510786
0.639731 -0.427653 -0.523233
0.789061 -0.370819 -0.064248
-0.454353 -0.210666 -0.637554
-0.484254 -0.155792 -0.652219
-0.798104 -0.219527 -0.0456733
-0.742461 0.271981 0.214921
-0.122755 0.364054 -0.780808
0.53018 -0.152612 0.569191
0.0574329 -0.5129 0.715029
0.544293 -0.140603 0.554771
-0.537611 0.666226 0.201547
0.516758 -0.327283 -0.658648
0.874782 -0.203484 -0.0608524
-0.512933 -0.617584 -0.289176
0.0878247 -0.476802 0.728678
0.669776 0.102205 0.371511
0.756126 -0.299572 -0.428599
0.71299 -0.291953 -0.496301
-0.374795 0.772102 -0.157306
-0.525475 -0.668307 0.372038
0.261748 -0.501413 0.658261
-0.32316 -0.565567 0.609534
-0.419603 -0.698 0.38498
-0.139776 -0.704506 0.512953
0.521983 0.558101 0.0555846
0.660914 -0.296304 0.397723
-0.739533 -0.0964292 0.449866
0.101235 0.319103 -0.787808
-0.729328 0.234391 -0.454902
0.795208 0.193015 -0.14568
0.229384 0.616399 -0.555679
0.25961 0.0247951 0.78597
0.211127 0.384385 0.620326
-0.304187 0.825383 -0.0151061
0.416846 0.0115484 0.66343
-0.680041 -0.495789 0.350908
0.250227 0.725162 -0.411392
0.231452 0.684634 0.358998
-0.61611 0.576943 -0.233311
0.380635 0.292452 0.569082
-0.00561561 0.558602 -0.682121
0.0830229 0.545688 0.547205
0.122984 0.00133607 -0.802741
0.147157 0.344189 -0.769067
-0.28154 -0.779891 0.00131347
-0.640605 0.53336 0.116251
0.640411 0.281844 0.302587
-0.804474 -0.164036 -0.0506881
-0.521066 -0.558499 -0.370372
0.181832 -0.79152 0.17721
-0.154577 0.88164 -0.0514361
0.188705 0.684946 -0.500247
0.0855625 0.822881 0.18252
0.0678393 0.83973 0.150182
-0.197229 0.364985 0.642337
-0.60627 0.204274 0.506535
0.532918 -0.654496 -0.109349
0.0201151 -0.787415 -0.329247
-0.241992 0.789512 0.249452
-0.266181 -0.769313 -0.147489
-0.442444 -0.63649 -0.351413
-0.551899 -0.6666 0.251228
-0.354288 -0.732487 0.32944
-0.216252 -0.764074 -0.239578
0.143175 0.0565012 -0.812085
0.382307 -0.486157 0.575043
-0.605038 -0.556081 -0.200788
-0.611236 0.475276 0.271401
-0.750324 -0.354854 0.315604
0.332144 -0.214302 -0.742484
-0.26188 -0.759302 0.333801
0.56055 0.321889 -0.534711
-0.401171 0.767074 -0.105168
-0.661864 0.519159 -0.0911407
0.0691273 0.875592 -0.0792981
0.709198 0.335698 0.0716009
-0.023102 0.0360079 0.897665
0.169191 -0.502249 -0.656261
0.74952 -0.425816 -0.204007
0.897333 -0.157469 -0.112518
-0.765342 -0.24732 -0.177302
-0.271144 0.659171 0.400566
-0.409562 0.136786 -0.782445
-0.410226 -0.735887 -0.185465
-0.399058 -0.451728 -0.537154
-0.504957 -0.346115 0.674213
0.11723 0.680301 -0.524186
0.360882 0.106022 0.67404
0.100389 0.410662 0.638868
-0.027917 0.6551 -0.596304
-0.585882 0.606513 0.177041
-0.640591 0.359078 -0.555594
-0.277879 0.723274 0.331464
-0.00546072 0.350162 -0.803729
-0.0716698 -0.733646 -0.399935
0.741118 0.279179 0.103333
-0.0240863 -0.0279489 0.918669
0.51664 -0.0696532 -0.704272
0.665388 0.275837 0.264146
0.454767 0.580233 -0.384194
-0.222523 0.776014 -0.386422
-0.588816 -0.625573 -0.0308072
0.426314 0.0311434 0.649949
-0.784898 0.0910209 0.277895
0.236707 0.790713 0.0927027
0.0687765 -0.829699 -0.0907321
0.027721 0.587649 0.517163
-0.705969 0.160868 0.38055
-0.785606 0.0494157 -0.222757
-0.160129 0.846349 0.181141
0.431074 -0.442574 0.565735
-0.237804 0.238043 -0.794986
-0.109277 0.837919 0.193418
-0.775324 0.0262598 0.321982
0.282313 -0.413487 0.69912
0.286741 0.201962 0.685196
-0.603866 -0.0755261 -0.57262
-0.00974866 0.759467 -0.436436
0.543339 -0.653638 -0.0355556
0.167565 0.747382 0.302455
-0.272802 0.832936 -0.0480802
0.199714 0.828618 -0.133621
-0.0699331 0.738118 0.371001
0.479652 -0.0503127 0.615175
0.254456 -0.138423 0.79948
-0.680449 -0.521994 -0.0347785
0.521236 0.310882 0.431736
0.616069 -0.510624 0.310088
-0.239108 -0.0919584 -0.773885
-0.56642 0.0846955 0.614742
-0.546775 0.0963839 -0.695757
0.833205 0.0917412 0.0931113
0.480588 0.00181256 0.605629
-0.740579 0.350783 -0.31596
0.804382 0.220258 -0.0599087
0.329796 -0.635139 -0.483494
-0.377567 0.0381182 -0.782796
-0.0331783 -0.801414 -0.219342
-0.0432949 -0.376584 -0.725832
0.505645 0.617837 -0.0673235
-0.0469182 0.733854 0.372515
0.274628 0.570198 0.475367
0.278127 -0.535014 0.626034
-0.559277 0.00467207 -0.656123
0.243917 0.245361 -0.769559
0.121891 -0.325444 -0.735373
0.56602 0.262567 0.419532
0.590733 -0.381961 0.448448
-0.622901 0.576216 -0.0878843
-0.272444 0.453577 -0.711522
-0.672476 -0.39657 0.459757
-0.197838 0.0472325 0.833001
0.684456 -0.470729 -0.375345
0.0270937 -0.114008 0.890628
-0.741621 0.32611 0.160035
0.159577 -0.652393 0.535919
-0.377826 0.723496 -0.380367
-0.114699 0.472149 0.599077
0.333624 -0.738626 -0.253659
-0.572303 -0.17359 -0.573273
-0.762395 0.308342 -0.331512
-0.364173 0.797348 -0.0332342
0.0466099 -0.838659 0.158453
0.409785 0.547158 0.320964
-0.564478 -0.540863 -0.31328
-0.108122 -0.76393 -0.320251
0.252317 -0.106 0.802363
-0.251652 -0.772777 -0.142714
-0.810616 0.126126 0.0413323
-0.654576 -0.242006 -0.425428
-0.30061 0.323238 0.625429
-0.746907 -0.0563478 0.421211
0.678762 -0.511738 -0.257381
0.705069 0.0648325 0.338085
0.567742 0.499168 0.0780276
0.756363 0.270821 0.0831517
-0.594486 0.616976 -0.0830493
-0.672279 0.493955 0.0369809
0.574518 -0.597973 0.240378
-0.00169041 -0.600438 -0.59448
0.351511 0.13194 -0.755922
0.328261 0.332247 -0.687889
-0.406048 0.36702 0.539646
-0.137711 -0.0878442 -0.795448
-0.0209157 0.312088 -0.808985
-0.435899 -0.13796 0.77443
0.769611 -0.138468 -0.461514
-0.103035 -0.492093 0.716908
-0.70936 0.0473447 0.464397
-0.348873 -0.558622 -0.492991
0.661165 -0.285926 0.399283
-0.638077 0.549003 -0.213635
0.791527 -0.363289 -0.183729
0.447191 -0.255116 0.646345
0.179354 0.75574 -0.392412
-0.719599 -0.0725529 0.483862
0.647166 -0.552966 -0.270956
-0.231785 -0.269814 0.85541
-0.476592 0.314722 -0.699368
0.245181 -0.6316 -0.562764
0.134046 -0.244645 -0.752082
0.155875 -0.699798 0.470602
-0.101985 0.759995 0.338702
0.83425 -0.285039 0.0193996
0.814998 0.170042 0.0557795
0.498667 -0.328124 0.572393
-0.436921 0.312671 -0.717199
-0.661393 0.348485 -0.542539
0.571732 0.174516 -0.582403
-0.149709 -0.250308 0.873279
-0.615395 0.241696 0.461766
0.861068 0.0141812 -0.182365
-0.688377 -0.0648211 -0.425593
-0.473554 -0.719525 -0.0638268
-0.378853 0.0935757 0.738091
0.462009 0.282972 0.507514
-0.41024 0.784356 0.00960894
0.116138 -0.0999315 0.860943
-0.299588 -0.703636 0.438724
-0.218732 -0.479508 -0.60226
0.643955 -0.276547 -0.587158
-0.766698 0.351163 -0.0521884
0.344592 0.396992 0.537697
0.045557 -0.840228 0.00677407
-0.176394 -0.321097 -0.698124
-0.449709 -0.624487 -0.360948
-0.533011 -0.372315 -0.513558
0.500056 0.532017 0.175747
0.682106 0.342299 0.123108
-0.135475 -0.730933 -0.370516
0.131554 -0.642129 0.566223
-0.473995 0.503481 -0.583734
0.0167644 0.349103 0.694387
0.328779 -0.173075 0.758742
0.23195 -0.103128 -0.77408
-0.0898503 0.747743 -0.471515
-0.425785 0.728863 -0.227275
0.461555 -0.686726 0.0285928
-0.20178 -0.352383 0.815854
-0.309874 -0.193313 0.83435
0.212157 0.38786 -0.725459
-0.215129 0.779893 -0.382478
0.380878 0.572377 0.332665
-0.722972 0.420411 -0.108268
0.314923 0.263649 0.634432
0.31853 0.377005 0.569288
0.552173 0.419134 0.261064
-0.115237 0.884582 -0.127747
0.456091 -0.46223 0.531148
0.230117 -0.785902 0.0547322
0.64484 -0.000360805 -0.588017
-0.718671 -0.0893671 -0.350256
0.494443 -0.108147 -0.711938
-0.238167 0.818616 0.200316
-0.801738 -0.0612995 -0.105359
-0.603768 0.0661929 0.592088
0.373187 0.35925 0.538817
-0.313158 -0.718684 -0.295678
-0.0826107 0.346429 0.693107
-0.685783 0.0207741 0.522435
0.736814 0.264166 0.141969
0.579819 0.445415 -0.357885
0.155469 0.394782 0.634739
-0.15645 -0.293574 -0.719932
-0.289881 0.826797 0.106663
-0.314053 -0.605172 0.579964
0.0107952 -0.698927 0.537249
0.255763 -0.607055 0.544101
0.426638 0.636374 0.12129
-0.182089 0.812836 -0.32768
0.0471238 -0.735064 0.481085
-0.820813 -0.0481195 -0.0262016
-0.279006 0.652443 -0.564634
0.364271 -0.0639164 0.728308
0.12627 0.793347 0.223535
0.181341 0.0416944 -0.807033
0.283622 0.341192 -0.707898
0.0431098 -0.545934 -0.635662
0.431246 0.138655 0.604194
0.280968 -0.0791117 -0.775194
0.489829 0.159584 -0.654152
0.468316 -0.203459 0.632613
0.474841 0.312773 0.479512
-0.320501 0.45408 -0.702538
-0.515227 0.700616 -0.0762875
-0.426492 -0.0154476 -0.74525
0.156967 0.422796 0.614287
-0.778932 -0.351984 0.105531
-0.0732813 0.456429 0.612842
0.0197258 0.783138 -0.394141
-0.0802024 -0.514762 -0.631518
0.482657 -0.274164 0.605183
0.790761 0.213328 0.085433
-0.0646183 -0.683957 -0.495546
0.733841 -0.473501 0.00250847
-0.303739 0.621775 0.409326
0.283453 0.714685 0.255037
0.346759 0.244883 0.6188
0.406933 -0.227729 0.692164
-0.1186 -0.0984037 -0.796309
-0.656144 0.39259 0.26646
-0.78265 -0.281965 0.276232
-0.0706726 -0.772447 -0.323841
0.3775 0.700902 0.0879258
-0.793568 -0.261976 0.00995588
-0.501976 0.403278 -0.642862
-0.522287 -0.058838 -0.669546
-0.533309 0.679267 0.0105772
0.419869 0.429501 0.446007
-0.473086 -0.452262 -0.497287
0.159395 -0.0612598 -0.788675
-0.600193 -0.0254525 0.626067
-0.385654 -0.604056 0.549166
0.356563 -0.558101 -0.588052
0.685526 0.378528 -0.185902
-0.786057 0.183066 0.1769
-0.518376 0.687214 -0.14353
-0.797752 0.0702524 0.210232
0.190229 0.811134 -0.260842
-0.624304 0.558381 0.0975136
-0.444108 -0.0569288 0.77541
-0.0499065 -0.841654 0.197298
0.760367 -0.366857 -0.353455
0.254067 -0.503326 -0.651218
-0.185312 0.481315 0.571476
-0.442098 0.150705 0.665333
0.482731 -0.630958 0.292114
0.638404 -0.537355 -0.371694
0.152652 0.674417 -0.524522
-0.737905 0.400344 0.000266331
0.690548 0.351815 -0.216016
-0.146117 -0.0212216 -0.812589
-0.612624 0.156648 0.53611
0.76922 -0.344444 0.231766
-0.197924 -0.124946 0.87971
-0.548893 0.627477 -0.33061
-0.502932 -0.31457 0.684173
0.325453 0.402627 -0.648193
-0.710391 -0.304852 0.481269
-0.352411 0.508704 -0.650496
0.500519 0.622771 -0.128149
0.43278 -0.360094 -0.690121
0.480386 -0.64941 0.197985
-0.075242 -0.07291 -0.800149
0.577234 -0.495116 0.370865
0.680849 0.265381 -0.377603
-0.247338 -0.790665 0.0507479
-0.470353 0.653424 0.273202
0.646002 0.452365 -0.0216215
-0.0585294 0.594608 -0.663161
0.699927 -0.0482219 -0.549151
0.591034 -0.307492 0.476269
0.578381 0.063617 0.484214
-0.236356 -0.711615 0.455636
-0.211465 -0.773069 -0.198369
0.889093 -0.171667 -0.156928
-0.374646 -0.0532229 -0.748085
-0.646048 -0.506186 0.400779
0.736653 -0.469885 0.0629466
0.0308927 0.120787 0.864238
0.713954 0.205604 0.272855
-0.443312 0.252797 -0.735778
-0.133843 -0.458742 -0.647672
-0.0944776 0.786355 0.291465
0.341475 0.450083 0.505591
0.61791 0.443662 -0.268659
0.0799604 0.681618 -0.531097
0.274163 0.782455 -0.0107195
0.245549 -0.700981 0.400964
-0.149394 0.520808 0.558114
0.287157 0.367539 0.592493
0.311966 -0.363437 0.709502
-0.0480966 -0.535171 -0.625615
0.534006 -0.512311 0.403405
-0.445486 -0.697249 0.371125
0.861283 0.0312823 -0.151606
0.824912 -0.0348961 0.173564
0.556792 0.0227914 -0.652692
-0.291194 -0.767976 0.200173
0.702218 0.290237 -0.285159
-0.0750497 -0.234723 -0.766539
0.0199925 -0.118446 -0.785904
-0.556317 0.638399 -0.27278
0.551533 -0.235437 0.534596
0.874046 -0.204209 0.0522694
-0.105963 -0.425914 -0.675468
0.335953 0.747008 -0.167986
-0.407655 0.597387 -0.554031
0.587109 0.3419 0.312509
0.252762 0.796434 -0.0553561
-0.782943 -0.176021 0.321434
0.116417 0.629517 0.472966
-0.720672 0.0841901 0.421305
-0.474644 0.302757 -0.704471
0.292715 0.776348 -0.159203
0.245688 0.0448109 -0.803871
0.133663 -0.607308 0.608958
0.842226 0.0923549 0.0558121
-0.178459 0.417913 0.6166
0.690214 -0.0960317 -0.559033
0.578499 0.265578 0.404347
0.0593595 0.606371 -0.633076
-0.0144583 0.853085 0.136398
-0.515803 0.207712 -0.720596
-0.164605 -0.729857 0.456107
-0.810578 -0.0791451 -0.0587587
-0.813313 -0.164261 0.190219
0.71638 0.216135 -0.364425
-0.126534 -0.528575 -0.612698
-0.782081 -0.323856 0.240398
0.0329774 0.837164 -0.308286
0.150453 -0.783859 -0.297379
0.38097 0.281254 0.574469
0.752006 -0.288384 0.294148
0.324672 0.740382 -0.258345
-0.0527081 0.624446 0.486315
0.592835 0.375518 -0.426504
-0.44168 0.695412 0.239668
-0.0636425 -0.736696 -0.398285
-0.165016 0.327244 0.679147
0.245595 -0.277466 0.78346
0.189983 -0.778359 -0.263746
0.808779 -0.186663 -0.368994
-0.593002 0.275301 -0.650004
-0.352045 0.0706445 -0.797124
-0.334046 0.684308 -0.505806
-0.783387 0.144646 -0.272027
-0.609694 -0.00760714 -0.588591
-0.747313 0.270473 0.205613
0.294836 -0.592115 0.542514
0.179527 -0.729546 0.387561
0.540112 -0.535897 -0.492599
-0.681842 0.298556 0.30354
0.83951 -0.197136 -0.29239
-0.75214 -0.413601 -0.0417499
-0.49598 0.358417 -0.670983
-0.326078 0.73366 -0.411457
-0.0103239 0.316811 -0.807618
-0.300864 0.823156 0.104669
0.585644 -0.305474 -0.628045
0.0989322 0.800096 0.227483
0.011597 0.770045 0.308401
-0.679087 -0.505764 0.342985
0.889475 -0.0650028 0.0540874
-0.288023 0.839844 0.0350615
-0.205415 0.647802 0.449443
0.528424 -0.646346 0.0839315
-0.0888125 0.755957 0.344348
0.112197 0.140383 -0.81597
0.147231 -0.736911 0.397783
-0.235461 0.219861 0.717274
-0.354183 -0.101593 -0.73272
0.308463 -0.381638 0.700668
-0.653836 0.0676204 0.546666
0.453607 -0.697534 -0.0172486
-0.53347 0.677283 0.0502088
-0.701615 0.212013 0.344189
-0.604021 0.589259 0.0771023
-0.0751577 0.105287 0.84291
-0.249345 -0.658513 -0.43584
0.430623 0.216862 -0.676887
0.538428 -0.307235 0.534932
-0.241839 0.484252 0.547752
-0.0263423 -0.383454 -0.725269
0.0765452 -0.590284 -0.611737
-0.323782 -0.293705 -0.650654
0.219529 -0.393067 -0.707458
-0.516791 -0.684747 0.249957
0.572726 -0.0928455 0.517784
0.823755 -0.306201 0.0479988
-0.538967 -0.39007 -0.49559
0.334963 -0.717121 0.196814
0.438322 0.520422 0.310927
-0.132846 0.861754 -0.196318
0.256605 0.0502511 -0.804272
-0.653617 0.1362 -0.555982
-0.550087 0.156508 0.591597
-0.110172 0.24286 -0.821442
-0.593822 -0.200348 -0.54034
0.219445 -0.72797 -0.391786
-0.72243 -0.434364 0.315745
0.356825 -0.302478 0.707471
0.14925 0.191852 0.768395
0.713546 0.211075 0.266379
0.112907 -0.565396 0.661631
-0.518709 -0.396512 0.649251
0.180655 -0.782372 -0.255719
-0.318459 -0.52001 -0.534848
0.0535524 -0.7563 0.432447
-0.774346 -0.132594 -0.197349
-0.116107 -0.26681 0.860705
0.636151 -0.0648539 -0.605529
-0.648987 0.253933 -0.57391
-0.739377 -0.448776 0.0885238
-0.656926 0.471693 -0.396937
-0.237076 -0.776864 0.282413
0.0261846 0.159282 0.835553
0.237937 0.0343985 -0.802337
-0.363112 -0.717606 0.372087
-0.128554 0.817008 -0.356069
0.0125613 0.729315 -0.476061
0.537382 -0.52553 0.385876
-0.0182119 0.430759 0.63303
-0.120237 0.771665 0.320184
-0.500085 0.684526 -0.224898
-0.249367 -0.600032 -0.512958
0.857221 0.0372561 -0.158209
-0.692685 0.336955 -0.508142
0.926633 -0.090097 -0.0401252
-0.773986 -0.067096 0.338693
-0.26007 0.335013 -0.759802
0.403182 -0.550254 0.505448
-0.0809678 0.815446 -0.369027
-0.187217 0.255439 -0.800632
0.49716 0.625592 -0.0667893
0.361871 0.569844 0.372456
-0.173489 -0.102466 0.890188
0.187545 -0.0498 -0.78894
0.727721 -0.232278 0.332078
-0.620985 -0.556124 0.388537
0.01052 -0.411727 -0.70936
0.536216 0.0359711 0.537708
-0.661551 -0.332736 0.524738
-0.116353 0.551237 -0.680867
-0.306765 0.238295 0.676652
0.176244 0.806927 0.126106
0.0530055 0.171018 0.823536
-0.221918 -0.696586 0.493835
0.0565002 -0.414104 -0.705743
0.455382 0.559701 0.213033
0.0469741 -0.733371 -0.465146
0.0303508 0.791661 0.26468
-0.508328 0.0652506 -0.733021
0.62404 -0.566157 0.228318
0.408202 0.506763 0.383284
0.201859 -0.125153 0.82325
-0.752985 0.314896 0.146289
-0.62684 0.0609348 -0.581202
0.536865 0.0734188 0.530131
0.272615 0.263779 -0.748456
0.229587 0.554153 0.499951
-0.597055 -0.416316 0.551677
0.593259 0.455134 -0.31274
-0.149439 -0.79759 -0.105246
0.799245 0.0504031 0.216448
-0.0527051 -0.531873 0.692821
-0.537604 0.679693 -0.0879164
-0.738671 0.361763 -0.27451
-0.584208 -0.629106 0.345892
0.630409 0.42656 0.0855137
0.256394 -0.779152 -0.0955815
-0.431503 -0.224653 0.762364
0.282037 0.783243 -0.0908231
-0.649143 0.537514 -0.0855233
0.412676 0.505423 -0.506694
-0.796173 0.172281 -0.130169
-0.46277 -0.455273 0.650798
-0.389557 -0.746528 0.0165945
0.0518126 -0.735291 -0.463765
-0.634181 -0.051116 -0.528939
-0.475516 0.434361 -0.639331
-0.707846 -0.500867 0.284385
0.0141023 -0.768761 0.436137
-0.673225 0.10164 -0.510959
0.296541 -0.705808 0.340455
-0.531738 0.0484683 -0.701979
-0.36116 0.538397 -0.62269
-0.618198 0.0610708 0.582285
0.51164 0.375335 0.389762
-0.126567 0.884215 0.0625864
-0.129305 -0.781269 0.359154
-0.559014 -0.661414 0.0298926
0.638905 0.371989 -0.326653
-0.725582 -0.0150373 -0.366885
0.514447 0.117555 -0.651138
0.120356 -0.0282487 0.864671
0.383218 -0.725552 0.00457868
-0.285752 0.80213 -0.199743
-0.251043 0.853058 0.0221632
0.576191 0.155754 0.466315
-0.127496 0.630409 0.479063
0.314514 -0.706796 0.304562
-0.0155874 -0.185292 -0.77523
-0.743362 -0.438794 0.0814417
-0.103528 -0.14358 0.90977
0.151564 -0.198956 0.835006
-0.47211 0.733648 0.103941
-0.632683 0.548996 0.0674861
0.103047 0.157457 0.812653
-0.678158 0.492697 -0.117882
-0.791899 -0.244484 -0.0726941
0.578055 0.259056 -0.544644
0.231602 0.175251 0.733215
0.363867 0.265712 0.595676
-0.608478 0.599732 -0.188361
0.429018 0.498044 0.362712
0.373707 -0.324985 -0.714704
-0.177818 0.135325 -0.840217
0.905386 -0.136444 -0.130493
0.551858 0.446576 0.219703
0.485294 0.610151 -0.239064
-0.0592934 0.521625 -0.70902
-0.269429 -0.782129 0.134461
-0.449762 0.707998 -0.262894
0.498413 -0.639904 0.204717
0.275825 0.260811 -0.748057
-0.367811 0.583457 0.397973
-0.200665 -0.632333 -0.497315
0.907999 -0.13487 0.0117097
-0.0452321 0.542189 -0.697102
0.327731 0.737593 -0.263595
-0.0682457 -0.753411 -0.362763
-0.692854 0.311459 0.273989
0.813938 -0.325193 -0.0611063
0.65345 0.368952 -0.293856
0.318687 -0.682225 0.383086
0.335182 0.358197 -0.670498
-0.412913 -0.636366 -0.379027
0.27756 0.256931 -0.748859
-0.55444 -0.674466 0.11169
0.661263 -0.437333 -0.483126
0.348264 0.126925 -0.759564
-0.181351 -0.206268 0.878798
0.50809 0.109281 0.555729
0.754607 -0.437908 0.0968752
0.680671 0.183577 -0.480623
-0.757198 -0.17705 -0.225942
-0.213064 0.0213968 -0.811166
0.369177 0.556966 -0.500138
-0.0191559 0.738681 0.361513
-0.364457 -0.0110981 0.807402
-0.751359 -0.242729 0.43596
0.729662 0.301894 -0.187023
-0.162043 0.346125 0.669038
-0.104861 0.473818 0.598679
0.415588 0.689725 -0.0165914
0.722571 -0.15164 0.35225
0.390649 0.416181 0.490945
0.608689 0.33722 -0.442247
-0.54105 0.442645 -0.576769
0.297944 0.773904 -0.1531
-0.417307 0.484926 0.441327
-0.645374 0.094421 0.537473
0.0187375 0.865236 0.0937131
-0.308042 -0.768432 0.139566
0.762274 0.194601 0.198754
0.246193 -0.776911 -0.174353
-0.5543 0.665654 -0.130661
0.0443884 0.314368 -0.803364
0.0533279 -0.717181 -0.500585
-0.462508 -0.329221 0.712579
-0.0175499 -0.0711781 -0.797112
-0.254998 0.0823944 -0.819971
-0.723121 0.13503 0.373758
0.266936 0.474829 -0.638374
0.308988 -0.590401 0.536718
0.380692 0.686405 0.121381
-0.55964 -0.161506 -0.591104
-0.395144 -0.687923 0.420613
0.606095 -0.541382 -0.435365
-0.756357 0.263845 0.192263
-0.0897275 -0.193878 -0.775131
0.539687 -0.252243 0.545282
-0.431988 -0.0836458 0.782601
-0.543576 -0.480988 -0.422711
-0.675095 0.0678971 -0.49584
0.286705 -0.40889 0.698914
0.403429 0.178575 0.606648
0.403515 0.681055 -0.268967
0.458919 -0.64571 0.272373
-0.199133 0.838265 -0.199501
-0.479702 -0.0192645 0.740394
0.268187 0.59177 0.461319
0.0583044 0.541167 -0.681959
0.783644 -0.308081 0.233526
0.0185586 -0.0214988 0.908806
0.369967 0.467352 -0.570218
-0.257473 -0.666094 -0.418131
0.563724 -0.335539 0.49929
-0.649986 -0.601868 0.212929
0.30413 0.646007 0.347532
-0.742774 -0.434935 -0.0962591
-0.170634 -0.536813 -0.593781
-0.138138 0.844045 -0.26073
0.205881 -0.603421 0.57819
-0.487922 0.670036 -0.3438
0.115866 0.68891 0.400698
-0.279482 0.793515 -0.266756
0.511391 -0.653933 -0.185665
0.103977 -0.524785 -0.648607
0.892503 -0.168487 0.0155582
-0.431343 0.576131 -0.556783
-0.220893 0.0123879 -0.807044
0.117148 0.858277 -0.0348247
-0.398076 0.431514 -0.68748
-0.147225 -0.0533248 -0.803292
-0.103575 -0.833972 0.18082
-0.372917 0.473327 -0.670586
0.887837 -0.139044 -0.173998
-0.442176 0.702735 -0.312066
-0.681264 0.46576 -0.270199
0.293511 0.139328 -0.78597
-0.272321 0.743815 -0.427229
-0.590399 0.603093 0.142162
0.733678 -0.475193 0.0576447
-0.477177 -0.145345 -0.660293
0.838911 0.0442456 -0.222791
-0.493859 0.327272 0.509571
0.875253 -0.203081 0.0302877
-0.55894 -0.670179 0.177931
0.557921 0.429775 0.233824
-0.381317 -0.736549 -0.223221
-0.181658 -0.00952693 0.86443
-0.750209 0.121889 -0.370835
0.524627 -0.261674 0.560969
0.226899 0.418708 -0.698929
-0.0743251 -0.305719 0.837428
-0.300876 0.655624 0.38374
-0.467182 -0.66682 -0.273312
-0.259355 0.616256 -0.600502
-0.238701 0.819473 -0.213252
-0.106508 -0.557714 -0.598647
0.44284 0.0937582 0.61663
0.549717 -0.595197 -0.355055
0.536575 0.428694 -0.466027
-0.327489 -0.631891 -0.435395
-0.755262 -0.408282 0.036454
0.416196 0.703465 -0.08302
0.490461 0.289304 -0.601813
-0.679873 0.472493 0.145102
0.374188 0.587655 -0.466556
0.387236 -0.621712 0.441354
0.434306 -0.459662 -0.632822
-0.143058 -0.0379534 -0.808475
-0.181326 0.845119 0.188394
0.566806 0.439099 -0.39701
-0.30642 -0.368641 0.774083
0.738082 -0.401831 -0.348452
-0.232888 -0.759165 -0.248783
-0.123456 0.895011 -0.0484323
0.261773 0.757179 0.16157
-0.150572 0.108526 0.813784
0.676786 -0.28208 -0.544949
0.625077 -0.387973 -0.5803
0.734161 0.143877 -0.42002
-0.691802 0.153849 -0.495297
0.165489 -0.796122 0.194913
0.352468 -0.622726 0.465832
0.890902 -0.160945 0.0407731
0.0975213 0.537445 0.549023
-0.0634289 -0.758652 -0.355037
0.177661 -0.288153 -0.739008
0.361651 0.303108 0.579177
0.282206 0.627414 0.403378
0.276083 0.736286 -0.365427
0.733948 -0.238145 0.323863
0.221301 0.670237 0.386091
0.175315 -0.547837 0.659166
-0.51313 0.439517 -0.603756
0.527308 -0.230758 0.563344
0.241226 0.413479 -0.693396
-0.200396 0.76313 -0.432943
0.695255 0.263462 0.226103
0.159001 -0.0669907 -0.787605
-0.131411 0.814455 0.246098
0.122696 -0.815089 -0.151158
-0.79084 -0.0934068 -0.14041
0.395586 -0.178696 0.711884
-0.646582 -0.606027 0.229812
0.420664 -0.453019 -0.64423
0.0420497 -0.697701 0.537456
-0.766715 0.341676 -0.104354
-0.766709 -0.0165536 -0.273986
0.390262 0.507231 -0.523285
0.466379 0.601848 -0.339448
0.768691 -0.0984762 0.276842
0.661271 0.130303 -0.52634
0.13082 -0.453435 0.73135
-0.575041 0.218777 0.536024
-0.483839 0.303594 0.534654
0.403608 0.108848 -0.734155
0.760998 -0.370165 0.225993
-0.275978 0.133636 -0.816814
-0.51194 -0.254878 0.692768
-0.655313 -0.548717 -0.0415592
0.300212 -0.757863 -0.186117
0.269227 0.770264 0.109648
-0.621342 -0.568369 -0.12739
-0.64676 -0.604178 0.207674
-0.441207 0.461777 -0.645357
-0.627086 0.141788 -0.5952
-0.375667 0.55807 -0.600319
0.628534 0.460254 -0.208005
0.178476 -0.769883 -0.317088
-0.285677 0.836801 0.00700571
-0.389751 0.76633 -0.142624
-0.575717 0.630329 -0.230873
0.606218 -0.602758 0.119787
-0.153057 0.299067 -0.79448
0.31799 -0.584981 0.539146
0.470958 0.383765 0.428591
0.253987 -0.780259 -0.0927376
0.738731 -0.463993 -0.0197607
0.641774 0.0881493 -0.558513
-0.506413 -0.557016 -0.394208
0.346833 0.31812 0.583673
0.220714 0.778429 -0.33283
0.765586 0.144152 0.245793
-0.731659 0.339334 -0.420794
0.794094 0.0989862 0.223076
0.250258 -0.578367 -0.61312
0.69348 -0.0460629 -0.555254
-0.250789 -0.6622 -0.428637
0.000599497 -0.0317013 0.91311
-0.139894 0.269316 0.722489
-0.411846 0.312636 0.575359
0.820611 -0.31201 -0.0332371
0.606619 -0.609441 -0.124155
-0.588022 0.607994 0.12513
-0.504958 0.0944699 0.662747
-0.710584 -0.0922059 0.509281
-0.0115759 0.369461 -0.802076
-0.0884725 0.718403 0.399569
0.491317 0.42065 0.370241
-0.785099 -0.325232 0.0655483
-0.197239 0.597962 0.486802
0.0561114 -0.753957 0.436105
-0.402857 0.719564 -0.342234
-0.0700456 -0.829531 0.038615
0.312093 0.34983 0.589552
0.176751 0.762574 0.249339
-0.00608023 -0.738 -0.427084
-0.4245 -0.657136 -0.338345
-0.0449567 -0.467022 -0.669363
0.0688513 -0.321095 0.806678
-0.689223 0.138152 0.428131
-0.427006 0.30266 -0.72504
-0.635801 -0.234407 -0.458906
0.269368 -0.689875 -0.425463
-0.722196 0.258649 0.268999
0.0232832 0.875573 -0.186252
-0.28236 0.2723 -0.774208
-0.379841 -0.379942 -0.584907
-0.43968 -0.123685 -0.686473
0.221152 -0.724526 0.363027
-0.368438 -0.495659 -0.524338
-0.523461 0.531118 0.33272
0.151396 0.583773 -0.61642
0.793076 0.171363 -0.193052
0.440507 0.510598 0.322293
-0.639828 0.196014 0.461825
0.143445 -0.204262 0.836837
-0.379186 -0.0770053 0.813953
-0.441193 -0.296822 0.738169
0.582744 -0.615479 0.112733
0.825066 -0.124748 -0.330269
-0.350111 -0.298904 -0.637203
-0.492624 -0.568321 -0.393911
-0.06048 -0.266759 0.851261
0.0227926 0.0383366 -0.815647
0.730388 -0.427514 -0.295657
0.288418 -0.631388 0.490783
0.648213 -0.298345 0.411999
