ply
format ascii 1.0
element vertex 10000
property float x
property float y
property float z
element face 0
property list uchar int vertex_indices
end_header
-0.407569 0.579795 0.46141
-0.636592 0.592782 -0.187747
-0.313219 -0.772472 0.412068
-0.708464 -0.494262 0.391909
0.642703 -0.308995 -0.471278
0.295899 0.689244 0.0191086
0.295772 -0.768025 0.254842
0.638091 0.00176795 -0.545996
0.120234 0.0491452 0.829436
0.840966 -0.0279023 -0.141222
0.514582 0.456566 0.195958
-0.0611921 0.249821 0.831378
-0.217601 -0.846975 0.139498
-0.576563 0.65815 -0.0594945
0.567186 0.499595 0.035654
0.156317 0.769885 -0.117003
-0.71905 -0.106061 0.606212
-0.115801 0.339766 -0.733375
-0.0992761 -0.866258 0.341511
0.471128 -0.300218 0.565463
0.0742234 -0.804273 0.393347
-0.333998 0.232103 -0.739066
-0.0597898 -0.873658 -0.044423
-0.413249 0.284057 -0.682566
0.473837 0.522818 0.154689
-0.581137 -0.558447 0.520419
-0.0101869 0.691769 0.378525
-0.712903 -0.234811 0.560581
-0.533696 -0.684998 -0.141894
0.443537 -0.764022 -0.0518145
-0.799926 -0.078128 0.42024
0.227012 0.0108835 0.774171
-0.579686 0.633572 0.0630244
0.665416 -0.316772 0.347621
0.262067 0.0361019 -0.742744
0.113549 -0.73242 0.501418
-0.202154 0.856001 -0.0118747
-0.756556 -0.436168 0.358444
0.789986 0.00794142 -0.290195
0.368798 -0.486132 -0.655802
0.436846 0.140285 -0.697087
-0.310892 -0.0330284 -0.77936
-0.0181251 0.275057 -0.757813
-0.140789 0.860823 0.023312
-0.0888783 0.0076315 -0.777516
0.0844935 0.670432 0.340718
-0.482904 -0.769183 0.0132105
-0.566496 0.599942 0.197227
-0.214482 -0.847526 0.115554
-0.236087 0.819691 0.138474
0.157112 0.738236 0.0703229
0.377548 0.4997 0.324429
-0.710863 0.486003 0.109476
0.697583 -0.33098 -0.397072
0.72939 0.197233 0.247048
0.0968162 -0.425575 -0.778545
0.499076 -0.0492237 0.57127
-0.110359 -0.758821 0.569554
0.439408 -0.303082 0.593274
0.305354 -0.810548 0.0466299
-0.658793 -0.600511 -0.0980146
-0.44258 0.120546 0.761981
0.283823 0.537411 -0.469523
0.465774 -0.4474 0.493805
-0.682486 -0.0923469 0.641882
-0.488965 -0.66724 -0.237732
-0.324042 -0.699627 0.544142
0.228297 0.0695124 0.77005
0.763043 -0.378483 0.0798486
-0.659934 0.548607 -0.255821
-0.568657 0.335787 -0.574258
-0.56272 -0.689883 0.316841
-0.309581 0.754008 0.218644
0.0187581 0.729108 -0.421689
-0.183741 -0.318669 0.888555
-0.576855 -0.0138601 -0.638234
0.591892 0.443141 0.106778
0.112657 -0.655037 0.59813
0.271857 -0.428803 0.676689
0.565587 -0.427557 -0.518595
0.333407 -0.69704 -0.460955
0.196535 0.0278246 0.789592
-0.468645 -0.1302 -0.685357
0.0592988 0.0024568 0.864981
-0.799408 0.381036 0.0277507
0.0366168 0.217841 0.813743
-0.273228 -0.403224 0.839073
0.769677 -0.155766 0.269268
-0.858909 0.190341 -0.0150812
-0.639647 0.559903 0.117771
0.849983 0.0111857 0.0825456
0.736338 0.248166 -0.111482
-0.365315 -0.781745 -0.0922863
-0.697561 0.21771 0.460819
0.694178 -0.52543 -0.0764489
0.0859594 -0.844924 0.233202
-0.0593818 0.142624 0.875756
-0.367896 -0.609183 0.670089
-0.411296 -0.336456 0.82918
0.462338 -0.744969 -0.230732
-0.205529 -0.839011 -0.0892013
0.122593 0.671896 0.296418
0.313805 -0.694862 0.365557
-0.19589 0.854623 -0.0522773
0.481249 -0.121079 -0.671031
0.809925 0.0269757 -0.225614
-0.460759 0.531296 0.466771
0.0121225 -0.763166 0.546824
-0.420362 0.127404 0.769045
-0.846982 0.0184269 0.256383
0.804363 0.0542525 -0.209034
0.745318 0.197683 -0.185735
-0.560399 -0.499045 -0.384559
-0.192481 -0.851236 0.11077
0.163718 0.583348 0.450192
0.709629 -0.0516789 -0.443788
-0.0538483 -0.816615 0.491569
0.00764226 0.704908 -0.47634
-0.0865937 0.574109 -0.590939
-0.855913 -0.147684 -0.152503
0.472974 0.56535 0.0508859
-0.522921 -0.684386 -0.159591
-0.671413 0.48845 0.222373
-0.52712 0.538207 -0.455076
-0.617453 -0.617874 0.379604
0.63988 0.313701 -0.324978
0.833883 -0.223869 -0.000273617
0.872847 -0.127983 -0.0321443
-0.805327 -0.203627 0.346862
0.000821687 -0.684043 -0.60342
0.320398 0.199835 -0.70834
-0.305306 -0.471088 0.787884
-0.715768 -0.443575 -0.207235
0.649885 0.238843 -0.414344
0.00524424 -0.795216 0.485249
0.575634 0.489443 0.0467805
0.375794 0.336884 0.537653
0.619524 0.307779 0.265504
0.37693 -0.789649 0.0984709
-0.040228 -0.84181 -0.263396
-0.57235 -0.0947818 0.734118
-0.0555359 0.357101 -0.723681
0.482041 -0.609393 0.321044
-0.483992 -0.217541 0.806325
-0.840277 -0.150417 -0.251392
0.133703 0.254409 0.751659
0.5608 -0.440442 -0.518434
0.357916 -0.797782 -0.0191454
0.0266567 -0.800008 0.451801
0.586842 0.277259 0.359848
-0.0204851 -0.111746 0.912848
-0.236467 0.189604 -0.755879
0.0164119 0.490394 0.597792
-0.138537 0.236141 0.825283
-0.596896 -0.627029 -0.148673
-0.854882 -0.0366598 0.121519
-0.147173 -0.319893 -0.783591
0.657009 -0.529368 -0.298677
0.398921 -0.271385 0.64559
0.512227 0.0346901 0.537518
0.211317 0.49637 -0.554998
-0.214616 -0.724417 0.570224
-0.819654 0.315179 -0.180533
0.679655 -0.0618006 -0.485039
-0.815672 -0.345025 -0.0717741
-0.816 0.0639474 0.406474
-0.379514 -0.669065 -0.37743
0.670612 -0.557774 -0.0612691
-0.841577 0.213774 0.119726
0.281439 -0.306532 0.730468
-0.684906 0.389994 0.307755
0.501461 -0.616853 -0.39454
0.652684 0.252058 -0.386101
-0.66782 -0.60142 0.295994
-0.369691 0.361905 -0.669676
0.482436 0.349593 -0.507731
0.315036 0.0784072 -0.729285
-0.755486 0.146507 0.430381
-0.870316 -0.0854953 -0.0992302
0.465667 -0.508732 -0.57421
-0.526868 -0.00308457 0.766868
0.385271 0.631007 0.017705
0.045957 0.252326 0.790494
0.543751 -0.366796 -0.571118
0.525428 -0.706097 0.0163358
0.197844 0.734361 0.0263056
0.108673 -0.286316 -0.790025
-0.00264986 0.549961 -0.595255
-0.29946 0.258327 -0.736545
-0.184364 0.435728 -0.673823
0.779992 0.207947 0.116551
-0.362239 -0.618868 0.660495
-0.671968 0.191646 0.529802
-0.0745865 -0.0846979 -0.784113
-0.217844 0.0947193 0.867298
-0.839875 0.153444 0.229673
-0.409641 -0.731668 -0.181684
0.676995 0.21458 -0.375267
0.371959 0.403056 0.471413
-0.392564 0.311539 0.691243
-0.38006 0.393286 -0.652279
-0.469793 -0.739831 0.310107
-0.51359 -0.518023 0.63114
0.39459 0.498185 0.302943
-0.551902 0.0507732 -0.664109
-0.240046 -0.617515 0.683895
0.334412 -0.750739 0.246316
-0.645155 -0.217821 0.663709
-0.532999 -0.399679 0.685382
-0.220389 0.619833 -0.543409
0.638276 0.275966 -0.383547
-0.859896 0.209204 -0.161925
0.805116 0.0314873 0.198834
0.636789 0.348181 0.177276
0.194516 -0.647742 0.544424
0.217917 -0.533261 0.635313
-0.303604 -0.829325 0.0580602
-0.160175 0.833729 0.111582
0.683092 -0.493216 0.130874
0.489751 -0.648557 0.267125
0.365302 0.625341 0.115067
-0.782919 -0.158375 -0.410475
-0.830972 -0.223444 -0.203445
0.356944 0.437114 0.445185
0.400493 -0.621897 0.384485
0.556033 -0.687208 -0.139744
0.00922829 -0.866863 0.204153
-0.569447 0.660666 -0.0989239
0.315358 0.684478 -0.046688
0.169348 -0.138646 -0.770487
-0.442768 0.747569 -0.0515082
-0.806596 0.0740537 0.41282
-0.771525 0.175985 -0.443659
-0.640223 -0.341991 0.597687
0.730976 -0.3911 0.183679
-0.185219 -0.152566 -0.787812
0.529184 0.117176 0.500132
0.320573 -0.114697 0.720175
0.483853 0.47539 -0.370246
-0.785483 -0.312775 0.365253
0.826526 -0.159904 -0.228877
0.0263749 -0.597734 -0.669645
0.632251 0.385241 0.130048
-0.423231 -0.535431 -0.504447
-0.707523 0.540509 -0.157432
-0.385084 -0.452179 -0.615572
0.619814 -0.122915 0.469302
0.00760987 0.571563 0.521907
-0.857996 0.0998003 0.133723
0.788269 0.184987 -0.00991722
-0.400227 0.365965 -0.656458
-0.261413 0.109284 0.850118
-0.203017 0.497163 0.6196
-0.190681 0.0129637 -0.776715
-0.104398 0.695574 0.382377
-0.822108 -0.405564 0.0649379
-0.76107 0.0634411 0.500762
0.15155 -0.744669 -0.478793
0.814879 -0.109473 0.186258
-0.00121623 -0.806426 -0.356469
0.505087 -0.27054 -0.630839
-0.834228 -0.111081 0.2695
-0.513379 -0.509908 0.636706
-0.777376 0.202642 -0.419858
-0.861145 0.187545 -0.183649
-0.321984 0.0679128 0.841001
0.323693 -0.0718469 -0.732735
-0.821228 -0.272127 -0.183705
-0.0826184 0.745975 -0.425009
0.747394 -0.35895 0.164433
-0.817846 -0.205898 -0.290796
-0.14499 0.799605 0.195248
0.447082 -0.760582 -0.0947414
-0.755801 -0.120964 0.516899
-0.521336 0.171997 0.683853
0.0622891 0.566754 0.515964
-0.158607 -0.605591 0.709191
-0.462393 -0.610926 0.603637
0.154488 -0.844345 -0.241134
0.60357 0.37711 0.188045
-0.396707 -0.737309 0.411042
-0.613555 -0.441125 -0.367955
-0.0259457 0.459479 0.636572
-0.092069 0.535852 0.569246
0.413391 0.0529401 -0.708615
-0.28168 -0.814986 0.325336
0.405906 -0.411915 0.568136
-0.781858 -0.125446 0.449241
0.738733 -0.449897 -0.219788
-0.26219 0.808939 -0.216655
0.297857 0.436713 -0.559674
-0.561363 -0.732766 -0.0134714
-0.458128 -0.718057 0.390564
0.286662 -0.357248 -0.720839
0.201444 -0.433943 0.727838
-0.86755 0.124942 0.000641089
0.773268 0.187799 -0.0755614
0.720199 -0.453495 -0.312921
0.578132 -0.345008 0.439664
0.395199 -0.693356 0.286093
0.37262 -0.724337 0.254286
0.16675 0.74337 0.0423056
0.328133 -0.378239 0.657295
0.402485 0.415712 -0.515119
0.532494 0.021072 0.520745
-0.598796 -0.0564455 0.710968
-0.625983 -0.436995 0.556475
-0.671745 0.452726 0.266696
0.278248 -0.0742138 -0.743753
0.283083 -0.369187 0.703554
-0.154048 -0.177446 0.925983
0.11847 0.276322 -0.733363
-0.00991842 0.812365 0.0358546
-0.534612 -0.231012 -0.623316
-0.441936 0.379772 -0.632602
-0.702301 -0.183858 0.605131
-0.695806 0.246317 0.436207
0.58966 -0.592889 0.211252
0.277618 -0.504207 0.612089
-0.523919 0.670185 -0.226802
-0.649214 -0.506642 -0.241352
-0.198112 0.856807 -0.0193479
-0.476278 0.461398 -0.584146
-0.55119 -0.579328 0.531703
0.499543 -0.727145 0.0106375
-0.838862 0.0866408 0.339458
-0.112459 -0.222045 0.923943
0.165476 -0.448075 0.744797
-0.394262 -0.235037 -0.702231
-0.761983 -0.341497 -0.23964
-0.00788497 0.287035 -0.756073
-0.152237 0.596312 -0.571044
-0.818402 -0.157455 0.315933
-0.158206 0.440256 -0.674983
-0.0434267 -0.189928 0.924781
0.339163 -0.0564535 0.70491
-0.239497 0.393429 -0.691328
-0.103068 0.758702 0.274887
0.493291 -0.72906 0.0623083
-0.196023 -0.27327 -0.782413
0.568059 -0.289125 0.480417
-0.43222 0.611984 -0.424075
-0.558779 -0.591735 -0.265581
0.218368 -0.194118 -0.760866
-0.0313294 -0.860193 -0.221366
-0.419916 0.115302 0.775228
0.0781674 -0.172596 -0.789309
0.334091 0.40761 -0.565683
0.44116 0.594964 0.00505957
0.815285 -0.0873252 0.203303
-0.314108 0.748808 -0.323305
0.453906 0.00499105 0.601979
0.563623 0.290667 0.373196
0.0439814 -0.856746 0.222367
-0.147512 0.521146 0.590079
-0.625307 -0.132019 0.692597
-0.765974 -0.150069 -0.433526
-0.0857898 0.278563 -0.75119
0.0765126 0.39709 0.664122
0.429432 0.567158 0.149683
-0.376267 0.574914 0.491258
0.699057 -0.452505 0.172916
0.64266 0.399256 -0.119882
0.0599221 0.639286 -0.508956
-0.829274 0.309942 0.0853033
-0.03334 0.499128 0.601027
-0.57152 0.0996823 0.682627
0.79143 -0.321754 -0.253057
0.462874 -0.547177 -0.549368
-0.0186585 -0.404885 -0.785821
0.261286 0.692837 0.0893768
0.614459 -0.407338 -0.47064
-0.759315 0.0779387 0.490023
-0.47433 0.0425052 0.784758
-0.0837803 -0.188818 0.935892
-0.142779 0.500611 0.611525
-0.864108 -0.00739915 -0.232177
-0.103495 0.76865 0.248042
-0.028568 -0.119101 0.917223
0.2338 -0.270233 0.769306
-0.79506 -0.243448 -0.29622
-0.751437 0.479077 -0.126005
-0.492375 -0.382306 -0.573884
0.0180562 -0.810392 0.43467
0.270329 0.228121 0.686652
0.287434 0.546009 -0.45883
-0.366663 0.373118 0.671957
-0.432098 0.420211 0.596077
-0.712423 -0.578918 0.203713
0.542632 -0.16713 -0.619287
-0.855162 0.100588 0.16047
-0.0544005 -0.195378 0.929134
0.475566 0.558608 -0.122368
-0.300466 -0.16168 0.903397
-0.179829 0.365199 -0.720926
-0.820153 -0.300128 -0.140605
-0.413752 -0.648729 0.570348
-0.226555 0.104237 -0.770103
-0.611148 -0.475034 -0.334095
0.288107 0.578775 -0.416353
0.763842 0.21003 -0.0691286
-0.0632687 -0.48036 0.815261
0.0431576 0.695936 0.319006
-0.667317 -0.500035 0.467818
-0.416601 0.1599 -0.723901
0.101041 -0.142994 0.847411
-0.36201 -0.164906 0.885566
-0.127223 -0.862111 0.130667
-0.825505 0.334095 0.0117464
-0.659791 0.311227 -0.520479
-0.809899 -0.090513 0.390555
-0.559876 -0.584875 -0.275629
-0.0184809 -0.799319 -0.375914
-0.551819 -0.161511 0.752408
0.402338 -0.340204 -0.680623
0.586646 -0.0456072 0.48328
0.48343 -0.7397 0.0162655
0.0512328 0.283009 -0.748025
-0.0744502 0.389148 0.712018
0.302851 -0.488119 0.60511
0.11976 0.603547 0.451903
0.788244 -0.152286 0.234261
0.701377 -0.210017 0.34558
-0.176191 0.748211 0.305413
0.248037 0.697243 -0.266106
-0.307032 0.760661 0.204893
0.350924 0.478181 -0.48589
0.327484 -0.704772 0.334296
0.704429 0.237001 -0.262884
-0.630381 -0.278131 0.648645
-0.517975 -0.695358 -0.14685
0.182103 -0.710883 0.468975
0.0145683 -0.800133 -0.371366
0.196997 -0.0788593 -0.761895
0.84677 -0.127822 0.057792
0.325171 -0.791579 -0.319834
-0.491907 0.671654 -0.281366
0.58848 -0.301897 0.453261
-0.338483 -0.751587 0.43591
-0.264063 0.4979 0.600428
-0.485893 -0.23501 -0.650719
0.391919 0.183725 0.608418
-0.216035 0.819312 -0.238
-0.759586 0.467834 -0.0586086
-0.262924 0.23099 0.791756
-0.556853 0.602057 -0.319011
0.319582 -0.576614 0.510481
0.522251 -0.462883 0.429649
-0.823747 0.112184 -0.355921
-0.593835 0.62732 0.0447724
-0.317022 0.544996 0.53896
-0.746431 0.0602198 -0.476293
-0.192949 0.472021 -0.647844
0.391221 -0.769527 -0.276179
-0.236887 0.0787851 0.86818
0.7415 -0.439438 0.00295359
0.712484 -0.444118 0.145935
0.846993 -0.244327 -0.089275
-0.830539 0.192367 0.228181
0.311872 -0.500479 -0.675708
0.624219 -0.366145 0.378405
0.862768 -0.0361934 -0.00762911
-0.616614 -0.416637 0.580141
-0.567532 0.137813 -0.641945
-0.264115 0.181754 0.815705
0.0101307 0.59649 -0.558508
0.658401 -0.527775 -0.298796
0.600918 0.0723364 0.440069
0.395097 -0.781661 -0.124515
0.0386547 0.00564579 -0.777783
0.127199 -0.612881 0.63057
0.0439206 0.717092 0.256166
0.633685 -0.0327376 -0.550462
-0.700101 0.377391 0.293431
0.375628 -0.109363 -0.712311
-0.128295 0.485253 0.626544
-0.870927 0.008188 -0.0384776
0.0927083 0.676865 0.315884
0.497837 -0.665834 0.231036
0.0648608 -0.368973 0.840705
-0.0202996 0.693532 0.377164
0.722788 -0.381315 -0.349793
0.0760935 -0.704931 0.574157
0.153377 -0.634275 -0.63408
-0.391039 -0.494286 0.754874
0.242751 -0.329633 0.75705
-0.191851 -0.851301 0.148116
-0.145572 0.746628 -0.413467
0.0518521 -0.858867 0.191207
0.267055 0.71027 -3.3048e-05
0.363413 0.166488 -0.70739
-0.342616 -0.804116 -0.0414249
-0.153598 -0.849355 -0.128577
0.559733 0.203324 0.448167
-0.114546 -0.1508 0.938589
-0.886719 0.107045 -0.160844
-0.872446 0.165915 -0.111997
0.223913 0.265227 -0.71064
-0.836092 0.120332 -0.317992
-0.834958 -0.252609 -0.136365
-0.802312 -0.0935941 -0.397146
-0.778967 0.424847 -0.00845602
-0.655459 0.309668 -0.524018
-0.864972 0.146618 -0.0073902
-0.312296 0.801783 0.0952609
-0.565933 -0.723341 -0.0233623
0.725581 0.278329 -0.0820319
-0.0760427 -0.475016 -0.734517
0.722452 -0.47597 -0.0193766
0.650979 -0.324303 0.365672
-0.192443 -0.341449 -0.760506
-0.249704 -0.08314 0.912121
-0.748691 0.467822 -0.174224
-0.628533 -0.0781317 -0.591476
-0.262245 0.493974 0.604767
0.622628 0.258675 0.332891
0.471086 -0.33461 0.547782
-0.567029 -0.220202 -0.606996
0.503576 -0.245103 0.563898
-0.363662 -0.0198684 -0.767048
0.513706 -0.722218 -0.0965327
0.733387 0.289889 0.0406658
0.588006 -0.0333335 -0.605555
0.517886 -0.370783 0.484766
-0.252419 0.335049 0.739186
-0.142176 -0.270105 0.908556
0.200099 0.71889 -0.267119
-0.450289 -0.783881 0.19139
0.230343 0.633326 -0.386452
0.822884 0.0248388 0.154092
-0.171822 -0.364417 -0.756229
-0.625485 -0.397799 0.582166
0.0227666 0.732612 -0.410319
0.789245 -0.382435 -0.186809
0.649178 0.291983 0.239783
-0.0483748 0.423013 -0.690117
-0.114846 -0.722073 -0.494221
0.465392 -0.675539 -0.346802
0.11857 -0.280895 0.833802
-0.0426665 0.62705 -0.551331
-0.742672 0.173845 -0.484041
-0.137498 0.778866 -0.355006
-0.689261 -0.543566 -0.135229
0.0835136 -0.238487 -0.793596
-0.41312 -0.764642 0.308772
-0.490025 0.272953 0.64699
-0.761568 -0.419075 -0.119698
0.214482 -0.698001 0.45769
0.580781 0.336641 0.280571
-0.397521 0.738628 0.155555
0.446593 -0.419053 0.526892
-0.792412 -0.406057 0.26281
-0.496055 0.320759 0.612684
-0.78506 0.0615089 -0.423636
0.795068 0.0132745 0.229863
-0.496557 -0.407403 0.718637
-0.508215 0.619626 -0.35077
0.425101 -0.30218 0.606949
0.691555 -0.488493 0.11251
-0.666686 0.583699 -0.102232
0.557477 0.160769 -0.610652
-0.365652 0.286416 -0.704069
-0.166966 -0.348742 -0.765163
-0.230391 -0.698464 0.602932
-0.294665 0.683693 -0.427728
0.00101852 -0.802873 -0.365379
0.831388 -0.0422231 -0.184213
0.0535697 0.686381 0.333861
-0.383159 -0.514316 0.745346
0.847444 -0.114642 0.0688922
0.0101969 0.276271 -0.758904
-0.555364 0.432606 0.493713
0.459607 -0.758464 -0.021086
-0.828354 -0.341329 0.11656
0.161119 0.230838 0.753038
0.819776 0.122967 0.0992984
-0.697776 0.246027 -0.517875
-0.522513 -0.40352 -0.525789
-0.154696 -0.188689 0.923499
-0.167022 0.681884 0.410071
-0.70062 -0.120557 0.630815
0.804875 0.157565 0.00611334
0.0843988 -0.184617 0.855259
0.0982131 -0.124549 -0.784869
0.342336 -0.796742 0.115082
-0.745781 0.145571 0.447902
-0.454151 -0.760131 0.267821
-0.557775 -0.235827 0.750052
-0.545662 0.666905 0.0445867
-0.462833 0.683511 0.218765
0.424487 0.175035 0.582083
-0.160686 0.197519 0.840504
-0.646904 -0.380753 0.565785
0.148798 -0.163239 -0.776048
-0.160201 0.0597458 0.889461
0.0556647 -0.853752 -0.231326
0.398923 0.364608 0.489487
0.0849527 0.24737 -0.749377
0.274108 -0.065021 -0.744285
0.553023 -0.683315 0.0281737
0.707736 0.112188 -0.432755
-0.724445 -0.512054 0.313545
-0.0926123 -0.378307 -0.774852
-0.176982 0.830966 -0.216511
-0.112981 -0.147459 0.939562
-0.852727 0.128688 0.141102
-0.424427 0.0679802 -0.739245
0.208643 0.232137 -0.725754
0.570737 0.407046 -0.323428
-0.089331 -0.673039 -0.59194
0.860519 -0.156535 -0.120908
-0.855004 -0.1755 -0.132058
0.453447 -0.758829 -0.0725235
-0.265313 -0.733229 -0.330119
0.165151 0.0429993 0.805606
-0.227025 -0.463797 -0.691827
0.196336 -0.419048 -0.741646
-0.122788 0.459875 -0.666
-0.147094 -0.669867 -0.567465
0.605168 0.347301 -0.34379
-0.214128 0.50558 0.608117
-0.136662 -0.135885 0.937819
0.0716987 -0.562264 -0.697574
0.463515 0.368059 0.40008
-0.823816 0.270547 -0.219488
-0.762654 -0.0627513 -0.451476
0.547245 0.419753 -0.344061
0.660676 0.383371 -0.0386172
0.118175 -0.371525 0.822614
-0.455434 0.0110439 -0.7262
0.848576 0.0201289 0.0579989
-0.66891 0.348414 -0.496975
0.275007 0.195206 0.703216
0.134431 -0.746656 -0.481075
0.187181 -0.228636 -0.769308
0.70973 0.294903 -0.126612
0.283583 -0.645307 -0.573304
-0.124962 -0.59229 0.727663
-0.531628 0.15994 0.682962
0.134285 0.359062 0.681736
-0.0124165 0.450084 0.641308
-0.416919 0.668617 0.302672
-0.674312 -0.578577 0.323917
-0.157081 0.863425 -0.0962979
-0.500928 -0.452789 0.687093
-0.873376 -0.0209316 -0.0890457
0.54626 -0.652336 0.201463
0.476902 -0.0107408 0.583861
-0.839871 0.0870601 0.33222
0.144445 -0.515971 -0.734303
0.265965 -0.785468 -0.371921
-0.509565 -0.31844 0.757086
-0.402385 0.722088 -0.294461
0.544429 0.528028 -0.0258793
0.758207 -0.167533 0.280788
0.0613031 0.379566 0.683827
-0.371343 -0.697477 -0.315255
0.665766 0.247925 -0.356064
-0.336441 -0.226949 0.879172
-0.0119023 0.727815 -0.453492
0.275643 -0.153594 0.74891
-0.202908 -0.849316 0.25413
-0.212213 0.247201 -0.74762
-0.135042 0.568238 -0.591894
0.734793 -0.432983 0.0671812
0.260896 0.339798 -0.655078
-0.252432 0.836786 -0.0197002
0.29611 0.432801 -0.564605
-0.247728 0.502914 0.600529
-0.723762 -0.118705 0.598933
-0.0193435 0.426548 -0.684007
-0.337932 -0.226354 0.878994
-0.174846 -0.209859 0.915472
-0.836229 -0.265576 0.108828
-0.804477 0.20379 -0.345301
-0.604258 -0.561092 0.48769
-0.846503 -0.130553 0.131805
0.032484 0.0490171 -0.774828
-0.11225 -0.370098 0.884035
0.669494 0.0458636 -0.504398
0.0990896 0.651814 0.371657
-0.13191 0.759636 0.280843
0.659997 0.0463225 -0.517646
-0.174968 0.401388 -0.698653
0.0251739 0.235598 0.80875
0.322987 0.437818 0.482459
-0.0508559 0.651812 0.434173
0.751582 0.264618 0.105777
-0.384574 0.776348 -0.0350906
0.576941 -0.660586 0.0753338
-0.141705 -0.697018 -0.53313
0.242762 -0.760798 0.321057
-0.550387 0.262864 -0.613099
0.216066 0.167616 -0.736181
0.134066 0.761755 -0.206378
0.442631 -0.239705 -0.680419
0.0397061 -0.239414 0.878011
-0.640993 -0.648021 -0.000130505
-0.496108 -0.735637 0.27758
-0.850055 0.0456521 0.239284
-0.649206 -0.262292 -0.510603
-0.831806 -0.0665196 -0.351971
0.699649 -0.238378 0.334347
-0.284635 -0.748305 -0.268649
-0.76838 -0.379066 -0.166901
-0.569619 -0.465893 0.601811
-0.623181 -0.264007 0.666814
-0.0772041 -0.567477 0.753617
-0.662625 -0.172615 -0.547134
0.286709 0.0916972 0.725547
-0.464396 0.352785 0.618543
-0.231136 -0.185417 -0.781994
-0.84402 -0.0557315 0.224404
0.369524 0.615044 -0.226857
0.768769 0.237115 0.0753362
-0.395352 -0.783252 -0.0564068
-0.746004 0.300682 -0.43463
-0.648626 -0.294755 0.613839
0.00826382 -0.855561 -0.230242
0.859348 -0.177415 -0.0428649
-0.830332 -0.298537 0.136325
0.666453 0.250526 0.272438
0.105685 -0.706407 -0.558749
0.00295384 -0.750063 -0.500141
-0.128852 -0.850923 0.411309
0.257548 -0.377091 0.723059
0.64159 -0.484322 -0.391547
-0.0685468 -0.868765 0.272286
-0.0266998 0.74079 0.263996
-0.225269 0.816065 -0.240142
0.63096 -0.372087 -0.464918
0.524161 -0.557853 -0.458424
-0.802215 -0.397588 -0.0195672
-0.857809 0.115563 0.111228
-0.132038 0.280663 0.80459
0.422044 0.0560065 -0.706577
-0.725696 -0.347542 0.476658
0.616066 0.423839 -0.17777
0.105703 -0.0983521 -0.782597
-0.0153564 -0.320624 0.880639
-0.560862 -0.158517 -0.625064
0.239396 -0.500768 0.644818
0.148574 -0.59513 -0.672507
0.46163 0.33977 0.444693
0.484585 -0.734741 -0.22138
-0.845634 0.0939381 0.264738
-0.487831 -0.634871 0.539326
0.700795 0.330495 -0.00983584
-0.00636473 -0.860986 0.285431
-0.236016 -0.843944 0.074595
-0.316827 0.662967 0.402521
-0.793538 -0.412369 0.25263
0.631579 0.00337112 0.426546
-0.00641293 -0.137237 -0.788117
-0.325414 0.200706 -0.747645
0.0465082 -0.825938 -0.303061
-0.680392 -0.547284 0.370432
0.183201 -0.837774 -0.259459
-0.0595572 0.819186 -0.290577
-0.87166 -0.043307 -0.0846983
0.00208684 -0.849785 0.35291
-0.106359 0.445986 0.666353
0.591063 0.0421353 -0.603946
-0.039768 -0.831647 -0.28866
0.645535 0.314331 0.212804
-0.469895 -0.780409 0.146194
0.620117 0.034979 -0.57178
-0.326333 -0.61114 0.675297
0.45755 0.466956 -0.411097
0.0863111 -0.141596 0.855481
0.302603 0.661595 -0.245863
-0.192216 -0.789396 0.477634
0.431328 -0.775257 0.0823552
-0.654613 0.551414 0.102373
0.135757 0.52041 -0.569204
-0.352937 -0.285644 -0.710605
-0.561504 0.104055 0.689366
0.330474 -0.00462119 -0.729324
0.051423 0.799322 0.00665241
-0.673533 0.205539 0.51371
-0.829686 -0.291171 0.149364
-0.390748 -0.526438 -0.543928
-0.630236 -0.111585 -0.584569
-0.430039 -0.557823 0.697775
0.0581813 0.331471 -0.721127
-0.693934 -0.532688 -0.13882
0.0407627 0.675732 0.374126
-0.223238 0.601813 -0.554919
-0.713858 -0.10713 -0.51059
-0.19291 0.229956 0.81932
0.0846292 0.590376 0.486995
-0.56339 0.659081 0.0216871
-0.296364 -0.118639 -0.777776
0.481814 0.0590783 -0.686975
0.320863 -0.440208 0.629007
0.448596 0.52338 0.189506
0.601703 0.185953 -0.539007
0.736982 -0.440359 0.0265582
-0.602649 0.178752 0.605608
0.480393 0.162137 0.536233
-0.376059 -0.225264 -0.714726
-0.324161 0.278395 0.73977
-0.294555 0.472948 -0.627049
0.0562203 0.120688 0.844805
0.364071 -0.641992 0.395586
0.47195 -0.744583 0.0882366
-0.35361 -0.192772 -0.734975
-0.427418 0.239542 -0.690919
0.370473 0.294352 -0.648255
-0.794433 0.254528 0.237493
-0.84178 0.28046 -0.000568629
0.0967607 0.259176 -0.744769
0.179724 -0.51851 0.677498
-0.868858 0.0257478 -0.000886796
-0.752755 -0.33797 0.444844
-0.0487579 0.748057 0.262399
0.0739645 0.315647 -0.726682
0.0726502 -0.764788 0.483377
-0.212357 0.800591 0.201448
-0.0369822 0.829716 0.014621
-0.53666 -0.646657 -0.204843
0.837526 -0.255023 -0.151554
0.0264991 0.0803614 -0.77276
0.248457 0.378155 0.607533
-0.201194 0.625608 0.483742
0.217269 0.725703 -0.197382
0.780202 -0.331569 -0.27662
0.484825 -0.741792 -0.151457
-0.136537 -0.198479 -0.7911
0.743276 0.231251 0.172569
0.27299 -0.169356 -0.743687
0.0297694 -0.871211 -0.0812479
-0.329361 0.684613 -0.400591
0.06638 0.561052 -0.564888
0.401936 -0.377961 0.589294
-0.279172 -0.0808845 0.906006
0.552754 -0.0244927 -0.637358
-0.424137 0.236231 -0.693773
0.497117 -0.711039 0.138426
0.446477 -0.764717 -0.00774093
0.756847 0.244468 0.0057215
-0.546991 0.433914 -0.552414
-0.136554 -0.150187 0.934824
-0.400434 0.67258 -0.364198
-0.686454 -0.057874 -0.545222
0.0860334 0.722523 0.194162
-0.408788 -0.652369 -0.368786
0.366298 -0.58537 -0.579805
-0.445367 0.371034 -0.634689
0.453808 -0.00570461 0.604945
0.298178 0.683036 0.0520752
-0.302915 -0.403467 0.833961
0.394799 -0.427642 -0.661105
-0.402161 -0.0572657 0.852689
-0.175767 0.404655 0.716864
0.589089 -0.387099 0.40565
-0.669427 0.211063 0.515407
0.521818 0.274495 -0.540773
0.688282 -0.310429 -0.415167
0.604682 -0.547036 0.262447
0.553455 -0.398522 -0.545672
0.506534 -0.326922 0.519013
-0.126495 0.532371 -0.616952
0.349503 0.308819 0.578976
0.651498 -0.584886 -0.0563108
-0.130766 -0.517953 -0.691581
-0.219011 0.71352 -0.442944
0.0864356 0.30818 -0.727589
0.817203 0.0365405 -0.165063
-0.54026 -0.278681 -0.606838
0.322728 -0.628277 0.450339
-0.429469 -0.153898 -0.701748
-0.0658589 -0.623778 0.707576
0.607912 -0.117089 0.479707
0.551778 -0.262103 -0.591675
-0.83608 -0.0804906 -0.333869
-0.760736 -0.108532 -0.452994
0.550836 -0.689447 -0.0451831
0.652685 -0.394495 0.32603
0.63526 -0.30855 -0.48051
-0.428802 -0.558337 -0.477801
-0.308367 0.647984 0.431096
0.840786 -0.181874 -0.186342
-0.648684 -0.625913 -0.0487972
-0.592578 -0.695236 0.241935
0.315534 -0.680183 0.387388
0.017116 -0.871836 -0.066581
-0.355841 0.478637 0.585495
0.110282 -0.313487 -0.790144
-0.28192 -0.595024 0.6983
-0.739267 0.121917 -0.487425
0.662906 -0.428771 0.294046
-0.546144 0.336093 0.562774
-0.230106 0.474996 -0.638565
-0.666513 -0.363289 -0.372573
-0.441139 -0.276978 0.838662
-0.719583 0.474147 -0.265071
-0.46198 -0.705426 -0.196862
-0.755652 -0.334996 0.44125
-0.43911 -0.692521 0.468996
-0.720396 -0.505755 0.337369
-0.377696 0.549227 -0.545056
-0.309663 -0.596081 -0.553954
0.774677 -0.35997 -0.266663
-0.777675 0.314185 -0.335366
0.0794625 -0.811251 -0.33812
-0.757154 -0.291712 0.452816
0.382609 0.586077 -0.304463
0.10753 -0.651216 -0.624234
0.103173 0.772163 -0.223905
0.539951 -0.161423 -0.62264
-0.112966 -0.769061 -0.380754
0.557896 -0.5931 0.265524
0.398364 -0.0924543 0.66606
-0.682307 -0.186089 -0.520041
0.323912 0.0191538 -0.729786
-0.116545 -0.864071 0.0445904
-0.324898 -0.217717 -0.745129
0.241736 0.20748 -0.724846
0.325031 0.212706 -0.703377
0.0197339 -0.386028 0.845013
-0.0348687 0.761576 0.212016
-0.59596 0.153994 0.626859
-0.683869 -0.041977 -0.547849
-0.432925 0.527092 0.496467
-0.237732 0.497503 -0.621951
-0.403032 -0.768055 0.311387
-0.590696 -0.669594 -0.0817651
-0.821588 0.280232 0.140578
-0.0801997 0.700985 0.371486
0.683168 -0.540967 -0.1814
0.189607 -0.794336 -0.373108
-0.363073 -0.597438 -0.501246
0.255793 -0.589903 -0.645569
0.0609707 -0.569695 -0.691697
-0.67274 -0.389027 -0.334551
0.267059 -0.415402 0.690724
0.297625 -0.0844242 -0.739896
-0.226379 -0.295459 -0.771407
-0.811097 -0.14367 0.362137
0.441366 0.542875 -0.299098
-0.421944 -0.757166 -0.0992719
-0.4832 0.683472 0.162738
0.159817 0.421238 -0.632614
-0.523581 0.68806 -0.148071
-0.472401 0.728016 0.0287652
0.55032 -0.679556 0.0884731
0.179601 0.636965 0.322867
-0.704274 0.453922 0.205925
0.106638 -0.482721 -0.75884
0.0413922 -0.75248 -0.491098
0.639763 -0.423496 -0.433947
0.818496 0.139969 0.0306721
0.10593 -0.427683 0.796989
-0.296557 0.389824 0.687457
0.0366539 -0.34 0.858167
-0.729606 0.483516 0.036669
-0.208199 -0.755581 0.524532
-0.499751 0.428363 0.539058
-0.835751 0.156516 0.260193
-0.167883 0.0983913 -0.77076
0.157471 -0.230821 0.814069
-0.217942 0.334714 0.753383
0.0621589 -0.807426 -0.349185
-0.397387 -0.0898195 -0.734863
0.681359 -0.261658 -0.438334
0.402877 0.625273 -0.0497051
0.284103 0.0817496 0.72911
-0.547623 -0.698383 -0.0963985
-0.83635 0.206437 -0.251453
0.319774 -0.0103543 0.714034
0.0527964 -0.207181 0.871822
-0.628354 0.168115 0.587962
0.257353 0.0641323 0.751165
-0.593403 0.343344 -0.554528
0.383242 -0.138087 0.673313
0.440584 -0.605461 0.365517
-0.42333 -0.0067782 0.828064
0.563775 -0.175177 0.532057
-0.384597 0.230601 0.734935
-0.0777656 -0.462892 0.825225
-0.424952 0.161391 0.750113
0.78814 -0.319346 0.0580546
0.0620353 0.453179 -0.643269
0.168896 -0.684753 -0.574578
-0.328328 -0.211022 0.885655
-0.388006 -0.798101 0.0153829
-0.110438 -0.864969 0.0944822
-0.137212 0.540772 0.568203
0.0289306 0.697725 0.329331
-0.226558 0.279306 0.780146
-0.673971 -0.608848 0.0156237
0.21108 -0.755592 -0.440645
-0.657065 0.282853 -0.53258
-0.415262 0.452985 0.578029
-0.320157 -0.756294 -0.209326
-0.284999 0.38934 -0.685012
0.722292 -0.0985684 0.348084
0.531724 -0.400212 -0.570249
0.651133 -0.121527 -0.508909
-0.404973 -0.79441 0.0259468
0.652342 0.360257 0.133715
-0.538679 -0.752573 0.0810409
-0.551557 -0.346964 0.698155
-0.376116 -0.519855 0.742249
-0.678495 -0.474456 -0.231715
0.160056 -0.286957 -0.774756
0.489226 -0.73962 -0.157621
-0.579757 0.503448 0.345577
-0.721479 0.492468 -0.227228
-0.0146371 0.293573 -0.753853
-0.639826 0.120939 0.605765
0.0165438 0.0105897 0.886527
0.359779 0.277179 0.590622
0.290473 0.609722 0.263652
-0.547346 0.607197 0.227366
-0.22475 0.84157 -0.078973
0.180233 -0.776995 -0.414563
0.353391 0.105284 0.663598
-0.0546209 0.158386 -0.766983
-0.883536 0.0627939 -0.150151
-0.75228 0.183495 0.399655
0.107585 0.0583736 -0.77087
0.59137 0.292954 0.330128
0.155029 0.75983 -0.170021
0.268932 -0.439599 0.670382
-0.122009 0.458673 0.654289
-0.504113 -0.753372 -0.0226722
0.722877 -0.216126 0.310249
0.295252 0.596534 -0.38381
-0.844411 -0.135964 -0.238252
-0.129282 -0.275472 -0.789087
0.0203611 -0.41156 -0.792991
0.452492 0.520432 -0.34955
-0.15988 -0.641117 0.67495
-0.540803 0.459103 0.473732
0.751131 0.12762 0.276512
-0.560171 -0.0717002 -0.6404
-0.621223 0.225973 -0.577714
-0.390506 -0.748913 -0.154993
0.377391 0.120879 0.638234
-0.182212 -0.717452 -0.449278
0.0386123 0.677808 -0.4844
0.601625 -0.503323 0.319863
0.110739 0.630776 -0.485656
-0.707171 -0.359975 0.494984
-0.649578 0.585313 -0.178459
0.710717 0.295785 0.131195
0.416632 0.510948 -0.402166
-0.0808793 0.835467 -0.249703
-0.852932 -0.234867 -0.0514621
-0.358771 -0.394623 -0.659197
0.659674 -0.0739714 -0.510599
-0.88372 0.110605 -0.136758
0.688555 0.091065 -0.473878
-0.876117 -0.0301568 -0.128645
0.791102 -0.333806 0.0230768
0.592442 0.438713 -0.211991
0.108286 -0.381647 -0.782975
-0.090269 -0.814211 0.492792
0.236236 -0.141708 0.773753
-0.270175 0.805893 -0.219813
0.18319 -0.843417 -0.0030764
0.760695 0.00343578 -0.352676
-0.673743 -0.606103 0.268968
0.546671 -0.561382 -0.421176
0.641315 0.342648 0.177963
-0.355226 0.652613 0.387583
0.523473 0.184672 0.488514
-0.808468 -0.288253 0.269483
0.303316 0.565139 0.330692
0.867978 -0.0579412 0.00936854
0.475027 -0.580624 -0.489254
0.252956 -0.51663 0.621541
0.56098 0.273421 0.402517
0.484536 -0.138477 -0.667732
-0.287273 0.442314 -0.649043
0.153105 0.42339 -0.633492
0.679313 0.234298 -0.33844
0.482736 -0.740478 -0.201172
-0.0335274 -0.320218 0.886673
-0.0298245 -0.208565 -0.79307
-0.117432 0.848422 0.0408163
0.621517 -0.0608486 -0.559042
-0.130978 0.252681 0.818446
0.121867 0.758757 -0.247154
-0.505523 -0.650315 -0.244625
0.148547 0.0459162 -0.767415
-0.0400314 -0.769024 -0.441753
-0.793718 -0.17582 0.401277
-0.37286 -0.593975 0.683809
-0.864483 0.192812 -0.0738905
0.782529 -0.220956 0.184104
-0.351553 0.264418 -0.718699
-0.563106 -0.532847 -0.343055
-0.0422569 -0.86911 0.205218
0.658593 0.276845 0.246568
-0.656469 -0.403009 0.539601
0.104057 0.268554 -0.740204
0.59899 -0.526419 0.295199
-0.633264 -0.15476 0.687085
0.152598 0.064015 -0.765002
-0.61393 -0.192979 0.704442
0.636335 -0.610253 -0.152731
0.447007 0.494321 0.235094
0.632935 0.132194 -0.532015
-0.30912 -0.327087 0.856496
0.212448 0.470573 0.55046
0.588231 -0.185712 -0.567468
0.382382 -0.790374 0.0703312
0.18659 0.512535 -0.554527
0.858895 -0.204908 -0.0824156
-0.42175 0.758059 -0.0588245
-0.632775 0.57413 -0.247626
0.15481 0.534964 0.515862
-0.630601 -0.423943 0.559609
-0.306908 -0.28209 -0.737725
-0.770874 0.425234 0.0249144
0.248838 -0.799922 0.228444
-0.274631 -0.837345 0.163128
-0.421178 -0.750784 -0.117454
0.368119 0.389816 0.492752
0.457541 0.455923 0.277488
0.323268 0.675897 -0.0151766
0.317453 0.49893 0.409271
0.816682 0.0221226 -0.194356
-0.0354104 0.753611 0.23595
0.267677 -0.713096 -0.48864
0.192504 0.574017 0.440723
0.460757 -0.359313 0.544592
-0.760553 -0.373043 0.413451
0.340326 -0.764139 -0.35259
-0.545561 -0.00685384 0.752191
0.183232 -0.638067 -0.626198
-0.624206 0.417626 0.388419
0.0609516 -0.0138968 0.865048
-0.414417 -0.204038 0.85419
0.148891 -0.857423 -0.162027
0.661564 -0.513893 -0.317648
0.68483 0.187046 -0.395209
-0.722925 0.379056 0.25066
0.0465477 0.806747 -0.172281
0.672021 0.358773 -0.0969956
0.308261 0.126328 -0.724568
-0.578154 -0.65801 0.379047
-0.584382 0.469932 0.390069
0.356057 0.093177 0.664528
-0.164571 0.735067 0.325963
-0.839678 0.231188 0.111581
-0.31166 0.659944 0.410347
-0.474209 0.00830489 -0.712965
0.369492 0.414347 -0.537014
-0.547449 0.560136 -0.402443
0.0144094 0.795282 0.0593002
-0.260922 -0.742526 -0.309462
0.125444 -0.815278 -0.324399
-0.00769239 0.528236 -0.612124
-0.568353 0.638096 0.0792907
0.623513 -0.423462 -0.452902
0.431491 0.595248 -0.102785
-0.765318 0.359125 0.177403
-0.4258 0.755242 0.0787165
-0.32589 0.423923 0.645867
-0.0683654 -0.0446447 0.934528
0.307231 0.613281 0.233269
0.303885 -0.325908 -0.720661
0.604436 0.465313 -0.00286939
-0.314943 0.556706 0.528287
-0.0853313 0.692109 0.385894
0.036258 0.781245 0.0765292
-0.677692 0.0346397 0.614712
-0.391032 -0.0696855 -0.743184
-0.220665 0.801079 -0.300941
0.222528 -0.0996187 -0.757117
-0.372938 -0.361689 -0.665891
0.138948 0.285524 0.732048
0.280753 0.0911181 -0.735531
-0.74785 0.400345 0.168076
0.733168 0.296197 0.0803021
0.665473 0.334301 -0.222977
-0.687818 0.545749 -0.209026
0.517822 -0.711908 0.0209413
0.0528855 -0.666413 0.631001
-0.296528 -0.165461 -0.772131
-0.756082 -0.36006 -0.227962
0.430046 0.12435 -0.700937
0.13558 -0.807255 -0.344139
-0.420832 0.754744 -0.172471
0.374304 0.583373 0.20476
-0.713073 -0.225434 -0.451026
0.088963 0.777977 0.0284283
0.540633 -0.358453 -0.578469
-0.453338 -0.766458 0.247382
0.0456387 -0.00935264 0.873029
0.643555 -0.221411 0.427031
0.36435 -0.397201 -0.681927
0.626135 0.0485123 -0.561708
0.688723 -0.437153 0.246121
0.66955 -0.477066 0.217413
0.44268 0.595198 -0.0582563
-0.424751 -0.727317 -0.177541
-0.523053 -0.661197 -0.200216
-0.720023 -0.141031 0.600484
0.442622 -0.153759 0.626439
-0.500225 0.398259 0.561597
-0.814923 0.357972 -0.0211481
-0.876816 -0.0194173 -0.138319
-0.569553 -0.710826 0.226326
-0.291431 -0.818061 -0.0524868
0.770151 -0.416045 -0.16336
0.736484 0.253413 0.150843
-0.749691 0.158507 0.428719
-0.658206 0.569218 -0.208985
-0.138072 -0.408365 -0.746232
-0.123819 0.28141 0.805583
-0.0109632 0.606985 -0.557685
0.759409 0.0424494 0.281025
0.530347 -0.371447 0.472129
0.180792 0.284842 0.714463
-0.38181 0.355544 0.674583
-0.653579 -0.531097 0.463482
-0.0607228 0.50127 0.603185
0.0740465 -0.854748 0.180624
-0.0972005 0.843504 -0.211675
-0.541271 -0.0127051 0.755931
-0.0462123 -0.195629 0.925926
-0.352319 -0.595047 0.686282
0.159425 -0.747636 0.428324
0.84194 0.0471812 0.0611344
-0.404121 0.36929 -0.653396
0.235564 -0.336528 0.761679
-0.803041 -0.0312444 0.428997
0.412057 -0.221078 -0.692263
-0.749857 0.0303041 0.526441
-0.144068 -0.820448 0.455432
-0.487575 -0.417525 -0.547158
-0.0801233 0.755882 -0.406725
0.485416 -0.0446489 -0.675803
0.81886 -0.108244 0.173806
-0.219521 -0.767434 -0.285469
0.42746 0.420189 -0.495164
0.723742 0.30511 0.0437434
-0.0415849 -0.449839 -0.757338
0.70431 0.0355968 0.346281
-0.0877115 0.690757 -0.50462
-0.17423 -0.212225 -0.786796
0.773457 -0.131806 0.275267
-0.498338 -0.401764 0.720125
0.697333 -0.167517 0.372395
0.542556 0.0286198 0.508881
0.156769 0.770472 -0.109924
0.184463 -0.848706 -0.167566
-0.228716 -0.0603752 0.910239
-0.348918 0.780063 -0.227927
-0.0290029 -0.826318 -0.307729
0.32352 -0.320249 0.691432
0.303996 -0.32075 -0.721628
-0.258856 0.806005 -0.238362
-0.672564 -0.550769 0.386246
0.765947 -0.118975 -0.361824
0.767787 0.101044 -0.291211
-0.249899 0.70066 -0.437703
0.470911 -0.747751 -0.152297
-0.408356 -0.682176 0.51197
-0.479118 -0.208843 -0.660803
0.602129 -0.62789 0.0880828
-0.684533 0.387528 0.310971
-0.603573 0.0825473 0.662966
-0.43699 -0.792639 0.0843147
-0.666226 -0.115329 0.658585
0.0286344 0.813231 -0.0124179
-0.389973 0.623774 0.409725
0.536929 -0.621499 -0.337332
0.340604 0.419532 0.486452
-0.0996815 0.164154 -0.766387
-0.0221805 -0.81929 0.45306
0.84121 0.0457795 0.0795604
-0.510479 0.130617 0.718103
0.761355 -0.291635 0.185024
-0.761261 -0.505514 0.0632696
0.437048 -0.70351 -0.338636
0.451327 -0.294477 0.586702
-0.321649 0.670641 0.384372
-0.847419 0.19728 -0.222063
-0.361109 0.14847 -0.749094
0.685679 0.315127 -0.196033
0.080038 0.718678 -0.386259
-0.755183 -0.469242 -0.0475471
-0.232103 -0.434248 -0.704146
0.410547 -0.630883 -0.483796
-0.123431 -0.465239 -0.724068
-0.824191 -0.231694 -0.230113
-0.17998 -0.615993 0.695587
0.200682 0.657692 -0.376489
-0.728266 0.166878 0.45732
-0.347176 -0.814183 0.244709
0.339968 0.356966 0.550014
-0.00642166 -0.674275 -0.610708
0.24214 -0.820325 0.121074
0.764463 -0.0895444 -0.361413
-0.523012 0.69606 -0.081687
0.441446 0.513076 0.214975
-0.319669 -0.0510667 0.890095
-0.848043 -0.119643 -0.230133
-0.402786 -0.717109 -0.22856
0.60371 -0.211836 0.487957
0.805881 -0.32398 -0.0275423
-0.253804 0.718832 0.352322
-0.726552 0.182294 0.445372
-0.839348 -0.0683193 0.258549
-0.403413 0.407084 0.629211
-0.840468 -0.049735 0.264588
0.615186 0.329247 -0.350689
-0.365893 0.273149 0.722733
0.545884 0.163514 -0.620146
0.591147 -0.344176 0.427307
-0.710333 -0.372865 -0.293406
0.689051 0.318748 -0.171734
0.812284 -0.337081 -0.0757127
0.598445 -0.124795 -0.570492
0.54544 0.027877 -0.645325
0.240844 0.0632535 -0.746305
0.433676 0.555855 -0.271149
-0.733708 -0.372836 -0.256817
0.384411 -0.400735 -0.67292
-0.157367 -0.258669 0.908278
0.0475424 -0.778932 0.479211
0.77002 -0.209766 0.236229
0.568036 0.224902 0.434511
0.785663 -0.387416 -0.0672101
-0.630423 -0.273622 0.651231
-0.826922 -0.293662 0.174091
-0.0795694 -0.281655 -0.793897
-0.606724 -0.302789 -0.531362
-0.47808 -0.330511 0.78134
-0.149828 -0.858497 0.0377812
-0.724794 0.392938 0.232473
0.600742 -0.595447 0.170406
-0.131007 -0.735008 -0.449057
0.512714 -0.162902 0.572221
0.423074 -0.363601 0.577176
-0.444717 0.257441 -0.675693
-0.356324 -0.770919 0.362058
-0.123536 0.872294 -0.0197268
-0.391007 0.302257 0.696556
-0.612312 0.285322 -0.562447
-0.576367 -0.677047 -0.0904496
-0.138917 0.629907 0.473363
0.0929934 0.200543 0.799189
0.691235 0.261628 0.215052
-0.432405 0.515175 -0.550417
0.804101 -0.186968 -0.299954
-0.837367 -0.204645 -0.194941
0.57236 0.204988 -0.554201
-0.181524 0.124307 -0.768869
0.692192 0.341631 -0.0208113
-0.346232 0.615969 -0.482688
-0.26873 -0.218047 0.897133
-0.206452 -0.848816 0.172313
0.134004 0.780468 -0.0996031
0.461016 0.0822935 -0.695703
-0.639195 -0.133341 0.68135
0.104232 0.71995 0.181787
-0.108956 -0.842768 -0.197406
-0.429077 0.361621 0.641638
0.372163 0.360631 0.519319
-0.489632 -0.363 0.751132
-0.880421 0.0648535 -0.194732
-0.750036 -0.422281 -0.152045
-0.514512 0.639001 0.222992
0.121101 -0.606698 0.641464
-0.266596 0.327344 -0.719407
-0.551706 -0.616585 0.483366
0.866404 -0.132359 -0.10614
-0.265238 -0.732798 0.527321
-0.428882 -0.405268 0.782787
-0.857356 0.188187 0.00355951
0.0801723 -0.445709 0.794874
0.540582 0.0645524 0.501944
-0.552469 0.124668 -0.656351
-0.489147 -0.451296 -0.515548
0.358732 -0.797376 0.0518601
-0.468719 0.15923 -0.696962
-0.68837 -0.284304 0.565376
-0.667826 -0.0405159 -0.564293
0.266303 -0.225147 0.74986
0.0257238 -0.534274 -0.717705
0.392932 -0.178013 0.661224
0.270679 0.596542 0.320367
-0.553568 0.595075 0.244622
0.270198 0.3767 0.591229
-0.844853 -0.0389545 0.231601
-0.400972 -0.259601 -0.692662
0.782733 0.0643406 -0.294031
-0.0380935 -0.845183 0.404769
-0.105552 -0.866036 -0.0382055
0.38322 -0.266976 0.658015
0.156427 -0.0807211 0.81754
-0.859957 0.20629 -0.050053
-0.039012 0.51302 0.588641
-0.708649 -0.584352 0.163859
-0.0912575 -0.473581 -0.730359
0.324289 -0.559595 0.524437
0.646048 0.157625 0.374087
-0.448211 0.565671 0.433391
0.329516 -0.586936 0.490186
0.591547 -0.652752 -0.11072
0.240568 0.431444 0.567717
0.167672 0.493783 -0.576961
-0.353242 0.626361 -0.463128
-0.841716 0.181965 0.167471
-0.525782 -0.644361 0.480718
0.518727 -0.463341 0.432867
0.749678 0.194175 -0.173246
0.464511 0.0437006 -0.691913
0.536048 0.379354 0.280803
0.642087 -0.216066 -0.496157
0.606235 -0.63804 -0.0637625
0.438288 -0.647384 0.317927
-0.162259 -0.460255 -0.714079
-0.412652 -0.453704 -0.587507
0.577549 0.408632 -0.307977
0.562918 -0.654958 0.139827
-0.626317 0.555558 -0.299646
0.274899 -0.550054 0.573425
0.65905 -0.583507 -0.13649
0.549623 -0.159015 0.543929
-0.151951 0.680361 0.410949
-0.639635 -0.216137 0.672279
-0.682647 -0.318938 -0.396005
0.531141 -0.665476 0.198067
0.00861728 -0.729979 0.598736
0.51419 -0.65816 0.228059
0.572659 -0.0260149 -0.621258
0.441259 -0.703608 -0.332893
-0.335514 -0.193727 -0.744871
-0.422266 -0.30551 0.836294
0.472629 0.491827 0.202623
0.0457033 0.483221 0.596344
0.481524 0.0798164 0.556442
-0.227816 -0.276881 0.890253
-0.46573 0.234508 -0.672661
0.551352 -0.594846 0.271364
0.433988 0.31737 0.505979
0.394542 -0.22398 0.654542
0.665194 0.182314 0.348945
0.111014 0.481981 -0.606178
-0.53428 -0.389374 0.690437
-0.0859885 0.587093 -0.581324
-0.70055 -0.594934 0.115917
0.512627 -0.722484 -0.0865403
0.799972 -0.073065 -0.283279
-0.107255 -0.614784 -0.629044
0.694687 -0.319315 0.302335
-0.835854 0.149715 -0.298692
-0.761977 0.220929 -0.448712
-0.357732 -0.0394043 -0.766178
0.21202 0.376786 0.63398
0.425813 0.545278 -0.333114
-0.166199 -0.758049 -0.36326
0.212783 -0.547198 -0.703533
-0.602123 -0.440682 0.581146
0.287453 -0.736151 0.319394
0.574778 0.103774 -0.607539
0.411745 0.168512 -0.695575
0.500408 -0.733142 -0.194896
0.328071 0.313607 -0.649681
0.122991 -0.715282 0.519542
0.242207 -0.633958 0.519335
-0.680406 -0.28784 0.574243
0.717121 -0.426256 0.172691
0.0458172 0.245861 -0.757309
0.517656 -0.367501 0.486803
-0.841632 0.031575 -0.33561
-0.411726 -0.584991 -0.467134
-0.696617 -0.111574 0.632656
-0.326814 0.607135 -0.507383
0.526493 0.38124 0.291488
0.393883 0.579366 -0.297739
0.322509 -0.797013 -0.312907
-0.216214 0.218024 0.817824
-0.520255 -0.760229 0.0303225
0.792293 0.0908151 -0.209947
0.62269 0.400462 0.123382
0.0855183 -0.866627 -0.0370238
-0.637524 -0.664535 0.186538
-0.607488 0.621977 -0.167507
-0.134682 -0.377115 0.876125
-0.100394 0.705309 -0.493973
-0.19332 -0.0343095 0.910065
0.56177 -0.0525446 -0.625276
0.461864 -0.239981 0.601609
0.201456 0.0997188 -0.749764
-0.688494 0.0632716 0.595068
-0.423529 0.372416 0.639474
-0.106567 -0.198426 -0.792033
-0.251087 0.533995 0.569516
-0.634827 0.0795359 -0.597037
-0.121124 -0.490301 -0.712984
0.326592 0.594553 0.251162
-0.719456 -0.482236 0.382027
0.593953 -0.45024 -0.475426
-0.726686 -0.236295 -0.417771
-0.844151 -0.11635 -0.258511
-0.0689294 0.627094 -0.551553
0.337026 -0.665462 -0.500457
-0.306577 -0.691423 -0.400249
0.20139 -0.757111 -0.44127
-0.376459 0.220892 0.743554
0.851458 -0.0458022 -0.111518
0.218168 0.655413 0.235641
-0.743201 0.245254 -0.482456
-0.533898 -0.535307 -0.384665
0.292842 0.247111 -0.700621
-0.345292 -0.477125 0.777957
0.625393 0.302665 -0.369616
0.528405 0.238211 -0.571882
0.293915 0.557186 0.35559
-0.319337 -0.827898 0.239122
0.224541 0.709279 -0.259808
-0.820384 -0.176667 -0.327271
0.149753 -0.0990545 0.821425
-0.393693 0.258165 -0.701865
0.221689 -0.606023 0.564717
-0.629773 0.0379053 0.661576
-0.0904852 -0.76524 0.5679
0.681013 -0.344515 0.310618
0.251941 -0.409059 0.707602
-0.856275 -0.143893 0.0241506
0.412781 0.577293 -0.247453
0.0267136 -0.380324 0.846029
0.405343 0.0385041 0.635916
-0.848073 0.00468818 0.233302
0.298618 -0.81519 -0.0466015
0.0618148 0.653674 0.40114
0.744635 0.158605 0.275897
0.426216 -0.662617 -0.419872
0.125161 0.561206 -0.543374
0.643069 -0.300746 0.389064
-0.377817 0.778457 -0.068046
-0.275717 -0.799132 0.380149
-0.163207 0.0898448 -0.771385
-0.38508 -0.676687 -0.354451
-0.74245 0.0342091 -0.481063
0.464737 0.0436016 0.581996
-0.69919 0.285829 0.389549
-0.655741 -0.47056 -0.271362
-0.679167 0.0378966 -0.552476
0.445108 -0.479376 -0.608554
0.119077 -0.463448 0.766014
-0.637363 -0.386735 0.575383
-0.143946 0.830101 -0.236799
-0.693461 -0.294699 0.55229
-0.557507 -0.745938 0.0573346
-0.351255 0.674359 0.350948
0.297459 0.667443 -0.236372
-0.517689 -0.754297 -0.00579182
0.489032 -0.527898 0.407104
0.132877 -0.315226 0.824994
-0.80884 -0.181316 -0.349447
0.120688 0.380759 -0.676006
-0.246262 -0.782453 0.449079
-0.106806 0.327161 0.775738
0.174579 -0.47498 0.716219
0.206535 0.632323 -0.408862
-0.215841 0.591626 -0.563228
0.638622 0.242802 0.329879
-0.845269 -0.0243691 -0.311661
-0.00755083 -0.857822 0.311887
-0.318602 -0.678103 0.588558
0.554798 -0.291072 -0.580909
0.736882 -0.234568 -0.379307
0.79682 0.184074 0.079311
-0.478241 0.661943 0.249926
0.0937622 0.099958 -0.768381
0.0796439 0.31955 0.731801
0.539462 0.392605 0.256217
0.138176 0.540839 0.518344
-0.0993301 0.561356 0.542739
-0.279223 -0.735191 0.512101
-0.189182 -0.851821 0.0829865
0.665072 0.243801 -0.364363
-0.593443 0.0682494 -0.630395
-0.218285 0.362379 -0.715731
-0.157483 -0.745834 0.565828
0.437611 -0.550919 -0.564168
-0.176812 0.348949 -0.725641
-0.582663 -0.0232228 -0.632689
0.757731 -0.249608 0.236522
-0.126513 0.650588 0.446496
0.344019 0.00360248 0.694073
-0.265753 0.62295 0.47923
0.546275 0.10719 -0.636391
-0.565057 -0.0880439 0.739768
-0.75534 0.402651 -0.274507
-0.196096 -0.850754 -0.00637692
-0.647344 -0.394331 -0.368437
-0.846528 -0.0907114 -0.26737
0.0897813 0.618635 0.446779
-0.652608 -0.0407439 0.658635
-0.518857 0.0865985 -0.688855
-0.617301 0.541326 0.226967
-0.260896 -0.268724 0.88485
0.264302 -0.412041 -0.717053
0.472329 0.246139 0.520686
0.851794 -0.0284162 -0.0779247
-0.470954 0.689738 0.175622
0.0247121 -0.786998 -0.404164
-0.23475 0.389707 0.710532
0.222493 -0.574566 -0.675611
-0.627685 -0.19119 -0.573733
0.241405 -0.802696 0.229036
0.385762 0.0306257 0.655299
-0.650175 -0.59043 0.369525
-0.823697 -0.405656 0.0756373
0.760121 -0.376557 -0.293681
-0.516556 -0.0861182 0.777302
0.310691 -0.760081 -0.383633
0.103127 0.685517 0.283153
-0.835112 -0.279449 0.107062
-0.524983 0.691802 0.0165952
-0.406851 0.111689 -0.738013
0.071236 -0.136418 0.863753
0.818863 -0.292976 -0.199869
0.521865 -0.350112 -0.599941
-0.61119 -0.585308 -0.199078
0.831807 -0.293227 -0.095912
0.318006 -0.801165 0.127877
-0.623856 0.0362253 0.667886
-0.672265 0.0637892 0.60996
-0.869991 0.182519 -0.140627
0.748396 0.261199 0.0162699
-0.239312 0.0766966 0.86831
-0.316052 0.121663 0.820844
-0.393223 0.414854 -0.63817
-0.317429 -0.402983 -0.67845
-0.468333 0.275085 0.663203
0.536105 -0.653016 -0.287378
-0.069234 -0.506201 0.796731
-0.146497 0.255959 -0.75134
-0.120774 0.314216 -0.739245
0.193629 0.675325 0.212075
0.237358 0.457171 0.544891
0.832313 0.0819066 0.0720355
-0.335719 0.786469 -0.215199
-0.667043 -0.423557 0.51303
-0.733635 -0.3412 0.4694
0.083377 0.674708 -0.454434
-0.701377 0.196735 0.474535
-0.543759 -0.693781 -0.110616
-0.325563 -0.825746 0.0805941
-0.542334 0.654863 0.0949046
-0.375517 0.140801 -0.744876
-0.736206 -0.200529 0.538316
0.6367 0.398781 -0.168079
0.787253 -0.380965 -0.0526552
-0.569359 -0.715544 0.198831
-0.813714 0.239983 -0.292124
-0.560113 -0.0974585 0.744098
-0.423678 0.430412 -0.619797
-0.673281 0.0646662 -0.558456
0.280109 0.376703 0.582892
-0.515273 0.0685588 0.75244
-0.0222789 0.0106508 -0.777578
0.577473 0.164642 -0.589995
0.530528 0.0843844 -0.657796
0.398745 -0.651617 0.350863
-0.168001 0.77905 -0.350168
-0.480767 -0.775206 0.053018
-0.655469 -0.619073 -0.0406367
-0.0741081 -0.809451 -0.314324
-0.798757 -0.391256 -0.0434116
0.8289 -0.197744 0.0481087
0.598638 0.330333 0.264375
0.634001 0.251222 0.325088
-0.559409 -0.304408 -0.578345
-0.0202207 0.833872 -0.162305
-0.187125 0.827003 -0.225841
-0.0416289 0.27116 -0.756745
-0.434046 0.258759 -0.680754
0.20625 0.741778 -0.144754
-0.458167 -0.678757 0.480081
0.0346376 -0.511662 0.772714
-0.238322 0.836571 -0.0790282
0.101238 -0.218263 0.845091
0.302649 0.0936143 0.711457
-0.195954 0.838597 -0.166417
-0.222744 -0.468291 -0.691068
0.236469 -0.162799 -0.756662
-0.390606 0.56597 0.491397
0.438375 0.534951 -0.335902
0.148505 -0.520701 0.700246
-0.599896 0.577361 -0.298303
-0.850124 -0.0401884 0.176074
0.482177 -0.63829 0.286592
-0.727953 0.425643 -0.323298
-0.374931 0.625894 0.419298
0.564228 0.424174 0.174147
0.572528 -0.372304 0.430121
0.652811 0.273008 -0.353099
-0.735174 -0.2024 -0.441699
0.0755324 -0.86832 -0.0967039
0.5084 0.278236 0.470579
0.0991931 0.654471 0.364911
0.265281 -0.824982 -0.177694
0.628736 -0.586746 0.0957794
0.0550664 -0.585858 -0.679273
0.138879 0.136911 -0.7562
-0.177706 0.864904 -0.0128921
0.494363 -0.661457 0.242252
-0.494583 -0.773398 0.0704756
0.266278 0.59914 0.320149
0.606365 -0.254383 -0.528949
0.561974 0.371227 0.256243
-0.522474 -0.341694 0.730863
0.260923 -0.759439 0.305128
-0.565674 -0.0923902 -0.633225
0.0472969 -0.852652 0.247402
0.127402 0.763051 -0.214678
-0.388303 0.496208 0.557618
0.0231687 0.0668589 0.87564
0.64013 0.258044 0.304874
0.445176 -0.332053 -0.666105
0.31688 0.591191 0.271783
-0.106393 -0.350168 -0.78374
-0.741359 0.449162 -0.238943
0.634839 0.102394 -0.539353
-0.658104 -0.529579 0.459682
0.421081 0.427334 0.371204
0.207125 0.341021 -0.673766
-0.851153 0.0185659 -0.298799
-0.667973 0.368753 -0.478308
-0.711527 0.438454 -0.33946
0.486321 0.222548 -0.640002
-0.114824 0.0984681 0.88635
0.167525 -0.771687 0.374965
-0.837683 -0.298655 -0.0326822
0.158239 -0.436157 -0.752295
-0.784976 0.414437 -0.0146088
-0.657012 -0.0112902 -0.575369
-0.665791 0.290214 0.445095
0.682154 0.187898 0.33071
-0.280642 0.337125 -0.712248
-0.478748 -0.593699 -0.37655
0.494299 0.367602 0.357305
-0.243678 0.763197 -0.355678
-0.637679 0.58101 -0.223713
-0.540068 -0.722766 0.24354
0.0981462 -0.776443 0.434079
0.267846 0.688286 -0.238568
-0.681554 0.0109264 -0.550105
0.766126 -0.297621 -0.324342
-0.0885868 -0.86875 0.0202927
-0.384857 -0.815694 0.138567
0.201345 -0.843749 -0.136837
0.71702 0.282337 0.140642
0.394733 0.167729 -0.699927
0.077524 -0.576661 -0.686733
0.704878 -0.0590595 -0.450046
-0.737292 -0.194596 -0.446952
-0.86126 -0.0398969 0.0426138
0.487679 -0.397462 -0.608248
-0.80909 -0.406623 0.021159
0.530282 0.0889185 -0.657048
0.844674 -0.186557 -0.167052
0.264453 0.0642703 0.746039
-0.416515 -0.407318 -0.621535
-0.575769 -0.00767025 -0.639993
0.0535063 -0.770542 -0.444052
-0.0662712 -0.739274 -0.492674
-0.8856 0.0954739 -0.151187
-0.116445 -0.858942 0.403782
0.53904 0.332077 -0.457714
0.362088 -0.549786 -0.621891
-0.754612 -0.205853 0.48976
-0.670609 -0.497348 0.46487
-0.157047 0.185585 -0.762275
-0.399351 -0.0176333 0.843209
0.136036 0.0950067 0.818056
-0.596394 0.626199 0.0413775
-0.21608 0.0592455 0.878244
-0.311911 -0.436561 0.810881
0.513334 -0.632389 -0.352719
-0.793683 -0.177954 -0.376884
0.438461 -0.187758 0.625554
0.0289148 -0.857577 0.244589
-0.792605 -0.152837 -0.400944
-0.690919 -0.0522603 0.623408
-0.0513823 0.423145 -0.690151
0.245839 0.460299 -0.568916
-0.451765 -0.0396472 -0.716326
-0.149668 0.750148 0.298903
0.0618637 0.714459 -0.412578
0.0393677 -0.856328 0.234317
-0.153298 -0.857356 0.326948
-0.476943 -0.61876 -0.336215
-0.747383 -0.0672798 0.550473
-0.431444 0.313582 -0.662685
-0.124065 0.87964 -0.0634142
0.523797 -0.265757 -0.616052
-0.570651 -0.196099 0.738943
0.113916 0.644429 -0.470269
-0.848587 0.0486758 -0.313878
-0.265388 -0.149595 -0.779806
-0.848279 0.142055 0.164346
-0.684774 -0.368281 0.521083
0.280952 -0.814371 0.074682
-0.393401 -0.0971289 0.860947
-0.827552 0.00587 0.380035
0.339097 -0.330644 -0.706463
-0.652595 -0.59168 0.36073
-0.607054 -0.683984 0.258002
0.141799 -0.844044 0.125664
-0.215259 -0.337027 0.875757
-0.53891 -0.450166 0.646688
0.183951 -0.00758693 -0.761816
-0.562406 -0.516125 0.577349
-0.436372 0.554807 0.462527
-0.760823 -0.222299 -0.379662
0.356399 0.612637 -0.280101
-0.513799 -0.546103 -0.403228
0.144366 -0.560485 0.669813
-0.154485 -0.857821 -0.0617812
-0.704554 -0.30384 0.531582
0.472076 0.400611 -0.465326
-0.598159 0.0400096 -0.627862
-0.859479 0.165897 0.0170309
0.730729 -0.0433095 0.328967
-0.420227 -0.720528 0.431152
0.264705 -0.307584 0.743029
-0.818406 -0.223513 0.26764
0.299684 0.663679 0.126293
-0.80678 0.0100644 0.43419
-0.746593 -0.488192 0.294008
0.584858 0.348773 0.256772
0.285323 -0.676825 -0.52951
0.125772 -0.853475 -0.208889
0.0209235 0.459647 -0.651516
-0.535715 0.10143 -0.673321
0.573229 -0.421057 -0.512584
0.285045 -0.701208 -0.492879
-0.660715 -0.640177 0.116992
0.50824 0.463135 0.195117
-0.263467 -0.647927 -0.527742
-0.0978811 -0.862825 0.412487
-0.0863705 -0.84472 -0.215985
0.275881 0.608905 0.284811
-0.126953 0.199847 -0.762139
0.443298 -0.272788 0.60529
-0.499427 0.159965 -0.680703
0.511729 0.219552 -0.612302
0.469154 -0.752485 -0.0629613
0.0835716 0.615994 -0.517098
0.0382201 -0.871735 -0.153196
0.603136 0.129202 -0.570139
-0.756747 0.415254 -0.244612
0.436398 -0.667183 -0.398907
-0.193566 0.709379 -0.467601
0.560193 -0.510925 -0.469931
-0.748147 0.411116 0.153997
-0.0384255 -0.219336 -0.793797
-0.00587013 -0.0562573 0.903511
0.575843 -0.0960339 -0.604397
-0.0320831 -0.762968 -0.463216
0.165589 0.382561 0.65229
0.303283 -0.81382 -0.0302852
-0.263377 0.626595 -0.526227
0.223231 0.735664 -0.136994
-0.835556 -0.1537 0.217603
-0.0292713 -0.535721 0.778631
-0.717084 0.00936032 0.581869
-0.469499 0.702702 0.135532
-0.399255 -0.449086 -0.604599
0.357289 -0.785439 0.155283
0.0852752 -0.847591 0.214089
-0.0389817 -0.0541112 -0.782095
0.176933 0.760109 -0.12112
-0.710538 0.480051 -0.277729
-0.455649 -0.455382 -0.544359
0.604948 -0.14971 -0.556607
-0.42704 -0.795351 0.194406
-0.247353 -0.841972 0.132404
0.0945409 -0.153025 -0.787144
0.536445 -0.706465 -0.174833
-0.00843769 -0.865261 0.256646
-0.496678 -0.602212 -0.338401
-0.682843 0.42299 0.27742
0.469551 0.315521 0.469651
0.427674 -0.248608 -0.685033
-0.74046 -0.413425 -0.190793
-0.687196 0.434437 0.257778
-0.398779 -0.0632977 0.855274
0.665465 -0.442055 0.283466
0.223452 -0.494956 0.661957
-0.0559513 -0.866896 -0.187812
-0.567177 -0.60974 0.472491
0.741113 -0.305772 0.233162
-0.765005 0.0494315 -0.450931
-0.38055 -0.425942 0.798233
0.290778 0.551925 -0.450937
0.429579 0.540044 -0.341665
-0.015441 -0.86763 0.218473
-0.436451 0.578317 -0.467354
-0.2455 -0.0350099 0.90039
-0.419888 0.368813 0.644633
-0.441834 0.247063 -0.680805
-0.734531 0.435365 0.151148
-0.188849 0.370568 0.744816
-0.0332693 0.836703 -0.183251
-0.0125637 0.740216 -0.427307
0.520069 -0.27652 0.532483
0.147198 0.0653024 -0.76586
-0.671438 0.284805 0.440519
-0.830303 0.291738 -0.170022
-0.0122156 -0.457489 0.815856
-0.281455 -0.527387 -0.64343
0.278584 -0.242106 -0.736885
-0.434969 -0.350911 -0.636224
-0.778829 0.378046 -0.230577
-0.315239 -0.465914 -0.651849
0.517285 0.460484 0.186295
0.205112 -0.453541 0.709345
0.296473 0.327405 -0.651144
-0.1339 0.163787 0.857944
-0.557724 0.483171 0.412163
-0.817372 -0.222152 0.27375
0.638297 0.32975 0.202003
-0.279713 -0.663437 -0.500094
-0.566021 0.35209 0.535018
0.691275 -0.476731 0.141857
-0.121819 0.0568883 -0.773891
0.22388 0.205187 0.734971
-0.309139 0.561189 -0.564974
-0.0487206 0.559148 0.540381
-0.212456 -0.135002 -0.785683
0.341985 0.641813 -0.201187
-0.766787 0.344113 -0.338877
-0.633212 -0.368834 0.591579
0.356659 0.0627038 0.672249
-0.707699 0.238 0.423596
-0.353188 -0.347164 -0.683273
-0.532565 0.181732 -0.654499
0.672339 0.362641 -0.0725217
0.536459 -0.54341 -0.464621
0.651591 -0.215328 0.417906
-0.463059 0.036957 -0.72449
0.811604 -0.346254 -0.0875514
-0.0812919 -0.86967 -0.139635
0.738773 -0.413872 0.114674
0.406644 -0.214288 -0.694585
0.565578 0.10678 -0.616431
-0.0431938 0.370358 0.720369
0.402927 -0.778554 -0.118487
-0.751142 -0.0321659 -0.467755
-0.674907 0.275627 0.443694
-0.420281 0.474228 -0.601047
0.802627 0.166997 0.0205075
0.453223 0.528629 -0.317961
0.537762 0.353276 -0.436409
-0.0334097 -0.436558 -0.766199
0.284821 0.706144 -0.058654
-0.814117 -0.275174 0.251102
-0.31717 0.699946 0.334221
-0.178623 -0.303956 0.893987
-0.764704 -0.350769 -0.21863
-0.85239 0.112999 0.168651
0.566894 0.391358 0.219328
-0.558602 0.0492299 -0.658888
-0.683328 0.00457698 0.616665
0.172068 -0.780467 0.352388
-0.542292 0.303481 -0.604022
-0.207724 0.817356 -0.250678
0.612337 -0.625008 0.0535643
0.306444 -0.18615 -0.731025
-0.342572 0.792589 -0.138329
0.121793 -0.709558 -0.548096
-0.224638 0.0926491 0.866534
0.392816 -0.244406 -0.697336
0.537858 -0.558266 -0.438571
0.0178758 -0.551686 0.756048
0.0809307 0.714712 0.222637
-0.49945 0.629308 0.279042
0.269012 0.715732 -0.0492587
0.237915 0.737968 -0.0810033
-0.238507 0.687981 0.407675
0.841412 0.00318782 0.112825
-0.812271 -0.22036 -0.284314
0.228201 0.426207 -0.6041
0.29174 -0.817218 -0.258345
-0.350222 0.357928 -0.678354
0.215919 0.649995 -0.374478
0.207442 0.275449 -0.710412
-0.0305346 -0.873012 0.00816804
-0.120251 -0.507162 0.789016
0.551097 -0.650654 0.192573
0.839839 -0.238295 -0.048465
0.641305 0.229184 -0.443016
0.0929972 0.759256 0.0788812
-0.706515 -0.552553 0.282887
0.0935807 -0.852704 0.159203
-0.427087 -0.673205 -0.308428
-0.677737 0.558648 -0.19283
-0.705477 -0.506871 0.377924
0.419125 -0.52782 0.471547
0.735458 0.265147 -0.0687463
-0.403877 0.290346 0.696382
0.195896 0.692084 -0.329832
-0.51045 -0.108858 -0.666048
-0.612678 0.361823 0.466733
-0.818607 -0.429418 0.114158
0.695947 0.292285 -0.200317
-0.74689 -0.520489 0.0434274
-0.731485 -0.450513 0.404341
0.0402327 0.66687 0.392902
0.633108 0.322027 0.221991
-0.179716 0.370845 0.747961
-0.232818 0.825316 0.12813
0.630155 0.341327 -0.30425
-0.689033 -0.596303 0.044388
-0.865503 -0.0644125 -0.169124
-0.202931 -0.399624 0.851262
-0.57905 -0.728613 0.0882822
-0.260097 0.603492 0.499719
0.712991 -0.489354 -0.214112
0.139716 0.0293251 -0.770055
-0.410939 -0.349055 -0.650383
-0.729762 0.117531 0.502399
-0.758341 0.206877 0.364626
0.758164 0.0433627 0.282332
0.0326565 0.717298 0.267888
-0.0751665 0.240592 0.83358
0.297157 -0.640769 -0.567753
0.528442 0.528366 0.0379846
-0.793938 -0.433011 0.227066
-0.670691 -0.174273 0.654168
0.640302 -0.363396 -0.456365
-0.710383 -0.0974702 -0.518137
-0.0491692 0.0474689 0.912333
0.813854 -0.343414 -0.0929311
0.559926 0.271074 0.4075
-0.247025 -0.453816 -0.690177
0.340751 -0.0913655 0.707429
0.617179 -0.343373 0.399978
0.472096 0.233691 0.524261
0.750021 -0.144841 0.304174
-0.422082 0.129678 0.767114
0.478079 0.382109 -0.477971
0.252808 0.376173 -0.631552
-0.782658 0.381871 0.0967189
-0.0681389 0.860351 -0.0430547
0.724677 0.188591 -0.279544
-0.219016 0.128309 -0.767082
0.526663 -0.701161 0.0824216
0.172102 0.679943 -0.368702
-0.784886 -0.48107 0.0976282
-0.108295 0.00866518 -0.777362
0.165431 0.432843 -0.622125
0.417915 -0.674827 -0.410909
0.0545343 -0.854195 0.22187
-0.739909 -0.485109 -0.0705369
0.0770684 0.203211 0.804537
0.397087 -0.320068 0.623599
-0.0330232 0.495003 -0.643416
-0.0871338 -0.868886 0.0664522
-0.323713 0.344974 0.704787
0.260104 -0.22126 0.754557
-0.755904 -0.529235 0.126235
-0.563461 0.182981 -0.632166
-0.305532 0.346379 -0.699333
-0.685994 -0.109002 0.642228
0.0203166 -0.06841 0.890119
0.457159 0.460635 -0.418362
-0.816136 0.016549 0.412772
0.656447 -0.0535926 0.415819
0.213722 0.112995 0.775355
-0.838498 -0.0630118 0.271702
0.272421 0.711954 -0.0880843
-0.483698 -0.733415 -0.0985852
-0.114133 0.782655 -0.351314
0.59115 0.483405 0.0291951
-0.705973 -0.251948 -0.433032
-0.190337 -0.83116 0.392918
0.128319 0.117228 -0.761381
0.0256699 -0.0628257 -0.782981
-0.438271 0.0757566 -0.732382
-0.342764 0.236922 -0.733836
-0.0507807 0.345077 -0.729603
0.6158 0.40471 -0.238176
0.640297 -0.280498 0.403112
0.265082 -0.825039 -0.129436
0.288863 0.266115 0.649823
0.274282 0.683594 -0.238994
0.530871 -0.704215 -0.0250365
0.123597 -0.364654 -0.780568
-0.7272 -0.332169 -0.311674
0.649559 -0.234724 0.411501
0.862522 -0.151992 -0.115572
0.334231 0.100512 0.681768
-0.280853 0.815369 -0.139928
0.734899 0.194099 0.242564
-0.110749 0.685806 -0.508508
-0.694883 -0.424436 -0.260975
-0.851171 0.0877561 0.219653
-0.59046 -0.696454 0.241789
-0.254581 -0.166961 -0.78028
-0.638276 0.0916522 0.624942
0.431875 0.1449 0.583735
0.48658 0.300315 -0.555825
0.452677 -0.705999 0.205829
0.33335 -0.0513419 -0.73063
0.0749114 0.550144 -0.569719
-0.625719 -0.0224557 0.680793
-0.0804854 0.159588 -0.76679
0.195008 -0.845612 -0.186259
0.542582 0.202718 -0.592898
-0.76075 -0.525037 0.167388
0.74345 0.00797379 0.305491
0.0764425 -0.825127 -0.3029
-0.385622 0.575499 -0.50666
0.512122 0.4769 -0.324902
-0.0578787 -0.471939 -0.741493
-0.109256 0.560657 0.544408
0.533799 0.461004 0.162193
0.265836 -0.432924 0.67813
-0.121536 -0.0883982 0.937608
-0.124539 -0.806592 -0.279209
-0.187866 -0.851797 0.256863
-0.40725 0.358671 0.661076
-0.60987 -0.565088 -0.235421
-0.735562 -0.444528 0.403396
0.747063 -0.100555 0.319373
0.647285 0.311042 -0.308899
-0.784134 0.368928 -0.227552
-0.323596 0.524404 0.55629
-0.315829 0.808208 -0.0327818
-0.508468 -0.59044 -0.342116
-0.341553 0.298512 -0.707383
0.00667807 -0.593617 -0.67122
-0.836154 0.234177 0.14173
-0.66217 -0.101893 -0.559068
-0.144858 -0.859451 -0.0701411
-0.317761 0.805693 -0.0854073
-0.574863 -0.729021 0.00059665
0.169666 -0.840732 0.0790207
0.124165 0.163169 -0.75495
-0.716146 0.454713 -0.304411
-0.533478 -0.598354 0.529833
0.181414 0.614955 0.37592
0.456537 0.565688 0.0899394
-0.262859 -0.839374 0.119742
-0.855199 -0.106075 0.0672782
-0.211853 0.107273 0.86477
-0.789347 -0.0499534 0.45707
-0.0893042 0.514042 -0.633623
0.346785 0.643918 0.0975518
0.207213 0.730158 0.0277579
0.258016 0.548807 0.416397
0.467121 -0.722376 -0.267697
-0.68624 -0.434396 0.480226
0.320246 -0.652702 -0.531955
0.378071 -0.78853 -0.135025
0.213491 0.498764 -0.551292
-0.516096 -0.624694 -0.272581
0.6576 0.0839956 0.380838
-0.85492 0.217422 -0.170158
-0.051975 0.382482 0.71194
0.331569 0.269548 -0.68047
0.584704 -0.656272 0.0566111
-0.0739777 0.604289 0.494622
-0.0303318 0.819189 0.0381958
0.224749 0.166799 0.757684
0.776525 -0.156741 -0.345546
-0.295204 -0.797295 -0.124133
0.236607 0.615733 0.315099
-0.232049 0.250451 -0.74504
0.778898 -0.0791571 -0.331121
0.808306 0.03458 -0.221399
-0.60581 0.457598 0.37493
0.100847 0.783606 -0.174454
0.202373 -0.192977 -0.765448
0.279668 -0.636873 -0.587971
0.0319741 -0.208946 0.883121
-0.573031 0.153286 -0.63369
0.146142 0.116557 -0.757982
0.00331344 -0.747583 -0.50645
-0.420234 -0.772165 0.277334
-0.847564 0.226397 0.0411739
-0.751137 0.30919 -0.414836
-0.571991 0.431474 -0.534077
-0.0394198 -0.127423 -0.787284
0.325356 -0.807344 -0.109151
0.432683 -0.10748 0.638762
0.291604 0.545766 0.375758
-0.674005 0.573527 -0.14747
0.547885 0.519009 0.021499
0.693368 -0.49617 0.0792977
0.380765 -0.245551 0.662422
-0.80196 0.17597 -0.372153
0.14791 0.514576 0.53877
0.600725 -0.562676 0.24779
0.621742 0.398908 -0.235979
0.256937 -0.827429 -0.106867
-0.792755 -0.255785 -0.284129
0.056603 0.476056 0.599801
0.872821 -0.0768143 -0.0411573
-0.0769663 0.415047 -0.695093
0.106884 0.717351 -0.363729
-0.740113 0.222231 0.381567
-0.629692 0.586013 0.0687765
-0.665498 -0.218508 -0.528495
0.141148 -0.727423 0.482378
-0.367577 -0.74988 -0.176618
-0.0676589 -0.446535 -0.75061
-0.561287 0.650388 -0.194491
0.273183 -0.364182 0.715273
-0.73325 0.0948849 -0.494923
0.33744 -0.324885 0.67619
-0.638375 0.374702 0.407225
0.823988 -0.303645 -0.0770207
0.344688 0.585801 0.242404
-0.806304 -0.154552 -0.382812
0.678323 -0.517209 0.0897829
0.412503 -0.747708 -0.290232
-0.540081 -0.728943 0.217309
-0.133191 -0.584652 0.732201
-0.853655 0.236569 -0.0460646
-0.696032 -0.330255 -0.362607
0.0227786 -0.867129 0.165605
-0.846114 0.229689 -0.187492
0.449392 -0.754908 -0.199846
0.0539124 -0.74917 -0.498619
-0.578486 -0.735252 0.0505662
-0.0109498 0.619954 -0.548548
0.755341 0.22204 0.163414
-0.800243 -0.432411 0.197834
-0.063071 0.0796922 0.900343
-0.262489 -0.313672 -0.74842
-0.79268 -0.339141 0.310386
0.381755 -0.724792 -0.37397
0.400614 -0.756051 -0.289732
-0.360289 -0.0439302 0.871527
-0.85403 0.240555 -0.0746305
-0.356505 -0.497324 -0.603038
-0.108485 0.756742 -0.40093
-0.433598 -0.11695 0.836121
0.627919 0.402359 -0.200934
0.379259 -0.196455 0.669397
0.640798 -0.413126 -0.437361
-0.519153 -0.526874 0.619057
0.615867 0.388808 -0.262834
0.134711 0.487985 0.567647
0.627078 -0.547282 0.197422
0.512405 0.438039 0.226666
0.000668506 0.140039 0.858149
0.0785121 -0.598968 0.680768
0.35018 0.649394 0.0570818
-0.301774 -0.826324 0.266075
-0.0176887 0.825715 0.00523292
0.0920609 -0.135846 0.852516
0.241215 -0.207274 0.769039
-0.48804 -0.752008 -0.0433878
0.217873 -0.826118 0.121405
0.0535687 -0.656765 0.640398
-0.487726 -0.725979 -0.114563
-0.80338 0.348916 -0.191268
-0.659183 0.354016 0.391146
0.148833 -0.0955321 0.821901
-0.377162 0.455181 -0.62244
-0.309459 0.169747 0.800306
0.228213 -0.658855 0.499583
-0.102963 0.445054 0.667031
-0.840592 -0.178578 0.145681
-0.576118 -0.715292 0.177612
-0.1951 0.665223 -0.518036
0.750891 -0.409709 0.0576919
0.719343 -0.45134 0.091137
-0.134212 -0.746511 0.576683
-0.391374 -0.0196109 0.847555
0.0294134 0.587397 -0.558907
-0.493205 -0.773602 0.0689123
-0.106415 -0.865335 0.22728
-0.0351808 -0.70967 0.630444
-0.797009 0.128984 0.375452
0.107959 -0.228722 0.84112
0.830854 -0.189445 -0.222702
0.175039 0.617241 0.377009
-0.144894 -0.351044 -0.771092
-0.677031 -0.528661 0.418604
-0.0334101 0.680526 0.395864
0.797365 -0.344473 -0.0207933
0.665112 0.248607 -0.356877
-0.446806 0.739501 0.0736196
-0.677083 -0.204136 -0.519843
-0.611051 -0.669059 0.300728
-0.657836 -0.442621 0.514499
0.763563 0.182696 -0.134154
0.255109 0.522548 0.450268
-0.420119 0.62859 -0.410194
0.123905 0.770118 -0.188618
-0.470987 -0.679962 0.467977
-0.0251388 -0.109758 0.915335
-0.849387 -0.163598 0.0734405
-0.708712 0.0205472 -0.522079
-0.265633 -0.838986 0.0470997
-0.33822 0.729363 -0.332266
0.188947 -0.847387 -0.101656
0.256625 -0.657815 0.475463
-0.416822 -0.796347 0.0667317
-0.430293 -0.799143 0.1175
0.467049 -0.371788 -0.635383
-0.62554 -0.628971 0.345562
-0.0535427 -0.283302 -0.796472
-0.0984646 -0.866702 0.204182
0.0513084 0.346355 -0.714179
0.40746 -0.729855 0.209416
0.316873 -0.493178 0.590079
0.118917 0.305421 -0.720296
0.283092 0.658829 -0.301975
-0.294619 0.465799 0.619802
0.344345 0.526523 -0.442513
0.121668 0.662934 0.319794
0.574922 0.212482 0.430922
-0.283475 -0.14206 0.908319
0.0726874 0.489535 0.583458
0.420698 0.434212 -0.485605
-0.813237 -0.259731 0.266739
-0.819447 -0.30607 0.20216
-0.485888 -0.671918 -0.233816
-0.621129 -0.451382 -0.345111
0.237009 0.69413 0.112153
0.221983 0.534768 -0.510644
0.722479 -0.356313 -0.358372
-0.0948314 -0.385875 -0.770578
0.256064 0.72491 -0.0812456
0.456927 0.571255 -0.129027
0.218395 -0.579199 0.592289
0.680801 -0.0903257 -0.48152
-0.456793 -0.789367 0.136791
0.790644 -0.368025 -0.213023
0.602476 -0.0823422 -0.576256
0.0945656 0.769051 -0.257419
0.360403 -0.418791 0.606607
-0.115631 0.853577 -0.165062
0.101084 0.535305 -0.570989
-0.280703 0.137213 -0.761176
0.120562 0.498869 0.561945
0.0763166 -0.819759 -0.316621
-0.582953 0.0994943 0.672029
0.538916 -0.0631382 -0.642094
-0.22669 0.849091 0.0113661
0.303676 0.417693 0.524694
0.613311 -0.630768 -0.0270812
0.404327 0.257777 -0.662546
0.361964 -0.210578 -0.710242
0.15669 -0.846866 -0.22608
-0.779282 0.329734 -0.310605
0.147176 -0.832369 -0.279117
-0.159705 0.87283 0.00138825
-0.61129 -0.105478 -0.599489
-0.73 0.452282 0.122852
-0.793054 0.0828572 0.427507
-0.341729 0.471484 0.597178
0.0374235 -0.850119 0.28552
-0.239867 0.60138 -0.551884
-0.241965 0.521477 0.584356
-0.426817 0.265768 0.697724
-0.486593 0.326075 -0.629507
0.628058 0.0162879 0.426871
-0.292883 0.809313 0.0988769
-0.207592 -0.0427561 0.909593
-0.881396 0.0333953 -0.145836
-0.0943287 0.653863 -0.531989
0.253134 0.0153382 0.759322
-0.835028 -0.165758 -0.267202
-0.536156 -0.369962 0.700545
-0.601424 0.324502 0.518544
-0.206329 -0.119987 0.925144
-0.560793 0.153815 0.659915
-0.378115 0.662328 0.349097
0.638923 -0.599969 -0.0374839
-0.272545 -0.513741 0.762947
-0.146737 0.815224 0.153922
0.350365 0.62632 -0.241101
-0.611463 0.373672 0.456692
-0.547305 -0.69494 -0.103073
0.274027 0.206905 -0.717456
-0.802839 -0.366137 -0.0764774
-0.816194 -0.00623363 0.404533
-0.793802 -0.223294 0.384201
-0.2273 0.303175 0.766807
0.769423 -0.406255 -0.211507
-0.42554 0.367994 0.640571
0.00483749 0.0571188 0.885703
-0.591765 -0.574302 -0.246497
0.0198085 0.160154 0.843267
-0.839111 0.043551 0.360392
-0.544819 -0.380926 0.684237
-0.602849 0.62585 -0.16685
-0.358989 0.225599 0.749447
-0.784576 0.250103 -0.366217
-0.685523 -0.40734 0.497111
-0.739146 -0.521914 0.0117986
-0.841254 -0.0869107 0.222945
-0.722667 0.401082 -0.372454
-0.731518 0.365676 0.249013
0.745674 0.204046 -0.169349
-0.124759 -0.338227 -0.783534
0.795569 -0.27763 -0.28141
-0.344672 0.614437 -0.485841
0.445581 0.403415 0.372583
0.131293 0.579298 -0.523408
-0.521917 0.678355 -0.205103
-0.0544753 0.361511 0.731243
-0.494542 0.294011 -0.636569
-0.0235171 -0.251988 0.902905
-0.772785 0.387273 -0.236272
-0.361848 -0.720181 -0.263508
-0.747328 -0.461637 0.339306
-0.0012091 0.747598 0.216145
0.794522 -0.285496 0.0770966
0.512851 -0.723862 -0.112608
0.413506 0.116619 -0.705409
-0.202883 0.671427 0.430028
0.303818 -0.663518 0.424898
0.639625 -0.530084 0.194782
-0.534419 0.403489 -0.573385
-0.071111 -0.704396 -0.567143
0.319897 0.587365 -0.375706
-0.0818499 0.0432537 0.91032
-0.0157097 0.824899 -0.229164
0.276307 0.502035 -0.508948
0.66554 -0.189549 0.409489
-0.401404 -0.673652 -0.340079
0.537412 -0.705384 -0.163219
-0.58275 -0.731212 0.0325176
0.645369 0.413352 0.044371
-0.512352 0.540248 0.39356
-0.570531 0.526761 0.324229
-0.597671 -0.049351 -0.618045
0.0254798 0.564155 0.526031
-0.0917015 0.584477 0.517387
-0.480528 -0.75425 -0.045232
-0.434395 -0.120812 0.835853
-0.238306 0.770662 -0.349309
0.282885 -0.632098 0.483326
-0.666059 -0.166829 -0.545166
-0.136646 0.760834 -0.389079
-0.649807 0.59958 -0.104585
0.311665 0.383534 -0.603299
0.329644 0.330723 0.579113
0.524772 -0.614149 -0.366278
0.0776799 -0.845892 0.241501
0.00340371 -0.089396 -0.78477
0.642316 0.139883 0.382194
-0.827495 -0.0566592 -0.361925
-0.0555259 -0.874295 -0.0141398
-0.349905 -0.629736 -0.48109
-0.868441 0.0862086 -0.249658
-0.483982 0.450581 -0.585221
0.27754 -0.147216 -0.743602
-0.636559 0.543488 0.173529
0.0998424 0.774423 -0.220375
-0.844115 -0.0300682 0.246921
0.644846 0.212116 -0.45726
0.215744 0.719329 0.0585961
0.518296 0.506937 -0.204433
-0.134703 0.365092 -0.722266
0.181853 -0.573923 0.626879
0.762365 0.146876 -0.222632
0.535407 0.0513161 -0.653604
-0.0246411 0.723245 0.311714
-0.228321 0.261457 0.789179
0.0767218 0.314929 -0.726493
-0.646611 -0.645777 0.0204268
0.61601 -0.558158 0.209479
0.497279 0.137908 -0.678414
0.701167 -0.468342 -0.323346
-0.404373 -0.0220233 -0.746092
-0.199091 0.857683 -0.00578372
-0.137556 0.864938 0.00972338
-0.0257916 -0.0627754 -0.782763
-0.366489 -0.064911 0.876347
0.152481 -0.735837 -0.493449
-0.43034 0.36832 0.636493
0.608879 -0.612552 0.101951
0.187215 -0.187196 0.799138
-0.821931 -0.102334 0.338756
-0.686761 0.139545 0.550529
0.511799 -0.622083 0.277401
-0.379201 -0.249624 0.862632
-0.597348 -0.662392 0.336994
-0.72741 -0.466153 -0.147682
-0.105903 -0.221887 0.925122
0.603411 -0.478216 -0.443102
-0.516875 -0.595795 -0.320586
0.487522 -0.170477 0.590417
-0.475688 -0.135026 -0.680127
-0.726166 -0.562324 0.103003
-0.143111 -0.798671 0.490148
-0.310471 0.320674 -0.708792
-0.637475 0.532497 -0.330554
-0.196981 -0.796108 0.461423
-0.357307 0.273617 -0.712631
-0.279253 0.0205058 0.876955
0.0424278 -0.259365 -0.796968
0.513777 -0.726633 -0.171371
-0.143337 0.834272 -0.221762
0.520616 -0.704171 0.0904232
0.668605 -0.551122 0.0188543
0.186861 -0.593023 -0.669118
-0.65555 -0.231682 -0.534283
0.246243 0.574635 -0.456377
0.6978 -0.233319 0.339596
-0.872923 0.0939695 -0.233129
8.4192e-05 -0.63675 0.693169
0.367717 -0.306678 0.657615
0.532833 0.183894 0.479527
0.226047 -0.77611 -0.400946
-0.691271 0.538535 0.0183679
0.512339 -0.442496 0.450659
-0.327771 0.451372 0.620465
0.709684 -0.300124 -0.392421
0.837735 -0.167783 -0.198435
-0.804907 -0.399763 -0.00617891
0.4258 -0.550594 0.440801
0.426216 0.175031 0.580561
0.788059 -0.388119 -0.0841717
0.787036 0.202851 0.0895272
-0.711535 0.144592 0.507483
-0.198543 0.507476 0.609399
0.176007 0.215942 0.754956
0.285901 -0.571386 -0.645511
0.477365 -0.29749 -0.648913
0.00403002 -0.870838 0.0371218
0.383904 0.165754 0.620345
-0.820434 -0.107306 0.342528
-0.0533075 -0.849518 -0.233602
-0.209074 0.338718 -0.724859
0.62771 0.348426 -0.298654
0.74563 -0.427896 0.0213127
0.0423205 0.193777 0.821937
0.327193 0.665113 -0.130312
-0.70411 -0.242862 0.568016
0.337242 -0.268011 0.692745
0.0796186 0.411517 -0.667133
-0.0380193 0.763376 0.210188
0.590647 -0.320417 -0.531078
-0.588556 0.100768 0.666008
-0.107176 0.814054 0.126841
0.667722 -0.159118 -0.479935
0.037872 0.313139 -0.735907
-0.10742 -0.822648 -0.253789
0.0912907 0.120925 0.831599
-0.857385 0.0486224 0.153448
0.480978 0.0623949 0.561423
0.438085 -0.76921 0.0119442
-0.753587 0.38988 -0.30607
0.654258 -0.562166 0.0659767
-0.830106 -0.362922 0.037837
-0.222406 0.695491 0.394307
-0.778557 -0.484507 0.209431
0.30938 -0.709939 -0.46045
-0.291512 -0.747524 -0.263498
-0.0977703 0.156853 0.865256
-0.567603 -0.373098 -0.509211
0.664603 -0.51522 -0.31038
0.270587 -0.705475 0.390459
-0.133429 0.731066 -0.443742
0.0747727 0.676266 0.336513
-0.656191 -0.61115 -0.068799
-0.529078 0.641836 0.175886
-0.719786 -0.510361 -0.0926638
-0.736321 -0.408475 0.426163
0.860141 -0.0253234 -0.0124053
0.58126 0.20067 -0.548023
0.151363 0.746907 0.0512004
0.29728 -0.301893 0.719012
0.621094 -0.360386 -0.480799
-0.000802221 -0.872054 -0.00758955
0.203639 -0.094011 -0.761057
-0.532215 -0.524165 -0.399547
0.103475 0.383889 0.668323
0.170793 -0.458726 0.732139
0.348046 0.115584 0.665518
-0.740261 -0.407808 0.421103
-0.707251 -0.18603 0.597056
-0.426707 -0.562336 -0.475751
-0.141452 0.872476 -0.0732032
0.817781 0.0510515 0.158049
-0.152048 0.554975 0.554447
0.760872 -0.263519 -0.341941
0.37241 -0.786712 -0.230663
-0.741525 -0.146109 0.544163
-0.618966 0.244011 0.550823
0.231351 -0.434617 -0.724413
-0.862076 0.182201 -0.0337604
0.322928 0.113655 0.688166
0.459269 -0.751537 -0.179944
0.709101 -0.50227 -0.0636368
0.82897 0.0692439 0.113666
-0.833981 -0.197436 0.193035
0.0714543 -0.866596 0.0222866
-0.33077 -0.543657 0.731401
0.0672132 -0.748942 0.519055
-0.511597 -0.31359 0.757871
0.472565 0.576185 -0.0161652
0.418113 0.495176 -0.425354
-0.675626 0.38097 0.333757
0.580083 0.236735 -0.510565
-0.326435 0.346951 0.702601
-0.0525257 -0.669258 -0.603624
-0.566817 0.419386 -0.54372
-0.407867 0.454725 0.581824
-0.139038 -0.860055 0.175894
-0.360912 0.544337 -0.561476
-0.348996 -0.529673 -0.581493
-0.296087 0.728115 -0.3654
0.54165 -0.254791 -0.603179
0.149746 -0.022625 -0.769997
0.0852621 -0.823914 -0.305338
-0.562438 -0.548408 0.556116
0.290806 0.695172 0.000411924
0.634397 0.347312 -0.287367
-0.0731878 0.184191 -0.765078
0.457077 -0.430495 -0.619498
-0.0561765 -0.867231 0.316378
0.714902 -0.425493 -0.34493
-0.548669 -0.377897 0.681937
0.103016 0.1024 -0.767798
0.633001 -0.584127 -0.227899
0.463558 0.349121 -0.531167
-0.529093 -0.721261 -0.0786425
-0.846653 -0.00136432 -0.311141
-0.304085 -0.819363 0.28389
0.305849 0.319385 0.604818
-0.437551 -0.796467 0.113895
-0.424799 -0.789153 0.0312996
0.522624 0.299413 -0.512921
0.627297 -0.198183 0.462825
0.399123 0.387937 -0.544491
-0.129928 -0.00920281 -0.778537
0.151235 0.642348 0.33968
-0.482611 -0.125111 0.804614
-0.713436 0.0642681 -0.517066
-0.0727145 -0.675476 0.656897
0.587519 0.372578 0.217711
0.336843 0.62965 0.156191
0.621016 0.291157 0.287584
0.791394 0.106229 -0.178363
-0.0629681 -0.822406 -0.29191
0.580162 -0.660376 0.0487336
-0.607052 0.463009 -0.466858
0.868374 -0.0589473 -0.014085
0.126608 -0.51118 0.725012
-0.174506 -0.708938 -0.476557
0.0620742 -0.274516 -0.797581
0.00462944 0.595259 -0.561088
0.37569 -0.726072 0.248132
-0.780056 -0.290656 0.395126
-0.64595 -0.658133 0.0761068
-0.867017 0.193174 -0.12751
-0.0260551 -0.283279 0.894792
-0.793276 -0.351947 0.298079
0.019591 0.685396 0.372569
0.320864 0.0256773 0.708854
-0.633101 0.495936 -0.397494
-0.467501 0.705945 0.130072
0.550445 -0.577821 0.292812
-0.638031 -0.285794 0.633645
0.578905 0.424747 0.152559
0.47031 -0.663928 0.262166
-0.796339 -0.423634 0.0090384
-0.539312 0.683057 -0.0223333
0.696957 0.205974 0.287783
-0.791871 0.3987 0.00842142
-0.070631 0.587878 -0.580593
-0.307058 -0.102174 0.901631
0.0952273 -0.432617 0.797491
0.253055 -0.828569 -0.134633
-0.458595 -0.660037 -0.290051
-0.261683 -0.0342406 0.896868
-0.177014 -0.853565 0.268776
-0.209552 0.772588 0.265377
0.511611 0.548942 -0.0052675
-0.292862 0.817247 -0.0708416
0.592172 -0.618636 0.142604
0.18342 -0.326813 0.797102
-0.169385 -0.186937 0.921269
-0.85762 -0.17997 -0.110844
0.703813 0.189342 -0.337715
-0.311617 0.400167 -0.67243
0.169934 0.72775 0.0870232
-0.310929 0.736142 0.261889
0.040694 0.212594 -0.762318
-0.532233 0.125185 -0.670604
0.079848 -0.867568 -0.0697241
-0.784901 0.408604 0.0119696
0.750226 0.234037 -0.0785332
0.108295 -0.0328168 0.840659
0.118753 0.239981 0.766126
-0.247007 -0.226556 -0.778921
0.81965 0.137672 0.0425598
0.815507 -0.225663 -0.262678
0.74713 0.000667681 -0.381751
0.267318 0.0879993 0.741314
0.0621643 0.0507081 0.859301
-0.662882 0.270796 -0.532928
0.675283 0.367281 -0.00146014
0.423448 0.558083 -0.293394
-0.0866508 -0.131006 0.94278
-0.55657 -0.632507 -0.199495
-0.353473 -0.8215 0.111474
-0.221325 -0.623233 0.681608
-0.312708 0.265156 0.75169
-0.723331 0.0891573 -0.506783
-0.125142 -0.483715 0.804405
-0.127819 0.394534 -0.707151
0.719308 -0.00701684 -0.432009
-0.244226 -0.49275 -0.672708
-0.477257 -0.258546 -0.650217
0.456796 0.313297 0.488402
-0.0147128 0.420094 0.66857
0.0366736 0.505253 -0.614494
-0.0676882 -0.0953721 0.938095
0.539456 -0.263644 0.521217
0.732901 -0.302619 -0.363261
-0.494523 -0.694468 -0.178463
0.61938 -0.477143 -0.424831
0.0264242 0.634364 0.444786
0.386299 0.585441 -0.296632
0.476601 0.406844 0.32377
0.310206 0.434095 0.49956
0.443422 0.0302175 -0.698282
0.135826 -0.0259198 0.825429
0.109217 0.726583 -0.34156
-0.616026 0.630223 -0.0400622
-0.239191 -0.436584 -0.700792
-0.767398 0.375205 -0.280643
0.160962 0.770165 -0.0605969
-0.300834 0.593947 -0.541028
-0.652892 0.0454953 0.63666
-0.666009 0.254821 0.479015
-0.238933 0.834826 -0.0957007
-0.509452 -0.131416 0.784133
0.0381618 -0.785895 -0.405978
0.238894 0.470087 -0.56363
0.850538 -0.240712 -0.106824
0.854502 -0.0558665 -0.111749
-0.862994 0.173896 -0.193455
0.137586 -0.598333 -0.670973
0.392399 -0.41774 -0.664856
-0.0393728 -0.0449039 -0.781441
-0.510159 -0.336409 -0.596342
-0.147115 -0.335318 -0.777801
-0.38609 -0.691223 -0.316677
0.453977 -0.455708 0.500837
-0.832466 -0.253987 -0.148664
-0.103012 -0.0125253 0.921383
-0.842547 0.192458 0.143077
0.612999 0.416303 -0.211658
0.0246918 -0.85811 0.248522
-0.677154 0.509807 0.162242
-0.284315 0.175398 0.809342
-0.0242554 0.142582 -0.768228
-0.32909 0.402951 -0.666237
0.0534684 0.815079 -0.063322
0.436455 -0.765422 -0.0889187
0.0482468 -0.00367875 -0.778059
0.0325463 -0.805674 -0.355869
0.166475 -0.782568 0.35362
0.224898 0.621468 -0.408775
0.350772 -0.604951 -0.569819
0.0573061 -0.867075 0.0516686
0.530108 0.192685 -0.618319
0.53283 0.369097 -0.425353
-0.333908 -0.827358 0.16741
-0.668075 0.563878 0.0204877
0.292989 0.485776 0.455857
0.16761 0.666408 -0.392669
0.539121 -0.0932182 -0.63633
0.823717 -0.06191 -0.21156
0.482073 -0.219009 0.588781
0.195676 0.693992 0.15779
0.537328 -0.124697 0.549792
-0.173367 0.684626 -0.509337
-0.761203 -0.296793 0.440745
-0.624301 0.0139526 0.673046
-0.663648 -0.38685 -0.351186
0.553246 0.522213 -0.0158614
-0.707929 -0.569128 0.0343402
-0.515106 -0.572213 -0.36331
-0.847599 0.0715217 0.279966
0.744512 -0.300208 -0.349878
-0.676991 -0.315836 0.562519
0.120452 -0.629185 -0.643649
-0.0981955 0.816642 0.112898
0.473239 0.252494 0.518163
-0.84253 -0.245907 0.0652388
0.681963 -0.116846 0.39842
-0.101979 0.837462 -0.231437
-0.635717 -0.635034 -0.0744958
0.121657 -0.785846 -0.399869
0.384917 0.635638 -0.0243415
0.294144 -0.684069 0.402089
-0.116808 0.448289 -0.674473
-0.75734 -0.152633 0.501747
0.113701 0.437106 0.618445
-0.872662 0.0231724 -0.205612
0.063064 -0.0646927 -0.781948
0.0556512 -0.861798 0.161567
-0.42319 0.042276 0.807348
-0.479648 -0.696924 0.42627
-0.783768 0.363267 0.128088
0.526624 -0.35968 0.482288
0.236636 0.0824435 -0.745572
0.494773 0.239497 0.50268
0.213506 -0.0976718 0.787205
0.774726 -0.0894331 0.285082
0.86436 -0.0431631 0.0100909
0.2905 0.538747 0.387713
0.410145 -0.300687 -0.68574
-0.626574 0.324569 -0.538498
-0.160289 0.380287 0.741394
-0.301034 -0.318197 0.861214
0.799792 -0.203697 -0.310872
0.613209 0.15086 -0.55009
0.814631 -0.156892 -0.26257
0.730222 -0.101791 0.339325
-0.326411 0.061177 0.841907
0.126012 -0.859694 -0.0387079
0.585668 -0.43968 0.380006
-0.43386 0.56556 0.450424
0.387313 -0.0463668 0.667763
0.453656 -0.219975 0.610207
-0.25399 0.509675 -0.610539
-0.406067 0.195182 -0.717332
-0.00646334 -0.219885 -0.793969
0.787777 0.148878 -0.096406
-0.301189 0.305179 0.735679
0.658615 0.387374 0.0825672
-0.56124 0.668237 -0.0363462
-0.0229927 0.343337 -0.729562
-0.795362 0.397933 -0.0444896
-0.792212 0.295822 0.191566
0.635421 -0.359274 0.367655
-0.0237928 -0.762272 -0.470949
-0.324277 0.450836 -0.635929
-0.232907 -0.844246 0.279276
-0.324583 0.0715169 0.838332
0.472156 -0.152961 0.604147
0.826359 -0.135047 0.1207
-0.683238 0.40525 0.295014
-0.0844655 0.539378 -0.616622
0.721582 -0.212654 0.31389
-0.224032 -0.762246 0.503937
0.0759591 -0.814282 0.366743
0.811917 -0.115025 -0.259561
-0.554204 -0.464 -0.432731
-0.848441 -0.220885 0.0303504
0.588303 -0.626325 0.136611
0.290264 -0.392971 -0.711559
-0.851077 0.0968428 0.206551
0.0685519 0.637976 0.426279
0.787328 0.0918677 -0.231389
0.314266 0.512021 0.394282
-0.767779 -0.493562 0.0572341
0.155375 -0.49594 0.714585
-0.443763 0.249285 0.697889
0.263335 0.640605 -0.346687
0.831066 -0.290872 -0.0890697
0.262537 0.701326 0.0532525
0.252596 -0.816799 0.132316
-0.761482 0.376817 -0.300586
0.316308 0.571353 -0.40254
-0.352617 -0.752533 -0.185224
0.393639 0.265387 -0.660899
-0.59913 0.406155 0.445357
-0.116901 -0.863844 0.119105
-0.0372401 0.764575 -0.396675
0.662128 -0.218911 -0.471718
-0.725952 -0.45021 0.415993
0.603963 -0.640855 -0.111939
-0.272773 0.12742 -0.763338
0.432831 0.111459 -0.70189
-0.551798 0.563575 -0.392319
0.63091 0.00914982 -0.556353
-0.85752 -0.167272 -0.12352
-0.324891 -0.828829 0.21186
-0.469604 -0.772279 0.195674
0.183622 0.735443 -0.224067
0.793073 -0.363435 -0.210181
-0.0481774 0.381014 -0.711346
0.85136 -0.204349 -0.0481909
0.569183 -0.309946 -0.55919
0.225904 -0.679057 0.475088
-0.841818 0.180887 0.168134
0.110552 -0.74899 -0.484999
0.800063 -0.263735 -0.281094
0.553201 0.473326 -0.229395
-0.209198 0.535337 0.580697
-0.0599313 -0.557756 0.762694
-0.4476 -0.479004 -0.531111
0.2788 -0.0488647 -0.742578
0.845996 -0.233861 -0.0690368
-0.366619 -0.0764005 -0.754385
0.523646 0.201118 0.484148
0.286943 -0.818624 -0.200951
0.129397 -0.64042 -0.631549
0.635854 0.4134 -0.0777405
0.519129 -0.65525 -0.30753
0.496955 -0.665943 -0.320652
0.206784 -0.422542 -0.736778
0.0372232 0.0396728 0.872688
-0.743709 0.0124349 -0.478849
-0.585244 -0.200115 -0.601115
-0.231338 0.807347 0.174886
-0.147656 -0.254952 -0.78796
0.341748 -0.794715 0.132194
0.365338 -0.14535 0.686022
-0.337921 -0.621103 -0.501377
0.255254 -0.807984 0.194729
0.192275 -0.719898 -0.507322
-0.38438 0.7068 -0.328969
0.263286 0.142237 0.732965
-0.754836 0.291705 0.283401
0.316848 0.674834 0.0270623
0.54338 -0.514772 -0.487106
-0.650896 -0.57886 0.388653
-0.816941 0.35962 -0.0705196
0.818903 0.121454 0.106596
0.248416 0.371926 0.612546
-0.594851 0.212423 0.592535
-0.152059 0.418373 -0.690381
0.0899227 -0.165358 0.852814
-0.877318 0.1084 -0.0701882
-0.418911 0.0858976 -0.738079
-0.788326 0.219237 -0.378202
0.428866 -0.681929 0.272261
-0.0872413 0.57607 0.525932
-0.208215 -0.209822 -0.783443
0.194743 -0.243744 0.793372
-0.568538 -0.307584 -0.566672
0.171383 -0.482666 0.712601
0.0079349 0.113242 -0.770439
0.636216 -0.597254 0.0179218
0.638768 -0.607243 -0.0994252
-0.491058 -0.19044 0.80007
0.149755 0.699275 0.192563
0.243558 -0.583997 -0.656834
-0.65693 -0.551082 -0.180477
-0.237782 -0.0785764 0.91326
-0.495472 0.641961 -0.329227
0.0240254 -0.601044 -0.667077
0.325302 -0.593087 -0.602022
-0.754966 -0.427889 -0.125961
-0.1711 -0.27631 0.90213
-0.0871308 0.842436 -0.220819
-0.659508 -0.635714 0.0477995
0.226437 0.113009 0.768298
0.554906 0.35091 0.296441
0.0724784 0.807184 -0.0630414
0.712625 0.30193 -0.0674385
0.497013 0.42143 -0.412519
-0.447426 -0.356563 -0.626812
0.427826 0.595101 0.062551
0.0412037 0.404142 -0.683615
-0.65527 -0.645637 0.142344
0.371278 -0.503031 -0.650078
-0.204024 -0.771642 0.501427
0.726837 -0.435397 0.105785
0.124209 0.721239 -0.338932
-0.753427 0.272175 -0.435224
0.463741 -0.134262 0.612747
0.121032 -0.811423 -0.334577
-0.782934 0.308574 -0.322932
-0.749665 0.0521998 -0.471732
-0.41718 -0.368548 -0.638302
-0.680354 0.572028 -0.0741717
-0.12171 -0.112078 -0.785856
-0.56892 -0.733726 0.0918265
0.053231 0.767057 0.0995366
0.571533 0.395024 -0.338242
0.621148 0.0571706 0.42369
-0.46312 -0.651516 -0.298608
-0.714141 -0.506904 -0.118664
0.873844 -0.106956 -0.0779783
0.547609 0.0195914 0.506075
-0.391243 0.477666 0.572729
-0.227825 -0.845371 0.0307349
0.066951 -0.730457 -0.530785
-0.424038 0.310842 -0.667492
0.350527 0.621944 -0.259351
-0.528896 -0.083211 0.767712
-0.216573 -0.617739 0.687679
0.669763 0.377008 0.0790783
0.129987 0.646889 -0.454606
0.215863 -0.825873 0.131466
0.00234555 0.213471 -0.763318
0.818235 -0.120527 -0.242677
0.800053 -0.0501712 0.241664
0.779736 -0.377902 0.0037606
-0.384075 0.598688 0.461384
-0.841281 -0.159567 -0.23621
-0.321358 -0.174847 -0.757258
0.449962 0.0395327 -0.696651
-0.76384 0.25866 -0.416569
0.497904 -0.076668 0.577406
-0.756058 0.367016 -0.340712
0.192149 -0.669107 -0.593413
-0.608092 -0.0547819 0.703331
-0.513956 0.654962 -0.279299
0.632359 -0.250874 -0.499037
0.706674 -0.114106 -0.444882
0.467851 -0.253117 0.592755
0.677875 -0.553192 -0.111094
-0.458253 0.467688 0.532975
0.19433 -0.693365 0.484548
0.0494946 -0.869196 -0.0422513
0.474687 0.570118 0.0259404
-0.776103 0.290912 0.23623
0.136758 0.754223 -0.236406
0.117112 0.625365 0.411524
-0.247108 0.683008 0.412582
-0.568219 0.448042 -0.529321
-0.668183 0.225222 0.503868
-0.706679 -0.549697 -0.0506524
-0.0399982 -0.470172 -0.747101
-0.190462 -0.837174 -0.126404
0.802785 -0.0948855 -0.280796
0.120649 -0.677742 0.568861
-0.232308 -0.00503873 -0.777817
0.175975 0.653482 0.285475
-0.328254 0.391657 0.674028
0.430671 -0.538579 -0.582861
-0.685967 0.0340369 -0.54548
-0.288911 0.683715 -0.431988
0.0657258 0.298428 0.754328
0.177295 -0.769542 0.369676
-0.25694 -0.703317 0.581706
0.564679 0.499781 -0.080583
-0.621759 0.296975 -0.551754
-0.0336168 -0.873989 -0.0292921
-0.251285 0.161085 -0.759432
0.0283947 -0.694753 0.62016
-0.548323 -0.681186 -0.12621
-0.197499 -0.85011 0.298887
-0.181371 -0.0842726 0.925302
0.47948 -0.635944 -0.39288
-0.167114 -0.772383 -0.327405
0.127784 -0.614901 -0.656385
0.258003 0.199706 -0.722874
0.231541 -0.297076 0.76878
0.208272 0.659777 -0.366732
-0.152794 0.73337 0.327348
0.666878 -0.0490808 -0.503448
-0.824447 0.267358 -0.22105
-0.844409 -0.0653501 0.211819
-0.473592 0.314791 0.634506
-0.428094 0.302834 0.678628
-0.764673 -0.0652605 0.514193
0.202855 0.736357 0.00919238
0.425822 -0.0784164 -0.697074
0.46748 -0.508752 -0.572547
0.190494 0.061984 0.790848
0.176097 0.632978 -0.434648
0.337761 -0.019366 0.702028
-0.88103 0.0651322 -0.11837
-0.271066 0.823518 -0.0900412
-0.60572 -0.347681 -0.483222
-0.654329 0.472839 0.273829
0.599355 0.0215512 -0.598976
-0.620857 -0.0716215 0.693656
-0.113548 -0.827222 0.460418
0.274384 -0.0464075 -0.743451
0.549135 0.252456 -0.531285
-0.36747 0.420181 0.633783
0.229824 -0.48835 0.662222
0.638192 -0.601703 -0.0441407
-0.16432 -0.217738 -0.787602
0.215542 0.581985 -0.468285
-0.820268 0.0579416 -0.372852
0.180058 0.611173 0.386816
-0.2651 -0.824011 0.319457
-0.252334 -0.795167 -0.175276
-0.574965 0.0176477 0.721212
-0.578173 -0.300901 -0.563291
-0.338974 0.0816584 -0.765971
0.614994 0.432831 -0.149021
-0.691454 0.405828 -0.410011
0.372081 -0.311516 0.651093
-0.515483 0.137185 0.710016
-0.298845 -0.794994 -0.126545
-0.518144 -0.110692 -0.661142
0.628504 0.418553 -0.121504
0.768955 -0.0809159 -0.352378
0.791528 -0.278538 0.0944891
0.773655 -0.296131 0.138101
-0.626653 0.476026 -0.427144
0.595026 -0.624853 0.118966
0.454836 0.455042 -0.427078
0.194932 0.743593 -0.0075562
-0.495841 -0.683142 -0.200446
0.652576 -0.557809 0.0823962
-0.554822 -0.688447 0.335926
0.34347 -0.604574 -0.575864
0.44998 0.423059 0.337188
-0.43728 0.509785 0.509315
0.47089 0.400547 -0.466839
0.771979 0.0361382 0.267341
0.221063 0.307568 -0.692545
-0.0782793 -0.53913 -0.689428
0.661751 -0.389808 -0.421518
-0.531398 0.148199 0.690377
0.125605 -0.846832 -0.243781
-0.864482 -0.13179 -0.111935
-0.327435 -0.73421 0.476884
0.252382 -0.807267 0.20567
-0.0712543 -0.87152 0.0627539
-0.488889 0.200426 -0.672327
-0.557054 0.00287295 -0.654674
0.822781 -0.172274 -0.242946
0.639193 0.275864 -0.381924
0.494597 0.138837 0.528551
-0.681099 -0.576201 0.308876
0.385836 -0.581598 0.444103
-0.638355 0.38073 0.401042
-0.0822991 -0.869318 0.229454
-0.308315 -0.314403 -0.722661
0.164132 -0.740505 0.43614
-0.244971 -0.320384 -0.753745
-0.0227476 -0.738236 0.601635
0.0773693 -0.861531 0.0973489
0.308903 -0.320423 0.704837
-0.642294 0.608191 -0.0717341
0.569799 -0.564258 0.285581
0.427659 0.549308 0.180406
-0.84859 -0.0705546 0.166218
-0.0100795 -0.813163 -0.339921
0.630285 -0.498235 0.282825
0.616774 -0.250523 -0.517581
0.133366 -0.830519 -0.284875
0.562522 -0.0894713 -0.617585
-0.342884 -0.0849106 0.892906
-0.360889 -0.778519 0.333621
-0.590588 -0.203086 0.723798
0.248026 0.0943314 0.754713
-0.551218 0.53179 -0.443163
0.735083 -0.364658 -0.340249
-0.199488 0.299503 0.780117
0.588002 0.352114 0.247329
0.720533 -0.477249 -0.21819
0.837703 0.0653876 0.0274065
0.465825 0.501975 -0.363629
0.161238 -0.842009 0.089314
0.601525 0.0397804 -0.592314
-0.56697 -0.0444222 0.73636
0.258716 -0.826911 -0.20584
0.293802 0.458394 0.48728
-0.673015 -0.461147 0.48279
0.0659951 0.188667 -0.762364
-0.114612 -0.622837 0.700171
-0.425233 -0.129354 0.842352
0.361569 0.353073 0.535294
0.787335 -0.281246 0.106165
-0.747494 -0.162986 -0.450876
0.72868 0.0903974 0.308566
-0.717731 -0.24577 0.547463
-0.728454 0.384209 0.234542
-0.712345 -0.38212 -0.280091
0.156032 -0.360842 0.809221
0.710316 0.126842 0.317868
-0.198943 0.720239 -0.448535
-0.824738 0.299611 -0.18083
-0.641944 -0.0518272 0.672035
-0.584737 -0.0899905 -0.620405
0.679128 -0.49883 -0.311964
0.621874 -0.619353 -0.170236
-0.370893 0.594312 -0.493109
-0.212397 -0.423923 -0.715277
-0.529701 0.458333 0.487867
0.587619 0.480185 -0.0664308
0.184747 0.521218 -0.547147
-0.266132 -0.239853 -0.772757
-0.769937 -0.100856 0.4882
0.657002 0.387584 -0.0464774
-0.308797 0.0433443 0.857208
-0.28104 0.171794 -0.755544
-0.393812 -0.700406 -0.283513
-0.824491 -0.0685446 0.350787
-0.280611 -0.831084 0.0197479
-0.0473472 0.603931 -0.568487
-0.22275 0.27806 -0.739049
-0.0919763 0.742199 0.30508
-0.669373 0.319536 0.408396
0.742267 -0.385806 0.154796
0.64896 -0.176679 -0.497794
0.0503732 -0.85809 -0.22064
0.424256 0.354125 -0.562041
-0.705493 0.469469 0.178848
-0.0918507 -0.215467 0.928894
0.0821309 -0.266471 0.854089
-0.447434 0.609952 0.372296
0.543635 -0.676982 -0.236257
0.335399 -0.223852 0.699389
-0.225207 -0.684548 -0.493928
0.147091 -0.348121 0.814902
0.720125 0.163784 0.298964
0.558849 0.396766 -0.355683
0.23335 0.49793 0.5009
0.794285 -0.0865363 -0.30027
-0.834944 -0.197592 -0.219579
-0.177907 0.684578 0.406942
-0.0133095 -0.869458 0.132765
-0.234392 0.798835 0.192718
-0.20854 -0.13526 -0.78607
-0.060285 0.218875 0.845288
0.00805984 0.0822943 -0.772631
0.24181 0.439493 0.559552
0.459917 0.103397 0.570174
-0.461346 -0.597033 -0.393812
-0.0320175 -0.755587 -0.481342
-0.558395 0.273326 -0.603825
0.690082 0.166214 -0.410242
-0.259897 -0.491142 0.780461
-0.50212 -0.446334 -0.507401
-0.745585 -0.157489 0.529827
-0.323283 -0.798519 -0.0910986
0.0115276 0.817289 -0.201209
-0.044756 -0.719402 -0.55929
0.424521 -0.207516 0.633773
-0.41933 0.506289 -0.569373
-0.665408 -0.397353 0.530638
0.353118 0.113737 -0.717736
0.567589 -0.46353 0.384648
-0.616386 0.0463656 -0.61311
-0.469392 -0.774269 0.184521
-0.0563471 -0.444667 0.835848
-0.131463 -0.432138 0.838869
0.622343 0.229697 0.37616
-0.588515 0.641298 -0.147652
0.653136 0.106966 0.379605
0.306715 -0.543263 -0.658293
0.0537829 -0.697403 -0.587306
-0.856569 -0.127001 0.0356267
0.663542 -0.19375 -0.476289
-0.72511 0.371488 0.254541
-0.744303 -0.418993 -0.172263
-0.296509 -0.579583 0.709455
-0.652407 0.10075 0.606197
0.172288 0.655379 0.284668
-0.456399 -0.464156 -0.535815
0.847724 -0.125674 -0.158546
-0.592544 0.552058 -0.363111
0.576963 -0.458812 0.378021
-0.565927 0.554247 -0.391817
0.605079 -0.181422 -0.548581
0.0959603 -0.777992 0.433062
0.132797 0.146814 0.806136
-0.0374922 -0.843385 -0.261822
-0.420216 0.238431 -0.69506
0.690531 -0.538305 -0.144829
-0.496006 -0.082474 0.793019
-0.559198 -0.332151 0.699098
0.0102184 0.220008 -0.762888
-0.205979 -0.595756 -0.617239
-0.510284 -0.707671 -0.13089
-0.344093 0.169655 0.784063
0.315923 0.165252 -0.716922
-0.186669 -0.569245 -0.642147
0.0146323 0.374113 0.701575
-0.0559751 0.201918 -0.763894
0.469445 0.254387 0.520992
0.475636 -0.49301 -0.574727
-0.593368 0.0648985 0.683209
-0.395869 0.090039 0.799005
-0.454993 0.667877 0.26737
-0.323942 0.807197 0.067954
-0.831095 -0.223824 0.197119
-0.411266 0.761282 -0.12282
0.324759 -0.804842 0.061233
0.722713 -0.469409 -0.238591
0.474783 -0.486174 -0.579675
0.496329 0.475011 -0.351852
-0.759012 -0.518577 0.198627
-0.0141289 0.235484 -0.761691
0.696643 0.342811 0.0444549
-0.73902 -0.519153 0.00299883
-0.366393 0.716546 0.247236
0.431015 -0.771685 -0.000883348
-0.058468 0.855611 -0.0398607
-0.685704 0.355215 0.342208
-0.30386 0.0796981 -0.768829
-0.508941 0.178371 -0.669452
-0.779293 -0.45933 0.252265
-0.0513501 0.584699 0.513395
-0.226301 0.49635 -0.62501
0.588682 0.257914 0.385866
-0.661883 -0.577999 -0.136613
-0.29707 0.764308 0.207205
0.398648 -0.758345 0.168107
-0.215276 -0.00203435 -0.777675
-0.034602 0.761117 0.213068
0.675124 -0.212232 0.384004
-0.0868004 -0.704876 -0.557682
-0.497656 -0.203488 0.79538
-0.709506 -0.52896 -0.0932623
-0.0318971 0.437373 0.657804
-0.277764 0.243494 -0.742665
-0.461226 -0.72624 0.362246
0.705556 0.207875 0.270752
-0.632065 -0.664258 0.0183286
0.469439 0.578898 -0.0421209
0.215279 0.728108 0.0223977
-0.439245 0.506549 0.510875
-0.416323 -0.506449 -0.53696
-0.766727 -0.247653 -0.34257
0.0060965 -0.384911 0.849653
-0.692234 0.49135 0.171748
0.310683 0.606564 -0.355411
0.30364 -0.505347 0.590765
-0.861019 -0.0599604 0.0309269
-0.295088 0.67121 0.402525
0.618702 -0.591569 0.118882
-0.0940328 0.413612 0.695508
-0.181256 -0.0916226 -0.78416
0.176019 -0.791948 0.321522
0.051424 -0.797039 0.434252
0.0563907 0.792556 -0.228384
-0.560799 0.379341 -0.56396
-0.703008 -0.410962 -0.263043
0.691242 0.301374 -0.201539
-0.291739 0.657794 -0.46563
-0.0103595 0.785359 -0.327615
-0.562991 0.291124 -0.594251
0.424406 -0.649865 -0.443128
0.341271 0.357444 0.548497
0.412509 0.615639 -0.00948604
-0.832885 -0.145846 -0.303698
0.608047 0.452283 0.070312
-0.244751 -0.424333 -0.704802
-0.599967 0.585812 0.148741
-0.499457 0.336079 0.600502
0.16512 -0.768846 0.383197
0.845932 0.0309485 0.0577048
-0.195784 -0.202475 0.913323
-0.0935998 -0.543709 0.767662
-0.291886 -0.568853 -0.598699
0.257334 0.454359 0.528322
0.679144 -0.321881 0.324471
0.38208 -0.245942 -0.700935
-0.461832 -0.694651 -0.219555
0.425249 -0.681567 0.276549
0.527411 -0.67641 -0.261619
0.704816 -0.473189 -0.306373
-0.548396 -0.65908 -0.165808
-0.638527 -0.264986 0.645163
-0.281021 0.754152 -0.340478
-0.715793 -0.566358 0.227251
0.20385 0.701883 0.125719
0.527177 0.399785 0.26286
-0.780689 0.337732 -0.295749
0.0505419 0.635138 -0.51674
-0.0328405 0.188222 -0.76496
0.758992 0.0199829 0.285264
-0.118762 -0.388304 -0.761827
0.777046 0.0658678 -0.305676
0.8072 -0.0516634 -0.256772
-0.471283 0.0871262 0.764976
-0.449664 -0.766083 -0.0456777
0.203332 -0.476258 -0.725333
-0.603697 -0.615731 0.407983
-0.74984 -0.492458 -0.022413
-0.588152 -0.712254 0.155281
0.66724 -0.553499 0.0155219
0.674074 0.0730571 -0.499336
0.543347 -0.211911 -0.610036
-0.0751443 0.805296 0.126248
0.740319 -0.408374 0.12594
0.598209 -0.349737 0.417284
0.498145 -0.434359 0.469125
-0.658533 0.0367433 0.633248
0.132911 0.146996 -0.755782
-0.86449 -0.0613632 -0.0117589
0.540631 0.433365 -0.336778
-0.330145 0.177076 -0.751135
-0.116736 0.5964 0.50701
-0.72069 0.227812 -0.507068
-0.493576 0.320636 -0.627731
0.533033 0.013866 -0.653209
-0.349213 0.759105 -0.282928
0.0615034 -0.246053 0.865934
-0.271681 0.419402 0.670082
0.177751 -0.714809 0.467051
-0.664553 0.471636 0.259359
-0.529548 0.17498 0.675382
-0.360666 -0.61114 -0.489639
-0.289934 -0.83482 0.114968
0.733791 -0.473215 -0.148972
-0.56847 0.647111 -0.186536
-0.251275 -0.0747891 -0.782677
-0.659058 0.404792 0.338977
-0.738039 0.0288042 0.546705
-0.715005 0.506074 -0.222312
0.11364 0.322213 -0.714207
0.242929 -0.790583 0.257583
-0.180821 0.845998 -0.151514
-0.0233257 -0.241616 0.905805
0.502381 0.441367 0.235862
0.0477006 0.795857 -0.231536
0.190251 -0.808346 0.266478
0.437744 -0.758984 -0.221036
-0.0378349 0.618997 0.473252
-0.809876 -0.111509 -0.3865
0.276098 -0.725948 -0.46256
0.662837 -0.180258 -0.480473
-0.500438 -0.51274 -0.449869
-0.335606 -0.38642 0.831523
0.740891 0.0768423 -0.379455
0.382615 -0.788229 -0.0977954
-0.577079 -0.329156 0.681015
0.784782 -0.376964 -0.0229382
0.168022 -0.80155 -0.356291
-0.174766 0.0470611 0.890284
0.238971 -0.438236 0.694975
-0.373467 0.75268 -0.273819
0.609197 -0.119737 0.479081
0.286985 0.0225726 0.734189
-0.0648167 -0.707626 0.627451
0.0206393 0.712424 0.295325
-0.72295 -0.510229 -0.0819749
0.182964 -0.165195 0.802101
0.574804 0.50142 -0.0330558
-0.364301 -0.444049 0.797243
0.690322 0.139 -0.440862
-0.226259 0.503875 0.606094
-0.849454 -0.132821 -0.208497
0.21639 0.5731 0.424504
-0.258481 -0.436003 -0.694936
-0.296962 -0.742551 -0.271267
0.835648 -0.136121 -0.196259
-0.78466 -0.42731 -0.0244232
0.21997 0.724527 -0.197116
0.207933 0.227748 0.733044
0.350207 -0.454044 0.595107
-0.0360661 -0.874445 -0.0448025
0.143136 -0.836265 0.191003
0.403945 -0.777647 -0.129018
0.31741 0.677385 0.00695557
-0.729235 -0.560627 0.175302
0.349732 -0.263636 0.683797
0.563653 -0.63372 -0.277752
-0.0496762 -0.103588 -0.785554
-0.409414 -0.676986 0.520859
-0.804238 -0.251646 0.317155
-0.689026 -0.292772 0.559512
-0.143999 0.688639 0.397193
-0.00156333 0.81858 0.00849486
0.546223 -0.674262 0.120767
0.564593 0.373001 0.24987
0.164358 -0.265722 0.809289
-0.823801 -0.196267 -0.285898
0.654429 0.19615 -0.456026
-0.525485 0.232949 0.642972
0.684028 -0.47411 -0.343163
-0.81974 0.314834 -0.180638
-0.220963 -0.557402 -0.642008
-0.52004 -0.690832 -0.152451
0.638748 0.0694121 0.403175
0.074624 0.799801 -0.135135
0.207698 -0.374312 -0.747183
-0.860737 -0.00174965 -0.259406
0.707675 -0.482421 0.0449854
0.423609 -0.415475 0.549956
-0.535972 -0.68646 0.376497
-0.749725 -0.344414 -0.262939
-0.0816887 -0.408534 0.861927
0.0494597 -0.225673 0.873098
0.648522 -0.0104807 -0.530878
-0.708565 0.244827 0.414995
-0.122656 0.0671516 -0.77316
0.338776 -0.61759 -0.563155
0.326715 0.208785 0.656697
0.51326 -0.689436 -0.260315
0.51241 0.295669 -0.529393
-0.764827 -0.299081 0.430742
-0.724249 -0.542258 0.0119341
-0.638582 0.440935 -0.44634
0.08412 -0.0724657 0.855997
-0.450179 -0.108078 -0.701012
-0.793333 0.113429 -0.411936
0.0516571 0.19046 -0.763486
0.425575 0.552066 0.179235
0.115139 0.667383 -0.437349
0.656488 -0.166307 0.434446
-0.432817 -0.590932 -0.440829
-0.778076 0.0135976 0.482184
-0.140858 0.716099 -0.469585
0.0921384 0.418456 0.640905
-0.486597 0.461149 -0.579012
-0.739644 0.402363 0.185219
-0.482017 0.723945 -0.0543331
0.244076 -0.825632 0.0411294
0.138349 0.776096 -0.0463445
-0.325587 0.0256296 -0.775258
0.53003 -0.318213 0.501806
-0.302307 -0.00383006 0.879529
0.163234 0.619789 -0.463745
0.227232 0.705299 -0.272919
-0.222745 -0.437302 -0.705679
0.272609 -0.0458088 -0.743818
0.693049 0.200359 0.30254
-0.73288 -0.500163 -0.0665605
-0.191671 0.833798 0.131114
-0.315763 -0.795152 0.341248
-0.413446 -0.0626879 0.845711
-0.760439 -0.408182 -0.144056
0.30261 -0.805293 0.125491
-0.661431 -0.581204 -0.131583
-0.473683 -0.363942 0.766404
-0.0999535 0.865317 -0.0208083
-0.470716 -0.586612 -0.39922
-0.562889 -0.746617 0.0247563
-0.24597 -0.345731 0.865696
-0.679366 -0.445323 -0.262344
0.310831 0.680483 0.0143288
-0.247956 -0.408666 -0.71117
0.37118 -0.558763 -0.605268
0.0500206 -0.107748 -0.785714
0.278056 -0.731199 -0.453077
0.0794771 0.237221 -0.752054
0.169057 -0.848427 -0.0255447
-0.138758 -0.745331 0.576209
0.0219509 0.789004 0.0694459
-0.74404 0.475308 -0.0016925
0.0501437 0.57481 0.510659
-0.586369 -0.381632 -0.475034
0.513534 -0.519848 -0.518926
-0.0274259 -0.53917 -0.701548
-0.576723 0.506963 -0.450754
-0.176278 -0.835767 -0.145239
0.00720463 0.750259 -0.386889
-0.0647457 -0.707036 -0.567432
0.138146 0.771543 -0.0267982
0.600195 -0.249411 0.470686
-0.741091 0.420528 -0.29544
-0.461848 -0.782817 0.158882
0.0745936 0.5902 -0.540685
-0.578357 -0.261989 -0.589717
-0.805082 -0.0363815 -0.394333
-0.805089 -0.410716 0.0150192
-0.708969 -0.585291 0.105036
0.309838 -0.113301 0.727887
0.377959 0.513302 -0.434202
-0.653719 -0.602135 -0.105863
0.140469 0.259529 -0.734082
0.268933 0.685529 -0.249609
0.167301 -0.725985 0.458525
-0.683393 0.556739 -0.182009
0.704115 -0.329972 0.28295
0.232731 -0.0760049 0.776173
-0.12957 -0.861208 0.359072
0.00253367 0.821015 -0.199193
0.238452 -0.549362 0.603684
0.575702 0.463433 -0.18101
-0.535554 0.540834 0.358319
-0.850262 0.142831 0.143586
0.618251 -0.188905 -0.531126
-0.784413 0.291395 -0.336128
-0.384033 -0.489183 -0.583623
0.647036 0.0981027 0.387862
-0.522234 0.678986 -0.202194
0.721537 -0.484992 -0.0698803
0.309947 0.398617 -0.589556
-0.00175174 -0.630641 0.700129
-0.539688 0.025567 0.754326
-0.671104 -0.591397 -0.0699037
-0.495177 -0.219717 0.797777
0.298807 -0.64911 0.448979
-0.103714 0.140335 -0.768057
-0.11538 0.795413 -0.327112
0.811166 -0.307354 -0.209028
-0.222414 -0.464729 0.80396
0.383018 0.502052 0.313321
-0.200531 0.410407 0.704082
0.159089 0.128383 -0.753571
0.70524 -0.382078 0.253898
0.201455 0.0793382 -0.752979
-0.752549 -0.159107 -0.446254
-0.0338449 -0.349989 -0.794732
-0.495861 0.652568 0.232611
-0.863441 -0.101361 -0.0282314
0.166475 -0.833581 0.167267
-0.812614 -0.394494 0.0105597
0.452724 -0.566596 -0.533846
0.430163 0.493197 -0.414489
-0.152211 -0.822331 -0.207269
-0.57008 -0.56672 -0.291433
0.0845511 0.708355 -0.40364
-0.704795 0.289038 0.376156
0.666096 0.348692 -0.195964
0.477924 -0.59772 -0.457455
-0.845381 0.194714 -0.232633
-0.0853164 -0.867022 0.383014
-0.761468 -0.0765052 0.518324
0.331554 0.531658 0.341057
0.625167 0.420476 -0.14129
-0.414304 0.710562 0.206984
0.35772 -0.228786 0.681883
-0.567422 0.475012 -0.501925
0.247446 -0.767195 0.304838
0.19603 -0.692073 -0.553224
0.354321 -0.798841 -0.106465
-0.141273 0.868145 -0.0972165
0.625409 -0.311811 -0.491465
-0.383588 -0.770345 -0.10398
-0.422549 0.587435 -0.465144
-0.558444 0.578418 0.263574
0.269385 0.612767 -0.382539
-0.421824 -0.396495 -0.623372
0.649558 -0.0805105 -0.520955
-0.867269 0.0500536 0.0358445
-0.253765 -0.840836 0.183907
-0.0644114 0.851545 -0.158305
-0.494431 -0.0639791 0.793204
-0.0641151 -0.292754 -0.795065
0.533592 0.391082 -0.400376
0.155703 0.317784 0.706857
-0.565663 -0.206563 -0.610992
0.289403 0.226035 -0.708025
-0.564299 0.666101 -0.0361104
-0.849294 0.212641 0.0453459
0.20816 0.677079 0.192192
-0.382033 0.380897 0.66146
-0.603766 0.54796 -0.353823
0.314337 0.228234 0.654022
-0.716592 0.40145 0.238944
0.0748166 0.0849134 -0.770322
-0.831491 -0.145215 -0.31334
0.229035 -0.123983 0.778199
-0.376018 0.0518995 0.824019
-0.0352897 -0.376889 -0.790501
0.113901 -0.741589 -0.496434
-0.034279 0.759618 0.217107
-0.848465 -0.0772126 -0.267585
-0.106679 0.610182 -0.564437
-0.581606 -0.341716 -0.523604
0.589109 -0.372111 -0.515881
-0.314815 -0.49998 -0.637027
0.235977 -0.813316 0.190496
0.359385 -0.579065 -0.591875
0.775156 -0.000618329 -0.323099
0.550068 -0.665461 0.14121
0.232496 0.687391 0.136845
-0.795881 -0.433798 0.216916
-0.819491 -0.355552 -0.0388044
0.111592 0.162784 -0.757483
0.552159 -0.582586 -0.379105
0.426787 -0.633508 0.34545
-0.131416 -0.719519 -0.486637
0.839426 0.0556302 0.0668037
-0.179705 0.0111317 0.900002
-0.478791 -0.341964 0.774023
-0.519595 0.628968 0.238461
-0.418867 -0.659333 -0.343628
-0.73759 -0.221261 -0.4172
-0.373545 -0.0548748 -0.755146
0.746439 -0.448133 -0.176985
0.839919 0.0297749 0.10532
0.188364 -0.834787 0.0992973
-0.662337 -0.180538 -0.545705
0.0136181 -0.871341 -0.0229217
0.4995 0.542187 -0.114593
0.254694 -0.344325 0.742575
-0.450974 -0.746595 0.314575
-0.0969928 0.849443 0.022384
-0.16127 0.870685 -0.0158243
0.454311 0.503864 0.210542
-0.521174 -0.682594 0.416328
0.214544 -0.612144 0.564842
0.779584 -0.30615 0.107488
-0.683796 -0.328881 0.545525
-0.798935 -0.258055 -0.264222
-0.0518239 -0.443524 0.835127
0.527539 -0.285711 0.520851
0.707577 0.229585 0.235346
-0.679025 -0.334039 -0.385094
0.307175 0.616281 0.22638
-0.498032 0.710229 0.0271069
-0.124801 0.605107 -0.568369
0.3993 0.622639 0.00803473
0.336763 0.171288 -0.711873
0.663315 0.306731 0.194619
-0.250594 0.815335 -0.201271
-0.2498 -0.829136 -0.0634517
-0.364513 -0.803834 0.253575
-0.303003 -0.780961 0.399718
-0.836798 0.215503 0.164211
0.450462 -0.270264 0.599976
-0.854986 0.211408 -0.177217
0.489745 0.549348 -0.115756
-0.353835 0.256615 -0.721292
0.341995 0.634306 0.13769
0.398385 0.346191 0.509644
0.687027 -0.430795 0.258054
-0.0677139 0.498248 0.607056
0.0290998 0.751102 -0.36435
0.136432 0.301832 0.72403
0.247741 0.66811 0.172374
0.730688 -0.2221 0.295581
-0.21253 0.561404 0.553225
-0.84967 -0.160439 0.0735662
-0.610048 -0.256014 0.689539
-0.756311 0.271038 -0.428181
0.0401155 0.342685 0.722299
-0.0869945 -0.660435 0.668868
0.451566 -0.2233 -0.677244
-0.478256 -0.306041 0.795289
-0.00886363 -0.849482 0.364682
-0.563673 0.280029 0.58083
-0.537801 -0.410036 0.673664
-0.748517 0.452569 0.0432063
-0.317698 0.763281 0.186058
-0.210272 -0.101867 -0.784765
0.00975562 -0.414858 0.832388
-0.0595508 0.0201642 0.920989
-0.0889759 0.140272 -0.768123
0.216201 0.660679 0.224583
0.0258048 -0.459631 0.803444
0.358179 -0.227754 0.681657
-0.76952 -0.183154 -0.409028
-0.261313 -0.264852 -0.769534
-0.526666 -0.716954 0.287609
-0.661619 -0.361211 0.557032
0.370908 -0.738676 -0.361526
0.453329 -0.0579166 0.613681
0.313017 -0.810607 0.0203609
0.106928 -0.497005 0.747994
-0.445366 -0.648877 -0.326513
-0.298071 0.247482 0.767297
-0.250958 -0.400216 0.844214
0.0327201 -0.711585 -0.574052
0.0940417 0.310189 0.736088
-0.160883 0.0528851 0.89137
0.208075 -0.828911 0.115239
-0.732387 -0.0878421 0.579983
-0.284467 0.0746183 -0.771055
-0.843383 -0.0954799 0.194318
0.582138 -0.107526 0.502991
0.289263 0.186763 -0.71877
-0.232317 -0.0925708 -0.784015
-0.703004 -0.495677 0.404955
-0.300477 -0.0289506 -0.779227
0.514379 0.362883 0.335981
0.726768 0.140563 0.29812
-0.72201 -0.507106 -0.0910892
0.488249 0.555221 0.0471463
-0.80942 -0.108599 0.385346
0.249119 -0.282359 0.757499
0.0142534 -0.703815 -0.586719
-0.726368 -0.478332 -0.130064
-0.183521 -0.113506 0.93012
0.315456 -0.300529 0.705396
-0.162379 0.679304 0.413645
-0.541012 -0.451519 -0.465106
0.800734 -0.255447 -0.286727
0.529181 0.516555 0.0721796
0.147552 -0.855996 -0.178633
0.653298 0.126103 -0.507049
-0.800351 -0.0436581 0.431408
-0.69971 0.101082 -0.531092
-0.603934 0.421046 0.42135
0.359865 0.1084 -0.717251
-0.0473324 -0.87277 0.0520286
-0.437522 -0.749329 -0.104123
0.305588 0.0629494 -0.732015
-0.729678 -0.124973 -0.485492
-0.817485 -0.396945 0.0319995
-0.869506 0.0309884 -0.00486265
-0.152045 0.136018 0.866713
0.223901 -0.0379838 0.778705
-0.634496 -0.601601 -0.136433
-0.502976 0.107759 -0.696311
-0.627045 -0.0292619 0.681185
0.358612 -0.64473 -0.509752
-0.694255 0.331573 0.351223
-0.216763 0.71743 -0.43919
0.451368 -0.074523 0.617755
-0.125794 -0.742688 -0.434608
0.291153 -0.665843 0.433566
0.0801732 0.0365669 -0.773681
0.649599 -0.525778 -0.318925
-0.0717198 -0.0691174 0.939488
0.0206646 -0.746155 -0.508802
0.0819991 -0.863965 -0.17838
-0.126388 0.85129 -0.167909
-0.637969 -0.204015 -0.562917
0.212161 -0.242121 0.783925
-0.617173 -0.591737 -0.179303
0.671522 0.373938 0.0114606
-0.821104 -0.262366 0.225901
0.111094 0.704637 0.219156
-0.355612 0.108688 -0.75863
-0.789509 -0.412943 0.271701
0.524051 0.395713 -0.407216
-0.610991 -0.659233 -0.0691146
0.0406005 0.400451 0.671099
-0.632894 0.410865 0.37977
-0.670001 -0.352157 -0.379333
0.728951 -0.425487 0.130115
-0.804642 0.274706 -0.284608
0.20689 -0.72923 0.412869
0.338171 0.464583 -0.50719
-0.047666 -0.54506 -0.692551
0.810341 0.0281867 -0.220946
-0.794235 -0.426256 0.233599
-0.19839 0.803029 -0.30055
-0.19529 -0.135157 -0.787185
-0.488327 0.524838 0.443394
-0.237399 0.188601 0.82489
0.654956 0.335858 -0.249268
-0.231509 -0.333652 -0.751767
-0.664636 -0.0358838 -0.567582
-0.227167 -0.704524 0.595059
-0.192322 0.525781 -0.61198
-0.414011 -0.605691 -0.44146
-0.218475 -0.182389 -0.783383
0.453113 -0.316695 0.573607
-0.702478 -0.0295587 -0.528671
0.103384 0.545005 0.525918
0.622081 -0.532185 -0.355302
-0.821634 -0.120529 -0.370093
-0.431433 -0.289733 -0.665212
0.626096 -0.36197 0.378257
0.61817 -0.215835 0.467948
0.168653 -0.840542 0.0850218
-0.0282966 -0.310543 -0.798054
0.382907 0.428427 0.42275
-0.524642 -0.429934 0.675551
-0.804656 0.150469 -0.381567
0.212901 -0.784178 -0.391616
-0.195821 0.782517 -0.339545
-0.860766 0.155241 0.0207916
0.343411 -0.57933 0.48561
0.0610103 0.774801 0.0683277
0.00318778 -0.788629 0.50331
0.577889 -0.625428 0.17144
-0.174228 -0.539318 -0.666051
-0.326397 -0.812357 0.276489
0.672043 -0.559082 -0.0896189
0.135128 0.367939 0.673654
-0.115952 0.414357 -0.696735
-0.0480306 -0.356199 -0.791843
0.503563 0.38896 0.312363
0.254189 0.515482 -0.509521
0.828353 -0.0527302 -0.195738
0.329215 0.206155 0.656448
-0.684263 -0.256084 0.587562
-0.321375 0.580875 0.503016
0.0115943 -0.556093 -0.698911
0.600476 0.428142 -0.217498
-0.760309 -0.525554 0.166822
0.807592 0.00752708 0.201026
0.371157 0.635962 0.0557064
0.280207 0.534621 0.408174
0.731763 -0.474826 -0.10889
-0.445269 -0.695261 0.459141
0.805423 -0.344303 -0.191886
-0.24077 0.841294 -0.0173251
0.626299 -0.495954 0.292274
0.0691603 0.236162 0.789549
-0.689607 -0.510315 -0.174924
-0.564943 -0.222425 0.744129
-0.265695 0.826299 -0.0812136
-0.205499 -0.849152 0.0105993
-0.416838 0.446242 -0.616047
0.425225 -0.595853 0.391276
-0.110316 0.101227 0.885819
-0.178341 -0.734288 0.573291
0.696069 0.28905 0.166418
0.339289 0.272479 -0.675526
-0.0870461 -0.38127 -0.775223
0.348725 -0.800484 -0.123419
0.402916 0.354569 -0.574898
0.70643 -0.442872 0.170223
0.549068 -0.134239 -0.620236
-0.570261 -0.041546 -0.638306
-0.397235 0.450367 0.593635
-0.62961 -0.675409 0.121118
-0.88017 0.0805388 -0.096858
-0.377122 0.69126 0.296509
0.634624 -0.165582 0.462058
-0.0382842 0.737307 0.283746
0.517238 0.339719 -0.476013
0.834068 -0.125675 -0.198124
-0.630486 -0.492918 -0.284959
-0.0124709 -0.752833 -0.494216
0.370419 -0.682037 -0.449601
0.0321422 -0.863685 0.19172
0.600636 -0.0415799 0.468376
0.0849129 -0.666605 0.606932
-0.00254294 0.0844968 -0.772431
0.399494 -0.778188 -0.159936
-0.286774 -0.0625362 0.899848
0.825687 -0.0257235 -0.196449
-0.785153 -0.419566 0.28459
-0.416077 0.434638 0.594428
0.31232 0.19873 -0.710626
-0.660744 -0.392061 -0.350012
-0.841309 -0.127962 0.184908
-0.808232 0.373107 -0.0422835
0.32237 -0.808221 -0.135067
-0.769886 0.339307 -0.333369
-0.0476041 -0.421032 -0.769009
0.106324 0.426311 0.630032
0.167332 -0.812764 0.278569
-0.30699 -0.266951 0.874563
0.624294 -0.163081 -0.530379
0.71559 -0.465876 0.0593557
0.456803 -0.482949 -0.597239
-0.703861 0.430802 0.231555
-0.177137 -0.722541 -0.441058
-0.249662 0.563803 0.541179
0.0164974 0.772587 -0.32982
-0.525649 -0.135341 0.771777
-0.415203 -0.452623 0.76436
-0.610033 -0.671586 -0.0483995
-0.759394 -0.0506744 -0.456166
-0.0303349 -0.0684265 0.917397
-0.221922 0.754259 0.300941
0.58334 -0.545836 -0.395029
-0.293686 -0.791041 0.381487
-0.638189 -0.611546 -0.112881
-0.788206 -0.378187 0.303979
0.0180237 -0.742351 -0.518716
0.828882 0.0565522 0.124738
-0.527366 -0.736655 -0.0435695
0.485776 0.182936 -0.666789
-0.699183 0.242213 0.434386
-0.0458044 -0.806876 0.50766
-0.248104 -0.634755 0.66601
-0.348558 0.619014 -0.476754
0.176078 -0.850885 -0.178119
0.362262 0.509869 0.330626
-0.841142 -0.103754 -0.289976
0.11259 0.195388 0.793651
-0.619911 0.394649 0.419853
-0.491185 -0.77392 0.113337
-0.15779 -0.426713 0.838946
-0.0814299 0.101344 -0.77091
0.749016 0.258596 0.0080918
0.532315 -0.589191 -0.396185
-0.0649627 -0.273424 0.910277
-0.107964 -0.360062 0.891504
-0.765725 -0.424148 -0.0958001
0.815584 -0.333848 -0.0854431
-0.029838 0.727029 -0.468449
-0.0423923 -0.326695 0.887709
0.546369 -0.573318 -0.402243
-0.466638 0.590008 0.37764
-0.0583638 -0.592691 -0.656336
-0.837234 -0.108117 -0.311207
0.137285 0.289187 0.730718
0.281297 -0.29319 0.732161
0.0837322 -0.835954 0.305104
0.716918 0.0234327 -0.433081
0.48941 0.557805 0.0357398
-0.447518 -0.757151 0.287496
0.849639 -0.0696719 0.086559
-0.519019 0.669735 0.109413
-0.614925 0.627394 -0.0144234
0.517344 0.423701 -0.384982
0.575217 0.172797 -0.584451
0.681234 0.349967 0.100135
-0.446456 -0.782169 0.205314
-0.458395 0.561766 0.426882
0.678342 -0.503919 -0.30307
-0.265078 0.674979 -0.461805
0.425341 -0.163127 -0.691564
-0.648951 -0.29176 0.615147
0.716386 -0.256742 0.300204
-0.435914 0.685697 0.244631
-0.838309 -0.0723192 0.265047
0.582274 0.180513 -0.568062
0.20152 0.7338 0.022287
-0.115023 -0.769037 0.55111
-0.442338 0.621789 -0.403007
-0.060797 0.835642 0.0233127
-0.724307 0.525903 -0.13722
-0.166698 -0.364798 0.878608
-0.768625 -0.099511 0.492005
0.816699 -0.163825 0.124648
0.0717309 0.42479 -0.660243
-0.703349 0.536709 -0.0221216
-0.210148 0.357909 -0.718472
-0.295069 -0.461799 0.795805
-0.784233 -0.333123 0.356562
-0.401324 -0.636532 0.602701
-0.083744 -0.697734 -0.56835
-0.540829 0.306383 0.585361
-0.778684 -0.255565 -0.315147
-0.824628 -0.21142 0.2457
-0.423178 -0.15668 -0.704608
0.461659 -0.747941 0.113038
-0.15215 -0.139318 -0.787659
0.166194 -0.754919 0.408663
-0.753925 -0.437903 -0.110752
-0.633874 0.607538 -0.00469867
0.131427 0.628512 -0.474993
0.386426 0.602226 -0.226611
0.482103 0.570507 -0.0382622
-0.0117241 -0.129281 -0.787531
0.743139 -0.358958 0.17769
-0.0488744 -0.217255 0.921084
0.349409 -0.761532 -0.345773
0.770144 -0.398025 -0.0139279
0.72397 0.222279 -0.229737
0.383752 0.60664 0.132008
-0.67762 -0.211275 0.622957
0.144109 0.309974 0.716192
0.860601 -0.0480754 0.0564771
0.128399 -0.86196 -0.0780226
-0.430174 -0.717875 -0.197501
0.794519 -0.182672 0.181813
0.443946 0.404905 0.372648
-0.835256 0.291851 0.061541
-0.731042 -0.207445 0.548953
-0.361365 0.785986 -0.0706118
0.511618 0.480234 0.164841
0.235428 -0.165223 0.773503
-0.581378 -0.346251 -0.519785
-0.479691 -0.656781 0.504623
0.111716 0.231654 -0.746594
-0.355064 0.780003 -0.217849
0.20487 0.0485971 0.783889
0.540761 -0.397728 -0.560821
-0.612264 -0.396733 -0.419026
0.473415 0.545263 -0.186679
-0.723306 0.0475932 -0.506946
0.267675 0.109243 -0.735243
0.620474 0.0742731 -0.562445
0.866286 -0.0574054 -0.0446465
-0.342295 -0.726739 0.479431
-0.237171 0.217849 -0.751247
-0.31711 -0.649255 -0.492777
-0.357704 0.381802 -0.665265
0.609262 -0.428771 -0.467148
0.615832 -0.0838276 0.463651
0.378646 -0.715413 0.263931
0.26613 -0.678421 0.438175
-0.776921 -0.224711 0.426497
-0.593717 0.160317 0.625133
-0.00225814 0.381931 0.699156
0.822667 -0.164419 0.103498
-0.0210393 -0.240046 -0.795336
0.219128 -0.693872 -0.542555
0.135679 -0.769661 -0.440169
-0.0482958 -0.387649 -0.78453
-0.668145 0.379574 -0.467477
-0.849086 -0.0795983 0.153115
-0.0118266 0.536534 -0.607568
-0.169301 0.250954 -0.750535
0.185976 -0.832043 0.142038
0.479137 -0.163324 -0.668293
0.0311814 0.0457434 0.874729
0.52211 -0.559677 0.341625
0.29891 -0.634767 0.465258
0.726493 -0.328235 -0.362682
-0.812569 -0.390976 0.174132
-0.00231992 -0.0937686 -0.785055
-0.229001 0.844347 -0.0313371
0.0845395 0.7366 -0.343251
0.788226 0.0966756 -0.215864
0.281608 -0.0926134 -0.743775
0.197207 -0.0211058 0.792092
-0.359045 -0.263168 0.863457
0.405929 0.585093 0.149273
-0.339838 0.295895 -0.709136
0.670722 0.338036 -0.20282
0.130185 0.144489 0.808006
0.315749 -0.808109 0.0458971
0.77943 0.187476 -0.0466587
-0.424715 -0.231364 0.849263
-0.229907 0.015639 0.888445
0.524818 0.253812 0.469552
-0.485561 -0.052366 -0.693788
-0.627607 -0.160378 -0.57883
0.316303 0.463525 -0.521851
0.265811 -0.824822 -0.0655867
-0.764845 -0.487742 0.0265845
-0.507652 -0.745618 0.222407
-0.790563 0.171774 0.342894
-0.152029 0.560916 -0.594804
0.500346 -0.685192 -0.284677
-0.306049 0.0333176 0.862664
-0.71896 -0.50285 0.346651
-0.451839 0.74385 -0.0194778
-0.5272 -0.537442 -0.392471
-0.0537428 0.701031 -0.496686
-0.632591 -0.559563 -0.208037
-0.19381 -0.455039 0.814555
-0.421189 0.0556723 -0.742797
-0.843931 -0.189751 0.102848
0.274813 -0.812654 0.118855
-0.14816 -0.668852 -0.568134
0.499278 -0.567653 -0.477382
0.393032 -0.312145 0.631424
-0.830183 -0.253839 -0.162065
0.174797 -0.820394 -0.307647
-0.0411933 -0.0531382 -0.782017
0.277047 -0.415316 0.682741
0.11646 -0.849053 -0.238603
0.594914 -0.545193 -0.37828
0.537596 -0.085983 0.541996
0.879329 -0.106813 -0.0570724
-0.627051 -0.331962 0.621659
0.368759 -0.353896 0.632326
-0.595663 -0.458741 0.576888
-0.871352 0.0187161 -0.209894
-0.805813 0.3781 -0.0456331
-0.12871 0.212548 0.838442
-0.456331 -0.763253 0.253121
-0.833691 0.285391 0.0869558
-0.381575 -0.305343 0.846045
0.256743 -0.43974 0.679832
-0.387905 0.0799721 -0.751318
0.0534483 -0.842082 0.316621
-0.0911607 -0.807649 0.502648
-0.408808 -0.670805 -0.336631
-0.630132 0.583966 -0.230725
-0.516476 -0.747372 -0.0259235
0.615719 -0.0271136 -0.574282
-0.516832 -0.111736 0.777858
-0.608637 -0.695543 0.186123
0.58683 -0.130959 0.504087
0.0824689 0.141112 0.827146
-0.747099 -0.456179 0.3497
-0.0677594 0.541296 0.56118
0.291061 -0.201357 0.734213
0.0541589 0.131666 -0.767746
-0.857736 0.233373 -0.12172
-0.594581 0.173185 0.616536
0.44032 -0.396829 -0.646763
-0.250771 -0.456837 -0.687562
0.250067 0.0787319 -0.743517
0.246021 -0.767699 -0.408605
-0.227063 0.449011 0.658801
-0.817578 -0.409826 0.135584
-0.217968 0.339503 0.750757
0.0823692 -0.386817 0.826046
-0.258393 0.779646 -0.321915
-0.558273 0.15052 -0.644967
-0.653315 0.114378 -0.578414
0.463562 0.250297 0.527282
0.70285 -0.517179 -0.112638
-0.845883 0.12296 -0.290397
-0.165081 0.135937 -0.768113
0.0470944 -0.84687 0.292037
0.00438597 0.530971 -0.606438
0.34142 -0.112285 0.705605
-0.524266 0.681403 0.0550067
0.835776 -0.00161869 -0.12424
-0.71607 0.500731 -0.228589
0.0580665 -0.869895 -0.118766
-0.62948 0.298332 -0.545958
-0.568326 -0.154327 -0.621325
-0.589903 -0.689087 0.271
0.656437 -0.539802 0.112246
-0.475454 0.557573 -0.466886
-0.795599 0.401449 -0.0800892
-0.624619 -0.677587 0.0328681
0.292877 -0.195202 -0.735098
0.530828 -0.622994 -0.343453
0.367009 0.228546 0.614862
0.268889 0.659256 -0.314223
-0.375548 -0.716393 0.473218
0.27208 0.564958 0.374467
-0.423653 -0.120063 0.84278
-0.573989 0.096592 0.682184
-0.626596 -0.657431 -0.0380413
0.486905 0.448956 -0.395141
0.668433 0.199794 -0.422282
-0.140757 -0.856723 -0.102709
-0.103497 0.477478 0.632523
-0.612591 0.386372 0.441558
0.102375 0.659525 0.348889
-0.775143 -0.0779257 0.483148
0.560296 -0.584543 0.272845
-0.0448596 -0.671007 0.665923
0.27084 -0.143806 -0.746141
0.634887 0.406986 -0.141461
0.347662 -0.333496 0.662315
-0.600614 -0.71039 0.0505922
-0.150007 0.84897 -0.164219
-0.619495 0.185813 0.58555
0.764662 -0.424161 -0.0838985
-0.283183 -0.29505 0.872055
0.738589 -0.168482 -0.393689
0.287106 0.523731 0.414728
0.830415 -0.0990206 -0.201788
-0.710905 -0.505766 -0.131983
-0.380894 0.770552 -0.225868
-0.839916 0.116193 0.286784
-0.319614 -0.556407 -0.584695
0.814059 -0.115485 0.182961
-0.328847 -0.7307 0.482362
0.197961 -0.83625 0.0471645
0.421006 0.533908 0.212774
-0.439039 -0.144083 -0.698719
0.405736 0.621719 -0.0243337
0.301032 0.339167 0.595016
-0.187662 0.547443 -0.598392
-0.490952 -0.724223 0.326298
0.311511 -0.43379 0.641294
0.307849 -0.456599 0.626303
0.636244 0.213884 0.369881
-0.446439 0.385308 0.613026
-0.315342 -0.151162 -0.765469
0.777433 -0.0226075 -0.322761
-0.165657 0.570166 0.539523
-0.206901 0.0888704 0.87127
0.0929376 -0.86648 -0.147616
-0.273477 0.489489 0.605699
-0.631751 0.0581797 -0.600398
-0.148911 0.328567 -0.733178
-0.318106 -0.678122 0.588905
-0.265821 -0.188636 0.903846
-0.753768 -0.501486 0.249181
0.0763184 0.733763 0.171851
0.459469 -0.26416 0.594804
0.365518 0.0404671 -0.719709
0.8125 -0.0454593 0.207386
0.054881 -0.406812 0.823378
0.0876447 -0.456376 0.786898
0.581421 -0.160874 -0.581697
-0.142961 -0.564585 -0.655988
-0.753681 -0.172279 0.504046
0.696279 -0.243289 -0.425225
-0.3652 0.19621 0.76103
0.132437 -0.0387456 -0.774491
-0.751545 -0.267799 0.47553
-0.274519 -0.415401 0.830551
0.110467 0.762674 -0.253254
0.534806 -0.359068 -0.584987
-0.633522 -0.398291 0.572744
-0.534246 0.639984 -0.276462
-0.0164675 -0.0934573 0.910598
0.420889 0.285505 0.540343
0.59749 -0.535953 -0.389878
-0.424374 0.456701 0.567924
-0.513292 0.59267 0.313645
0.422335 0.549238 -0.32837
-0.338168 0.657358 0.39411
-0.193759 -0.850736 0.295271
-0.427218 -0.740813 0.361922
0.146572 -0.217689 0.820396
-0.311593 -0.769516 0.422939
-0.13681 -0.860408 0.18282
0.40892 -0.774756 -0.145799
-0.438415 -0.109985 0.832544
0.735664 -0.44029 0.0347019
-0.501076 0.710646 -0.103371
-0.164089 -0.478017 -0.705122
-0.47838 0.101212 -0.711759
0.41558 0.274917 0.550713
0.747589 0.27738 0.0918517
-0.746519 -0.541283 0.164908
-0.104932 -0.865394 0.309942
0.825602 -0.117382 -0.220507
0.811888 0.116379 -0.0514864
-0.317935 -0.486003 -0.641473
0.361086 -0.263498 -0.706999
-0.585682 -0.538052 -0.303032
0.410379 0.588958 0.125574
-0.672428 0.493773 -0.339805
0.0415785 -0.0124829 -0.779003
0.576704 0.46731 -0.161836
0.721648 0.268789 -0.133214
0.200454 -0.844011 -0.141897
-0.756122 -0.524205 0.10708
-0.791343 0.373709 0.0826985
0.609802 -0.609719 -0.228276
0.050778 0.456686 -0.644304
-0.621063 -0.677173 0.0124511
-0.396132 0.706041 0.239373
0.525438 0.518856 -0.129925
0.6913 -0.470929 0.155761
0.655854 0.152389 -0.489193
0.455106 0.490029 0.230057
0.422922 0.417335 0.383482
0.289085 -0.00923008 -0.738659
0.320676 0.635291 -0.296858
-0.619368 0.199076 0.577643
-0.0443293 0.496805 0.605529
0.0452261 -0.868059 0.0426634
-0.56361 -0.375406 0.666627
-0.742207 -0.31623 -0.305668
0.0049274 0.605286 0.484254
-0.142881 -0.21633 0.919764
0.163581 -0.840325 0.104864
-0.0497944 -0.873589 0.0203606
0.125951 -0.40203 0.804925
0.561689 -0.227587 -0.588506
0.3925 -0.610545 0.405179
0.207821 -0.841747 -0.0617252
-0.0670712 -0.296752 0.9043
0.123051 0.702194 0.213233
0.666154 -0.35831 -0.426474
0.793455 -0.133133 0.235917
0.20431 0.683003 0.180548
-0.156842 0.501135 -0.634322
-0.684898 0.243045 -0.5278
0.869335 -0.0693452 0.0151909
-0.842226 0.129693 0.243152
0.123345 -0.0183571 -0.775652
0.148555 -0.802442 -0.355465
0.212511 -0.18365 0.785453
0.143435 -0.379658 0.811839
0.209543 -0.361188 -0.749074
0.348354 -0.205531 0.691745
0.17189 0.747963 0.0140221
-0.238015 0.776687 0.244085
-0.820758 -0.366473 0.151533
-0.125996 0.733248 0.324246
-0.879228 0.0350267 -0.118625
0.492729 0.122452 0.534565
0.363851 -0.569848 0.477034
-0.709244 0.286382 0.370895
-0.176699 -0.539312 -0.66545
-0.0580088 0.389341 0.707456
-0.129414 0.200378 0.843943
0.552066 -0.14719 -0.615216
0.508932 0.544512 0.032116
-0.825696 0.0781973 -0.365114
0.483547 0.436332 0.269975
-0.53866 0.452015 0.486177
0.451219 -0.485649 -0.600742
0.835654 -0.0646078 0.139586
-0.0365894 -0.853444 0.382742
-0.811742 -0.269215 0.267203
-0.189913 0.573132 0.538621
0.405483 0.379347 -0.548965
0.865305 -0.0988417 -0.100619
-0.259934 0.21861 -0.749478
0.697931 -0.512942 -0.208559
-0.710143 -0.145837 0.616649
-0.0815428 0.194732 -0.764297
0.532986 0.444779 -0.333927
-0.554225 -0.332092 0.704556
0.0872367 0.771095 -0.263601
-0.827947 -0.0808683 -0.361166
-0.698043 0.470376 0.200426
-0.5777 -0.587676 -0.244529
0.161899 -0.691757 -0.565021
-0.719378 -0.468524 0.406721
-0.650512 -0.579708 0.387845
-0.232977 -0.750131 -0.318328
-0.790384 -0.427138 -0.00496126
-0.247599 -0.114078 0.915557
-0.608912 -0.298733 0.66445
-0.682445 -0.444336 -0.258603
0.238887 0.0421818 -0.747612
-0.0441343 0.589016 0.508122
-0.226912 0.380956 -0.702146
0.403964 -0.543035 0.469069
0.157821 -0.444952 0.753291
-0.4696 -0.712685 0.392033
0.0205735 0.625579 -0.534607
-0.367007 -0.286981 0.854741
0.331619 -0.162889 0.708539
0.533634 0.500976 -0.179872
0.357298 0.651953 -0.0832431
0.415575 -0.345467 0.593443
-0.251837 0.776605 0.228393
0.579086 -0.368812 0.42559
0.636031 -0.606601 -0.0618325
0.731607 0.248008 -0.134199
-0.466684 -0.677174 -0.249903
-0.540948 0.0570853 0.737052
0.741448 -0.30474 0.233168
0.0880586 0.589975 -0.535946
0.0859495 -0.317394 -0.796336
-0.139774 0.848771 -0.170249
-0.791876 -0.248476 -0.297302
0.290792 0.685562 0.0669492
-0.848672 0.139527 0.164377
0.238272 0.330072 0.648343
-0.430049 0.346284 0.650295
0.536855 -0.0232895 0.527316
-0.546661 -0.748467 0.078708
0.410727 0.39069 0.440013
-0.743344 0.243617 -0.483244
-0.43727 0.747892 -0.12611
-0.473821 -0.483859 0.697052
-0.351489 0.493352 -0.601983
0.624824 0.28033 -0.403166
-0.182621 0.431881 -0.67674
0.369456 0.194322 0.625337
0.456576 0.248506 0.533921
0.881595 -0.113114 -0.055083
-0.268542 -0.820324 0.326081
0.36399 -0.795996 0.0463565
0.640831 0.232281 0.341765
-0.319142 -0.763358 -0.191174
0.0282672 0.692913 -0.475951
-0.560834 -0.625174 -0.205669
-0.634767 0.341718 -0.526656
-0.684159 -0.0304212 -0.547533
-0.0621772 -0.212595 -0.793221
-0.220885 -0.677009 -0.515995
0.818517 0.139724 0.0302665
-0.643447 0.598012 -0.00268778
0.17686 0.624522 -0.446482
-0.13233 0.169286 -0.765888
-0.853086 -0.0859101 0.107287
0.807774 -0.280993 0.0290493
0.14395 -0.410362 -0.763905
0.71181 0.308825 -0.0374587
-0.0286215 0.776406 -0.36425
-0.815681 -0.165309 -0.356308
0.33652 0.568353 -0.389212
-0.625658 0.578724 0.100649
0.495828 -0.0547354 0.575856
-0.704307 0.418126 0.243833
0.384196 0.248963 -0.675832
0.308838 0.527634 0.378667
0.174307 0.705896 -0.324705
-0.661893 -0.58931 -0.116312
0.116432 -0.378612 0.820397
0.0830685 -0.630615 -0.645776
0.117909 -0.820558 -0.311475
-0.766829 0.112154 -0.449939
0.121987 -0.811857 0.32645
-0.59984 0.137909 -0.61686
0.648326 -0.566718 -0.228893
0.510775 -0.276637 0.541005
-0.537185 -0.733456 0.200118
-0.236744 -0.696198 -0.455773
-0.844845 -0.0355118 0.23482
0.107668 -0.857573 -0.197578
-0.849141 0.0460965 0.250579
0.586609 0.336526 0.272407
-0.110243 -0.720771 -0.501251
0.221218 -0.0981033 -0.757344
-0.148483 -0.82505 -0.203811
-0.457389 0.464648 0.536421
0.805354 -0.00451468 0.211375
-0.180813 0.0776835 -0.772173
0.265363 0.41803 0.558733
-0.529633 -0.650509 0.467962
-0.603078 -0.190968 0.713189
0.563839 -0.421556 0.411501
0.0986429 0.390948 0.663421
0.663708 0.295343 -0.288524
-0.242634 0.0151883 0.885991
-0.721662 -0.529212 -0.0457792
0.0324443 0.819936 -0.101035
0.714348 0.244853 0.201596
-0.526705 0.316191 -0.610153
-0.333259 0.739655 0.227398
0.0387774 -0.870405 -0.0701978
0.667397 -0.348848 0.328995
-0.254045 -0.671398 -0.50204
-0.509671 -0.196871 -0.64584
-0.228434 -0.845068 0.215662
-0.0173752 -0.872524 0.00407984
0.550485 -0.676327 -0.226288
-0.725293 0.31665 -0.452492
0.639311 -0.496103 0.270037
0.0324137 -0.869814 -0.00912014
0.661548 -0.429865 0.295207
-0.575448 0.382327 0.507885
-0.554562 -0.0797473 -0.642979
-0.667228 0.491204 -0.355096
-0.268181 -0.518139 -0.653125
-0.791096 -0.328205 0.326213
0.59663 0.0110684 0.459414
-0.249672 0.748651 -0.371408
-0.607335 0.091528 -0.61836
-0.796592 -0.341072 0.289626
0.776205 0.162149 -0.121182
0.523918 -0.555769 -0.462144
0.179386 -0.563576 0.638487
-0.365629 -0.766901 0.362239
-0.263276 0.166832 0.823463
0.267076 -0.482255 0.637851
-0.694009 -0.300776 -0.39815
0.570562 -0.670681 0.00479097
0.677342 0.320107 -0.212468
-0.819275 -0.43009 0.110199
-0.282873 0.107329 0.841508
-0.826967 0.139713 0.302076
-0.175238 0.827599 -0.229804
0.736218 -0.461333 -0.0499248
-0.165847 -0.340107 -0.76959
0.225903 -0.736353 0.381136
-0.360701 0.667147 0.355808
0.605319 0.317784 -0.385382
-0.0443747 -0.764633 -0.448875
0.189792 -0.142518 0.799046
-0.70453 0.309966 -0.486878
0.457529 -0.351206 -0.651467
0.795258 -0.293264 -0.268017
0.444428 0.093909 0.586446
0.770286 -0.104723 -0.352773
0.17099 0.380973 0.652198
-0.603306 0.305638 0.528198
-0.243472 -0.667489 -0.516017
-0.608588 0.411845 0.422475
0.0394684 -0.377442 0.843811
0.0592315 -0.864541 0.115879
0.534838 -0.526418 -0.487911
0.142681 -0.203416 -0.779068
0.762269 -0.365685 0.102624
-0.0944335 -0.813597 -0.287199
-0.712537 -0.436219 -0.220376
-0.476286 0.709778 0.0924624
-0.722743 -0.412239 0.442739
0.347315 -0.688373 -0.460912
0.459513 -0.620954 0.328941
-0.832338 -0.198436 0.208165
0.157818 0.415459 0.62536
0.341012 -0.724576 -0.413328
-0.11643 0.817605 0.124223
0.0396314 0.739946 -0.378506
0.2483 -0.368792 -0.732974
0.548581 -0.55898 0.317039
-0.263511 0.729833 0.327102
0.813132 0.140314 0.108787
-0.667737 -0.274943 -0.467678
0.576495 0.122329 0.45194
0.344296 0.609319 0.193525
-0.0644299 0.85802 -0.0983577
0.593876 0.132504 0.432149
0.381401 0.369698 0.501356
-0.259304 0.756735 -0.353032
-0.445649 -0.283071 0.835119
0.662415 -0.195384 -0.477218
0.122043 0.622695 -0.486551
0.641148 -0.544416 0.154868
0.273494 0.0820691 0.737377
-0.0683898 0.441542 -0.681412
0.355867 0.473728 -0.487184
0.316297 -0.0408153 0.719734
-0.279243 0.0490552 0.867787
-0.698354 -0.53402 0.344971
-0.674687 -0.0692469 0.643833
-0.266925 -0.0281175 0.893974
-0.532085 -0.738863 0.185006
0.721523 0.0830954 0.31748
0.469964 -0.403219 0.51347
0.39071 -0.676458 -0.439686
-0.587115 -0.131054 0.72364
-0.231651 -0.816299 -0.139646
-0.468013 0.615479 -0.392568
-0.419715 -0.0600288 0.841468
-0.841893 -0.0774227 -0.31004
0.477285 -0.16785 0.598489
-0.0590741 -0.36501 0.879698
-0.696461 0.0800948 0.577422
0.678934 -0.531844 -0.231063
-0.235274 0.762185 0.282252
-0.629434 0.544067 -0.31934
0.256911 0.469986 -0.552505
0.539413 -0.142261 -0.626794
-0.721521 -0.530037 0.285139
-0.530123 -0.71799 0.277844
-0.0814005 -0.593046 -0.650582
-0.84076 -0.294598 0.038051
0.778164 -0.386453 -0.0187401
-0.0703913 0.745082 0.287081
-0.533636 0.581679 -0.383305
0.275546 -0.821971 -0.228122
-0.427726 0.578194 -0.474029
-0.0472496 0.849052 -0.0316843
-0.0968185 -0.49137 -0.718419
-0.633368 -0.570593 0.434584
0.101361 0.0516992 0.83945
-0.19518 -0.22303 0.909098
0.46638 -0.593831 0.354564
-0.424873 -0.755786 -0.0999284
-0.751124 -0.416416 0.401017
0.148342 -0.41806 -0.760425
-0.815518 -0.418337 0.139553
-0.421864 0.67299 0.290153
0.496694 0.422193 0.272495
-0.735887 -0.520637 -0.00679199
0.650482 0.266079 0.275883
0.532618 -0.675023 0.160406
0.451836 -0.724252 -0.283966
-0.478197 0.527244 0.451938
-0.83167 -0.0787124 -0.350098
-0.190165 0.127871 -0.76858
-0.880772 0.127543 -0.184669
-0.61028 0.210176 0.579439
-0.458529 0.732933 -0.162366
0.297535 0.49834 0.435369
-0.236887 -0.453253 -0.693664
-0.243837 -0.0565217 -0.781415
0.638851 -0.0874288 -0.531918
-0.721327 -0.164171 -0.481507
0.435705 -0.624627 -0.469422
-0.507887 -0.6379 0.511699
0.596822 -0.101109 -0.578294
0.105265 0.749685 -0.29535
0.173351 -0.629345 -0.636007
0.164271 -0.539095 0.673221
0.284703 -0.817548 0.018216
-0.3175 0.800546 -0.154596
-0.388032 0.773485 -0.076111
-0.748284 -0.448162 -0.110979
-0.287866 -0.760549 -0.231907
0.266797 -0.812938 0.134926
0.670913 -0.189278 -0.46867
-0.742321 -0.233224 -0.39665
-0.580903 -0.0765245 -0.625249
-0.559103 -0.170743 0.747075
-0.761756 -0.286874 0.442866
-0.401554 -0.361288 -0.650185
-0.244409 -0.257118 -0.778093
-0.842457 0.256656 -0.168136
0.138654 -0.850464 0.047176
-0.641891 -0.486642 0.506623
-0.586663 -0.696047 0.252709
0.541141 0.500624 0.0926297
0.655225 -0.325223 0.358834
0.475611 -0.456501 -0.592929
-0.0938204 -0.663206 -0.598036
-0.701966 -0.484102 -0.18435
0.439118 -0.06108 0.626545
0.296581 0.480816 0.45812
0.499342 -0.56507 0.356943
0.146686 0.471339 -0.600935
0.391964 -0.255104 0.652798
0.34788 0.637389 -0.201716
-0.451296 -0.76521 -0.0463286
-0.0195224 0.702407 0.362691
0.738786 0.130017 0.288771
0.839915 0.0559694 0.0416938
-0.24978 0.616231 0.490544
0.180378 -0.757481 0.389838
-0.445737 0.387792 0.612063
0.373418 -0.790745 0.0949567
-0.0350069 0.831124 0.00833095
-0.315635 -0.412673 0.826733
-0.383018 0.777016 -0.0367604
-0.399698 -0.540543 0.722549
-0.291694 -0.134349 -0.777688
-0.628126 0.592389 0.0545005
0.178228 -0.596983 0.608422
-0.0542056 -0.554652 -0.68421
0.407007 -0.518044 -0.621941
-0.0242293 0.0994345 -0.771283
-0.748529 -0.52294 0.220435
-0.0671011 0.222835 0.842853
0.382677 0.410259 0.449865
0.183767 0.175348 -0.741311
0.223639 0.724132 -0.191027
0.116337 -0.741087 -0.496481
-0.486494 -0.338601 -0.613066
-0.128624 -0.8616 0.254794
-0.722712 0.31611 -0.456482
-0.0748319 0.759129 -0.401392
-0.640834 -0.543161 -0.21367
0.778911 -0.0895429 -0.333196
-0.631212 -0.337685 -0.455589
0.340051 -0.248083 -0.715286
0.362488 -0.148103 -0.714247
0.761233 -0.253625 0.221776
-0.785951 -0.351581 -0.16054
0.335297 0.646209 -0.20342
-0.177548 -0.289447 -0.783705
0.51226 0.138379 -0.664146
-0.309892 -0.831359 0.207539
-0.502148 0.0253044 -0.695913
-0.746621 -0.537222 0.196659
0.707851 0.29335 -0.141623
-0.464623 0.435212 0.558399
-0.516594 -0.536875 -0.409195
0.506418 0.41136 0.274918
0.273933 -0.82244 -0.114664
-0.35322 0.476144 0.588714
-0.826101 0.339113 -0.0434849
0.603349 -0.639943 0.00196706
0.86153 -0.110874 0.0242377
0.115674 0.410323 -0.656629
-0.18424 -0.852249 0.322485
-0.853494 -0.121126 0.0721165
-0.102555 0.249479 -0.755855
0.19519 0.584227 -0.478761
-0.365418 0.46637 -0.617287
0.105627 0.173359 0.806103
-0.557787 -0.41348 -0.482744
0.0349566 0.367053 0.702187
-0.283803 -0.720525 -0.345136
-0.167117 0.324944 -0.732443
0.322847 -0.56054 0.524732
0.372616 0.615933 -0.212932
-0.54609 0.000300861 -0.661854
-0.123423 0.520473 0.588555
0.420105 0.0580835 -0.706919
0.215651 -0.138577 0.785066
0.327086 0.147374 0.675373
-0.827166 -0.366828 0.104868
0.798264 -0.0185877 0.234149
-0.0176372 -0.772021 0.55816
-0.346831 -0.74729 0.437526
0.254868 -0.747648 -0.439656
0.230965 -0.628658 -0.625962
-0.335233 -0.367369 -0.684308
0.447738 -0.763053 -0.0329088
-0.253114 -0.107406 0.914081
0.349734 -0.723679 0.278536
-0.0253365 0.631827 -0.544666
-0.164852 -0.489942 -0.699257
0.803813 -0.30219 0.0145562
-0.153493 0.221925 -0.756639
0.353906 -0.798959 -0.0161174
0.32693 -0.281493 -0.717573
0.821842 -0.196516 0.0736563
-0.579801 -0.684783 0.303952
0.105704 -0.708391 -0.555381
-0.834528 -0.130601 0.248744
0.483313 -0.738307 0.0411312
0.174179 -0.325793 -0.767283
0.127227 -0.818689 0.304211
-0.00190691 -0.591074 -0.670966
0.671948 0.130257 -0.477236
0.0426088 0.713436 0.268315
0.660294 -0.443633 -0.401045
0.312731 0.555137 -0.429668
0.503476 -0.403686 0.480801
0.0465136 0.752223 -0.345449
0.266498 0.316266 0.635858
0.727646 0.237279 -0.177703
0.740679 -0.128079 0.326407
-0.41234 -0.164524 0.852991
-0.0960285 -0.862592 0.413802
0.278017 -0.130515 -0.744556
0.223033 0.14406 -0.738527
-0.610895 -0.683561 -0.01536
-0.41183 0.129873 0.771839
0.82077 0.0240831 -0.16654
0.768365 -0.146636 -0.357398
0.350944 -0.796621 0.0881709
0.0954171 0.356898 -0.698668
0.695029 0.160606 -0.404721
-0.789911 0.179462 -0.401747
0.642307 0.407661 -0.049073
-0.645269 -0.486841 0.502669
0.738295 0.224116 -0.157823
0.410736 0.155154 -0.699806
-0.505507 -0.0258886 -0.685721
-0.192643 -0.567801 -0.641691
-0.843208 -0.0410001 0.245794
-0.341201 -0.731382 0.471593
0.795483 0.0376762 0.219792
-0.284748 0.526727 -0.592957
0.0674982 -0.689199 0.596716
0.17102 -0.828484 0.197651
-0.832019 -0.0694084 -0.350646
0.0853156 -0.794504 -0.380466
0.59123 -0.310473 0.445821
-0.237449 -0.280115 -0.775123
0.133835 -0.15857 -0.77916
-0.670832 0.433032 0.288661
0.216845 0.179837 0.755599
-0.281845 -0.775675 0.434405
-0.729999 -0.131834 0.578457
0.119579 -0.557771 0.692473
-0.0217723 -0.875533 -0.127051
0.382058 0.281607 0.571444
-0.729937 -0.149937 0.572183
0.372481 0.504623 0.324181
0.0663116 0.700055 0.281593
-0.246512 -0.834464 0.311864
0.259712 0.363218 0.609921
0.27889 0.686238 0.0884695
-0.673057 -0.582475 -0.0956085
0.766453 -0.0832239 0.293746
0.0400017 0.622971 -0.529432
0.60868 0.154066 -0.554756
0.850181 -0.191634 -0.0237505
-0.87436 -0.0251889 -0.148793
-0.518953 -0.753205 -0.00742776
-0.804632 0.0284473 -0.395269
-0.494382 -0.0971777 -0.678137
-0.762893 -0.399645 0.394587
0.791676 -0.033427 0.255305
-0.179666 -0.853127 0.268586
0.492972 0.285685 0.481315
-0.415286 -0.0468641 -0.735021
-0.134165 -0.420766 -0.741626
-0.782216 -0.343995 0.358593
-0.843756 0.122682 0.238881
0.0133124 -0.470698 0.801162
-0.374098 0.685903 -0.365457
0.423006 -0.702708 0.241562
-0.190848 0.0365967 -0.775041
-0.0890197 -0.503661 -0.71176
-0.242701 -0.673003 -0.507584
-0.787537 -0.397298 -0.0708409
-0.412695 -0.0918058 0.848074
-0.0646289 0.561378 -0.600147
-0.56255 -0.233055 0.746291
-0.0385318 0.096782 -0.771412
0.429926 0.600946 -0.0772353
-0.327909 0.679475 0.362429
-0.582122 -0.693743 0.2688
-0.605717 -0.341668 -0.489879
-0.650331 -0.0355117 0.659585
0.416876 -0.0718899 0.647469
0.702796 0.0606807 -0.453992
0.596081 -0.330121 -0.521262
-0.643462 -0.64242 -0.00972014
0.557247 -0.378096 -0.550353
0.441271 0.596152 -0.0585685
-0.606606 0.150101 0.619241
0.296714 0.34983 0.591033
0.597757 -0.269474 0.462016
-0.784851 -0.308499 0.371503
-0.317895 0.464819 0.612034
0.0762378 -0.395298 0.823278
0.658914 0.170964 -0.468937
0.564272 -0.664766 -0.216871
0.260121 0.687495 -0.273594
0.185186 0.294616 0.707123
0.662022 -0.561485 0.0119762
-0.513049 -0.258027 -0.629518
-0.795306 -0.408962 0.246371
-0.101851 -0.0207854 -0.779474
0.394919 -0.303232 0.634275
-0.872395 -0.0240915 -0.079568
-0.761366 0.462676 -0.0428345
0.225408 0.510698 -0.532148
-0.640624 0.546778 0.153153
0.303519 0.0314989 0.721347
-0.0459239 -0.809813 -0.336973
0.538683 -0.367984 0.465831
0.152081 0.727742 0.106584
0.408728 0.422364 -0.504697
-0.78131 -0.310678 0.384833
-0.838741 -0.03147 -0.333795
0.703675 -0.298662 0.298884
-0.812069 0.36029 0.00695048
-0.0398416 0.821555 -0.277247
0.730262 -0.431215 0.100891
0.0884621 -0.247866 0.851185
0.217597 0.409098 -0.620412
0.364486 -0.72152 0.267455
-0.709524 0.173056 0.483446
0.250191 0.724243 -0.108486
0.689363 -0.539518 -0.14713
-0.0185192 0.815893 0.0349281
-0.199103 0.336901 0.759846
0.0391884 -0.781728 -0.416546
0.0336259 -0.728086 0.582038
-0.35021 -0.402471 0.822993
-0.31202 -0.725542 -0.301631
-0.330523 0.114445 -0.761265
0.560096 -0.638091 0.197447
-0.53397 0.615894 -0.327034
-0.272402 -0.104912 -0.78069
-0.427142 -0.227915 0.847465
-0.55817 0.174643 0.649767
0.30826 0.681751 -0.113222
0.254746 -0.0463254 0.762582
-0.649728 -0.65335 0.0931068
0.0960414 0.691041 0.275479
0.562738 -0.063707 -0.622381
0.241722 0.269942 -0.70387
-0.560003 -0.735456 0.111485
0.842422 -0.173671 0.0260706
0.385174 0.352357 -0.588123
-0.153167 0.780809 -0.349042
0.646805 0.334348 0.18114
-0.56846 -0.017503 -0.64346
0.746927 -0.0915258 -0.389919
0.508599 -0.249237 0.55713
0.77858 -0.00670212 0.266753
-0.078188 0.779417 0.199266
-0.744009 -0.240069 -0.386487
-0.278236 0.156506 -0.758226
-0.603998 -0.321077 -0.515268
0.0100348 0.580536 0.512117
-0.635197 -0.201256 0.687099
0.804156 0.160989 0.120111
0.818369 0.0956611 -0.0506938
-0.736713 0.0108355 0.5526
-0.527668 0.0580829 0.748876
-0.855248 0.0626099 0.189268
-0.587586 -0.64966 0.376918
-0.0404342 0.261902 -0.758333
-0.602006 0.638948 -0.0661655
0.261588 -0.697232 -0.517428
-0.713523 0.521526 -0.199458
-0.304157 0.166641 -0.754707
-0.333203 0.243188 0.752894
-0.642309 -0.379615 -0.39236
-0.0565103 0.613001 0.483396
-0.423974 -0.635287 -0.37788
-0.60054 0.581108 0.160827
-0.712043 -0.36637 0.484487
-0.493956 -0.722765 0.325971
0.433879 0.57091 -0.205868
0.698823 0.250104 0.21952
-0.400902 0.365965 0.660461
-0.714342 -0.423901 -0.231075
0.0638361 0.426267 0.64184
0.775172 -0.13451 0.271367
0.198192 -0.458647 0.710706
0.361305 0.159539 0.641936
-0.800175 -0.309432 0.295024
0.329553 -0.66788 -0.503621
0.756568 -0.153856 -0.373477
-0.494944 0.455232 0.517683
0.308254 -0.812223 -0.278671
0.297443 -0.491255 0.606855
0.332616 -0.708042 0.323356
-0.282484 -0.57849 -0.595479
0.729636 0.0241457 -0.41075
0.0989569 -0.621405 0.64287
0.184372 0.299971 -0.70555
-0.75595 -0.37032 -0.213126
0.531682 -0.468688 -0.536065
0.324623 -0.616584 0.461912
0.232447 -0.671971 0.478537
-0.736075 -0.226427 0.529451
0.500462 -0.372951 -0.607917
0.138663 0.213384 0.772416
0.147217 0.398703 0.64311
-0.516151 -0.687726 0.407413
0.157431 -0.748892 -0.469698
-0.410176 0.465507 -0.608914
0.613597 -0.469551 0.335609
-0.653582 -0.230785 -0.538284
0.64256 -0.0908592 0.438796
-0.46439 0.642442 -0.358081
-0.433284 0.685879 0.2472
0.420187 -0.674454 -0.408508
-0.548292 -0.704517 -0.0843506
-0.129616 -0.471204 0.812359
-0.836873 -0.11873 0.236674
-0.113173 -0.294077 -0.790054
-0.00689277 0.795439 -0.302541
-0.640951 0.570329 0.0841086
-0.854132 0.144568 0.102717
0.279198 0.228483 -0.709764
-0.101657 0.83187 0.0739524
-0.141356 -0.0267068 -0.779729
-0.336861 -0.306783 -0.710184
0.554624 0.0714384 0.486285
-0.765762 -0.412114 0.375125
-0.778554 0.223839 -0.401521
-0.328529 -0.0915533 -0.770599
0.108859 0.52476 -0.575832
0.580254 0.301733 0.333024
-0.329653 -0.26138 0.870856
0.594751 -0.00405493 -0.604835
-0.83897 -0.300724 -0.0202663
-0.465102 0.151341 -0.701544
-0.0652642 0.272577 0.813149
0.519923 -0.527467 0.379131
0.637008 0.116761 -0.533569
0.206679 0.579592 -0.476157
0.544172 -0.0599145 0.529044
-0.785016 -0.0297084 0.475242
0.15176 0.106603 -0.758448
0.0891125 0.205058 0.798335
0.0955845 -0.81364 -0.330813
-0.538407 0.466928 0.465591
-0.420033 -0.633996 0.593064
-0.573296 -0.295386 0.706747
-0.859869 -0.0274829 0.0683302
0.291622 -0.365361 0.69764
0.221685 -0.364437 0.762691
0.168034 0.35898 -0.674929
-0.600638 -0.29592 0.675628
-0.720696 0.214582 0.424228
0.674275 0.0698662 -0.498903
0.0456231 0.806583 -0.177146
-0.478944 0.713099 0.0737214
0.0249464 0.822356 -0.0444824
-0.556201 -0.273322 -0.599097
0.00560437 -0.855462 0.304991
0.521551 0.498142 -0.23154
-0.560247 -0.665132 -0.136682
-0.193335 -0.0766518 -0.78305
0.263132 0.69908 -0.197168
-0.839807 -0.167528 -0.236945
-0.487568 0.527165 -0.497203
0.589713 0.272892 -0.459589
-0.520271 -0.135627 -0.65405
-0.865686 -0.0334958 -0.00586
-0.396364 0.762977 -0.24115
-0.851522 0.0130577 -0.296401
0.294176 -0.600292 -0.617043
-0.606975 -0.0292317 0.70115
0.70693 -0.0356888 -0.448319
-0.358596 0.509364 -0.589827
-0.251502 0.210632 0.807384
0.223713 0.534626 0.465372
0.773464 -0.219289 0.216409
-0.783508 0.360333 0.132351
0.836193 -0.220665 -0.00566447
-0.0202708 0.730223 -0.456206
0.771479 0.178665 -0.105451
-0.224236 -0.764601 -0.288193
-0.816143 -0.236484 -0.25008
-0.688166 -0.0855991 0.634533
-0.628684 -0.258715 0.662359
-0.379292 0.561559 0.502152
0.212186 -0.789565 0.291047
-0.846409 -0.0930684 0.166958
0.638037 0.371585 -0.239781
-0.262783 -0.756055 -0.270674
-0.0474276 0.72251 0.331163
0.113645 0.189321 0.796582
0.636846 -0.456998 -0.419245
0.718479 0.177498 0.29424
-0.276799 0.795198 -0.267148
-0.23599 0.632334 0.479173
0.768557 -0.336827 0.114211
-0.0787463 0.746466 0.289696
0.810166 0.0357547 -0.208233
-0.15908 -0.856646 0.217767
0.384316 -0.213245 -0.702355
-0.796101 0.226309 0.268519
0.803226 -0.121641 -0.286468
-0.296453 -0.12701 0.904867
0.61346 -0.180513 -0.538882
-0.87144 -0.0715496 -0.102586
0.62191 -0.047563 -0.561875
-0.334069 0.66687 -0.421552
0.303147 -0.376502 0.68126
-0.804961 -0.423727 0.0390109
-0.118748 -0.338064 -0.784794
0.386032 0.259301 0.582076
0.531661 -0.649151 0.22593
0.673599 -0.128664 -0.480533
-0.663198 0.244795 -0.542083
0.4284 -0.500103 -0.61341
0.053554 -0.852504 0.236665
0.419977 -0.31754 0.603766
0.0847811 -0.800572 -0.365003
-0.815078 -0.0878789 -0.379691
-0.234968 -0.84389 0.286284
-0.3809 0.0459015 0.824412
0.651025 0.382226 0.103314
0.526006 -0.703381 0.0540724
0.177045 -0.8457 -0.0142917
-0.263212 0.805885 -0.231643
-0.198347 0.0763964 0.876732
0.680893 -0.177343 0.392341
-0.125727 -0.861948 0.31276
-0.835836 0.174821 0.236518
-0.420938 0.458689 -0.609152
0.227285 -0.270274 0.773916
-0.182082 0.365095 0.751365
0.270455 -0.68094 0.430023
-0.76485 -0.295575 -0.29288
0.739894 -0.45975 -0.168529
-0.0450735 -0.872992 0.0376884
0.0857217 -0.863095 0.0479485
-0.682452 0.537224 -0.241196
0.690555 0.281198 0.187273
0.252258 0.51343 0.463839
0.344342 0.466682 -0.501284
0.0322499 -0.511169 0.773687
0.254203 0.597237 -0.418851
0.165181 -0.604749 0.610609
-0.0258492 -0.112914 0.915733
-0.193761 0.0105873 -0.776871
-0.505229 -0.335878 0.751321
0.0871471 -0.682625 -0.596833
-0.232527 0.734922 -0.403201
-0.270005 0.819584 -0.137473
0.433147 -0.063298 0.632077
0.650395 -0.58859 -0.0739596
-0.0733549 -0.70767 -0.561776
-0.859052 -0.0355475 0.0722824
0.67327 -0.0895047 -0.490643
0.562902 0.256748 0.424461
-0.657908 -0.642509 0.146839
-0.501599 0.0598998 -0.70022
-0.663655 -0.633648 0.227889
-0.0329791 0.340036 0.744586
0.148531 0.65152 0.319652
0.632605 -0.523674 0.234921
0.624023 0.282473 0.295435
-0.516478 0.522455 -0.483175
0.581564 0.36603 -0.360052
0.556018 0.0924539 -0.629532
-0.51586 -0.715177 0.313074
0.541123 -0.216233 -0.611069
0.667111 0.250356 -0.348512
0.58876 0.145786 -0.583094
-0.365611 -0.644687 -0.438807
-0.139331 -0.0447226 0.922995
-0.505334 0.611065 0.297882
-0.443481 0.719463 0.150374
-0.72351 0.42799 -0.329386
-0.320574 -0.745787 -0.237481
-0.229624 0.182064 0.831773
0.0452272 -0.309556 0.864072
0.828527 0.0143842 0.142937
0.642609 0.415389 0.0237937
0.5863 0.46142 -0.14779
-0.798355 -0.0811684 -0.402786
-0.666378 -0.154544 -0.546902
0.525695 0.269693 0.458499
-0.215943 0.196346 0.829775
0.492946 -0.736581 -0.0589642
-0.359355 0.6209 -0.466104
0.0210617 -0.307148 0.87263
-0.339502 -0.408513 -0.663754
0.0514419 0.226771 -0.759214
0.474303 -0.166327 0.600931
0.46885 -0.566233 0.384198
0.27997 0.686232 0.0866202
0.674308 -0.440991 0.272595
-0.708717 -0.581721 0.0893016
-0.222004 -0.0461562 -0.780771
-0.273915 -0.837429 0.196769
0.30536 0.569889 0.320796
-0.539943 -0.637147 0.471979
-0.657216 -0.132036 -0.558347
-0.479699 0.713315 -0.192973
0.621921 0.213282 0.38426
0.160606 0.0547978 -0.764382
-0.578324 0.360561 0.518364
0.174582 -0.542771 -0.71452
0.272094 -0.426802 -0.710531
0.0046145 -0.871239 0.018122
0.817953 0.0222993 -0.186497
-0.807446 -0.20933 -0.313561
-0.0703528 -0.734742 -0.500359
-0.0887189 0.446044 -0.679287
-0.377792 0.634233 0.401318
0.0496993 -0.866981 0.0883056
-0.743977 -0.418494 -0.173874
-0.350103 0.794725 0.0439624
0.794076 0.0947773 -0.192135
0.189327 0.636256 -0.41817
0.263925 -0.131411 0.758962
-0.703762 -0.314772 -0.367499
-0.438756 0.536609 0.483388
0.625692 -0.619891 -0.103101
-0.684276 0.103376 0.574748
-0.479402 -0.537547 0.656865
-0.776423 0.410401 -0.177304
0.402474 -0.432492 0.560703
0.722599 0.152824 -0.340298
-0.32442 0.153679 0.801199
-0.86238 -0.029819 -0.222155
0.501146 0.0489295 0.544997
0.24754 -0.79704 0.23691
0.339667 0.38164 -0.587715
0.403154 0.460301 0.347243
0.100233 -0.630978 -0.644782
0.328345 0.665268 0.0428916
-0.694083 0.539358 -0.213735
-0.488793 -0.714069 -0.144793
-0.205164 -0.668777 0.640743
-0.522766 0.353125 0.571175
0.528776 -0.597582 -0.387536
0.632177 -0.043961 -0.55061
-0.274172 0.466703 0.626587
-0.255924 -0.832436 0.305978
-0.613481 0.143016 -0.605274
0.163104 -0.829145 -0.286165
0.0136511 0.491966 0.597132
-0.670196 0.343013 0.382691
0.77258 -0.123432 -0.350671
-0.221034 0.520183 -0.610086
0.467014 0.575068 -0.0732184
0.537691 0.496941 -0.183925
0.203814 0.175185 0.765755
-0.836159 -0.330186 0.0164482
-0.307891 0.232943 0.769854
-0.78746 0.408368 -0.138207
-0.550322 -0.729279 0.180876
-0.154668 0.864123 -0.0965588
0.291799 0.488838 -0.512257
0.747588 0.258061 -0.00622072
-0.811917 -0.183262 -0.340178
-0.829826 -0.184192 -0.26937
0.466489 -0.623226 0.319545
0.745299 -0.43917 -0.224177
-0.805854 -0.363605 0.227346
0.0363918 -0.182085 -0.79147
-0.660429 0.570142 0.0284215
-0.290333 -0.785849 -0.160439
-0.830573 -0.0570586 0.329097
-0.213179 -0.528852 -0.663812
0.745037 0.16304 0.271667
0.62526 0.364919 0.171625
-0.035117 -0.0298732 -0.780395
-0.818374 -0.193439 -0.307825
0.0671038 0.801443 -0.147107
-0.54891 -0.750374 0.0213526
-0.512543 -0.70947 0.338753
-0.494677 0.293149 -0.6368
0.443754 0.367002 0.429173
-0.829223 0.117213 0.324597
-0.016216 0.827924 -0.202957
0.318387 -0.744361 0.27372
0.607666 -0.628829 0.0665748
0.41617 0.277474 0.548721
-0.846778 -0.114194 0.144058
0.355133 0.184436 0.640631
-0.825287 0.29043 0.119064
-0.578216 -0.376019 0.649685
-0.431927 -0.730854 -0.160324
0.341764 -0.706359 0.317093
-0.658469 -0.630859 0.0227323
0.511562 -0.415655 0.466234
-0.25614 0.769772 0.240578
-0.859017 -0.0750161 -0.201176
-0.0541085 0.457853 0.645231
-0.544739 0.469862 -0.526645
0.213101 0.668313 -0.349864
-0.655207 0.557068 -0.245591
-0.717561 0.164464 0.47798
-0.239655 0.426649 0.675463
-0.854281 -0.221386 -0.0271574
0.835937 0.069157 0.0666194
-0.190781 -0.851357 0.238444
-0.50618 0.184751 -0.668707
0.46908 0.275967 0.51049
-0.0862047 0.801379 -0.320178
-0.848267 -0.0830609 -0.263328
0.0606846 -0.838237 0.322624
0.849267 0.0180141 0.0308168
0.269448 -0.699672 -0.507528
-0.0255998 0.11185 -0.770398
-0.0153202 -0.874752 -0.107083
0.082498 -0.773688 -0.433851
0.189803 -0.271371 -0.765541
-0.807053 -0.425124 0.0488651
0.375461 -0.777751 0.15599
0.340852 -0.508629 0.55828
0.0337859 -0.138252 -0.788355
0.280806 0.701017 -0.11558
0.064138 0.26901 -0.749731
-0.730854 0.332625 0.284311
-0.555761 -0.722799 0.201254
-0.405345 0.688058 -0.339188
-0.696346 0.374114 -0.435014
0.342535 0.206097 0.645863
0.0466733 0.216622 0.810105
-0.758949 0.399155 -0.267203
0.350166 0.508777 0.349094
-0.229549 0.23088 -0.749685
0.517769 -0.456343 0.437671
-0.73087 0.410675 -0.339922
0.380861 -0.13477 0.675512
-0.38299 0.557197 -0.531556
0.660918 -0.572437 -0.179238
-0.259005 0.272591 -0.737153
-0.676764 0.558245 0.006321
0.189005 0.396916 0.630396
-0.757918 -0.526403 0.185742
0.0693505 -0.868845 -0.148958
0.032416 -0.385786 -0.798519
-0.294845 -0.344289 -0.716928
0.0155781 -0.871144 -0.0192836
0.827124 0.0737381 0.116902
0.677698 0.364126 0.000251829
0.714344 0.0446477 -0.435418
0.29847 -0.192488 0.729668
0.355458 -0.576874 -0.597209
0.435716 0.592702 0.0481515
0.774852 -0.400784 -0.0523977
-0.54802 0.449781 -0.544244
-0.492271 0.71752 -0.0987951
0.497154 0.497231 -0.310687
0.592873 0.258483 0.379029
0.102611 -0.743324 -0.49722
-0.591482 0.530852 0.284426
0.526825 -0.712663 -0.112256
-0.677442 -0.568238 -0.129943
0.606687 -0.632712 0.0520289
-0.250095 -0.242783 0.894844
-0.714062 0.502471 0.0495331
-0.853147 0.207495 -0.188696
-0.404294 0.165137 -0.728527
0.678627 0.0337785 0.372273
0.58362 0.488713 -0.0443168
-0.499747 0.606779 0.313443
0.597188 -0.290076 0.45121
0.547829 -0.694456 -0.0923757
-0.167464 0.84518 -0.169127
-0.797449 -0.219963 0.373889
0.761026 -0.404854 0.0151546
-0.794612 0.393757 0.00579842
0.812004 -0.0868997 0.2154
-0.334295 -0.664864 0.601249
-0.786897 -0.0486331 0.463751
0.0457851 0.709631 -0.435828
0.374462 0.0930323 0.648354
-0.235026 -0.607879 -0.588682
-0.454539 0.711057 0.148886
-0.149375 0.225077 0.8289
0.0153019 -0.871957 -0.0663613
0.387752 0.284725 0.565335
0.364552 0.442492 -0.51245
-0.544597 0.149128 0.677927
-0.20643 -0.58994 -0.622354
0.642569 -0.560323 0.111515
-0.327108 0.0682585 -0.769003
0.82556 -0.165683 -0.233178
0.168552 0.284723 0.719784
-0.248296 0.822797 -0.164308
-0.330377 -0.771222 -0.157885
0.741164 -0.132599 -0.395956
0.804931 -0.236807 -0.291609
-0.206891 0.792023 0.222191
-0.546616 0.0890597 0.71239
0.484455 0.365043 0.375027
0.221251 -0.369616 -0.743022
0.851106 -0.0402318 -0.103479
-0.659818 0.551905 -0.248801
-0.601774 0.446905 -0.490251
-0.858076 -0.019999 -0.259391
0.613565 -0.562875 -0.31812
0.580635 0.481816 -0.0894118
0.750826 -0.0664599 -0.382922
-0.35982 -0.159522 0.886644
0.269609 0.623232 0.259848
-0.273433 -0.49815 -0.660806
0.369922 -0.732395 -0.374813
0.0471146 -0.202204 -0.792859
0.464336 -0.337252 -0.651659
-0.372768 0.148959 0.78079
0.198753 -0.74145 0.399546
-0.411468 -0.361976 0.816225
-0.264336 0.824955 -0.101438
0.296426 -0.787321 -0.353739
-0.678069 -0.0412883 0.633435
0.184754 0.748139 -0.161143
0.00273294 -0.19126 0.89958
0.458561 -0.501675 -0.584987
0.819775 -0.220372 0.0564795
0.0434318 0.596996 -0.547086
-0.505013 -0.371946 -0.57087
-0.370466 0.358649 0.678314
-0.251189 -0.768174 0.471986
0.570737 -0.29357 -0.561413
0.594923 -0.610067 0.154183
-0.625582 0.561587 0.150456
-0.256014 -0.364642 -0.729368
-0.646917 0.0960136 -0.585528
-0.423056 -0.121592 0.843266
0.427412 0.429474 -0.486075
-0.0749636 -0.781733 -0.381468
-0.461297 0.736415 0.00753473
-0.790251 0.287102 -0.322223
0.71498 0.144127 -0.374408
-0.360283 -0.81304 0.231501
-0.507509 0.312059 -0.62339
-0.0114675 -0.495044 -0.736543
0.782914 -0.291849 0.110588
0.590622 -0.0994681 -0.586043
0.101012 -0.0233103 0.844025
0.56336 -0.130138 -0.609027
-0.773693 -0.139219 -0.428212
-0.00711763 0.348606 0.730065
-0.310435 -0.81541 0.287623
0.81689 -0.10464 0.184257
-0.600419 -0.709185 0.100237
0.188855 -0.826158 0.181612
-0.249711 -0.422827 0.828894
-0.787388 -0.411782 -0.0441549
-0.389632 -0.37041 0.823671
-0.0854996 0.711708 -0.487031
-0.095515 0.863727 -0.138126
-0.296294 0.023284 0.871204
-0.618556 -0.13125 0.698059
-0.742393 0.400028 -0.3285
0.674756 -0.231917 -0.453536
0.28667 0.172061 0.704291
-0.320214 -0.799987 0.321194
0.195711 0.735898 0.0235289
-0.126104 0.696707 0.382773
-0.159393 -0.856725 0.159735
-0.620732 -0.285892 -0.528794
-0.0467403 -0.805222 -0.347531
0.127549 0.00669805 0.827979
-0.83591 -0.0454174 0.311206
0.0819517 -0.0281973 0.854575
0.222085 0.513652 0.491614
0.40145 0.12155 -0.707001
-0.586683 -0.726396 0.044603
-0.302161 -0.832775 0.102046
0.171492 -0.295945 0.804512
0.582082 -0.0403301 -0.610652
0.216228 -0.826234 0.125252
-0.205516 -0.481883 -0.690134
0.621684 -0.615659 0.0263382
-0.414589 0.565622 -0.499109
0.178137 0.738706 0.0421992
0.150872 -0.858566 -0.146365
-0.314798 0.772583 0.166068
0.380988 0.218869 -0.687992
-0.0604262 -0.824259 0.479204
0.492803 -0.295839 -0.636268
0.235554 0.708432 0.0701406
0.487332 -0.603918 -0.434846
-0.523064 -0.3026 -0.608674
0.758238 0.180088 0.222473
-0.15321 -0.525311 -0.680959
0.832516 -0.282116 -0.0822599
-0.732275 -0.509956 -0.0502589
0.0435195 0.747388 0.167812
-0.301184 0.77861 -0.291552
-0.0970702 -0.866677 0.317177
0.268647 -0.148729 0.754249
-0.35754 -0.0170064 -0.770701
-0.0547266 -0.699336 -0.581151
-0.468444 -0.241877 0.81903
0.36048 -0.607515 0.438653
-0.838971 -0.204002 0.138283
0.47081 0.375563 -0.493878
0.680724 0.362032 0.0828474
-0.451893 0.591527 -0.437623
-0.796731 -0.33805 0.291144
-0.378562 0.34638 -0.673289
-0.590466 -0.706958 -0.0150022
-0.425564 -0.282328 -0.671707
-0.362808 0.0788784 -0.761346
-0.232415 -0.257384 0.894785
0.484487 -0.679998 0.219548
0.590639 -0.540575 0.288637
-0.00623779 0.590772 0.502723
-0.0833197 -0.469747 0.81976
-0.837639 0.0425186 -0.347736
-0.155125 -0.00766807 0.910268
-0.266634 -0.606047 -0.573205
0.648679 0.310222 -0.306371
0.423337 0.575122 -0.222256
-0.140725 0.330531 0.778774
-0.581738 -0.35631 0.658329
-0.573524 -0.628974 0.438566
-0.0837717 -0.869614 -0.0100547
-0.352111 -0.204412 -0.733058
-0.232488 0.56467 -0.57797
0.102752 -0.845118 0.19986
-0.700984 -0.00439389 -0.530128
-0.47011 0.363537 0.607306
-0.554392 0.277602 0.590995
-0.479726 0.0755993 -0.715686
0.0977457 -0.818827 0.333533
-0.353072 0.623663 -0.466976
0.322757 -0.270301 0.703453
-0.0725424 -0.787734 0.543483
0.197997 -0.787067 0.311528
0.0406317 -0.0483283 0.878005
0.0177068 -0.613744 -0.65728
0.383937 -0.784435 -0.170234
-0.618609 -0.508643 0.518896
-0.0159448 -0.206996 0.909299
-0.493165 0.631498 -0.348245
0.0124806 -0.869584 0.0764098
-0.649166 0.345814 0.417625
-0.597085 0.530666 -0.395467
0.644276 -0.0202721 0.41973
-0.514362 -0.764753 0.090121
-0.842357 0.289685 -0.0601099
-0.34301 0.59722 -0.508699
0.84816 -0.0239876 -0.0914303
-0.668394 -0.0346579 -0.563722
0.651372 -0.444577 0.30034
0.286635 -0.80325 0.171432
0.272729 -0.653822 -0.571191
0.119773 0.267292 0.750453
-0.447784 -0.761755 0.273436
-0.376747 -0.673049 -0.37262
0.12175 -0.837271 -0.268493
0.627833 -0.406095 -0.455605
0.333882 -0.762872 -0.361084
-0.368126 -0.31803 0.84527
-0.624835 -0.33384 0.623601
-0.648389 -0.29664 0.613059
-0.512643 -0.102686 0.780813
-0.833412 -0.260924 -0.131847
0.160434 0.686333 0.218806
-0.745819 0.400129 0.173207
0.490319 -0.0182614 0.572365
0.0818753 -0.861711 0.0798912
-0.290391 -0.362823 -0.711208
0.460616 0.331809 0.457922
0.725598 -0.420794 0.156073
0.0668189 -0.577287 0.708663
0.689886 -0.118537 -0.46376
-0.719776 0.461604 -0.285906
-0.74934 -0.315728 -0.295045
0.303379 -0.813798 -0.164574
-0.511129 0.186537 -0.665509
-0.268419 -0.838411 0.144952
-0.284793 0.543182 0.550457
-0.395955 -0.441101 0.781363
0.349283 -0.552033 -0.628959
0.576153 0.251885 -0.499012
-0.810226 -0.334797 -0.109804
0.0545377 -0.66407 0.632176
0.161596 0.768089 -0.114559
0.342597 -0.762874 -0.352057
0.765071 -0.179019 0.264856
-0.644082 -0.557068 -0.193356
0.0476945 -0.533642 -0.71887
-0.624543 0.466185 -0.439928
0.577909 -0.382175 -0.524453
-0.129246 -0.82857 -0.214583
0.706941 -0.429545 0.2005
-0.555284 -0.0338908 0.745425
-0.344051 -0.717736 -0.288989
-0.418273 -0.795607 0.209191
0.287885 0.469401 0.480212
0.58126 0.395543 0.192651
0.515961 -0.369275 0.487493
-0.183467 -0.807945 0.449681
-0.424214 0.0132539 -0.743059
0.376169 -0.094415 0.682246
0.0101011 -0.575376 0.742955
-0.714718 -0.241987 0.553854
-0.346087 -0.495085 -0.615125
-0.526078 -0.563026 -0.362726
-0.400415 -0.587045 -0.475918
0.380159 -0.516269 -0.642682
0.0701517 -0.244614 -0.795009
-0.713478 -0.452024 -0.201544
-0.792265 -0.461643 0.0732287
-0.477147 -0.71169 -0.164536
0.544823 -0.662729 0.167642
0.745311 0.280715 0.0923577
-0.0379946 -0.43807 -0.764029
0.0062492 -0.311229 -0.80049
-0.255332 -0.598961 -0.587467
0.23757 0.11144 -0.740815
-0.172455 -0.735631 0.574195
0.236346 0.132972 0.758726
0.635617 -0.353251 0.370695
-0.0454697 0.196447 0.853741
0.655381 0.263346 0.271817
-0.865475 0.13746 0.00178785
0.342022 0.509384 0.359536
0.830597 -0.216248 -0.206052
0.318332 -0.805699 0.0707045
-0.759716 0.293604 -0.402668
0.673657 0.299771 0.187791
-0.361996 -0.653549 0.601113
0.0157745 0.19309 -0.764817
0.753009 -0.213859 0.266013
-0.371692 -0.448811 0.790583
0.823113 0.0547941 0.142524
-0.233933 0.521579 0.586687
0.417383 -0.688965 -0.388493
0.719248 -0.425078 -0.33976
-0.821093 -0.122481 0.32818
-0.395784 0.0425864 -0.755172
-0.852784 -0.18462 -0.13622
-0.415048 -0.0742069 0.845413
0.393193 -0.680967 0.309945
-0.535988 0.00172494 0.759618
0.0423403 -0.35157 0.85301
-0.678648 0.536138 -0.250258
0.783382 -0.324357 0.071562
0.347871 0.402907 -0.561718
-0.522885 0.53307 0.390576
0.450414 -0.0638216 0.617067
-0.867793 0.0698456 0.0439441
-0.263464 -0.741517 -0.309518
-0.168711 -0.370243 0.876126
0.493954 0.298924 0.460232
-0.747614 -0.108036 -0.470212
-0.455739 0.724673 -0.225223
0.641197 -0.292182 0.396058
0.264316 -0.549914 0.582155
0.341446 -0.324417 -0.706847
-0.185677 0.672058 -0.515338
-0.211303 -0.350561 0.872445
0.85345 -0.230665 -0.101339
-0.722041 -0.5603 0.0730932
-0.596644 -0.627001 -0.149113
0.828116 0.104222 0.0415808
-0.485084 -0.732796 -0.0988038
0.733168 0.214125 -0.20513
-0.863846 0.0978973 0.0789469
0.0120181 0.0187394 -0.777148
0.4503 -0.0789903 0.619322
0.478388 -0.162332 -0.668775
-0.364652 -0.63612 0.631653
0.548177 -0.602864 -0.351797
-0.30975 -0.750688 0.45967
0.813958 0.0423281 0.171392
-0.808698 -0.0600624 -0.389014
-0.814676 -0.433685 0.0916119
0.414073 -0.330483 0.602549
0.736358 0.0886769 0.300334
-0.828089 -0.0891804 -0.360924
-0.787115 -0.325688 -0.195755
0.674124 -0.486766 0.177953
0.821479 -0.069636 -0.220055
-0.446751 0.45967 -0.597733
0.285086 0.632398 0.218148
-0.656097 -0.642975 0.202254
0.244004 -0.635441 0.515956
0.271064 -0.42527 0.680126
0.513484 -0.408726 -0.581884
-0.00959482 0.736752 -0.431986
0.322507 0.31072 0.597793
0.112068 -0.154944 -0.783818
0.437503 0.439524 -0.463855
0.75439 0.1167 -0.305296
-0.174639 -0.108083 -0.785353
-0.535348 0.498239 0.424584
-0.855362 0.139439 0.0985033
0.0346683 -0.524703 -0.725408
-0.314207 0.20691 0.779731
-0.711205 0.236993 -0.511887
-0.180445 -0.840022 -0.12925
-0.506649 0.10166 -0.69541
0.594558 -0.511257 -0.426182
-0.157063 0.721817 0.346559
-0.477777 0.661423 -0.317562
0.164129 -0.819503 0.265057
0.442428 -0.725297 0.182167
-0.642043 0.60657 -0.107943
-0.795 -0.389547 0.262077
-0.0473719 -0.0669972 -0.782973
0.395183 0.0606345 -0.712318
-0.713195 0.361505 0.286271
-0.0969028 0.581808 -0.585341
-0.802627 -0.393044 0.221795
-0.706808 0.299087 -0.490564
0.202657 -0.552808 -0.70407
-0.231843 0.686212 -0.471091
0.313209 0.139182 0.689815
0.343298 0.664509 -0.0343464
0.210608 -0.612626 0.567594
-0.759557 -0.151683 -0.440569
-0.0199005 0.64807 -0.531535
0.713974 -0.0336282 -0.43861
-0.040811 -0.867934 0.254803
0.709072 -0.109721 0.365446
0.309041 -0.776104 -0.360721
0.129463 -0.14379 0.831894
0.509577 0.0945331 0.525153
0.296997 -0.648526 -0.557487
0.368357 0.62187 -0.201376
0.156009 -0.758089 -0.454587
-0.0354143 -0.806336 -0.354261
0.448546 0.47664 0.259293
-0.402187 -0.810725 0.140478
-0.0586038 -0.0326459 -0.780493
0.599275 0.460357 0.0706704
0.126116 -0.719675 0.509618
-0.875039 0.0757785 -0.223873
-0.187419 -0.420491 -0.724832
0.337956 -0.0652195 -0.72826
-0.779941 0.179481 0.354046
0.380612 0.479916 -0.465692
-0.404504 -0.245626 -0.693995
0.333601 -0.581073 -0.608961
-0.689278 0.0182696 0.607299
0.210883 0.410987 0.606219
0.722725 0.296979 -0.0105538
-0.558882 0.149034 0.6646
-0.604739 -0.444171 0.575944
0.403535 -0.477358 -0.64364
0.0253568 -0.34858 -0.802126
-0.818485 -0.101865 0.356146
-0.733865 0.423356 -0.312504
-0.47275 -0.622906 0.573284
-0.147075 0.488206 -0.644142
0.404331 -0.461348 -0.647763
-0.540184 -0.731458 0.201956
-0.461627 -0.658475 -0.288715
0.386864 -0.26226 0.655813
-0.677597 -0.407194 0.508128
-0.619509 0.408166 0.406629
0.094474 -0.492951 -0.750803
-0.484201 0.70887 -0.201403
-0.829136 -0.253133 0.189483
0.747811 -0.212748 0.274377
0.483168 0.20332 -0.659092
-0.379886 0.455079 0.597761
0.307533 -0.42062 -0.698308
0.218927 0.712486 -0.256728
0.871162 -0.0835615 0.00221403
-0.539472 -0.138276 0.761219
0.52773 -0.57405 0.319158
-0.178419 -0.397138 -0.738704
0.17172 0.661571 0.269804
-0.874319 -0.0255201 -0.10369
0.421479 0.446748 0.341835
-0.791052 0.312848 -0.288032
0.410811 0.24965 0.569613
-0.254611 0.804088 -0.256042
-0.22571 0.480083 -0.636024
-0.43343 0.752346 0.067255
-0.742763 0.479249 -0.00734205
0.16707 -0.782528 -0.404955
-0.856654 0.148822 -0.239945
-0.131575 -0.786616 0.515003
-0.403243 0.273353 -0.69154
-0.769694 0.0309788 0.492802
0.00545532 0.822768 -0.172381
-0.835638 0.200629 0.198619
0.467571 0.346598 0.426284
-0.00255763 -0.675919 -0.609536
0.684631 -0.517234 -0.251921
-0.604996 0.412366 0.428396
-0.585393 0.383916 0.492415
0.732529 0.226851 -0.178734
0.79612 -0.0346486 0.245216
-0.823728 -0.124737 0.3135
-0.274633 0.611548 0.487548
0.304892 -0.65373 0.437537
-0.534965 -0.620457 0.499656
-0.577702 -0.396377 0.637217
-0.509266 -0.61726 0.536365
0.0425517 -0.868485 0.0282975
0.652215 0.0567268 0.392899
-0.493101 -0.303467 0.782054
-0.43256 0.509043 -0.557705
0.0114193 0.824202 -0.0287811
0.276446 -0.39114 0.698372
-0.546697 0.578713 0.281884
-0.772565 0.334971 -0.32883
-0.256217 -0.664799 -0.512189
0.110425 -0.552363 -0.705904
0.335349 -0.799584 0.0989134
0.105919 -0.836938 0.256447
-0.179015 -0.783709 0.495273
-0.165528 0.0247287 -0.775986
0.523175 0.187953 0.48797
0.189339 0.261919 -0.721182
-0.729281 0.438317 -0.299641
-0.0593031 0.741343 0.288808
0.1965 -0.60492 0.586209
-0.25758 -0.222093 0.898253
-0.247253 0.165393 -0.759025
-0.2749 0.528136 -0.593981
0.00351256 0.235623 0.818036
-0.0609783 0.212913 0.847574
0.831901 -0.239608 -0.0152817
0.00270377 -0.365733 -0.79742
-0.631525 -0.670602 0.21266
-0.761949 -0.257359 0.45286
0.599933 -0.157876 -0.560519
0.119628 -0.865319 -0.09883
-0.016481 -0.8544 0.355018
0.312343 0.262137 -0.688818
-0.657884 -0.542156 -0.188904
-0.803528 -0.18321 0.370677
0.517916 -0.720481 -0.123834
-0.668305 -0.379746 0.536982
-0.398319 -0.455251 -0.600013
0.283993 0.680764 -0.215908
-0.689128 0.273946 0.419907
0.312151 0.228762 0.655319
0.0438972 0.723828 0.236448
0.359453 -0.701427 0.307937
-0.264845 0.260547 0.774831
0.0743275 -0.551109 0.725982
0.321364 0.0381592 -0.729559
-0.353764 0.477299 0.587472
-0.721923 -0.344235 0.483821
0.771673 0.163242 -0.140448
-0.552405 -0.242041 0.754303
-0.678166 -0.325358 -0.395973
0.237873 0.421332 0.578839
0.377902 -0.788807 -0.130437
0.625738 -0.600079 -0.208008
0.600998 -0.186128 -0.552245
0.510473 0.527232 0.0831393
-0.0245997 -0.209315 0.913837
0.26085 0.71355 0.00445564
0.478116 -0.686809 -0.311502
-0.146343 0.20886 -0.759275
0.447472 -0.670164 -0.379351
-0.4882 -0.756965 -0.0297287
-0.714002 -0.031179 -0.516797
0.569559 -0.181965 -0.590509
0.0342678 -0.154568 -0.789513
0.0167848 -0.695382 -0.594492
-0.187433 -0.19927 -0.785922
-0.356976 -0.484835 -0.613708
0.479792 0.521479 0.148275
-0.736862 0.203414 0.406832
-0.118913 -0.362523 0.888303
-0.286991 -0.738706 -0.292282
0.61872 -0.497492 0.30331
0.0154928 0.678171 0.390809
-0.535072 0.602435 -0.348963
-0.757191 0.384011 0.165979
-0.416972 -0.694868 0.481623
0.389744 -0.736874 0.214922
-0.348187 -0.175107 -0.74219
-0.0748445 -0.493128 0.804913
-0.000958185 -0.561008 0.756586
0.419556 0.600048 -0.123773
-0.0670542 0.208623 0.848517
-0.434238 0.325712 -0.656942
0.441063 -0.195182 0.622699
0.279071 0.100239 0.730231
0.0423254 -0.693276 0.611293
-0.831986 -0.311253 0.108553
0.627716 -0.220463 -0.512083
-0.16857 -0.835615 0.407233
-0.336472 -0.62577 -0.498028
0.253739 -0.464115 0.662768
-0.787213 -0.373304 -0.117023
-0.744993 -0.16566 0.528424
-0.022989 -0.39999 -0.786753
-0.759332 -0.443626 -0.0813171
-0.882224 0.069502 -0.18743
0.456473 -0.104012 0.617486
-0.854161 -0.0629988 0.111037
-0.455649 -0.11924 -0.69531
-0.871845 0.0186485 -0.0419011
0.641134 -0.550403 -0.290129
0.352175 -0.00437931 0.688897
-0.055726 -0.105908 0.93173
-0.48677 0.440321 0.537473
-0.332127 -0.570837 -0.55801
-0.53713 -0.712297 -0.0871686
-0.742804 -0.00940189 -0.47956
0.10016 -0.152759 0.847604
-0.0746881 -0.0417511 -0.781071
0.632349 0.0222116 0.421147
-0.453965 -0.283023 0.828485
0.875623 -0.135116 -0.0721635
0.131453 0.218949 -0.744718
0.427809 -0.072944 -0.696755
0.23269 -0.774451 0.304564
0.667505 -0.196324 0.403228
-0.619235 0.526625 -0.372269
-0.759853 -0.367235 0.417832
-0.5214 0.680358 -0.199851
-0.0449128 -0.608524 0.725755
0.0333751 0.439492 0.638493
0.675113 -0.393786 0.295464
0.0804928 -0.866212 0.00814557
-0.804612 0.332649 -0.214371
0.600349 0.334231 -0.371891
0.764831 -0.042408 -0.353256
0.344638 0.0656274 0.682047
0.397364 -0.472856 0.54312
-0.569068 -0.0829782 0.736288
-0.822606 -0.0482727 0.373342
-0.128371 0.685732 -0.508734
-0.29505 -0.543856 -0.621053
0.0627951 0.543642 -0.578862
-0.150328 -0.353674 0.88601
0.68107 -0.374936 0.295694
-0.67108 -0.540802 0.411107
-0.405467 0.475976 0.563894
0.711922 0.319309 0.0236515
0.135042 -0.550966 -0.707472
0.446289 0.392615 -0.504257
-0.630296 0.321281 -0.537125
0.544498 0.441284 -0.320563
-0.775944 0.174126 0.366761
-0.754274 0.402612 -0.278735
0.297502 0.340966 -0.6409
0.539484 -0.483881 -0.515209
-0.0134707 -0.0362541 0.906434
-0.0855271 -0.0100043 0.924021
-0.157869 -0.713592 0.605881
-0.431482 0.0303895 0.808735
-0.497116 0.533504 -0.482615
0.726838 0.277412 -0.076482
-0.854285 -0.117632 -0.191529
-0.351872 0.41912 -0.651054
0.344387 -0.370126 -0.696081
0.506986 -0.720022 0.0302113
-0.393825 0.674425 0.312647
0.0466993 -0.85807 -0.220965
-0.759479 0.378151 0.167775
0.464423 0.35061 0.424714
0.128377 0.754533 0.0540058
0.667011 -0.299877 -0.444595
0.747538 -0.415441 0.0563668
-0.199912 0.442396 0.673396
-0.36324 -0.58821 -0.510461
-0.522758 -0.469807 -0.466496
0.637029 -0.28974 0.403521
-0.488201 0.115579 0.742977
-0.110322 0.751875 -0.409821
-0.198452 -0.844484 -0.0644887
0.0134682 -0.849156 0.338336
-0.247919 -0.657049 -0.526086
0.291237 0.685311 -0.161514
-0.552773 -0.561334 -0.326163
-0.0752514 0.438987 0.667826
0.18475 -0.819061 0.243714
-0.533401 -0.0929299 0.764534
0.152712 -0.855393 -0.175341
0.158565 -0.0107506 -0.767556
0.683435 0.22158 0.2871
-0.352941 -0.819159 0.222569
-0.0941717 -0.16231 0.939678
-0.825612 0.340025 -0.0432903
-0.239217 0.319696 -0.726234
-0.629334 0.0125357 -0.603742
-0.728163 -0.561527 0.186387
-0.690996 -0.000167504 -0.540409
0.259257 0.165987 0.730083
0.0996007 -0.361635 -0.790141
-0.0967602 -0.783281 0.538078
0.0940468 0.630958 -0.495876
-0.360297 -0.601265 0.678967
-0.0426974 0.777437 0.174095
-0.707479 0.534486 -0.185604
0.813704 -0.325679 -0.184916
0.345345 0.600444 -0.332197
0.719877 -0.239299 -0.398271
-0.77935 -0.00406295 0.483625
-0.485724 -0.676678 0.462791
-0.10719 -0.585002 -0.650105
0.667399 0.303449 0.192711
0.7584 0.0680769 -0.344424
-0.0748466 0.594993 -0.575369
-0.640898 -0.580418 -0.163502
-0.752904 -0.26166 -0.348842
-0.504376 -0.533262 0.631522
-0.473503 -0.759599 0.235069
-0.276637 -0.809174 0.349054
0.0260378 -0.78431 0.489503
0.680361 -0.541631 -0.0444044
-0.43111 -0.795487 0.186621
-0.744004 -0.192695 -0.438524
-0.630587 -0.257333 -0.545219
-0.0828851 0.593008 0.507474
0.603895 -0.48986 -0.433687
-0.163777 -0.849583 -0.104163
0.649392 0.370911 -0.20264
0.183657 -0.767981 -0.428705
-0.0757646 0.791393 -0.340515
-0.339984 -0.808133 -0.0175738
-0.559058 -0.653172 -0.159997
-0.779138 0.298843 0.219121
0.143162 0.5516 0.503972
0.810267 -0.362339 -0.137733
0.863205 -0.0378377 -0.0130576
-0.548045 -0.670208 0.411157
0.526167 0.106704 -0.657387
0.768654 -0.391801 -0.255009
-0.048996 0.640848 0.447585
-0.326663 -0.828643 0.108122
-0.232796 -0.792671 -0.202741
-0.704927 0.548772 -0.0737573
-0.600962 0.277049 -0.573229
0.788404 -0.19747 0.187794
-0.221573 -0.750399 -0.329662
0.327275 -0.806777 -0.0334486
-0.626037 -0.677044 0.0381467
0.642655 -0.437113 -0.424509
0.227398 0.0448515 -0.75004
0.190871 -0.491084 -0.72662
0.483921 0.498849 0.176199
-0.839608 -0.209145 0.127365
0.817364 0.0450963 -0.148556
-0.275558 0.802757 -0.227868
-0.647505 -0.652522 0.0523516
-0.746684 -0.0479271 0.547716
-0.293504 -0.660995 0.629493
0.46916 -0.747995 0.0684887
0.833478 0.0562548 0.107472
0.152307 -0.847416 0.0440696
-0.00288304 0.546068 -0.598069
-0.261298 -0.803635 -0.14275
-0.314155 0.639727 -0.473835
-0.708817 0.130232 -0.521609
-0.116353 -0.823991 -0.240684
-0.604519 0.0327422 -0.623122
-0.577152 0.28655 0.564254
-0.81957 -0.412725 0.123609
0.256499 0.469398 0.51145
-0.726543 -0.154662 -0.478689
0.0540022 -0.842814 0.309971
-0.632897 -0.63601 -0.0770859
-0.0244476 0.409565 -0.694735
-0.34538 -0.344237 0.842455
0.352235 0.562914 -0.383443
-0.81566 -0.09744 -0.378809
0.697024 -0.528195 -0.134198
-0.127742 0.691421 0.391212
0.124723 0.47731 -0.604586
0.176797 0.594558 0.423223
0.159182 0.558865 0.483489
0.840443 0.0445826 -0.0125886
0.2291 0.51694 -0.523718
-0.27045 -0.388521 -0.710918
-0.723458 -0.00878552 -0.505724
0.44163 0.531913 -0.33793
0.816232 0.0250511 -0.191703
0.147786 -0.768158 0.401829
-0.391747 0.282689 0.705866
-0.698326 -0.386224 -0.297545
0.411439 -0.144424 -0.697612
0.78737 -0.320948 0.0590464
-0.225487 0.513615 -0.613599
-0.702569 -0.54555 -0.083729
-0.66607 -0.631723 0.19939
-0.49599 -0.754269 0.213316
-0.73721 -0.309693 -0.320677
-0.254639 -0.734262 -0.3386
0.450489 -0.628554 -0.443399
0.0415035 -0.809121 0.414231
0.22434 0.174761 -0.733427
-0.0263812 -0.816118 -0.333589
-0.231412 0.5262 -0.603977
0.00325766 -0.87215 -0.0286072
0.565498 0.456088 0.124749
-0.838191 -0.301697 0.0566627
-0.0466689 0.365263 0.725825
-0.00204299 -0.0889869 0.902834
-0.399943 -0.768769 -0.0909681
-0.0299072 -0.404779 0.849575
-0.282522 0.451678 0.637006
0.34864 0.525073 0.327033
-0.541239 0.371686 -0.580161
0.594032 0.017611 0.460389
-0.239656 -0.328449 -0.751632
-0.296663 0.792655 -0.247444
0.270451 0.694993 -0.190685
0.468721 -0.0881801 -0.680567
-0.096999 -0.835815 -0.228979
-0.136159 -0.454087 -0.725281
-0.823717 0.285187 0.129331
0.294537 0.279893 -0.685587
0.532152 -0.267224 -0.608752
-0.0439577 -0.110656 -0.786078
0.652916 0.383856 -0.119402
0.416906 0.19125 0.58437
0.229905 -0.835368 -0.194887
0.434848 -0.561401 0.420798
-0.0113601 -0.00725396 -0.778892
-0.604454 -0.705601 0.065386
-0.026772 0.683633 -0.50863
0.0874137 0.617733 0.450455
-0.180211 0.863335 0.0409428
0.853584 -0.0714598 -0.127477
0.0977169 0.30742 0.737518
-0.797228 -0.467857 0.114256
0.21683 -0.839204 -0.141973
0.547405 -0.311706 -0.584542
0.56461 -0.365775 0.441519
-0.317506 0.236007 -0.74091
-0.844926 0.169856 0.154498
0.824601 -0.324893 -0.111853
0.175966 -0.838522 -0.25978
0.764872 -0.206753 0.249921
-0.833239 0.253315 0.140938
-0.18219 -0.473123 0.803772
0.489094 -0.478057 0.453927
0.0886222 -0.636239 0.635344
-0.109066 -0.791913 -0.328067
-0.0301498 -0.365673 0.870778
0.656819 0.317061 -0.273483
-0.757986 0.284412 -0.413996
-0.133186 -0.860805 0.272612
0.412359 0.61096 -0.0916604
-0.837617 0.292674 0.0314166
-0.238048 -0.238032 0.89835
0.787402 0.0965954 -0.220018
-0.652459 -0.565287 -0.171549
0.373355 0.610194 -0.235145
0.306241 -0.640591 0.451735
-0.426721 -0.722567 0.416932
-0.785457 0.352533 -0.254141
0.264838 -0.8212 0.0335958
0.355269 -0.676268 0.354898
0.377813 -0.777409 0.154357
-0.544896 0.596436 0.257326
-0.857349 0.084939 0.16305
-0.0501388 0.810127 0.0864309
-0.585502 0.63186 0.0526012
0.239166 0.703408 0.0826007
0.530115 -0.0129681 0.531482
0.0739714 0.225895 0.793211
-0.230551 0.8113 -0.257286
-0.0726512 0.839319 -0.239789
-0.0397133 -0.659708 -0.613433
-0.769816 0.310203 0.227346
0.109933 -0.558499 -0.701223
-0.835037 0.0158608 0.360304
0.344501 0.415148 -0.551796
-0.228845 0.707975 0.375408
0.187815 -0.414531 0.753998
-0.405693 0.473704 0.565833
-0.428205 0.545876 0.482518
-0.0082174 0.256557 -0.760224
0.370437 -0.782174 -0.279008
-0.522654 -0.63191 -0.250619
0.0941939 -0.794714 -0.379265
0.569252 -0.401699 0.417127
0.120192 -0.146812 0.836859
-0.326445 -0.751309 -0.216241
-0.830613 -0.23801 -0.183501
-0.403112 -0.0345273 -0.744257
0.291551 0.296149 -0.675682
-0.309295 0.55392 -0.569817
-0.403693 -0.205249 -0.704008
0.215722 0.0946467 -0.747759
-0.0362072 -0.876078 -0.117363
0.366257 -0.180158 -0.710799
0.592414 0.474165 0.0541414
-0.0630742 -0.873054 -0.0174821
-0.317308 0.120584 0.820748
0.83193 -0.0986796 -0.197309
0.152323 -0.179309 0.818389
-0.552609 -0.71267 0.256058
-0.870039 0.104038 0.00836165
-0.859042 0.0808054 -0.280403
0.568201 -0.6011 -0.326016
-0.0396098 0.239821 -0.761278
0.0804952 0.29762 0.750396
-0.474189 0.0453079 -0.717677
-0.108696 0.858137 -0.151871
-0.153008 0.697632 0.384015
0.0276908 -0.779873 -0.422141
0.739631 -0.346678 0.200337
0.18206 -0.818621 0.249204
-0.484784 -0.694715 -0.190303
-0.296311 0.276873 0.753123
0.350537 -0.796645 -0.219293
-0.605462 -0.616557 0.40337
-0.539958 -0.443569 0.649729
-0.789367 -0.340044 -0.168473
0.505378 -0.703167 -0.248607
-0.0922781 -0.40802 0.860815
-0.850536 0.134569 0.153635
-0.776735 -0.490927 0.203168
0.841324 -0.0649897 -0.161329
-0.0884883 0.753912 0.276814
-0.781276 0.385531 0.0923039
-0.884965 0.0782714 -0.156055
0.196551 -0.468345 -0.729835
0.382257 -0.336518 0.628816
-0.40923 -0.741515 -0.15532
0.580788 -0.432772 -0.498554
0.153093 0.657917 -0.417987
-0.769959 0.447347 -0.114196
-0.459134 0.388277 -0.621613
0.177898 -0.684727 -0.571651
0.321321 0.566745 0.303233
0.25381 -0.81474 0.145772
0.104654 -0.67103 -0.605535
0.604069 -0.0639669 0.470466
0.57164 -0.323753 -0.552852
0.33762 0.527401 -0.44584
0.526765 0.36414 0.316609
0.551702 -0.100183 0.531458
0.0856717 -0.600072 0.674675
-0.725601 -0.532247 -0.0188706
0.631448 -0.236636 -0.50365
-0.21734 0.0348558 -0.775054
0.325613 -0.570986 -0.625327
-0.22459 0.778237 0.248765
0.385629 -0.742591 0.209001
0.742114 -0.183174 -0.385868
-0.253395 0.0620919 0.869804
-0.429442 -0.732729 -0.157849
-0.453877 -0.64591 -0.320351
0.23327 0.120644 -0.740208
-0.13931 -0.453392 0.823222
0.563142 0.485912 -0.141199
-0.75482 0.470325 -0.138211
-0.340935 -0.613926 0.67014
-0.416012 -0.190991 0.852313
-0.213077 -0.821199 0.393781
-0.589734 0.614373 0.0933953
0.435447 0.233618 0.556565
-0.234853 -0.843932 0.265881
0.271808 -0.487264 0.630148
0.0120843 -0.120079 0.895412
0.140054 -0.817088 -0.318686
-0.0357886 -0.117903 0.921092
-0.840392 -0.2662 0.0675861
0.72682 -0.326496 -0.362853
-0.47279 0.117082 0.749483
0.668192 -0.326706 -0.434353
0.718229 0.154972 -0.349428
0.123585 0.727329 0.13898
-0.392348 -0.169166 0.866273
-0.661717 -0.229315 -0.527221
0.811452 0.144293 0.00684576
-0.356895 -0.814948 0.230108
-0.254077 0.187606 0.817537
0.552872 0.159533 0.466075
-0.452124 0.635496 -0.376807
0.412682 -0.572174 -0.559553
-0.360562 -0.805094 0.254831
-0.191021 -0.837576 0.372929
-0.0534718 0.596196 0.501339
-0.584942 -0.704406 0.212894
-0.515826 -0.0065757 0.775476
-0.165476 -0.855753 0.138595
-0.465705 -0.628654 0.567952
-0.620097 -0.687284 0.0841259
0.57793 0.404675 -0.312992
-0.400969 0.596271 0.446097
-0.861388 0.178822 -0.0217556
0.183828 0.194647 -0.738255
-0.354166 -0.769482 0.369075
-0.840794 0.158347 0.213033
-0.234249 -0.763282 -0.281191
0.07361 -0.809651 -0.342644
0.691781 0.0349425 0.358903
0.132891 -0.686758 -0.583061
0.348288 -0.574568 -0.605094
0.0678862 0.666624 -0.477147
-0.0708991 0.672331 -0.518093
0.438882 -0.564974 -0.547837
-0.390527 -0.728919 -0.209387
0.138113 0.183412 -0.749015
0.506674 -0.596796 -0.419765
-0.538604 -0.700133 0.32448
0.212021 -0.108824 -0.759821
0.439849 0.504768 -0.389078
0.238057 0.726341 -0.00969885
-0.353305 -0.821079 0.216386
-0.0235055 -0.131795 -0.78766
0.2311 -0.788903 0.273659
-0.696514 -0.566364 0.283848
-0.80932 0.225833 0.237459
-0.840065 -0.138556 0.187387
0.760606 -0.236911 0.239125
-0.288964 -0.747082 0.482386
0.531841 0.140321 -0.644054
0.57671 0.430133 -0.278357
-0.42426 0.753536 -0.156149
0.738081 -0.416155 0.1103
0.175072 0.106741 -0.753843
0.362604 0.540899 0.284096
-0.86148 0.195713 -0.0487445
-0.210668 -0.645203 0.662383
0.575365 0.158095 -0.594911
-0.460903 0.200856 -0.686781
0.116908 0.598561 0.46393
0.506292 0.467367 0.191556
0.581138 0.116958 -0.598015
-0.458007 0.693551 -0.288126
-0.751858 0.475904 -0.137648
-0.812291 0.357211 -0.140465
-0.44117 0.143271 -0.716778
0.00432508 -0.0197052 0.895882
-0.805758 -0.0525508 0.41454
0.131819 -0.23879 0.827818
0.323606 0.234836 -0.697118
0.11487 0.458191 -0.622087
0.554028 0.0952815 -0.630973
0.703359 -0.409469 0.237621
0.292742 -0.451497 0.642221
-0.362977 -0.720603 0.475007
0.657079 -0.35857 -0.437468
0.407215 0.575528 -0.273228
0.176232 0.747065 -0.184765
0.396743 0.372182 -0.561447
-0.490933 0.463229 0.513209
0.391009 0.525054 -0.405232
-0.62507 0.429337 0.37478
0.593821 0.200832 -0.532557
0.615557 0.426631 -0.170821
0.311128 0.227508 0.656838
-0.460027 -0.305348 -0.642455
-0.559078 -0.393838 0.659947
-0.228827 -0.677989 0.627889
-0.832251 0.255251 0.146045
0.771945 -0.408389 -0.185486
-0.0302958 -0.876313 -0.139434
-0.655219 0.0391241 0.635947
-0.396184 0.599852 -0.467675
-0.731441 0.323911 -0.437136
0.034092 -0.675739 -0.610423
-0.748313 0.124372 -0.475254
0.387505 -0.374497 0.604403
-0.273682 -0.820289 -0.0756179
0.297213 -0.815604 -0.0733373
-0.170926 -0.726891 -0.435593
0.115955 0.692186 0.250329
-0.0836511 0.424118 0.683401
0.207713 0.638496 0.289056
0.788846 0.190383 0.0163941
0.253727 -0.706928 -0.508987
0.842813 -0.23995 -0.139501
0.274748 0.187933 -0.721439
0.154306 -0.578826 -0.686658
0.546252 -0.305937 -0.58734
0.402525 0.617671 0.0349407
0.280222 0.0329023 0.737975
-0.805333 -0.294148 -0.193664
-0.64233 -0.613087 0.343571
-0.516972 0.271394 0.626179
0.486079 0.0409142 -0.683237
-0.268594 -0.0606 -0.781601
-0.276327 0.440195 0.649643
0.280799 -0.0479002 -0.742096
0.370321 -0.612785 -0.542554
0.759637 -0.402254 0.0331689
0.351939 -0.65746 0.387616
-0.535108 0.501219 -0.4968
-0.454735 0.401511 -0.618104
0.465752 0.297999 -0.583678
0.0259235 -0.197056 -0.792487
-0.120147 0.637165 0.462333
0.0202758 -0.822227 -0.3145
-0.565442 -0.532473 -0.339924
-0.697521 0.201934 0.476118
0.238751 -0.56319 0.590607
0.073447 -0.803817 -0.35756
-0.162585 0.870234 0.0105185
0.0797441 0.689335 0.298313
0.288021 0.308797 0.624478
-0.263 -0.359365 -0.72794
-0.359047 -0.103168 0.883645
-0.0494914 0.583841 0.514136
-0.409187 -0.81016 0.151921
-0.836504 0.08937 0.341717
0.0400413 -0.826845 -0.301227
-0.652228 0.390768 0.365733
-0.0490382 0.342236 0.746919
-0.845096 -0.141534 0.135515
0.0273361 -0.463433 0.800936
-0.703168 -0.338706 0.513016
-0.0690263 0.475834 0.63089
0.354083 -0.138036 -0.71782
-0.0375749 0.831289 -0.247986
0.703527 0.328861 0.00502157
-0.375296 0.184417 -0.736867
0.00389874 0.602689 -0.556083
0.587151 -0.407017 -0.502612
-0.354543 -0.0849122 0.885393
0.102271 0.00108582 0.84192
0.510123 -0.258171 -0.629
-0.618889 0.585763 -0.246539
-0.0888322 0.649177 0.442879
0.525159 0.489445 -0.257073
0.0146777 0.385296 -0.700029
-0.155017 0.316415 0.783313
-0.759459 -0.350419 -0.233191
-0.254958 -0.840596 0.220726
-0.749669 -0.281671 -0.331932
-0.132854 0.59577 0.509181
0.562802 0.258702 -0.507913
-0.787216 -0.0501954 0.462388
0.0823259 0.732448 0.169129
-0.625398 0.554247 -0.304132
0.448912 -0.346196 0.562287
-0.382175 0.302454 0.700613
-0.281086 -0.00488627 0.884161
-0.510997 0.632535 -0.327374
-0.165038 0.169252 -0.764346
-0.37224 0.702126 -0.344467
0.628329 -0.0761388 0.44933
0.334468 -0.800426 -0.28989
-0.577517 0.164721 -0.627289
-0.25079 -0.705232 -0.421684
-0.411747 -0.407728 0.790938
-0.809468 -0.214795 0.318216
-0.737237 -0.55101 0.193468
0.419339 0.392669 -0.52725
-0.745025 0.0217192 -0.477289
0.249668 -0.693629 0.430339
0.204745 -0.702524 0.460066
0.632895 -0.393287 0.352324
-0.00994751 0.622787 0.464544
-0.325798 -0.286711 -0.725197
-0.110126 0.763876 -0.387257
0.584593 0.0283635 -0.614029
-0.242376 -0.0564289 -0.781414
0.494821 -0.714259 -0.244465
-0.416244 0.199757 -0.710463
0.390324 0.598765 0.142066
-0.0354198 0.72392 -0.47348
-0.80122 0.351531 -0.194628
0.597125 0.473016 0.0467397
0.0996738 -0.135619 0.848373
-0.398342 0.463302 0.580843
-0.111255 0.222713 0.836357
0.801213 -0.126662 0.215803
-0.762666 0.185294 0.379118
0.0158174 -0.184475 -0.791554
0.282524 -0.740476 0.316747
0.321237 0.669436 -0.130022
-0.358723 -0.683292 -0.367213
-0.507782 0.590718 0.325467
-0.564012 -0.42502 0.634366
-0.240418 0.434307 -0.663782
-0.319752 0.79795 0.0962519
-0.181892 0.818303 -0.260568
-0.325332 0.770453 0.159292
-0.0524053 -0.513364 -0.713817
-0.0311898 -0.618812 0.718241
0.256214 -0.71728 0.384161
-0.867324 0.142694 -0.0245408
0.0933937 -0.511018 -0.737028
-0.713305 -0.547856 0.272611
-0.0689179 0.71759 -0.479218
0.0760146 -0.615355 0.666181
-0.736661 -0.323262 -0.306636
0.520147 0.415904 -0.39001
-0.422036 0.428226 -0.62141
-0.115136 0.757654 -0.398232
0.435141 -0.653179 -0.423476
-0.207348 0.578623 0.53439
0.43889 -0.770513 0.049018
-0.0669241 0.191809 0.855226
-0.370825 0.767654 0.113272
-0.761523 -0.415473 0.381217
-0.844052 -0.126141 0.15978
-0.414807 0.663991 -0.365329
-0.0894067 -0.867083 0.388336
0.042457 0.330828 0.732132
0.816249 -0.328278 -0.0799719
0.509592 -0.525902 -0.519042
-0.331365 -0.826408 0.0984436
0.212941 0.501244 -0.549199
-0.0658647 0.454187 -0.674935
0.33438 0.248098 0.627108
-0.528355 0.260025 -0.629264
0.134017 0.15928 0.800893
-0.731714 0.0810077 0.534317
-0.0943007 -0.825731 -0.257604
0.198184 -0.416878 0.743993
0.332369 0.584643 -0.368768
0.544654 -0.317221 0.487961
0.585916 0.315768 0.304139
-0.316883 -0.664809 0.611524
-0.183733 -0.0615452 0.919038
-0.0867162 -0.738275 -0.478045
-0.531469 -0.473102 0.640415
-0.679695 0.162026 0.543544
0.124882 0.0471525 0.827049
0.134005 -0.178078 0.82841
-0.640284 0.594752 0.0151931
0.264432 0.678039 0.129303
-0.127759 0.705325 -0.491351
0.497805 -0.350844 0.514748
0.54563 -0.256843 0.51902
-0.170228 -0.855082 0.0195028
-0.879778 0.123631 -0.117973
-0.292974 0.161738 0.81201
-0.518427 0.641381 0.205649
0.0875611 -0.0163212 0.85086
-0.181055 0.405665 -0.694597
-0.479693 0.320964 0.625776
-0.55932 -0.497113 0.593311
0.24457 0.617481 0.302239
-0.134528 0.439703 0.675672
-0.465983 0.689399 -0.286081
0.741873 0.122089 0.28765
0.0796798 -0.42884 -0.784389
-0.449878 -0.783421 0.194863
-0.370229 -0.187012 -0.727043
-0.431188 -0.461756 0.750479
-0.734832 0.104258 0.506532
-0.446415 0.73711 -0.194412
-0.832977 -0.35213 0.0365868
0.817453 -0.287985 -0.0244025
-0.83611 -0.0517614 0.305307
0.0313623 -0.0399397 -0.781384
0.0282568 -0.810083 -0.344926
-0.539873 0.241756 0.625925
-0.791097 0.221014 0.287071
0.630694 0.425267 -0.0355638
0.0542276 -0.869782 -0.0963997
0.826731 -0.224536 0.0282935
0.504589 0.525773 -0.168408
0.0205223 0.345836 0.724941
-0.513713 -0.508492 0.637259
0.240091 -0.446748 0.687314
0.049207 -0.07954 -0.783654
-0.268562 0.64235 -0.503206
-0.651414 -0.288697 -0.478146
-0.62521 0.398946 -0.506067
-0.217077 -0.711379 0.589454
0.0861336 -0.037856 0.852888
-0.471537 -0.70838 -0.178567
-0.709107 0.410211 0.243367
-0.548135 0.187547 0.65136
-0.810615 -0.333619 0.225712
-0.512282 0.5167 0.426618
0.780998 -0.392853 -0.0595841
-0.631345 -0.664763 0.272023
-0.84371 -0.135238 -0.243488
-0.461386 0.719124 0.102274
-0.829373 0.0695656 0.378154
0.34149 -0.218735 0.69538
-0.288445 0.0920916 0.845511
-0.601911 0.422606 0.423379
0.174623 0.0158578 -0.762903
-0.22462 0.818581 -0.227466
0.121635 0.76356 -0.224782
-0.328953 0.341082 0.704783
-0.463077 0.423093 -0.605613
-0.86201 -0.0810097 -0.176077
-0.347817 -0.189284 -0.739041
0.607035 -0.55595 -0.340434
-0.535739 0.67673 -0.166091
0.679921 -0.522789 -0.251112
0.4964 -0.0232752 0.56755
0.148223 -0.760839 0.416363
-0.73833 -0.19905 -0.440434
0.401222 0.611383 -0.133897
-0.479572 -0.548134 0.649722
0.0631043 -0.187858 -0.791098
0.659894 -0.143027 0.428664
0.569854 -0.555074 0.296492
0.166357 -0.338603 -0.769123
0.112454 -0.0382346 -0.777837
-0.392599 0.611288 0.43045
-0.381271 0.476097 -0.607595
0.709661 0.199795 0.275895
-0.618338 -0.598269 -0.166472
-0.469204 -0.182925 0.816675
0.365445 0.253583 0.600786
0.60927 0.434507 -0.164644
0.508712 0.513238 -0.208727
-0.822639 -0.278081 -0.168976
-0.128989 0.67908 0.410657
0.452328 0.589097 -0.0536886
0.29134 -0.399827 -0.709512
-0.77154 0.427739 0.0150338
0.040779 -0.57067 0.729802
-0.869772 0.108085 0.00475312
0.371876 0.616864 -0.211353
0.797966 -0.0970037 0.255363
0.646087 0.102166 -0.526323
0.727315 0.0925437 -0.404816
-0.112869 -0.268224 0.914138
-0.20197 0.320674 -0.730377
0.613623 0.0635406 0.429608
-0.711311 0.332263 0.319835
-0.148051 0.813362 -0.288511
0.308673 -0.738729 0.293445
-0.408546 -0.492979 -0.556494
0.13552 -0.835574 -0.2718
-0.825126 0.13346 -0.338472
-0.401855 -0.672423 -0.342074
0.125624 0.565052 0.499426
-0.316054 0.673207 0.384647
-0.014921 0.482283 -0.646737
0.685764 -0.187166 0.38022
0.353861 0.0528743 -0.721769
0.607736 0.432937 -0.176787
-0.302128 -0.312183 -0.727076
0.551779 0.406699 -0.353853
0.849798 -0.0246016 -0.0828304
-0.850828 0.144077 0.13608
0.552177 -0.690344 -0.0969252
0.346884 0.505089 0.359139
-0.384893 0.563276 0.498069
-0.756342 -0.419502 -0.136957
0.304324 0.433573 -0.55873
-0.679684 0.530886 -0.259941
-0.522305 0.241873 0.640047
-0.848726 0.253451 -0.0204391
-0.829255 -0.0597571 0.333644
-0.822246 0.145279 -0.338422
0.00917138 -0.869555 0.0842191
-0.521437 0.140991 0.702863
-0.0547805 0.809018 0.0947601
-0.353003 -0.772329 0.362065
0.505958 -0.568947 0.346121
-0.81079 -0.212678 -0.29965
-0.337732 -0.553261 -0.570479
0.15757 -0.762857 0.403017
-0.293822 -0.671448 0.612902
0.408916 0.508587 0.26755
-0.695894 -0.49786 0.421335
0.629679 -0.426471 -0.444375
-0.449285 0.630535 0.341296
0.335546 -0.38211 -0.696647
0.704026 -0.231508 0.331111
-0.258014 0.6602 -0.487456
0.355828 -0.42732 0.606437
0.292254 0.577842 -0.414088
-0.0151232 0.806111 0.0598816
-0.865236 0.19693 -0.157285
-0.861444 0.207813 -0.0760809
-0.605767 0.595968 0.103855
0.584872 -0.645416 -0.208028
-0.55595 0.0727406 -0.659985
-0.492682 0.508014 -0.517819
-0.684673 -0.565877 -0.101356
0.642859 -0.508343 0.235838
0.603501 -0.63681 -0.177621
0.244744 -0.518106 0.626807
0.13013 -0.694517 -0.570828
0.733518 -0.0233881 0.322371
-0.71744 0.194073 0.449603
0.706508 -0.455397 0.139746
0.451798 0.365969 -0.526608
0.337139 0.216475 -0.699321
-0.413059 0.756541 -0.226894
0.123173 0.570517 -0.53709
0.544531 0.388787 -0.388199
-0.109742 0.7045 -0.494663
-0.163735 0.617053 -0.555782
0.68795 0.306779 -0.202743
-0.708846 -0.0833395 -0.522277
-0.08681 0.791708 0.172292
-0.839671 -0.0948153 0.231186
0.427217 0.299445 0.526573
-0.516681 -0.234181 0.78165
-0.19982 0.308728 0.774943
0.0171607 0.806934 -0.245107
-0.113827 0.555481 0.55035
-0.626485 -0.570278 0.447447
-0.269267 0.377034 -0.696408
0.430693 0.00445193 -0.700946
-0.444889 -0.747977 0.31817
-0.823069 -0.199669 0.261998
-0.437178 -0.221889 -0.681339
0.419638 -0.188878 0.639689
-0.746094 -0.133559 0.537037
0.0198173 0.0685284 -0.773655
0.388649 -0.588346 -0.559613
-0.220968 0.511446 -0.615957
-0.226591 0.546126 -0.591582
0.624503 0.198012 -0.498059
-0.795641 -0.459922 0.0834183
-0.267138 0.657944 -0.483764
0.63509 -0.597192 0.0316225
-0.75464 -0.220673 0.484425
-0.0556085 0.476807 0.627196
0.0659092 -0.808868 -0.345219
-0.51917 -0.312394 0.751051
0.4732 0.0117492 0.58198
0.139774 -0.247634 0.823222
0.439648 -0.531452 0.448729
0.409003 -0.18368 0.648368
-0.820416 -0.0982942 0.349202
-0.0763705 -0.650414 0.680276
0.481204 -0.703358 0.181701
-0.495631 -0.508138 0.657878
0.611811 0.428501 0.0999674
-0.203325 -0.294213 0.891004
-0.348307 -0.819077 0.228688
-0.818219 -0.415134 0.128533
0.301812 0.610234 -0.357781
-0.0683997 0.561374 -0.600187
0.417007 0.61387 -0.0213359
0.19178 -0.303241 0.793238
-0.842165 -0.181447 -0.202299
-0.764621 0.336264 -0.356331
0.0282108 -0.564425 0.74118
-0.715525 -0.53347 0.295684
-0.829362 0.333226 -0.120359
-0.233308 0.0394491 0.880648
-0.471393 -0.639137 0.543983
-0.428512 -0.44516 0.76108
0.784972 0.196064 0.0106541
0.0715847 0.658008 0.384779
-0.196787 0.675482 -0.510609
-0.760532 0.0637494 -0.457315
0.853389 0.000109131 0.070934
-0.550377 -0.666778 -0.148929
0.588128 -0.419242 0.38886
0.671257 0.203195 -0.409039
0.29802 0.682345 0.0575479
0.571951 0.07881 -0.615999
0.287213 -0.818537 -0.01455
-0.687534 0.362017 0.331897
-0.659418 0.456121 -0.402766
-0.606926 0.25835 0.553426
0.471694 0.382319 -0.485516
0.256106 0.302342 -0.68408
-0.360938 0.578031 0.493797
0.0916555 0.679985 -0.439352
-0.490239 0.602862 0.331885
-0.682755 -0.594747 0.00502588
-0.573925 0.0263702 0.720053
-0.416261 0.319806 0.676019
-0.511777 0.0632355 0.757722
0.480612 -0.0147457 -0.681032
0.184393 0.435762 0.597349
-0.189261 0.661389 0.441975
-0.423853 0.498186 0.529876
-0.801571 -0.231952 0.344739
0.73825 -0.306995 -0.355297
-0.620171 0.47011 -0.441901
-0.443318 0.331924 0.648417
0.572837 -0.510263 0.343524
0.66756 0.157567 0.352729
-0.846271 0.080045 0.279908
0.623564 -0.508855 0.28169
0.271384 0.571949 -0.441147
0.759519 -0.149267 0.287724
-0.309233 0.800179 -0.184978
-0.816661 0.276422 -0.238542
-0.647328 -0.253046 -0.523701
-0.577051 -0.163784 -0.613742
0.709384 -0.36676 -0.370931
0.556609 -0.575032 -0.385121
0.881241 -0.119966 -0.0530186
0.642319 0.408317 -0.0430636
-0.386667 -0.30347 -0.684003
0.423913 -0.740258 -0.289649
0.474838 -0.5582 -0.526147
0.106457 -0.719489 0.52902
0.113684 0.475219 -0.610127
0.617396 -0.575109 -0.291104
0.382373 -0.413493 -0.670239
-0.727323 0.474509 0.071729
0.799758 -0.148261 0.198818
-0.333592 -0.693206 -0.366816
0.400124 -0.727106 -0.345687
0.430222 -0.63152 -0.465417
-0.631738 -0.281517 0.644795
-0.197131 0.784006 0.242792
0.174391 0.219345 -0.736214
-0.296431 -0.0491935 -0.780247
0.44529 0.00101735 -0.695682
-0.0496044 0.026789 0.915781
0.00983149 -0.804406 0.457811
-0.843535 -0.143402 0.149055
-0.768525 0.30023 -0.373896
0.223704 -0.27494 -0.753611
-0.273637 -0.821805 -0.0644952
-0.466309 -0.463993 -0.52636
-0.341774 0.242495 -0.731756
0.44646 -0.610238 -0.478695
0.192884 0.390712 -0.64279
-0.209028 -0.848523 -0.0109895
-0.604898 -0.507716 -0.307426
0.0294304 -0.779681 0.495658
0.667002 -0.408476 -0.40889
0.452319 0.0761995 0.584223
-0.585512 0.583898 -0.309252
-0.688013 0.552826 -0.181245
0.62698 0.397588 -0.222237
0.712641 0.228435 -0.252669
0.624948 -0.560704 0.172261
0.0173907 -0.240698 0.889888
-0.544038 -0.0201122 -0.65996
-0.0480321 0.630058 0.460908
0.194364 0.302369 -0.701862
0.494054 0.405532 -0.433265
0.0902222 0.744049 0.126488
-0.573812 0.638744 0.0618279
0.564531 -0.676372 -0.00971255
0.288455 -0.523504 -0.679151
0.403038 -0.775405 -0.188149
-0.776112 -0.298726 -0.265125
-0.410626 0.533311 -0.54259
0.673121 0.344751 -0.166454
0.593612 0.430307 -0.234153
-0.0936691 0.775802 -0.367229
0.0569961 -0.694384 -0.589762
0.293966 0.528325 0.398355
0.733988 -0.31548 -0.357716
-0.344534 0.776892 -0.25271
-0.0475049 0.849557 -0.115591
-0.299488 0.216394 -0.746976
0.131408 -0.791363 -0.385047
-0.52636 0.577682 0.315967
0.830481 -0.29817 -0.152368
0.567195 0.33746 -0.417085
0.111861 0.267402 -0.738658
-0.492167 -0.761936 0.181537
0.222156 0.438969 0.575031
0.085518 -0.868112 -0.125161
0.722047 -0.00966446 0.33353
-0.0361161 -0.272914 0.901029
-0.487221 0.408996 -0.600003
-0.619462 0.516789 -0.38981
-0.685795 -0.475627 0.456621
0.616888 -0.580018 0.153269
0.52067 0.402393 -0.40413
0.513992 -0.153501 0.57237
0.138995 0.677926 0.263857
-0.302056 -0.549512 0.731597
0.699066 0.327091 -0.0437754
0.0892305 0.159876 -0.762338
-0.425287 -0.710267 0.446445
0.135944 -0.41539 0.792109
0.680361 0.279458 -0.266214
0.424869 -0.0714065 -0.697872
-0.0303078 0.80222 -0.310033
0.605621 0.457226 -0.0605184
0.0507228 0.741083 -0.365554
-0.16134 0.336269 0.772561
0.456374 -0.688113 0.233613
-0.862776 0.0526635 -0.263552
-0.36099 0.746249 0.178937
-0.872478 0.122362 -0.0439908
0.209233 -0.335552 0.781531
-0.85722 -0.173916 -0.119173
0.304631 -0.570413 0.53037
-0.139048 0.125275 0.872627
-0.833235 -0.116813 -0.328925
0.313004 0.131214 0.692153
0.114288 0.67143 -0.432111
-0.262035 -0.675904 -0.484337
-0.539656 0.552005 0.334474
-0.519335 0.388392 -0.589194
0.751932 -0.0242673 0.300928
0.256806 -0.481961 -0.703315
-0.116433 -0.824861 -0.238231
-0.0397685 -0.0712179 -0.783303
-0.415074 -0.351888 -0.646835
0.600686 0.354732 -0.341642
-0.705844 0.309242 -0.485825
-0.855136 -0.129132 0.0487687
-0.882211 0.116789 -0.131417
0.0526946 -0.413929 -0.797101
-0.807872 0.0389891 0.426698
-0.44025 0.728853 0.128211
-0.0254378 0.781761 0.142535
-0.190727 -0.601052 0.708065
-0.44393 -0.624878 0.591744
0.416006 0.37237 0.459852
0.841658 -0.0771545 0.112163
0.843801 0.0366461 0.0757772
-0.212208 0.131954 0.857332
0.327347 -0.441279 -0.685624
-0.0543617 -0.830956 0.456472
-0.873495 0.0385433 -0.214766
-0.507615 -0.628818 -0.278098
-0.381513 0.632647 0.400912
0.739124 -0.126644 0.329447
0.772218 0.100073 -0.280103
0.833401 -0.266759 -0.0629652
-0.741212 -0.445415 -0.140579
0.111287 -0.513427 -0.735561
-0.0689481 -0.200695 0.932352
-0.533747 -0.108276 -0.652632
-0.563863 -0.516475 0.575476
0.511439 -0.416513 0.465881
0.350535 -0.0499739 -0.724943
0.433274 -0.256076 0.621369
0.574883 0.493136 -0.0671446
0.0339779 0.526141 -0.600624
-0.30041 0.244482 -0.740393
-0.60013 -0.559696 -0.257158
-0.568149 -0.560647 -0.304613
0.822962 0.0153972 0.157339
-0.191767 0.837929 -0.177162
0.145201 -0.400668 -0.765411
0.145658 -0.33206 -0.776699
-0.577977 -0.728208 0.0943001
0.354187 0.443808 -0.517615
-0.267391 0.563996 0.535631
-0.686619 0.535276 0.04769
0.359397 0.643306 0.0586747
-0.145871 0.563021 0.545297
-0.23552 -0.0180475 -0.778725
0.203171 -0.686075 0.486251
0.527388 0.0475087 -0.658986
-0.655667 0.25212 0.499331
-0.356199 -0.0370623 0.870417
0.276911 -0.127386 -0.745147
-0.00621419 0.00126954 -0.778309
0.480238 -0.621829 0.308004
0.0880766 -0.756249 0.48513
-0.8618 -0.0149271 0.0542792
-0.72732 0.0416155 -0.501688
0.00228247 0.748112 0.210818
0.0481819 0.734822 0.199539
-0.44509 0.692133 0.217666
-0.298388 0.751287 0.238338
-0.206816 0.631138 -0.538544
-0.709306 0.532708 -0.186244
-0.279397 -0.372148 -0.713188
-0.395756 0.364367 -0.659064
-0.350971 -0.443425 0.800557
-0.796311 -0.264526 -0.261669
0.679375 -0.391542 -0.399434
0.122998 0.361143 0.683022
-0.27443 -0.572164 0.718741
0.259638 -0.544538 -0.68155
-0.82506 -0.395049 0.0647493
-0.0208001 0.252005 -0.760494
-0.490824 0.559328 0.392159
-0.242679 -0.0771152 0.911979
-0.812799 -0.210011 -0.298219
-0.0644055 0.448407 0.656485
0.563228 -0.249797 0.506402
0.0666798 0.458593 0.612475
0.518526 -0.523224 0.384571
0.515141 0.332867 -0.485954
0.661616 -0.566613 -0.0260848
-0.0285664 -0.672542 0.66703
0.540794 -0.69019 0.0768531
-0.487107 -0.177973 -0.663402
0.156097 -0.758434 0.412657
0.650545 -0.591213 -0.0977654
-0.797625 0.251334 -0.329421
0.710456 0.147579 -0.381657
0.60554 -0.618888 -0.217088
-0.223904 -0.176163 -0.783056
-0.360219 -0.473703 -0.620484
-0.724778 0.308759 0.319865
-0.606017 0.594237 0.108196
-0.288289 0.626805 0.468694
-0.0852941 0.725771 0.33173
-0.062554 0.115308 0.88623
-0.578276 -0.279277 -0.581464
0.395905 -0.527461 0.49331
-0.805022 -0.0953655 0.401196
-0.223863 -0.832288 0.347059
-0.443446 -0.71179 0.427853
0.533012 0.49377 -0.21283
-0.817315 -0.0773129 -0.376513
0.150066 -0.498676 -0.74058
0.29881 -0.802854 -0.328378
-0.0785041 0.632675 -0.547516
-0.156893 -0.630082 0.686028
-0.828873 -0.342511 -0.00867584
-0.261446 -0.790252 -0.179016
-0.642727 0.576932 0.0602512
-0.0532156 -0.0656988 -0.782856
-0.640592 0.269562 -0.548691
-0.628484 0.224744 0.553567
0.24983 0.333839 -0.663444
0.260068 -0.122441 0.761329
0.249335 -0.829662 -0.149488
0.315552 0.684926 -0.0522148
0.492174 -0.733113 0.00943481
0.496192 -0.437143 -0.584079
0.301594 -0.343547 0.699672
-0.8521 0.244398 -0.147727
0.386808 -0.222103 0.660627
0.726714 -0.469153 -0.213449
-0.0346585 -0.0137292 0.914237
0.360783 -0.350013 0.64169
-0.162126 0.865284 -0.0716205
-0.235324 -0.248747 0.896574
0.542852 0.407209 0.229644
0.012823 -0.827412 -0.301811
0.772121 0.148547 -0.172528
-0.823009 -0.308363 -0.111669
-0.0500746 0.360705 -0.721678
-0.0887706 0.626371 0.471321
0.533537 -0.56022 -0.441454
-0.606859 -0.369743 -0.457087
-0.845484 0.227464 0.0600436
0.505996 0.530458 0.0837374
0.657826 -0.572453 -0.0289902
-0.269566 -0.486323 0.782422
-0.249218 -0.455341 0.806684
-0.197819 -0.850288 0.15605
0.703404 0.0125434 -0.455564
0.161261 0.356704 -0.679052
-0.00853387 -0.874074 -0.0945737
0.0350097 -0.870974 -0.0885958
0.790756 -0.381983 -0.178886
-0.657211 0.457208 -0.404663
0.265231 -0.643351 -0.591661
0.788096 0.0925947 -0.226001
0.781854 -0.0787953 -0.324835
-0.454067 0.0845152 -0.724572
0.739647 0.260735 -0.0571277
-0.545717 -0.710613 0.275494
0.639128 0.113303 -0.531889
-0.443602 -0.139284 0.831064
0.146644 0.463636 -0.606556
-0.395507 -0.777176 0.293741
0.670764 0.150996 0.351175
-0.647432 0.549664 0.126617
0.34237 0.541307 -0.424069
0.549173 -0.506273 -0.486633
0.470969 -0.695522 -0.306728
-0.539047 -0.595496 0.526424
0.753974 -0.286581 -0.342798
0.600594 -0.644048 -0.108919
0.679276 -0.550402 -0.104728
-0.581453 0.550899 -0.380359
0.420917 -0.520905 -0.607529
0.601546 0.258592 -0.460463
-0.365773 0.782252 -0.125615
0.598455 0.471257 -0.0238525
-0.343397 -0.740701 -0.227178
-0.807997 -0.365439 0.215405
0.0682941 0.785084 0.0302187
0.288557 -0.203674 0.735802
0.615444 0.313559 0.263715
0.187499 0.0480704 -0.75872
-0.605431 0.188993 -0.600616
0.0520832 0.441109 -0.654868
-0.87179 0.138586 -0.0622508
-0.722525 -0.535296 -0.0237437
-0.0592235 -0.0263653 -0.780046
-0.166818 -0.165888 -0.789199
-0.413904 0.399257 0.62879
0.577012 -0.351477 -0.537534
0.493976 0.539999 -0.142048
0.0302135 0.407621 -0.684019
0.803981 -0.348152 -0.0556626
-0.577458 0.393666 -0.54727
-0.503257 -0.0192995 0.784593
0.682235 0.242886 -0.316966
0.374646 -0.781072 -0.275645
-0.34001 -0.736424 -0.242404
-0.752419 -0.533957 0.186351
-0.532204 0.448107 -0.557339
-0.219264 0.438948 0.670872
0.317275 -0.807748 -0.291874
0.126812 0.561364 -0.542658
-0.798892 -0.268799 -0.248434
0.00147383 -0.855414 0.313198
0.647392 -0.23434 0.41495
-0.0917169 0.851072 -0.186664
-0.14525 0.869309 -0.0841081
0.265975 -0.0117632 0.752919
-0.700847 0.536764 -0.0126153
0.0580009 -0.815541 0.381687
-0.00732956 -0.693525 -0.596036
0.386369 -0.789426 0.0479346
0.43691 0.125766 0.58448
0.759143 -0.407368 -0.267603
0.453759 -0.714988 -0.29771
-0.670125 -0.236926 -0.505689
-0.189944 0.852083 -0.102757
-0.10489 -0.865326 0.343159
0.753195 0.224124 0.166121
0.749641 -0.36484 0.150806
0.308609 -0.727764 -0.43412
0.339696 0.535164 0.324513
0.133346 0.653755 0.330267
0.446253 0.448249 0.304879
-0.266387 0.577443 0.522957
0.00789481 -0.175559 -0.79089
-0.204927 -0.770107 -0.293635
-0.349005 -0.716985 0.492509
-0.425595 0.751754 -0.189183
-0.464362 -0.575938 0.646242
-0.282503 0.808043 0.114218
0.280436 -0.0500113 0.74652
-0.351209 -0.824458 0.155288
-0.2807 0.411458 0.67388
0.681297 -0.255621 0.353551
-0.486129 0.375137 0.587222
0.16117 -0.824995 0.243036
0.652024 -0.436013 0.30418
-0.778478 0.43561 -0.0932077
-0.247478 -0.693415 0.602115
-0.701818 -0.592631 0.145906
-0.102707 0.238466 -0.75763
-0.225391 0.230813 -0.749997
0.860446 -0.0836106 -0.110745
-0.776599 0.270122 -0.373554
-0.210984 -0.848075 0.152152
0.0117814 -0.0533161 0.893833
0.148324 0.772527 -0.0486173
0.431077 -0.0726529 -0.695647
-0.308504 -0.0560025 -0.778782
0.39995 -0.785441 0.00816885
0.1266 0.440221 0.612118
0.107157 0.724506 -0.348001
0.592612 -0.468626 -0.463289
-0.48831 0.492214 -0.540762
-0.701748 -0.593049 0.134161
-0.770514 0.362294 -0.293497
-0.39001 -0.337196 -0.667241
-0.448706 -0.606174 0.623041
0.698926 0.175629 -0.372637
-0.356159 -0.465787 0.784276
-0.834607 -0.211941 0.173663
0.0367971 0.813862 -0.141588
-0.394473 -0.0622831 0.858005
-0.755869 -0.505326 0.0382499
-0.595581 0.431469 0.425618
-0.234682 0.398493 0.702651
0.285647 0.524701 0.41532
0.786767 -0.159125 0.232339
0.236968 0.107114 -0.741616
0.832856 0.0732306 0.095481
0.85435 -0.00314906 -0.0168416
-0.0487539 0.531717 0.569621
-0.841221 -0.297556 0.0308449
0.000989263 0.176638 0.843974
0.0192774 -0.441751 0.815038
-0.273052 -0.0330694 0.894206
-0.683172 0.539251 0.0472825
-0.6479 -0.607797 0.341365
0.158414 0.57107 0.46909
0.0531072 -0.819595 -0.318774
-0.521634 0.443582 0.50896
0.533726 0.476637 -0.284036
0.0074033 -0.869254 -0.194886
0.0764839 -0.65522 0.624904
0.381967 0.45288 -0.4914
0.100956 0.397741 0.656775
0.175607 -0.74878 0.409982
0.424076 -0.367792 0.574092
0.550817 -0.453194 0.406867
0.798505 0.181035 0.10611
0.569689 0.18571 0.44289
-0.346789 0.361512 0.686374
0.818848 -0.341654 -0.113192
0.265759 -0.81239 0.141082
-0.528393 0.16754 0.680896
-0.837945 -0.196247 -0.20429
0.606158 -0.0786534 -0.572811
-0.67534 -0.608277 0.0205339
0.118786 -0.724369 0.509385
-0.0809557 -0.450466 0.833297
0.216331 0.260699 0.706784
-0.511198 -0.393131 0.712356
-0.485182 -0.61201 -0.336859
0.775265 0.0713763 0.255213
0.0781712 -0.866256 0.0149814
0.350015 -0.77485 -0.319534
0.304032 0.277811 0.631484
0.353178 -0.219948 0.686375
-0.50838 0.290536 0.621335
-0.815538 -0.0543357 0.38911
-0.558509 0.557009 -0.395454
-0.176488 -0.246513 -0.785344
-0.502898 0.499043 0.46238
-0.411928 0.683106 -0.34111
-0.374771 -0.807582 0.0560096
-0.590869 -0.382115 -0.46767
0.68042 -0.15179 -0.466716
-0.723514 0.0504415 0.565137
0.835987 -0.196236 0.0252446
-0.875482 0.0521268 -0.214737
0.264758 0.707113 -0.145804
-0.882846 0.0489296 -0.151941
0.57735 -0.62036 0.185093
-0.289529 0.199745 0.794873
0.185059 -0.236928 0.798851
-0.634704 0.588062 -0.208237
0.608753 0.0683365 -0.577424
0.30768 -0.176345 0.724425
0.538967 0.525168 0.0228681
-0.700482 0.129834 0.540655
0.0729622 0.462469 -0.633324
0.0220831 0.80215 -0.257199
0.722374 -0.47348 -0.00961583
0.0574601 0.686972 0.328235
0.669811 -0.243043 0.376971
-0.295891 0.674307 -0.439758
-0.259233 -0.825224 -0.0713459
-0.572483 -0.532161 -0.329582
-0.621998 -0.444951 0.55589
0.265869 -0.771109 0.278489
0.633284 -0.607046 -0.0336421
-0.122282 -0.845066 -0.177052
-0.878439 0.0117884 -0.126039
0.612458 -0.624855 0.0534912
0.478096 -0.342299 -0.638484
-0.359312 0.0846294 -0.761647
-0.546512 0.024631 0.74777
-0.084279 0.867818 -0.0793205
0.468899 0.0571142 -0.691298
-0.761048 0.262082 -0.421717
-0.164825 -0.724414 0.594332
-0.680442 -0.56555 -0.124531
-0.197375 0.33889 0.759462
-0.465104 0.712412 0.114741
0.515401 -0.490127 0.419146
0.636287 -0.486908 -0.395872
-0.481891 0.721491 0.02621
-0.66207 0.265229 0.475711
0.66523 -0.25802 -0.458337
-0.405166 -0.412647 -0.625479
-0.743855 0.452585 0.0630131
0.724414 0.174274 -0.302246
-0.556777 0.384193 -0.564975
-0.788444 -0.424686 -0.0162712
-0.373207 0.739558 -0.29212
-0.135564 -0.406859 0.855623
0.838342 -0.00376514 -0.112922
0.13064 0.742865 0.0857253
0.193064 0.744903 -0.158503
0.0728258 0.669653 0.355111
-0.414601 0.171614 0.749936
0.387906 0.617444 -0.153375
-0.279004 0.110673 -0.765603
0.40279 0.514694 0.267018
-0.72863 -0.550055 0.223089
-0.812052 -0.0926866 -0.384002
-0.648393 -0.651444 0.212195
-0.474712 -0.407096 0.740475
-0.209317 0.751904 -0.39298
0.874285 -0.0995645 -0.0738206
-0.0626419 0.210165 -0.763283
0.510993 0.490914 -0.2955
-0.685985 -0.254006 0.586415
-0.87871 0.0194198 -0.162805
-0.436746 0.542856 0.478823
-0.00452057 -0.828341 -0.300732
-0.427942 0.572131 0.448182
0.0769651 -0.864942 -0.17612
-0.313027 -0.77822 -0.157195
0.596159 -0.0919191 0.485208
-0.678571 -0.561772 0.345978
-0.135044 -0.768561 -0.363543
-0.78961 -0.468769 0.0824131
-0.01967 -0.869506 0.143153
-0.66361 0.0878804 -0.568348
0.62444 0.415657 0.0980463
0.402277 -0.769794 0.144274
-0.0231575 -0.598359 -0.660741
-0.65681 -0.613024 -0.057978
0.211546 -0.672921 -0.58055
-0.741871 0.372521 -0.374519
0.604258 -0.0202722 -0.589552
0.149235 0.215744 0.766561
0.643466 0.340803 -0.27294
0.213024 0.584095 0.413473
0.0345934 -0.130192 -0.787788
-0.313444 -0.409714 0.829063
-0.612083 -0.650674 0.331326
0.513368 -0.668446 0.210766
0.860911 -0.0666341 -0.0933017
-0.650319 0.0468102 0.63889
0.654317 0.3724 -0.169659
0.2746 -0.513525 0.607033
-0.175252 -0.663104 -0.559588
-0.216646 0.41649 -0.680372
-0.800551 0.00570103 0.445834
0.208122 -0.62639 -0.633934
-0.842776 -0.133054 -0.251621
-0.867214 0.006236 0.00466365
-0.316304 -0.631546 -0.511542
0.11987 0.620063 -0.49049
0.0647719 -0.414535 -0.792829
0.159238 -0.0513967 -0.769096
0.581917 -0.610367 -0.288143
-0.45118 -0.265527 -0.663176
0.144588 0.176372 -0.748852
-0.345508 0.795579 0.00275128
-0.237425 -0.204956 -0.780661
0.567349 -0.389106 -0.533673
-0.478414 0.572212 0.388711
0.152464 0.600123 0.432087
0.793754 -0.272904 0.0925628
0.0683203 0.376465 0.684623
-0.231894 -0.691597 -0.471087
-0.274184 0.829187 0.0230591
-0.0755081 -0.147975 -0.78859
-0.804076 0.385553 -0.082738
0.0377102 0.590133 0.497836
-0.29646 0.504681 0.584087
0.365844 0.577893 -0.347342
-0.740961 -0.532644 0.0612248
0.668356 -0.563152 -0.0789442
-0.209555 0.175541 0.843172
-0.244357 -0.610332 0.690039
-0.500491 0.080731 -0.703355
0.788456 0.135965 -0.123226
0.00771674 -0.533863 -0.713694
0.176144 -0.31138 -0.767571
0.308869 -0.647183 -0.54911
-0.15647 -0.663523 -0.569541
0.631031 -0.0458824 0.439202
-0.355234 -0.265409 0.863705
0.785108 -0.392331 -0.17015
0.125304 0.715519 0.171712
0.0648522 -0.840064 0.310437
0.242016 0.0691009 -0.745803
-0.0596667 -0.101415 -0.785359
-0.745094 -0.11382 -0.471152
-0.803543 -0.251686 -0.261312
0.822748 0.0512946 -0.105352
-0.184892 -0.850007 -0.0538867
-0.631878 -0.662039 0.00839058
0.352686 0.635446 -0.193885
-0.379988 -0.531108 -0.550191
0.265743 0.716617 -0.0381905
-0.360365 0.212853 0.75509
-0.540218 0.283627 0.599866
0.386801 -0.381775 -0.676923
0.394788 -0.786954 0.0537562
-0.117682 0.279152 0.807701
0.655774 -0.559661 0.0666881
0.362537 -0.362059 0.633865
0.4195 -0.709543 -0.352033
0.142259 0.753221 -0.229232
0.618794 0.158194 -0.538932
-0.0110246 -0.641271 -0.633315
0.706133 0.0692512 0.336191
-0.754751 -0.411296 -0.155681
-0.835626 -0.233991 -0.160645
0.460449 -0.281983 0.584717
-0.817453 0.267795 0.165911
-0.745728 -0.233046 0.502625
0.791594 -0.263911 -0.304309
0.534378 0.425788 -0.356252
-0.486872 0.695728 0.110728
-0.655627 0.00427135 -0.576765
-0.262569 0.834527 0.0220383
-0.726354 0.456939 0.125273
0.427005 0.0527323 0.612958
0.787449 0.0364865 0.239296
0.16385 -0.82039 0.263136
-0.0425027 -0.87533 -0.071616
-0.381164 -0.737033 -0.197209
-0.793359 0.0156075 0.455964
-0.420283 0.444774 0.581963
-0.328012 -0.188998 -0.750186
-0.817704 -0.358742 0.172289
-0.463783 -0.18375 -0.675488
-0.255329 -0.411137 -0.707662
0.120995 0.00503444 0.831606
-0.257453 -0.258987 -0.773082
-0.763103 -0.0455594 -0.451272
-0.319579 0.0907041 0.832406
0.403759 0.606223 0.0844857
0.439074 0.0514182 0.602622
-0.420491 -0.678849 0.508863
-0.0664116 -0.849523 -0.222646
-0.171622 0.28395 0.796441
0.133838 0.253724 -0.73742
-0.595597 0.337766 -0.55503
-0.299808 0.615393 0.476224
0.41776 -0.774964 -0.0555448
0.241516 -0.809704 0.207634
0.1146 -0.107708 0.840334
-0.186097 0.493807 0.622808
-0.834414 0.030175 0.37127
0.264609 -0.825183 -0.256304
-0.533575 0.626733 0.207596
0.595215 0.440187 -0.19684
0.529314 0.312903 -0.49023
-0.229389 -0.788672 0.45042
0.308439 -0.810487 0.0372239
-0.625778 0.198622 -0.583438
-0.449698 0.729429 0.0998443
-0.511581 -0.739451 0.236723
-0.244009 0.188109 -0.755576
-0.235694 0.74973 -0.380298
-0.519018 -0.595185 -0.318457
-0.113065 -0.755454 -0.413984
-0.83859 0.171007 0.215237
-0.129371 -0.861337 0.316725
-0.318173 -0.830046 0.13212
0.302925 -0.46886 0.620398
-0.338434 -0.503676 0.760494
0.707332 -0.337334 0.274519
-0.0145333 0.299626 -0.751383
0.16159 -0.85542 -0.154922
-0.687131 -0.552084 0.340768
0.182454 0.594687 0.41839
-0.219239 0.718254 -0.436206
0.578845 -0.115714 0.50828
0.573969 0.348481 0.272777
0.283258 -0.48906 -0.690878
-0.0565418 -0.636045 0.697416
0.304771 0.48717 0.441309
-0.00682058 -0.873421 -0.0628361
-0.451284 0.50676 -0.547991
0.199567 -0.0888001 -0.76174
0.367708 -0.791161 0.108145
0.376187 -0.354284 -0.687564
-0.666257 0.39303 0.338165
0.454285 -0.652607 0.295732
-0.0316207 -0.821831 0.456249
-0.395388 -0.627349 0.62443
0.567629 0.418306 0.178094
-0.598892 0.211971 0.589023
0.854855 -0.00533807 0.050011
-0.789721 0.278047 -0.331295
0.748706 -0.0570424 -0.385671
-0.20324 -0.725275 -0.412564
-0.143627 0.113108 -0.769819
0.609431 0.43788 -0.15073
0.124018 -0.211366 0.832876
0.243275 -0.812522 0.182731
-0.3989 -0.0132912 0.841568
0.0920007 0.284834 -0.736518
-0.684487 0.0210964 -0.547049
-0.0529244 -0.776658 -0.412297
-0.458236 -0.637214 0.55769
0.629129 -0.376988 -0.465547
0.770569 -0.397975 -0.238252
-0.0831764 -0.318465 -0.792219
-0.629334 0.558191 -0.288581
-0.872022 0.173779 -0.142174
0.181578 0.60433 0.400305
0.190364 0.48849 0.546222
-0.157459 0.860532 -0.111492
-0.671537 0.337424 0.386046
0.181932 0.723273 -0.279918
-0.393029 -0.244916 0.860747
-0.61289 0.629653 -0.0846488
0.160545 0.680586 0.234222
-0.0898315 -0.867726 0.360518
0.511364 0.156994 0.507462
0.123391 0.344887 0.697284
0.212148 -0.801388 -0.353409
0.712919 -0.364683 0.250126
0.630015 -0.163154 0.467056
-0.597336 0.639457 -0.108555
0.287146 -0.692906 -0.503765
-0.0889548 0.608771 -0.565309
-0.794736 -0.396645 0.258196
0.667826 0.338059 -0.210694
0.492039 -0.737433 -0.061069
0.453842 -0.364136 -0.649172
0.0515628 0.415869 -0.672805
-0.586457 -0.415688 0.614918
0.476796 -0.558285 -0.523443
-0.269382 0.6832 -0.447257
0.431338 0.539418 -0.339095
-0.868723 -0.0343041 -0.0429085
-0.780552 -0.348171 -0.180042
-0.799814 -0.273898 0.322779
0.198355 0.12712 0.782805
0.249276 -0.790844 0.250548
0.263565 -0.825482 -0.0859637
0.378219 -0.649861 -0.486063
-0.711915 0.0234215 -0.518769
0.606206 0.285227 0.320355
0.732024 0.287305 0.0158483
0.224386 0.562049 0.432203
0.173598 -0.837587 -0.263816
0.228531 0.632778 0.281133
-0.0699798 0.193598 -0.764425
-0.100667 0.283594 -0.748614
-0.181412 -0.724218 0.587543
0.528634 -0.181279 -0.628309
0.28066 -0.626408 0.491907
-0.829945 -0.374516 0.0706981
0.0696436 0.608306 -0.529311
0.643702 -0.26587 0.405123
-0.791185 0.36809 -0.201685
-0.644926 0.340127 0.431119
0.692505 0.267001 -0.250786
0.729219 0.221067 -0.207744
0.401224 0.0341384 -0.712084
0.6641 -0.528284 -0.281558
0.182277 -0.361291 0.796099
-0.641755 0.430533 0.343536
-0.279569 -0.056782 -0.781285
-0.190559 0.139727 -0.767289
0.246273 0.243541 -0.713241
-0.476173 0.523563 0.459472
-0.404362 -0.775491 -0.0679994
0.702611 -0.364568 -0.379918
-0.242548 -0.326189 0.872616
0.121854 -0.756661 0.450327
0.81741 -0.040151 0.192406
0.630702 -0.489719 -0.400345
-0.0228222 0.840096 -0.11403
0.1002 0.0301719 0.841334
-0.484915 0.133532 0.735662
0.735568 -0.422314 -0.320746
0.295977 0.613144 0.248445
0.358251 -0.0927118 0.69497
-0.531603 -0.543623 0.594023
-0.666557 -0.195423 -0.535422
-0.704031 -0.583291 0.0709393
0.451002 0.489144 0.237172
0.44244 -0.734933 0.165177
-0.319907 -0.237332 0.880058
0.162767 0.695394 -0.354057
0.827875 0.0261194 0.140374
0.751353 0.141021 -0.276638
0.446334 -0.114602 -0.687576
-0.668249 0.49577 0.216097
0.731758 -0.453302 -0.250525
0.192689 0.759254 -0.0696796
-0.808092 -0.368208 0.212916
-0.0537485 0.0161051 0.919222
0.230553 -0.753219 0.346727
-0.291794 -0.7028 -0.384924
0.117497 0.752941 0.0705791
-0.413652 -0.788017 0.23843
-0.811517 -0.4138 0.162657
0.57234 -0.176668 -0.588532
0.0550999 0.800604 -0.00513571
-0.821052 -0.151759 0.306987
0.559937 -0.68319 -0.119055
0.435934 0.254445 0.548109
0.489761 -0.302727 0.546965
0.235788 -0.830442 0.00201685
-0.359369 -0.399985 -0.656496
0.41235 0.548732 0.202888
-0.724133 0.119485 0.510151
0.141834 0.655407 0.317086
-0.0672647 -0.587192 0.741004
-0.84426 -0.205778 0.0849993
0.277086 -0.557623 -0.661584
-0.116614 0.0514615 -0.774297
0.250492 -0.819483 0.105008
0.583471 -0.652051 0.0864201
-0.0123525 -0.719088 0.620242
-0.653523 -0.528591 -0.21053
-0.303315 -0.066012 -0.77895
0.0611605 -0.221922 -0.793713
-0.174609 0.801508 -0.306916
0.552207 -0.554986 0.317973
-0.0623246 0.50075 0.603887
0.338757 -0.465896 -0.674014
-0.517499 -0.579008 0.574873
0.486918 -0.646939 0.271766
-0.436359 -0.639513 0.570205
0.543164 -0.632569 0.234834
-0.615281 0.284725 -0.560621
-0.674395 -0.536022 -0.170524
-0.327422 -0.572256 0.71003
0.735764 0.248949 -0.112384
-0.16698 -0.828926 -0.173693
0.20736 -0.63675 0.546315
0.0675562 -0.615943 -0.656627
-0.355816 -0.418873 0.815833
0.260871 0.0849029 -0.74042
-0.627499 -0.101761 0.689529
-0.55654 0.174579 0.651334
0.674055 0.164118 0.344653
0.508808 0.12149 -0.672147
0.321062 -0.805331 -0.298891
0.416532 -0.771778 -0.138991
0.482753 0.157197 0.535472
0.112539 0.716632 0.18242
-0.271472 0.359301 0.718195
-0.481295 0.671961 -0.297118
0.00213623 0.665806 0.409155
-0.0994451 0.831418 -0.254992
0.365087 -0.160727 0.684385
-0.175157 -0.825633 0.423001
0.727918 -0.345175 0.233658
0.245919 -0.805469 0.217606
0.627354 -0.0310395 0.439209
-0.509055 0.0638951 0.758677
0.0170264 0.819467 -0.0185551
0.25 -0.766885 -0.408672
-0.482768 0.623202 -0.370916
-0.390211 0.751594 -0.262841
0.417766 -0.506368 -0.61927
-0.518552 -0.203231 -0.63918
0.0514276 -0.843802 0.307295
-0.311615 -0.797458 -0.10633
0.334954 0.654911 0.0832869
0.821532 0.097294 -0.0289667
0.588304 -0.226073 0.495272
0.680744 -0.210406 0.376439
-0.310562 -0.819353 -0.000212345
0.36175 -0.245131 -0.708001
0.855685 -0.0156288 -0.0316026
-0.402569 0.614734 -0.442388
0.114041 -0.848567 -0.240212
-0.296235 0.725231 0.306146
-0.273581 0.0507514 -0.773695
-0.240257 -0.773326 -0.247496
-0.707956 0.148095 -0.522437
0.345388 -0.0228822 -0.726788
0.68286 -0.396301 0.28258
0.268443 -0.524591 0.602303
-0.647141 -0.277861 -0.496741
0.24076 -0.100077 0.77251
-0.782829 0.422078 -0.121633
0.231314 0.320209 0.659492
-0.159498 0.84249 0.0865429
0.0511758 -0.866036 0.12192
-0.0558316 -0.688859 0.646956
-0.0547397 0.718655 0.339862
0.129898 -0.67779 0.561919
0.0728189 0.520706 0.555796
-0.00671088 -0.602005 -0.662094
0.0281449 -0.825488 -0.305583
0.114535 0.381998 0.666931
-0.878386 0.0179276 -0.163493
-0.148474 -0.759485 0.548988
0.730492 -0.456495 -0.244697
0.447 -0.68486 -0.355942
-0.286753 -0.364283 0.850136
-0.655955 -0.421068 0.529718
-0.136812 -0.269691 -0.788532
-0.0292991 0.0906148 -0.771887
-0.477523 0.541371 -0.486226
-0.769347 -0.465144 -0.00629102
0.824371 -0.0633452 -0.210039
0.261698 0.584303 0.360213
0.668762 -0.210344 -0.465988
0.613322 -0.227824 0.46817
-0.339936 0.0782684 -0.766451
-0.248428 -0.145417 0.916033
0.19885 0.188518 -0.736268
0.763061 -0.403801 -0.258338
-0.449109 0.726066 -0.237473
-0.400712 0.69314 -0.335634
0.123605 -0.861348 -0.0536214
-0.381828 -0.811667 0.208282
0.378743 0.326572 0.544296
0.325555 0.66586 -0.1327
0.46625 -0.751498 0.048829
-0.183688 0.789923 -0.327389
0.317982 -0.401608 0.654628
-0.2898 -0.715997 -0.351115
-0.30476 -0.703045 -0.37054
-0.488611 -0.772022 0.046962
0.745018 -0.140276 -0.390218
-0.0953075 -0.867219 0.206201
-0.445436 0.723011 -0.250615
-0.873582 0.090334 -0.231944
-0.391609 0.611201 -0.455434
0.254497 -0.147358 0.763633
-0.793158 -0.205488 -0.347467
0.765074 -0.0530903 -0.354907
0.0916241 0.762225 0.0716816
-0.306744 -0.6976 0.561224
0.277543 0.0113983 0.74216
-0.71634 0.0673011 -0.514062
-0.283142 0.807259 -0.190384
-0.210961 -0.215609 0.907869
-0.714693 -0.153535 0.605849
-0.850108 0.0104337 0.213056
-0.560068 -0.738623 -0.00308121
0.531845 -0.64849 0.226788
0.647717 -0.24826 0.407671
0.636182 0.311985 0.231738
0.125828 -0.827213 0.284451
0.557742 -0.124722 0.531485
0.291476 0.244753 -0.701936
-0.451656 -0.197159 0.829564
-0.823792 -0.273279 -0.16958
-0.788523 -0.410319 0.278931
0.130195 -0.732375 0.484702
-0.730698 -0.521143 -0.0288274
0.73648 0.0803809 0.301575
0.796547 -0.0298834 0.242428
-0.0361754 -0.584202 -0.667635
-0.265342 -0.488737 -0.66789
-0.190511 -0.823854 -0.162605
0.240355 0.368528 0.620953
0.446513 0.0565619 -0.698981
0.658999 0.232035 -0.399672
0.132688 -0.847064 -0.239575
0.158808 0.740112 -0.25572
0.218066 0.0361992 0.777508
-0.352576 -0.714845 -0.287841
-0.775411 0.275543 0.25696
0.0651882 -0.167993 0.86622
-0.874954 0.00704082 -0.0876542
0.359094 -0.473102 -0.663484
0.306388 0.154591 0.691651
0.21986 -0.294124 0.777285
-0.715988 -0.169852 -0.48583
-0.740604 -0.236309 0.514456
-0.610466 -0.443458 0.569913
-0.284903 -0.825124 -0.0147796
-0.230798 -0.783404 0.459186
-0.438549 0.0333451 -0.736608
0.792124 -0.248363 -0.308763
-0.16779 0.107432 -0.770121
-0.671559 -0.625474 0.199757
-0.26915 0.0755555 0.861002
-0.451229 -0.738526 0.338301
-0.667069 0.513255 0.178383
-0.508617 0.636517 0.245927
0.773677 0.223223 0.109862
0.581745 -0.586296 0.243954
0.0566666 0.548902 0.534393
-0.177314 0.301896 0.786726
-0.0410938 -0.15412 -0.789168
-0.118713 0.831112 0.0890775
-0.784953 -0.274637 -0.277111
-0.624789 0.602541 0.0340274
0.141069 -0.668554 -0.602769
-0.678708 -0.0595321 -0.551959
-0.851088 0.23463 -0.163289
-0.166743 -0.60993 0.703649
0.569608 0.32559 -0.427053
-0.404216 -0.697623 0.486274
0.826278 -0.232792 0.0199304
0.804827 0.16865 0.0620705
-0.35113 0.784476 -0.19514
-0.763721 -0.363942 0.410509
-0.2703 -0.276847 -0.760362
-0.393468 -0.764832 -0.108534
0.525676 -0.0686116 -0.651961
-0.647053 -0.242065 0.64689
-0.7743 0.0629076 -0.438684
0.674655 0.30754 0.174667
0.461559 0.460597 0.26484
-0.728937 0.24267 -0.49767
-0.213184 -0.814703 -0.163526
-0.759264 0.277137 0.290467
-0.557692 0.289811 -0.598366
-0.626524 -0.465449 0.537621
0.849372 -0.0106242 -0.0599543
-0.157853 -0.5094 0.782282
-0.488573 -0.692859 0.427071
0.601609 -0.118172 -0.568389
-0.429484 -0.645381 -0.353412
0.106554 -0.175547 0.843449
0.274584 -0.560891 0.563624
0.694669 0.248757 0.228381
-0.848127 -0.123724 0.122175
0.142627 0.419276 -0.640301
0.106778 0.575755 0.497794
-0.04306 0.399012 0.694872
-0.781066 0.336551 -0.295803
0.188576 -0.207126 -0.769084
-0.789968 0.408389 -0.124167
0.154005 -0.85746 -0.1007
0.684961 0.302527 -0.217763
-0.0877125 0.494756 0.612639
0.517442 -0.6873 -0.25792
0.679713 -0.431699 0.270051
0.478242 0.00529767 0.57857
-0.814284 -0.0659131 0.388176
-0.45665 0.537414 -0.505631
-0.433112 -0.331428 -0.645866
-0.667762 -0.124358 -0.550656
-0.14708 -0.8146 0.46308
0.335874 -0.480938 0.584924
0.00401766 -0.714023 0.617053
0.431168 -0.679385 0.27442
0.706413 -0.0406292 0.357029
0.125933 -0.537074 0.70491
0.254045 -0.777787 -0.388867
-0.259787 0.655883 0.447635
-0.389361 0.76496 -0.242147
0.845205 -0.107871 -0.16122
-0.734781 -0.177541 -0.460803
-0.201066 -0.806727 -0.198053
-0.0610603 0.310181 -0.74559
-0.784379 0.327851 -0.294239
0.715977 -0.333545 0.263359
0.130318 -0.793479 -0.379724
0.629923 0.434251 0.047605
-0.219015 0.478172 -0.638616
0.451904 -0.755324 -0.166182
0.708221 -0.380582 -0.367817
-0.0260411 0.239629 -0.761348
-0.733799 0.016023 -0.492329
0.724545 -0.437717 0.110843
0.0028552 0.708804 -0.474786
-0.611841 0.605349 -0.210949
0.295283 0.557624 0.353035
-0.704933 0.218519 -0.520994
0.0958618 0.414909 -0.659687
0.473398 -0.356695 -0.636409
0.125194 0.573881 0.489524
0.248186 -0.419123 0.702973
0.0249653 -0.310232 0.870478
-0.344155 0.459412 0.60714
0.0319351 0.739521 -0.386707
0.0701199 0.0215886 -0.775231
-0.171923 -0.854671 0.13533
-0.78549 -0.0321733 -0.421326
0.831294 -0.150345 0.0881319
0.0949104 -0.830875 -0.286835
-0.328468 0.531475 -0.581029
-0.232439 -0.791249 0.443258
0.5539 -0.533917 -0.455589
-0.154801 0.426384 0.691754
0.359837 -0.73165 -0.387758
0.4344 -0.157512 -0.688816
0.356653 -0.313168 -0.703399
-0.15684 -0.490357 0.79547
0.632996 -0.436851 0.328367
-0.0056066 -0.79793 -0.3785
0.510418 0.0326598 -0.669771
-0.203907 -0.0202472 -0.779012
0.314969 -0.10803 0.724671
-0.0802076 -0.761243 0.573478
-0.426806 0.249925 -0.687633
-0.259784 -0.306782 0.874162
-0.128574 0.629226 0.473126
-0.752465 0.069113 0.510271
0.704053 -0.460711 0.135563
-0.721769 -0.455763 -0.178165
0.761553 0.0841775 -0.331798
-0.271318 -0.244041 -0.768865
0.456415 0.123639 0.56783
0.251505 0.619556 -0.388216
-0.539171 0.610667 0.239033
0.519946 0.209587 0.485618
0.090694 -0.865718 -0.158278
0.171208 -0.374101 -0.760897
0.015802 -0.871104 -0.017819
0.467689 -0.684473 -0.329146
0.818329 0.0844532 0.141361
0.677551 -0.232343 0.370543
-0.617897 0.19407 0.58205
0.707152 0.219063 0.251589
-0.41076 0.275808 0.70032
-0.68188 0.401422 0.301407
-0.537116 0.0195091 -0.670873
-0.6189 -0.6869 0.144811
0.285098 -0.636226 0.476539
-0.585097 -0.509396 0.556184
-0.582186 -0.381023 -0.482057
0.844829 -0.211779 -0.0304875
0.562075 0.295953 0.36758
-0.824366 -0.408804 0.0938776
0.779489 -0.376149 -0.237921
-0.7406 -0.181342 -0.452551
0.625158 -0.499611 0.289894
-0.86261 -0.0510553 -0.200554
0.176146 0.210112 -0.737325
0.0504792 -0.534338 -0.718398
0.308817 0.586656 0.291096
-0.427298 0.636851 -0.393447
-0.864204 0.150497 -0.00580586
0.542638 -0.356135 0.468475
0.473997 0.342079 -0.526107
0.106243 -0.703749 -0.563069
-0.43143 0.748467 -0.190525
-0.0989427 -0.523204 0.780972
-0.48349 -0.31777 -0.62394
-0.250909 -0.841028 0.283746
-0.394385 -0.752226 0.369525
0.760064 -0.00679375 -0.356072
0.284602 -0.819307 -0.0985986
0.335126 -0.802466 0.0597233
0.466197 -0.74679 -0.219511
0.557171 0.210086 0.448956
-0.0918081 0.344054 0.756723
-0.825019 -0.35603 0.135704
0.553517 -0.0813845 -0.626696
0.344291 -0.472484 -0.669867
0.060044 -0.557028 0.729374
0.195811 -0.32792 0.790315
-0.849687 0.23204 0.0115147
0.405904 -0.489858 -0.636628
-0.85754 -0.0909096 0.0501974
0.809616 -0.139465 0.173836
-0.432865 -0.220107 0.843245
0.206495 -0.322578 0.784496
-0.387936 -0.60395 0.670778
0.759777 -0.127715 -0.370273
0.762218 0.167072 -0.176648
0.109037 -0.549932 -0.707726
0.407058 -0.608585 0.39377
0.254947 -0.283508 0.753282
0.565279 -0.632764 -0.276763
-0.312366 0.0132769 -0.776187
-0.347491 -0.667943 -0.420401
0.617943 -0.296593 0.424574
-0.856859 -0.212959 -0.044641
-0.455682 -0.311223 -0.642269
-0.804163 0.228651 -0.328272
0.269702 0.627926 0.248834
0.0866453 0.435743 0.627145
0.511053 -0.594225 0.311206
0.792833 -0.146107 0.224849
-0.431742 0.634922 0.351659
0.548915 -0.683952 0.0725149
-0.113648 0.457809 0.654431
-0.696674 -0.232132 0.584559
0.293246 -0.323057 -0.725201
0.563781 -0.38729 -0.53864
0.364213 -0.425495 -0.674532
-0.198398 -0.249964 -0.783004
-0.187986 -0.658856 0.653172
0.222643 -0.831093 0.0366487
-0.501628 0.305192 0.617766
-0.198268 -0.760451 0.521964
-0.069922 -0.144645 -0.788377
0.418078 0.610058 -0.0737912
-0.753763 -0.433615 0.370967
0.426782 0.427944 0.362359
-0.218851 0.304381 -0.732892
-0.606733 0.56195 -0.320047
0.171477 -0.6847 -0.573816
0.130339 0.781286 -0.0543174
0.704476 -0.0964405 0.368617
0.646137 -0.40621 -0.434219
0.471807 -0.339697 -0.644625
0.432037 0.573487 -0.200829
-0.555704 -0.661659 -0.149918
0.720326 0.252253 0.180259
-0.220841 0.819277 -0.230057
-0.469263 0.0696313 0.77456
-0.851793 -0.000399526 0.184958
-0.5296 -0.592878 -0.306747
-0.653921 -0.405672 0.541539
0.038835 -0.160306 0.880811
-0.843017 -0.262375 0.0454363
-0.252723 -0.824806 0.332777
0.835256 -0.247015 -0.041341
-0.141291 -0.611678 -0.623108
0.76646 -0.291281 0.16781
-0.826297 -0.367056 0.0203599
-0.24934 -0.431355 0.823102
0.373148 0.165461 0.6299
-0.328564 -0.51931 0.750421
0.78275 0.193385 -0.0169106
0.257463 0.326576 -0.66595
0.67428 -0.309715 0.337724
-0.813822 0.273819 -0.25209
-0.492522 -0.117769 0.796761
-0.0933725 0.798159 0.159692
0.299856 0.184592 -0.71703
-0.633743 0.40301 0.386347
0.320883 0.675816 0.000857732
-0.311832 -0.419868 0.822329
-0.743056 -0.501055 0.281137
0.680856 -0.0358285 0.386192
-0.196613 0.680016 -0.505401
0.73991 -0.40987 -0.319526
-0.0757713 0.656312 0.432115
-0.66515 -0.614895 -0.00646618
-0.612649 0.0200735 -0.617208
-0.228523 -0.561777 -0.637107
-0.127539 -0.861643 0.315409
0.864706 -0.168231 -0.0527198
0.506801 0.554302 -0.0298495
0.572233 0.279211 -0.474316
0.498156 0.0130451 -0.674394
-0.84932 -0.246161 -0.0541744
0.00432216 -0.872436 -0.0499315
0.0750567 -0.301908 0.855252
0.0133274 -0.499336 -0.739433
-0.187512 0.794475 0.221632
-0.836705 0.3104 -0.123936
-0.0733527 0.416313 -0.694333
0.069101 0.799092 -0.0230667
-0.726167 -0.0857647 0.590065
-0.7584 0.0304941 -0.459416
-0.69908 -0.572378 0.263941
-0.328684 -0.392981 -0.676623
0.484187 -0.688796 -0.300204
-0.223573 0.813391 -0.257065
-0.828653 -0.35122 0.104605
0.479194 -0.482826 0.461044
-0.74763 -0.101397 0.544566
-0.316108 -0.735417 -0.270429
0.672488 -0.161145 0.412889
-0.315472 -0.0728245 -0.777477
0.320651 0.577232 -0.39003
-0.262025 -0.107584 -0.781645
0.157576 -0.755604 -0.458279
-0.472393 0.545352 0.433406
0.483889 -0.177164 -0.663997
0.209647 -0.665147 -0.594349
-0.265201 -0.398462 0.843445
-0.643511 -0.539861 -0.213259
-0.537365 0.663371 -0.214158
0.480896 -0.56668 -0.504278
0.60776 -0.634957 0.0198256
-0.540233 0.0510495 -0.672277
-0.0385503 -0.875589 -0.090924
-0.325387 0.0495273 -0.772165
-0.576665 0.0569809 0.70365
-0.694544 -0.547468 0.328496
0.428158 0.434156 -0.480451
-0.316909 -0.106812 -0.773443
-0.743973 0.399875 -0.324122
-0.503805 0.447026 0.518806
-0.626155 0.379785 -0.515899
-0.680984 -0.496066 -0.204081
-0.410044 -0.653356 -0.365447
-0.205949 -0.644377 -0.563667
-0.708712 -0.165024 0.607367
0.0120734 0.727514 0.260473
-0.689776 -0.559157 -0.101229
-0.0376241 0.00179648 0.913514
0.422804 -0.693777 0.257501
0.539377 0.107997 -0.643378
-0.286268 -0.52669 -0.641066
-0.851565 -0.0103207 0.180485
0.670332 -0.219238 -0.461921
0.249228 -0.289815 -0.743812
-0.514587 -0.354519 0.731282
-0.100769 0.781024 0.212157
0.582439 -0.39322 0.408821
-0.849478 0.187736 0.0819797
-0.384892 -0.505451 -0.568298
-0.622334 0.0973435 0.636434
0.468356 0.122608 -0.693579
0.239595 0.398104 -0.620403
0.554515 -0.304961 -0.577797
0.664371 -0.028811 0.401843
-0.689457 0.466251 -0.344922
0.081432 0.324604 0.726838
0.356586 0.609262 -0.292226
-0.173905 -0.0368601 0.914401
-0.586919 0.0130191 0.710481
0.0790792 0.791287 -0.185151
-0.811581 0.351767 -0.153777
0.639604 0.366166 -0.243949
0.430428 -0.148515 0.636306
-0.618949 -0.633345 0.349628
0.473062 0.305062 0.480193
0.173262 0.752379 -0.165908
-0.370136 -0.616511 0.660154
0.0846984 0.579973 -0.544449
-0.337966 -0.385258 -0.674885
-0.178193 -0.56161 -0.649543
0.1944 -0.71256 -0.519053
0.412901 -0.561198 -0.571401
-0.376152 0.635174 0.401049
0.217477 -0.184434 -0.761756
-0.826814 0.341059 -0.115125
0.74771 -0.454221 -0.129911
0.277321 -0.583527 -0.639783
-0.477214 0.223987 0.687489
0.646531 0.127906 0.380975
-0.617285 0.422686 0.395645
-0.294085 -0.329925 0.85919
-0.0382705 -0.875398 -0.0829852
0.275403 0.57908 0.348877
-0.317175 -0.830221 0.125861
-0.645265 0.605476 -0.0695308
-0.851881 0.24886 -0.0682256
-0.0932513 0.328369 0.771046
0.54007 -0.354214 0.472063
0.205497 0.578953 0.42524
-0.570051 -0.0711049 -0.63365
-0.544613 0.659091 0.0741336
-0.733359 0.081089 0.531422
0.340939 -0.80267 -0.176859
-0.825639 -0.241764 -0.206536
-0.333599 0.642383 0.424859
-0.739233 -0.13937 -0.469051
0.173773 0.225909 -0.7353
0.611349 0.440612 -0.129669
0.084232 0.800935 -0.0898762
0.653049 -0.101334 -0.511653
0.3568 0.298069 -0.650528
-0.542708 -0.700784 0.31489
0.0290528 0.639066 -0.521705
-0.758184 -0.45954 0.312091
0.831032 -0.292372 -0.0911847
0.812917 0.151854 0.0749595
-0.258797 0.231232 0.793301
0.363579 -0.330028 0.649406
0.319363 -0.587506 0.498917
0.548254 -0.428783 -0.538252
-0.761707 0.421572 -0.213044
0.428079 0.365805 -0.548188
-0.266546 0.639998 0.462536
-0.398533 -0.0562344 -0.742173
-0.389754 -0.664694 -0.372875
-0.798666 0.368292 0.0667597
-0.573605 -0.364136 0.662527
-0.838029 -0.0484596 -0.333065
-0.240917 -0.842905 0.271826
-0.644838 -0.118954 0.676146
0.058471 -0.866913 0.056505
0.674147 0.189618 -0.421034
0.626106 -0.454302 0.327747
0.617358 0.431389 -0.138306
-0.417359 -0.798374 0.0829304
0.0536972 -0.630694 -0.645114
0.351235 0.643741 0.0853273
0.0774422 0.68297 -0.447431
-0.148844 -0.394442 -0.749374
0.155664 0.494698 -0.580668
0.194392 -0.838915 0.0220957
0.118083 -0.498368 -0.747163
-0.452736 0.735588 0.0703737
-0.190234 -0.840369 -0.113294
0.820598 -0.0609429 -0.220351
0.787778 -0.381079 -0.0562245
0.43948 0.163673 -0.690305
0.0148215 0.336003 0.735213
-0.0347105 0.154911 -0.767311
-0.401883 0.0308097 0.821576
-0.559092 0.17855 0.646539
0.726523 0.265005 0.150454
-0.594855 0.42224 0.436448
-0.199556 -0.195827 0.914057
0.508014 -0.692564 -0.262454
0.203259 -0.486299 0.684698
-0.307727 0.223981 0.774354
0.366185 0.524915 0.302831
-0.842221 0.0366987 0.326421
-0.755397 -0.299885 -0.302955
-0.749467 -0.531376 0.100943
-0.284076 -0.705659 0.563579
-0.101629 -0.866779 -0.114346
0.0277242 -0.778368 -0.425984
-0.742208 -0.023651 -0.480031
-0.640375 -0.646059 0.28476
0.40816 -0.423841 0.55991
-0.29193 -0.378351 -0.70349
-0.0391544 0.831711 0.0111505
0.793838 -0.187125 0.179623
-0.452503 0.74306 -0.00908417
0.417145 -0.709063 -0.35594
0.0493774 0.67467 0.367589
0.361509 -0.763561 -0.326177
-0.686047 -0.528647 -0.160369
0.585643 -0.617391 -0.270175
0.548386 -0.244854 -0.599442
0.670846 0.35194 0.114954
0.0501112 -0.846511 0.289063
0.224002 -0.413784 0.726202
-0.782393 -0.0412947 0.477779
0.4958 -0.255032 -0.641634
-0.579075 -0.491864 0.574449
-0.0465861 0.0110939 -0.777446
0.406696 0.58686 -0.226285
0.163513 -0.480234 0.720714
-0.207815 -0.848688 0.0786953
0.660199 0.287141 -0.310891
0.82881 -0.283453 -0.16906
0.561386 -0.682043 -0.137522
0.309513 -0.137412 0.726209
0.110136 0.756182 -0.276694
-0.545495 -0.416871 -0.491631
0.601891 -0.189671 0.501442
0.194046 -0.419876 -0.742334
-0.521932 0.466846 -0.548038
0.746295 -0.0445236 0.31092
-0.746247 -0.40827 -0.18293
-0.706591 0.0807808 -0.524067
-0.858448 0.122488 0.0942338
-0.63823 0.54084 0.176733
0.0189975 0.0143172 0.884847
-0.415206 -0.692486 -0.282438
0.728917 0.147511 -0.330478
0.0435837 0.115873 0.85138
0.468853 0.567756 -0.105052
0.0669316 -0.863765 0.101059
0.538941 -0.679639 0.123667
0.786069 0.101304 -0.215463
-0.673185 0.48988 -0.344133
-0.633181 -0.0462707 0.679358
0.0292936 -0.159775 0.886027
-0.662541 0.54853 0.0895502
-0.212602 0.369806 0.736386
0.355333 0.0780997 0.669248
0.679184 0.212683 0.307271
-0.108507 0.365492 0.742132
-0.0223744 0.320247 -0.741216
-0.0969607 -0.488427 0.805074
0.16394 -0.379032 0.800736
-0.211391 -0.673591 0.635072
0.242722 -0.759343 -0.42385
-0.0512887 -0.874718 -0.0270612
-0.314352 -0.830421 0.237919
0.0348152 -0.800629 -0.368589
0.704336 0.069855 -0.450358
0.373136 0.641365 -0.0789461
-0.478211 0.587104 0.368096
-0.73633 -0.457899 0.377341
-0.058652 -0.318249 -0.794708
-0.571 -0.194931 -0.610618
-0.694061 0.331277 0.351877
-0.0200036 0.841443 -0.0913476
-0.851782 -0.239069 -0.0511876
-0.388015 0.111253 0.792229
-0.277059 0.118152 0.83948
0.508338 0.0562797 0.536029
-0.285186 0.362531 -0.699538
-0.847712 -0.0621831 0.182451
0.360531 0.632274 -0.180188
0.605954 0.121662 -0.568574
-0.015434 -0.811385 -0.344863
-0.174728 -0.8541 0.199524
-0.84923 -0.140725 -0.202463
-0.155808 0.842682 0.0836924
-0.343947 0.659493 -0.424362
0.425439 -0.761845 -0.246411
-0.297499 0.440731 -0.648059
-0.0989767 0.460724 0.649958
0.48234 -0.62119 0.306745
0.572729 -0.667169 0.0345543
-0.705349 0.523231 -0.220505
0.759351 -0.236469 0.241807
-0.801621 0.0414121 -0.399667
-0.798229 -0.258901 -0.26486
0.34618 -0.414807 -0.684759
-0.157893 -0.726654 0.593368
-0.213126 -0.721892 0.574955
-0.172716 -0.246324 0.908164
-0.534253 -0.678435 0.40734
-0.590076 0.425132 0.44206
0.572684 -0.589086 -0.339272
-0.72233 0.170037 0.464435
-0.135068 0.125513 0.873033
-0.524421 -0.236437 0.775757
-0.00701113 -0.792474 -0.392542
0.241249 -0.617117 -0.630307
0.461904 -0.61848 -0.444742
-0.446781 -0.305328 -0.649815
0.479636 0.236081 0.516972
0.197967 0.757519 -0.0715311
0.851063 -0.0960474 0.0695478
0.345982 -0.662475 -0.496785
-0.320672 -0.678534 -0.420418
-0.813762 -0.286146 -0.182941
-0.564517 0.256382 -0.605725
-0.791808 -0.434464 0.0137161
-0.875817 0.157945 -0.1476
-0.0484294 -0.868963 0.223891
-0.300066 0.811702 -0.102597
-0.436827 0.618414 0.372921
-0.868278 -0.117767 -0.0982234
0.520218 0.277064 -0.539951
-0.115969 -0.513866 0.785015
0.149267 -0.76746 0.401792
0.260621 -0.286984 0.748571
0.372504 0.627143 0.0914867
-0.567488 0.426799 0.480966
-0.150817 0.151636 0.86065
-0.109807 0.707515 -0.490462
0.345705 -0.620809 -0.552898
-0.192211 -0.311406 -0.774745
0.502551 -0.532901 -0.522146
-0.456209 0.362895 0.618932
-0.397826 0.571675 0.480833
-0.757662 -0.0995508 -0.45736
0.517167 -0.709301 0.0733303
-0.493659 0.655328 0.229364
0.297073 -0.719203 -0.456176
-0.766491 -0.262472 -0.326664
0.0636999 0.649574 -0.496499
0.107053 -0.761969 0.455013
-0.841041 0.0606454 0.358379
-0.611575 0.623463 0.00832739
-0.0271176 -0.861641 0.319786
-0.072949 -0.36905 -0.785465
-0.25022 0.796235 0.181033
-0.166679 0.172951 0.850167
0.812079 -0.138077 -0.26508
0.2321 0.256115 -0.712547
-0.667117 -0.575399 0.35158
0.0366763 0.357677 0.709998
0.123055 -0.789272 -0.391014
-0.0729339 -0.270562 0.913691
0.35739 0.511826 -0.448821
0.064187 0.0381143 0.86007
-0.586093 -0.321806 0.675513
-0.245975 0.432785 0.667592
-0.0815713 -0.117232 0.942655
-0.355592 -0.225733 0.875036
0.392218 0.211104 -0.68759
-0.753791 -0.478261 0.291205
0.466867 -0.701692 0.199102
-0.391628 0.287254 -0.69249
-0.530741 -0.755522 0.018898
0.404419 0.537576 -0.372534
0.0165303 -0.178179 -0.791111
0.713421 0.179346 0.299877
0.371546 -0.773303 -0.294521
0.0491782 0.715524 -0.422278
0.710791 -0.466432 -0.306669
0.373023 0.61042 -0.235262
-0.687005 -0.610266 0.118084
-0.0335723 -0.102139 0.919822
0.124517 -0.791198 0.375207
-0.295406 -0.235316 0.886378
0.0711673 0.610738 0.466552
-0.0461881 -0.629338 -0.633348
-0.291004 -0.834687 0.0717433
-0.207149 -0.403583 -0.726535
-0.515195 -0.22662 -0.635642
-0.436566 -0.682957 -0.276034
-0.703698 0.120688 -0.526917
0.769322 0.205304 -0.0537695
0.76147 0.169651 -0.174221
-0.0475548 -0.846315 0.41148
0.695048 -0.464895 -0.339218
0.226781 0.624715 -0.402317
0.725579 -0.335104 0.244475
0.17719 -0.356499 -0.762102
-0.184945 -0.684008 0.629602
-0.244086 0.833099 -0.0938475
0.358847 0.0257983 -0.721792
0.482645 0.165083 -0.678603
0.639796 -0.587235 0.0561978
-0.647972 -0.340182 -0.426996
-0.33081 -0.0400437 0.882847
0.349874 -0.0582841 0.697389
-0.393878 0.0974369 0.79629
0.296273 -0.73411 0.314091
0.36516 0.507597 0.329963
0.398757 0.569466 0.191162
-0.687419 0.508155 -0.285007
0.49669 -0.502813 -0.549574
-0.792745 0.194656 -0.383841
0.762398 -0.404499 -0.25969
-0.199883 -0.0182346 -0.778886
-0.329217 -0.363878 0.840135
0.319258 0.518057 -0.466456
-0.540253 -0.0460269 -0.658372
-0.0694117 -0.683216 -0.589724
-0.516547 0.406633 -0.584534
0.474173 -0.288313 -0.653366
0.324547 -0.212401 0.708975
-0.630892 -0.253716 -0.548713
-0.604175 -0.562948 0.48542
-0.824958 0.258028 0.160061
0.197452 0.20099 0.75409
0.542746 -0.695031 -0.0303147
-0.868475 0.0461561 -0.241766
-0.856428 -0.153787 0.0136223
0.00531766 0.127138 -0.769444
0.124071 -0.119787 -0.779705
-0.487444 -0.740189 -0.0761853
-0.15487 0.181271 0.848343
-0.874526 -0.0145171 -0.0981861
-0.629933 -0.11404 -0.584424
-0.042782 0.134801 -0.768702
0.152222 0.0615372 -0.765466
0.452329 -0.632324 0.322334
0.84018 -0.141416 0.0666336
0.548976 -0.0598042 0.52424
-0.637122 0.172243 -0.581933
0.480854 0.280401 -0.58427
0.546367 0.0142527 -0.643932
-0.739301 -0.446325 0.389526
0.0560036 -0.66417 0.63098
0.248614 0.262977 -0.705162
-0.329228 -0.303309 0.858893
-0.310012 0.324197 0.721705
0.482049 0.375057 -0.480742
-0.272444 -0.265111 0.883185
0.6019 -0.64121 0.0113534
0.607541 -0.596499 0.145635
0.184094 0.666102 0.245287
-0.834934 -0.329806 0.062804
-0.829695 0.189134 0.234216
0.0631024 -0.664034 -0.618164
-0.108204 -0.811101 -0.281811
0.551488 -0.375973 0.448815
-0.576932 -0.154713 0.732863
-0.682428 -0.232598 0.603851
0.254494 0.297541 0.656132
-0.755452 0.276824 0.297647
0.691395 -0.273412 0.329679
0.108124 -0.174243 0.842632
-0.424199 0.543332 -0.52058
-0.577658 0.586981 0.204933
-0.518579 -0.739073 0.225522
0.515504 -0.713561 0.0243088
0.400702 0.603748 -0.173399
-0.51282 -0.274175 -0.625038
-0.321859 0.670973 0.38357
0.657229 -0.530904 0.130917
0.272801 -0.247888 0.743459
-0.747101 -0.0599944 -0.472565
-0.395858 0.456769 0.588712
-0.349259 -0.0730133 -0.763809
-0.690192 -0.252767 -0.456855
0.0194998 -0.559547 0.74947
0.271861 0.25899 0.666738
-0.32476 0.616319 -0.497219
0.266406 0.535728 -0.482027
-0.506397 0.127368 0.723402
-0.428882 0.699871 0.217016
0.0643598 -0.782404 0.455367
0.382759 0.636549 -0.067303
0.369469 -0.788029 -0.229543
0.744762 -0.458097 -0.12659
0.40051 -0.320844 -0.685265
0.517556 0.411054 0.259642
0.31518 0.314605 0.60085
0.132582 -0.853985 0.0185676
0.548585 -0.393284 -0.553682
-0.720919 0.345 -0.430587
0.231579 -0.671361 -0.576584
0.170523 -0.667916 -0.599214
-0.29715 0.700189 -0.403123
-0.0724654 0.00501453 0.922536
-0.795604 -0.3108 -0.195064
0.420257 -0.494412 -0.622837
-0.758647 -0.350274 -0.235579
-0.00170662 0.60487 -0.556293
0.285989 -0.374679 0.698041
-0.0624308 -0.766703 -0.42873
-0.864385 0.041591 -0.255612
-0.143863 -0.859116 0.238343
-0.874217 0.00383102 -0.0811392
-0.397791 0.77037 -0.0307572
-0.380573 0.223205 0.740478
-0.848469 -0.0500675 -0.293263
-0.456995 -0.761349 -0.0508063
-0.0451912 0.779801 -0.366841
-0.12472 0.327085 0.780589
0.378046 -0.251643 -0.701945
0.844245 -0.0133356 0.111349
-0.756579 -0.228332 0.476788
0.0711652 -0.862064 -0.195301
0.186758 0.649612 0.28364
0.499374 -0.717997 0.105738
0.422107 0.567273 -0.259966
0.140246 -0.810759 -0.33484
-0.34855 0.740192 0.208465
0.381836 0.128527 -0.709756
-0.449691 -0.557191 0.677465
0.4017 -0.18496 0.653752
0.663144 0.0981783 0.371836
0.658297 0.224 0.325104
-0.853621 0.0901233 -0.289744
-0.305959 0.627971 0.462225
0.617461 0.312405 0.262084
-0.359742 -0.0112507 0.857926
-0.630971 -0.353718 -0.438219
-0.0232824 0.259105 0.813747
-0.112169 0.492033 0.617818
-0.575449 0.649187 -0.158426
-0.340086 0.0378207 -0.773
-0.224286 -0.743922 -0.344422
-0.741545 -0.220001 -0.412387
0.626211 0.135809 -0.539492
0.0735871 -0.815767 -0.327023
0.442136 -0.67321 0.274236
0.217314 -0.325341 0.776617
0.487215 -0.607302 -0.429467
-0.312104 -0.81684 -0.0153725
-0.780257 0.228026 -0.393868
-0.32688 -0.515384 -0.615648
-0.101706 -0.106203 0.944345
-0.728003 -0.124188 0.586233
0.124093 -0.611895 -0.659806
-0.404261 0.18995 0.74575
-0.0036965 0.683908 0.387405
0.0972999 -0.345646 -0.792466
-0.213004 0.725473 0.346429
0.453287 0.524941 0.180551
-0.0482243 -0.793625 -0.374682
0.523184 -0.544287 0.35796
-0.516699 -0.734056 -0.061928
0.497305 0.115321 -0.683675
-0.0554563 -0.867873 0.286339
0.204898 -0.289196 -0.759141
-0.00912702 0.484492 0.609855
0.361551 -0.711983 0.287221
-0.803915 -0.404695 -0.000345812
-0.170179 -0.386091 -0.746532
0.246627 -0.810182 -0.328372
0.505622 0.45854 -0.358663
-0.647125 0.0184622 -0.585469
-0.536694 0.598725 -0.353074
0.13001 -0.347449 0.823478
-0.803877 0.147606 -0.385484
-0.419684 -0.385152 0.798938
-0.400087 0.762203 0.0928882
-0.157697 -0.856829 0.238064
0.366966 -0.483939 0.558139
-0.223372 0.488879 0.621441
-0.247974 0.838457 0.0775741
-0.159803 -0.819571 0.446133
0.519511 0.447644 0.202301
-0.176593 0.553615 0.558181
0.210327 -0.0926915 -0.759525
0.349468 -0.746147 -0.374044
0.310406 0.343733 0.584822
-0.274033 -0.780584 -0.192011
0.227347 0.709267 0.0783628
0.0331278 0.61623 -0.53684
-0.494053 -0.695823 -0.176227
0.437159 -0.117349 -0.690556
0.69239 -0.520795 -0.210171
-0.20775 0.384357 -0.703626
-0.155828 0.755205 0.291205
-0.85541 0.193333 0.0148163
-0.0658733 -0.86879 0.265928
-0.342466 0.798105 0.0390697
0.789533 -0.335118 0.0280437
0.248707 -0.761807 -0.417702
0.560903 0.399074 -0.349519
0.167172 0.193984 -0.741634
-0.118893 0.822202 -0.276162
0.675509 0.240131 -0.340314
0.402973 0.254545 -0.665391
-0.0130329 0.37985 0.703882
-0.535416 0.321558 0.58039
-0.838674 0.0154286 0.341639
0.0805497 -0.734424 0.530794
-0.695913 0.181383 0.498712
0.53609 -0.585461 -0.396947
-0.319563 0.701878 -0.384083
-0.486959 0.583308 0.363124
-0.366714 0.784632 -0.0342717
0.364741 0.59631 0.19672
0.784054 0.195355 -0.00124549
0.0139065 -0.738554 -0.528723
-0.79098 0.342179 0.136989
-0.125091 0.585287 0.519632
0.262193 -0.674205 0.448611
-0.650434 0.517409 0.209122
0.656191 -0.310005 0.364803
-0.0393496 0.564134 0.534195
-0.135519 -0.777339 -0.341657
0.457049 0.422786 -0.459289
-0.3834 -0.604747 -0.474286
0.752429 -0.235 -0.360788
-0.375859 0.243862 -0.716168
0.130586 0.533314 0.527977
-0.212052 0.46381 -0.649596
-0.386756 -0.394153 -0.643872
0.784402 -0.22889 0.169575
-0.436396 0.0724732 -0.733725
0.210579 -0.679514 -0.5697
-0.66014 0.480002 0.253459
-0.404579 -0.516074 -0.539762
0.766283 0.0270767 -0.336147
-0.842976 0.172498 0.169656
0.21892 -0.696725 -0.53779
-0.863917 0.0400742 -0.257002
0.811802 -0.134472 0.171396
0.686649 -0.165479 -0.455942
-0.709831 0.179514 -0.520401
0.867219 -0.147966 -0.098672
0.0479867 0.167408 0.829944
0.783899 -0.332243 -0.26529
-0.336121 -0.80838 0.276017
-0.184788 0.699158 -0.488307
-0.815203 -0.23841 -0.249746
-0.629404 0.617236 -0.0883145
-0.515506 0.0268496 0.773279
-0.577713 -0.0155446 -0.637367
-0.321584 -0.0607303 0.892589
-0.262976 0.459907 0.636865
-0.358514 -0.275309 -0.712032
-0.73344 -0.295628 -0.34203
-0.824082 -0.398702 0.0651278
0.780305 0.215588 0.0701912
0.0530255 0.711818 0.261657
0.852391 -0.136734 -0.147891
0.303569 -0.809335 -0.313962
-0.268239 -0.0823409 -0.781917
-0.515545 0.503741 -0.507418
-0.793183 0.154569 0.355935
0.0697753 -0.868547 -0.0866064
-0.489912 -0.377599 0.742428
0.418061 -0.656163 0.325371
-0.286183 0.608113 -0.533588
-0.429759 0.755491 -0.0131261
-0.374732 0.226869 -0.72277
0.0877546 0.168378 0.8147
-0.165437 0.858985 0.0439116
0.0552721 0.544171 -0.581216
-0.158287 -0.61679 -0.615314
-0.0960951 0.687932 -0.506792
-0.491588 -0.40802 0.723208
0.22416 0.67261 -0.333789
0.418032 -0.478265 -0.631558
-0.62333 0.388668 -0.513974
-0.572311 -0.466325 -0.402677
0.108173 0.306248 -0.722746
-0.794274 -0.163678 0.404181
-0.445144 -0.0626856 0.825126
0.863703 -0.149157 -0.0222256
-0.640249 0.289238 -0.541835
0.378615 -0.697679 0.295208
0.0658044 -0.798664 -0.371294
-0.862075 -0.0222877 0.0456276
0.724491 -0.445902 0.0806253
-0.546443 0.12444 -0.660702
0.130696 0.757301 0.0433554
-0.57137 0.216568 -0.615366
-0.220263 -0.0353884 -0.780016
-0.125269 0.270179 0.810834
-0.496025 0.153297 -0.684756
-0.295761 0.787438 0.150715
0.0148659 -0.35993 0.859569
-0.595283 -0.457712 0.577978
0.552295 0.490835 -0.162383
-0.754368 -0.40104 -0.171889
-0.110774 -0.203102 -0.792347
0.35438 0.547789 0.285323
-0.635267 0.426378 -0.465513
0.752208 0.131816 -0.288322
-0.538799 -0.441654 -0.476037
0.214067 -0.557332 0.616102
-0.431889 -0.600624 -0.426527
0.557507 -0.197032 -0.60102
0.373856 -0.491949 0.546351
-0.742862 0.220477 0.378435
0.468229 -0.478542 0.474205
-0.0915451 0.702507 0.370237
0.382868 0.47976 0.346615
-0.607181 0.46415 0.362599
-0.450189 -0.744283 0.322461
0.610873 -0.617953 0.0818934
-0.215042 0.209227 0.823106
-0.0590544 -0.291128 -0.795635
0.234984 0.446399 0.559183
-0.309563 0.807071 -0.115056
-0.487789 0.0997988 -0.707336
-0.875674 0.0245019 -0.187323
-0.267036 0.413599 0.677032
0.338324 0.421007 0.486985
-0.456324 -0.601704 -0.392471
0.594406 -0.412593 -0.491672
0.815193 -0.0467257 0.200697
0.186763 -0.430148 -0.742704
-0.368698 -0.294234 -0.69806
0.0605064 -0.82421 -0.306432
-0.666501 0.555617 -0.228931
0.645681 0.277463 0.267012
0.228867 0.389473 0.61169
0.14797 0.575569 -0.516681
0.259964 0.282474 0.661252
0.774538 0.0903021 0.249889
-0.52218 0.604658 -0.359356
-0.59986 -0.553468 0.503029
0.701549 0.29624 0.146211
0.171215 0.711119 -0.316337
-0.0274367 -0.873971 -0.0406529
-0.302223 -0.832678 0.182393
0.26762 0.651408 -0.326944
0.423774 0.123727 -0.702269
-0.60242 -0.704974 0.0263671
-0.0151575 0.664596 0.413132
-0.721031 0.332366 0.302246
-0.512187 -0.237176 -0.634914
0.0891511 -0.0129111 -0.776968
0.463981 0.38338 0.376595
-0.281342 0.712332 -0.39816
0.263861 0.564336 -0.455517
0.787554 -0.380983 -0.0545263
0.515915 -0.275555 0.536816
-0.713762 -0.234016 -0.440523
-0.00603075 -0.226063 -0.794408
-0.166581 -0.855308 0.261213
0.61389 0.442072 -0.0921309
-0.0611582 0.818533 -0.291571
-0.335766 0.753901 -0.300143
-0.788875 0.23835 -0.362956
0.772733 0.010908 -0.32586
0.76132 -0.133736 -0.367833
-0.821163 -0.148773 0.30862
0.404591 0.25185 0.572878
0.845815 -0.145504 0.0430723
-0.000467464 -0.868179 0.164552
0.0309933 -0.255724 -0.796662
0.665449 0.368796 -0.0968663
0.250603 -0.824051 -0.292644
-0.605905 -0.2063 -0.586841
0.17272 -0.343088 0.802457
-0.255475 0.114817 -0.766633
0.668839 -0.304607 -0.440812
0.31994 -0.0264032 -0.732556
-0.739834 0.176719 -0.487944
-0.811745 0.191518 0.274234
0.707626 -0.353231 0.266322
-0.239422 0.125051 -0.766135
-0.00736268 0.577518 -0.577316
0.500866 0.412251 -0.417728
0.193269 0.17472 -0.739542
-0.529477 -0.267535 -0.617319
0.711054 0.248064 0.202304
0.824272 0.0782636 0.123945
-0.0683668 -0.872051 0.0391004
-0.157139 -0.857366 -0.054237
0.0968424 0.792555 -0.0436701
-0.341117 -0.542038 -0.578109
-0.26228 0.316281 0.74543
-0.857246 -0.199533 -0.0879315
-0.372064 0.66107 0.356849
-0.481624 0.639959 0.290067
-0.749558 -0.399964 0.412849
0.843692 -0.146922 -0.175751
-0.234161 -0.382819 -0.727742
-0.126082 0.866183 -0.113262
-0.0944751 -0.817512 0.485448
-0.839091 0.311409 -0.0963417
-0.0217137 0.771812 -0.367649
-0.417938 -0.766513 0.297088
-0.842029 -0.153515 0.154532
-0.0876822 0.456578 0.653325
0.793269 -0.0692905 0.259979
-0.820887 -0.131777 0.322404
0.830536 -0.169829 -0.219834
0.104425 0.634883 -0.485557
-0.41983 -0.622762 0.614221
0.352771 0.0513026 0.678761
-0.822183 0.13164 0.323549
0.0906102 0.591327 -0.534033
-0.194225 -0.723696 -0.42396
-0.240999 0.825091 -0.164099
0.326303 -0.197574 0.709406
0.617656 0.443086 -0.0378048
0.364296 -0.741937 -0.363883
-0.319423 0.600603 -0.520723
-0.690625 -0.469666 0.45344
0.28633 0.41808 0.540518
-0.375287 -0.679587 0.542222
0.706651 0.297954 -0.136125
-0.839467 -0.108882 0.220334
-0.0438987 -0.110483 -0.786066
-0.474928 0.696635 -0.256581
0.547828 0.383356 -0.390082
-0.838842 0.184489 -0.26326
0.651685 0.356138 -0.22659
-0.321361 -0.696808 0.551471
0.210523 0.191191 -0.733552
0.611973 -0.609705 0.098133
0.0415345 0.284443 -0.749931
0.167335 -0.838168 0.122269
0.773587 0.123564 0.239756
-0.880601 0.128075 -0.132958
0.808775 -0.272858 0.0369113
0.0486355 -0.070501 0.874991
-0.473926 -0.239648 0.814741
-0.872842 0.087105 -0.00411609
-0.32282 -0.663459 0.610604
-0.0130476 0.401654 -0.696753
0.0633439 -0.28848 -0.798564
0.0537246 -0.0988116 0.872957
0.00436636 0.615772 -0.546724
0.0643654 0.718173 -0.402181
0.412543 0.11462 0.608963
-0.263633 0.811004 0.128576
-0.812323 -0.192832 0.320145
-0.433545 -0.379009 -0.624595
0.578523 0.467405 0.0894713
-0.103147 0.782156 0.210886
-0.235714 -0.840767 -0.00881778
-0.737441 -0.00609038 -0.486887
-0.835291 0.0771604 0.359773
-0.263581 0.76728 0.238268
-0.16299 -0.855953 0.238353
-0.681453 -0.616649 0.115563
-0.650089 0.598457 -0.0295872
-0.755654 -0.39825 -0.172576
-0.250031 -0.193184 -0.779805
-0.205521 -0.816576 -0.166534
0.444081 0.417687 0.353488
-0.108505 -0.0340981 -0.780389
0.460344 -0.297346 0.576899
-0.787239 0.130405 0.39156
0.747146 -0.421229 -0.289137
0.659124 0.215667 -0.424414
0.339836 0.619002 -0.303049
-0.729081 -0.433053 -0.192206
0.614597 -0.551597 -0.335678
-0.0340656 0.592586 0.503379
0.502729 -0.373916 0.497962
-0.142658 0.381731 0.73682
0.350998 -0.153343 0.695573
-0.674748 -0.451357 -0.262953
0.677177 -0.27526 -0.439911
-0.746174 -0.508136 0.00263535
0.822556 0.00653791 -0.187836
0.748864 -0.401734 -0.303281
-0.19479 -0.560474 -0.646273
0.744699 -0.337909 0.192906
0.00297219 0.699681 0.352007
0.671785 -0.205429 0.392346
-0.0452486 -0.870985 0.1275
-0.310749 -0.242262 0.880785
-0.0528251 0.0323989 0.916543
-0.173641 0.843339 0.0930128
0.780471 -0.0831507 0.277297
0.146832 -0.00358674 0.818196
-0.461562 -0.751186 0.285527
-0.299709 0.660213 -0.456352
-0.57349 -0.597478 -0.234078
0.22972 0.656132 0.221521
-0.0545053 0.62509 0.468029
0.734486 -0.111854 -0.40626
-0.137613 -0.846945 -0.15572
-0.134252 -0.860795 0.198844
0.383429 -0.265081 -0.699188
0.78503 -0.119937 -0.326482
-0.00586348 -0.682021 0.653671
-0.47761 -0.772362 0.0249222
-0.30095 -0.793031 0.366347
0.0534823 0.477223 0.599597
0.0413477 0.660829 0.403773
-0.454474 -0.399205 0.765098
-0.671208 -0.238997 0.615511
-0.221163 -0.839972 0.327581
0.69441 0.300874 -0.187728
0.852662 -0.10589 -0.139095
-0.519624 -0.615855 -0.282404
0.412108 -0.773349 -0.146547
-0.448462 0.173792 -0.702544
0.574492 -0.666279 0.0258571
0.578961 0.42707 0.149015
-0.309203 0.81153 -0.0244242
0.468132 -0.444957 0.492831
-0.51081 0.14054 -0.68141
0.481759 -0.636967 -0.388185
0.778255 0.117642 -0.215008
0.500551 -0.565281 -0.479444
0.517822 -0.550514 0.35617
-0.692117 -0.404619 -0.28707
-0.32545 -0.399817 -0.675397
-0.197343 -0.0141863 0.90397
-0.185885 -0.0936272 -0.784283
-0.283234 0.793477 -0.265682
0.375865 0.621016 -0.180488
-0.638393 -0.316593 0.615091
0.24706 -0.695373 0.430141
0.609778 -0.128742 0.480717
0.493242 0.160776 0.524283
-0.693892 -0.565429 -0.0545715
0.472723 0.456973 -0.40376
0.742565 0.184547 -0.229098
0.588931 0.441885 -0.214087
0.262336 -0.318419 0.743537
-0.237754 0.540983 -0.592798
-0.401425 -0.533314 0.72705
0.636692 -0.282102 0.407754
0.116187 -0.739158 -0.499797
-0.759659 -0.0788407 0.522081
0.122969 -0.248647 0.832352
0.417324 0.605832 -0.100412
0.356154 0.534622 0.302396
-0.686831 -0.56203 0.321192
0.154846 0.175204 0.786769
0.0858592 -0.139007 0.855804
0.31942 -0.229294 0.710855
0.370649 -0.794043 0.000809437
0.554029 -0.684975 -0.0130822
-0.571687 -0.688261 0.30642
-0.361088 -0.624712 -0.475446
-0.105003 0.650935 0.442993
-0.129054 0.614037 -0.561801
-0.0818965 -0.869969 -0.0296208
0.146737 -0.676044 -0.594744
-0.46989 -0.173936 0.815877
0.153955 -0.833847 -0.274836
-0.540685 -0.0125367 -0.663514
-0.444621 0.0225182 0.806291
0.745371 0.0860817 -0.368169
-0.240062 0.635094 0.475278
-0.412744 0.538455 -0.534641
0.618572 0.43832 -0.069077
0.316294 -0.81001 -0.243228
-0.443015 -0.701413 0.449373
-0.0238725 -0.745488 -0.512866
-0.371782 -0.533026 -0.556431
-0.817761 -0.19622 -0.305349
0.314298 -0.545706 -0.652331
-0.53482 -0.194585 -0.631746
0.704317 0.125582 -0.426447
0.239922 -0.47031 0.668673
-0.313791 0.757481 0.205091
0.535959 -0.111706 0.549141
0.531994 0.493214 -0.218545
-0.736461 0.388025 -0.36251
0.169726 0.604159 0.410238
-0.0300275 0.834378 -0.193078
0.764642 -0.0145314 -0.348015
0.497073 0.371514 0.347552
-0.67488 0.242039 0.476166
-0.032986 -0.395818 0.855329
-0.481668 0.662341 0.238992
-0.519505 -0.691081 0.389945
-0.351557 -0.479418 -0.623727
-0.201395 -0.679248 0.631357
-0.452842 -0.0348463 0.818333
-0.394544 -0.762328 -0.114209
0.616182 -0.61906 -0.186894
-0.826532 0.22148 -0.269117
-0.07207 -0.501978 -0.717082
-0.819888 -0.230298 0.255348
0.669911 -0.0108209 0.391909
-0.293863 -0.270597 -0.749968
-0.263668 -0.587336 0.708772
0.25701 0.607085 -0.401819
-0.101986 0.872737 -0.0977542
-0.0978019 0.343912 -0.731751
-0.240456 0.167768 0.833734
0.441642 -0.764824 -0.0521376
0.0555009 0.458101 0.616007
-0.0107016 -0.604728 0.730365
0.0613544 0.7326 0.191634
-0.768107 -0.429518 -0.0774845
-0.0314736 0.605117 0.489659
-0.485515 -0.700132 -0.178059
-0.797823 -0.417125 0.00194381
-0.644976 -0.548432 -0.201553
-0.825795 -0.360432 0.124104
-0.16664 0.789065 0.235909
-0.687579 0.533844 -0.239592
-0.568849 -0.586229 -0.260068
0.551444 0.394743 0.236101
-0.589559 -0.367567 0.642251
0.11228 -0.23982 -0.787297
0.314517 0.551196 -0.433925
0.294905 -0.816282 -0.0984476
0.768536 -0.40477 -0.223905
0.57556 -0.383902 0.420735
-0.0220436 -0.4608 0.816976
-0.244353 -0.116304 -0.783122
0.831974 -0.240191 -0.0164874
-0.448647 -0.208688 -0.678049
-0.784648 0.157862 0.367887
0.0655224 0.1127 0.844394
0.356824 -0.480348 -0.662429
-0.494628 0.597235 0.334603
-0.61584 0.50385 0.287313
0.609288 -0.571747 -0.309887
-0.418851 -0.2305 0.852993
-0.160355 0.823021 -0.254358
-0.0293854 0.0346042 0.905084
-0.772233 0.292121 -0.369627
-0.768978 0.358715 0.16915
0.0493298 0.805587 -0.172975
-0.00519022 0.1789 0.845417
-0.189879 -0.818 0.425957
-0.770858 -0.272892 0.424755
-0.109706 -0.0946752 0.941372
-0.478655 0.711016 -0.210403
0.266814 0.660723 0.170484
0.163081 0.297799 -0.712102
-0.525016 0.233598 0.642952
0.402433 0.608769 -0.143645
-0.104278 0.314338 0.786457
0.30155 0.348473 0.588298
-0.263128 0.701349 0.374228
0.190734 -0.129931 0.798903
0.33944 -0.629239 -0.546964
-0.00993051 0.840376 -0.0599008
0.614065 -0.346701 0.402192
-0.596558 0.637305 -0.134957
0.339458 -0.586373 0.481641
0.711387 -0.506207 -0.124394
-0.249359 -0.837127 -0.00529996
0.479548 0.163198 0.536696
-0.580185 -0.540494 -0.308673
-0.306961 0.807354 -0.122464
0.134207 0.160924 -0.75333
-0.865133 0.0579801 0.0672474
0.411287 -0.590948 -0.536716
-0.459295 0.190089 0.719799
0.712283 -0.502459 -0.16072
0.825402 -0.323336 -0.113048
-0.281971 0.775992 0.195273
0.485038 0.485082 0.195154
-0.446161 0.742616 -0.148194
-0.250192 -0.670376 0.631539
-0.295821 0.804972 0.106434
0.491672 0.526971 0.123302
-0.683279 0.124163 0.563102
0.192065 -0.728259 -0.493227
-0.678629 -0.159062 0.650346
-0.258457 -0.832631 0.302186
0.498663 -0.705853 -0.253118
-0.00273231 0.104071 -0.771044
-0.687635 -0.592955 0.0235117
0.747179 -0.0551832 -0.388154
-0.247537 -0.841704 0.281117
-0.732717 0.126994 -0.496397
-0.544566 -0.494764 -0.413325
-0.355593 -0.807786 0.014705
0.582056 0.460369 -0.168408
-0.130339 0.564013 -0.595282
-0.368184 -0.0429028 0.86762
-0.537146 -0.747347 0.117377
0.395205 -0.74164 -0.3243
-0.878398 0.12515 -0.106703
0.453323 -0.477754 -0.602388
0.260736 -0.724839 0.36628
0.788844 0.101921 0.211616
-0.0103086 -0.869925 0.106058
-0.173413 -0.604532 -0.620382
0.816665 0.0161813 -0.205253
-0.618092 -0.256203 -0.564442
0.393166 -0.618268 -0.515614
0.45157 0.572268 0.0802549
-0.259278 0.705874 -0.423518
0.675696 -0.174825 -0.466593
0.647241 -0.428166 0.314666
0.195968 -0.701214 -0.537758
-0.306073 0.760587 -0.31293
-0.493368 -0.714502 0.355618
0.687084 0.352986 0.0169686
0.728886 0.27505 -0.07184
0.0227324 0.334531 0.734322
-0.672773 -0.0199392 -0.559204
-0.810514 0.360388 0.0327008
-0.731797 -0.0708851 0.577529
0.254807 -0.41712 -0.719513
0.166883 -0.792284 -0.380046
0.344116 -0.733912 -0.396764
0.0796075 -0.665901 -0.614027
0.286399 0.485579 0.462647
-0.356146 0.750045 0.174989
0.762905 -0.28036 0.191061
0.619841 0.00450699 -0.571544
0.507412 0.283769 -0.548308
0.105071 -0.524757 -0.726809
0.498862 0.133024 0.525848
0.640766 0.144888 0.382492
-0.656422 0.423329 0.32459
0.0650082 -0.585026 -0.68011
-0.121094 -0.773467 0.541037
0.597155 0.354062 0.231353
-0.131107 -0.14172 -0.787916
-0.140194 0.835363 -0.219375
-0.341107 -0.628927 0.655509
-0.676819 0.00259076 -0.555013
0.868012 -0.0576692 -0.00631432
-0.427026 0.675552 -0.340272
-0.418141 -0.262635 0.849767
0.12052 -0.280325 0.832756
-0.209886 -0.146225 0.922682
-0.870507 0.00795695 -0.0336135
-0.0101718 -0.874615 -0.119999
-0.0145062 -0.623215 -0.645244
-0.695772 -0.398362 0.488206
0.310855 -0.663274 0.418441
-0.794644 0.126765 0.381997
-0.507225 0.208232 0.672944
0.692612 0.256258 -0.266957
0.154188 0.725828 -0.300644
-0.791216 0.192755 0.320071
-0.0725791 0.47466 0.632649
-0.0480484 -0.868531 0.24243
-0.089182 -0.789934 0.531504
0.353138 -0.0719412 0.696472
-0.764738 -0.184843 -0.414664
0.0739397 0.287653 -0.740001
0.818664 -0.300626 -0.0488715
-0.340103 0.614437 -0.488997
0.0159656 0.766143 0.142998
0.753537 -0.173402 -0.374766
0.629309 0.384181 0.13648
-0.428985 0.756529 0.00617535
0.172333 0.601642 -0.475897
0.600694 -0.26153 0.463507
-0.617397 -0.476025 -0.323515
0.489057 0.145627 -0.682275
0.476263 -0.256013 0.583496
-0.324635 0.798732 -0.1457
0.773049 0.108117 -0.261739
0.77397 -0.194083 0.238876
-0.496853 0.646846 0.247443
-0.213191 -0.847861 0.00615326
-0.0590004 0.106246 -0.770657
0.0510912 -0.811253 0.399289
0.19771 -0.319361 0.789532
0.518742 -0.36251 -0.597408
0.226711 0.713701 -0.234036
-0.83635 -0.335319 0.0439352
0.153801 -0.725061 0.473773
0.714102 -0.465871 0.0682801
-0.171537 0.116247 -0.769481
0.607467 0.191774 -0.525713
-0.393533 -0.283803 -0.688863
-0.740588 -0.0969644 0.563995
0.262889 0.629934 -0.36286
0.756125 -0.3736 0.117877
0.224205 0.31917 0.665383
0.562284 0.383181 -0.367868
0.621775 0.423314 -0.154612
-0.135034 -0.736457 -0.442147
0.502275 0.175669 -0.654949
0.198169 -0.502053 0.67614
0.834497 -0.0030121 0.133452
0.0442678 -0.795745 0.444668
-0.17584 0.659424 -0.525748
0.169718 -0.417134 0.766122
-0.176574 -0.64801 -0.575874
0.814834 0.133406 -0.0022417
-0.46402 0.573604 0.403689
-0.677634 -0.517486 0.438381
-0.665631 0.217389 -0.549815
-0.333062 -0.019648 0.873217
-0.865345 0.0514708 0.0599699
-0.36525 -0.259419 -0.712685
-0.870737 0.148726 -0.195676
-0.337712 -0.650253 0.623732
0.204505 -0.465949 -0.727332
0.591007 0.470436 -0.093983
0.457518 0.267904 0.523951
0.153413 -0.253882 0.815603
0.2662 -0.817293 0.0831928
-0.272495 0.114944 0.842847
-0.783627 -0.120202 0.446619
0.458317 -0.191086 0.610107
-0.508336 -0.149479 -0.657742
-0.851082 -0.188677 0.0339734
-0.018069 0.833872 -0.154524
-0.777525 -0.143264 0.453898
0.56744 -0.668831 -0.197762
-0.366412 0.764195 -0.263083
-0.478662 -0.629894 -0.314971
-0.184888 0.382951 0.735143
-0.0966858 -0.142051 0.943321
0.0845356 0.696891 0.270923
0.838319 -0.173131 0.0407475
-0.587831 -0.161672 -0.606616
0.615089 -0.545962 -0.344487
0.148339 0.193759 -0.745372
-0.849774 -0.217885 -0.103325
0.731011 -0.123608 -0.410531
-0.841311 -0.249908 0.0734906
-0.249065 -0.841479 0.278637
-0.320788 0.803116 -0.113134
0.624685 -0.586832 0.109629
-0.604817 -0.429809 0.585063
-0.184852 -0.811586 0.44181
0.524847 0.48118 -0.292601
0.84636 -0.0435116 -0.137595
-0.606121 -0.569168 -0.234019
0.278805 -0.529712 -0.681479
-0.115344 -0.848507 0.426046
-0.250157 -0.587036 -0.603785
-0.133761 0.417214 0.699568
0.41043 -0.77257 -0.180274
-0.296657 0.536079 0.553725
0.210963 0.341706 0.661414
0.229191 -0.760761 0.334814
0.410544 0.224697 0.580917
-0.827002 0.131518 0.312164
-0.550864 -0.2653 0.746806
-0.292662 0.507384 0.582626
0.418487 0.465957 0.317493
-0.191692 -0.403944 -0.731277
-0.622069 0.607261 0.0276302
0.267372 0.14785 -0.729212
-0.757208 -0.479975 0.278402
0.550239 0.449117 0.1567
0.261487 0.576693 -0.442831
-0.848568 -0.161422 -0.187162
-0.557331 0.67062 -0.0256517
-0.469036 -0.655527 -0.283973
0.552057 0.328892 -0.445303
-0.553313 -0.686479 0.345433
0.484385 0.0624612 0.558062
0.283731 -0.628716 -0.594127
-0.272992 -0.341314 -0.730372
0.510947 0.044235 -0.670271
0.618758 0.132302 -0.551267
-0.188661 0.742428 0.316624
0.241185 0.612354 -0.407938
0.0867687 -0.766391 0.466058
0.09682 -0.666947 0.597706
-0.851041 0.262383 -0.117601
0.200473 -0.799236 -0.359778
0.158755 -0.847012 -0.224035
0.461918 -0.754886 0.05012
0.391317 -0.779959 -0.199324
-0.371001 0.517085 -0.582171
0.713369 0.263257 0.175613
-0.102763 -0.865968 0.21409
-0.86295 -0.139483 -0.0500504
0.171885 -0.0210959 0.805729
0.601075 -0.389477 0.392535
-0.869078 -0.0886889 -0.086686
0.373092 -0.520196 0.521347
-0.12114 0.662222 -0.526063
0.184554 -0.79393 0.308012
-0.10353 -0.514492 0.786307
0.0425842 -0.785202 0.471236
-0.261801 0.502186 -0.613998
-0.541899 -0.221214 0.76184
-0.580797 -0.46276 -0.39374
-0.621724 0.305245 -0.548797
0.701106 -0.084367 0.370553
0.33112 0.566686 -0.396424
0.479882 0.423525 0.294254
-0.217519 0.715742 -0.44097
-0.650061 -0.0367135 0.660156
-0.828046 -0.237091 -0.199707
0.843952 0.0358743 0.076589
0.141146 0.678885 0.259167
-0.1637 -0.693249 0.624372
-0.508325 0.640255 0.235885
-0.329064 0.654761 -0.441985
0.610811 -0.124914 0.478748
-0.363868 0.186392 0.766502
-0.226291 -0.780063 0.468895
0.256898 0.63658 0.241375
-0.0911931 -0.8083 -0.302873
-0.477538 -0.460249 -0.518818
-0.474104 -0.670787 0.482734
-0.674157 0.484476 0.224141
-0.184466 -0.477261 0.800622
-0.0231403 -0.0834883 -0.784241
0.49719 0.506512 0.146026
0.32534 -0.421678 -0.691177
-0.0857072 -0.0224907 0.927271
0.523834 -0.1749 -0.633572
0.782504 0.18904 -0.0282218
0.538767 -0.399024 -0.562568
0.1701 0.465644 -0.596555
-0.731609 0.486028 -0.205568
-0.550207 0.475883 -0.515235
-0.623151 -0.462945 -0.32925
-0.739034 -0.340217 -0.284296
0.687042 -0.0555953 0.382239
-0.305795 -0.384056 -0.693273
-0.667354 0.577044 -0.0223324
0.460056 0.544221 0.142232
-0.378498 -0.819843 0.172887
-0.274839 0.108943 0.844358
0.152425 0.720683 0.126897
0.176378 0.229104 0.747454
-0.0536423 0.618638 -0.557664
0.659668 -0.578718 -0.103857
-0.643938 0.225865 0.53841
0.795082 -0.163799 -0.314226
-0.311202 -0.627416 -0.520641
-0.738692 -0.549645 0.183415
0.000490983 0.788996 0.0929542
-0.724922 -0.064508 -0.502437
0.254108 0.712781 -0.1568
-0.100313 0.172502 0.858706
0.754574 0.204634 -0.12595
-0.275312 0.826764 -0.0372854
-0.0461682 0.782888 0.161919
0.520478 -0.315939 0.511797
-0.33842 -0.630403 -0.491449
0.587908 0.450189 0.101894
0.178441 -0.153516 -0.769096
0.111071 0.791927 -0.0763159
-0.320351 -0.829599 0.206422
-0.722851 0.220982 -0.506455
-0.785026 -0.352661 0.338365
-0.531018 -0.665148 0.44747
-0.381954 -0.00560555 -0.760642
-0.473619 0.0340469 0.788653
-0.520988 -0.325213 0.74185
-0.549645 -0.152295 -0.63305
0.606294 0.155453 -0.55736
0.346673 -0.797397 -0.239793
-0.162568 0.81467 -0.28391
-0.640899 -0.629312 -0.0761152
-0.674834 -0.515649 0.448275
0.653739 0.381515 -0.125528
-0.31634 0.341673 -0.697533
0.858514 -0.17156 -0.0303231
-0.522726 -0.749423 0.153466
-0.00673255 -0.335221 0.873661
0.703905 -0.367065 -0.377518
-0.73881 -0.460792 -0.120004
0.15701 0.638707 0.342617
-0.5938 0.641579 -0.115553
0.00328595 -0.20778 -0.793152
0.842258 0.0459894 0.0570762
-0.0873005 0.745464 -0.425281
0.301408 0.67509 -0.177857
0.655474 -0.3816 -0.431873
0.215553 -0.828075 -0.284982
-0.838547 -0.262825 0.0886983
0.692816 -0.375879 -0.388165
-0.0765146 0.468077 0.639934
0.397463 -0.527999 -0.619275
-0.456372 0.60189 0.373073
0.696485 0.341928 0.0345961
0.770351 -0.0885782 0.290069
-0.429594 0.750527 -0.164695
-0.0475781 -0.481499 0.813349
0.377032 -0.173976 0.673756
-0.331006 -0.202838 0.887382
0.557534 0.0656214 0.484836
-0.741056 -0.348397 -0.272146
-0.197166 -0.632058 0.677272
0.00635073 0.753498 0.190581
0.162961 0.676041 0.243001
0.295596 -0.561589 -0.648701
-0.663692 0.107753 0.591384
-0.832928 -0.0298926 -0.354208
-0.574117 0.0775034 0.693618
0.32529 -0.534091 -0.656372
0.529789 0.379455 0.289493
-0.856595 -0.0210698 -0.267987
-0.268033 -0.106419 -0.781079
0.415489 0.571273 -0.264435
-0.30328 -0.110141 0.902755
0.800872 -0.27858 0.0622805
0.451651 0.558607 0.124217
0.0156477 0.340483 -0.725216
-0.858332 -0.00899645 0.10022
-0.443356 -0.593756 0.650099
0.56125 0.33614 0.309243
-0.691334 0.26888 0.421167
0.364893 0.633471 0.0890998
0.504513 -0.258304 -0.633685
0.0636044 0.797852 -0.187491
0.447348 -0.421927 0.524713
0.197176 0.251268 0.726159
-0.204615 0.405657 -0.689982
0.250516 -0.690547 -0.536282
-0.0515816 0.255297 0.824851
-0.0842672 -0.869529 -0.00849577
-0.867883 0.0867346 0.0551344
-0.415774 0.537171 0.499671
0.560099 -0.488256 -0.48725
-0.340517 0.286103 0.728274
-0.0623249 0.847642 -0.18693
0.481723 -0.365492 -0.626097
-0.420315 0.351735 0.654804
-0.767822 -0.443489 0.313251
-0.239419 -0.00763664 0.893457
0.730865 0.235845 0.186908
-0.687391 -0.0385239 0.623463
-0.557664 -0.709531 0.257883
0.187725 -0.481536 0.700681
-0.569397 -0.030354 -0.640723
-0.0664386 -0.867423 -0.175283
-0.322105 0.100246 0.827253
0.00847588 0.310781 0.759267
-0.754616 0.133854 0.444087
-0.701731 -0.368378 -0.311811
-0.615742 -0.607202 -0.155112
-0.412233 -0.793504 0.035445
0.475926 -0.512697 0.43559
-0.602602 0.632456 -0.138412
-0.617139 -0.120996 -0.592914
-0.695665 -0.316523 0.536429
0.459931 -0.545158 -0.553778
-0.467213 -0.771813 -0.00235112
-0.847629 0.178778 0.114052
-0.837415 0.252704 0.10068
-0.116295 -0.0332663 -0.780298
0.328013 0.603553 -0.344316
-0.714876 -0.227634 -0.445784
0.378365 -0.757511 0.19004
-0.443085 -0.106802 0.829306
-0.679033 -0.41136 0.503712
-0.678427 0.182733 0.527348
-0.277045 -0.812551 0.33847
0.0531454 -0.842702 0.312457
0.174395 -0.763911 0.384141
-0.20125 -0.378216 0.866148
-0.109228 -0.349326 -0.783236
0.347551 0.648474 -0.141707
-0.418689 0.422626 0.603645
-0.0818718 -0.405938 0.86368
0.388271 0.252558 0.584522
-0.083495 -0.395629 -0.769581
-0.266795 -0.0189959 0.891279
0.464737 0.423668 0.315434
-0.311922 -0.789218 -0.128432
-0.762854 0.459202 -0.0371629
0.821641 -0.253804 -0.218522
-0.277759 -0.819559 -0.0719198
-0.0184973 -0.450817 -0.764215
-0.771402 -0.295908 -0.281905
-0.508623 -0.655321 0.485119
-0.880372 0.0873868 -0.0943069
-0.481951 -0.669108 -0.243797
0.678079 -0.539037 -0.215335
-0.698803 -0.170101 0.618
-0.802028 -0.215412 0.354565
0.0246933 -0.765853 -0.458181
-0.807682 -0.189899 -0.341692
0.0691616 0.302251 0.749997
-0.805282 -0.0854696 0.404054
-0.198069 0.114429 0.865438
-0.175125 0.696644 0.387774
-0.537724 -0.654576 -0.189802
-0.833617 0.103711 -0.335319
0.162881 0.750135 -0.199141
0.217952 0.0791455 -0.749766
0.325642 0.29307 0.606212
0.419468 0.212911 0.576248
0.531361 -0.698053 0.0715433
0.494994 -0.0326065 0.571243
-0.510244 -0.181436 -0.64913
0.495629 0.118051 -0.684993
-0.521372 0.0137276 0.770596
-0.0965066 0.489055 -0.649529
-0.55752 -0.0628472 -0.643674
-0.318591 0.55704 -0.565866
-0.692993 -0.135964 -0.525128
0.164517 0.351103 -0.681942
-0.237526 0.302408 0.76307
0.785054 0.0739766 -0.283619
0.221605 -0.126394 -0.758433
-0.812332 0.0251917 -0.384151
0.672799 -0.326038 0.331992
0.299491 -0.502903 -0.680231
0.0733642 0.530238 0.54718
0.0960342 -0.860011 -0.191375
0.499366 -0.440153 0.464726
-0.457932 0.621051 0.344407
0.394276 -0.137691 -0.703982
-0.242362 -0.677016 -0.498041
-0.856499 0.0474098 0.163211
0.788856 0.0448453 -0.284867
-0.362988 -0.573172 0.703528
0.292398 0.644205 -0.315703
-0.0239805 0.724422 -0.472258
0.314675 0.663318 0.105097
0.311493 -0.663943 -0.524385
0.161553 0.108829 0.803693
-0.712435 -0.173908 -0.488607
-0.453317 -0.2562 0.831109
-0.750344 -0.0914274 0.541226
-0.193449 -0.466447 0.806789
0.142087 0.636345 -0.459563
0.168408 0.72106 -0.297499
-0.741765 -0.531897 0.0624511
0.0229667 0.188043 -0.764912
0.420098 0.0925359 -0.705489
0.062067 -0.853666 0.211624
0.141988 0.673145 0.272608
-0.778918 -0.388933 -0.11634
0.773682 -0.0366597 -0.333489
0.0946497 0.0648133 0.841902
0.199672 -0.759552 0.366725
-0.670414 0.414468 -0.429842
-0.639422 -0.630067 -0.0777122
0.00334416 -0.789161 -0.400233
-0.162056 0.358241 -0.724666
-0.767602 -0.291609 0.426363
0.315252 -0.570124 -0.631402
-0.246147 -0.716456 0.566585
-0.287759 -0.466867 -0.666681
0.122862 0.0748146 -0.768985
0.47024 0.229461 0.527042
-0.650209 -0.236187 -0.537702
-0.566208 0.582398 0.245011
0.262933 -0.823235 0.0117234
-0.184394 0.351525 -0.724325
0.699097 0.254084 0.21319
0.105476 0.752562 0.0848431
0.858833 -0.17841 -0.113468
-0.459654 -0.741582 -0.101793
0.704525 0.192247 -0.331235
-0.191661 0.838149 -0.176136
0.801498 0.0669229 -0.203001
-0.440457 -0.0137073 0.823466
-0.237814 -0.457014 0.807116
-0.477262 0.541157 0.433553
0.327064 -0.383456 -0.699603
-0.846072 -0.0915796 0.171618
0.310223 -0.433613 0.642463
-0.362821 0.461109 -0.621334
0.20797 -0.376735 -0.746586
-0.016512 -0.266354 -0.797218
0.207005 -0.458579 0.703846
0.517 0.5471 -0.0221165
-0.372698 -0.31768 -0.685476
0.643699 -0.327386 0.374373
0.346903 0.655984 0.0241682
0.417643 0.605096 0.0488475
0.282697 0.675563 0.116466
0.646222 0.308001 -0.316545
0.168884 0.554296 -0.524544
-0.498476 -0.0901724 -0.6774
-0.274958 0.575286 -0.562359
0.456699 0.560568 -0.175647
-0.234981 0.780772 0.23733
-0.219262 0.131694 0.855975
-0.695697 -0.58081 0.0170018
-0.0986399 -0.435768 0.840922
-0.339822 -0.803638 -0.0511988
0.787182 0.00447449 -0.296789
-0.243685 0.698891 0.389674
-0.594192 -0.225877 0.721707
0.049275 -0.810234 0.403646
-0.42789 -0.170209 -0.698769
-0.498313 0.710505 0.012148
0.222792 0.686792 -0.314018
-0.342624 0.460165 0.607031
0.0380341 -0.844432 0.32788
-0.543322 -0.236895 -0.616868
-0.0710085 0.764645 -0.391571
0.426706 -0.602654 -0.507799
-0.593492 0.0746695 0.67718
-0.737242 -0.218593 0.529273
-0.342634 0.570748 0.506361
-0.0200016 0.20477 -0.763842
0.758529 0.182191 0.218286
0.738109 0.236185 -0.130804
0.725936 0.208647 -0.245212
-0.210418 0.505868 -0.621761
-0.743167 -0.290328 0.486095
-0.038563 0.443248 -0.678698
0.312882 -0.1948 -0.728225
-0.740795 0.0185013 -0.482931
-0.545636 -0.284149 0.74111
-0.0316506 0.62135 -0.554011
-0.170517 0.700514 -0.492736
-0.557275 0.100296 -0.656483
0.83066 -0.0138421 -0.176805
-0.514351 0.442246 -0.573207
0.0763682 0.275047 -0.744969
0.184634 -0.107054 -0.765797
0.807195 -0.364922 -0.14647
-0.754205 0.0403347 0.517057
0.329349 -0.4424 -0.684473
-0.733501 0.480995 -0.207936
0.845705 -0.112985 0.076564
-0.595114 0.324812 -0.560032
-0.352084 0.750462 -0.292787
0.168887 -0.039489 -0.766469
-0.111826 0.881038 -0.0544174
0.279679 0.675354 -0.261758
0.45115 -0.671502 -0.372285
-0.677167 0.186035 0.526317
-0.822679 -0.317466 -0.096754
-0.129084 0.481666 0.630441
-0.00906495 -0.865083 0.259194
0.588816 0.111954 0.44227
-0.85637 -0.0326161 -0.258516
-0.622459 0.440925 -0.468222
0.685081 -0.372062 0.291061
-0.459854 0.738605 -0.0300706
-0.467412 0.34195 -0.634009
0.0211309 0.823945 -0.104788
0.480765 -0.120082 0.598549
0.813088 0.0718028 -0.125381
-0.571806 -0.140412 0.736382
0.6527 -0.19924 0.424083
-0.528951 0.689152 0.0130563
0.710207 0.0514404 -0.441965
-0.308121 0.448091 0.630721
-0.426121 -0.446274 -0.581078
0.34491 0.0600205 0.683325
0.5831 0.276299 -0.464114
0.756195 -0.323855 0.169977
-0.59307 0.53906 0.269184
0.516164 0.297407 0.431084
0.423777 0.548925 -0.325541
0.140745 0.689764 -0.381741
0.443543 -0.00733173 -0.695725
0.121636 -0.863315 -0.149068
-0.322607 0.136317 0.810621
0.030434 -0.262063 0.881329
-0.443904 0.575075 0.425287
0.60602 0.395996 -0.271394
-0.552783 0.0753798 0.71489
0.119595 0.615058 0.429601
-0.235147 0.712059 0.369643
0.590082 -0.630674 0.120761
0.424033 -0.433804 -0.644842
-0.413535 0.0473839 0.809431
0.266647 0.716284 -0.0870303
0.216045 0.306989 0.678832
0.825308 0.0702865 -0.0556482
-0.23879 0.0889308 0.864765
-0.0128647 -0.810604 0.465256
0.496913 -0.604968 -0.420183
-0.706817 -0.506139 -0.143627
-0.128718 -0.754495 -0.403261
-0.444844 0.74693 0.0372075
-0.240486 0.320235 0.752129
-0.148869 -0.717727 0.603455
-0.791825 0.111217 -0.414101
-0.501386 -0.341565 0.751849
0.76753 -0.0966635 -0.356774
-0.023085 0.790328 -0.328911
-0.508186 -0.676567 -0.196038
0.633459 -0.0315642 -0.550833
0.691985 0.292433 0.168315
-0.421837 -0.242877 -0.684951
-0.786965 -0.432613 0.260644
-0.360505 0.369978 -0.669427
0.281346 -0.49283 0.618229
0.196235 0.421713 -0.619009
-0.796849 -0.385726 -0.0603906
0.0448375 0.746537 0.168865
-0.130566 -0.373514 -0.76505
-0.711733 -0.16798 -0.491542
-0.857253 0.0641007 0.166281
0.153637 -0.503208 0.710157
0.504162 0.0122232 0.5511
0.031963 -0.855318 0.256095
0.755178 -0.414492 0.0141908
-0.796411 0.360402 0.0985507
0.224832 -0.339838 0.769421
0.216917 -0.752107 0.362443
-0.493007 -0.319679 0.77279
0.563036 -0.678776 -0.0299269
-0.529314 -0.335653 0.727568
-0.684183 0.432447 -0.393038
-0.739789 -0.0724186 0.564344
0.755986 0.00660627 -0.361934
-0.448891 0.165442 -0.705175
-0.244408 -0.540494 0.747908
-0.177752 0.565715 0.545393
-0.423544 -0.0240756 -0.735798
-0.403738 -0.0766883 -0.734419
-0.125564 -0.859693 -0.114646
-0.838367 0.0939603 0.33156
0.491202 -0.248071 -0.646839
-0.635599 -0.501483 0.504239
-0.0998851 -0.406132 0.861056
0.772391 0.144828 0.231948
-0.303951 -0.367635 -0.701554
0.195093 0.681919 0.193815
-0.677374 0.11635 -0.554066
-0.0209063 -0.568158 0.758627
-0.797308 0.340183 0.124315
0.106583 -0.00583345 0.840003
-0.227617 0.13133 -0.76597
0.19351 0.744906 -0.0106248
-0.301355 -0.806611 0.32536
0.650891 -0.168654 -0.497499
0.411322 -0.391433 0.573688
0.418855 -0.718527 -0.337749
-0.634506 0.351031 -0.522679
-0.405782 0.493028 0.547868
-0.543271 0.379854 0.538151
0.365106 0.565997 -0.366648
0.72543 0.0967807 -0.407921
-0.0463062 -0.859204 -0.215736
-0.141485 0.557931 -0.598047
-0.4931 -0.771491 0.121394
0.442697 0.591323 -0.0798251
-0.856172 -0.0881669 0.0686118
-0.603804 -0.635784 -0.122307
0.158291 0.709484 0.1533
-0.675379 0.254141 0.463629
-0.783066 -0.00832076 0.478216
-0.834607 -0.210426 0.175053
0.513342 0.254943 -0.572175
0.400948 -0.632584 -0.489745
-0.110147 0.795309 -0.328078
-0.382203 0.659272 -0.396145
-0.39757 0.772941 0.0493428
0.472464 -0.732167 0.137465
0.162184 0.0203569 0.808528
-0.874848 0.00218581 -0.08991
-0.531208 0.538396 0.369037
-0.11414 0.454103 -0.670888
-0.814399 0.0735538 -0.381383
0.327513 0.321141 0.587238
-0.828594 -0.131609 -0.345033
-0.774286 0.263589 0.274489
0.0422052 0.455826 0.621622
-0.7324 0.32147 0.29304
-0.803507 0.355775 0.0813551
0.193011 -0.797567 -0.364599
-0.414836 0.241531 0.71532
-0.534619 0.15299 0.684825
-0.0152596 -0.684224 0.654941
-0.522639 0.344398 0.57665
0.615795 0.350043 0.20925
0.25032 0.411542 0.577123
-0.847656 -0.0574786 -0.291526
0.069421 -0.1328 0.864708
-0.618804 0.137677 0.61533
-0.411298 -0.311792 0.836935
-0.150143 -0.828112 -0.193723
0.388077 0.47479 0.346737
0.632079 -0.0753308 -0.542939
-0.178579 0.221089 0.826024
0.546178 -0.617524 0.249811
0.131959 0.120615 0.816476
-0.354088 0.329379 0.700534
-0.517423 0.697769 -0.111032
-0.694419 -0.375862 0.503294
-0.0626968 -0.617815 0.713826
0.321601 0.485668 0.423177
0.46244 -0.0756178 0.608237
-0.501154 0.0971306 -0.70059
0.3625 0.0148859 -0.721439
-0.166646 0.194573 0.84096
-0.141356 0.765686 0.271891
0.0577761 -0.85792 -0.22052
-0.298942 -0.161544 0.903695
-0.448892 0.743885 0.044447
0.72034 0.140981 -0.364588
0.46309 -0.678404 -0.34517
-0.339583 -0.712507 0.50812
0.36986 0.619877 0.122051
-0.473817 -0.190395 -0.668217
-0.676053 -0.557341 -0.144513
-0.58277 -0.467395 -0.385618
0.397265 0.618658 0.0516969
0.791696 -0.0893647 -0.306284
0.304253 -0.305327 0.713318
0.258906 -0.825121 -0.282352
-0.775146 -0.406187 0.347841
0.269658 -0.714719 0.37511
-0.200293 -0.849917 0.113597
-0.829106 -0.282298 -0.120228
0.742596 0.0758489 -0.376072
-0.330867 0.61194 -0.498524
-0.371528 0.299587 -0.696199
-0.367186 0.699698 0.288568
-0.822336 -0.35469 -0.029112
-0.0559807 0.208539 0.849945
-0.0274255 -0.439554 0.830049
-0.354445 0.679572 0.338451
0.234672 0.451127 0.554679
0.0115306 -0.837355 -0.276508
0.509507 0.151834 -0.660031
-0.312883 -0.166158 0.900256
0.0285136 0.817022 -0.14226
0.411896 -0.318583 0.610691
0.479486 0.00829881 0.576589
-0.818575 -0.209933 -0.282871
-0.696708 0.405464 0.270566
-0.75098 -0.526604 0.0896638
-0.12775 0.121888 -0.769263
-0.379025 -0.481401 -0.595407
-0.347074 -0.506332 0.757349
-0.228015 -0.802389 0.425833
0.499516 0.223108 0.502219
-0.372217 -0.750385 -0.170335
-0.305477 -0.12822 0.902854
0.405174 0.218645 0.587287
-0.531193 -0.547026 -0.375807
-0.512645 -0.68873 -0.167454
-0.755778 -0.367786 0.423146
-0.0850974 -0.0383425 -0.780787
0.492352 -0.737835 -0.0720013
-0.602358 0.623114 0.0343798
0.615203 -0.107582 0.470117
-0.792192 0.310252 -0.287013
-0.126121 -0.475278 0.81005
0.00578934 -0.77363 0.531586
-0.428537 -0.26323 0.845978
0.121606 0.240685 0.764509
0.482675 -0.348561 -0.632232
0.60263 0.280467 -0.435193
-0.350934 -0.736609 -0.230342
0.0865936 -0.218219 0.853075
-0.821966 -0.398743 0.121978
0.40739 -0.239328 0.642979
-0.159163 0.830778 0.119241
-0.791708 0.337724 -0.255433
0.0371847 -0.816774 -0.327169
-0.553207 0.608297 0.208532
0.780077 0.0864186 -0.278689
0.441096 -0.464953 -0.618128
0.19135 0.467286 -0.587623
-0.0126953 0.604863 -0.559719
0.0859578 0.37945 0.677099
-0.865754 0.0701426 0.0686368
-0.238955 -0.793634 -0.193605
-0.325895 0.802472 -0.0678724
-0.35343 0.50727 0.560623
0.351013 0.654676 0.0103914
-0.320206 0.0275856 0.858865
-0.634944 0.105073 0.619941
-0.640196 0.449856 0.326402
0.0805874 -0.726858 -0.532382
-0.0365732 0.612721 -0.561621
-0.660761 0.587678 -0.132424
-0.256094 0.079468 0.864069
0.734282 -0.47214 -0.150511
0.688138 -0.497862 0.10193
0.834151 0.00755488 0.130504
0.493211 0.064307 0.548929
-0.189039 0.280227 0.794893
0.506028 0.512279 -0.221621
-0.659064 -0.641388 0.140145
0.0870769 -0.60035 -0.668897
0.566067 -0.673825 0.0123514
-0.513012 0.661939 -0.265676
0.0736719 0.723931 0.203563
-0.453257 -0.573091 0.663004
0.121706 0.0940894 0.825002
-0.251599 0.154536 -0.760472
-0.180707 0.716588 0.357109
-0.819457 -0.124385 0.334879
-0.470719 -0.71711 0.377427
0.630346 -0.0593746 0.443202
0.219878 0.477954 0.535837
-0.325702 0.79266 -0.198263
-0.501853 0.61698 0.294288
0.00246171 -0.7483 -0.50468
-0.227018 -0.715582 0.577756
-0.878566 0.141831 -0.175395
0.526675 -0.668174 -0.276006
-0.368952 0.709724 0.261399
-0.335745 -0.795089 -0.0872506
0.788454 0.150979 -0.0882561
-0.810016 -0.272283 -0.213491
0.494869 0.272904 0.493274
-0.869985 0.139026 -0.0451308
0.0916217 -0.793994 0.401367
-0.627699 0.328153 0.473812
0.151309 -0.422724 -0.758169
0.509662 -0.361662 0.497896
-0.12415 0.881269 -0.0495567
-0.685184 0.534588 -0.242171
-0.816227 -0.336689 -0.0855121
0.754436 -0.148674 0.29566
0.439798 -0.535815 -0.579059
0.384681 -0.360145 0.614406
0.171569 0.246362 0.739891
0.763026 -0.262949 0.207292
0.166519 0.621067 -0.460442
-0.00674663 -0.855966 0.324567
0.671268 -0.473807 0.219222
0.589287 -0.228649 0.492882
-0.200691 0.329687 -0.728263
-0.747507 0.307287 0.280504
0.510443 -0.7114 -0.228429
0.541001 0.430446 0.1976
0.546106 -0.607946 0.261255
-0.738899 0.506158 -0.106786
-0.16441 -0.855702 0.245427
-0.482821 -0.685833 -0.211343
0.125496 0.730511 0.127564
0.775261 0.0235316 0.265597
0.1046 -0.866841 -0.127676
-0.773304 -0.192596 -0.392731
-0.73942 0.102631 -0.486765
0.251976 0.451682 -0.573556
-0.873734 0.0170544 -0.19286
0.665445 -0.530504 0.102997
0.665604 -0.543179 -0.239827
-0.38547 0.772567 -0.144331
0.258771 -0.826895 -0.218019
-0.493652 0.692335 -0.232821
-0.56072 0.557581 0.292194
-0.468292 -0.218188 -0.664812
0.801696 0.144466 -0.0397027
-0.562595 0.568941 0.271612
-0.558863 -0.740821 0.0833037
-0.298024 0.779413 0.168234
0.0195171 -0.867105 0.173107
-0.834004 0.277871 -0.173311
-0.0827826 0.834055 -0.253914
0.109941 -0.512227 -0.736447
-0.870432 0.0293567 -0.0171551
0.117813 -0.841193 0.201324
-0.823887 -0.119391 0.316617
0.243495 -0.475129 0.66203
-0.322255 -0.829353 0.137767
0.238309 0.45705 0.544086
0.357661 0.00644359 -0.722858
0.0032608 -0.770472 -0.447981
-0.625823 0.539325 -0.336067
0.259114 0.377056 0.600235
0.629882 -0.391269 -0.459823
0.39917 -0.784498 -0.0213477
0.303281 0.430247 -0.562646
-0.19624 -0.0481528 -0.78102
0.342581 0.418277 -0.549919
-0.458063 -0.667414 -0.278178
-0.832088 -0.186451 0.221556
0.390064 -0.677056 0.319836
-0.083027 -0.733841 -0.491982
-0.581207 -0.279412 0.708123
0.242744 0.415922 0.579619
0.046812 0.66227 0.396539
-0.60555 0.523748 -0.397266
-0.787759 -0.286237 -0.252427
-0.0127892 0.639725 -0.535197
-0.00600123 -0.234161 -0.794982
-0.599039 -0.675177 -0.0588851
-0.206626 0.236144 0.811824
-0.831731 -0.310356 -0.05014
0.578556 -0.252568 0.490251
-0.164492 -0.834342 0.414917
0.82099 -0.215478 -0.246575
-0.414461 -0.691596 0.489669
0.775532 -0.382662 -0.243434
-0.406701 -0.181316 0.857736
0.445642 -0.534523 0.439894
0.806199 0.0314934 0.195957
0.447735 -0.370267 -0.651605
-0.8192 -0.277405 -0.18132
-0.455623 -0.383043 0.773287
-0.62968 -0.521536 -0.254523
-0.463539 -0.542314 0.67162
0.742058 -0.379085 0.161856
-0.851588 0.0337014 0.212192
-0.120021 0.541641 -0.611498
0.318573 0.568123 -0.405328
0.156765 -0.677583 0.539048
-0.0977384 -0.447575 -0.740561
-0.14046 0.0693699 0.890604
-0.755634 0.477311 -0.0759182
-0.475435 -0.639972 0.539317
-0.623464 -0.422329 0.56873
0.515563 0.381852 0.306014
-0.829599 -0.351057 0.0121896
0.627171 -0.618554 -0.109328
0.500606 -0.0896593 0.576892
0.755462 0.237196 0.138786
0.00242217 0.814193 -0.242543
0.407321 -0.0606506 -0.704644
-0.00749844 -0.837498 -0.277563
-0.512183 0.0280224 0.774244
-0.255389 -0.60558 -0.579972
0.159742 0.411673 -0.639602
-0.746689 -0.517677 0.236662
-0.63253 -0.500093 0.508607
-0.190079 -0.851768 -0.00733969
0.043609 0.178708 0.827241
-0.605733 -0.703232 0.0972235
-0.746422 0.0474924 -0.476005
-0.544591 -0.274803 0.747541
-0.248983 0.356712 0.728751
-0.603537 -0.297991 0.671016
-0.596916 -0.339108 -0.506068
0.11706 0.776433 -0.173408
-0.351175 -0.746707 -0.202606
-0.769192 0.0869041 -0.446152
-0.672902 -0.0639014 -0.55617
-0.632189 -0.454964 0.537924
0.0210581 0.739427 -0.397202
0.498928 -0.296081 -0.631078
0.440508 0.394358 -0.509065
-0.604235 -0.206297 -0.587999
-0.507584 0.695432 0.0538482
-0.701173 -0.137678 -0.514814
-0.334242 -0.212407 0.883871
-0.191811 0.70521 -0.474689
0.603129 0.0543981 0.442295
-0.493133 -0.0634465 0.794012
-0.877653 0.0774913 -0.0688548
0.164208 0.234011 -0.735903
0.407401 0.090052 -0.708397
-0.150977 0.838213 -0.203305
0.464144 0.0898077 0.570088
0.167512 -0.711793 -0.529224
0.818936 -0.125618 0.155854
-0.277014 0.773371 0.207545
-0.67052 -0.506536 0.459597
-0.80674 0.180692 -0.355748
0.0602913 0.776253 -0.280458
0.680221 0.319043 0.148415
-0.309501 0.230684 0.770212
0.421036 -0.599569 0.39096
0.130861 0.340507 0.699086
0.711611 -0.506292 -0.127828
-0.131523 -0.861648 -0.0251906
0.773006 -0.401548 -0.208816
-0.430285 -0.622513 -0.391334
-0.322454 0.521911 0.558958
-0.345883 -0.537178 -0.577822
-0.0252581 0.320089 0.760249
-0.327819 0.30352 -0.710094
-0.439923 0.145989 -0.716499
-0.38974 0.500168 -0.589764
-0.219003 0.479953 -0.637426
0.176837 -0.502159 0.692791
-0.177977 0.582809 -0.576617
0.588748 0.369315 -0.343492
-0.0138973 -0.0631981 0.90824
0.613878 0.0497606 0.432744
0.710553 0.22831 -0.258799
-0.182683 0.0486984 -0.774218
-0.153983 -0.469216 -0.712483
-0.0416174 -0.24632 -0.795695
0.181633 -0.803505 -0.350281
-0.501667 -0.76206 0.148859
0.0150586 -0.564062 0.748564
0.534 -0.0868597 0.545788
0.018657 -0.872475 -0.11084
-0.600278 0.622813 0.0408076
-0.703687 -0.19768 0.595123
-0.118965 0.629378 -0.550349
-0.64591 0.50489 -0.370838
-0.0702819 0.380457 -0.712361
0.217635 0.608389 0.353686
-0.43565 -0.161723 0.837674
-0.38779 -0.772186 0.318397
0.230158 0.646031 0.246289
0.53859 0.3216 0.363183
-0.391034 0.77269 0.0769208
-0.818291 0.331611 -0.165572
0.0316875 -0.713521 0.598437
-0.288185 0.785799 -0.291237
-0.219683 0.811943 -0.264406
0.218816 0.465321 0.551707
-0.645785 -0.163122 -0.562966
-0.521249 -0.209827 0.777401
-0.144709 -0.096214 0.935136
-0.453561 -0.0954398 -0.702112
0.294825 0.151076 -0.723306
0.706396 -0.0258831 -0.449538
-0.132286 0.0151814 -0.776801
0.483381 0.301757 0.470817
0.83231 -0.103665 0.132166
-0.567361 -0.726634 0.13938
0.524942 0.495366 -0.232366
0.0743863 -0.865976 0.0456847
0.244094 -0.585934 0.565157
-0.0483655 0.200891 0.853117
0.602062 -0.0898475 0.478827
-0.31292 -0.776574 -0.161787
0.61061 -0.535369 -0.369647
-0.855251 0.214664 -0.0165556
-0.689372 0.535004 0.0379604
0.62701 0.267515 0.312587
-0.814098 -0.328428 0.212276
0.132945 -0.854305 0.0129226
0.759774 -0.323956 -0.323457
0.0951358 0.138214 -0.764594
0.359923 0.0847401 0.663407
0.397967 0.121539 0.61993
-0.500906 0.687738 -0.229034
0.333442 -0.195407 -0.721094
-0.366675 -0.561726 0.711699
-0.309702 -0.253848 0.877697
0.585151 0.0499778 -0.608667
-0.221999 -0.543112 -0.651714
0.297626 0.456904 -0.539989
-0.144945 -0.783952 0.512342
0.348852 0.442363 -0.522358
-0.277863 -0.564051 0.724399
-0.242811 -0.583345 0.715328
-0.693473 0.557059 -0.120056
0.0247009 -0.584238 -0.679884
0.71689 0.316608 0.0610728
-0.394852 0.302591 0.694583
0.693828 -0.441996 -0.362526
-0.86587 0.023851 -0.246823
-0.535251 0.565429 -0.407237
-0.476865 -0.775581 0.151572
-0.41989 0.616818 0.395073
0.190032 0.684053 -0.346864
-0.307325 -0.8316 0.243292
0.869807 -0.10641 -0.00312938
-0.42335 -0.790709 0.217067
0.701655 -0.498704 0.0202507
0.112713 0.244758 0.766055
-0.323841 0.669196 -0.42597
0.630677 -0.172243 0.467798
0.0596771 -0.533869 0.746546
-0.465222 0.430666 0.562172
0.212811 -0.179903 -0.762599
0.572244 0.061521 0.471238
-0.77874 -0.385969 0.345112
0.0200305 -0.740325 -0.523744
-0.863258 -0.125613 -0.0436631
-0.195838 0.448495 -0.663027
0.105277 0.755415 0.0766989
