ply
format ascii 1.0
element vertex 10000
property float x
property float y
property float z
element face 0
property list uchar int vertex_indices
end_header
0.375819 -0.719187 0.0507984
0.591142 -0.343934 0.388471
0.858291 -0.129851 0.0151047
-0.678145 0.49568 -0.382726
-0.817067 -0.0217128 0.264837
0.848625 -0.140221 -0.228137
-0.780378 0.186624 0.201613
0.253155 0.654941 -0.497965
-0.426605 0.442027 0.556751
0.308853 0.136826 0.641314
-0.409441 -0.429371 -0.60864
-0.45992 0.519347 -0.643968
-0.637887 -0.619819 0.181446
0.561015 -0.566881 -0.422158
-0.388615 0.0799957 -0.80688
0.376869 0.103801 0.611192
-0.500805 0.732262 -0.173857
0.717659 0.107513 -0.477806
-0.57401 0.451026 -0.609353
0.394657 0.541645 -0.504696
0.758147 -0.397289 -0.235601
-0.586273 -0.157892 0.633692
-0.747204 0.160636 0.377546
-0.79251 0.202238 -0.0794123
0.303832 0.281456 0.55925
0.72174 -0.27686 0.238972
0.651094 -0.55409 0.0846884
-0.68727 0.53653 -0.168826
0.130058 -0.774811 -0.276222
0.692404 -0.421485 -0.417803
-0.783121 -0.0291494 -0.233983
-0.645511 0.57554 -0.221774
-0.613053 0.641127 -0.0075694
0.059897 0.0579988 0.822538
0.306275 -0.750535 0.0815834
-0.472073 -0.749969 0.0964057
0.658051 -0.256743 0.330102
0.608768 -0.297471 0.378996
0.160012 -0.521262 -0.704928
-0.555574 0.710945 0.0051996
0.382402 -0.445724 0.539824
-0.19145 -0.823609 0.0967896
-0.00829517 0.791276 -0.416363
0.557003 0.20218 0.394767
0.159582 0.57274 0.417017
-0.065081 0.920724 -0.121521
-0.483038 0.634444 -0.490443
-0.812457 0.0205432 0.255636
-0.479919 -0.728407 -0.0814569
0.247208 -0.721761 0.293057
0.242563 0.300178 0.592708
-0.693039 -0.368882 -0.224544
-0.428087 0.773788 0.134677
-0.216214 -0.173588 -0.787774
-0.239734 0.385675 -0.772721
0.444481 0.530133 -0.465033
-0.162566 0.01559 -0.840837
-0.722016 0.311247 0.297596
-0.0818894 0.219393 -0.863892
-0.515124 -0.546636 0.523512
0.367605 -0.649004 0.315922
-0.533454 0.677719 -0.304189
-0.384045 -0.627513 -0.412481
-0.733817 0.46853 -0.0921168
-0.473966 0.526852 0.443784
-0.154491 -0.426248 0.76346
-0.0765982 0.739069 0.334587
-0.805738 0.135781 -0.0117026
-0.76136 -0.34048 0.257163
0.222222 -0.306591 -0.81892
0.525076 -0.315768 0.470623
-0.174519 0.753709 -0.491001
0.449683 -0.432442 -0.708357
-0.587059 -0.522528 -0.305406
-0.447993 0.764231 0.124946
0.729889 0.300271 0.0961173
-0.648047 0.56158 -0.278246
-0.236792 -0.289987 0.819298
0.382887 -0.049224 -0.800935
-0.694715 -0.38415 -0.205414
-0.123233 -0.764367 0.389832
-0.373742 0.487577 -0.709032
0.265629 -0.137921 -0.84883
0.540854 0.566918 -0.130431
-0.372566 -0.426972 0.708916
0.472063 -0.42701 -0.689643
0.301479 0.162705 0.631732
-0.288059 0.832293 -0.347134
0.126518 0.47621 -0.735737
0.597977 0.529063 -0.197026
0.57809 0.544499 -0.19641
0.188107 -0.80627 0.114237
-0.487528 -0.626838 0.494054
-0.244066 -0.250488 -0.759748
0.130095 -0.586315 0.587786
-0.248661 -0.810882 -0.0293972
0.442885 -0.620282 0.264919
-0.655402 0.351055 -0.554219
-0.0168256 -0.822022 0.248581
0.0936999 0.278628 -0.839504
0.714474 -0.105889 0.295467
-0.0765908 0.836607 -0.345284
-0.776682 0.280417 -0.109937
0.499506 0.436862 -0.528477
-0.755257 -0.367066 0.285821
0.172994 0.778062 0.123096
0.806218 -0.32373 -0.176882
0.0142116 0.717739 0.37096
0.0153201 0.728739 -0.50946
0.324113 -0.636902 -0.530289
-0.773475 -0.121188 -0.207867
-0.663189 0.366046 0.401981
-0.711842 -0.419212 0.395308
0.146113 0.850513 -0.126823
0.868448 -0.075943 -0.192984
-0.302183 0.867447 -0.127837
0.747612 0.0199561 0.254541
0.213219 -0.386558 -0.792773
0.642234 -0.493114 0.222425
-0.657402 0.435402 0.343891
0.514806 0.22884 0.412406
-0.794388 -0.159616 0.31963
-0.56726 0.672987 0.0799949
-0.596336 -0.646781 0.217237
0.575443 -0.125364 0.453105
0.435236 0.385238 -0.644097
-0.572034 -0.0281253 -0.676381
-0.438017 -0.50747 0.628175
-0.72488 0.00251267 -0.46826
-0.754893 0.0621509 -0.428086
0.77818 -0.351189 -0.274751
0.554304 -0.0748915 -0.705099
0.75151 -0.432888 -0.164708
-0.711552 0.241686 -0.543758
0.294728 0.301369 -0.77037
0.144986 0.450231 0.535876
-0.582841 0.407009 -0.626008
0.585897 -0.460891 -0.533539
-0.671564 0.200362 -0.590344
0.205857 0.805738 -0.255037
-0.471438 0.00768672 0.712284
-0.0507918 -0.647467 0.58659
-0.543887 0.524862 -0.572781
-0.79617 -0.204828 0.164042
-0.0708463 -0.171922 0.856024
-0.12633 -0.586738 0.656714
-0.518598 -0.716381 0.0906564
-0.685621 0.429628 -0.428296
-0.00154704 0.029869 -0.860373
-0.539842 0.558193 0.345461
-0.0480977 0.310027 0.757915
-0.743272 0.411947 -0.307027
0.668138 -0.543443 -0.128682
0.217192 -0.789665 -0.0538852
-0.0209763 -0.816625 0.0624117
-0.761392 0.179905 -0.415213
-0.136584 -0.358852 -0.750332
0.269848 -0.642323 -0.538844
0.502511 -0.599776 -0.464691
0.633687 -0.573768 -0.15977
-0.751896 0.238721 0.267185
-0.706923 0.424892 0.224484
-0.777852 0.00330017 -0.301962
-0.650395 -0.0280978 -0.605476
0.563716 0.543374 -0.240916
0.693378 -0.313062 -0.507971
0.574761 0.0453635 0.447174
-0.654856 -0.463874 0.428361
-0.0266215 0.866876 0.0890204
-0.165749 -0.22373 0.850672
-0.545757 -0.351495 -0.542187
-0.190861 -0.785055 0.317409
0.25702 0.764148 -0.00485523
-0.078796 -0.804212 -0.065178
-0.699738 -0.504163 0.337251
-0.478282 -0.664151 -0.271822
0.400927 0.66545 -0.0253021
0.37434 -0.242793 0.621174
0.065299 -0.778116 -0.26412
-0.323971 -0.77537 -0.102756
-0.171859 0.713592 -0.561152
-0.617399 -0.320841 0.55539
-0.193032 0.868836 -0.289479
0.359287 -0.252893 0.630378
-0.679344 -0.0209427 -0.558286
0.0826565 0.87518 -0.183249
-0.299301 0.45391 0.599147
-0.493642 -0.315519 0.671081
0.842536 -0.217522 -0.097073
0.620695 -0.582245 -0.0244632
0.379264 0.663312 -0.303855
0.281825 0.608757 -0.530238
0.266302 0.622808 0.272215
-0.707351 -0.126345 -0.422929
0.436628 -0.32161 -0.754151
-0.620506 0.625253 -0.0839703
-0.368696 0.0295756 0.766346
-0.202853 -0.342312 -0.741323
0.622976 -0.0417883 -0.624504
0.279669 0.73584 0.0509611
-0.348353 0.490948 0.54961
0.116405 0.105595 -0.871084
-0.390366 -0.242749 0.767094
0.115876 -0.609719 0.566003
0.56302 0.188553 -0.644
-0.300422 -0.498084 0.69101
0.0155664 0.0563325 0.833646
-0.752686 0.400703 -0.22256
-0.137246 0.903444 -0.024536
0.584628 0.0341269 0.440892
0.294364 -0.532268 0.545761
-0.463739 0.78212 -0.0869417
0.671553 -0.202149 -0.582007
0.715361 0.134716 0.272348
-0.53155 0.583239 -0.520768
-0.415092 0.0921801 -0.803226
-0.545992 0.0164017 -0.699067
0.107848 0.70798 -0.518754
0.631082 -0.361437 0.336158
0.185824 -0.786946 0.1979
0.709458 0.394291 -0.23321
-0.356431 0.844727 -0.230672
-0.0519971 0.682702 0.404922
-0.01557 -0.762859 -0.391468
0.212312 0.728395 0.176173
0.187419 0.336707 0.605382
-0.407995 -0.408202 -0.623549
0.849957 -0.157154 0.0263561
-0.484506 -0.168491 -0.710539
0.817726 0.0924559 0.103144
-0.35504 0.435669 -0.731733
-0.486518 -0.0685693 -0.733735
0.202924 -0.238886 0.747923
0.417901 0.0886266 -0.775339
-0.716182 0.202782 0.416746
0.798666 -0.235859 -0.331437
-0.428497 0.593168 -0.584333
0.802922 -0.321842 -0.0447545
0.273466 0.708837 -0.389678
0.510826 -0.327022 -0.698271
-0.61769 0.018473 0.61987
0.354394 -0.323059 -0.794462
-0.257029 -0.585929 -0.548412
-0.280677 -0.25639 -0.750339
-0.0188896 0.727112 -0.518549
0.369391 0.153123 -0.788454
0.785461 -0.0519057 0.202803
-0.559456 0.679663 -0.164882
0.211591 -0.223892 0.748826
0.114926 0.864683 -0.193293
0.353037 -0.666069 -0.466831
0.175433 -0.482185 -0.732637
-0.439364 -0.734725 -0.152337
-0.0582689 -0.317963 0.81022
-0.0961216 -0.612253 0.634183
-0.106558 -0.784895 -0.249593
-0.755038 0.388393 -0.276268
-0.44397 0.137749 -0.785144
0.375291 -0.415395 -0.740648
0.311177 -0.196525 -0.841477
-0.241489 0.874079 -0.0293067
-0.347481 -0.740908 0.3589
0.30757 -0.0627194 -0.831134
-0.166906 -0.238396 -0.779474
-0.220813 -0.780684 0.31322
0.668453 0.384141 -0.376009
-0.186468 -0.825872 0.157681
-0.751135 -0.266138 -0.100868
0.482447 0.116827 0.51568
-0.410351 -0.689336 -0.27233
-0.21211 0.223085 0.799041
-0.235809 -0.822107 0.170646
-0.362082 0.696921 0.327419
0.191533 0.351022 -0.787338
0.598047 -0.080558 -0.655875
-0.720915 -0.462466 0.208575
0.66961 -0.448017 0.239927
0.510889 0.120965 -0.707377
-0.137267 -0.812082 -0.00181502
-0.771557 0.301998 -0.0982598
0.20614 0.344982 0.585332
0.251686 -0.773058 0.122332
0.0881341 0.495023 -0.729688
0.153101 -0.769329 -0.318576
0.131096 0.578506 0.433946
-0.491623 -0.728538 -0.023777
0.517362 -0.572862 0.257472
-0.624716 0.550881 -0.433413
-0.444808 -0.18831 -0.729671
-0.232123 -0.773356 0.329032
-0.708576 -0.481077 0.111892
-0.565007 0.311469 0.540062
-0.115789 0.158506 -0.859746
0.135306 -0.293705 -0.819784
0.871198 -0.013293 0.00881323
-0.731907 0.477786 -0.0984569
0.373934 -0.0268041 0.639571
-0.129132 -0.370083 -0.748583
0.226154 -0.233598 -0.842708
0.623417 -0.535894 -0.357999
-0.527661 0.670929 -0.364391
0.444089 -0.704785 -0.326462
-0.340656 -0.735233 -0.23042
-0.656892 0.588014 -0.00561693
-0.184757 -0.678765 0.539522
0.0799525 0.809125 0.19884
-0.0515114 -0.824985 0.137668
0.269008 -0.434972 -0.75789
-0.217691 -0.603124 0.631611
0.194682 0.493902 0.463791
0.184283 -0.722699 0.384791
0.659575 -0.305862 0.315933
0.649173 0.276428 -0.499196
-0.247879 -0.688994 0.506527
0.847295 0.024976 0.0538085
-0.752112 -0.236187 0.417357
0.0910701 -0.744806 0.404136
-0.22939 0.0915923 -0.835568
0.514882 -0.29447 -0.702739
-0.709095 -0.114761 0.511802
0.649338 -0.331809 0.321697
-0.360718 -0.0457521 -0.785726
-0.637766 0.0371431 -0.620151
-0.374562 -0.734733 -0.205606
-0.078301 0.596667 -0.676037
-0.402479 -0.408832 0.69959
-0.454709 0.481511 -0.682395
0.142641 -0.55085 -0.678282
0.549065 -0.289955 0.452512
0.124984 0.133289 -0.87303
-0.195403 -0.746928 0.407436
0.0147896 0.0332564 0.83828
-0.615335 -0.277784 0.577433
0.0146304 0.381072 0.685512
0.248478 -0.391852 0.664832
-0.63063 0.00560322 -0.625407
0.552682 0.0218553 0.474656
-0.195114 0.852283 0.133484
0.300342 0.327437 -0.75613
0.084775 0.328778 -0.818801
0.631067 0.471322 0.000688169
-0.00793986 0.813089 0.237341
-0.442987 0.57169 0.420616
-0.399896 -0.543147 -0.508562
0.714702 -0.445689 0.144218
-0.284064 -0.753192 -0.234368
-0.65066 0.587587 -0.0953183
0.0731119 -0.614322 0.577949
-0.455097 -0.741816 -0.0855482
0.153752 0.0289315 0.80058
-0.501663 0.667113 0.226318
0.164032 -0.777945 0.257083
-0.818488 -0.0559937 0.0324889
0.128177 -0.754514 -0.380965
-0.210556 0.590536 -0.662755
0.280262 0.770548 -0.135875
-0.0955218 -0.207314 0.850447
0.260437 -0.445271 0.630654
-0.186903 0.521062 0.560865
-0.70259 -0.261521 -0.308969
-0.589923 0.637837 0.108527
0.559569 0.299229 0.304169
-0.708112 0.050753 -0.526079
-0.728395 0.479535 0.0126811
0.728677 -0.00423431 0.289586
-0.428239 -0.0338441 -0.771971
0.0563139 -0.812535 0.0381334
0.0887956 0.29504 0.70774
0.314153 -0.602816 -0.586137
-0.5442 0.433471 0.465692
-0.623974 -0.617091 0.310889
0.421765 -0.523267 -0.657287
0.141237 -0.770516 -0.311222
-0.0930165 -0.800263 -0.104999
0.243816 -0.00667675 -0.850723
0.73119 -0.131736 0.265044
0.471441 0.159635 0.500624
0.102841 0.799342 0.185702
-0.00990282 0.841252 -0.331676
0.561296 0.376612 0.228224
0.825521 -0.265683 -0.0951311
-0.691186 0.550864 0.0452389
0.865883 0.0886869 -0.0716417
0.314575 0.0535556 0.676543
-0.161919 0.480413 0.599826
0.565172 -0.615091 0.0455391
0.534475 0.447293 0.185129
-0.233912 -0.387588 0.773825
0.680745 -0.1184 -0.563096
0.43998 0.324907 0.398153
0.521625 -0.650407 -0.0313469
-0.315737 0.837958 0.042467
0.0878297 0.501573 -0.72585
0.149938 -0.201377 0.781563
0.231916 -0.759988 -0.305331
0.0833911 0.716201 -0.512616
-0.0494653 0.541601 -0.715145
0.553174 -0.096132 0.477567
-0.065467 -0.244408 -0.798953
-0.657025 0.336856 0.431673
0.36486 0.613649 -0.443054
0.441688 -0.623893 0.258498
0.204908 -0.72617 0.34544
-0.750776 0.287774 0.213799
-0.156584 -0.34458 -0.750348
-0.00588168 -0.822315 0.240498
0.0758115 0.821605 -0.323922
-0.403648 -0.125094 0.762228
0.823929 -0.0271854 0.125922
-0.110475 -0.645534 -0.536558
-0.126713 -0.253213 -0.783528
0.260052 -0.304863 -0.819508
0.0996014 -0.693772 0.471586
0.00392074 -0.26434 -0.807615
0.121395 0.754552 -0.43717
0.603962 0.471526 -0.319132
0.75777 -0.259905 -0.41469
-0.385034 0.622359 -0.582359
0.46106 -0.0171093 0.567157
-0.73753 -0.232982 0.455383
-0.367284 0.197886 0.739573
-0.792212 0.204128 -0.0957241
0.864215 -0.0816418 0.0238724
0.0474208 -0.20579 0.819447
-0.432652 -0.759457 -0.0221298
-0.546749 0.647435 0.179523
-0.577799 -0.679117 -0.0313134
-0.587298 0.524069 0.339337
-0.156572 -0.790857 -0.205327
-0.830626 0.00644419 0.172826
0.510412 0.545269 0.0879455
-0.641948 -0.5923 -0.120465
-0.2678 0.238786 -0.809562
0.0626767 0.540421 -0.706184
0.729196 0.210712 -0.416113
-0.728121 0.493288 -0.0881637
-0.326125 0.58365 0.472639
-0.366967 -0.435941 -0.630985
0.571735 0.537245 -0.0903363
0.215207 -0.735679 0.30309
0.0656802 0.604254 -0.66042
0.0376854 -0.389379 0.753733
-0.407971 0.563272 0.456308
0.315348 0.147258 -0.809738
0.207236 0.397177 0.539222
-0.46171 0.766868 0.0873465
-0.401919 0.817232 0.00398106
-0.683951 0.374659 -0.48374
-0.76092 0.245876 0.218241
-0.475837 -0.592374 0.531951
0.781464 0.321976 -0.0694745
-0.493126 -0.0647743 -0.73088
-0.786921 0.110933 -0.297318
0.173876 -0.784602 -0.157287
-0.670187 0.0667916 0.540025
-0.366133 0.788334 0.16762
-0.313938 -0.664805 -0.396106
0.169192 0.57324 0.407957
-0.406399 -0.755632 0.241668
-0.740988 0.271082 0.277525
0.0248304 0.713822 0.374677
-0.275022 0.806192 -0.394429
-0.386246 -0.76979 0.214464
-0.472073 -0.690252 0.356986
0.323949 -0.652492 0.375682
-0.591494 0.294706 0.529955
0.638066 0.182508 0.329908
-0.54477 -0.417786 -0.49741
-0.781894 0.0780643 -0.329984
0.453027 -0.64032 -0.477947
-0.194672 0.715766 0.350877
-0.506877 -0.700107 0.251531
-0.425083 -0.688291 0.445178
0.630749 -0.0619078 -0.617268
-0.820907 -0.0108477 0.0080414
-0.357506 0.358366 -0.752442
0.137739 0.70552 -0.5085
-0.374015 0.407482 -0.734436
0.103089 0.199077 -0.868753
-0.739471 0.459997 -0.225041
-0.762022 0.245564 -0.369923
0.849237 -0.196894 -0.075484
0.560121 0.461872 0.129862
-0.210739 0.713359 -0.549753
-0.747471 0.4126 -0.129092
0.0103345 0.354345 -0.820283
-0.376119 -0.0262461 -0.786351
0.788166 -0.0326957 -0.403715
-0.742236 0.0778733 0.425994
0.668608 -0.275286 -0.568754
-0.658833 0.328639 -0.564318
0.115873 -0.573424 0.608741
-0.473991 -0.0728104 0.721827
0.363033 -0.722382 0.0769041
-0.813235 0.0950839 -0.0801552
0.641209 -0.56749 -0.115562
-0.592627 0.402264 0.443186
0.115673 -0.720378 -0.447916
-0.00031167 0.35396 -0.822458
-0.165651 0.34364 0.731296
0.549932 0.452716 0.156299
0.781972 -0.257161 -0.358256
0.551075 -0.640464 -0.222475
-0.126398 0.474387 0.605462
-0.590876 -0.438081 -0.38205
0.129294 0.749863 0.239736
0.735231 -0.394975 0.164145
0.164131 0.651183 0.335113
0.747499 0.365489 -0.0777122
0.122899 -0.146676 -0.854461
0.703997 0.0757679 -0.50536
0.721943 0.244704 0.19269
0.201954 0.808085 -0.0446041
0.0272416 0.885444 -0.0288604
0.268072 0.0278874 0.716738
0.0725677 -0.80388 0.277765
-0.351087 0.372955 0.64576
0.0735326 0.384266 -0.79354
-0.639062 -0.194343 0.582058
0.29514 0.156678 0.63994
-0.732253 0.030921 -0.464358
0.247296 -0.788292 -0.0266681
-0.645462 -0.54895 0.380889
-0.794829 0.119728 0.216518
0.521374 -0.431014 0.427085
0.0653381 -0.820445 0.224501
0.434269 -0.574576 -0.580269
0.744841 -0.247605 -0.453422
0.862131 -0.0651695 -0.207173
-0.109191 -0.239783 0.844122
-0.595125 -0.649832 0.195397
0.175205 0.48035 -0.72683
-0.349275 -0.513808 0.661663
0.809227 -0.23408 -0.306317
-0.632906 -0.621835 0.198019
-0.341143 -0.484358 0.688781
-0.197853 0.303082 -0.810548
-0.804734 -0.0339238 0.295346
0.403773 0.493874 -0.554215
0.562975 0.53966 -0.0548448
0.835851 -0.229197 0.00128668
-0.390555 0.322953 -0.753368
0.723702 -0.259217 -0.496662
0.400536 0.335157 0.427447
0.358611 0.695818 0.000787365
0.808405 -0.27412 -0.284176
-0.220983 -0.479359 -0.679028
0.0910468 0.675842 -0.565416
-0.690763 0.135289 -0.57508
0.664952 0.434951 -0.281644
0.16524 -0.638614 0.511932
-0.782338 0.190711 -0.320855
0.457736 0.259094 -0.703495
-0.476946 -0.733105 -0.0555287
-0.37268 -0.119973 0.779986
-0.203984 -0.799285 -0.134668
-0.534424 -0.435942 -0.496346
-0.130242 0.450128 0.628794
-0.571256 0.683092 -0.0807745
0.116759 0.304865 0.681522
0.845218 0.0797464 0.0309644
-0.14333 0.864438 0.128364
-0.419124 0.558017 -0.630234
-0.361082 -0.38909 -0.675142
-0.0135058 0.151876 0.822092
0.752697 -0.207359 -0.459648
-0.440853 -0.0540811 -0.761582
-0.802593 -0.0602259 0.302405
-0.1903 0.522334 -0.710041
-0.190136 -0.34791 0.799537
0.771415 0.118677 -0.397068
-0.705003 -0.47022 0.0134339
-0.780309 0.265517 -0.216355
0.28233 -0.557013 -0.654327
-0.685677 -0.488876 -0.116688
-0.583101 -0.332324 0.582158
0.353077 -0.319132 0.613626
0.477653 0.189593 -0.715105
0.473419 -0.42286 -0.691582
0.102706 -0.783859 -0.2035
-0.758961 0.130468 0.364424
0.582858 -0.0397955 -0.669903
-0.670302 0.344122 0.410075
0.359792 0.712743 -0.177612
0.204522 0.332377 -0.79094
-0.307591 0.0608594 0.796012
-0.0823824 0.723453 0.354059
-0.661835 0.525353 0.198385
0.26202 0.0947375 0.694381
0.340001 0.0295434 -0.810582
-0.200511 -0.826113 0.124123
-0.522858 -0.674944 0.31199
-0.820364 0.0504625 -0.0114233
0.638127 0.406052 -0.386585
0.774691 -0.0587868 0.221689
0.861997 -0.15567 -0.0344134
-0.185737 -0.0698883 0.872802
0.79081 -0.143656 -0.407816
-0.572525 0.451735 -0.611119
0.711779 0.335774 -0.356429
-0.363038 -0.762252 -0.11661
-0.558419 0.691479 0.0583768
-0.828607 0.0154384 0.172462
-0.718725 -0.188163 -0.344094
-0.547287 0.449461 0.448116
-0.152298 -0.732933 -0.37937
0.310754 -0.223521 -0.840563
0.0291195 -0.406209 0.745878
0.498232 -0.594559 -0.479844
0.0708614 -0.77477 -0.29221
-0.152129 0.678256 -0.604039
-0.229613 -0.144358 0.860813
-0.248824 -0.458507 -0.681707
-0.482103 -0.276302 -0.645827
0.494291 -0.674807 -0.108546
0.204663 0.806528 -0.0458019
-0.601458 -0.148909 0.623003
0.516651 0.56918 0.00507125
0.129457 -0.505164 -0.720262
0.227164 0.121114 0.705501
0.0242622 -0.784715 -0.216647
-0.563019 0.682998 0.0671216
0.143859 0.747142 0.227637
0.381059 -0.676751 -0.434065
-0.592241 0.488123 0.367508
0.715501 0.357873 -0.303958
-0.04424 -0.0132837 0.861607
-0.0849686 -0.808919 -0.0219758
0.0268344 0.312428 -0.835394
0.147233 -0.466494 0.676908
-0.347677 0.0279337 0.778239
-0.271494 0.855442 0.0225075
-0.766361 -0.267022 0.0431398
-0.770783 -0.21795 -0.0464038
0.0722424 0.761941 -0.453275
-0.130681 -0.760973 0.395221
-0.028819 -0.361869 -0.771775
-0.698047 0.454689 0.221388
0.150403 -0.689727 -0.492466
0.455161 -0.627801 0.228543
0.200677 -0.36008 0.702375
-0.82384 0.0446087 0.089579
-0.637919 0.351392 0.439016
-0.286154 0.768793 -0.442658
-0.627449 -0.488606 -0.254778
-0.0310032 0.435749 0.638982
0.0170259 0.610218 0.472894
-0.528349 -0.194263 -0.657415
-0.649091 0.579925 0.10866
0.631617 -0.509861 -0.395747
-0.559022 0.164897 -0.687086
0.250811 -0.711635 0.317366
-0.760062 -0.245579 -0.0725672
0.829287 0.220453 -0.0707801
-0.473508 -0.572059 0.549427
-0.0255722 -0.697122 0.520526
-0.747621 -0.306129 -0.0270636
-0.0425827 -0.500139 -0.724246
-0.0246276 -0.136377 -0.838399
0.232304 -0.601528 -0.614014
-0.379245 -0.443918 0.695986
0.354805 -0.741928 -0.0455022
-0.718167 0.227942 0.393959
0.401154 -0.739489 -0.269
0.598597 -0.450185 -0.528848
-0.751486 -0.219929 0.421339
-0.0283331 0.849533 0.15425
0.428972 -0.241187 0.576012
-0.0472783 0.897513 -0.0139844
-0.223441 0.422826 0.649444
-0.76655 0.0575754 -0.400451
0.240243 0.439656 0.477207
0.565259 -0.571046 -0.407372
0.616046 0.382799 0.156927
0.370732 0.0169758 -0.799873
-0.191088 0.841359 0.153876
-0.58485 -0.469596 -0.36309
0.591577 -0.154715 0.432385
0.216547 -0.624318 0.50793
-0.125441 -0.583114 0.659548
-0.593861 -0.66488 0.052722
-0.597709 -0.001129 0.636148
-0.546377 0.431009 0.465701
0.397346 -0.565679 -0.612495
-0.109695 0.378994 0.695708
0.165832 -0.0928583 0.789804
0.0449874 -0.0434845 -0.85765
-0.271563 0.756003 0.271765
0.475536 0.44876 -0.538803
-0.63591 -0.518471 0.411875
-0.577699 -0.0564145 0.657968
-0.78876 -0.0253332 -0.199547
0.504283 0.551256 -0.337282
-0.0640057 -0.743153 0.452132
0.701927 -0.251152 0.273454
-0.611527 0.37693 -0.603059
-0.787322 0.135307 -0.300055
-0.652371 0.596507 0.0279923
-0.188541 -0.778206 -0.249304
0.402711 0.672443 -0.109107
-0.518278 -0.618285 -0.309613
0.586409 0.142249 -0.639207
0.291732 0.629686 0.242726
-0.763047 -0.300927 0.107523
0.645782 0.137798 0.342686
0.28433 -0.754098 0.137305
0.0954921 0.752403 -0.45679
-0.588213 -0.442855 0.514725
-0.688868 0.337958 -0.507369
0.351294 0.185031 -0.792612
-0.155071 0.335572 0.738473
0.361055 -0.315796 0.608209
-0.483504 0.270894 0.623817
0.288107 -0.372159 -0.786114
-0.167819 0.179694 0.821572
-0.771689 -0.240073 0.0209385
0.601806 -0.591881 0.0259391
0.737776 0.373338 -0.0654835
0.238565 0.529117 0.389918
-0.0855499 -0.137874 0.866568
-0.658726 -0.228642 -0.44469
0.120007 -0.810158 0.217613
-0.215226 0.865106 0.0650138
-0.527772 -0.458006 -0.487946
0.677552 -0.241746 0.309844
0.074073 0.0249947 -0.864783
0.790513 0.304314 -0.0672318
0.273672 0.251253 -0.801721
-0.0587562 -0.158035 -0.82514
-0.750856 0.410161 -0.241788
0.607697 0.510184 -0.105224
-0.763731 0.0159278 -0.379099
-0.458397 -0.720209 0.276491
-0.300463 -0.717164 -0.299611
-0.157434 0.454883 0.624343
0.585486 0.331945 0.247157
-0.757398 0.148785 0.349615
-0.176407 0.278615 -0.823064
-0.361169 0.828712 0.013795
-0.198063 0.875315 0.0381269
0.205922 0.30489 0.616581
0.450413 -0.390861 -0.730022
-0.0390418 0.111614 -0.864596
0.353425 0.192462 0.576173
-0.429592 0.776707 -0.266684
-0.819373 -0.147038 0.246885
0.176483 0.458424 0.507122
-0.685864 0.517349 0.160839
0.729328 0.381865 -0.177617
-0.397299 0.393574 -0.732036
0.489395 -0.685902 -0.232309
-0.61316 0.633329 -0.0935271
-0.195263 0.771776 0.271489
-0.305329 0.0971346 -0.823307
-0.450021 -0.532249 0.603715
-0.3179 -0.73404 0.399135
-0.333015 -0.209828 0.800519
0.649121 -0.0892818 -0.598567
-0.609479 -0.297308 -0.484169
-0.238374 -0.714909 0.46639
0.448961 0.568074 0.143915
0.847394 0.106735 0.00836368
-0.451397 -0.218549 -0.709352
-0.444901 0.0118671 -0.773953
0.375288 0.497675 -0.576419
-0.243838 0.245424 -0.814154
-0.392496 0.467026 0.553156
0.576477 -0.230739 -0.665327
0.298035 -0.668691 -0.480779
0.452251 0.476211 -0.528067
-0.740453 -0.2024 0.452315
0.255224 0.321123 0.571006
-0.0797743 -0.730032 -0.431921
0.360718 0.686587 0.0364621
0.714561 -0.255107 0.254843
-0.615787 -0.253726 -0.514635
-0.559294 -0.237384 0.639096
-0.592893 -0.26856 -0.547737
0.325198 0.714803 -0.27487
-0.210756 0.645744 0.438499
0.66967 0.0475146 -0.556024
-0.251097 -0.161223 0.848297
-0.362947 -0.71778 -0.250405
-0.0320773 -0.157901 0.851893
-0.735521 0.453966 -0.0357172
0.222323 -0.241909 0.73648
-0.632361 0.571796 0.161802
0.222668 -0.794501 -0.00250915
-0.0655323 0.573988 -0.694093
-0.173776 0.761274 -0.477795
0.028846 -0.73811 0.439164
0.183666 -0.717295 0.401001
0.470548 -0.410391 -0.704573
0.708236 0.327456 0.0935457
-0.311106 -0.76406 0.308597
-0.0340311 0.6674 -0.601664
0.581992 -0.535769 -0.441408
-0.379838 -0.635491 -0.401861
-0.357807 -0.159023 -0.761341
0.299028 -0.283785 -0.826401
0.46394 -0.445334 -0.683284
0.67281 0.446428 -0.226401
-0.723487 -0.408399 0.0207613
-0.0849557 0.92326 -0.175337
-0.816569 0.068923 0.171481
0.84415 -0.151706 0.0484397
-0.165152 -0.820501 0.223909
-0.710776 0.238388 0.401976
0.596389 -0.456366 0.340861
-0.576732 0.644155 0.12296
-0.760732 0.171452 0.307691
0.25597 -0.176464 0.739538
-0.781921 0.250424 -0.0529685
-0.706608 0.496489 -0.287855
0.0899326 0.135361 0.792739
-0.291461 -0.57412 -0.542175
0.309542 0.672139 -0.424589
0.783643 -0.0879683 0.203043
0.741462 0.0375245 -0.460489
-0.498618 -0.200654 -0.679369
-0.570897 -0.197288 -0.618321
-0.598943 -0.626819 -0.159968
0.705172 -0.499349 -0.171379
0.797095 -0.203489 -0.355399
-0.702458 0.0739038 0.489958
0.0346072 -0.0890186 0.8372
0.770725 -0.378162 -0.235699
-0.743736 -0.126075 0.44225
-0.708739 -0.357276 -0.199232
0.531122 0.548946 -0.292946
0.77619 -0.326534 -0.318477
-0.329129 -0.647466 0.53879
0.092677 0.594504 0.446431
0.301455 -0.235388 -0.840101
-0.168506 -0.789761 -0.217848
-0.423652 -0.777413 0.138333
-0.536646 0.0354055 -0.707226
-0.269389 -0.352298 0.784647
0.856627 -0.175411 -0.0687346
-0.0664674 -0.766521 0.399969
-0.19904 0.195733 -0.839907
0.38021 -0.127538 0.634441
-0.752697 -0.373424 0.276743
0.38634 -0.688819 0.167481
-0.290092 -0.808141 0.00688323
-0.149822 0.0732032 -0.847438
-0.573095 0.0582994 -0.675968
-0.0221697 -0.578977 0.653196
-0.55189 -0.00505006 0.665431
-0.683793 0.466169 -0.397963
-0.768975 0.213529 -0.367482
0.817356 -0.278046 0.0441089
-0.685946 -0.518974 -0.0340285
-0.232973 0.031369 -0.830295
-0.724891 -0.453874 0.340069
0.464454 -0.375693 0.498301
-0.745591 0.406446 -0.0125593
0.119538 0.134315 -0.872891
0.140632 0.658107 -0.579296
-0.199811 0.189888 0.814092
-0.597991 -0.61326 0.381937
0.23297 0.200374 0.659171
0.219695 0.29794 -0.801007
0.0680079 0.772458 0.272413
-0.664626 0.379933 0.389348
0.353771 -0.535688 0.504071
-0.69569 -0.283981 -0.302819
-0.376919 -0.796369 0.0881066
-0.510082 0.55486 0.384809
-0.489706 -0.430705 0.620269
-0.64186 -0.17896 0.582864
0.831458 -0.243947 -0.0294205
-0.759375 0.357158 -0.284517
0.262305 0.46995 0.42748
0.0110723 0.604876 -0.671052
0.243862 0.760959 0.049484
0.354794 0.425777 0.385937
-0.622229 -0.148383 -0.604162
0.365072 -0.739792 -0.0698787
-0.588766 -0.192561 -0.605685
-0.777563 -0.233681 0.0585668
-0.140804 -0.645062 -0.523605
-0.0691829 -0.0911449 0.872136
0.685275 -0.0651895 0.345559
-0.00740426 0.775461 -0.44313
-0.603517 -0.494208 0.463371
-0.732374 -0.368965 -0.00157431
-0.489453 -0.672864 -0.234952
0.395285 -0.238767 -0.799596
-0.298792 0.0514516 -0.820854
0.202803 -0.105818 -0.855838
0.542689 -0.5971 0.162639
-0.268572 -0.773946 -0.174496
0.80707 0.189442 0.0757959
0.254859 -0.653239 -0.523901
0.193177 0.429744 -0.748424
0.775893 0.304121 0.00422903
0.406399 -0.206821 0.604128
-0.745272 0.235642 -0.451454
-0.0340968 -0.809877 0.296546
-0.0280832 -0.662039 0.562036
-0.796908 0.181791 -0.118969
0.631633 -0.557787 -0.292039
0.371694 -0.674995 0.232097
-0.598869 -0.665681 -0.0447574
0.376669 0.670313 0.0489274
0.0360043 0.840128 -0.312732
-0.647176 0.483621 0.292583
-0.751011 0.392959 -0.0973328
-0.0226512 -0.398438 -0.760989
0.11988 0.267813 0.701331
-0.704874 0.409398 -0.404594
0.381962 -0.744526 -0.248362
0.667232 0.350987 -0.428078
0.632624 0.0567491 0.383909
-0.637832 -0.311481 0.540749
0.287025 0.491297 -0.66267
0.0244859 0.217756 -0.864498
-0.339442 0.178045 0.760258
0.121078 -0.619671 0.552172
0.475331 -0.682616 -0.0591824
-0.684903 0.0719125 0.516574
0.627043 -0.359237 0.341556
0.810723 0.07931 -0.303402
0.561698 0.277386 0.322967
-0.585588 -0.209992 0.623119
0.282553 -0.192036 0.713318
-0.731737 -0.0846108 -0.390164
0.00391118 0.546116 0.533723
-0.248878 0.822133 0.16609
0.321223 0.308937 0.528532
-0.696966 -0.520346 0.20243
0.681439 -0.192497 0.317817
-0.110123 -0.460977 0.745174
-0.449312 0.482861 -0.685585
-0.364204 0.730707 -0.442405
-0.269566 0.864102 -0.0229571
-0.584195 0.255762 -0.657775
0.0540189 0.468529 0.582457
-0.722721 0.492972 -0.174041
-0.149582 0.793284 -0.422315
0.536736 -0.190786 -0.709503
0.189717 -0.31654 0.725833
-0.32256 0.205984 0.765223
-0.201405 0.503018 0.578271
0.46075 -0.54464 0.408913
0.55893 0.534871 -0.272507
-0.633207 -0.308412 -0.423323
-0.347935 0.833611 -0.269703
-0.563676 -0.642542 0.345788
0.576989 0.280531 0.304796
0.618001 -0.353187 -0.585391
-0.630143 0.0376665 0.604371
0.184059 -0.78963 -0.0979454
0.81301 0.25027 -0.018191
0.764665 -0.419942 -0.0533867
-0.617428 0.0076248 -0.637495
0.661856 0.470137 -0.201502
-0.120957 -0.482365 -0.715769
0.5925 0.440976 -0.398689
-0.137501 0.414525 0.663044
0.731955 0.378058 -0.180679
-0.48041 0.33141 -0.718336
0.555888 0.0366351 -0.693283
-0.443976 0.497884 0.492361
-0.757322 0.356976 -0.293613
-0.702022 0.522456 -0.125577
-0.639698 -0.395227 -0.322706
-0.105785 0.476513 0.603329
-0.658038 -0.053402 0.581174
0.858159 0.0986924 -0.0340404
-0.734713 -0.435431 0.326086
0.0298022 -0.258774 -0.814677
-0.702412 -0.107178 -0.448824
-0.124185 0.882922 0.0696253
0.603555 -0.163379 0.418846
-0.130975 -0.111471 -0.823152
0.061569 0.463819 0.581364
0.169189 0.811587 0.0497686
-0.813255 0.0870531 -0.0780207
0.673698 0.429668 -0.0113414
0.677351 -0.175915 -0.573352
0.0363051 0.429032 0.628947
-0.144736 -0.602205 0.642622
-0.557281 0.656978 0.136476
-0.0628651 -0.805406 -0.0509965
0.686439 -0.147022 -0.559269
-0.584083 -0.585679 -0.248346
0.167759 0.535651 -0.69493
0.386162 -0.707746 0.100173
-0.29448 0.57433 -0.662353
-0.368729 -0.73777 0.353989
-0.0695292 0.784732 -0.432727
-0.53108 -0.553445 -0.388882
0.350259 -0.390447 0.589163
0.663343 -0.499919 0.178077
0.402055 0.0485521 0.60874
-0.578361 -0.644477 -0.155112
-0.623227 -0.645499 0.0307223
0.697069 -0.0336645 -0.530426
-0.153185 0.874409 0.0796536
0.182997 -0.805136 0.042187
-0.00740037 0.417359 0.655262
0.52846 0.570265 -0.0758982
0.768043 0.305921 -0.236821
0.846738 0.109092 -0.18224
0.174031 -0.205583 -0.848534
0.726534 -0.477784 -0.0990102
-0.79005 -0.030224 -0.185937
-0.280787 -0.290373 -0.740302
-0.21775 0.757495 -0.483575
-0.710032 0.528282 0.0912792
-0.718081 0.497582 -0.185586
0.207495 0.525984 0.420718
0.626293 -0.579657 -0.150221
-0.560165 0.0319377 0.653031
0.68147 0.380726 0.0592935
0.609031 0.354598 0.201836
-0.0857459 0.365372 0.707491
0.678459 -0.438069 -0.428732
-0.767146 0.122034 0.337795
-0.255265 0.660802 0.41243
0.781496 0.0721882 -0.38701
0.35362 0.13663 0.609304
-0.5735 -0.54045 -0.315852
0.350423 -0.256402 -0.825724
0.532312 0.439303 -0.48365
-0.776427 -0.0851235 -0.223711
0.249951 0.0455218 0.726534
-0.713356 -0.00751982 -0.489268
0.209836 0.806038 -0.0610335
-0.614445 -0.151384 0.611689
0.0908397 -0.806709 -0.00475007
0.584479 -0.134739 0.442493
-0.410751 -0.00694772 0.74797
0.204178 -0.0295 0.771783
0.399627 -0.710373 0.0250065
-0.0986315 0.161554 0.832504
0.52553 -0.641538 0.0494808
0.664986 0.290666 0.207707
-0.59313 -0.517601 -0.297625
-0.17475 0.384896 -0.78521
0.251327 -0.0337071 -0.850206
-0.777668 0.276017 -0.125642
-0.757001 -0.00831763 -0.379267
-0.16787 -0.526841 0.695845
0.485355 -0.525304 -0.579524
0.367617 0.550457 0.253337
0.0756128 -0.572844 0.625109
0.8184 0.174557 0.0518148
-0.804431 -0.194225 0.236955
0.575417 0.522643 -0.00158913
0.367506 -0.648697 0.316994
0.427172 0.227755 0.492967
0.0925097 -0.174812 0.807374
0.266538 0.0326817 0.717237
0.593161 0.0661492 0.421185
-0.493708 0.451286 -0.677095
-0.631512 0.578882 -0.280949
0.352571 0.318602 0.490848
0.5186 0.582465 -0.227984
0.596623 0.488818 -0.298362
0.27345 -0.679348 -0.469587
-0.0503378 0.896491 -0.00861496
-0.748557 0.27421 0.239892
-0.0616907 -0.812587 0.0168743
0.647523 -0.25025 -0.596656
-0.0118114 -0.814913 0.0479719
-0.122576 0.398832 -0.789849
-0.245742 0.887189 -0.179379
-0.405264 0.316934 -0.751087
0.651957 -0.148308 -0.600008
0.144023 0.419937 0.562863
0.600919 0.225662 0.332134
-0.686072 -0.494476 -0.0980989
-0.306008 0.632697 0.430786
0.439121 -0.0489806 -0.779107
0.17715 -0.724046 -0.420316
0.662229 0.190722 0.302145
-0.158692 -0.630203 0.61123
-0.500695 0.149035 0.665473
0.203784 0.82634 -0.146063
0.00800322 -0.824383 0.177877
-0.0384826 0.664099 -0.606651
-0.304509 0.333748 0.694348
-0.681878 0.463239 -0.404971
-0.0733403 0.877361 0.0742274
0.418689 0.257718 0.480112
-0.170327 -0.669567 0.55741
-0.589543 0.0878324 0.617921
-7.77559e-05 0.216968 0.803542
-0.235801 -0.0815423 -0.807771
-0.708508 -0.398912 -0.143867
0.658805 0.10265 0.341346
0.111548 -0.782189 0.308314
0.65502 -0.00126242 0.380576
0.393664 0.635626 0.098621
0.103156 0.753718 -0.449883
0.873109 -0.0812762 -0.179887
-0.0159999 -0.662851 0.556781
-0.149279 0.00926429 -0.842566
-0.470617 0.389806 -0.706078
0.276116 -0.183491 0.721016
0.524677 -0.651242 -0.0688729
0.327693 0.486968 0.352315
-0.363057 -0.650017 0.521988
0.782743 0.319872 -0.0736714
-0.689992 -0.267694 0.510508
-0.684722 -0.536272 0.309207
-0.120016 0.644434 0.441999
-0.774831 -0.305588 0.298591
0.398793 -0.451908 0.523462
-0.706428 -0.413336 -0.124807
0.294751 -0.580579 0.50448
-0.358792 0.833596 -0.00955193
-0.328241 0.767324 0.231966
-0.506939 0.366795 -0.697531
0.187619 0.364588 0.581016
0.0595693 -0.329888 0.782731
0.289634 -0.0265382 -0.834856
0.404955 0.673484 -0.136998
-0.438415 -0.273675 0.725445
-0.607505 0.646142 -0.0269488
0.66007 0.309393 -0.463516
-0.195544 -0.382368 0.781131
-0.108067 0.900017 -0.236586
0.37732 0.309315 0.4752
0.143021 0.451707 0.535943
-0.541319 -0.680443 -0.134707
-0.238245 0.828812 -0.35857
0.461863 -0.534582 -0.596788
0.265265 0.338723 -0.764485
0.319034 -0.209908 0.677432
-0.710692 -0.463827 0.066605
0.292613 0.140124 0.650954
0.0786338 -0.362353 0.758411
0.239444 0.191348 -0.834285
0.659933 0.444808 -0.0171706
0.470284 -0.309047 -0.734339
-0.278212 -0.00559394 0.821372
-0.211553 0.892038 -0.0774106
0.796088 -0.16733 0.164266
0.0343605 0.625963 -0.641398
0.54822 -0.239775 -0.689306
-0.589709 -0.493094 0.479068
0.647932 0.213416 -0.529094
-0.453851 -0.397067 0.665294
0.318243 -0.647822 0.395893
-0.473896 -0.398696 -0.574601
-0.735944 0.457808 -0.0817176
-0.564595 -0.634034 0.37599
0.454306 0.324852 0.384003
-0.281522 0.352351 -0.774485
-0.089217 0.786235 0.272176
-0.0340205 0.681032 -0.583648
0.563351 -0.411131 -0.60409
-0.471149 0.702705 -0.398107
0.0195161 0.0938937 0.82545
0.619087 -0.498294 -0.44412
0.535226 -0.512408 0.36176
-0.0828063 0.20115 0.814962
-0.765249 0.338287 -0.184605
-0.316708 0.822719 0.121717
0.876869 -0.0187354 -0.00300394
-0.665968 0.43712 0.323388
-0.451728 0.260817 0.652747
0.168427 0.0704595 -0.867878
-0.772471 0.301818 -0.140574
0.363181 0.634547 -0.41508
0.012672 0.216704 0.80255
-0.745003 0.409356 -0.0150034
-0.383919 -0.162859 -0.754226
-0.726871 0.421969 -0.343929
0.485966 -0.658793 -0.387925
-0.345067 0.829741 -0.283158
-0.663986 -0.533492 0.371315
0.824051 -0.262711 0.00108705
-0.490828 0.0356933 0.695221
0.632183 -0.150738 0.387765
-0.0409334 0.657255 -0.615743
0.751988 0.123255 0.231557
-0.800406 0.120398 0.190738
0.516605 0.462378 0.190035
0.0820136 -0.759533 -0.38738
0.529332 0.472414 -0.438697
-0.28654 -0.70174 -0.341905
-0.404909 -0.192421 0.759965
-0.5888 0.669047 -0.0250537
0.519117 0.580813 -0.231629
-0.204508 0.283744 -0.814109
0.0663582 -0.780135 0.338526
-0.0724221 0.41045 0.664539
0.60149 0.0862346 0.405769
0.658772 0.44072 0.00682653
0.252849 -0.74075 0.227551
0.61843 0.484888 -0.267748
-0.40704 0.470998 0.544035
-0.0724566 -0.386631 0.778512
0.129228 0.401684 0.588887
-0.756967 -0.00968263 -0.378402
-0.831962 0.00365065 0.136814
-0.0620601 0.710257 0.373275
-0.803709 -0.155579 0.292668
0.0681721 0.393557 -0.789969
-0.443419 0.807018 -0.0464129
-0.413051 0.815439 -0.144498
-0.691974 0.512511 -0.286676
-0.3672 0.638222 0.394643
-0.663857 -0.427262 -0.234961
-0.748922 0.166693 0.365408
0.548196 0.497489 -0.366462
0.461102 -0.667296 0.11136
0.11371 -0.733096 0.410413
0.0605311 -0.761774 0.379494
-0.00353844 0.231171 0.798512
0.799213 0.234098 -0.213953
0.303781 0.213062 0.600047
-0.602894 -0.00470737 0.633622
-0.697671 -0.224614 -0.357252
-0.191375 -0.553521 0.672501
-0.270232 0.281975 -0.79697
0.0941796 -0.570607 0.620868
0.458066 0.24716 0.451274
0.11636 -0.80228 -0.0371411
0.549182 -0.195352 -0.697245
0.1803 -0.502201 -0.717089
-0.772332 -0.248143 0.0484149
-0.399022 0.731864 -0.413874
-0.253726 -0.733845 -0.299876
0.182879 -0.775091 -0.232217
0.480691 -0.38985 -0.707165
0.655162 0.303041 0.205566
-0.428157 0.0830467 0.724339
-0.585118 0.676363 0.0145517
-0.149409 -0.104547 0.877622
0.676262 0.143806 -0.520388
-0.621621 0.287922 0.505979
-0.562369 0.19367 0.599437
0.886153 -0.0452283 -0.13228
0.0278004 0.500097 0.573033
0.576516 -0.556303 -0.414214
-0.116895 0.25376 -0.844602
-0.542216 -0.262018 0.64801
-0.757903 0.161823 0.331832
-0.56319 -0.463616 -0.414467
0.0897044 0.208805 0.756487
-0.583642 -0.554 -0.281022
-0.224989 -0.7691 0.346258
0.552472 -0.221684 -0.689019
-0.577508 -0.121497 -0.658688
-0.684541 -0.535056 0.329122
-0.0637348 -0.506272 -0.718399
-0.613427 -0.562358 -0.210236
0.410437 -0.523047 0.47781
0.373333 -0.636078 0.337021
0.0842758 -0.494935 0.678538
-0.438002 -0.352752 -0.634344
-0.37534 -0.232026 0.7759
-0.798881 -0.209363 0.223243
-0.0701386 -0.548644 -0.687723
0.776606 0.286238 -0.236336
0.311034 0.452554 0.401314
-0.542487 -0.226391 -0.624794
0.633117 0.390586 0.122693
0.453481 -0.022081 0.574218
0.55298 -0.309494 -0.669285
-0.671358 -0.572584 -0.0241018
-0.743493 0.214669 -0.477415
0.0358405 0.882897 -0.0302658
-0.0217694 0.278368 0.781
0.148673 0.228375 -0.851984
-0.0675755 0.47972 -0.74916
0.828416 -0.267005 -0.223628
0.151475 0.477447 0.507768
0.121256 0.524061 0.488016
0.465973 -0.695265 -0.126034
-0.664451 -0.362097 -0.298424
0.504102 -0.459706 0.430516
-0.556409 0.411335 0.472011
-0.0310796 0.052372 0.845759
-0.719134 0.508467 -0.049224
0.268124 -0.441788 0.627443
0.565359 -0.561622 0.20861
-0.22968 0.340869 0.721121
-0.0341837 0.199703 0.812937
-0.358986 0.116274 0.759931
-0.0779579 -0.699166 0.535112
0.243104 -0.608216 -0.602685
-0.411601 -0.404002 0.694724
-0.223078 -0.804432 -0.0889604
0.0734446 0.529937 0.51575
-0.167334 0.604645 0.480447
-0.212854 0.533055 -0.701165
-0.229599 0.406149 -0.767047
-0.292493 0.834386 -0.336339
-0.079176 -0.477791 0.728283
-0.0525454 -0.615298 -0.60316
0.00316508 0.25656 -0.85321
0.13235 -0.823584 0.156515
-0.552565 0.173022 0.615707
-0.318489 0.148209 -0.821007
0.650218 -0.0909865 0.381033
-0.022935 -0.0112979 0.856041
-0.0811992 -0.541284 -0.689872
0.652053 -0.0976502 0.377262
-0.16783 0.593968 0.490711
-0.621574 0.578412 -0.33726
0.562515 -0.0515834 0.469904
0.21372 -0.472595 0.645827
-0.705598 0.193049 0.444235
0.627045 0.497863 -0.227383
-0.525444 0.324243 -0.70023
-0.365237 0.413212 -0.735206
0.031838 -0.633768 -0.588345
-0.585074 0.254113 -0.657198
-0.144742 0.591354 0.493123
-0.619063 -0.643642 0.0803702
0.837534 -0.0711902 0.10729
-0.217104 -0.268919 0.831778
-0.318907 0.85139 -0.0390131
0.0325065 0.890823 -0.154971
-0.385228 -0.331601 -0.692156
0.227003 -0.175065 -0.849458
-0.812194 0.024078 -0.0711525
-0.321084 0.802424 -0.37094
-0.106531 0.11523 -0.857935
-0.0982879 -0.822926 0.254571
-0.345117 -0.128083 -0.771237
0.52761 0.508488 0.113266
-0.027224 -0.181945 0.847487
0.640087 -0.436646 0.304064
0.0877524 0.143621 0.790228
0.663785 0.135427 0.325025
0.430268 -0.664649 0.168759
-0.534298 0.64136 -0.44158
0.461871 -0.182529 0.561876
0.575772 -0.160977 -0.679815
-0.135703 -0.786091 -0.246376
-0.145969 -0.817293 0.045672
0.791733 0.0682853 -0.360753
-0.779344 0.0832129 -0.351916
-0.675725 0.409074 0.343493
-0.01033 0.630337 -0.644097
-0.533788 0.626167 0.249436
-0.460107 -0.63832 -0.338708
-0.648634 -0.315854 0.528178
-0.540552 0.728808 0.00725783
0.324538 -0.444556 0.586485
-0.26819 0.648374 -0.613211
0.543169 -0.534084 -0.498674
0.823921 0.0615179 -0.27216
0.347869 -0.724329 0.122524
0.47908 0.613256 -0.112394
-0.786235 0.216012 0.0699703
-0.0266458 -0.81469 0.0431393
0.155916 0.392743 -0.773748
-0.766113 0.308059 0.0470534
0.4274 -0.13891 0.593509
-0.627505 0.589712 0.133264
0.0818863 0.40477 0.618723
0.275025 0.43715 0.448695
0.710519 0.408534 -0.106998
0.101131 0.0511529 -0.867317
-0.141823 0.746803 0.316969
0.319498 0.534155 0.312788
-0.485536 0.556838 0.407576
-0.759015 -0.246559 -0.0796993
0.170468 -0.530185 -0.695765
-0.496276 -0.308839 -0.612738
-0.522755 -0.500509 0.546505
-0.13826 0.669922 -0.612154
-0.081611 0.120734 0.841713
-0.675682 0.546723 -0.201922
0.790397 0.148646 -0.337312
-0.784083 -0.209677 0.0553059
0.675969 -0.538727 0.0421737
0.46875 -0.352214 0.504049
-0.566682 0.697874 0.00701748
-0.502879 -0.107685 -0.715482
0.735085 -0.466026 -0.14191
-0.234068 0.635516 0.44887
0.40633 0.151534 -0.774342
-0.271319 0.668726 -0.58899
0.551943 -0.126705 -0.708229
0.812409 0.215764 -0.186014
-0.417198 -0.448676 0.670463
-0.709479 0.456436 0.18214
0.247084 -0.611945 0.508963
0.302573 -0.368765 0.637575
0.630968 -0.384525 0.330494
-0.57765 0.685306 0.0171259
-0.684841 -0.108134 -0.492735
-0.785825 -0.210538 0.073803
-0.74027 -0.386958 0.383571
0.00256724 -0.683306 0.525368
-0.263213 0.750597 -0.477109
-0.735671 -0.412138 0.371228
-0.840669 -0.0630373 0.191241
-0.536186 -0.383064 -0.530472
0.842529 0.131281 0.00771815
0.760368 -0.337845 0.168758
0.748249 0.0830979 0.243868
0.514968 -0.067463 -0.747253
-0.697902 -0.0514341 0.524084
-0.696114 -0.413839 -0.172578
-0.435495 0.403939 0.57881
-0.0516198 -0.78802 -0.207477
0.802088 0.206479 0.0800165
-0.176712 0.466262 0.61349
0.259479 0.585314 0.315507
-0.345335 -0.741158 0.359573
0.806092 -0.276604 0.0904674
0.00806833 -0.19721 0.833771
-0.11159 0.872021 0.113265
-0.686234 0.466934 0.236067
0.363655 0.651513 0.113565
0.119158 -0.545754 -0.686437
0.390445 0.395293 -0.668599
0.0899049 0.872687 -0.182955
0.374598 -0.747781 -0.228381
-0.660463 0.547261 0.155349
0.43783 -0.341681 -0.749021
-0.432439 -0.355318 -0.637335
-0.590671 -0.142119 -0.635835
0.55837 -0.424935 0.39248
-0.235524 -0.79234 0.268731
0.706375 0.140821 -0.479262
-0.206561 -0.528018 -0.638007
0.32868 0.259459 0.554265
0.380611 0.258121 0.512093
-0.525137 0.408036 0.504796
0.266398 0.158866 0.659231
-0.582234 0.489956 -0.570319
0.21474 0.196962 0.674479
0.752092 0.333608 0.00202625
0.318487 -0.605295 0.465597
0.241613 0.791731 -0.237826
0.584753 -0.335859 0.398164
-0.31883 0.0109177 0.796572
-0.42371 0.256285 0.675671
0.270288 -0.762837 0.128705
-0.568497 -0.675143 0.137186
-0.256181 -0.775831 -0.180485
-0.0478548 -0.823669 0.232919
-0.239849 0.136076 0.819646
-0.575409 -0.657998 0.259144
-0.19357 0.599191 -0.65914
-0.767343 0.315925 -0.0600281
-0.485984 -0.732935 0.165331
0.702605 -0.50857 -0.0139041
-0.409854 -0.707474 0.408693
-0.147296 0.250668 -0.838598
0.700874 -0.211435 0.285696
-0.643586 -0.395704 0.486743
0.047302 -0.213945 0.818551
-0.331622 0.851599 -0.245526
0.28606 0.146002 0.652375
-0.0414837 0.0923849 -0.862671
0.450034 -0.22242 -0.766594
0.693961 0.00927055 0.337212
-0.30258 0.616661 -0.632123
0.173657 -0.313808 -0.815983
-0.242831 -0.790096 -0.131113
-0.203375 -0.821768 0.194706
-0.215049 -0.817204 0.201486
0.105707 -0.593147 0.589646
-0.456647 0.167401 -0.771873
0.730667 -0.344207 -0.406196
0.453217 -0.608703 0.275396
-0.0885696 0.259792 0.788746
-0.49544 -0.258993 0.684969
-0.175166 -0.807062 0.259201
-0.618737 -0.428736 -0.33304
0.0619839 -0.0551176 0.831813
0.245616 -0.598563 0.521286
0.66764 0.39566 -0.355022
-0.269543 -0.748728 -0.25523
-0.723035 -0.380346 0.409355
-0.141565 0.812128 -0.389537
0.719798 0.287977 -0.385637
0.708572 0.242109 0.211081
-0.362764 -0.115525 -0.769784
0.844928 0.17594 -0.0637639
-0.72238 -0.354008 -0.134391
0.589844 0.439875 0.117585
-0.652713 0.0648184 -0.60744
0.760663 0.244654 -0.331214
0.675148 0.41295 0.0201653
-0.500863 -0.732479 0.0546695
0.480914 0.570845 -0.337518
0.267467 -0.684136 -0.462831
-0.421383 0.0726328 0.73043
-0.307059 0.415272 0.629096
0.425281 0.537641 -0.476876
0.763546 -0.270796 0.18227
-0.25078 -0.407863 -0.710707
0.275381 -0.288101 0.687825
0.389495 -0.738785 -0.160292
-0.116654 0.321155 -0.819706
-0.463498 0.61078 -0.53695
-0.686178 -0.17691 -0.431716
-0.643791 -0.0465795 0.59604
-0.163508 -0.291879 -0.764427
-0.290035 -0.793079 0.227934
0.208794 0.512056 -0.703542
-0.655614 0.577416 -0.141834
0.379353 0.571162 -0.482814
0.127385 -0.488586 -0.732932
-0.451051 -0.764042 0.0847254
0.39938 -0.107321 0.618654
0.167548 -0.603275 -0.621836
0.0937899 -0.802008 -0.0455044
-0.450079 0.75825 0.139965
-0.133441 0.224033 0.804339
-0.274328 0.10851 0.807991
-0.615462 0.60665 -0.228366
-0.395898 -0.623189 0.540047
0.154596 0.534007 -0.697693
0.36368 -0.361182 -0.772121
-0.824337 0.030762 0.190246
-0.732474 0.363835 -0.386204
-0.465997 -0.169616 -0.722021
0.269163 0.291824 -0.784686
0.100429 -0.265196 0.790726
-0.267077 0.595325 -0.651683
-0.254562 0.298653 0.741521
-0.801164 0.0925314 0.22052
0.206078 0.588084 -0.627377
0.00718377 0.642676 0.442798
-0.476678 0.192767 0.668309
-0.777294 0.249892 0.116243
-0.117245 -0.522881 -0.690807
-0.820333 -0.126836 0.171949
0.698765 -0.0279349 0.338434
-0.517454 0.535569 0.397632
-0.505183 -0.258664 -0.637018
-0.49314 -0.611265 0.499568
0.0255333 0.267117 0.769998
-0.252424 -0.28679 -0.7473
0.139937 -0.698581 -0.479743
-0.676411 0.0889073 -0.586548
-0.321958 -0.607444 -0.486992
-0.542542 0.338457 -0.684716
-0.759195 -0.00693043 0.398057
0.0592008 0.523903 -0.716425
0.424173 0.0370806 0.593092
0.608922 0.443846 -0.364291
0.174977 -0.803285 0.16676
0.610133 -0.108394 -0.644349
0.706215 0.0305674 -0.509183
-0.0214187 0.870633 0.0723997
-0.636403 -0.630317 0.0863721
-0.417961 -0.731372 -0.179801
-0.158703 -0.74097 0.431702
-0.726534 0.447274 0.132505
0.583446 -0.339643 0.398783
-0.228227 0.218004 0.799521
0.738554 -0.415721 -0.264195
-0.296049 0.476219 -0.72468
-0.296634 0.843474 0.0453288
-0.186456 -0.60873 0.632029
0.0235612 -0.475437 -0.741733
-0.403493 0.539299 0.483242
-0.148298 0.907066 -0.186266
-0.0889884 -0.0432721 0.878272
-0.603731 0.340889 0.481602
0.593114 -0.591784 0.0962847
-0.601372 -0.121811 -0.638696
-0.298536 0.09571 -0.824331
-0.705809 -0.118902 -0.432031
0.564444 0.515947 0.0518337
-0.220384 -0.730021 0.437884
0.324304 0.737181 -0.145432
-0.349844 0.436939 0.594656
-0.335605 -0.656478 0.525071
-0.725452 -0.221176 -0.295445
0.0358521 0.253346 0.770211
0.397714 -0.118674 0.619701
0.838468 -0.114412 0.088651
-0.741353 0.415245 0.0677735
-0.57573 0.220375 -0.668079
-0.78729 0.0992361 -0.291451
-0.626074 -0.636518 0.100342
-0.149067 -0.753186 0.407199
-0.49019 0.0355304 -0.747234
0.109922 0.0763443 -0.869123
0.440171 -0.51435 -0.647679
0.10848 0.726023 0.302401
0.832962 0.132093 -0.210254
-0.697579 0.335522 -0.490321
0.639619 -0.568762 -0.114568
-0.341083 0.232393 0.740881
0.480331 -0.487415 -0.629046
-0.663795 -0.592211 0.128616
-0.687559 -0.423245 -0.183305
-0.714054 -0.180255 -0.362933
0.58564 0.36462 0.215505
-0.646947 0.463783 -0.482007
-0.295234 -0.650098 0.549187
0.442772 0.509354 -0.495196
-0.288763 -0.596987 -0.519271
0.621083 0.509369 -0.211766
0.321866 -0.581447 0.48604
-0.821777 0.0568135 0.00965082
0.817563 0.169302 0.0574161
-0.451866 0.750526 -0.299788
0.0482232 -0.255721 -0.819435
-0.712059 0.285225 -0.505516
-0.320713 0.494856 0.555494
-0.142982 -0.402609 -0.736098
-0.1708 -0.609619 -0.55892
0.293967 0.45416 0.414932
-0.334932 0.824175 0.0831937
-0.0638286 -0.822907 0.262522
-0.240538 -0.415054 -0.711248
-0.12209 -0.762458 0.39445
0.610807 0.50146 -0.0578065
0.252336 -0.340553 -0.807873
0.729709 -0.241484 0.237513
0.788906 -0.0164392 -0.396779
0.645332 0.439152 -0.309537
-0.333476 -0.661316 -0.38874
-0.384614 0.146837 -0.803651
0.426463 0.229313 0.492538
-0.488136 0.718962 0.148838
-0.659467 -0.159549 -0.511714
-0.736013 0.451602 -0.034247
-0.646535 -0.16067 -0.540963
0.562596 -0.631234 -0.22725
0.0136446 -0.77726 -0.285322
-0.642735 -0.40329 0.482524
-0.115921 0.408002 0.668701
0.135769 -0.0788756 0.803326
0.444892 -0.00091107 0.581963
0.774938 -0.175941 0.19169
0.174897 -0.806549 0.0443911
-0.443774 0.284927 0.644153
0.702788 -0.169135 0.294522
0.224037 0.361096 -0.770091
0.528429 -0.634392 0.0992794
0.306495 0.61758 -0.496001
-0.321251 -0.755544 -0.19643
-0.521855 0.369806 0.534019
-0.757332 0.355593 -0.0221643
0.274848 -0.060589 0.718625
-0.19518 -0.536444 -0.63487
-0.693207 0.385177 -0.453294
0.157032 -0.484589 -0.732786
-0.35145 0.40138 -0.742175
-0.0133431 0.569849 0.512147
-0.77724 -0.159996 0.363745
-0.528003 0.321691 -0.698341
-0.71314 0.311334 -0.478541
-0.231728 -0.367647 -0.727809
-0.51233 0.466502 -0.648862
0.674517 -0.25365 -0.571361
-0.692619 -0.44523 -0.149543
-0.30313 0.410745 0.634401
0.696421 -0.143496 -0.545574
0.769424 -0.295596 0.167357
-0.25249 -0.767209 -0.224174
0.480433 -0.680845 -0.06565
0.0566601 0.11402 0.812535
0.690395 0.366025 -0.368282
-0.628423 -0.574273 0.382173
0.360085 0.691279 -0.265402
-0.383013 -0.768111 -0.0663545
-0.176793 0.0518272 0.851234
-0.258078 -0.819037 0.0414378
0.158783 0.270891 -0.833308
-0.582449 0.618471 -0.348091
-0.440723 0.337967 -0.73286
-0.0361456 -0.365811 -0.769157
-0.233921 0.591839 0.491682
0.710906 0.0276848 0.313528
-0.583988 -0.0190906 -0.666139
0.204432 0.506271 -0.707601
-0.330639 0.863788 -0.19476
-0.722632 -0.243707 0.488882
0.409976 -0.70814 -0.343571
0.302547 0.523169 -0.614617
-0.0776699 -0.57928 -0.642437
-0.655925 -0.170195 -0.509437
0.527913 0.0928484 0.479
0.748054 0.322416 0.027243
-0.772588 -0.0312916 -0.30326
-0.248344 -0.762747 0.352014
0.68673 0.297534 -0.430114
0.77657 0.218797 -0.318427
-0.429892 0.533897 -0.649358
-0.557373 -0.54706 -0.343019
-0.693612 -0.428349 -0.164012
-0.796387 0.165809 0.111814
0.878002 -0.11937 -0.131233
-0.531274 0.678196 -0.311505
0.566118 0.307325 -0.596869
-0.117321 -0.217342 -0.796065
-0.373085 0.342899 0.655474
0.46794 0.288329 0.405446
0.604019 0.158394 -0.615383
0.485733 -0.664402 0.0438552
0.00347265 -0.202277 -0.825691
-0.476648 0.108207 0.690057
0.524857 -0.199269 0.494742
-0.802597 0.0982912 -0.167163
0.499308 0.341258 0.323682
0.471446 0.486463 -0.493359
-0.5312 0.22062 -0.705036
0.157127 -0.197966 0.779227
-0.4164 -0.714118 0.373574
0.158603 -0.811908 0.0717934
0.843727 -0.0596085 0.0888812
0.658349 -0.0767603 0.37467
-0.460383 0.476355 -0.682282
0.00650893 0.795305 0.263659
-0.112497 0.164773 -0.860783
-0.127 0.366066 0.708602
0.581013 -0.57904 -0.360669
0.0517868 0.248824 0.76145
-0.240194 0.739056 0.310516
0.199372 0.618308 0.336332
-0.674983 -0.554343 0.32582
-0.775502 -0.293877 0.323847
-0.239511 0.272891 -0.807721
0.776362 0.28308 -0.241152
-0.580865 -0.339945 0.580342
-0.634225 -0.560059 0.385524
0.0180968 -0.80887 -0.00343715
0.821715 0.226306 -0.123383
0.526784 0.437042 -0.494534
-0.0170225 -0.808719 -0.0113347
0.818738 0.163835 -0.225641
-0.624041 0.546698 -0.451378
-0.231422 -0.810295 0.21267
-0.0113315 -0.790806 -0.17223
-0.25115 0.756622 0.277664
0.661675 -0.457583 0.244839
0.666041 -0.545738 0.0621877
0.756609 -0.299853 -0.386328
-0.578893 -0.667579 0.136488
-0.251784 -0.707916 0.476902
-0.252189 -0.815705 0.0111355
-0.664528 -0.234817 0.547905
0.526572 0.444031 0.197799
-0.669789 -0.414239 -0.233993
0.036848 0.562309 0.512756
-0.577952 0.360645 0.491382
-0.629177 -0.479673 -0.26011
-0.0956824 0.176086 0.826043
-0.624324 -0.166092 -0.584583
0.119349 -0.360652 -0.793434
0.347928 -0.584918 -0.601727
-0.00338886 -0.00172741 0.849441
0.357213 0.648244 0.131482
-0.472436 0.62777 -0.507503
0.547754 -0.57708 0.200692
0.181685 0.157728 0.718941
0.243596 -0.611526 0.511388
0.497754 0.588042 -0.258264
-0.464693 -0.173268 -0.721915
0.0832623 0.658583 0.397214
0.491905 0.183198 0.467917
0.561717 0.526394 -0.285883
-0.431118 0.7638 0.158336
0.694387 -0.107835 -0.543632
0.421466 0.663263 -0.16345
-0.325515 0.343313 0.678191
0.571214 -0.600663 0.110026
-0.0665183 -0.440648 -0.739261
0.547268 -0.0730551 0.483797
0.193426 -0.792344 -0.0608099
0.245741 0.121205 0.692712
-0.717671 -0.407256 -0.0363928
0.449393 -0.671371 -0.404572
0.830894 -0.164396 -0.273078
-0.117689 -0.792664 -0.181136
-0.764664 0.171768 -0.402951
-0.153132 0.142877 -0.852292
-0.0342515 -0.45822 0.729729
0.366638 -0.658171 -0.4767
-0.480503 -0.26131 0.695884
0.817691 -0.269817 0.064704
-0.107121 0.916231 -0.185571
0.523513 -0.614074 0.153562
0.312383 0.738495 -0.0656986
-0.388338 0.475852 -0.711449
-0.0800694 -0.787329 -0.221097
0.735342 -0.0801073 -0.485717
-0.370366 -0.719928 0.411463
-0.821198 -0.0304121 0.025423
0.381827 0.46501 -0.60858
0.86893 0.0398205 -0.0155814
-0.614537 0.551004 0.244723
0.0687745 0.789794 0.243174
0.386005 -0.737394 -0.135156
0.66272 -0.464237 -0.423257
-0.646189 -0.13655 0.583556
0.751108 -0.448816 -0.120054
0.814659 0.124103 -0.274424
-0.481397 -0.720217 0.230874
-0.500784 -0.317356 -0.603384
-0.34393 0.46865 -0.722452
-0.777596 -0.0683517 -0.232461
0.30234 0.748097 -0.0834383
0.381745 -0.241436 0.615488
-0.674801 0.278595 0.44885
0.642428 -0.566635 -0.13894
-0.620244 0.605789 0.113815
-0.265276 -0.300455 -0.740581
-0.312413 -0.752414 0.345671
-0.231278 -0.00578802 -0.825632
-0.165623 0.715915 0.354051
0.22654 0.816439 -0.176095
0.274705 -0.151406 0.724045
0.0330185 0.884098 -0.214112
-0.604334 0.341693 0.480353
0.359112 -0.314231 0.610391
0.712653 -0.458143 0.132777
-0.189201 -0.142191 -0.80229
-0.753953 -0.0564745 0.414264
0.170128 0.500434 0.47498
-0.615563 0.0998347 -0.639636
-0.223166 0.56769 -0.676733
0.383809 -0.370413 -0.762044
-0.00856077 0.549221 0.531337
-0.669711 -0.137493 -0.509613
-0.774076 0.0431807 0.356364
0.761349 0.0856288 -0.425698
0.468234 0.516025 0.186256
-0.498127 0.73416 -0.176203
-0.452806 -0.546826 -0.473109
-0.277225 0.65198 0.416334
0.132063 0.214539 0.72356
-0.535272 0.548326 -0.557486
0.11107 0.307216 -0.824463
0.392287 -0.521959 0.490584
0.860704 -0.0341585 -0.200699
0.0935232 -0.544444 0.645831
0.106852 0.0894965 0.803379
-0.649173 -0.569596 -0.12778
-0.27259 -0.218914 0.832363
0.00559998 0.541131 0.538337
-0.103503 -0.664097 0.574401
-0.414851 -0.343531 -0.659668
-0.107714 0.35698 -0.808127
-0.472386 0.632314 0.314633
-0.756254 0.147445 0.356335
0.341654 0.715675 -0.0656079
0.0164524 0.476553 0.598588
-0.272997 0.204066 -0.817767
-0.394841 0.761028 0.199267
-0.113467 0.921716 -0.15321
-0.227013 -0.210843 -0.775001
0.316369 0.517706 0.331901
-0.743007 0.376164 -0.339258
0.776452 -0.262856 -0.367966
-0.640356 -0.626236 0.0982883
-0.602864 0.0499849 0.621356
-0.352414 -0.170099 0.79038
-0.600339 -0.106529 0.630685
-0.214562 0.885601 -0.0464262
0.435933 0.0981609 -0.767515
-0.129157 0.831479 -0.355956
-0.597357 -0.658367 0.0926047
0.307031 -0.532334 -0.676286
-0.450508 -0.453654 0.642595
-0.357997 0.0864756 -0.813678
0.154935 0.603473 -0.6425
-0.669933 0.525564 -0.338235
0.658368 -0.501688 -0.349506
-0.339469 0.835841 -0.276498
0.679601 -0.532783 -0.0670105
-0.32374 -0.781247 -0.076213
0.475943 -0.104722 -0.769687
0.75885 0.266309 -0.310082
0.0447887 -0.483547 -0.740749
0.67192 -0.363778 -0.503871
-0.110092 0.304745 0.765533
0.260299 0.334022 0.557656
-0.513687 0.0229498 -0.726925
0.50183 0.289635 0.370597
-0.49956 -0.579284 0.516331
0.307042 -0.496275 0.566893
0.762127 0.0705085 0.222801
-0.770639 -0.30855 0.25095
-0.384922 0.504197 -0.698033
0.666803 0.169471 0.309323
0.200166 -0.759397 0.256751
-0.655967 0.530424 -0.378367
-0.0633573 -0.8241 0.220996
0.37305 -0.433278 -0.731666
-0.396148 -0.047698 -0.776795
-0.754754 0.356972 0.0586429
-0.167191 0.866066 0.101644
-0.621698 -0.448418 -0.307108
0.684677 -0.492048 -0.277129
0.55635 -0.358869 -0.655027
-0.560715 -0.675937 -0.11354
0.520086 -0.195682 -0.721882
0.751143 -0.0675868 0.254195
-0.11945 -0.118981 -0.823447
-0.196138 0.814265 0.198897
0.860171 -0.0587964 0.049405
-0.539629 0.194183 0.617434
-0.616093 -0.25136 0.587312
0.195923 0.733681 -0.420908
0.331003 -0.672333 0.305374
-0.363128 -0.790171 0.010891
-0.479832 0.0651258 -0.756326
-0.671796 -0.544075 -0.0988372
0.459626 -0.707157 -0.229065
0.70172 -0.0697983 0.322969
0.362474 0.126806 0.608711
-0.00997432 -0.158746 -0.835157
0.225439 -0.792914 -0.0133385
0.196799 0.073245 -0.861787
0.812136 -0.0554242 -0.345034
-0.39926 -0.622849 0.539005
-0.543189 0.590659 0.292105
0.662686 -0.510999 -0.311583
0.226697 0.724918 -0.413318
0.468832 0.571688 -0.357906
0.73545 -0.18868 -0.499699
0.452067 0.273741 -0.698682
0.708235 0.129346 0.281497
0.457665 -0.341271 -0.735876
-0.270475 -0.303772 -0.738514
-0.0395574 -0.727877 -0.451275
-0.709801 -0.16992 -0.383205
0.552752 0.0246927 -0.698996
0.30032 0.642791 -0.470594
-0.691336 -0.116312 -0.470555
-0.616953 0.539646 0.264221
-0.317 -0.150723 -0.772969
0.490573 -0.313562 0.501013
0.80349 -0.134076 0.162778
-0.52237 -0.115163 0.693969
-0.610224 -0.584406 0.394618
-0.577333 -0.674612 -0.0722061
0.387556 -0.500597 -0.69127
0.254374 -0.673109 -0.487559
0.737392 -0.465526 -0.0323467
-0.262033 0.49961 -0.714976
0.159388 -0.723386 -0.427583
-0.632922 0.125244 0.569847
0.537044 0.564596 -0.0854826
-0.350112 0.813476 -0.314338
0.434632 -0.451631 -0.704657
0.0679861 0.789481 -0.403852
0.625131 0.314564 0.224412
-0.218695 -0.794071 -0.141397
-0.235056 0.462806 0.609496
0.43743 -0.691995 0.0189231
-0.746502 -0.170144 0.438687
-0.525786 -0.416629 0.593145
0.452166 -0.621974 0.246579
0.402206 0.326133 0.43443
-0.390721 -0.622263 0.543148
0.402542 0.675548 -0.138827
-0.517001 -0.628969 -0.288252
-0.565163 -0.428075 0.549651
0.31972 -0.226879 0.671424
-0.790817 -0.184427 0.0507078
0.33972 -0.477968 0.555398
-0.702393 0.403212 -0.415925
0.202423 0.790234 -0.291805
0.125294 -0.428778 -0.768734
-0.209601 0.88188 -0.231586
-0.0184115 -0.813536 0.0337859
0.0368816 0.881489 -0.217063
-0.0212 0.909502 -0.198472
0.203864 -0.223913 0.752748
0.433931 -0.7236 -0.218524
-0.608189 0.622702 0.102558
0.257358 -0.688334 -0.458566
-0.210434 -0.7256 -0.350992
-0.00988457 -0.716302 -0.477106
-0.159893 0.885918 -0.255272
0.287576 -0.760749 0.0756532
-0.0628168 -0.78162 -0.266977
-0.242703 0.884612 -0.194643
-0.0548583 0.114494 -0.863546
-0.0114771 0.902871 -0.103445
-0.443406 0.807009 -0.034319
0.378852 -0.592893 0.426528
-0.427839 0.414892 0.577774
-0.391204 -0.0858762 -0.769526
-0.749961 -0.335562 0.073097
0.210907 0.525689 -0.690253
-0.752423 -0.228768 -0.188417
0.664475 -0.435211 0.267541
0.240924 -0.701694 -0.439626
0.583145 0.526078 -0.247149
-0.634911 0.553034 -0.383436
0.0897968 -0.675427 -0.533343
0.810756 0.260368 -0.0423023
0.638901 -0.121503 -0.612717
0.173628 -0.467492 -0.743864
-0.62025 -0.0527343 0.617815
0.674835 -0.209069 -0.578814
-0.697676 -0.514987 0.252317
-0.248722 0.882191 -0.0923435
0.694022 -0.491445 0.130965
0.748944 -0.238522 -0.449228
0.445554 0.481234 0.242742
0.216167 0.460917 -0.72693
0.193302 -0.167716 -0.851633
0.0300344 0.86583 0.0636719
0.540611 0.244533 -0.644268
0.103247 0.776162 0.226304
-0.738445 -0.293612 0.440697
-0.470689 0.604688 0.358076
0.253363 -0.623722 0.49346
0.0871885 -0.808026 0.252639
-0.761505 -0.278234 0.0278248
0.399359 0.547486 0.22489
-0.580228 0.402884 -0.632783
-0.311592 0.504522 0.54927
0.262524 0.778103 -0.230781
-0.712651 -0.478023 0.157427
0.439703 0.240364 0.474138
0.552171 -0.471495 0.380044
-0.590502 0.536967 -0.524634
0.360648 0.533659 -0.547949
0.482213 0.0684897 0.534082
-0.2043 0.638511 0.44806
-0.372635 -0.57028 -0.497942
-0.245933 0.874113 -0.0374079
-0.0460244 0.506574 -0.735988
0.505032 -0.455375 0.431463
-0.752515 0.381539 -0.0590919
0.354253 0.488963 -0.606314
-0.0287736 -0.389158 -0.762897
0.18582 0.566502 -0.672745
-0.755421 -0.311601 0.0600833
0.405702 -0.438156 0.523107
0.137321 -0.677349 0.47745
0.444645 -0.415226 -0.722654
-0.639687 -0.470109 -0.247675
0.806814 0.211129 -0.213114
0.661653 -0.28931 -0.568779
0.0527358 0.129013 -0.870127
-0.427199 -0.56814 -0.46704
0.0511458 0.461193 0.590806
-0.0960297 0.6048 -0.667614
-0.0741292 0.924531 -0.135352
-0.0513626 -0.665065 -0.534165
-0.733855 -0.316791 -0.126743
0.301468 0.600829 0.262688
-0.828299 -0.0114155 0.0680899
-0.26917 0.736218 -0.495002
-0.0440637 -0.00240585 0.859469
-0.515818 -0.716338 0.11172
0.837141 -0.0194329 -0.262245
0.724118 -0.482536 0.00633265
0.244739 -0.78053 0.0908578
0.79393 -0.0867397 0.188911
-0.511543 0.64084 -0.459889
-0.13014 -0.607826 0.637986
-0.150621 -0.80346 -0.0854999
-0.154623 -0.632283 -0.534991
-0.375183 -0.415869 -0.644885
-0.29356 0.235372 0.767667
-0.207325 0.820862 -0.373042
-0.452677 -0.205041 -0.716754
0.0735328 -0.805782 -0.017507
-0.507404 -0.620973 -0.32146
0.327628 -0.711084 0.195612
-0.843063 -0.0524517 0.203073
0.765747 0.0908338 0.213709
-0.369845 0.520323 -0.689128
-0.742342 0.197684 -0.494069
0.315336 -0.642569 -0.522871
-0.473525 -0.648744 0.477076
-0.215609 -0.791087 0.284404
-0.306007 -0.396705 -0.695636
0.483711 0.236314 0.435925
0.39052 -0.467005 0.524436
0.675126 0.151862 -0.518385
-0.823207 -0.0313953 0.0400221
-0.235252 -0.822637 0.169292
0.151497 0.551846 0.443099
0.162245 -0.422572 0.693394
-0.257071 -0.721422 -0.324178
0.403628 0.119068 -0.77822
-0.313021 -0.769378 0.289767
0.534845 0.396143 0.235769
0.504539 -0.135872 -0.748156
-0.654439 0.574651 -0.176226
0.292049 0.722937 -0.325154
0.197676 0.534403 -0.691639
0.632848 -0.142222 -0.621226
0.318183 -0.307653 0.646775
0.168526 -0.339931 -0.805806
0.541437 -0.0750285 0.489281
-0.477621 0.175023 0.674104
0.425751 0.00690134 0.596279
-0.0608034 -0.417086 0.759755
0.13248 0.0205894 -0.866666
-0.47325 0.654667 -0.469357
-0.607772 -0.459046 0.482588
-0.169755 0.901637 -0.0572005
-0.289175 0.230713 0.773068
0.010425 -0.202455 -0.827097
0.616546 0.209122 -0.575116
0.622393 -0.18365 0.391243
0.674402 0.400896 -0.33297
-0.130304 0.679049 -0.604669
-0.0302063 -0.473967 -0.73502
0.103126 -0.808689 0.0159898
0.303535 0.46378 0.396857
-0.604015 -0.577328 -0.214952
-0.751995 0.0538448 0.4065
-0.110712 -0.785676 -0.243782
0.41487 0.236611 0.497472
-0.375237 0.316446 0.670561
-0.748325 -0.376192 0.22565
-0.655596 -0.298984 0.530279
0.070097 -0.751982 0.39774
0.283828 -0.590561 0.503134
-0.462427 0.166715 -0.767136
-0.305709 0.186541 0.779151
-0.351678 0.521392 -0.690893
0.838396 -0.230225 -0.109873
0.642327 -0.562733 0.0493114
-0.808134 0.12309 0.0250958
-0.185853 -0.382181 -0.733137
-0.141495 0.341577 0.732247
-0.162979 0.65279 0.434156
-0.114244 -0.79492 -0.159246
0.422857 0.643204 -0.26506
-0.404987 -0.292949 0.746981
-0.597623 0.318743 -0.640797
-0.791912 0.0336631 -0.236828
-0.620825 0.634737 0.0300446
0.353086 -0.67004 0.276715
-0.527808 0.640838 -0.447297
-0.651851 -0.0946471 0.582844
-0.0568824 0.0503392 -0.857628
0.103257 0.686211 -0.548991
-0.786619 0.137331 0.232344
-0.649187 0.167433 0.536449
0.821734 -0.286519 -0.230944
0.323036 -0.062342 0.681242
0.277573 -0.707402 0.286962
0.306986 0.4324 0.424924
0.628276 -0.146376 -0.626746
-0.149342 -0.78727 -0.237785
0.136154 -0.332961 0.746188
0.222273 0.679666 -0.491133
-0.606434 -0.657823 0.0307582
0.159918 -0.813972 0.0923723
0.410594 -0.448682 0.514753
0.508898 -0.373508 -0.688854
-0.192414 0.656824 -0.61578
0.130212 -0.597163 -0.632777
-0.789622 -0.231389 0.305427
0.839717 -0.231157 -0.172949
0.101352 -0.611064 0.570317
-0.09163 -0.794961 -0.154697
-0.53587 -0.696816 0.16023
-0.661968 -0.591874 -0.0629695
0.680096 -0.451763 0.212189
0.623501 -0.564254 0.112123
-0.652838 0.458509 0.318599
0.0305437 0.169303 -0.871686
0.669869 -0.543977 -0.02357
0.780449 0.167201 -0.359118
-0.835467 -0.0491848 0.14083
-0.397514 -0.492633 -0.558976
0.68758 0.00612527 -0.537832
0.185491 -0.733343 0.352877
0.224757 0.191505 0.670436
-0.739181 -0.19252 0.456987
0.0912 0.821601 0.152203
-0.0317738 -0.294774 0.81811
0.587225 -0.545919 -0.414221
-0.111558 0.403262 0.672971
-0.738755 0.389532 -0.346158
0.274137 -0.496112 -0.711698
-0.490273 0.757464 -0.0933217
0.438646 0.609829 0.073314
0.331873 0.569083 0.267095
0.107835 0.064066 0.809705
0.671673 -0.303997 -0.544961
-0.733704 -0.297072 -0.18066
0.195916 -0.431589 0.672861
0.125521 -0.430437 -0.768141
-0.113317 -0.766119 0.388857
-0.377435 0.821323 0.025052
-0.293578 -0.659243 0.538577
-0.672455 -0.0308618 -0.569143
-0.617819 0.0706312 0.601948
0.123839 -0.592214 0.583381
0.175121 0.679695 -0.528282
-0.727809 0.300932 -0.455766
-0.0331642 -0.824819 0.145859
0.0867317 -0.184605 -0.848116
-0.451131 0.310928 0.623259
-0.596544 0.578577 0.223129
-0.102613 -0.260741 0.837965
-0.0880547 0.590709 -0.679474
-0.0998723 0.86491 0.133704
-0.606886 0.644538 -0.0533754
-0.702422 0.520901 0.12086
-0.747604 -0.0160446 0.426316
0.275802 0.29038 -0.782784
0.626669 0.349267 0.186711
-0.417671 -0.764257 -0.0276068
-0.278047 -0.432431 -0.688464
0.729949 0.265604 0.150787
-0.718492 0.160089 0.435706
0.732373 -0.263347 0.22788
-0.655328 -0.600068 -0.0829977
0.148753 -0.703796 0.43573
-0.406097 -0.692598 -0.268907
0.828437 -0.249585 0.0101825
-0.431642 0.788405 -0.198347
0.375806 -0.647099 -0.493918
-0.173959 -0.775233 -0.270274
0.607931 0.149115 0.377154
0.823732 -0.271326 -0.102717
0.519036 -0.65218 -0.031679
0.203197 0.791064 0.0398491
0.424701 -0.464408 -0.700389
0.513432 -0.239926 0.500775
-0.77905 0.104035 0.305894
0.492753 -0.578989 0.281701
0.780661 0.00596412 0.201937
-0.297263 0.582931 -0.656054
0.0280619 -0.801112 0.304502
-0.219271 -0.523084 -0.636408
-0.012456 0.215851 0.805021
0.590368 0.395743 0.1756
-0.0213604 -0.785385 0.349393
0.701469 -0.100121 -0.533238
-0.515133 0.188556 -0.721346
-0.358144 0.0605066 0.767993
-0.403851 0.477021 -0.707209
-0.606038 0.0772611 0.6088
-0.117891 0.286799 -0.832188
-0.699219 0.537255 0.00212841
-0.745194 0.114499 -0.47213
0.805361 0.228428 -0.197407
0.00480274 -0.733245 0.456415
0.441485 0.643375 -0.120601
-0.158241 0.300528 0.77
-0.271423 -0.139983 -0.785692
-0.247381 -0.0518028 0.844782
0.287029 0.650652 0.222819
0.770052 0.0953401 -0.407765
0.497391 -0.357341 0.477731
0.70228 0.307116 0.136796
-0.0489959 -0.612256 -0.60885
-0.791499 -0.00802827 -0.198182
0.25364 -0.771109 -0.175143
-0.755983 -0.145682 0.415275
-0.840797 -0.0408684 0.176611
-0.443443 0.0727742 0.716995
0.133561 -0.428971 0.702211
0.0325076 -0.789767 -0.169837
0.21963 0.665522 0.27142
-0.752277 0.387813 -0.10106
0.869797 -0.130829 -0.16396
-0.747791 0.0611213 0.415321
-0.552348 -0.41634 -0.484568
0.140276 -0.251731 -0.835824
0.454083 0.623221 -0.253471
-0.00602061 -0.817715 0.273853
0.458859 -0.25059 0.548147
-0.0967405 -0.354755 -0.759886
-0.642079 -0.63633 -0.0164871
-0.811638 0.0922577 0.159602
-0.134243 0.314534 0.757362
-0.533227 0.325234 -0.693675
0.812472 -0.311954 -0.230719
-0.176525 -0.796851 -0.152532
-0.275749 0.767684 -0.448247
0.356597 -0.622734 -0.54084
-0.567071 0.102768 -0.681414
0.740164 -0.0296963 -0.472388
0.364017 0.586311 -0.47953
0.530144 0.563404 -0.0339122
0.0188925 -0.732984 -0.455162
0.657533 -0.145152 0.358754
-0.113452 0.0890218 0.85459
-0.742944 0.444721 -0.226019
-0.393518 0.612635 0.407147
0.732662 0.129651 0.256329
-0.654646 0.107206 0.549646
-0.528223 -0.70718 0.112223
-0.148038 0.77961 0.273856
0.199308 -0.679619 -0.494385
0.040133 -0.710322 -0.485847
0.524006 0.424634 -0.51669
-0.583635 -0.672873 -0.056668
0.600668 -0.547885 -0.383562
-0.710659 0.0938837 -0.53918
0.829838 -0.150357 -0.284114
0.571776 -0.247576 0.435911
-0.662316 -0.0452253 -0.585223
-0.617311 -0.263384 -0.501761
-0.476752 0.032309 0.704418
-0.0173276 0.855512 -0.308109
0.267346 -0.547521 0.550446
0.195646 0.631061 0.326996
-0.563215 0.665207 -0.217362
-0.75919 0.100581 0.383237
-0.811076 -0.0505673 -0.0231602
0.252989 0.778855 -0.249855
-0.464932 -0.00857869 -0.759749
-0.777571 0.078226 -0.36506
-0.55011 -0.461165 -0.44433
0.856636 -0.0330902 0.049764
-0.112878 0.0314893 0.866906
-0.56161 0.41234 0.466012
0.73649 -0.258756 -0.466528
-0.661265 0.49219 0.250203
-0.148878 0.00792889 -0.84253
0.230941 0.653014 0.273753
-0.128033 0.847423 -0.328116
-0.782412 -0.205171 0.027755
-0.686798 0.346853 -0.50359
-0.145851 -0.564235 0.670879
0.293178 0.766153 -0.197141
-0.439488 0.541718 -0.633744
0.508296 -0.426688 0.440269
-0.379437 0.264661 -0.772466
-0.0603963 -0.5692 -0.664056
-0.687842 0.377069 -0.472835
0.374988 -0.609261 0.395491
0.502576 0.180065 0.461015
-0.655693 -0.394713 -0.286526
0.0640675 -0.645656 0.544726
0.730677 -0.265165 -0.475616
0.474708 0.308554 0.379376
-0.032618 0.709015 0.378272
-0.0806346 0.914438 -0.0595678
-0.154079 -0.688468 0.533425
-0.709053 -0.266287 -0.289051
-0.0170443 0.562693 -0.703567
-0.374517 -0.618291 0.553958
0.00106216 -0.0730624 -0.851363
0.604859 0.379131 -0.473824
0.307059 -0.769721 -0.0742755
-0.374226 0.455119 -0.72121
-0.66687 0.280341 0.464434
0.260467 -0.778071 0.0470393
0.813618 0.179428 -0.226059
0.661179 -0.197214 -0.593374
-0.791822 0.0287835 0.316874
0.141214 0.305618 -0.819541
-0.468547 -0.304323 0.695402
-0.525717 0.329074 0.558519
0.0622189 -0.277474 -0.815825
0.48428 -0.205002 -0.747501
0.613992 -0.561578 0.133075
0.844562 -0.161901 0.0411635
-0.806612 -0.026067 0.289875
0.432181 -0.279789 -0.766135
-0.264166 0.739961 -0.491683
0.00218662 -0.729013 0.465716
-0.204683 -0.611828 -0.540683
-0.244305 -0.792642 0.261663
-0.784678 -0.136223 0.348052
0.273183 -0.131872 -0.848499
0.195493 -0.187178 -0.849532
0.64277 -0.0263984 0.394392
0.0879831 -0.454478 0.70166
-0.770477 0.00953021 0.369417
0.56634 0.0838479 0.442651
-0.602599 0.200637 -0.647591
0.0250966 0.519353 0.557979
0.827308 -0.00204651 -0.284121
-0.513285 -0.198032 0.683879
0.6136 -0.188311 0.400621
0.50614 -0.413386 0.447559
-0.239643 0.507338 -0.713065
0.562026 0.27562 0.324332
0.658373 -0.549891 -0.23237
0.390873 -0.47175 -0.706438
-0.704797 -0.458317 -0.0201895
-0.112887 0.681078 -0.598904
0.454544 0.634342 -0.132041
0.864254 0.0597397 -0.0155338
-0.253764 0.799955 0.20266
-0.296594 0.641195 0.42341
0.23835 -0.447136 0.644878
0.199172 -0.251154 -0.83697
-0.760059 -0.034839 -0.353016
-0.423336 0.174579 0.70992
0.727701 0.257137 0.168088
0.00950222 -0.77599 -0.297632
-0.463339 0.509906 0.467196
-0.636677 -0.209147 0.580873
0.166394 -0.133663 -0.856279
-0.543053 0.647605 0.187
0.327727 0.685071 0.0927352
-0.574278 0.65385 -0.214452
0.472264 0.231627 0.451011
0.0705753 -0.108037 -0.853982
0.0949417 0.031306 -0.86592
0.0455433 -0.137572 -0.849263
-0.763549 -0.303185 0.124731
-0.713394 0.505219 0.116785
0.667078 -0.171277 -0.584652
0.0336623 0.596587 0.484998
0.0810401 0.333923 0.68087
0.105869 -0.815413 0.214315
-0.519883 0.0292865 -0.721626
-0.653087 0.0554337 0.569064
-0.533403 -0.137221 -0.686825
0.439775 -0.689512 -0.368981
-0.45219 0.114809 -0.780419
-0.0590616 -0.784356 -0.241812
-0.44645 0.519869 -0.653076
0.52992 0.491234 -0.410033
0.699944 0.165915 0.277496
0.286179 -0.209969 0.70457
0.118071 -0.446139 -0.761607
-0.571281 -0.396695 0.560076
0.270102 -0.502458 0.586917
-0.301845 0.375343 -0.762678
0.0940185 -0.0831261 -0.857722
0.775614 0.231416 0.116027
-0.667908 0.48323 0.249819
0.407655 -0.515901 -0.672677
-0.447233 -0.532512 -0.490702
-0.294624 0.143578 -0.828688
0.823186 -0.266155 -0.0122254
-0.621189 -0.5478 -0.208563
0.343504 -0.100751 0.666887
-0.786756 0.0921893 -0.294047
-0.381129 0.651967 0.36861
0.216979 0.388733 0.539868
-0.38625 -0.362337 -0.671411
0.0152262 0.0398092 -0.862499
0.100919 -0.781534 0.319551
-0.678044 0.0658447 -0.583982
-0.463152 -0.751474 0.0353814
0.355074 -0.731863 0.0335233
0.562512 -0.589014 0.150313
-0.260963 -0.420104 0.753815
-0.634098 -0.356434 -0.373323
0.61858 0.0649336 0.395519
0.289761 0.127134 0.659635
-0.694308 -0.188633 -0.400961
0.563291 0.0716254 -0.677664
-0.466233 -0.544284 -0.46757
0.478431 0.476761 0.214249
-0.0564728 0.630213 -0.649814
-0.0605564 0.576077 -0.693341
-0.0112715 -0.743694 -0.440367
0.223313 0.672747 -0.499744
-0.824717 0.0271032 0.0295991
0.291362 0.0887378 -0.824086
-0.812639 0.0967784 0.0875615
0.403824 -0.734581 -0.184578
0.176102 0.501675 0.469798
-0.646912 -0.207458 -0.493512
-0.0392127 -0.813526 0.0298584
-0.706007 -0.49087 0.117811
0.198796 -0.790412 -0.0713518
-0.251933 -0.66201 -0.441685
-0.239768 0.374884 -0.776708
-0.732895 -0.349971 -0.0473135
0.257615 0.75456 -0.306814
0.132223 0.0319016 -0.867323
-0.142883 0.431623 -0.768491
-0.401483 -0.475225 0.667323
-0.234819 -0.0814917 0.855799
-0.500011 -0.699004 0.27065
0.426882 0.551842 -0.455765
-0.740216 -0.162664 -0.314227
0.731748 0.381887 -0.142397
-0.727145 -0.152549 0.482176
0.634391 -0.0460707 0.401815
0.083229 -0.155032 -0.850817
-0.519232 0.60954 0.292459
0.082431 0.0131491 0.825694
-0.111787 0.571787 -0.689242
-0.541007 0.259679 0.588953
0.129906 -0.440312 0.697833
0.559558 -0.433325 -0.588301
-0.444301 0.103703 -0.787148
-0.697663 0.279898 -0.53873
0.624248 0.0263517 0.4029
-0.350203 -0.744571 0.345037
-0.681075 -0.391101 -0.230523
0.701829 0.421098 -0.152245
0.860848 0.0952254 -0.0454926
-0.64508 0.538948 -0.392477
-0.119336 0.789316 0.264673
0.429721 0.652841 -0.12358
0.846486 -0.207455 -0.112521
0.609957 0.47071 0.0484138
0.553655 -0.252686 0.456367
0.0777107 0.455384 -0.754539
-0.168849 0.435595 -0.763158
0.393946 0.485252 -0.573516
-0.440148 -0.201012 -0.729373
-0.729483 0.21404 0.377927
0.248389 0.663972 0.244937
0.718864 0.356411 -0.296271
0.821014 -0.280243 -0.118901
0.781298 -0.379126 -0.071697
0.56381 -0.270652 -0.668959
-0.272614 -0.80941 0.186447
-0.655977 0.533883 -0.365779
-0.345374 -0.310462 -0.719335
0.00489929 0.1539 -0.869838
0.0883659 -0.234485 -0.834102
0.679222 0.264898 -0.460781
0.0330152 0.699481 -0.545287
-0.508937 -0.71443 0.182041
-0.778814 0.224393 -0.315217
0.397456 -0.0405641 -0.794531
0.533227 -0.159168 0.491771
-0.124409 -0.124336 -0.820898
-0.801513 0.159882 -0.141511
-0.279064 0.773798 -0.438374
-0.619026 0.316774 0.485789
0.265722 0.625102 0.270456
-0.622831 0.610346 0.0982662
-0.556334 0.616374 0.226529
0.175776 -0.390453 0.701099
0.448167 -0.678488 0.083151
0.173838 0.522955 -0.701724
-0.571213 0.0329695 -0.677442
-0.621326 -0.638071 0.119876
-0.74244 0.166419 0.386889
-0.551393 -0.610451 0.43809
0.217801 -0.293072 0.71971
-0.121511 -0.169659 0.863419
-0.74291 -0.202268 0.446007
0.748072 0.074128 0.245527
-0.557294 0.691673 -0.114599
-0.424745 0.675722 0.302331
0.724691 0.394247 -0.111163
0.259425 -0.758773 -0.280105
0.26568 0.691478 -0.436613
-0.590156 -0.384929 0.548168
-0.516513 -0.722109 0.048247
-0.0548904 -0.406501 0.764613
0.0527669 0.525332 0.533955
0.0601271 0.363525 0.66951
-0.500522 0.0907947 0.678612
-0.260902 0.0740118 0.820143
0.344457 -0.752138 -0.0850518
0.00305661 0.464374 0.610612
0.3964 0.245303 -0.753116
-0.711737 -0.214698 -0.334094
-0.297157 0.507372 0.550816
-0.800096 -0.164586 0.300293
-0.159944 -0.229338 0.849568
-0.462715 0.0845757 0.703043
0.16122 0.816746 0.0502662
0.401841 -0.287488 -0.784717
0.0913358 0.858233 0.0592895
0.219442 0.152668 0.695492
-0.199569 0.39813 -0.775653
-0.801203 0.158696 -0.0398579
-0.653428 -0.5269 -0.160283
0.745888 -0.198084 -0.478447
0.0882117 -0.810874 0.243264
-0.376053 0.103414 0.75215
0.844232 0.0714043 0.0388615
0.00326774 0.291981 0.770736
-0.484904 0.266312 -0.734646
-0.468495 0.184213 -0.760478
-0.217295 0.580185 0.504174
0.357794 0.709207 -0.12669
0.172275 0.822355 -0.016976
-0.670197 0.574869 0.0283228
-0.688415 -0.369586 0.455923
-0.581388 0.571978 0.269611
0.84617 -0.209059 -0.122061
-0.695217 -0.0473049 -0.508828
0.298158 0.75191 -0.0889716
-0.00256628 -0.0720779 0.851745
-0.65377 0.21565 0.513431
-0.151512 0.477499 -0.740712
-0.173263 -0.15803 0.865214
0.388774 0.403135 -0.664306
0.201833 0.336361 0.595782
-0.133646 0.811065 0.227183
-0.258093 -0.733459 0.418965
0.466143 -0.501697 0.446485
-0.111288 0.876764 -0.277158
0.617959 0.508727 -0.220596
-0.535492 0.290406 0.574633
-0.273263 -0.775627 -0.161301
0.784624 -0.0917648 -0.421659
0.653919 0.0809249 0.35379
-0.491103 -0.428257 0.620205
0.748211 -0.45173 -0.0645684
0.303166 -0.0879023 0.698193
-0.554688 -0.288167 0.630922
-0.80906 0.111226 -0.117961
-0.0391421 -0.767314 0.393272
-0.34017 0.280361 -0.778657
0.122874 -0.55475 -0.676821
0.360087 0.246976 -0.770245
-0.666231 0.564345 -0.143696
-0.20879 -0.823369 0.0913359
0.513456 0.3637 -0.602021
-0.214828 0.299289 0.758801
-0.241269 -0.0725203 -0.808457
0.875552 0.0189809 -0.0261905
0.825411 -0.270553 -0.156507
0.0408378 -0.795085 0.313774
0.280164 0.634462 -0.499955
-0.56312 -0.290841 0.621834
0.025417 -0.0281009 -0.857409
0.0786873 0.865032 -0.221933
0.367763 0.617311 0.185627
0.148517 -0.710793 -0.454402
0.309073 -0.557566 -0.648626
0.380428 0.216272 0.539799
0.697598 0.290553 0.165695
-0.773239 -0.272756 0.131079
-0.0654249 0.711417 -0.549067
0.246117 -0.242784 0.723226
0.338033 0.726741 -0.148022
0.244509 -0.186742 0.745159
-0.576342 -0.347384 -0.503409
-0.132837 0.429621 0.648515
-0.426578 0.752497 -0.345862
-0.245213 -0.111868 -0.798797
0.648694 -0.557057 0.067209
-0.559049 0.655337 -0.289629
-0.274274 0.392339 0.660831
0.529247 0.110764 -0.695116
-0.747062 0.09995 -0.461709
0.452038 -0.708823 -0.308335
0.419403 -0.0456053 -0.786459
0.218546 0.016331 0.757233
0.721871 -0.0776566 -0.503262
0.390203 -0.219815 0.614536
0.404289 -0.227421 -0.796035
0.438945 0.389748 0.337111
-0.698271 0.510179 -0.264224
-0.442301 -0.671588 0.462341
0.324435 0.524358 -0.592739
0.782144 0.257163 0.0622081
-0.551989 0.501147 0.395605
-0.0235293 -0.144416 0.850544
0.789338 -0.158656 0.176082
-0.361614 -0.392398 -0.672555
0.0897995 -0.798362 0.279143
-0.16335 -0.769877 -0.290098
0.743364 0.00136105 0.26441
0.7138 0.325498 -0.363246
-0.134012 -0.821689 0.238546
0.502785 -0.134268 -0.74991
-0.469925 -0.579954 0.547418
-0.729748 -0.225338 -0.281214
-0.0632566 -0.79126 0.343701
-0.792491 0.205434 -0.196186
-0.284041 0.309608 0.720599
-0.286409 -0.518162 -0.601617
-0.588335 -0.668454 0.05761
-0.662052 0.216872 0.502445
-0.418862 0.800857 0.0506451
0.250249 0.58027 0.32874
0.372827 -0.172675 -0.815599
0.00715129 0.90027 -0.169773
-0.32759 0.635179 0.421138
0.43601 0.614375 0.0676673
-0.782809 -0.161013 -0.0861491
-0.108364 -0.446524 0.753246
-0.383772 -0.615908 0.552584
-0.207004 0.323899 0.744007
-0.28645 -0.283654 0.813428
-0.523583 0.42657 0.492482
0.42609 -0.440792 0.504777
-0.164569 -0.60505 0.637779
-0.44054 0.109812 -0.790422
0.106154 0.236154 -0.854928
0.277731 -0.512236 0.573633
0.0142419 0.867924 -0.26604
0.108307 -0.0383528 -0.862307
0.50995 -0.660044 -0.054148
-0.388833 0.827455 -0.191746
-0.437783 -0.373439 -0.621141
-0.798954 0.106482 0.213813
-0.764229 -0.14445 0.396192
-0.198487 -0.52108 -0.649812
-0.198655 0.860558 -0.30384
-0.794122 0.0851514 -0.232622
0.109703 0.564114 0.461146
0.570609 0.421406 -0.457933
-0.640755 0.601093 -0.0788831
-0.727133 0.27497 -0.481703
0.0968422 -0.173683 -0.850272
-0.379632 0.558163 -0.658478
0.340818 0.697684 -0.289758
0.384257 -0.159606 0.629879
-0.781357 -0.174159 -0.0646456
-0.014431 -0.821311 0.254332
0.148443 0.732017 -0.45795
0.378022 -0.349367 -0.774549
-0.434891 -0.433307 -0.584814
-0.661237 -0.246282 -0.421236
-0.574006 0.670335 0.0713444
-0.371027 0.845874 -0.177482
0.0402886 -0.0872899 -0.853335
-0.462426 0.110547 -0.771578
0.376262 0.274805 -0.74932
-0.0806164 0.830469 0.212938
0.186111 0.839162 -0.170696
-0.252686 -0.646654 -0.46686
0.266417 -0.69424 0.344006
0.514773 -0.314824 0.480003
0.0253777 -0.824306 0.167772
0.856978 -0.154444 -0.193138
-0.612134 -0.649004 -0.090744
0.400035 -0.44802 -0.716744
0.326778 0.423957 0.415305
0.50273 0.468885 -0.480188
-0.389494 -0.420685 0.704293
-0.47217 -0.374007 0.66149
0.416044 0.528689 -0.498721
-0.550879 0.1186 -0.69545
-0.246474 0.787814 0.226306
-0.692618 0.427387 -0.414872
-0.366078 0.660959 -0.542794
0.134152 -0.261696 -0.831545
-0.047264 0.631863 -0.648647
0.769602 0.210109 0.162027
0.280476 -0.476524 -0.725735
-0.0084497 0.205461 0.808575
-0.819858 0.0623088 -0.0184296
-0.37559 -0.759148 0.267347
0.201786 -0.120134 -0.855184
0.457143 0.432356 -0.576363
0.736021 -0.396494 -0.31935
-0.66624 0.506896 -0.398597
0.72366 -0.275092 -0.48281
-0.393548 0.279706 -0.764522
-0.838543 -0.0290377 0.156375
0.0278749 -0.646227 -0.571587
0.423681 -0.624154 0.285952
0.736142 0.137642 0.250025
-0.746371 -0.397968 0.293197
-0.355476 -0.711669 -0.268662
0.529142 0.576527 -0.13525
-0.399333 -0.31256 -0.692685
-0.251142 -0.270647 0.825141
-0.796249 0.185477 -0.13641
0.529539 -0.376975 -0.670601
-0.423254 0.787728 -0.239199
0.70008 -0.249432 0.276486
-0.484641 0.554509 -0.587017
-0.554768 -0.143876 -0.66548
-0.577177 -0.302354 -0.544231
0.288692 -0.571232 -0.637075
0.381504 0.216723 0.538598
0.661739 0.452944 -0.0745569
0.881556 -0.0479235 -0.0129774
0.831921 0.149317 -0.193061
-0.00617156 0.277679 0.781296
0.797322 0.0388113 0.168656
-0.52139 0.02512 -0.720304
-0.638816 -0.528555 -0.19092
-0.590974 0.663761 -0.0546925
-0.0895865 0.76561 0.29878
0.714644 0.255007 -0.412934
-0.39206 -0.49549 -0.559609
-0.767097 0.306534 0.0242665
-0.192705 0.780882 0.257255
-0.597975 -0.165093 0.622434
0.390044 -0.400598 0.551393
-0.365911 -0.795867 0.0564628
-0.816736 0.0825205 -0.0305279
-0.442477 0.344255 0.609535
0.0252976 -0.0474672 0.845127
-0.353157 -0.757468 -0.150079
-0.213293 -0.686793 -0.425561
0.00546251 -0.628441 -0.595102
-0.471542 -0.707475 0.29749
-0.527152 0.238471 -0.706746
-0.40512 0.610471 -0.581873
-0.150378 0.779709 0.273455
0.749385 0.020877 0.251464
-0.37713 0.00397454 -0.792801
-0.105991 -0.229247 0.846341
0.350465 0.310092 -0.743625
0.438783 0.284406 0.437675
-0.193019 0.836856 -0.345363
-0.799277 0.0251589 -0.176112
0.641221 0.359436 0.152827
0.180668 0.483423 -0.724286
-0.726863 -0.121952 -0.376491
-0.804068 -0.060799 -0.0604971
-0.560929 0.704394 -3.98699e-05
-0.033272 -0.141902 -0.83503
0.615275 -0.140304 0.410037
0.108951 -0.783572 -0.204394
0.188744 -0.794292 -0.0492041
0.716121 0.39155 -0.21758
-0.481436 -0.697678 0.314043
0.0488235 0.798467 -0.398306
0.550133 0.524745 -0.31003
0.168983 0.812085 0.0478831
0.267342 -0.440754 -0.753993
-0.396889 0.133893 0.733707
0.81225 -0.296932 -0.0308313
0.351228 -0.169637 0.65792
0.0946941 0.366473 0.643205
-0.095602 -0.536993 -0.686919
-0.357979 0.428592 0.598635
-0.309712 -0.735019 -0.254531
0.469196 -0.680353 -0.0164501
-0.763463 0.136782 0.336733
-0.0902471 -0.213663 0.848139
0.464044 -0.673147 0.0616723
0.369966 -0.715401 -0.349117
-0.756069 0.354046 0.0353128
0.35427 -0.750456 -0.230802
-0.0959796 0.28651 -0.836409
0.242208 -0.183772 -0.84792
0.204327 -0.795616 -0.0165487
-0.694958 0.283726 0.40218
-0.563024 0.209493 0.592443
-0.442614 0.781222 -0.18574
-0.482747 0.201133 -0.747077
0.575469 0.0656935 -0.669229
-0.459572 -0.549881 0.580647
0.751464 0.297608 -0.292723
-0.177335 0.620976 0.464795
-0.269497 0.830271 -0.355435
0.617696 0.175347 -0.58859
0.803192 -0.330211 -0.160862
-0.0743845 0.0799945 -0.858837
0.187072 0.734078 0.199905
0.740647 -0.0426244 0.27561
-0.436974 0.297841 -0.745601
0.533476 -0.0489296 0.497545
-0.788076 0.0515713 -0.273371
-0.565072 0.656861 -0.249273
-0.146119 0.310492 0.76167
0.1571 -0.221373 -0.846647
-0.3221 -0.221268 -0.752011
-0.0175502 0.473006 -0.756736
-0.281945 -0.45962 -0.660479
-0.422099 0.0501393 0.733896
-0.581867 -0.42573 -0.413306
0.0392809 0.55527 -0.700494
-0.123655 -0.0609482 0.882117
-0.564583 -0.347814 0.591796
0.42714 -0.0422072 0.597004
0.0478798 -0.294557 0.806561
-0.241247 -0.577347 0.645101
0.744979 -0.254419 -0.44884
0.353709 0.655709 0.119678
-0.385793 -0.477213 -0.580641
0.0074757 0.291397 0.768354
-0.260178 0.643024 0.432414
-0.42408 0.631702 -0.539735
0.684859 -0.132737 0.32909
0.721852 -0.24596 -0.50723
-0.806023 0.134906 -0.0312585
0.703457 -0.129448 0.304365
-0.431472 -0.778191 0.112426
-0.736885 0.433311 0.0817501
-0.787677 0.229174 -0.204016
0.458053 -0.144515 -0.778041
-0.484637 0.730716 -0.253817
-0.125124 -0.0774182 -0.833985
-0.0622497 0.0635438 -0.858367
-0.769429 0.102458 0.350876
0.818783 -0.218636 -0.283402
-0.308494 0.0305048 0.799644
-0.317643 -0.780066 -0.0887804
-0.6495 0.59037 -0.0799378
0.228741 0.29799 0.604076
-0.575496 0.535544 0.336655
0.0929338 0.780564 -0.403918
0.477258 -0.117978 0.549048
0.795641 -0.139627 -0.398724
-0.30613 0.352013 -0.767979
0.264959 -0.762977 -0.234425
-0.754477 -0.27973 -0.0335871
-0.223936 -0.586284 -0.565522
0.426695 0.465316 0.27692
-0.405596 0.787325 0.136849
-0.407901 0.0487555 -0.795335
0.563188 -0.213282 -0.680913
-0.821508 0.0581533 -0.00403882
-0.0315134 -0.341948 -0.777323
-0.741793 -0.0463115 0.441642
0.284537 0.540593 -0.611052
0.635721 -0.308972 -0.591112
0.459619 0.630362 -0.131779
0.39861 0.501399 -0.550229
0.0134649 0.845004 0.148894
0.271094 0.588981 0.301516
0.330561 -0.0331359 0.673682
-0.64614 0.577707 -0.207461
-0.730408 -0.198687 -0.30619
-0.112859 0.778717 -0.446657
-0.619058 0.36597 -0.599125
-0.625829 0.164572 0.560529
-0.0777001 -0.118653 -0.832284
-0.18308 -0.802774 -0.0979485
-0.183788 -0.45954 0.741952
0.11167 0.498895 -0.724274
-0.598948 0.392273 0.444936
0.555531 -0.618054 0.0914821
0.831241 -0.254724 -0.166252
0.797925 0.241454 0.047628
-0.702222 0.0534236 0.497076
0.794699 0.21181 0.0982961
-0.628958 -0.606079 0.341719
0.63877 -0.148814 0.380346
0.0208712 0.827954 0.200044
0.208581 -0.787539 0.159584
-0.361163 -0.648706 0.524367
-0.141015 -0.105775 -0.822656
0.157126 -0.0740713 0.795677
0.726485 0.218871 0.215605
0.643491 0.137792 -0.569123
0.163766 -0.597655 0.560761
0.204588 -0.617912 -0.600912
0.268339 0.759674 -0.271333
0.236279 0.644701 0.277246
0.693469 -0.481848 0.144448
-0.744635 0.438816 -0.2388
-0.745754 0.435943 -0.275382
0.114859 -0.66101 0.50599
-0.663806 0.481963 0.260308
-0.576509 0.57781 0.267324
-0.573468 -0.26138 -0.575278
-0.443988 0.759369 -0.29019
-0.765455 -0.162957 -0.220715
0.0452954 -0.510062 0.679728
-0.808691 -0.0427507 -0.0470996
0.162 -0.736847 0.376545
0.690321 0.274017 0.197883
0.3637 -0.742372 -0.289002
-0.825057 0.0333612 0.154875
-0.671468 -0.0752035 -0.549625
0.352794 -0.613834 0.419499
-0.644718 -0.635316 -0.0258217
0.768476 -0.226328 -0.409911
-0.541704 0.16105 0.628688
-0.599866 0.593145 -0.380971
-0.0188006 -0.65493 0.566698
0.602038 0.361887 0.20178
-0.580383 -0.064189 0.654525
-0.45084 0.761436 -0.249158
-0.300882 -0.824111 0.0924654
-0.794946 0.0187676 -0.20145
0.168837 -0.790607 -0.109128
-0.467341 -0.73915 -0.0500853
0.756924 0.0872384 -0.431239
0.372579 0.681439 0.029071
0.129313 -0.818539 0.10993
-0.149087 -0.234839 0.848557
-0.670974 -0.583567 0.0186748
0.378195 -0.71093 0.10694
0.238406 -0.468332 -0.736354
-0.622809 0.551156 -0.440303
-0.660084 -0.50515 -0.166301
0.278983 0.588369 0.295093
0.09954 0.555305 -0.692351
0.295707 0.128694 -0.818914
0.28323 0.76538 -0.10733
-0.331797 -0.383193 -0.692251
0.0762467 -0.121636 -0.853233
0.026069 -0.817944 0.0835069
0.328877 -0.206337 -0.835535
-0.753096 0.372158 -0.00436864
-0.765912 0.317516 -0.0218212
-0.772747 -0.280925 0.159903
-0.225112 -0.595275 0.635636
-0.545191 -0.537686 -0.37794
0.229958 0.560049 -0.639329
-0.491331 0.526743 0.430302
0.693691 0.416427 -0.0531387
0.338149 -0.737443 0.0573225
0.518277 0.453138 0.197287
-0.175795 0.899409 -0.055374
0.43798 -0.356917 -0.745636
-0.800179 0.0249303 -0.168742
-0.601214 0.604485 0.157039
-0.725649 0.246525 0.355458
0.129532 0.613829 -0.636804
0.479178 -0.69513 -0.274542
0.841834 -0.187226 -0.224969
0.257911 0.0511609 0.718338
-0.0682082 -0.0730694 -0.845629
-0.401375 0.182758 -0.789225
-0.721791 -0.348021 -0.155813
-0.666015 -0.573992 0.303086
0.8607 0.0108701 -0.184837
0.228234 0.631624 -0.550844
0.529815 -0.553022 0.28307
-0.742862 0.436278 -0.28768
-0.710508 -0.42071 -0.0672098
-0.332822 0.0313051 -0.809484
-0.00828406 -0.792289 0.331498
-0.491154 0.224934 -0.737894
0.509889 -0.453062 -0.62667
0.244561 -0.137953 -0.850621
0.790373 0.210611 -0.276642
0.214679 -0.7051 0.391215
-0.294956 -0.351629 0.780641
0.621495 -0.58344 -0.136912
0.023934 -0.738465 0.4398
-0.715307 -0.0694703 0.500127
0.531478 -0.536435 -0.510017
0.0569423 -0.822221 0.211296
-0.183243 -0.189373 0.857739
-0.653548 -0.613195 0.121193
-0.0707413 0.761987 -0.471437
-0.729439 -0.329107 -0.135032
-0.746078 -0.269759 0.426598
0.213967 0.204581 -0.839117
0.545066 0.530505 -0.307545
0.0957022 0.622264 -0.634781
-0.640973 -0.4365 -0.278667
0.131856 -0.787906 -0.160053
-0.785899 0.038249 -0.282158
0.0738427 0.352763 0.669442
-0.481776 -0.74154 0.0401695
-0.381457 -0.334197 0.749108
-0.299497 -0.809313 0.0233078
0.54365 -0.189209 -0.70351
0.822374 0.230523 -0.104839
0.718133 -0.440765 -0.278392
-0.290481 -0.0339559 -0.80519
-0.321658 -0.669285 -0.381475
0.300673 -0.596693 0.486651
-0.0503902 -0.824778 0.185181
0.0783668 0.873495 -0.123624
0.503964 0.106854 0.498783
-0.694043 -0.315649 -0.275168
-0.086033 -0.647511 -0.544579
-0.525006 0.741572 0.0201086
-0.809074 0.106247 0.138534
-0.190919 -0.619493 0.62231
-0.739065 -0.27994 -0.17641
-0.237985 -0.700701 0.491624
-0.0043666 -0.00821663 -0.856726
-0.200573 -0.487126 -0.684079
-0.212469 -0.222103 0.847484
-0.777791 -0.197695 -0.035141
0.766176 -0.418757 -0.0887183
-0.544647 -0.696858 -0.0393179
0.760726 -0.267736 -0.402703
-0.614034 0.216117 -0.636662
0.638504 -0.230268 -0.608848
0.284671 0.366746 -0.744
0.691284 0.119936 -0.509604
-0.668522 -0.0558934 -0.566941
-0.00139656 0.814659 -0.376083
-0.555792 0.455105 0.434375
-0.78359 0.236118 0.00259776
-0.373671 0.833027 -0.032825
-0.0662672 -0.824938 0.174239
0.885117 -0.0904837 -0.135638
-0.75749 0.354229 -0.0168423
0.256086 -0.731952 0.248502
-0.30994 0.741395 -0.468635
0.713211 -0.106799 -0.518536
-0.675987 0.468628 0.254939
-0.225338 -0.745965 0.400689
-0.523935 -0.47389 -0.480755
0.0279314 0.151278 0.812349
0.529103 -0.121998 0.499718
-0.399382 0.34232 -0.745647
-0.161244 -0.783712 0.335185
-0.528995 0.341642 0.547897
0.169456 0.498804 -0.716666
-0.0887294 -0.273465 0.832894
0.0875814 0.398259 0.620468
0.185831 0.697781 0.260709
-0.564392 0.682556 -0.123691
-0.67301 -0.3457 -0.294645
0.0275326 0.775681 0.290915
0.227638 -0.546665 0.577099
0.537349 0.215369 0.402316
-0.288276 0.165201 0.792527
0.814308 0.201755 0.0473225
0.415869 -0.713629 -0.327273
0.624942 -0.0806955 -0.625345
0.631169 -0.0549999 -0.616244
-0.829098 0.0184455 0.106912
-0.646141 -0.492836 -0.211296
0.807475 -0.312181 -0.0699696
-0.620543 -0.592018 -0.165597
0.592477 0.366722 -0.509077
0.103973 0.638031 -0.613353
-0.368266 -0.771885 -0.0664961
0.766426 0.229402 0.139958
0.552518 0.0588874 0.46537
0.619909 0.240011 -0.556588
-0.46234 -0.722157 0.262544
0.326275 0.722154 -0.251122
-0.233981 -0.686694 0.513863
0.432483 -0.425311 0.50555
-0.173713 -0.49582 0.718002
0.447867 -0.635471 -0.489481
-0.708557 -0.289363 0.484168
-0.0608322 0.85693 0.143572
-0.403127 0.265023 0.684965
0.599152 -0.188517 -0.653026
-0.408425 -0.737373 0.306324
0.109829 0.841133 0.0764605
-0.469382 -0.519638 0.591306
0.109131 0.85817 -0.0325679
0.281022 0.742383 0.0261008
-0.60584 0.390203 -0.60262
0.105398 -0.0588486 0.816669
0.465893 -0.61647 0.237824
-0.408441 -0.399961 -0.628509
0.527538 0.507824 -0.382599
0.492216 -0.486898 -0.616058
-0.0885984 -0.581862 -0.633983
0.412979 -0.178305 -0.800519
-0.0952198 0.614938 -0.659867
0.466009 -0.70133 -0.204987
-0.285123 -0.338983 0.788254
-0.518806 0.624674 -0.4757
-0.348241 0.630499 0.416414
0.871363 0.0866209 -0.111587
0.739667 -0.453319 0.0567098
-0.131057 0.494085 -0.733406
-0.195313 -0.529549 0.689682
-0.273018 0.847167 -0.305984
0.349393 -0.117199 0.66127
0.518939 -0.24548 -0.711072
0.428463 -0.463374 0.493737
0.25066 -0.606265 0.511452
-0.738804 0.414198 -0.324523
-0.821423 -0.0227719 0.254804
-0.0489104 -0.752046 -0.408527
-0.0380736 -0.802596 -0.0728989
-0.523532 0.681157 -0.331055
-0.302224 0.672452 0.383599
0.760787 -0.0600145 0.242669
-0.740143 -0.015389 -0.417105
-0.210556 0.882598 -0.228316
-0.758184 0.363829 -0.283907
0.06638 -0.77893 -0.256646
-0.350775 0.837038 -0.257342
-0.335556 -0.741573 0.364991
0.602748 -0.0823461 -0.650677
0.482888 0.444493 -0.536509
-0.167068 -0.226264 -0.783015
0.40303 0.598756 0.167294
0.847909 -0.148627 -0.22594
0.071241 0.374307 0.652507
-0.541964 0.522237 0.385844
0.504918 0.592828 -0.10948
-0.576822 0.441475 0.4253
0.799294 0.287902 -0.0447526
-0.760109 -0.286375 0.0365105
0.768728 -0.257705 -0.389736
-0.140964 -0.338631 0.810235
-0.496419 -0.681857 -0.203757
0.559801 -0.505509 -0.513158
-0.0828907 -0.751475 0.430716
0.0020651 0.747436 -0.486957
-0.110171 -0.726469 -0.424062
-0.00566722 -0.574481 -0.667274
-0.691059 -0.422028 -0.176299
-0.736585 -0.428257 0.284841
-0.25249 0.110014 -0.833137
-0.207916 -0.545274 -0.618543
-0.547244 -0.112677 -0.688597
-0.663287 -0.046034 0.573571
0.81898 -0.0627388 0.148892
0.429182 0.364949 -0.660315
0.388519 -0.636 0.313545
0.114264 0.0147613 0.817638
-0.0239076 -0.425489 -0.751952
-0.693929 -0.492742 -0.0296215
-0.616744 -0.501986 0.443787
-0.025255 0.909406 -0.13453
-0.799108 0.169534 -0.0623159
0.382947 0.130148 -0.785258
-0.402105 0.805275 0.0643581
-0.317056 0.860637 -0.106651
-0.677874 -0.0123922 -0.565228
-0.315621 -0.49418 -0.607412
-0.164771 0.913376 -0.139581
0.632107 0.156938 0.349592
0.0668831 -0.347743 0.770224
0.517355 0.550154 -0.315637
0.671408 0.246342 0.243914
0.31459 -0.704666 0.235629
-0.0740083 0.835458 -0.347013
-0.661953 -0.154102 -0.511298
0.800554 -0.140404 0.165208
0.443017 -0.552417 0.418767
0.466636 0.264458 0.428062
-0.191441 0.850654 -0.321281
0.282421 0.729841 0.0606237
-0.293701 0.866353 -0.0828397
-0.52567 0.6718 -0.36887
0.47675 -0.696008 -0.255087
-0.0155529 0.520554 0.558589
-0.414337 -0.436478 -0.599872
0.207189 -0.762232 -0.317501
0.409321 -0.554349 -0.621501
-0.0278368 -0.775896 -0.306737
0.201232 -0.688962 0.433098
-0.558067 0.395683 0.48298
-0.801791 -0.174612 0.126675
0.313569 0.729621 -0.0192546
0.638608 0.337419 -0.479484
-0.804185 0.00446863 -0.124597
0.749787 0.269498 -0.331305
0.85802 0.0530551 0.00981733
0.486218 -0.691693 -0.310952
-0.313443 0.795749 0.185895
-0.628243 -0.486843 0.441601
-0.254911 0.751318 0.285186
0.0671111 0.846583 0.113184
-0.758531 0.333488 0.112883
0.331452 -0.558974 -0.64187
-0.741486 0.302163 0.23829
-0.766934 -0.32846 0.284947
0.0789867 0.649814 -0.602894
-0.0772219 -0.394465 -0.752273
-0.173666 0.157337 0.830277
-0.142045 -0.492079 -0.708768
-0.773877 0.267308 0.0980067
-0.229019 -0.826257 0.138686
0.65943 0.429006 -0.304545
-0.260926 -0.396526 0.765261
-0.115509 0.904668 -0.0111616
0.135821 0.720163 0.280918
-0.520893 0.389112 0.521358
0.764656 -0.329348 -0.342165
-0.255653 -0.607572 -0.523678
-0.173077 0.70732 -0.57209
-0.588321 0.67245 0.0115823
-0.666937 -0.0369339 -0.57865
-0.669615 -0.585291 0.0696437
0.168266 0.677026 0.305781
-0.334257 -0.256608 -0.739051
0.811971 -0.192068 0.122526
-0.762169 -0.186948 0.398632
-0.677506 -0.16883 -0.460122
-0.335078 -0.804182 0.151163
0.442417 0.288758 0.430339
0.412154 -0.365926 0.546522
0.663433 0.424004 0.0245484
-0.128344 0.0153248 -0.846535
-0.803433 0.0175156 0.291292
-0.794012 -0.176456 0.0592057
0.361239 0.63385 -0.419791
0.407821 -0.705269 0.0325999
0.78863 -0.234836 0.156649
0.732332 -0.203638 0.244145
-0.74809 0.188544 -0.471227
-0.617453 -0.221837 -0.543107
0.393712 -0.192634 0.6186
0.146039 -0.575192 -0.653108
-0.222814 0.81303 0.191319
-0.66284 -0.597448 0.0864459
0.416317 0.0548697 -0.778896
-0.737378 -0.285566 -0.177127
-0.494419 0.736182 -0.182513
0.821461 -0.266223 0.0528117
0.349055 0.495175 -0.603899
0.236958 -0.0018222 0.744665
-0.723528 0.0711509 -0.501005
0.17097 -0.555978 0.601532
-0.225419 -0.361476 -0.730949
0.565711 -0.47368 0.365295
0.649376 -0.455762 0.267433
-0.479046 -0.727434 -0.0940233
0.0278661 -0.793437 -0.138632
-0.681692 0.360655 -0.501936
-0.0859398 -0.587381 -0.627582
0.892528 -0.0570102 -0.11806
0.10769 -0.576407 0.608553
-0.288344 0.292446 0.730848
0.300107 -0.393305 -0.771934
0.555217 -0.63354 -0.119189
0.290728 -0.31191 -0.816906
0.44084 0.38618 -0.638753
0.017376 -0.789799 0.33176
-0.49852 0.718123 -0.255599
0.279097 0.283469 0.576062
0.289292 0.746106 -0.0217353
-0.594022 0.408752 0.436561
-0.282619 0.785969 -0.419897
-0.05856 0.680311 -0.589567
-0.450901 0.191628 -0.769495
-0.61729 -0.564464 0.400867
-0.0283206 -0.701764 0.516175
0.623012 -0.256511 0.372197
0.354437 -0.670206 0.274054
0.485912 -0.479127 -0.630227
0.468365 0.582441 0.0809091
-0.0252892 0.450891 -0.770856
0.382346 -0.687713 0.177184
0.357254 0.398519 0.409705
0.264592 0.593518 0.302808
-0.502978 0.362656 -0.700317
0.655921 0.0865498 0.349812
0.557961 -0.63403 -0.174418
-0.189866 0.291251 0.772948
0.665152 0.398404 -0.354049
0.357419 -0.284333 0.621841
-0.49036 -0.0396661 0.708226
-0.711797 -0.480545 0.332384
-0.458462 0.63978 -0.502399
0.413482 0.5633 0.195531
0.585041 -0.570592 0.157492
-0.0206114 -0.57089 -0.67187
0.18515 -0.803795 0.0327908
0.588191 -0.290682 -0.642746
-0.786173 -0.20589 0.0646662
-0.48468 -0.734948 0.154658
0.497234 0.486698 0.184745
-0.330864 0.63935 -0.601491
-0.128396 0.823446 -0.370006
-0.139026 -0.670706 -0.489116
-0.794791 -0.0358696 -0.148178
-0.331698 0.048209 -0.813497
0.0797665 -0.657694 0.524176
0.124787 0.761924 -0.418226
-0.0471256 0.915057 -0.119724
-0.739821 -0.410942 0.255478
-0.216604 -0.756778 0.379061
-0.542172 -0.648378 -0.204627
-0.458274 0.623922 -0.523571
-0.671285 -0.409636 0.447328
0.458824 0.0327821 0.562732
-0.378348 0.297962 0.680177
0.564198 -0.0680616 -0.693324
-0.209479 -0.490751 -0.67512
0.663545 -0.549493 -0.105347
0.259398 -0.769249 0.121564
0.731807 -0.396205 0.170066
-0.683676 -0.542941 0.0237403
-0.0053848 -0.810725 0.0097022
0.229286 0.467631 0.459208
-0.552 0.710457 0.0304908
0.43382 0.305507 0.42283
-0.441406 0.340699 0.61244
0.628927 -0.360521 -0.565336
-0.705105 -0.462032 -0.00742953
-0.479413 0.0853682 -0.756804
0.0317173 -0.581465 0.631185
-0.202448 0.176024 -0.844441
0.613132 -0.341133 -0.600317
0.237446 -0.786743 0.0707994
-0.437189 0.679316 0.283247
0.26107 0.758132 -0.292018
0.46261 -0.649331 -0.445262
-0.785223 0.224605 0.0369577
-0.590818 0.481478 0.374954
0.449069 -0.352468 0.520624
-0.611852 -0.545853 0.419361
-0.0252274 -0.630132 0.596903
-0.0069754 0.899753 -0.0799549
0.362844 0.550329 0.258105
-0.632308 -0.523784 -0.209338
-0.439212 -0.744029 -0.110063
-0.756789 -0.244169 0.40353
0.544954 -0.138992 -0.712287
-0.457669 0.78746 0.0110632
-0.424955 0.790952 -0.215289
0.191047 -0.771293 -0.256096
0.0510302 0.796885 0.245215
-0.74541 0.418717 -0.104807
-0.572085 0.554271 -0.524384
-0.404687 -0.000931638 -0.785103
-0.157143 0.904148 -0.190886
-0.266675 -0.5116 -0.620005
-0.18808 -0.825864 0.16232
-0.49694 -0.13856 -0.711716
0.417737 -0.203575 0.595324
0.114623 0.140939 0.773094
0.414902 0.665729 -0.136964
-0.042587 0.417625 -0.788304
0.0629685 -0.553843 -0.68533
0.514466 -0.544489 0.326121
-0.107676 -0.320497 0.815396
0.0358091 0.345204 -0.819969
-0.585572 -0.556877 -0.274093
-0.137459 -0.788147 -0.227333
-0.453724 -0.0769318 0.733641
0.606014 0.149499 0.378791
0.748789 0.050953 0.24787
0.668297 0.187899 0.297837
0.342404 0.0106757 -0.811313
-0.225547 0.552392 0.53021
-0.73845 0.331187 0.217331
0.477452 -0.400409 0.477404
-0.354159 -0.448493 -0.626965
-0.133017 0.798136 0.248888
0.467793 -0.669 0.0795609
0.185339 0.421769 -0.753846
-0.0511154 -0.11513 -0.838846
0.321411 0.617242 0.228625
-0.00932511 -0.695334 0.516034
0.122354 0.162507 -0.874655
-0.718408 -0.416932 -0.00376748
0.412461 -0.477213 0.501762
-0.190818 0.22137 -0.835025
-0.706296 -0.135729 0.517098
-0.0658462 0.540031 -0.714159
-0.583106 -0.292044 -0.544705
0.216115 -0.748131 0.26462
-0.558613 -0.00730398 -0.68806
-0.09799 0.691871 -0.581953
-0.476718 0.181012 -0.753946
-0.636509 0.604298 -0.100811
0.0165402 -0.34474 0.784651
0.833014 0.068628 -0.243523
-0.228319 0.0591171 -0.833226
0.599045 0.054887 -0.644045
-0.0541905 0.311339 0.756942
0.401101 0.630731 -0.349786
-0.771512 -0.231725 -0.00293817
-0.534935 -0.398258 0.593938
0.693948 0.204938 -0.468222
0.174151 -0.345047 -0.804445
0.303574 0.105556 0.660625
-0.754286 -0.183844 0.419391
-0.734598 0.471756 -0.145882
-0.248604 0.0492453 -0.82907
0.167274 0.28486 0.65666
-0.175223 0.909608 -0.125521
-0.0446695 -0.376755 0.779706
-0.792954 0.18046 0.116369
-0.786818 0.223073 -0.00758867
-0.545295 -0.500556 -0.414936
-0.0151364 0.823248 0.221935
-0.285836 -0.757961 0.34467
0.774002 0.162998 0.185278
-0.0774912 -0.785178 0.356813
-0.249648 0.371447 -0.776125
-0.119985 -0.824393 0.232806
-0.466846 -0.200143 -0.707459
0.580174 0.52944 -0.0827315
0.412789 -0.388005 0.537155
-0.62686 -0.223904 -0.521324
0.369058 0.0940651 -0.793759
-0.0146869 0.760852 -0.468551
0.598852 0.430591 -0.405831
-0.271407 -0.768229 0.321681
0.179241 0.630794 -0.596054
-0.0167952 -0.564212 0.662023
0.439962 -0.059246 0.585411
-0.743687 0.412192 0.00910783
0.317466 0.71885 -0.280354
0.0143519 0.417498 -0.785371
-0.0883898 -0.280789 -0.78343
-0.263847 0.0878478 0.816624
0.229728 0.48318 0.443383
0.688983 -0.351135 0.264283
-0.03605 0.727183 -0.521914
-0.759377 0.275818 0.189504
-0.0990042 -0.1659 -0.814492
-0.30516 -0.0492222 -0.798287
-0.0705576 -0.823869 0.234082
0.101204 -0.756737 0.378716
0.110338 -0.235645 0.792379
-0.78306 -0.213479 0.0559143
0.0220283 0.543657 -0.709657
-0.293517 -0.815168 0.0429837
-0.411875 -0.177839 0.756331
0.686398 -0.457229 -0.354131
-0.114321 0.754353 -0.488136
0.102619 0.726615 -0.494496
-0.697381 0.460046 -0.373558
0.771974 -0.263736 0.172314
0.23269 -0.794131 0.0311689
-0.274242 0.373854 0.676454
0.17691 0.67285 -0.537597
-0.235818 0.0392173 0.838807
0.0204066 0.892796 -0.114042
-0.593199 -0.247419 0.608793
0.756301 0.0250149 -0.442319
0.442871 0.118629 0.551623
-0.76076 -0.0875291 -0.314498
-0.258892 0.604328 -0.646618
0.53538 0.440049 0.192853
-0.342808 0.646153 -0.582351
0.86034 0.0267779 -0.178538
-0.73261 -0.408074 0.138501
0.570898 -0.615735 -0.0129203
0.127488 0.617368 -0.633463
-0.253809 -0.465262 0.728427
-0.347276 0.711137 0.315764
0.0566131 -0.172895 -0.845111
0.429587 -0.645162 0.227777
-0.593073 0.59091 -0.419085
0.284376 0.669086 0.195672
-0.629945 0.560967 0.190412
0.247991 -0.398761 0.661986
0.550165 0.130623 0.442901
-0.56836 -0.621577 -0.219825
0.670744 -0.449297 0.235809
0.459202 0.603194 -0.300214
0.551877 0.0700835 -0.687502
-0.785245 -0.235948 0.142872
-0.27137 0.874504 -0.0908581
0.664253 -0.477019 -0.387139
-0.113943 0.776354 0.282051
-0.19545 0.625547 0.460481
-0.518269 0.560685 -0.555948
-0.655191 0.591137 0.0710035
0.31104 -0.0674337 -0.830213
-0.56823 0.639737 -0.31828
0.379106 -0.720622 -0.33161
-0.549221 -0.680206 0.229009
-0.62002 0.376487 0.436639
0.157802 0.701231 0.286917
-0.822282 0.0520672 0.0954802
0.164383 0.296678 0.651722
0.793083 0.159622 0.134456
0.745708 -0.452634 -0.134322
-0.643493 0.35952 0.426899
0.821085 0.165251 -0.214924
-0.213877 0.870376 0.0407521
-0.142517 0.202714 0.813779
0.314261 -0.306133 0.650525
0.790397 -0.0205191 0.189847
0.198777 0.702717 -0.475507
0.0556925 -0.0352469 -0.859072
0.0167835 -0.578971 -0.66158
0.642631 -0.298999 0.337987
0.35601 0.598646 0.216244
-0.247358 0.350501 -0.78416
0.152207 -0.286641 0.7568
0.168449 -0.401613 0.699709
0.587994 0.249939 -0.596998
-0.413283 -0.495013 -0.547128
0.753502 -0.435482 0.0175105
-0.677548 0.517212 -0.337033
-0.638628 0.504356 -0.46229
-0.619923 0.423797 0.397443
0.0715481 0.436953 0.597857
-0.786759 0.174688 0.18724
0.682266 -0.0562768 0.351408
0.886827 -0.0255137 -0.0442955
-0.464255 -0.0437815 0.72328
0.699523 -0.509842 -0.0704626
-0.199902 0.87877 0.0182379
0.291282 -0.320255 -0.812401
-0.02777 -0.358787 0.786315
0.190675 0.798123 0.0460958
-0.323028 -0.00922377 -0.802858
-0.0543866 0.891599 0.0116211
-0.33766 -0.787233 0.21081
0.309517 -0.534192 0.534234
-0.455407 0.485638 -0.678254
-0.433276 0.58662 -0.588191
-0.686062 0.1888 0.475776
-0.602022 -0.177709 -0.60346
0.802917 0.0423896 0.154188
-0.558401 0.646681 0.156425
-0.71981 -0.469808 0.266499
0.796221 0.143478 0.13506
-0.23416 0.836093 0.147309
-0.149185 0.335909 0.737905
-0.0877756 0.833164 0.205672
0.0989284 -0.458883 0.69607
-0.49634 0.641162 0.272176
-0.769082 0.303757 -0.288646
-0.359066 0.289906 0.696261
-0.751429 -0.0953523 -0.332715
-0.189372 -0.204353 -0.784716
0.551445 -0.0316617 0.480953
0.755965 -0.400729 -0.235243
-0.437321 -0.67965 0.450266
-0.578702 0.678203 0.0440013
-0.750882 -0.324575 0.0524053
0.213681 -0.760065 -0.328706
0.291059 -0.737056 0.177153
-0.26534 0.434469 -0.749856
-0.561559 0.680885 -0.147473
-0.726236 -0.34279 -0.128391
0.0441673 0.800224 0.241733
0.332274 -0.436008 -0.740838
-0.483118 -0.123644 -0.722956
-0.664707 -0.413913 -0.246252
0.407317 -0.606721 0.351204
-0.199676 -0.726215 -0.357868
0.520332 -0.246868 0.492702
0.72666 -0.443737 0.11824
0.454139 -0.626193 0.233824
0.47184 -0.696447 -0.192694
-0.111691 0.662034 0.425047
-0.474205 0.526904 -0.625275
0.690186 -0.324826 0.269754
0.429284 0.2863 -0.706676
-0.679233 0.167852 0.493244
0.529365 0.400368 -0.543743
-0.754288 0.0176416 -0.40425
0.491533 -0.468317 0.437998
-0.761309 -0.344773 0.275306
0.199959 -0.760721 -0.338529
-0.161543 -0.514866 -0.676095
0.780333 -0.373784 0.0290222
-0.112236 -0.472516 0.738823
0.0643656 0.715225 0.36047
-0.483815 0.463494 -0.674503
0.219306 0.395585 0.532315
-0.0199273 0.40458 0.667812
0.753818 0.0159938 -0.447037
-0.42449 -0.292587 -0.684577
-0.0817333 0.508143 0.572824
-0.620876 0.561324 -0.411411
0.838408 0.189203 -0.10318
-0.529877 -0.521144 -0.426607
0.229082 0.169863 0.679526
-0.804454 -0.0433099 -0.0752726
-0.232686 -0.754488 0.379408
-0.135377 0.701879 -0.576017
-0.790945 0.199881 0.0317996
0.0972317 -0.749159 0.395319
0.748331 0.349044 -0.215263
-0.107149 -0.793543 -0.170916
-0.359138 0.0177638 -0.800171
-0.362133 0.694898 0.329819
-0.738485 0.010901 -0.439642
0.618678 -0.46382 0.304753
0.457506 0.484814 -0.511372
0.639327 -0.551243 0.117324
0.340326 -0.547994 -0.652857
0.562822 -0.31855 0.428824
-0.559988 -0.670986 -0.125715
0.349687 -0.428948 -0.740075
0.36472 -0.37271 0.584002
0.412684 -0.459781 -0.70708
0.146049 0.571411 0.42984
0.359896 -0.258969 0.627927
-0.381483 -0.737554 -0.194146
0.786923 0.210007 -0.290582
-0.129177 0.431435 -0.770191
-0.160239 -0.768876 0.368724
0.818149 -0.246351 0.0765934
-0.802919 0.150674 -0.0536635
0.571273 0.53553 -0.0744082
0.673366 0.44464 -0.095394
-0.458419 -0.200304 0.725257
0.142278 0.30064 0.665458
-0.0237255 -0.643336 0.58151
0.402622 0.44366 -0.61414
0.227719 -0.751543 0.235838
0.58118 0.286598 -0.590193
-0.37929 0.782058 -0.345741
-0.803388 0.146102 -0.172492
0.660012 -0.0583301 -0.582774
-0.420875 0.763246 -0.328769
0.880425 -0.110617 -0.106021
-0.391831 0.540774 0.490314
-0.0824391 0.521173 -0.72324
0.4511 0.0836957 -0.762274
0.711167 -0.417392 0.188142
0.0918937 0.658263 -0.588916
-0.229471 0.752029 -0.488168
0.739385 0.24504 0.165681
-0.535992 -0.7084 0.0178657
-0.527336 0.341681 -0.696132
0.0734364 0.218227 -0.863512
0.0203722 0.0399013 -0.86285
0.547631 0.210885 -0.650181
-0.571849 0.40782 -0.642115
-0.260706 -0.27961 0.819626
-0.0418618 -0.436593 -0.745069
-0.508628 0.476535 0.461407
0.610455 -0.587102 0.0122219
0.646997 -0.36659 -0.536299
-0.0365741 -0.78221 -0.254836
-0.309833 -0.758838 -0.194847
0.7427 -0.272167 -0.442196
0.316256 0.679001 0.125221
0.719369 0.35151 0.0347719
-0.603155 -0.3547 -0.439896
-0.677748 0.0615608 0.530574
0.716868 -0.262 0.249769
-0.163593 -0.454272 -0.716557
-0.272444 0.873368 -0.0819408
0.599073 0.488876 -0.29395
-0.197182 0.803755 -0.403125
0.166762 0.524759 -0.701597
0.753026 -0.443447 -0.128991
0.33183 -0.709152 0.194603
-0.404302 0.728723 -0.414389
-0.196118 0.821431 -0.372258
0.69601 0.402182 -0.258845
0.546533 -0.644212 -0.241036
-0.632368 0.202841 0.538484
0.143844 -0.0983215 0.797611
-0.581202 -0.20392 -0.605131
0.374307 0.382012 0.4086
0.560908 0.341786 0.262104
-0.380745 0.0921897 0.75113
-0.0374695 0.515313 -0.731881
-0.40216 -0.346449 0.727698
-0.341442 0.017285 -0.804311
-0.13044 -0.289434 -0.772074
-0.163601 -0.797638 -0.142736
-0.701624 0.267978 0.399616
0.327717 0.689121 0.0833093
-0.371599 0.83156 -0.0208499
-0.24286 -0.817038 0.025409
0.0304345 -0.390274 0.7549
0.53324 -0.0691214 0.497222
-0.480247 0.366916 -0.708496
-0.451527 -0.161139 0.734128
-0.383722 -0.728325 0.371497
0.45353 -0.687581 -0.0108375
-0.180719 -0.757817 0.387408
0.477506 -0.561222 0.345479
0.201703 0.793083 0.0344591
0.0765453 -0.703095 -0.492921
-0.0528677 -0.0227404 0.865528
0.787801 -0.361268 -0.0550547
-0.642951 0.335958 0.446443
-0.33645 0.765392 0.231512
-0.0813086 -0.186881 0.853671
-0.669908 0.154803 -0.593153
0.387874 -0.740059 -0.163894
0.0151818 0.84944 0.132141
0.319633 0.731665 -0.0538987
-0.744763 -0.375126 0.169411
0.573042 -0.588705 -0.357811
-0.377603 0.756271 0.223817
0.359747 0.689008 -0.272751
0.646487 -0.49072 0.219188
0.142612 -0.44297 0.691291
-0.22045 -0.509839 0.70046
-0.623773 -0.626392 0.21973
0.298462 0.729008 0.0358763
0.67031 -0.0533133 0.365665
0.240624 0.478157 -0.708616
0.271951 0.262371 0.593839
0.656568 -0.529474 0.140161
0.227394 0.759791 -0.333731
0.577675 -0.594539 0.114013
0.133604 0.487201 0.511566
-0.677911 0.518578 -0.33058
-0.154078 0.875022 0.0764163
-0.63409 0.154202 0.557738
0.178596 -0.0935517 -0.858532
-0.432266 0.585694 0.411493
0.0753867 0.867734 0.00468133
0.486266 0.520983 0.154442
-0.818544 0.0340456 -0.0221405
0.197149 0.746618 0.157916
0.561792 0.467741 -0.40049
-0.792257 0.131104 -0.259027
0.793755 0.208383 -0.266445
-0.217676 -0.436216 0.750722
-0.423335 0.530976 -0.657329
0.802559 0.238926 -0.195218
-0.562478 -0.641699 -0.186827
0.481922 0.312567 -0.655571
0.298469 0.359154 0.505207
-0.571148 0.481717 -0.588162
-0.670177 0.521144 -0.353258
-0.349322 -0.288922 0.789415
-0.394359 -0.641103 -0.382864
0.780985 0.308116 -0.18577
0.412269 0.480772 0.276368
-0.526317 -0.709413 0.103809
0.340434 0.248575 0.552133
0.390458 0.0109875 -0.79275
0.265158 0.184487 -0.825764
0.259398 -0.562461 -0.651693
-0.344603 0.713774 -0.482238
-0.420502 -0.000954598 -0.781303
0.610857 -0.575591 0.105802
-0.083551 0.355516 0.716664
0.611489 0.463472 -0.321597
-0.306235 0.0744715 -0.821396
0.0407833 -0.0429255 -0.857352
-0.614958 0.212479 -0.636232
0.214685 -0.360243 -0.801433
-0.669392 -0.0344959 -0.574306
0.147131 -0.141792 0.790564
0.019066 -0.736831 0.444682
0.765376 -0.401428 0.0678354
-0.818165 -0.116981 0.125533
-0.809553 0.0131088 -0.0898621
0.363489 -0.58752 -0.592313
0.16894 -0.339538 -0.805991
0.591965 -0.0463285 0.442087
0.0438277 0.360054 -0.81112
-0.739413 0.0127983 0.441569
0.0349589 -0.459719 -0.748649
0.125729 0.270244 -0.838309
-0.289535 -0.62487 -0.479091
-0.222686 -0.732469 0.431716
0.215508 0.0572378 -0.856
-0.103123 0.110146 0.848073
0.330406 0.148108 -0.803877
-0.654471 -0.552385 -0.13247
-0.78356 0.158975 0.220276
-0.538581 0.515503 -0.585181
-0.746655 -0.279143 0.420866
0.117188 -0.373403 -0.788499
-0.340887 0.151558 -0.814074
-0.491046 -0.647064 -0.289754
0.34845 0.318011 -0.740515
-0.70758 0.158236 0.453146
0.215051 -0.133365 0.765328
-0.52763 0.0701211 -0.715191
-0.644086 -0.549411 -0.158973
-0.294617 -0.767849 -0.171646
0.13198 0.446128 0.548374
-0.65047 -0.560924 -0.133365
0.414538 -0.503825 -0.680475
0.821528 0.224382 0.00975074
-0.778639 0.270818 -0.108674
0.621776 -0.130179 -0.632847
0.173312 -0.279303 0.748667
0.449667 -0.713741 -0.222928
-0.624524 -0.151765 -0.598524
0.714437 -0.149844 -0.52251
0.0653032 0.70152 -0.536031
-0.661209 -0.528398 -0.140522
0.240604 -0.535409 0.578192
-0.228846 0.712001 0.351731
0.804487 -0.189529 0.142999
0.336148 0.704195 0.0345737
0.139323 -0.376164 -0.789585
-0.75155 0.126246 -0.46324
0.505577 -0.575531 -0.494019
-0.469858 -0.683224 -0.239198
-0.111267 -0.105593 -0.828938
-0.731467 -0.0265421 -0.431339
-0.781364 0.00209382 -0.276952
-0.24773 0.888144 -0.172834
-0.637969 0.168988 -0.62074
0.026846 -0.581401 -0.658469
0.599552 0.228504 0.330995
0.45684 0.489475 -0.506032
-0.0726701 0.505233 -0.733678
0.0874197 0.862314 0.0294235
0.469864 0.587212 -0.322123
-0.665749 -0.594966 0.0446127
0.348118 -0.73527 -0.314603
-0.191712 -0.366221 -0.736612
0.664884 0.383841 0.0853068
-0.741642 0.441154 -0.150905
-0.151548 -0.820172 0.0717674
0.796595 0.15879 -0.314112
-0.382769 -0.69505 -0.281782
0.528994 0.27213 0.360421
0.375403 0.34178 0.446025
0.0147132 -0.372273 0.768963
-0.150786 -0.745087 -0.353933
-0.816909 0.0288991 0.225745
-0.653572 -0.562155 -0.124856
-0.01908 -0.0648222 -0.850435
-0.445116 -0.396352 -0.60018
0.17612 0.0248875 -0.864867
0.650352 0.467636 -0.0918319
-0.396341 -0.750696 -0.130126
0.824584 0.187743 -0.173887
0.805051 -0.17621 0.148973
0.65559 0.173694 0.317826
0.300062 -0.76102 -0.205942
-0.157389 -0.703209 -0.434867
-0.382958 -0.51056 -0.55096
0.766257 -0.413697 -0.0238804
-0.52994 -0.651151 0.386626
-0.682686 0.266004 -0.570913
-0.533811 0.354225 0.535288
0.73151 0.28053 0.124288
0.0201751 -0.325486 -0.792539
-0.76181 0.355427 -0.275421
0.430442 0.512853 0.227301
0.0376799 0.461563 0.599733
-0.597335 0.65692 -0.0447062
0.71567 0.22625 -0.428176
-0.217535 0.198761 -0.834109
0.118102 0.501069 -0.722134
0.426354 0.0336317 0.591889
-0.668739 -0.441103 -0.209723
-0.658192 0.571177 -0.17259
-0.32495 0.481557 -0.718209
0.156377 0.163761 0.733378
-0.70056 -0.191674 -0.383254
0.290542 -0.279987 0.678514
0.754121 -0.445885 -0.107099
-0.397563 -0.615833 0.546949
-0.147464 0.415585 -0.777319
0.579923 -0.211846 0.435113
0.585258 -0.171468 -0.669082
-0.7118 0.50935 0.117544
0.361282 -0.0949185 -0.813297
-0.151185 -0.44965 0.751799
-0.413743 0.359506 0.621147
-0.0635229 -0.474731 0.72658
-0.616032 -0.319824 0.557221
-0.361926 -0.689499 -0.309151
0.616114 0.490248 -0.0198897
0.729733 -0.251307 0.234813
0.0873567 -0.781489 -0.228499
0.116545 -0.696139 -0.492153
0.636747 -0.018049 -0.606993
-0.629796 -0.294553 -0.44436
0.495804 -0.684347 -0.300743
0.115929 0.675205 -0.561255
-0.426785 -0.484741 -0.548577
-0.169634 -0.329496 0.811492
-0.303805 -0.103827 -0.78652
0.828119 -0.205155 0.0695364
0.845079 -0.00363384 -0.234481
-0.763531 -0.116148 -0.280299
0.810896 0.166408 0.0785538
-0.257787 -0.682535 0.513511
-0.786758 0.0659929 -0.2876
-0.58987 0.0212757 0.636635
0.305518 0.379165 -0.729146
-0.188279 -0.788952 0.306985
0.51525 0.253828 -0.662362
0.613821 -0.509087 -0.433961
-0.678238 -0.566338 0.0922606
0.13848 0.0326202 0.808306
0.041521 0.551244 0.519162
0.176495 -0.81096 0.0867663
0.185145 0.692755 -0.500438
-0.205035 -0.826106 0.133517
-0.113907 -0.15773 0.865395
-0.201641 -0.418635 -0.719087
-0.0402301 -0.565271 0.66734
-0.517304 0.555537 0.375505
0.195816 -0.49516 -0.720729
-0.442299 -0.61734 -0.391144
-0.325117 0.856036 -0.0847327
-0.364947 -0.765523 -0.0994389
-0.469987 0.132729 -0.764002
-0.741259 -0.279259 -0.157809
0.76002 0.167491 -0.392046
0.0444788 -0.114807 0.830892
-0.315788 -0.678681 -0.366721
0.466066 -0.568203 0.347395
0.528291 0.0279479 -0.718415
0.524459 -0.274955 0.484508
-0.709576 -0.48513 0.330308
-0.619311 0.117491 -0.63651
-0.327559 0.758216 -0.430493
-0.347986 -0.249095 0.79109
-0.195132 0.397319 0.679833
0.818421 -0.28727 -0.114394
0.0920856 -0.460877 0.696772
0.46278 -0.0443628 0.564786
-0.0169196 -0.815665 0.0541166
0.092334 -0.719681 -0.457101
-0.655945 -0.240247 -0.439669
0.66815 -0.0610768 -0.57234
-0.441754 -0.746632 0.213743
0.0989671 -0.370536 -0.787825
-0.621709 -0.629776 0.200851
-0.695125 0.00389268 -0.534331
-0.44112 -0.771696 0.106489
-0.655334 0.413093 0.371107
-0.292534 -0.529195 -0.586958
-0.106436 -0.804631 -0.066323
-0.729989 0.135115 0.426586
-0.806005 -0.107053 -0.00137917
-0.275725 0.48603 0.576526
-0.752406 0.276746 0.21963
-0.405236 -0.675822 -0.303949
0.111487 -0.464172 -0.752955
-0.383126 -0.363307 0.734823
0.857314 -0.011182 0.0412668
-0.513116 0.312127 0.577776
-0.0982935 -0.788493 -0.21562
0.647288 -0.135985 0.373348
0.495774 -0.683024 -0.327668
-0.555325 0.357272 0.515947
0.13012 -0.686649 0.467955
-0.67717 0.049923 0.535276
0.714975 0.402108 -0.166894
-0.198773 0.376319 -0.783874
0.544856 -0.0240226 0.487414
-0.442469 -0.592982 0.55193
-0.105661 -0.606248 0.640717
0.1299 0.620877 0.395698
0.256032 -0.340915 -0.807757
-0.544141 -0.456313 0.553303
0.734474 -0.0877713 -0.487865
-0.122781 0.592563 0.491865
-0.50136 -0.663981 0.396406
0.536031 -0.604056 -0.399016
-0.722462 -0.349434 -0.145812
-0.73048 -0.407189 0.103771
0.324834 -0.752752 -0.248701
0.209313 -0.655599 -0.535104
0.44077 0.051068 0.576851
-0.403007 0.770105 0.174583
0.707329 -0.503817 0.00250187
-0.431838 0.064526 -0.791585
-0.315479 -0.5383 -0.56411
0.276335 -0.329091 -0.811623
0.171453 0.819018 0.00324614
-0.283206 -0.802504 0.201708
0.668577 -0.275933 -0.568357
0.334548 0.550745 -0.552319
0.86716 -0.0161217 -0.176362
-0.55757 -0.175351 -0.643805
-0.239418 -0.494274 -0.653625
-0.689051 0.0952638 -0.575065
-0.739982 0.280251 0.271115
-0.738849 -0.364655 0.0471846
0.357159 0.356 -0.714306
0.249469 0.721923 -0.390897
-0.15306 0.84165 -0.337734
-0.372858 -0.380457 -0.670882
0.778878 -0.356411 -0.259736
0.406159 0.397916 -0.655359
0.244128 0.78068 -0.0467184
0.413737 0.475623 0.279875
0.847655 -0.027879 0.0695499
0.556817 0.5334 0.0271833
-0.0727192 0.759691 -0.475503
-0.390356 -0.613905 -0.431163
-0.474218 0.405608 0.547245
0.66193 -0.114251 0.361242
0.389002 -0.0583813 -0.799362
-0.683214 -0.00728074 0.542554
0.484536 0.575988 -0.319629
0.48403 0.485803 -0.479814
-0.478621 0.772427 0.0199532
-0.761158 -0.338032 0.350616
0.372185 0.309974 0.479661
-0.770039 -0.131742 -0.220666
-0.215827 -0.342825 0.798157
0.00614765 -0.4021 -0.765038
0.223465 0.813841 -0.148556
0.575128 0.460276 -0.391615
-0.52388 -0.716944 0.0326276
-0.414622 -0.78495 0.106427
-0.312051 -0.463838 -0.638166
-0.458697 0.625338 -0.521366
-0.48321 0.714148 0.169744
0.251787 0.709388 -0.416213
-0.722044 -0.195357 -0.329142
0.301605 0.318535 -0.759761
-0.385799 0.791138 0.149786
-0.27961 -0.45694 -0.664426
0.143118 0.404317 0.577058
0.308854 0.753937 -0.192569
-0.456403 -0.251594 -0.683941
-0.443979 -0.767338 0.0788243
0.13937 -0.622648 0.541238
0.163885 -0.795858 0.206491
-0.745167 0.393042 0.110349
-0.738399 0.191601 0.372963
0.62035 0.26243 -0.545951
-0.397431 -0.349612 -0.670298
-0.66014 -0.0123278 0.576064
0.463409 0.44503 0.259869
-0.0585289 -0.763531 0.405272
0.0152161 -0.808109 -0.0111444
-0.0452161 -0.814538 0.0382876
-0.119965 0.920152 -0.153875
-0.280623 -0.540781 0.662246
-0.565014 -0.344425 -0.527589
-0.668723 -0.0891097 -0.546892
0.441109 0.183343 0.510498
0.318152 0.390091 -0.717729
-0.556349 0.0521361 -0.690354
-0.218684 -0.0385324 -0.821402
-0.392197 -0.301515 -0.7058
-0.799791 0.0012572 -0.151198
0.485443 0.604379 -0.0732291
0.511786 -0.576757 -0.484991
0.166781 -0.744859 -0.385613
0.326104 0.237407 -0.787831
-0.147978 5.26101e-05 0.867087
-0.584615 -0.345549 -0.487914
0.789279 0.247069 0.0600476
-0.79346 0.176372 0.131197
0.833625 0.164171 -0.168283
-0.110581 0.798684 0.253594
0.45156 0.609039 -0.300279
0.174777 -0.758083 -0.358589
-0.598918 -0.465992 0.487464
0.053663 0.25038 0.759285
-0.078338 0.328863 -0.824048
-0.41554 0.596392 -0.590062
-0.743889 0.422404 -0.0802289
0.391591 -0.288779 0.59217
0.240015 -0.620783 -0.584536
-0.532058 0.620499 -0.470974
-0.228667 0.466813 -0.737993
0.412767 -0.67562 -0.418757
-0.169266 -0.413749 0.768123
0.476799 0.603881 -0.0143861
0.361664 -0.332257 0.601733
-0.263301 -0.728886 0.427662
-0.207803 -0.597426 0.637423
0.506018 0.263195 0.391187
-0.283241 0.773938 -0.436559
-0.604615 -0.536365 0.43362
-0.0968321 0.834478 -0.350636
0.566065 -0.530074 0.278867
-0.675605 0.433949 0.308019
-0.616567 -0.0463765 -0.636149
-0.679046 0.553042 0.103365
-0.755228 0.0895514 0.39402
-0.551797 0.685755 -0.173545
0.323888 -0.705384 -0.39889
0.533998 -0.207579 -0.708157
0.460426 0.258361 0.439319
0.288579 0.743635 -0.00640711
0.653985 -0.374043 -0.52159
0.590555 -0.516154 -0.461616
-0.240707 -0.709738 0.477237
-0.352443 0.597271 -0.634469
-0.223451 -0.00558755 0.851534
-0.156971 -0.801082 -0.109071
0.0177329 0.221892 -0.863372
0.0405136 -0.760995 -0.396317
-0.753465 0.0461956 0.40412
-0.774021 -0.211268 -0.0340747
-0.730256 0.304772 -0.44672
0.226272 0.723183 0.166015
-0.384581 -0.344632 -0.684264
-0.373257 0.808448 -0.291956
-0.786856 0.0782491 -0.289814
0.0723174 0.373255 -0.799206
0.102701 0.537064 0.489462
0.792914 0.10497 0.158393
-0.614979 0.289829 0.510942
-0.328779 0.666717 -0.563143
0.460231 0.376339 0.328843
-0.764666 -0.347175 0.334462
-0.404438 -0.479942 -0.566712
-0.42171 -0.732962 0.297859
0.652229 -0.557808 -0.225068
-0.472228 0.329908 0.596648
-0.251835 0.435771 -0.75191
-0.329809 0.140056 0.772892
0.545454 -0.645138 -0.25229
-0.784722 -0.10917 0.346712
0.386522 0.468694 0.313369
-0.826555 0.0323458 0.0516377
-0.163678 0.0926575 -0.846632
-0.198115 0.528485 -0.705543
-0.614576 0.480968 -0.527433
0.499959 0.560615 -0.324808
0.351721 0.580245 -0.499542
-0.770196 -0.276718 0.104647
0.254263 -0.643324 0.470008
0.0340148 0.280568 -0.845465
0.131884 -0.774783 -0.275988
-0.257602 -0.823209 0.0808312
-0.370161 -0.469913 -0.597041
0.118584 0.855252 -0.0384704
-0.506929 -0.243952 -0.644796
-0.792146 -0.239782 0.259616
-0.782704 0.0366429 -0.302223
0.807408 0.0997429 -0.305842
-0.106524 0.522191 -0.71985
-0.0109647 0.664583 -0.600977
0.0724767 -0.292308 -0.812862
0.0618349 0.673518 0.398953
0.66436 -0.544097 0.0947274
0.396478 0.67644 -0.100502
0.747648 -0.219461 -0.46423
-0.788764 0.197165 -0.291115
-0.405314 0.498005 -0.69928
0.462286 -0.24646 -0.753236
-0.651282 -0.121412 -0.568618
-0.756187 0.181999 -0.437458
-0.45417 0.214796 -0.761684
-0.294806 -0.770632 -0.158723
-0.22546 0.533831 -0.699249
0.837304 0.138164 0.0187682
0.216742 0.613132 0.325988
0.070007 0.83075 -0.307491
0.717332 0.186306 -0.443689
-0.768996 0.320491 -0.204119
0.727141 0.246703 -0.398899
-0.346026 0.853857 -0.223855
0.749373 0.342165 -0.00642275
0.703137 -0.452452 -0.304841
0.129283 0.751791 -0.436656
0.745608 -0.208676 -0.47494
0.542642 -0.641784 -0.103438
-0.820182 0.0312026 0.208337
-0.223077 -0.216173 0.846048
0.116055 0.367668 0.627494
0.375896 -0.729084 -0.0282724
0.714967 -0.112655 -0.51697
-0.134455 0.730435 -0.530461
0.168527 0.641102 -0.591334
-0.700602 0.536037 0.0944812
-0.0905202 0.659094 0.427781
0.18537 -0.169553 0.77204
-0.142762 -0.79702 -0.144725
0.346807 0.528548 -0.566892
-0.800086 0.111128 -0.190668
0.769187 -0.321793 0.159309
-0.4626 0.0152472 -0.765742
0.383914 -0.120369 -0.80674
0.334459 0.109655 -0.80569
0.310716 0.643235 0.208038
-0.475981 -0.679544 0.387528
-0.165643 -0.434435 0.7579
0.66434 -0.245045 -0.58235
0.0161045 0.475026 0.600039
0.624862 -0.57243 0.0764057
0.814622 -0.271891 0.071367
-0.433358 0.168187 -0.783265
0.619605 -0.161617 -0.637737
-0.246816 0.382864 -0.772432
0.473177 0.56434 -0.365953
0.50675 -0.0729521 0.522268
0.624628 -0.455043 0.30844
-0.630442 0.439588 0.372491
0.662891 -0.446538 0.256523
-0.0118704 0.514487 0.564134
0.806849 0.16178 0.0931147
0.278082 0.681232 0.181031
0.254146 0.536297 0.368906
0.229544 0.0809152 0.723367
0.33181 -0.45906 0.572516
-0.620471 0.593663 0.139627
-0.152925 0.0730324 -0.846906
-0.559313 0.58449 0.281937
0.655791 0.00214289 -0.580503
0.729371 -0.289369 -0.457314
-0.566247 0.204116 -0.677458
-0.0917098 0.301686 -0.831594
-0.148063 0.496311 0.584485
0.882427 -0.0354485 -0.139241
-0.727955 0.051252 -0.482632
-0.416181 -0.116941 0.755276
0.052583 0.792633 0.252176
0.612553 -0.456969 -0.506911
-0.289116 -0.826804 0.11135
-0.085564 -0.763588 0.402783
0.0765884 0.165554 0.787248
0.364162 -0.683054 0.22024
0.712055 -0.377474 0.225105
-0.504068 0.288987 -0.720422
-0.153178 -0.685435 -0.462501
-0.795199 0.180003 0.0399923
-0.533437 0.680328 -0.291063
-0.188866 0.0933121 0.840174
0.238679 0.138297 -0.839989
-0.0369229 -0.0279158 0.862645
-0.133763 -0.823589 0.232697
0.0440371 0.494324 -0.735948
-0.169804 0.898856 -0.201912
-0.630142 -0.55096 0.396106
-0.267978 -0.728052 -0.30166
-0.311408 0.78279 0.211352
-0.133617 0.720925 0.351355
-0.325571 0.818789 0.126525
-0.39771 -0.59587 0.567489
-0.697084 0.524369 0.126599
0.297322 0.74259 -0.0310102
-0.0711085 -0.820538 0.277128
0.698673 -0.513291 -0.00838705
0.316258 -0.231417 -0.839686
-0.469853 -0.721343 -0.158684
0.619321 -0.325444 -0.602483
-0.330723 -0.748899 0.344449
-0.599487 -0.118048 0.630189
-0.402818 0.603237 -0.591587
0.348798 0.719151 -0.15601
0.499989 -0.481261 0.42535
-0.737174 -0.380099 0.0814518
0.402806 -0.685948 0.149565
-0.0233859 0.699365 -0.556818
-0.487086 -0.694318 0.315653
-0.312124 -0.816204 0.135407
0.284618 -0.510036 0.571004
0.661088 0.230475 0.269333
0.419542 -0.495575 0.48842
0.787807 -0.364426 -0.20184
-0.732072 -0.272912 -0.228408
-0.225463 0.643493 0.439672
-0.282365 -0.34513 0.785827
-0.826825 -0.0855617 0.122425
0.755471 0.205581 -0.380259
-0.68022 -0.549444 0.00232686
-0.184015 -0.82429 0.104573
-0.291263 -0.811639 0.0242248
0.208978 -0.59349 -0.626536
-0.0165576 0.444486 -0.77349
0.43344 0.339829 -0.672265
0.22868 0.761963 -0.327183
0.408006 0.625706 0.0945376
0.0803213 -0.492556 -0.734948
-0.630087 0.531872 -0.455353
-0.180524 -0.697641 -0.42896
0.778522 -0.154291 0.192457
-0.00265932 -0.117893 0.846516
0.43013 -0.545646 0.445457
-0.113709 0.884738 0.0672402
-0.167222 -0.203291 -0.789654
0.294767 0.634829 -0.485705
0.823583 -0.0754439 -0.319495
0.127408 0.346661 -0.801896
0.219585 0.379555 0.546054
-0.146462 -0.81341 0.00899758
0.718715 -0.484514 -0.154654
-0.232858 -0.310073 -0.744538
-0.233618 -0.822218 0.0759169
-0.309415 0.597961 0.464108
0.433822 -0.556304 0.424206
0.537518 0.552042 0.00738613
0.688808 0.392206 0.0274656
0.204834 -0.568414 0.571257
-0.242608 0.410496 -0.762996
-0.69432 -0.0409205 -0.515554
0.723839 -0.417388 0.160415
0.726883 -0.0394716 0.295839
0.662359 0.465196 -0.148599
0.848006 -0.205707 -0.147089
-0.123454 -0.784728 -0.255527
-0.114349 -0.510654 0.714154
-0.205948 0.453031 0.626334
-0.21313 -0.532432 0.68482
-0.575106 -0.66032 0.237931
-0.661981 0.547903 -0.271422
-0.0280268 0.788982 0.275783
0.782286 0.306927 -0.174342
0.113146 -0.0688507 0.812894
0.0237865 -0.507695 -0.729582
-0.762853 0.323786 0.0368174
-0.777072 -0.114032 -0.190597
-0.217843 -0.819116 0.0495973
-0.0587469 0.854578 -0.313251
0.616153 0.464084 -0.312222
0.0136796 -0.811984 0.0250832
-0.16329 0.100887 -0.847336
0.453783 -0.100886 -0.777946
-0.260328 0.257166 0.768368
-0.247369 0.879172 -0.0685273
0.216213 0.349805 0.574222
-0.643605 0.535296 0.217079
0.814409 -0.209742 0.106485
-0.483627 -0.24562 0.696725
0.215613 -0.560722 -0.659006
-0.231574 0.87799 -0.228563
-0.394934 0.251606 0.697357
-0.68588 0.0727446 0.514854
-0.674009 0.394502 -0.487138
0.448442 -0.587007 0.332142
0.805163 0.114248 0.126264
0.501214 0.509075 -0.422757
-0.689682 -0.301499 -0.299491
-0.127558 -0.0835017 0.882753
-0.549164 -0.402166 -0.503735
-0.496827 -0.550089 0.540791
0.0980438 0.846016 -0.250358
0.466878 -0.676699 0.0219771
0.730299 -0.326248 0.213685
0.0854424 0.867905 -0.063587
-0.233771 -0.7763 -0.204734
0.60135 0.507795 -0.0479323
-0.0987964 0.493366 -0.737571
-0.0589106 0.280057 -0.845757
-0.0616052 0.199964 -0.870112
-0.164984 0.213185 0.807932
-0.396931 -0.257921 0.760319
-0.454622 0.688141 -0.434846
-0.324822 0.457832 0.586453
-0.121655 0.926464 -0.113843
0.262174 0.704458 0.152299
-0.00304718 -0.048988 -0.853181
-0.811279 -0.109453 0.0414151
0.228941 -0.734874 0.283421
0.709874 -0.370694 0.229974
-0.179435 -0.810914 -0.0205938
-0.208426 0.695896 -0.575182
-0.413899 -0.512814 0.639799
-0.484391 0.635865 0.294696
-0.000644262 0.710804 -0.536829
0.659639 -0.128706 0.360359
0.0760957 0.720603 -0.50816
0.390414 -0.704651 0.107675
-0.458494 -0.0214095 0.723432
-0.663129 -0.588883 0.187447
-0.335828 0.693616 -0.518435
0.645959 0.0462434 0.37382
-0.350943 0.813099 0.112057
-0.243965 -0.308003 0.809791
0.840331 -0.219515 -0.0396144
-0.103756 0.86481 -0.298188
-0.276757 0.778721 0.231004
0.135685 -0.296955 0.761263
-0.685723 -0.543867 0.18799
0.467986 0.56203 -0.380544
-0.555148 -0.459433 0.539277
-0.78075 -0.268346 0.220374
-0.712204 -0.375752 0.425872
0.227487 0.789928 -0.0377254
-0.0269939 -0.824462 0.135138
0.506274 0.58019 -0.0150594
-0.574733 -0.183771 0.637741
0.502092 -0.0715257 0.526728
-0.561078 0.701105 -0.0425276
-0.774691 -0.142504 -0.178428
-0.428297 -0.133908 -0.74999
0.851141 0.113974 -0.0130676
0.800085 0.24792 -0.193627
0.529982 -0.653968 -0.314126
0.624224 0.494791 -0.0938041
0.184553 0.798248 0.0571675
0.297782 -0.749631 0.123004
-0.18554 -0.814505 0.230311
-0.115323 -0.671091 -0.499217
0.666016 -0.538293 -0.232361
-0.582953 0.660798 -0.132403
-0.237853 0.735486 -0.508162
0.0332735 -0.163644 0.829082
-0.265473 -0.142113 -0.786337
0.361354 -0.0907592 0.651888
-0.0766956 -0.518156 0.703853
0.342574 -0.200755 0.659999
0.32522 -0.0449923 -0.822797
0.103295 -0.759179 -0.380822
-0.593152 -0.457248 -0.35807
-0.732781 0.249652 0.328778
0.194408 0.813341 -0.0460662
0.118262 -0.380259 -0.786058
-0.414097 -0.252892 -0.718955
0.446683 -0.500225 0.463563
-0.742082 0.416299 0.0333061
-0.632026 -0.479858 -0.253955
0.0249279 0.770304 0.301323
0.0310149 0.656289 -0.603725
0.540021 -0.0670976 0.490839
-0.284477 -0.743892 0.387743
0.659851 -0.227785 -0.58987
-0.317084 -0.74324 0.371431
-0.336388 0.804322 0.154613
-0.143391 0.569163 0.514445
-0.11574 -0.516586 -0.698442
0.404487 0.437772 0.325304
0.315081 0.731583 -0.0346818
-0.35388 -0.688213 0.478202
-0.148756 0.140287 0.839891
0.0671845 0.102056 -0.86907
0.0958504 0.860351 0.0120627
-0.462491 -0.58199 -0.424664
0.748285 -0.299907 0.195867
-0.569793 -0.321096 0.600672
-0.368774 -0.80097 0.0987799
-0.807017 0.0715784 0.219244
-0.691924 0.103232 -0.57275
-0.732669 -0.433371 0.250665
-0.630917 0.417207 -0.546183
0.805486 -0.158969 -0.359111
0.468882 -0.0339929 0.559274
0.626032 -0.53482 0.175327
0.840651 -0.224196 -0.114903
-0.604844 -0.654109 0.0800855
0.385583 0.63139 0.124017
-0.291056 0.0115956 0.8119
0.340834 0.561474 0.266661
0.38879 0.230317 -0.766628
0.167183 -0.780352 -0.204917
0.0750294 -0.707073 0.463947
0.0382714 -0.287787 -0.807902
0.506962 0.43203 0.228953
0.29081 0.707296 -0.370933
-0.122393 -0.811205 0.277482
-0.0266622 0.435446 0.639081
0.445569 -0.422761 0.495482
-0.217156 -0.3945 -0.722949
0.138232 -0.219121 -0.847369
-0.273229 -0.355375 0.782549
-0.0912819 -0.787241 -0.224831
-0.0417871 -0.237188 0.835693
0.291323 -0.773854 -0.100329
-0.577297 0.533762 0.337128
0.573997 -0.605555 -0.3192
-0.732742 -0.396293 0.0885709
-0.125761 0.133841 0.84465
-0.644781 -0.636757 -0.0408445
-0.417197 0.802622 -0.190853
0.320337 0.559055 0.287328
0.472262 0.588841 0.0584222
-0.139637 -0.588062 -0.60256
-0.78985 0.203295 0.0433917
-0.294781 0.608196 -0.639019
-0.0278431 0.848194 0.158962
-0.0433572 -0.671288 -0.528731
0.426304 -0.702503 -0.0198708
0.261004 -0.438159 -0.756615
0.758632 -0.0500344 0.246951
-0.137948 0.143453 0.839669
-0.46284 0.568818 0.409625
0.064031 -0.212682 0.813026
-0.411804 -0.395046 0.698568
0.213386 0.60009 0.341922
-0.572765 -0.685367 0.00221291
-0.491362 -0.572652 -0.416169
-0.522745 -0.0869838 -0.709042
-0.713579 0.523149 0.0396649
-0.688337 0.172765 0.477783
0.403756 0.508753 -0.536793
0.456458 0.405355 -0.608351
0.166866 0.0201819 -0.865412
-0.0478942 0.565598 -0.701321
-0.501698 -0.660244 0.408914
0.583084 -0.175433 -0.670277
-0.439045 0.607492 0.380195
0.185134 -0.773356 0.239407
-0.780508 0.262056 -0.12272
-0.667297 0.261135 0.477696
-0.472216 0.727638 0.163832
-0.224197 0.0135515 0.847574
-0.423068 0.73679 -0.387879
-0.259229 -0.536565 -0.599636
-0.00159374 0.31792 0.748505
0.288931 0.408295 0.464938
-0.719961 -0.254534 -0.275136
0.0247139 -0.143753 -0.846652
-0.0333977 -0.253642 0.830425
-0.443101 0.569122 -0.600617
0.380877 0.684294 -0.0574822
0.84388 0.121711 0.00955897
0.255314 0.379038 -0.749676
-0.192025 0.0918948 -0.841836
-0.16951 -0.0566284 0.87331
-0.587673 -0.50485 -0.321838
-0.539216 0.660716 -0.36452
-0.379621 0.052187 -0.80288
-0.070077 -0.817106 0.0578976
0.0261762 0.378243 0.68004
0.474337 0.54264 0.142292
0.516949 -0.661369 -0.327624
0.445898 -0.675697 0.110812
-0.757956 -0.352013 0.258649
0.4141 0.419597 0.33317
-0.175095 0.241289 -0.833735
-0.337566 0.579672 -0.65275
0.707228 0.298094 0.141825
-0.0516719 0.857988 -0.306855
0.311962 -0.697362 0.261562
0.278476 -0.371372 0.656418
0.17749 -0.421198 0.686533
-0.0681147 -0.775688 0.379629
-0.769718 0.015366 -0.363518
0.689384 -0.336467 0.267708
0.736663 -0.466567 -0.089557
0.372963 -0.550369 0.479073
0.584677 0.092377 0.420919
-0.610387 0.430442 -0.568266
-0.129085 0.577159 -0.683167
0.848074 -0.087856 -0.254546
-0.755906 0.386109 -0.26559
0.371017 0.453278 0.343485
0.605981 0.356983 0.202578
0.848493 0.00515581 0.0571761
0.475551 0.0512389 -0.754344
-0.608677 0.585316 -0.372532
0.0336145 -0.812607 0.0346263
0.207984 -0.739867 0.302194
0.247397 -0.339027 -0.808367
0.194976 -0.442384 0.668503
0.44614 -0.436252 0.489603
-0.731188 0.128848 -0.509172
0.248842 0.777445 -0.0460583
0.514009 0.500555 0.142844
0.15189 0.843008 -0.0545645
-0.801337 -0.0152039 -0.124345
-0.0564545 0.465004 0.612565
-0.797846 0.0639354 -0.197228
0.43245 0.553603 -0.446985
-0.636756 -0.311041 -0.413251
0.0321634 -0.820012 0.10412
0.421773 -0.407025 -0.733005
-0.261055 0.356471 -0.778836
0.823902 0.101702 -0.256284
-0.26867 -0.122923 0.839166
-0.516881 0.122956 0.662127
-0.738802 -0.0389107 -0.404106
0.507192 0.0271508 0.517344
0.505424 -0.621524 0.164646
-0.258914 0.606107 0.471424
-0.599331 -0.518668 -0.283562
0.0374974 -0.509644 0.681973
0.432745 0.526051 -0.484041
0.602649 0.508763 -0.0633081
0.754886 -0.329155 0.178766
-0.126623 0.839664 0.180284
-0.643563 -0.0841319 -0.609301
0.0354824 0.888707 -0.13417
0.691205 0.00409416 -0.533289
0.298658 -0.18509 0.701423
-0.251344 -0.769318 0.330122
0.259435 -0.655575 -0.518049
0.253119 0.573739 0.332663
-0.134677 0.728558 0.341376
0.746238 -0.358183 -0.358392
-0.646616 -0.392941 -0.309602
0.574887 0.354894 -0.550566
0.55807 0.0470609 -0.688649
0.72199 0.329338 -0.335952
-0.703416 -0.0753046 0.517591
-0.768214 -0.272888 0.0760034
-0.514257 -0.505983 -0.468541
-0.236765 -0.724628 0.445094
-0.766161 -0.0810555 -0.297353
-0.604745 -0.635639 0.267447
0.160508 0.0289281 -0.866405
0.107621 -0.642539 0.53071
0.0879429 -0.692647 -0.508256
-0.288628 -0.66135 -0.418597
-0.656583 0.272511 -0.59611
-0.810315 -0.0710293 0.285297
-0.536132 0.726643 0.0290089
-0.794203 -0.199746 0.304193
-0.217856 0.405357 0.667046
-0.685176 0.272411 0.431339
0.398451 0.650665 -0.297806
-0.448819 -0.677409 0.442111
0.188972 -0.329043 -0.811583
0.047066 -0.197243 0.820549
-0.319414 0.705035 0.33472
-0.611567 0.598227 -0.291889
-0.652873 -0.509616 0.399518
-0.716414 -0.237625 0.497242
-0.395749 -0.742947 -0.166183
-0.598956 -0.423351 -0.379884
-0.692779 -0.459727 -0.128241
0.156301 0.304684 -0.817144
0.823104 -0.276052 -0.238266
-0.666483 -0.459881 -0.196331
-0.0585273 -0.737503 -0.430127
-0.669327 0.423935 -0.469828
-0.190979 0.825764 -0.364782
0.517288 -0.536129 0.340662
-0.789134 0.125545 0.235108
0.11933 -0.795792 -0.0936835
9.25499e-05 -0.791284 0.332254
0.106686 0.415934 -0.771627
0.230891 -0.779166 -0.131628
0.39189 -0.685745 0.167702
-0.569801 -0.338406 -0.526114
-0.0839623 0.707056 -0.558677
-0.579185 0.357449 0.492692
0.0921097 0.465077 0.559294
0.184453 -0.130117 0.777632
-0.737211 0.265671 0.297039
0.664273 0.247995 -0.490681
0.854345 -0.126174 -0.217013
-0.669194 -0.117778 0.563142
-0.209064 0.871301 0.0440972
-0.238504 -0.0478406 -0.814586
-0.222775 0.82358 0.173091
-0.281501 -0.50878 0.688468
-0.0708133 -0.746326 0.445845
0.254213 0.754119 0.0489218
0.112398 0.79638 -0.353037
-0.741174 0.0588688 -0.45685
0.0167641 -0.762384 -0.390288
0.775404 0.0301056 -0.415204
0.293271 0.522156 0.348071
0.145394 -0.705101 0.435402
0.0527224 -0.648918 0.545493
0.861557 0.109855 -0.075227
-0.636086 -0.311175 0.542573
-0.384262 0.82052 0.0174604
0.408646 -0.660327 0.216339
0.385564 0.69155 -0.20781
-0.752123 -0.23367 -0.178147
-0.781514 0.248424 -0.0223659
0.333116 -0.31314 -0.805198
-0.73615 0.30678 0.256212
0.777938 0.254737 -0.269967
-0.379101 0.724722 -0.439659
0.18946 -0.665072 0.470703
0.423196 0.65859 -0.130217
-0.101565 0.297463 -0.831307
0.260042 0.392578 0.506283
-0.309594 -0.76771 -0.154645
0.409376 0.299962 0.452372
-0.0730777 -0.0231525 -0.8497
0.354137 -0.505961 0.52817
-0.646928 0.0427278 0.582371
-0.719412 -0.471683 0.227391
-0.540069 -0.0959262 -0.697202
-0.792724 -0.03056 -0.167469
0.745331 -0.11439 0.249815
0.76155 0.345215 -0.106856
0.491216 0.23322 0.431363
0.419035 0.140486 -0.770378
0.204902 0.554488 -0.668815
0.520646 0.353459 0.290848
-0.510021 0.233693 0.624982
-0.17966 0.321819 -0.807631
0.362676 -0.468604 -0.715474
0.344099 0.722198 -0.149865
-0.425323 -0.764564 -0.00589924
0.35254 0.383174 0.429068
-0.791885 0.192743 -0.277178
-0.438747 0.646641 -0.507674
0.677581 -0.516958 -0.242868
-0.470074 -0.67346 -0.259042
-0.305367 -0.218225 -0.756413
-0.182978 -0.166005 0.863241
-0.0879149 0.858517 -0.309068
0.345079 0.182446 0.588219
0.0370244 0.514177 0.554462
-0.393934 0.808696 0.0609557
-0.783128 -0.026995 0.344889
0.773391 -0.287875 0.16385
0.0466516 -0.792055 -0.145889
0.0989641 -0.526475 -0.707496
-0.645442 0.530243 0.224137
-0.370815 -0.439784 -0.625021
-0.0559761 0.527728 0.553573
-0.14413 -0.796315 -0.151612
0.53331 0.565703 -0.0709431
0.649687 -0.560582 -0.097193
-0.792681 -0.0147378 -0.183494
0.762914 -0.0975767 -0.45143
-0.536654 0.630845 0.236926
-0.423671 0.791963 -0.215907
0.288416 0.714691 0.0864981
0.602789 -0.483651 -0.487491
0.167947 -0.36472 0.716424
0.332062 -0.557293 -0.643722
0.620558 -0.354994 -0.580637
0.182178 0.5391 0.430265
0.68033 -0.526486 -0.203921
0.0775167 -0.0925695 0.822248
-0.365926 0.536893 0.503992
-0.0441772 0.248557 0.794121
-0.443767 0.614704 -0.547028
-0.269864 -0.311718 -0.736301
0.845253 0.147562 -0.0251654
0.328064 0.605424 0.234424
-0.212758 0.374628 -0.781874
-0.812122 0.055233 -0.0793908
-0.30383 -0.731516 -0.266688
0.1577 0.459222 0.51933
0.836824 0.126359 0.0272801
-0.735375 -0.247498 0.458817
0.342934 0.592467 -0.492697
-0.339872 -0.771781 -0.100408
0.792472 -0.332051 -0.268669
-0.0453824 0.358883 -0.819126
0.192456 -0.771442 -0.252877
0.774527 -0.278786 -0.362656
-0.447431 -0.265728 0.720201
-0.284595 -0.313067 -0.732817
0.290785 0.384092 -0.733441
0.776079 0.135498 -0.380336
0.818746 -0.0411396 -0.321536
0.313614 -0.0312115 -0.826049
-0.64895 -0.123746 -0.572041
-0.365279 -0.387886 0.734824
0.713356 -0.497533 0.0252772
0.586256 0.445808 0.114704
0.0177065 0.776209 0.293437
0.748184 -0.317876 -0.389602
-0.0277764 -0.38579 0.770622
-0.62001 0.57188 -0.376705
0.143785 0.568283 0.434113
0.748683 -0.40451 -0.254258
-0.344395 -0.0289254 -0.793369
0.657964 0.422571 -0.319638
0.643344 0.102007 -0.583385
-0.816905 0.080205 0.0256889
-0.621483 0.572714 0.182904
0.860806 -0.119782 -0.199333
0.0884703 0.87368 -0.192465
-0.171564 0.784487 0.258448
-0.240108 -0.501972 -0.645549
0.300565 0.569489 0.294595
-0.551855 -0.477501 0.5306
-0.383569 -0.215412 0.771593
-0.00517488 0.898622 -0.210836
0.77981 0.197062 -0.333707
0.820229 -0.00979745 -0.306734
0.321338 -0.599518 -0.588675
0.555653 -0.0369681 -0.700572
-0.37253 -0.428909 0.707823
0.200062 0.644097 0.310123
-0.0388571 -0.228257 -0.809286
0.188116 -0.766584 -0.302958
0.611228 0.0201176 -0.632956
-0.596574 0.513535 0.339993
-0.738943 -0.364016 0.0463663
0.439701 0.0896181 0.570615
-0.654762 0.0198191 -0.603579
-0.667529 -0.0106118 -0.588765
0.0509096 0.804582 -0.382621
-0.370102 0.399595 0.618384
0.44483 0.610562 0.0597776
-0.620481 0.494534 -0.509225
-0.0454278 -0.82483 0.164117
-0.616192 -0.421775 -0.34535
0.431672 -0.704965 -0.0611064
-0.578062 -4.41528e-05 0.648162
0.638246 0.340585 -0.478162
-0.504548 0.619982 -0.492962
0.855476 0.133131 -0.0686109
-0.329627 -0.373118 0.76048
-0.692412 0.232242 0.445582
0.0685932 -0.225372 -0.832645
-0.194263 -0.692346 0.516394
0.248386 -0.642911 -0.545086
-0.787449 0.139844 0.225632
0.461479 -0.665072 0.117366
0.733107 0.328154 0.0460539
-0.0654708 0.0709653 0.849404
0.481237 0.478298 -0.493205
-0.827331 -0.045587 0.0820959
-0.631657 -0.123474 -0.611674
0.508565 0.581382 -0.0382573
-0.01067 0.444823 -0.77251
0.514726 -0.667294 -0.223382
-0.370371 -0.36096 0.74569
-0.624829 0.496314 0.320174
0.141648 0.142424 0.753832
-0.0910848 -0.297784 0.82434
-0.0383606 -0.632505 -0.584904
-0.498248 0.601934 -0.521769
0.210727 -0.656506 -0.532955
0.358015 -0.0403667 -0.809787
0.225625 0.647915 0.283551
-0.734573 0.461381 -0.0615649
0.368389 0.251779 0.526537
0.0282542 -0.280417 0.815384
0.312109 -0.43498 0.601017
0.132861 0.207195 0.726985
-0.514986 -0.675995 -0.186938
-0.0615218 -0.510046 0.705244
0.594358 0.222085 0.34155
0.588399 -0.12917 -0.670605
-0.178968 0.273967 0.781239
-0.587301 -0.671835 0.0311234
-0.153177 0.320581 0.752487
-0.564684 -0.229856 0.63623
0.264941 -0.320766 -0.814329
-0.525319 -0.712197 0.0830842
0.32795 -0.186381 -0.834142
-0.205031 -0.395587 0.773178
0.667706 -0.455375 -0.426359
0.600519 -0.0218476 0.434628
0.881834 0.0191393 -0.105109
-0.0301033 -0.116653 -0.842817
-0.744256 -0.297224 -0.0820867
-0.619664 -0.183145 -0.577254
-0.772577 -0.109931 -0.225145
-0.789862 0.157076 -0.284815
0.804445 -0.310605 0.0494571
-0.295813 -0.579945 0.624722
-0.49495 0.686643 0.20427
0.0753111 -0.669569 0.512001
0.0685136 0.706921 -0.528112
-0.289499 -0.617513 0.589976
-0.109417 -0.801199 -0.0992033
0.312084 -0.721909 0.188402
0.402723 -0.723069 -0.088519
0.238762 -0.661073 -0.515
0.577149 0.260932 -0.60375
0.884728 -0.0988785 -0.112429
-0.0578367 -0.767555 -0.366003
0.716652 0.284314 -0.39257
0.156601 -0.78376 -0.187785
-0.156641 0.471414 0.608451
-0.317493 -0.748827 -0.218376
-0.202432 -0.819385 0.0549706
-0.10204 0.329195 -0.819475
0.82071 -0.110564 -0.335455
0.0813913 0.109701 -0.870041
0.324222 -0.0607668 -0.824563
-0.713393 -0.422127 -0.0365926
0.847824 -0.10694 -0.248728
0.188665 0.0595262 -0.86559
-0.581612 0.627875 0.147933
-0.664166 0.403656 -0.500372
-0.811093 0.106895 0.0613294
0.891673 -0.0438556 -0.104673
-0.538464 0.720045 0.038488
0.55088 -0.55843 -0.454798
-0.0378453 0.539368 -0.717797
-0.525704 -0.573527 -0.366719
0.721266 -0.482954 -0.120589
-0.000996259 0.694876 0.392999
0.539542 -0.619875 0.115279
0.403539 -0.208431 0.606143
0.331722 0.192747 -0.799458
0.373816 -0.203468 0.632718
0.094535 0.443325 0.57653
0.801977 -0.235208 -0.323888
0.603221 0.223168 -0.587563
-0.634479 0.507353 -0.46868
0.859914 -0.166278 -0.0714031
0.221721 0.533289 0.400789
-0.361283 -0.199283 0.784659
-0.680026 0.451977 0.271595
-0.0813735 -0.610629 -0.59764
-0.77414 0.205294 -0.352153
-0.213597 -0.109929 -0.806282
-0.238591 0.164306 -0.837987
0.68226 -0.027332 0.356876
-0.743712 0.0631098 0.424582
-0.720523 -0.211834 0.501218
0.0501314 -0.518653 -0.718555
-0.636947 -0.362657 0.515073
-0.125356 0.919937 -0.149327
0.156701 0.849502 -0.176172
0.824247 -0.0782815 -0.31858
-0.774904 0.252193 -0.30809
0.553413 0.53966 0.00401846
-0.48652 -0.71991 -0.122449
-0.323916 0.782713 -0.397535
-0.0302347 -0.645011 -0.570748
-0.444368 0.430009 0.55353
0.101953 0.854315 0.0581552
-0.305978 -0.809261 0.0307013
0.471982 0.258841 0.427763
-0.820987 -0.10761 0.126829
0.220172 -0.467212 0.645067
-0.672055 0.55131 -0.198549
0.165615 -0.133864 -0.856291
0.24638 0.343081 -0.76978
0.110868 -0.75415 -0.387497
0.149764 0.779327 0.157379
-0.647289 -0.0944284 -0.596948
-0.034138 -0.584151 -0.653897
-0.484889 0.0570894 -0.751924
0.0526088 -0.671448 -0.538137
0.704461 0.415972 -0.114019
0.670418 0.154447 -0.523845
0.278696 -0.0664949 0.715978
0.315354 0.51944 0.331085
-0.785128 0.236266 -0.277416
-0.734982 0.467376 -0.124371
0.306415 -0.675122 -0.466103
-0.733356 -0.134784 -0.351071
-0.417999 0.631642 0.366325
-0.116048 -0.613594 0.631896
-0.770066 -0.175041 -0.16735
-0.736859 -0.38108 0.0812059
-0.410552 -0.777905 0.0477105
-0.650882 0.379435 0.403465
-0.654949 -0.479479 0.417689
-0.217995 0.710525 -0.550923
-0.720469 0.512531 0.0298718
0.546102 0.499696 -0.365841
-0.744016 -0.414872 0.351886
0.192756 0.796566 -0.285985
0.0300803 0.786147 -0.421774
0.326226 -0.73754 -0.321656
-0.74907 -0.341645 0.0844198
0.219851 0.552218 -0.657966
-0.153194 0.110113 0.845301
-0.429842 0.754066 0.177409
-0.384019 0.740205 -0.413262
-0.237662 0.732114 0.322889
0.877826 -0.0467029 -0.000118718
-0.0102849 -0.711573 -0.483439
-0.422743 0.120503 -0.800704
-0.746172 0.0249061 0.424101
-0.431645 0.726616 -0.396313
0.516886 0.507732 -0.401469
-0.594238 0.306327 0.518168
-0.524144 -0.358762 -0.556647
-0.625487 -0.645044 0.0185466
-0.554571 0.641688 -0.382611
-0.6766 -0.353433 0.479653
0.772449 0.333792 -0.0724398
0.210786 0.502252 0.441337
-0.683045 -0.550542 0.0480572
0.493549 0.356353 -0.621859
0.238143 -0.569798 0.550593
-0.674971 -0.562696 0.220497
-0.781238 0.237987 0.0713847
0.423228 0.293215 0.445057
0.204241 0.238438 -0.831942
-0.668387 0.0926286 -0.594102
-0.391621 0.493292 0.531305
-0.124224 -0.780128 0.354226
0.157952 -0.595401 -0.631056
0.167729 -0.801764 0.182924
-0.426596 -0.749124 -0.10167
-0.598134 0.529285 -0.51938
0.748057 -0.452088 -0.125574
-0.25728 0.693102 -0.560182
-0.725441 -0.27076 -0.24612
0.306624 0.351508 0.504879
0.0496913 0.879235 -0.0467952
-0.180976 0.53714 -0.702482
-0.347832 -0.734612 -0.226295
0.152633 0.815508 0.0678971
0.689077 -0.263914 -0.548299
0.211588 -0.646881 0.483223
0.797267 -0.346178 -0.172628
-0.602641 0.177583 -0.649689
0.31958 -0.747663 0.0508231
0.772666 -0.4035 -0.104815
-0.114059 -0.758437 -0.350466
-0.692065 0.263508 0.423251
-0.267613 -0.791472 -0.0956525
0.531247 -0.49942 0.390207
0.268239 -0.414613 0.644055
-0.64928 -0.555745 0.372153
-0.215796 0.335645 0.730771
-0.765 0.124615 0.344337
0.589126 -0.491888 -0.494083
0.60633 -0.594843 -0.26917
0.52257 0.423185 0.221916
0.170502 -0.797273 0.191821
0.631687 -0.506793 0.218735
-0.148827 -0.13182 -0.813672
-0.748583 -0.365841 0.183839
-0.782062 -0.262468 0.213506
-0.30084 -0.679395 0.506263
0.425901 -0.669413 0.161613
-0.277909 -0.806179 -0.0164178
-0.436641 0.811409 -0.0544004
-0.672806 -0.3261 -0.314633
-0.384964 0.474084 -0.712736
-0.177824 -0.812942 -0.00118809
0.25677 0.250251 0.612116
0.797088 -0.0412987 -0.382742
0.683837 -0.46456 -0.345891
-0.0933075 -0.71501 -0.447391
0.216298 0.140523 0.70354
0.0976564 0.799095 0.194563
0.865968 -0.0444674 -0.189327
0.602678 0.234459 0.322836
-0.199246 -0.475534 -0.695873
-0.71844 0.456646 -0.330008
-0.241809 0.404901 0.660569
-0.321093 -0.692015 -0.335323
0.529388 -0.160128 -0.72229
0.359471 0.454549 -0.639445
-0.231121 -0.195097 0.848766
0.0719945 0.803816 0.21657
-0.204482 -0.685949 0.523197
-0.57706 0.066665 0.63557
-0.587351 0.388716 0.459377
-0.763094 0.114895 0.364448
-0.63964 0.463181 -0.498795
-0.0685195 0.92354 -0.190964
0.265531 0.0633623 0.707192
0.780037 -0.0308594 0.208581
-0.599435 -0.0496386 0.638013
-0.068903 0.157934 0.831273
-0.721324 0.275682 -0.493928
-0.521794 -0.132049 0.690941
0.0137363 0.0770352 -0.86544
-0.170085 -0.820699 0.0733179
0.742761 0.292492 -0.32298
-0.650284 0.417192 -0.51684
-0.227282 0.699946 -0.562188
0.513513 0.287903 0.360671
-0.586213 -0.0273212 0.648437
0.581676 0.0515506 0.437962
-0.544897 0.671515 -0.282149
0.878473 0.0292499 -0.121324
-0.170407 0.831779 -0.354657
-0.0808118 -0.538459 0.692769
0.731117 -0.0476751 -0.4871
0.224945 0.353275 0.56521
-0.563802 -0.399465 0.565775
0.223226 -0.795078 0.00349519
-0.165473 0.492277 -0.730466
0.407727 0.676054 -0.184286
-0.541377 0.161154 -0.702086
-0.740204 -0.219578 -0.262397
-0.536632 -0.269207 -0.602907
0.402951 -0.107532 0.615579
-0.565431 -0.147451 -0.654531
-0.289117 0.806563 0.178362
-0.416684 0.49087 -0.699938
0.844948 -0.203427 0.000537682
0.0285263 0.0670297 -0.865588
-0.0582069 -0.0118632 0.864732
-0.690741 0.321658 -0.518552
-0.783563 0.1443 0.237737
0.35336 -0.330429 -0.790881
-0.754902 -0.277476 -0.0356263
-0.0924341 0.866839 0.12282
-0.790993 0.184642 0.152632
0.4072 0.425965 -0.628243
-0.418517 -0.67236 0.472115
-0.747483 -0.271892 0.421283
-0.0144982 -0.713398 0.494936
0.176127 0.736426 -0.431347
-0.0451727 -0.317669 -0.781616
-0.740745 -0.370959 0.0929108
-0.580727 -0.565962 -0.27514
0.551618 0.185259 0.411714
0.392206 0.627267 -0.377571
-0.223359 -0.714379 -0.364478
0.303062 -0.55753 0.518628
0.0401254 0.179964 -0.872666
-0.48419 -0.57013 0.539466
0.874158 0.041822 -0.0533321
0.0456273 0.793781 -0.407483
-0.0677666 0.278351 0.780633
6.39897e-05 -0.760696 -0.403709
-0.354771 -0.0801335 0.789016
0.36669 0.0817635 -0.795748
-0.204789 -0.127788 -0.803089
-0.155986 0.709231 -0.568298
0.270913 -0.21727 0.714848
-0.480639 0.681326 -0.424738
0.19129 0.194634 -0.850221
0.22189 -0.686718 -0.473638
-0.503815 0.718464 -0.230247
-0.412471 0.638058 0.362595
-0.0662366 -0.290074 0.824881
-0.534718 0.62635 -0.461155
-0.352459 -0.636245 0.543236
0.388805 -0.579929 0.440445
-0.675331 -0.13169 -0.500437
0.564447 -0.0804413 0.467289
-0.18407 0.695476 0.378034
-0.329151 0.587076 -0.648815
0.0570514 0.55917 -0.695769
-0.639037 -0.501316 -0.217757
0.364291 0.201609 0.56281
-0.737882 0.241468 0.320924
-0.681896 -0.318753 -0.3006
0.492956 -0.686847 -0.321848
0.273597 0.403244 -0.731392
-0.277361 0.601286 -0.646168
-0.818468 0.0704583 0.091434
0.26747 0.0422246 0.715109
-0.620594 0.614348 -0.161785
-0.756699 -0.291361 0.0180649
0.735982 -0.352868 -0.386532
-0.359307 0.498222 0.539334
0.070634 0.871024 -0.0268514
0.245283 -0.789148 0.0200781
-0.473945 -0.340179 0.675232
-0.480654 -0.21837 -0.683895
0.0567685 0.861737 0.0650634
0.0622406 -0.777928 -0.266592
-0.822263 0.0314806 0.198681
0.230495 0.713468 0.181919
-0.114596 0.683733 0.401088
0.128785 -0.642231 -0.578407
0.601772 -0.0838129 -0.651902
0.361597 -0.667229 -0.461779
-0.10622 -0.455148 -0.727313
-0.582433 -0.623562 -0.192946
0.770533 -0.388561 -0.207629
0.558173 0.0338725 -0.692116
0.192825 0.394839 -0.765721
-0.177174 -0.507986 -0.675305
-0.699006 0.529525 0.111989
0.272221 -0.0225442 -0.841198
0.388503 0.13051 -0.783088
-0.660487 0.415017 -0.497847
0.136298 0.271627 -0.836234
-0.269015 0.627132 0.448448
0.406943 0.237623 0.503466
-0.581374 -0.5156 0.472842
0.111652 0.459776 0.550477
0.195383 -0.548173 -0.674324
0.680882 0.413106 0.00922394
0.419545 -0.14559 -0.795121
-0.539537 0.359229 0.527224
-0.468311 -0.701619 0.323873
-0.173727 -0.452745 -0.714884
-0.775076 0.267241 0.055795
0.226789 -0.664422 0.455989
-0.34934 0.605661 0.444104
-0.765272 0.288902 0.147517
-0.684169 -0.446284 0.408555
0.104701 0.849778 0.0644044
-0.790093 -0.146297 -0.0575743
-0.548873 -0.0957251 0.677748
-0.106234 0.295536 0.772651
0.823681 -0.271343 -0.10102
-0.743384 -0.341081 0.026597
-0.626867 -0.480375 -0.264246
0.0114129 -0.268641 0.820615
-0.255046 -0.598016 0.623365
0.710104 0.0147235 0.317458
-0.498533 0.744536 -0.121885
0.462784 0.528327 -0.446481
-0.0721603 -0.620071 -0.588525
0.082337 0.336526 0.677717
-0.1026 0.593825 -0.675315
-0.65346 -0.389342 -0.297114
0.763768 0.300688 -0.254967
-0.131845 -0.732242 -0.396509
0.285289 -0.671069 0.382565
-0.240374 -0.814417 0.00118231
-0.712637 -0.340941 -0.206336
-0.211691 0.863873 0.0729895
0.494541 0.602259 -0.122917
-0.26091 -0.682882 0.512118
0.731684 -0.393077 -0.343249
-0.798873 0.0207977 -0.176844
0.83842 -0.201434 -0.228463
-0.495002 0.767794 -0.018691
-0.350136 0.578289 -0.651972
-0.357872 0.849125 -0.13082
0.11381 -0.0714998 0.812365
0.517127 -0.0682773 0.512543
-0.762999 0.342239 -0.116804
-0.595923 -0.516966 0.45617
0.360292 -0.467912 -0.716466
-0.383436 0.769372 0.19428
-0.239891 -0.713362 -0.353878
-0.477531 0.736772 -0.254878
-0.643306 -0.188771 -0.520578
0.14843 0.710052 0.283133
-0.523561 0.628423 -0.467047
0.589963 -0.21091 -0.656962
0.621686 0.262916 -0.543857
0.850682 -0.0393127 0.0659207
-0.392085 0.00889752 0.756176
-0.171835 0.444112 -0.75784
-0.694925 -0.363744 0.452835
-0.784643 -0.226909 0.106403
0.170625 -0.679262 -0.504828
-0.431014 -0.422728 -0.594903
0.731883 0.37736 -0.0538554
0.213411 -0.75468 -0.345163
0.733056 -0.192817 0.246042
0.611084 -0.592057 -0.184522
0.201061 0.739252 0.16884
0.152115 0.773117 -0.371039
0.274548 -0.268595 0.695261
-0.63404 0.399134 -0.553784
0.0762584 -0.56665 -0.670628
0.638625 -0.533712 -0.328288
-0.264236 -0.0489673 -0.808162
-0.70757 -0.395994 -0.160359
-0.268198 0.831783 0.142369
-0.114117 0.664631 -0.617905
-0.473804 -0.742572 0.158304
-0.415025 0.81215 -0.152329
-0.493984 -0.729464 0.141052
0.811646 0.130102 0.0982581
-0.732463 -0.389287 0.0536963
-0.792887 -0.0601981 0.324772
-0.54594 0.210623 -0.69372
0.495239 -0.119702 0.531931
-0.152533 -0.705393 -0.434385
0.290805 -0.19991 0.703972
0.506399 -0.182269 -0.735785
-0.433943 -0.107547 0.745373
0.791029 -0.100808 -0.414366
-0.807531 0.110964 0.155584
0.443895 -0.0251137 0.583185
0.486121 0.0819842 0.525598
-0.140562 0.920305 -0.131919
-0.148174 0.419295 -0.775072
0.595147 0.479795 -0.318511
0.328665 -0.149967 0.677972
-0.689392 0.447374 -0.403222
-0.179468 -0.184543 0.859124
0.465729 0.601749 0.0405643
-0.464515 0.741178 0.15075
-0.25831 -0.709367 -0.347933
0.698649 0.296864 -0.412442
-0.681814 -0.248542 -0.37067
0.262173 0.402939 0.494101
0.0278768 0.888962 -0.206992
-0.737477 -0.264597 -0.223993
0.35288 -0.756108 -0.150594
-0.273348 -0.739285 0.401375
-0.547833 0.54237 0.358939
-0.790204 -0.155449 -0.0321641
-0.664212 0.535185 -0.323298
-0.791433 0.0136615 -0.220193
-0.436388 -0.600691 -0.419354
-0.211665 0.821858 -0.37122
-0.483847 0.0306562 -0.752668
-0.670349 0.492893 -0.402656
0.778219 0.130494 -0.376668
-0.785612 0.230833 -0.0269911
-0.600717 0.59354 0.181827
0.559211 -0.126732 -0.700919
0.110039 0.717928 -0.504598
-0.0644538 0.289298 0.775775
-0.105569 -0.616351 0.629125
-0.378077 0.453447 0.570064
-0.190522 0.794604 0.234937
-0.63485 0.488807 0.310538
-0.278556 0.871611 -0.085175
0.810494 7.23009e-05 0.149407
0.168293 0.681793 -0.529012
-0.748366 -0.225294 -0.235408
0.241289 0.161988 0.675209
0.636807 -0.374628 -0.544862
-0.731714 0.165696 -0.523997
-0.0548209 0.349147 -0.820957
0.608313 0.325946 -0.532186
-0.542296 -0.334765 -0.556073
-0.0747244 0.651206 0.435293
-0.339953 -0.693994 -0.316797
-0.148424 0.765838 0.291604
-0.393945 0.817137 -0.221147
-0.141633 -0.316206 -0.761841
-0.339493 0.544095 -0.676954
0.281356 0.756239 -0.0472785
0.751918 0.216624 -0.379119
-0.236222 0.545372 0.533564
-0.291741 0.377942 -0.76467
0.441595 -0.407234 -0.727723
0.184243 -0.787005 -0.121664
0.288824 -0.510349 -0.699446
0.302638 -0.65684 0.396989
-0.303453 0.868061 -0.208787
0.549622 0.438539 -0.461182
-0.0156674 -0.824567 0.176034
0.524308 0.449928 -0.478833
0.790702 0.25805 -0.217067
0.727013 -0.0639913 0.289082
-0.154465 -0.729219 0.459289
-0.100637 -0.199421 0.853121
-0.52149 0.425441 0.495448
-0.30024 0.456213 -0.735257
0.247395 0.780892 -0.256411
0.345045 -0.627224 0.401206
0.304986 0.202708 0.605339
-0.258097 -0.1743 -0.7788
-0.0927953 -0.381942 0.783443
0.435275 -0.153622 -0.789721
-0.372375 -0.711738 -0.255555
0.544173 -0.623952 0.0987089
-0.314727 0.107773 0.785661
0.399105 -0.291018 0.585241
-0.77667 0.148694 0.263383
0.505368 -0.125273 -0.749997
-0.669699 0.531939 0.168967
0.247325 0.61734 0.294555
0.361967 -0.690827 0.200663
-0.290238 -0.757672 -0.219848
-0.585489 0.642118 -0.212619
-0.446626 0.565807 0.425079
-0.760323 -0.319648 0.150482
-0.386262 -0.259959 -0.72676
-0.0108246 0.426214 -0.783548
-0.581434 -0.477898 -0.361924
-0.0154562 -0.254228 -0.806536
0.0790889 0.31074 0.702356
0.829545 -0.137713 -0.2919
-0.303267 0.435838 -0.742229
0.162386 -0.798078 0.202339
0.845178 0.147622 -0.144433
-0.590971 0.180219 -0.659136
0.262195 0.350116 0.542369
0.711716 -0.478825 -0.20488
-0.134878 0.701038 0.376623
0.0442943 -0.780058 -0.252509
-0.541775 -0.509933 0.519536
0.0521535 0.869335 0.0392534
0.245178 -0.516025 -0.699818
-0.483123 -0.713187 -0.155478
-0.502806 0.525777 0.421241
0.267287 0.721556 -0.368896
-0.404801 -0.11386 0.761829
-0.542314 -0.27991 -0.591174
0.0922169 0.696999 -0.536692
0.408102 0.390756 -0.659336
-0.732005 0.476466 -0.0913471
-0.557989 -0.474754 -0.414199
0.515578 -0.148108 -0.736609
-0.750156 -0.142927 0.42853
-0.783997 0.0731174 0.320541
0.0500013 0.886236 -0.181293
-0.500307 0.566637 0.379373
-0.743812 0.377946 -0.334211
0.498577 -0.588033 -0.487345
-0.571957 -0.666918 -0.115516
-0.441595 -0.135722 0.740368
0.848317 -0.0315055 0.0691096
-0.407695 -0.161868 0.759079
0.635903 -0.331227 0.337963
0.703211 -0.0927902 -0.529974
0.411319 -0.382235 0.540708
-0.165592 0.12668 0.83909
-0.316624 -0.740404 0.380389
0.718012 0.199872 -0.436672
0.0859939 -0.673304 -0.536134
0.218376 -0.763667 -0.289629
-0.591689 0.635735 -0.211083
-0.362569 -0.77076 0.240626
-0.215548 0.881867 -0.027098
0.575856 -0.620314 -0.176874
0.0345755 -0.304248 0.804267
-0.830956 -0.00225829 0.199906
-0.621865 -0.406461 -0.348813
0.192407 0.281451 0.64039
-0.365251 0.849257 -0.186331
-0.787406 0.207522 0.0965042
-0.56627 0.693338 0.037453
0.483072 -0.0562628 -0.762698
0.431175 -0.0782259 0.592318
0.169393 -0.728187 0.390532
-0.0722035 -0.513059 0.705859
-0.579956 -0.662086 -0.113397
0.509555 -0.055407 0.52008
-0.51999 -0.647636 0.420197
-0.700757 0.526948 -0.0924623
0.50285 0.263482 0.393992
-0.666396 0.466308 0.278492
-0.468734 -0.375475 0.663479
-0.442186 -0.0554949 0.737128
-0.272061 0.715242 0.339203
0.0683699 -0.693299 0.486138
-0.700823 0.1411 0.469439
-0.460832 0.783849 0.0180707
-0.603472 0.502837 0.342806
-0.17324 0.396435 -0.781224
-0.351603 -0.516602 -0.563997
-0.161694 0.850212 0.149239
-0.326863 -0.520914 -0.574571
0.480798 0.304749 0.376981
0.209954 -0.449731 -0.753345
-0.272781 -0.826612 0.129199
0.741421 0.366877 -0.164355
-0.357072 0.00695589 -0.798273
-0.147733 -0.427501 0.763627
0.822396 0.15069 -0.22781
0.186705 0.396416 0.553985
0.754753 -0.439552 -0.0445558
-0.296764 0.69541 0.35615
0.573924 -0.348894 -0.643571
-0.341532 -0.507936 0.669115
-0.136328 0.522969 0.558813
0.213347 -0.528691 0.601047
-0.331777 0.294714 -0.776941
-0.815955 0.0797728 0.106127
0.113158 -0.606682 0.570682
0.0671029 0.88099 -0.192624
0.481105 -0.508925 0.430606
-0.580124 -0.673211 -0.0707387
-0.73423 0.220864 0.355061
0.560107 -0.483931 -0.538974
0.198538 -0.657369 -0.535529
0.504529 0.132069 -0.709407
0.565405 -0.325567 -0.655747
-0.775575 -0.272096 0.161976
0.731155 -0.423209 -0.27313
0.779369 -0.298159 -0.336197
0.0864485 -0.293392 0.787675
0.752509 0.127689 0.230019
-0.675104 0.570743 0.0489382
0.101599 0.47339 0.545551
-0.518892 0.726112 0.0671593
-0.123183 -0.605024 0.641464
-0.509268 0.733614 -0.129256
-0.645336 0.430149 -0.515496
-0.746864 0.414069 -0.119255
-0.634095 0.203534 0.536668
-0.576032 -0.283756 -0.558563
0.292007 -0.708398 0.260813
-0.361372 0.0641167 -0.8099
-0.322304 0.267626 -0.78697
-0.514961 0.0704344 0.673617
-0.796216 0.16412 0.131496
0.220777 0.504512 0.43019
0.0720584 -0.359408 -0.789388
-0.743791 -0.00808567 -0.412941
-0.153211 -0.810728 -0.0175121
0.0970243 -0.199265 -0.846135
-0.396338 -0.621151 -0.415055
-0.514534 0.442603 -0.6678
-0.424761 -0.676249 0.464807
0.545064 -0.645417 -0.245724
0.788133 -0.112381 -0.419915
-0.152239 -0.779131 0.348127
-0.0853468 0.0403917 -0.85438
0.502123 -0.240666 0.512303
0.479304 -0.404425 0.474229
0.692499 -0.115486 0.323367
-0.0344763 0.616769 0.468216
0.653307 -0.0540896 0.383044
0.126565 0.814142 -0.301092
-0.685807 -0.422433 0.422941
-0.438386 0.638861 0.342045
0.575372 -0.398145 0.385876
0.67113 0.279421 -0.464464
0.586084 0.193875 0.373803
0.770291 -0.307466 -0.348609
0.674613 0.270547 -0.46443
-0.795881 0.0406377 -0.207435
-0.279216 0.796088 0.200079
-0.114801 0.775055 -0.453039
-0.0140969 -0.0781123 -0.849656
0.218647 0.523657 0.413088
-0.215431 0.449557 -0.749601
0.231489 0.337879 -0.777952
-0.784565 0.235868 -0.0301539
-0.599374 0.426386 -0.587726
0.375529 0.694332 -0.116164
-0.621751 0.363085 0.44572
-0.622357 0.0760068 -0.633647
-0.398473 0.0134153 -0.789771
0.426225 -0.683976 -0.391401
-0.517385 0.51459 0.417265
0.141662 0.747383 -0.436014
0.0210188 0.422845 0.644823
0.397018 0.355622 -0.687574
0.0556361 0.617373 -0.648329
0.606132 0.289345 0.267466
-0.703949 -0.230573 -0.336582
0.386528 -0.0863161 0.630407
-0.329554 0.634381 -0.609383
-0.782821 0.0584719 -0.317661
0.117921 -0.82025 0.12216
0.230973 0.752409 -0.345805
-0.638733 -0.342334 -0.377743
-0.723898 0.346538 -0.421525
0.413244 0.619888 0.098204
0.221558 0.741594 -0.382271
-0.745938 0.412307 -0.0720658
0.0503272 -0.800578 -0.0696118
0.71198 0.0511855 -0.498279
-0.448019 -0.698602 0.371038
0.807899 -0.00816431 0.158182
-0.0911495 0.505009 -0.731663
-0.665822 -0.43893 0.433393
-0.619784 0.602647 -0.225046
0.162884 0.424505 0.545938
-0.410683 0.255582 0.685495
-0.058971 -0.315674 -0.779314
0.532448 -0.110572 0.496852
0.674927 0.106951 0.323332
-0.696267 -0.511478 0.0675126
-0.0144494 0.736435 0.345259
0.249565 0.297889 0.588973
-0.538904 0.420917 0.481752
0.592483 0.506699 0.0150122
-0.784069 -0.237385 0.132169
-0.267679 -0.478159 -0.65171
0.312859 0.0146808 0.683584
-0.327842 0.843796 -0.271654
-0.248069 0.871738 -0.0277992
-0.100127 0.655537 -0.626298
0.80793 -0.0948159 -0.370251
-0.653863 -0.602764 0.235262
0.626369 0.299909 0.237291
-0.248299 0.357582 0.699982
-0.467749 -0.74679 0.0174204
-0.640109 -0.341098 -0.3761
-0.387887 0.654461 0.360671
-0.749401 0.304279 0.200312
-0.204825 0.86538 0.0726757
-0.343104 -0.780183 -0.058263
0.134581 0.839883 -0.23567
-0.520956 0.350037 0.548492
-0.0645536 -0.683825 -0.502613
0.262454 -0.765022 -0.219066
-0.00418221 0.409674 0.66235
-0.646664 -0.601673 0.299684
0.591788 0.0716148 -0.650964
-0.239841 0.0700936 -0.832152
-0.714194 0.141659 0.448658
0.550144 -0.63288 -0.0536318
0.225002 0.720269 -0.42598
0.679057 -0.312469 0.288557
0.834741 -0.245335 -0.173639
0.614881 0.255946 -0.556534
-0.456065 -0.265656 -0.67526
-0.776267 -0.0725572 -0.237292
-0.458918 0.0850734 0.705257
-0.251506 -0.434472 0.747549
-0.424899 -0.639444 -0.363419
-0.68553 -0.452194 -0.159258
0.544065 0.506208 -0.356744
-0.660853 0.478356 0.271919
-0.490368 0.520156 0.436936
-0.377078 -0.733661 0.360044
-0.338899 0.270969 0.71957
0.197388 0.759697 0.127037
-0.156352 0.505716 0.575482
-0.264051 -0.462146 -0.669002
0.779374 -0.349449 0.094238
-0.278253 -0.474838 0.717588
0.168519 -0.517024 0.636949
0.882161 -0.0362475 -0.140438
-0.604556 0.0855894 0.606901
-0.298752 0.834563 0.091868
0.558779 -0.587933 -0.388429
0.361423 0.467909 -0.624279
0.468682 -0.126528 -0.774404
-0.578482 -0.208434 -0.604662
-0.698227 0.416545 0.261896
0.736239 -0.252072 -0.4713
-0.800873 0.143547 -0.192254
0.306186 0.750698 -0.139404
-0.0969012 0.49712 0.583484
0.769939 0.306076 -0.231389
-0.290934 -0.777165 0.279734
-0.809847 0.10743 -0.110654
0.142007 0.358394 -0.793339
0.486728 -0.671603 -0.0174657
-0.16971 0.232989 -0.837474
0.32732 -0.437196 0.58907
-0.346028 -0.746268 -0.20217
0.125765 -0.576097 -0.654755
-0.81549 0.0204102 -0.0435423
0.820382 -0.0128167 -0.307326
-0.199615 0.789649 0.240195
0.0828086 -0.302146 0.785919
0.092578 0.0741063 0.811484
-0.715282 -0.363184 -0.175992
-0.797704 -0.00909253 -0.155054
0.73199 0.30058 0.0917107
0.0658735 0.288399 -0.839534
0.171539 0.51955 0.457399
0.697223 0.0862394 0.30754
0.0408531 -0.794423 -0.126496
-0.247775 -0.653313 -0.459028
-0.468621 -0.444144 0.632897
0.586646 -0.457163 -0.536064
-0.118074 -0.43466 0.760968
0.100156 -0.675794 0.494474
-0.560116 -0.212747 0.643682
0.827605 0.209104 -0.124415
-0.759599 0.227208 0.246383
0.657048 0.210095 0.291475
0.215226 0.206326 -0.838127
0.287427 -0.763642 -0.19869
-0.350519 0.475947 -0.718514
0.469326 -0.645159 0.163951
0.568138 0.492862 -0.340474
0.783485 0.294094 -0.200363
0.422592 0.163354 0.539216
-0.0882324 -0.813769 0.023114
-0.190839 0.808434 0.210908
0.190431 -0.532101 -0.691289
-0.0560834 0.213936 0.809474
0.133115 -0.705021 -0.470223
0.0251183 0.623806 0.459772
0.252786 -0.0131823 -0.847846
0.463738 -0.636924 -0.465468
-0.150211 0.326617 -0.811385
-0.613664 0.301892 -0.629035
0.0246213 -0.558669 -0.68528
0.770271 -0.400278 0.0188838
-0.563887 0.550468 -0.534429
-0.00267067 0.473969 -0.754193
0.524062 -0.492263 -0.572626
-0.201452 -0.814671 0.0107419
-0.699005 -0.452872 -0.0885723
0.169994 0.184541 0.713147
-0.3276 0.743637 -0.451747
0.151207 0.841142 -0.0424899
-0.245753 0.862426 0.0288953
-0.739004 0.453153 -0.153346
-0.488201 0.0776331 0.68886
-0.617713 -0.100146 -0.632647
0.577528 0.478292 -0.352348
0.19147 -0.804026 0.118537
0.890522 -0.0384738 -0.0952292
-0.659367 -0.0737096 0.577658
0.270174 0.222272 -0.813775
0.315944 0.308816 0.533047
-0.713859 -0.0585183 -0.453714
0.0314498 0.372878 0.68108
-0.809178 0.119724 -0.0401413
-0.570732 0.676528 -0.119605
-0.357116 -0.686978 -0.318007
-0.74317 -0.27683 -0.146507
-0.339951 -0.0472182 0.792762
0.430494 -0.423537 0.507945
0.171811 -0.786114 -0.14621
-0.692412 0.333524 -0.503674
0.233812 -0.104622 0.753122
0.318803 -0.344866 0.632762
-0.114781 -0.217809 -0.79646
-0.496851 -0.731086 0.0233374
-0.715331 -0.445288 0.0521692
-0.0129162 -0.229347 0.833776
0.658121 -0.497924 -0.3594
0.170348 0.0237576 -0.8653
-0.72577 0.248909 -0.509258
-0.353592 -0.677295 -0.340556
-0.0679466 0.0253906 -0.854476
0.226236 0.66932 0.261361
0.875821 0.00876425 -0.0152609
-0.554179 -0.229849 -0.612395
-0.608651 -0.661742 -0.0252795
0.881948 -0.105273 -0.0922526
-0.590807 -0.217197 0.617244
-0.664972 0.56665 -0.135006
0.243669 -0.00604973 -0.850725
0.164761 -0.808381 0.0477329
-0.215351 0.790566 0.23288
0.642868 -0.444164 0.295484
-0.785815 0.237309 -0.167606
0.569199 0.0744624 0.442927
-0.434064 0.327361 -0.738563
0.50231 0.00949372 0.525103
-0.464309 0.777308 -0.10875
-0.114115 -0.360234 -0.754631
-0.0234343 0.304752 0.76182
0.840372 0.104538 0.0301144
-0.664674 0.319414 -0.561761
0.00570492 -0.821912 0.238845
-0.32867 -0.0782035 -0.786229
-0.0342116 -0.823809 0.22098
-0.744173 0.16453 0.38326
-0.0329838 -0.748574 0.434335
-0.200531 -0.506388 0.706064
-0.133075 0.810563 -0.39243
0.512232 0.0608779 0.506025
0.660246 0.347652 -0.440638
-0.627225 0.000847675 0.617254
-0.244906 -0.361856 -0.726755
0.0913026 0.0114928 -0.86462
-0.661046 -0.156968 -0.510577
-0.709749 0.27852 0.372952
0.334131 -0.292242 -0.815851
0.664392 -0.1266 -0.584173
0.152125 0.237235 0.696073
0.514087 0.344941 0.305504
-0.0522759 -0.698629 0.52957
-0.288136 -0.509004 -0.609692
0.822458 0.0128003 -0.292788
-0.447952 0.774125 -0.197835
-0.637127 -0.320952 0.536513
-0.430696 -0.769846 0.0440759
-0.301718 0.250505 -0.797225
0.436554 -0.629679 -0.502293
0.0732615 0.107615 0.809729
-0.514332 -0.110718 -0.708318
0.386481 -0.0229827 -0.797254
-0.326473 -0.680898 0.496862
0.125672 0.856033 -0.0990881
-0.325531 -0.761681 0.306278
0.833194 0.0277824 -0.2574
-0.327574 0.343915 0.676845
0.0124921 0.887211 -0.223128
-0.288554 0.113925 -0.827413
-0.68786 -0.0591367 0.539
0.587806 -0.115016 -0.670213
-0.721662 0.25373 0.360727
0.460142 0.513323 0.197208
-0.0578679 0.695883 -0.568459
0.106219 -0.791408 0.28551
0.613085 -0.433137 -0.527874
0.222076 -0.453206 0.650386
-0.563151 0.366708 0.50102
0.108355 0.855921 0.0150265
0.237154 -0.0238124 0.745798
0.0969492 0.283221 0.708846
0.549811 0.297498 -0.615571
0.20275 -0.70694 -0.443013
-0.278438 -0.391712 -0.707807
-0.248335 -0.569318 -0.571054
-0.112972 -0.822239 0.0983421
-0.765976 -0.121394 0.390697
-0.0409934 0.676501 0.410834
-0.426459 -0.781482 0.115494
0.711015 0.407929 -0.161401
-0.49426 0.714539 0.145408
0.045262 -0.483698 -0.740738
0.86196 0.0528884 -0.161365
-0.0535322 0.733028 -0.517569
-0.755949 -0.252562 0.402676
0.784741 -0.118275 0.193372
-0.144326 0.891962 0.0160086
-0.728477 0.0268949 0.465183
0.152508 -0.337996 0.735862
0.0261915 0.888716 -0.0742428
-0.62009 -0.374536 0.524998
-0.63781 -0.532387 0.400392
0.398911 -0.531339 0.478293
0.242423 0.80365 -0.171997
0.692764 0.386371 0.0293091
0.438617 -0.493982 0.472894
0.366279 0.420465 -0.665969
0.0798585 0.731234 0.326401
0.167672 0.780197 -0.34263
-0.572429 0.52058 0.357284
0.378584 0.0395699 0.628444
-0.562548 0.408858 0.467884
-0.644481 0.0345689 0.588686
0.520999 0.563474 -0.277782
0.810372 -0.0682741 -0.354369
-0.812328 0.102673 0.0220028
0.632149 -0.563724 -0.278031
0.143398 0.578608 -0.671412
0.131574 -0.435222 0.699787
0.299528 0.363202 -0.739889
-0.671521 0.398479 -0.488917
-0.389873 0.0735897 -0.80516
-0.19695 0.842329 0.150061
0.522864 -0.644164 0.0387662
-0.357463 0.478179 0.556956
0.563467 -0.553322 -0.44213
-0.44423 -0.68252 -0.260304
-0.225487 0.453708 -0.74601
-0.661869 0.558221 0.128599
0.0989767 0.294331 -0.832385
-0.171796 -0.736376 -0.356937
-0.286786 -0.60968 0.599183
0.0983552 -0.809119 0.0185325
-0.256487 -0.461591 0.730741
-0.0338175 -0.538994 -0.712193
0.409975 0.417483 -0.633983
0.53413 0.145054 0.450486
0.491726 0.587752 -0.272548
-0.362133 -0.431138 -0.638454
0.0892431 0.578508 0.462691
-0.440235 -0.0203414 0.733424
-0.221406 -0.580965 0.647555
-0.592341 -0.337483 -0.479811
-0.744938 -0.0603905 0.435291
-0.520673 -0.288183 0.659729
-0.405825 -0.788527 0.108406
0.585551 0.268374 -0.592194
0.373752 0.33772 -0.713876
-0.160988 0.222431 -0.842732
0.793936 0.130303 0.148001
0.292187 -0.530211 -0.680324
-0.686289 0.544423 -0.0937059
0.434634 0.573984 -0.415813
0.261446 -0.0553009 -0.84821
-0.148434 -0.0469747 -0.836387
0.347453 0.490362 0.331033
0.470029 0.622752 -0.219281
0.132081 -0.466506 0.682404
-0.654439 -0.188486 0.569787
-0.389242 0.775337 -0.346953
-0.609985 0.340228 -0.628544
-0.487624 -0.263606 -0.64913
0.512134 -0.346417 0.469537
-0.671174 0.132744 0.516765
-0.553504 -0.686522 -0.0851808
-0.223735 -0.785578 0.296511
-0.357819 0.580271 -0.649538
-0.0230109 0.0382353 -0.859346
0.159855 -0.417125 -0.77635
0.693527 0.208013 -0.46744
0.238636 0.207313 -0.829571
-0.149968 -0.786952 -0.240899
0.41032 0.145633 -0.773309
-0.242138 -0.812401 0.198151
-0.821553 0.0574227 0.0279251
0.334332 -0.679456 -0.448616
0.650187 -0.447658 -0.472733
-0.610828 0.560094 0.232885
0.687773 -0.184029 -0.562159
-0.763672 0.331649 -0.0556351
0.686347 0.379145 -0.34911
-0.0665815 0.77202 0.293188
-0.618256 0.621969 -0.133882
-0.531771 -0.265462 -0.609518
0.141817 0.12961 -0.873202
0.822562 -0.266615 0.00544106
0.244215 -0.583491 -0.632238
-0.337114 -0.757864 0.31065
0.115245 0.222787 0.73092
0.48273 -0.532557 0.402222
-0.519794 -0.255156 0.667182
0.114653 -0.431712 -0.766632
-0.713387 -0.44429 0.0223728
-0.817365 0.00974444 -0.0257241
-0.611998 -0.146464 0.614773
-0.441561 0.650637 0.321366
-0.0186566 0.805173 0.255085
-0.146687 -0.688933 0.534782
0.131563 -0.255817 -0.833478
0.420739 -0.711564 -0.069562
-0.181726 0.819054 0.195864
-0.512824 -0.121395 0.699969
-0.731851 -0.412353 0.375743
-0.378171 0.669138 -0.521528
-0.277055 -0.704327 -0.343879
-0.146477 0.32229 0.750594
0.660177 0.283775 0.219159
-0.209991 0.59879 0.486261
-0.509867 0.0372516 -0.730298
-0.67217 -0.425987 0.435292
-0.413442 -0.738988 -0.163412
-0.542474 0.686231 -0.218401
-0.723206 -0.397525 -0.0108134
-0.434437 -0.682351 -0.268164
-0.577767 -0.0942223 -0.670114
-0.157372 -0.788065 -0.231773
0.712736 -0.493623 0.0755229
0.531618 -0.586749 0.20364
0.786067 -0.366398 -0.064051
0.140611 -0.404469 -0.77921
0.501026 -0.4361 -0.652052
-0.526493 -0.186524 0.676169
0.857674 -0.0272633 -0.206921
0.134284 0.842766 -0.229282
0.669291 -0.195559 -0.584056
-0.192185 -0.21726 -0.780407
0.874611 -0.0516889 0.00744922
0.150582 -0.796957 -0.0751445
0.344719 -0.610842 0.438761
0.783935 0.22493 -0.283667
0.259339 0.188353 -0.827661
-0.0147108 0.873241 0.0592621
0.473298 0.338529 0.352081
0.468902 0.25052 0.437923
-0.372589 -0.787913 0.0190511
-0.373319 -0.2669 0.776251
0.0341162 0.813539 0.22176
-0.404188 -0.69934 -0.256555
0.0296909 0.345892 0.705739
-0.690682 0.476248 -0.373182
0.206921 -0.540871 0.594102
-0.595462 -0.643702 0.254835
-0.239925 0.458081 -0.741782
-0.674282 -0.528835 0.363008
-0.806849 -0.101249 -0.0014288
0.770125 -0.223493 -0.407716
0.158112 0.397433 -0.771017
-0.0478364 0.219113 -0.865338
-0.248872 -0.73444 -0.302282
0.702653 -0.287845 -0.511386
0.0807701 0.573065 -0.684233
0.278195 -0.590846 -0.616232
-0.525895 0.331963 -0.699141
0.0343217 0.333062 0.713707
0.26897 0.657892 0.231495
-0.274742 0.847397 0.0621433
0.112858 -0.817445 0.202155
-0.576406 -0.554858 0.451621
-0.513735 0.440623 0.489505
0.536407 -0.275695 0.471281
0.307966 0.741595 -0.0624101
0.661132 0.120755 -0.551765
-0.160189 0.206438 -0.847368
-0.467914 -0.670798 0.432771
-0.550666 0.710138 -0.0544908
-0.271905 -0.68877 -0.379714
-0.666287 -0.362482 -0.293729
-0.586975 -0.169162 -0.622009
-0.00201708 -0.701955 -0.496451
-0.0492093 -0.123402 -0.836911
0.340251 0.0885922 -0.80531
-0.227056 0.706836 0.358538
0.219337 -0.762443 -0.299529
0.449894 0.307639 0.404853
0.410887 0.276306 0.471568
0.627989 -0.437512 -0.507044
-0.802002 -0.159412 0.296447
0.101574 0.770256 -0.419285
0.18098 -0.779656 0.227353
-0.216324 0.615316 0.470405
-0.478028 0.14963 -0.755761
0.741918 -0.182248 -0.490285
-0.804696 0.144287 -0.14018
-0.809455 0.0925954 -0.110183
0.585615 -0.60262 0.0283657
0.329537 0.243458 -0.783701
0.0937809 -0.671949 0.501635
-0.532761 -0.594533 -0.322095
-0.677235 0.431981 0.307578
-0.327789 0.492267 -0.711629
-0.15151 -0.319403 -0.75883
0.020982 0.885569 -0.00567132
-0.60163 -0.660789 -0.0733784
0.459121 0.615865 -0.263599
0.517077 0.143365 -0.696297
0.469281 0.107435 0.533488
-0.145643 0.574017 -0.683049
-0.153049 0.512568 0.568881
-0.0706041 -0.717926 0.509535
0.446816 -0.544562 -0.602946
0.821155 -0.28095 -0.133798
0.440032 0.563971 -0.424213
-0.116539 0.765518 -0.469375
-0.0355041 0.276658 0.781651
0.478167 -0.226734 0.537907
0.137449 0.159789 0.74829
-0.452797 0.405628 0.564378
0.10141 0.524868 0.500947
-0.467969 -0.735641 -0.0771467
0.4815 -0.391245 0.477638
0.0865498 -0.788902 -0.163214
-0.0378661 -0.794041 -0.150649
-0.0570626 0.629149 0.456415
0.427596 -0.574946 -0.583385
-0.691282 0.546842 0.00144412
0.153043 -0.0736572 -0.861736
0.549818 0.236195 0.372295
-0.719406 0.512446 0.0684539
-0.233679 -0.743862 0.402921
0.539906 -0.638819 -0.04104
0.39924 0.277376 0.481872
-0.0109001 -0.646451 0.573397
-0.696425 -0.499931 0.0189971
0.175837 -0.581885 -0.64253
-0.449951 0.110828 0.705826
-0.689277 0.233676 -0.572552
-0.114851 0.0924357 0.854118
-0.519934 0.0411454 -0.721651
-0.584014 0.603607 -0.410491
-0.060969 0.788269 -0.425988
0.575508 0.537197 -0.113194
0.150377 -0.769297 -0.319582
0.348056 0.688828 0.0514847
-0.192061 0.0482479 0.848326
0.491527 -0.202804 0.528525
0.148945 0.56621 0.43237
-0.104744 -0.25003 -0.789068
-0.716349 0.279158 -0.501702
0.690098 0.364928 0.0681642
0.551041 0.469156 0.132862
-0.549454 -0.479828 -0.426998
0.371642 0.15491 -0.787432
-0.403405 -0.564669 -0.485037
-0.0332385 -0.0722424 0.862123
0.590171 0.0560861 0.427694
0.617009 -0.564678 0.121261
0.234973 -0.625809 -0.578607
0.80841 0.145802 -0.283636
-0.392783 -0.592679 0.572823
-0.755963 -0.361556 0.271788
0.223521 0.515577 0.416764
0.14307 -0.492485 0.663094
0.410861 0.128804 -0.774566
-0.210622 -0.800334 0.259002
0.694088 0.229124 -0.45722
-0.00463274 0.877666 0.0376448
-0.60724 -0.164048 -0.607523
0.484271 -0.181242 -0.75263
0.887985 -0.0615184 -0.132935
-0.705448 -0.491627 0.351459
-0.0319202 0.365346 0.705213
-0.0490593 -0.777751 -0.297281
-0.580417 0.250742 0.56165
-0.351293 0.813121 0.111349
-0.0744179 -0.18503 -0.814244
0.255894 0.127447 -0.834324
-0.0309752 -0.100072 0.85816
-0.38517 -0.352195 0.738212
-0.613664 -0.141025 -0.61643
-0.443589 -0.372239 -0.617062
0.00821777 0.427637 0.644931
-0.705015 0.524054 -0.0668859
0.644982 0.296314 0.222219
-0.385009 -0.774992 0.196718
-0.0945633 -0.797773 -0.128745
-0.481036 0.723764 -0.30506
0.546599 0.00744721 -0.707346
0.0518615 -0.259053 0.811826
-0.328975 -0.388515 0.751972
0.675583 -0.284232 -0.553045
0.52925 0.291901 0.341242
0.369606 0.311781 0.480487
-0.213435 0.222238 -0.828718
-0.353329 0.664618 -0.547281
-0.387814 -0.236642 -0.733715
-0.42106 0.43002 0.571851
-0.267076 -0.400857 -0.707894
-0.193574 0.724269 -0.541074
-0.397711 -0.789024 0.128688
-0.0471279 -0.0887227 -0.845971
0.186412 -0.480469 0.653722
-0.774608 0.292891 -0.197877
0.11842 -0.281219 0.775902
0.665903 -0.495959 -0.335871
-0.618621 -0.126805 0.61095
-0.57735 -0.679155 -0.0331508
0.0899415 -0.525653 -0.709071
0.312486 0.366642 -0.732317
0.0880188 -0.197009 -0.844886
-0.184541 0.90432 -0.161831
0.413517 -0.462306 0.506828
0.206245 -0.426061 -0.771514
-0.00664241 0.110188 -0.866786
0.210192 -0.449755 0.657752
0.298977 -0.712394 0.237741
-0.105748 0.134651 -0.859573
-0.619944 0.230011 -0.630469
0.254874 0.780731 -0.0839287
-0.737525 -0.424151 0.280377
0.551004 -0.631511 -0.0434039
0.31896 0.594387 -0.512966
-0.658064 0.224283 0.505552
-0.149953 0.724113 0.345332
-0.334338 0.688942 -0.526407
-0.60171 0.565413 -0.475852
-0.641205 -0.00154272 0.602661
0.0636926 -0.654052 -0.561617
0.0252358 0.251156 -0.854452
0.825645 0.0845655 0.0849886
0.665786 -0.415344 -0.477175
-0.119129 0.889916 0.0455555
-0.377118 -0.0219076 -0.787072
-0.384894 0.770921 0.190306
-0.52763 0.735687 -0.0368415
0.654241 -0.557176 -0.144735
-0.117349 0.866719 -0.294598
0.532519 0.220462 0.40257
0.341273 0.122695 0.626166
0.74206 0.274246 0.114541
-0.804406 0.136537 0.0613428
-0.490031 0.457032 -0.675085
-0.421301 -0.509074 -0.529
0.305423 -0.745551 0.124682
0.205509 0.728438 0.186947
-0.689275 -0.258404 0.514917
0.287883 -0.396683 -0.77336
0.422339 -0.222964 0.58638
-0.191799 0.664071 0.417274
0.526482 -0.555007 -0.493544
-0.74797 -0.000230705 0.423367
0.100445 -0.813678 0.224223
-0.182599 -0.360664 0.793872
0.581442 0.310609 -0.579096
-0.614641 -0.441618 -0.32871
0.301158 0.3265 0.533827
0.702513 0.0720984 -0.50792
-0.723676 -0.43426 0.124426
0.726172 0.279488 -0.380993
0.54309 -0.643763 -0.15294
0.703719 0.41208 -0.208055
0.597988 -0.0889251 0.435041
-0.714804 -0.137643 -0.396144
-0.788315 0.101245 0.26771
-0.0521427 -0.776843 -0.30371
0.426048 0.460817 0.281868
0.022252 0.0378655 0.835576
0.237958 0.329149 0.577237
0.829322 -0.255682 -0.105795
-0.269266 0.878174 -0.197562
-0.646606 -0.140227 0.582741
-0.205081 -0.269208 0.833735
0.4184 -0.552848 -0.618625
0.715726 0.400774 -0.170424
-0.561989 0.401116 0.474686
-0.677583 -0.557433 -0.000680988
0.646881 -0.308472 -0.576074
-0.57122 0.472111 -0.596431
0.8035 -0.29027 0.0894665
-0.213828 -0.337409 0.801044
-0.138205 -0.778381 -0.289925
0.162132 0.846215 -0.14909
-0.0339589 -0.682908 -0.516329
-0.825279 -0.0144113 0.239809
0.45142 -0.36751 -0.734385
0.276951 0.17324 -0.822217
-0.0982456 0.429025 0.64818
0.18219 -0.496218 0.645998
0.35502 -0.558446 0.483927
0.780437 0.0546151 -0.395143
-0.237525 -0.636029 -0.492653
-0.697124 0.185718 -0.569893
0.399555 -0.549885 -0.632914
-0.124408 0.921943 -0.140861
-0.528442 0.559688 -0.549742
0.667081 -0.497131 0.176268
-0.146859 -0.118845 -0.817745
-0.125078 0.681871 -0.600145
0.537586 -0.159229 -0.714991
0.867108 -0.114583 -0.0115818
0.0732322 -0.803011 0.279774
-0.288913 -0.822457 0.131928
-0.120232 -0.787014 -0.234481
0.143723 -0.505875 -0.718213
0.474283 -0.203482 0.546165
-0.732741 -0.359447 -0.0235096
-0.0416849 -0.770399 0.386783
0.262308 -0.780638 -0.0767116
-0.77542 -0.149875 -0.16616
-0.112773 0.617621 -0.655682
-0.308224 0.847845 1.7894e-05
0.830759 0.133617 -0.216807
-0.589054 0.0464021 0.632217
-0.432194 0.277659 -0.753201
0.361735 -0.746215 -0.25965
0.230042 -0.775374 -0.167369
-0.45553 0.361122 0.59
-0.321473 0.181267 0.770569
-0.481632 -0.676381 0.388444
-0.237547 0.463341 -0.738988
-0.222667 -0.123415 -0.800578
0.0978887 0.547317 0.483857
0.204311 -0.0436389 -0.858924
-0.115443 0.911314 -0.0380309
0.566991 -0.199148 0.451423
-0.00220607 0.46693 0.608434
-0.183205 0.0195104 0.856104
0.35057 -0.0282292 0.657829
0.443708 -0.664981 -0.426286
0.014811 0.669906 -0.588782
-0.108314 0.926926 -0.133997
0.739246 -0.386994 0.165564
0.81761 -0.294678 -0.18316
0.100378 -0.796567 -0.0918357
0.512092 -0.0742063 0.517162
0.196761 0.763969 -0.35396
0.889656 -0.0371461 -0.117682
0.233338 0.811497 -0.17966
0.422839 -0.562105 0.428083
0.553861 -0.462449 -0.568396
-0.710666 0.336243 0.307763
-0.802128 -0.16131 0.0943834
0.0375876 -0.817707 0.264349
0.826509 0.0421099 -0.271424
0.182062 -0.128912 -0.856111
-0.109631 -0.77726 -0.308636
-0.189369 0.613749 0.471793
0.111795 -0.136938 0.80492
0.122596 0.362267 -0.795104
0.556134 -0.390798 0.408543
0.149367 0.821786 0.0584047
-0.013377 0.638941 0.446813
0.624697 0.420879 -0.3813
-0.0377067 -0.807787 0.3019
-0.366632 0.529365 0.510271
-0.0223218 -0.578773 -0.661278
0.471252 -0.663295 -0.402639
0.485388 -0.617884 -0.461993
-0.629957 -0.615051 0.288441
-0.362639 0.75941 -0.401704
0.247796 0.734146 0.106052
0.316466 -0.50201 0.556812
-0.0490638 0.916503 -0.131248
-0.192615 -0.725809 -0.364151
-0.297859 0.0993735 0.796171
0.343321 0.100397 0.635859
-0.571849 0.684842 -0.0673251
-0.741776 -0.404816 0.256827
-0.297038 0.628122 -0.625003
-0.0255425 0.902838 -0.045434
-0.318944 0.150079 0.777559
-0.653842 -0.540588 0.377485
-0.655765 -0.0394824 0.584
-0.284595 -0.705588 -0.335511
-0.330793 0.154926 -0.81585
-0.0560227 0.440809 0.635295
-0.300701 0.536369 0.523247
0.672754 -0.317008 -0.534602
0.608187 0.480317 0.0381
0.483499 0.131594 0.506615
0.0163987 -0.824379 0.142354
-0.310699 -0.640154 -0.439626
-0.321388 0.836127 -0.298705
0.190229 -0.318199 0.724891
-0.759077 -0.243569 -0.0870873
0.29796 0.649672 0.212001
-0.135447 -0.741597 0.437214
0.360568 -0.280823 -0.813689
0.811443 -0.150462 -0.344223
-0.288277 0.855166 -0.266018
-0.283995 -0.739276 0.398229
-0.176302 -0.495613 -0.689208
0.247807 0.0184508 0.733998
-0.0118372 -0.787274 -0.203567
0.517625 -0.0117381 -0.738003
0.066128 0.286231 0.729496
0.222816 0.665315 -0.510416
-0.0829369 0.823964 -0.36729
-0.732376 -0.432178 0.241172
0.760156 -0.334383 -0.347946
0.505275 0.457835 -0.493077
-0.131334 -0.598426 0.647284
-0.102962 -0.456433 0.746237
-0.701133 -0.467192 -0.030644
0.012568 0.110857 0.823873
0.329898 -0.537054 0.518497
-0.285828 -0.5249 -0.595261
-0.266706 -0.692128 -0.376823
0.272383 -0.475588 -0.727298
-0.707058 -0.428069 -0.0797075
-0.388713 -0.59772 0.569307
0.0804904 -0.180087 -0.848083
0.579298 -0.175534 -0.673711
-0.783512 -0.0674984 -0.193198
-0.675498 0.144681 -0.58828
0.790198 -0.070029 -0.410499
0.330113 0.158448 -0.803083
-0.452383 0.355393 0.595707
0.588394 0.532545 -0.157177
0.410184 0.624811 -0.346727
0.353232 0.0737907 -0.801619
0.119131 0.736395 -0.468765
0.270986 0.777643 -0.134526
-0.548702 -0.646866 0.362014
0.310075 -0.389256 0.623689
-0.178238 0.870298 0.0751767
-0.712664 -0.385532 -0.140831
0.436587 -0.684489 0.0820518
-0.478186 0.708403 0.191919
0.614851 0.29196 -0.540484
-0.245783 0.713824 -0.535524
0.3152 0.613467 -0.492874
-0.698527 0.449314 -0.381117
0.20504 0.453764 -0.73432
-0.46085 0.487948 0.488883
-0.576963 0.512595 -0.556698
-0.163518 0.554241 -0.694192
-0.743283 0.389461 0.126298
0.338914 0.48636 -0.62372
-0.323215 0.803088 0.165284
-0.695814 -0.250688 0.511796
0.844335 0.176301 -0.0606598
0.114008 0.458832 -0.747684
0.482722 -0.676498 -0.0402785
-0.346161 0.695431 0.336472
-0.377213 -0.311169 -0.707506
0.841723 -0.213632 -0.0135943
0.45688 0.303812 -0.677675
0.376151 0.634347 -0.391654
-0.25011 0.707122 -0.543263
-0.633295 -0.0846215 0.601752
-0.65091 -0.166819 -0.524572
-0.325856 -0.506457 0.675577
-0.596388 0.5337 0.313999
-0.536151 -0.0130683 0.676798
-0.709042 -0.22731 -0.327869
0.0422335 -0.805065 -0.0321031
0.396231 0.491088 0.282251
-0.351385 0.22028 0.741236
-0.357605 -0.73831 -0.210736
-0.462459 -0.411552 0.652197
-0.307255 -0.331885 0.787855
-0.128609 -0.762121 0.393266
-0.769984 -0.181716 -0.150335
-0.415901 -0.44484 -0.592032
0.33226 -0.714108 0.179183
0.062004 -0.501954 0.680291
0.19499 0.00183532 -0.862069
-0.311238 0.431678 0.613664
0.513951 -0.20721 0.504842
0.110002 0.445844 -0.755906
-0.318324 -0.763002 0.307024
-0.593616 0.562095 0.265083
-0.594197 -0.664275 0.0563514
-0.419573 -0.0139411 -0.77865
0.697087 0.354755 0.0712042
0.401601 0.309119 0.451316
0.39564 -0.595925 0.393691
-0.356305 -0.744673 0.340243
-0.152289 -0.653877 -0.506324
-0.521714 -0.717474 0.0565008
0.807354 0.258727 -0.133881
-0.751989 -0.35944 0.204968
-0.817259 0.0661184 0.169444
-0.381388 -0.76267 -0.0930953
0.38685 0.480781 0.301415
0.511971 0.586243 -0.0985997
-0.61286 0.076146 -0.641826
-0.316588 0.806013 0.163646
0.0396993 -0.785165 0.335335
0.755889 -0.0549189 0.250921
0.299854 0.422466 -0.709663
-0.354208 0.837968 -0.0260755
0.117 -0.150707 -0.853737
-0.599913 0.630322 0.103589
0.00491194 0.275821 0.779787
-0.734955 0.443542 0.0682971
0.457303 -0.695378 -0.0880967
0.151301 0.639619 0.358024
-0.474831 -0.575036 0.54582
0.0317318 0.202137 -0.869065
0.862775 0.0428245 -0.163534
-0.683874 0.54861 -0.0796713
0.37419 -0.463318 0.539747
-0.642366 -0.497506 0.419093
0.72719 -0.415275 -0.306478
0.152888 0.473577 0.51016
-0.180026 -0.644166 -0.507245
-0.391432 0.763879 0.19742
0.0722482 0.275794 0.731259
-0.012223 -0.150304 0.846036
0.47763 -0.405056 -0.701558
-0.293475 0.770744 -0.437081
0.588418 0.189104 0.374155
-0.701406 -0.481516 0.363613
-0.0614999 0.461395 0.616174
0.0261791 -0.686128 0.512445
0.0457978 0.195456 0.793868
0.34737 -0.601404 0.449025
0.266844 0.781725 -0.143066
-0.33354 0.112522 -0.819786
0.0441368 -0.805463 0.290616
-0.724477 0.116711 0.441397
0.489032 -0.629786 0.171222
0.254403 0.331939 -0.771831
0.122936 0.764956 0.222266
-0.491279 0.566921 0.389399
-0.506217 -0.158421 0.697405
0.0434313 -0.115767 -0.851042
-0.283029 0.832535 0.129435
-0.767345 0.148171 0.305784
-0.441383 -0.268635 -0.685953
0.554823 0.514439 -0.321853
-0.739375 -0.230856 -0.253118
-0.395648 0.810571 -0.246777
-0.293841 0.162917 0.789749
0.474792 -0.548125 0.379298
-0.771318 -0.276367 0.119159
0.250463 -0.13593 0.741999
0.437284 0.0567295 -0.770603
-0.0151591 -0.0646498 -0.850775
-0.63942 0.112551 -0.619164
0.163497 -0.167587 0.780789
0.0531571 -0.414014 0.735003
0.492591 -0.295032 -0.720115
-0.304121 0.693478 0.355715
0.481164 0.0537895 -0.749199
-0.38548 0.709674 -0.456711
-0.655174 -0.132586 -0.548629
-0.28671 0.863297 -0.0489298
-0.734682 0.190848 -0.528374
0.0041596 0.580653 0.50124
0.610856 -0.36063 0.360626
0.216686 -0.406054 -0.785431
-0.336193 0.803567 -0.357195
0.440628 0.163439 0.524007
-0.368633 0.847272 -0.150751
0.00843954 0.226066 0.799402
0.0246303 0.324055 0.728191
-0.422983 0.156432 0.713574
-0.62771 0.58919 -0.249729
0.357872 0.23974 0.543299
0.850532 0.107847 -0.00143183
0.308293 0.0302487 0.68488
-0.772383 0.133298 0.30092
0.471774 -0.598366 -0.507349
0.651512 0.335307 0.170558
0.118607 0.31221 0.673935
0.856247 0.0643184 -0.173702
0.736164 -0.432598 -0.230206
-0.772005 0.0270097 0.363436
0.404647 -0.714754 -0.0300937
0.715024 -0.40429 -0.376868
0.0421146 -0.767941 -0.350089
-0.746083 -0.0747224 0.433565
0.052971 -0.777062 -0.276685
-0.202192 0.175886 0.819673
0.814483 0.042771 -0.305156
-0.427302 0.806116 0.00899915
-0.302042 0.307052 0.714378
0.632759 -0.367136 0.332713
-0.625694 -0.410459 0.49611
0.61598 -0.579413 0.0635763
-0.151334 0.739339 0.3255
0.168593 0.839429 -0.0933253
0.596703 0.318627 0.248785
-0.272897 0.511949 0.553609
0.0536047 0.447796 0.600758
0.0693983 -0.706048 0.467882
-0.149338 -0.264388 -0.775496
0.69517 0.0581997 0.319236
0.289212 0.464135 -0.686385
0.735509 0.318915 0.0561746
0.617437 0.027111 -0.625353
0.162129 -0.0915905 0.79141
-0.427478 -0.240116 0.740679
0.35925 0.229585 -0.778619
0.29464 0.592038 -0.538849
0.418073 -0.467003 -0.701042
0.411471 0.506024 0.252825
-0.396694 0.811579 -0.237007
0.471277 -0.426285 -0.691037
-0.679222 -0.151241 -0.473599
-0.757331 0.363021 -0.0818577
0.154244 0.794149 0.115438
0.334639 0.636491 0.191885
-0.447508 -0.262201 -0.684905
-0.358113 0.758733 0.231132
-0.773203 0.268737 0.110536
-0.365132 -0.352122 0.753672
0.801641 -0.118106 0.16966
-0.560807 -0.692154 0.0223434
0.807738 0.217477 -0.201777
0.809053 0.241197 -0.165028
0.298688 -0.771683 -0.110424
0.559854 0.457515 0.136036
0.471473 -0.68234 -0.354837
0.0315937 0.761997 0.313646
-0.11599 -0.0551766 -0.842174
-0.678815 -0.531203 -0.0678069
-0.312435 -0.55716 -0.547171
-0.0522521 0.739559 -0.507917
-0.100327 -0.817033 0.0516354
0.48856 0.0754461 0.525331
-0.251734 -0.649753 -0.462375
0.186647 -0.762342 0.268981
0.61174 -0.390355 -0.568111
0.832807 -0.250957 -0.175372
-0.151005 0.774449 -0.455202
-0.405669 -0.479887 -0.566014
-0.344794 0.560555 -0.664904
0.311583 -0.0777514 0.691053
-0.620569 0.608995 -0.188849
0.778454 0.136904 -0.374073
0.179651 0.622252 -0.606785
-0.26833 -0.786551 0.264797
-0.659427 -0.607105 0.050229
0.629208 -0.0482804 0.406675
0.156856 -0.794952 -0.0852897
0.823693 0.108188 -0.253911
0.841606 0.0223801 -0.235479
0.422155 0.507885 0.240366
-0.340159 0.391453 0.636721
-0.326037 -0.735799 -0.240351
-0.6875 -0.48451 -0.111356
0.198563 -0.693097 0.428513
0.260554 -0.0651117 0.730009
-0.173016 0.252725 -0.831131
0.793437 -0.210622 0.156385
0.507039 0.451676 -0.499727
0.26792 0.777737 -0.113163
-0.635424 0.484357 0.316045
0.626972 -0.50597 -0.414679
0.392267 0.201503 0.539577
-0.675058 0.370557 -0.507344
-0.533829 -0.232833 -0.628299
-0.0716969 0.814226 0.238062
0.514929 0.0162976 0.511819
-0.559942 -0.664329 -0.14059
0.810478 -0.298868 0.00235794
-0.412751 -0.714316 0.379457
0.232335 0.693094 -0.463775
0.549031 -0.43542 -0.598323
-0.741011 0.279889 -0.431572
0.734307 -0.0103543 -0.477386
0.556058 0.159056 -0.659868
0.0785054 -0.630615 -0.593248
-0.815354 0.0586592 -0.0540405
0.635385 0.376213 -0.436528
-0.14053 0.822969 0.204092
0.756456 0.0628669 0.233357
-0.78545 -0.152193 -0.0850694
-0.722295 0.307969 -0.461383
0.563215 -0.62386 -0.0510409
0.731834 -0.229293 0.237873
-0.476332 0.587946 0.375794
-0.255435 0.861546 -0.268529
-0.336991 -0.0758847 -0.784746
-0.499064 0.145296 -0.738692
-0.0561635 0.243188 -0.85825
-0.602243 -0.650654 0.134287
-0.0048582 0.876217 -0.262036
-0.0128524 0.267786 0.785578
0.707396 -0.445934 0.159895
0.82461 -0.208011 0.0793042
0.62159 -0.127357 -0.632837
-0.135342 -0.818894 0.0627117
-0.263205 -0.337293 -0.73016
-0.60066 0.344763 -0.635868
0.205082 0.442634 0.501199
0.0049112 -0.800487 -0.0824027
0.403088 0.434994 -0.623054
-0.55027 0.332478 -0.678852
0.0480271 -0.769121 0.367317
-0.0902739 0.854966 -0.315297
0.470794 -0.68814 -0.341034
-0.145624 -0.823575 0.225953
0.623462 -0.161587 -0.63337
-0.697317 -0.209386 0.525337
0.128066 0.767243 0.212693
-0.0586058 -0.0700776 -0.846692
-0.343103 -0.52101 -0.564717
0.0243055 0.822533 0.20933
-0.752771 0.388665 -0.125537
-0.102027 0.911723 -0.208158
0.656108 0.0257205 0.370425
0.722392 0.303358 -0.36621
-0.556897 0.635327 0.184236
0.0874121 -0.636189 -0.585906
0.822134 0.201012 0.025005
0.122636 -0.754302 -0.383231
-0.402305 0.379674 -0.734536
-0.528637 0.673453 -0.347265
-0.136106 0.558445 0.524714
0.0937541 0.525294 -0.711019
0.286868 0.679533 0.170952
0.170129 -0.709029 0.418918
0.0453817 0.757067 0.317503
-0.0667081 0.12506 0.837957
0.635282 -0.538768 -0.324921
0.306017 -0.250784 0.675086
0.411106 -0.726902 -0.152807
-0.789945 0.218625 -0.224292
-0.320747 0.533656 0.519961
-0.316475 -0.785782 0.233272
-0.558136 0.256164 0.577272
-0.119665 0.600886 -0.667802
-0.772044 0.279381 0.0662657
0.221572 0.659435 -0.51961
-0.406994 -0.241255 0.756068
0.687854 -0.279665 -0.539249
0.51495 0.491405 0.153709
-0.677679 -0.558376 0.206972
0.717509 -0.48977 -0.0575207
-0.378003 0.344078 -0.750895
-0.749967 0.385848 -0.00290143
0.262026 0.307185 -0.780339
0.512122 -0.238216 0.502363
-0.784841 -0.228333 0.112044
-0.163953 0.756953 -0.485531
0.369115 0.357045 -0.705604
-0.354359 -0.768862 0.257988
-0.696693 -0.0377914 -0.511716
-0.491426 0.674326 0.227767
0.222793 0.189555 0.673029
0.451195 -0.511653 -0.637568
0.385181 -0.663946 0.243275
-0.0368298 0.142953 0.828435
-0.495754 0.35738 -0.704766
-0.578682 -0.413245 -0.432493
0.706696 0.308378 -0.393441
0.0754698 -0.402998 -0.773547
-0.146173 0.906363 -0.0438947
0.20545 -0.717836 -0.422072
-0.238857 -0.819748 0.051678
-0.0703448 -0.168213 0.856889
-0.202333 0.87742 0.0215323
0.857246 -0.147342 0.00266792
-0.27079 0.812807 -0.385928
0.240942 -0.763567 -0.260744
0.658635 0.406876 -0.348999
0.403679 -0.66151 -0.457218
-0.79791 0.173384 -0.00342568
0.85728 0.119819 -0.132319
0.423595 -0.287141 0.566241
0.168958 -0.706568 -0.455226
0.462193 -0.695214 -0.106498
0.539135 -0.649576 -0.219529
0.700906 -0.506062 -0.125512
-0.649203 0.164398 0.537569
0.298769 0.570605 0.295087
-0.789583 -0.201797 0.0854932
-0.0617144 -0.263739 0.8317
0.287461 -0.237103 -0.840512
-0.713707 0.0853119 0.46877
0.413289 0.481693 0.274476
-0.540704 -0.141548 -0.678421
-0.450565 0.0385434 0.719154
0.359746 0.0123004 0.6472
0.157314 -0.0845101 0.794218
0.862349 -0.0269213 -0.193605
0.533167 -0.0116898 0.498846
0.404453 -0.443193 -0.718174
0.584534 0.0420246 -0.661538
0.692738 -0.501109 0.121418
0.491239 -0.355932 0.483506
-0.786878 0.233544 -0.221555
0.709494 0.0882681 -0.496043
-0.52076 0.731304 0.0517563
-0.660734 0.134912 0.531485
0.0194187 0.741793 0.342297
-0.51175 0.220012 -0.721245
0.139293 0.350602 0.626364
0.742447 0.101717 -0.445368
-0.0389272 -0.799963 -0.0978606
-0.682991 0.230814 0.466068
0.359506 -0.504624 -0.696241
-0.037882 0.858899 -0.304125
-0.441902 0.466511 0.522908
-0.436206 -0.555961 -0.473993
-0.389204 0.713117 -0.448813
0.673442 -0.451 0.227726
-0.79151 0.209398 -0.164933
-0.145285 0.743104 0.321343
-0.479944 0.693244 -0.407551
-0.0405086 0.735064 -0.512201
0.739351 0.303746 0.0729787
0.43175 -0.463853 0.49076
-0.244544 -0.300092 0.813416
0.605464 -0.5818 0.0999565
0.175007 0.842163 -0.155674
0.124005 -0.426656 0.707294
0.57989 0.487277 -0.330721
0.324378 0.374066 -0.723031
0.28995 -0.772011 -0.0235458
0.782083 0.203873 -0.316639
-0.788766 0.187412 0.163097
-0.155009 0.71132 0.361153
-0.597052 -0.043394 -0.654457
0.42718 -0.701607 -0.016273
0.848933 0.0558488 -0.200259
0.0797462 0.876451 -0.188492
-0.21492 -0.661812 0.556694
0.208657 0.285521 -0.811029
-0.521818 0.695876 0.127248
0.340164 0.424898 0.401205
0.761855 -0.236422 0.193864
0.0604748 -0.43386 0.721325
-0.821762 -0.137907 0.23997
0.155163 0.432702 0.544118
-0.391476 0.120796 -0.809009
-0.300159 0.390176 0.652892
-0.691751 -0.522 0.312735
-0.175868 0.646513 -0.625746
0.827755 -0.068676 -0.305422
-0.769952 -0.128723 0.382
-0.357163 0.0648062 -0.811063
-0.188582 0.213408 -0.837825
-0.028681 -0.226101 -0.812053
0.25664 -0.325255 -0.812861
-0.636466 0.607254 -0.0682639
-0.631031 0.622452 0.0280621
-0.518359 -0.588637 -0.355617
-0.111445 -0.788747 -0.216845
-0.440547 0.793127 -0.134721
0.679442 0.431502 -0.241375
-0.406065 0.719916 0.256743
-0.452298 0.753343 -0.283607
-0.00290049 0.203339 -0.869301
0.186085 -0.179593 -0.85071
0.710689 -0.0383808 -0.51298
0.0698356 0.877884 -0.151521
-0.227307 0.864231 0.0515443
-0.0485347 0.6173 0.467767
-0.306974 -0.0565717 -0.796225
0.341708 -0.728959 0.110499
-0.545744 -0.263997 -0.598229
-0.301985 -0.795344 -0.0375029
0.328421 0.27938 0.541944
0.173969 -0.522875 -0.702235
0.104589 0.424448 0.586028
0.326378 -0.487389 0.558895
-0.298321 0.636569 -0.618724
-0.558142 -0.688984 -0.0416561
0.491684 0.360885 0.312453
-0.758545 0.354718 -0.290249
-0.183871 -0.229686 0.84812
0.0284604 0.066406 0.828568
0.119275 -0.0977291 -0.858216
0.421207 0.653363 -0.0624707
0.345715 0.292674 -0.754655
-0.707861 0.338675 0.314311
-0.311181 -0.79601 -0.023636
-0.111164 -0.729773 -0.416059
-0.0751829 0.50882 -0.731292
-0.834311 -0.0107626 0.179815
0.850075 -0.0289014 -0.22893
-0.614064 -0.521846 -0.249506
-0.567822 -0.607237 -0.243053
0.72458 0.392104 -0.135873
-0.607169 0.369755 -0.614562
0.0284751 -0.7014 -0.497638
0.141996 -0.606128 -0.622171
-0.813156 -0.0132017 0.272805
-0.325522 -0.138856 -0.773553
0.0693821 -0.69489 -0.506957
0.450834 0.000397458 0.576039
-0.80596 0.0892683 0.202919
-0.600176 0.273335 -0.642878
-0.0795564 0.417888 -0.783858
-0.407999 -0.773715 0.0124508
0.595425 0.380838 0.18837
-0.0922474 -0.822308 0.102815
-0.565608 -0.153521 -0.650548
-0.0089257 0.200859 -0.87015
-0.676436 -0.561594 0.197589
-0.431783 -0.754427 -0.0588319
0.0426536 0.810753 0.223676
-0.514891 0.601675 -0.509224
-0.3421 -0.365345 0.758917
0.194961 -0.31205 -0.817124
0.636747 -0.187014 -0.618872
-0.150368 0.906427 -0.049738
0.0320292 -0.811136 0.0204764
-0.313578 -0.77413 -0.120657
0.20075 0.452694 0.495432
0.145199 0.637014 0.366048
0.513975 -0.664201 -0.143258
0.547235 -0.0707941 0.48389
-0.22188 0.41308 0.658817
0.670862 -0.451986 0.23211
-0.812102 0.0255263 -0.0722605
-0.587616 0.321243 0.512903
0.724995 -0.412877 0.163654
-0.24177 0.0891343 -0.833308
0.702441 -0.507995 -0.0330248
-0.800553 0.00773358 0.299371
-0.498348 0.202913 -0.733957
0.776263 -0.0703437 0.218143
0.448501 -0.168386 0.574381
0.247998 0.738186 -0.356086
0.145043 0.145212 -0.873734
-0.0267674 0.536833 -0.720168
-0.240445 0.883165 -0.0787441
-0.114908 0.51597 -0.722507
-0.753507 -0.257571 0.408278
0.321673 -0.6371 -0.530758
-0.352495 -0.806812 0.0971202
-0.497611 -0.0974952 0.709337
-0.801755 0.152484 0.027579
0.276896 0.557279 -0.598648
0.26045 0.251282 -0.806826
-0.300388 -0.590414 0.613431
-0.135714 -0.517142 -0.687278
-0.766388 -0.257812 0.3676
0.133282 0.729669 0.268248
0.693472 -0.518266 -0.0329147
0.106738 -0.774149 0.336464
0.170747 0.107106 0.751001
-0.785243 0.0445396 0.330077
-0.333175 0.633447 -0.607817
0.455214 0.101608 0.55022
0.72484 -0.476864 0.0531184
-0.759328 -0.306137 0.0818802
0.0669537 0.600475 -0.664178
0.0335916 0.497712 0.571128
0.286134 -0.76579 0.0413404
-0.0567155 0.323173 -0.830213
0.151217 -0.806027 0.00836256
-0.0671193 0.318348 0.750905
0.325408 0.532411 0.309252
0.825575 -0.0814361 0.139032
-0.234146 -0.181132 -0.781889
-0.518806 0.319253 -0.705905
-0.460897 -0.670531 -0.272087
0.745376 0.238107 0.165462
-0.74623 0.406981 -0.0396538
-0.0292964 -0.203842 -0.818387
-0.522417 -0.619872 -0.299769
-0.148731 -0.460771 -0.717745
-0.505027 -0.30969 -0.604587
-0.468077 0.77662 -0.0954136
-0.684543 -0.541943 0.0318943
-0.800188 -0.0824823 -0.0652473
-0.11151 -0.121815 0.874105
-0.745663 0.260809 -0.427894
-0.81329 -0.0690392 0.0102193
-0.0243495 -0.257779 0.828165
-0.0988307 0.0378421 0.862874
0.601515 0.440338 -0.384112
-0.793562 -0.14653 -0.0246775
0.316172 0.333338 -0.747269
0.275048 -0.733996 0.211968
-0.191787 0.77398 -0.455256
-0.23517 -0.824545 0.0975544
0.766255 -0.418855 -0.141523
0.25928 -0.433541 0.638663
0.0306639 -0.0112443 0.842989
-0.593231 0.292924 -0.646833
0.103621 0.501923 -0.723548
-0.399644 0.763491 0.190011
0.776921 0.161436 0.178806
0.287516 -0.299956 0.674612
0.355626 -0.349701 -0.780222
0.159799 0.675102 0.315236
-0.640611 0.608147 -0.00177626
-0.1787 0.840602 0.159697
-0.489351 -0.738343 0.0857015
0.381285 0.380761 -0.683373
-0.645145 -0.185238 -0.519776
-0.193485 0.0445372 -0.837916
-0.807656 -0.118226 0.0310692
0.312243 -0.1989 0.686285
0.153454 -0.775298 -0.265748
0.123873 0.369478 -0.791303
-0.470668 -0.726357 -0.14374
-0.804191 -0.180426 0.172759
-0.0827701 -0.815298 0.0385206
0.609977 0.477411 -0.297127
-0.203994 0.887005 -0.0355387
-0.775438 -0.0727698 -0.242697
-0.452395 0.688538 -0.435983
0.782527 -0.373239 -0.0358141
-0.630918 -0.614704 0.284822
-0.639481 0.0922637 0.575106
0.488088 0.297777 0.376427
-0.053516 0.887072 0.0279685
-0.529933 0.366568 -0.688119
0.171801 -0.120107 0.783871
-0.0334079 0.908602 -0.0894832
-0.511796 0.120871 -0.729121
-0.0364914 -0.822546 0.252921
-0.317799 0.712901 -0.504177
-0.619549 -0.353433 -0.406816
0.225613 -0.703768 0.379349
0.0896016 0.374209 0.639981
-0.475457 -0.242015 0.703696
-0.449642 -0.546199 -0.475634
0.686109 0.349677 0.0997035
0.845491 0.0696729 -0.204461
-0.0115151 -0.228418 0.833821
-0.623425 -0.595887 -0.155681
0.712957 0.227768 0.220501
0.165104 -0.592181 0.566663
0.135304 -0.679342 0.47585
0.115978 0.274437 0.700224
-0.614491 0.549263 -0.473607
0.48999 0.258229 -0.679761
-0.260258 0.561845 -0.67565
0.26839 0.0811343 0.696609
0.765805 0.26776 0.0805018
0.0537765 0.859304 0.0756336
-0.275179 -0.362201 0.779007
0.399909 -0.447648 0.52422
0.205977 -0.759971 -0.336889
-0.810307 0.0364359 0.246347
-0.0162677 0.696758 -0.558893
0.61768 0.305889 0.24018
0.0330199 0.887594 -0.0971684
0.843022 -0.214928 -0.0807342
0.191921 0.798208 0.0413712
0.811229 0.0594417 0.129008
0.277392 -0.474692 -0.727438
-0.54506 -0.414299 -0.499651
-0.707633 -0.464778 0.0265188
0.454202 0.194426 0.492201
0.163651 -0.294622 -0.822145
0.235202 -0.406457 0.664821
-0.342439 -0.773348 0.255565
0.377906 -0.507861 0.510463
-0.712336 -0.196009 0.511892
0.806054 -0.0406555 0.166983
0.264314 -0.689548 -0.453963
0.233341 -0.711284 -0.424593
0.598522 -0.573869 0.128972
0.614902 0.19261 -0.584803
0.821899 -0.279756 -0.146169
-0.410771 -0.634326 -0.383419
-0.527554 -0.713667 0.0516434
0.0215757 -0.308899 -0.798183
-0.667625 -0.380468 -0.272686
-0.367616 -0.596027 0.579793
0.188931 -0.306955 0.730173
-0.0565835 -0.702316 -0.48004
-0.217737 0.0432618 0.843231
0.710532 0.385584 -0.00258865
-0.549527 -0.100209 0.676328
-0.587925 -0.60534 0.402931
0.218402 0.182311 -0.843924
-0.49452 -0.0361511 -0.736692
0.345012 0.26816 -0.766275
0.259649 0.207638 0.635415
-0.778928 0.0920204 0.320747
0.0201076 -0.816614 0.0698782
0.0515222 -0.821227 0.22353
-0.25473 0.856708 0.0452011
0.608014 -0.594679 -0.213845
0.654139 -0.525483 0.15239
-0.187174 -0.825771 0.183007
0.529663 0.118578 0.468404
-0.797455 -0.178535 0.0967752
-0.103544 -0.660871 0.578103
-0.783078 0.107401 0.283842
0.557987 0.409987 -0.492047
0.296499 0.658692 0.198902
0.645689 -0.16036 -0.608078
-0.0484785 -0.784933 -0.233919
-0.0491898 -0.824769 0.185208
0.0731142 -0.188291 -0.844223
0.349222 0.522078 -0.572214
0.241753 0.24823 -0.815478
-0.140289 0.0151506 0.865772
0.130441 -0.659001 -0.555676
-0.477736 -0.536947 0.570539
-0.143014 -0.794504 -0.168473
0.262006 -0.766738 0.131041
-0.124872 -0.690398 -0.468368
-0.592792 0.0885634 -0.659181
0.306288 0.496414 -0.642471
-0.543189 0.716152 -0.0611683
0.235655 0.79515 -0.0930282
-0.131042 -0.813447 0.0121944
-0.490431 -0.437142 0.616242
0.335361 -0.468876 -0.722451
-0.638216 -0.637157 0.00381379
-0.767374 0.0913643 -0.411375
-0.513441 -0.423741 -0.524481
-0.562332 -0.22328 0.63959
-0.524614 -0.55958 -0.390265
-0.246217 -0.00791797 0.839452
0.722482 0.391293 -0.174955
0.517351 -0.0633814 -0.744829
-0.606057 0.339831 -0.631842
0.0312463 -0.506906 0.685262
0.567897 -0.470124 -0.545561
-0.00508763 -0.0868502 -0.849618
0.301663 -0.159522 0.700851
-0.143414 0.917974 -0.139954
0.106607 0.867305 -0.189128
0.415439 0.10945 0.580486
-0.18277 -0.825356 0.114844
0.348707 -0.677976 -0.446431
0.416242 0.22323 0.50513
0.647681 -0.0572051 0.388392
0.0610603 0.288606 -0.84014
-0.2381 -0.754985 -0.265564
-0.62081 -0.0317241 0.619668
-0.755793 0.247856 -0.395049
0.548938 -0.552866 -0.468098
-0.0710906 -0.792997 -0.168643
0.676269 0.338427 0.131789
0.148168 -0.817778 0.1116
-0.568619 0.597093 0.242259
0.00409331 -0.393187 -0.767567
0.197119 -0.725936 0.357247
-0.0457965 -0.409008 0.761102
-0.126988 -0.648749 -0.524728
0.217799 -0.735853 0.29841
0.693426 -0.146549 0.313648
0.185442 0.493267 -0.717825
-0.0162629 0.720266 0.365789
0.000936572 -0.392455 0.760263
-0.364756 -0.415342 0.719346
0.572111 0.262786 0.326619
-0.37224 0.0833636 0.757054
0.254595 0.745811 -0.330424
-0.809635 0.0876748 -0.107513
-0.288074 0.145766 0.795286
-0.290005 0.865393 -0.0666279
-0.169871 0.843901 -0.333486
0.518856 -0.184513 0.502988
-0.0650827 0.916451 -0.0750606
-0.0037472 0.894966 -0.0284508
-0.0196278 0.829075 -0.353179
0.575826 -0.281734 -0.655801
0.563746 0.0231726 -0.686633
-0.0104034 -0.756482 -0.423192
0.372266 0.583751 0.216539
0.849979 -0.0603122 -0.23984
-0.632222 0.400776 -0.555419
0.810475 0.155788 0.0861812
-0.363976 -0.738666 0.3545
0.262322 -0.397465 -0.779624
0.638864 -0.154151 0.378892
-0.672823 -0.146865 -0.492977
-0.315772 -0.0250327 0.803165
-0.691209 0.53259 -0.159318
-0.5522 -0.686698 -0.0899779
-0.0450007 -0.434979 0.745737
0.376285 -0.178808 -0.814793
0.802502 -0.289412 -0.288819
-0.574184 -0.425947 -0.429187
-0.296516 0.118229 0.794349
0.575651 -0.25061 0.430499
-0.456868 -0.703909 0.33646
-0.101431 -0.609699 0.636915
0.334623 -0.118197 -0.8256
-0.793582 0.193802 -0.0133089
-0.0481409 -0.283657 -0.791017
0.767381 -0.39559 -0.201395
0.689869 0.0476126 0.328297
0.172516 0.811184 -0.270826
-0.785599 -0.035966 -0.210403
0.75182 -0.0327277 -0.45709
-0.748071 -0.264635 0.422458
-0.773925 -0.15707 0.372709
-0.202572 0.586171 0.498356
0.346094 -0.230951 -0.831047
0.146778 -0.555558 -0.672973
-0.0216013 0.0384706 0.84613
-0.532808 -0.490242 0.542581
-0.737515 -0.0024775 0.448112
0.083153 -0.814018 0.057796
0.111538 -0.204034 0.796111
-0.788111 -0.0755761 -0.153988
-0.334057 0.854819 -0.104992
-0.140057 0.813181 0.22119
-0.216821 0.423632 0.650612
0.223982 -0.60406 -0.612907
0.376369 -0.437796 0.548106
-0.334226 0.718906 -0.482746
0.340815 0.512184 -0.591677
-0.753179 0.394982 -0.190895
-0.629211 0.00823638 -0.626847
-0.537228 0.306219 -0.692112
-0.631478 0.622831 0.0472214
0.590285 -0.0898854 -0.665425
-0.725481 0.489523 -0.175106
-0.468175 0.570691 -0.580834
-0.0829778 -0.509338 0.710478
-0.472176 0.746525 0.122578
0.341286 0.292823 0.522285
0.0957873 0.74785 0.281109
-0.66589 0.300686 0.451509
-0.216395 -0.826186 0.133904
0.403535 0.106619 -0.779341
-0.644248 -0.638528 -0.0583992
0.213334 -0.381436 0.686711
0.580171 -0.578094 0.147864
0.339784 -0.198351 0.662997
-0.535878 0.422927 0.483151
0.431139 0.416937 -0.617649
-0.562193 -0.447985 -0.432224
0.279426 -0.484164 -0.720109
-0.349298 0.601032 0.448613
-0.753471 -0.303926 0.0214965
-0.732988 0.0954063 0.435613
0.719566 0.375273 -0.00314491
-0.449455 -0.720213 -0.179044
-0.725633 -0.144507 -0.363884
-0.40736 -0.611089 0.547787
0.462075 -0.217764 -0.759564
-0.453732 0.445152 0.532657
-0.0943922 0.38463 0.689754
0.447151 0.616111 0.0423011
0.78228 0.29693 0.00295151
-0.452152 0.316631 0.619103
0.664639 0.463042 -0.149666
0.0677064 0.100863 0.812382
-0.727517 0.474968 -0.282629
-0.803222 0.15134 -0.134491
-0.778621 0.0263756 -0.319693
-0.045897 0.307733 -0.837958
0.00231884 -0.208762 0.834393
0.566141 0.514908 0.0508439
0.131298 -0.465499 0.683224
0.351008 -0.753347 -0.121076
-0.00993847 0.544275 0.536046
0.0705044 0.868742 0.0168678
-0.697992 0.0110556 0.517336
-0.816284 0.0785524 0.1042
0.428099 0.516152 -0.502115
-0.619287 0.50387 -0.504664
0.750493 -0.185328 -0.474305
-0.489119 0.508142 0.448636
-0.335758 0.861162 -0.184244
-0.748979 -0.113521 -0.326262
-0.746472 0.411159 -0.0818664
-0.780324 0.262502 -0.105567
0.613915 -0.264903 -0.624401
0.627966 0.473623 0.00574779
0.495498 0.600025 -0.108044
-0.679702 -0.0705476 0.55143
-0.128726 0.564923 0.518456
0.44604 -0.412666 -0.72366
0.0523213 -0.774813 -0.296729
0.531868 0.207107 0.414741
-0.221966 -0.764531 0.360096
-0.00480092 0.0992613 -0.866017
0.313236 -0.10264 0.691222
-0.199012 0.554605 -0.689057
-0.00370164 0.385574 0.684988
0.588191 -0.59581 -0.308145
-0.82873 -0.0880263 0.146711
0.735615 0.341174 -0.277874
0.0526942 -0.117825 -0.851625
-0.313359 -0.552719 -0.551035
0.392033 -0.601292 0.387136
0.282651 0.181638 -0.819291
0.67824 -0.50912 -0.25966
-0.565595 0.638956 -0.33651
0.521542 -0.181792 0.500608
-0.221078 0.458311 0.617634
0.815722 0.245203 -0.102137
0.575088 0.0477831 0.44601
0.696333 -0.0377582 0.339143
0.381646 -0.674929 -0.438035
-0.655217 0.00714981 0.581876
-0.455951 -0.762084 0.0935889
0.120976 -0.291151 0.771084
0.54896 0.561857 -0.142993
-0.103494 -0.783591 -0.260302
-0.339751 0.79863 0.163759
-0.484137 0.107639 -0.752864
-0.28895 0.780825 -0.424671
-0.589699 0.477064 -0.567803
0.727134 -0.42386 -0.28616
-0.102635 0.902046 -0.233143
-0.440153 0.383844 -0.720295
-0.333072 0.84726 -0.0409107
-0.595696 -0.59907 0.399277
-0.0392706 0.848418 0.164027
-0.04915 -0.624759 -0.591333
0.776529 -0.395048 -0.122793
-0.737205 0.345851 0.205451
-0.821353 -0.052309 0.258663
0.859678 -0.0781857 0.0406602
0.815552 0.0995175 0.105333
0.0193898 0.891151 -0.0763323
0.845598 0.168162 -0.10453
-0.725259 -0.423042 0.0979689
0.48022 0.338336 -0.64151
-0.311711 -0.434407 0.734005
0.480881 0.506642 -0.45408
0.417422 -0.193465 0.598213
-0.525441 0.399513 0.510482
-0.238932 0.873855 -0.237577
0.775022 0.0656576 -0.404936
-0.511109 -0.454321 -0.506992
0.650197 0.171394 0.324277
0.470889 -0.269466 -0.742536
-0.529082 -0.608229 -0.307001
0.794306 0.110595 0.153307
0.212384 -0.789954 -0.0575927
-0.148584 0.852259 -0.31928
-0.344481 -0.508259 -0.576568
-0.288576 -0.585398 0.622621
0.138451 0.570321 0.436006
-0.772228 0.288836 -0.0163344
0.568813 0.488869 -0.347061
0.0705143 0.84567 0.114209
0.35491 0.319111 -0.736967
-0.784784 -0.199759 0.0354084
-0.555206 -0.251481 0.639476
-0.129962 -0.239436 0.847008
-0.707269 0.0352604 -0.521216
0.563273 0.00591793 0.467282
-0.180192 0.51345 0.568152
-0.269669 -0.823916 0.0852636
-0.182508 0.758842 -0.481882
-0.713949 0.124959 0.454773
0.411142 0.297761 -0.712179
0.421413 -0.0791245 0.600676
0.566021 -0.518628 0.301948
-0.115409 0.856309 0.155528
0.489354 -0.258227 -0.731311
0.82642 0.21826 -0.0163527
-0.718702 -0.4109 -0.0170933
-0.519752 0.250972 0.609473
0.730258 -0.302286 -0.443952
0.647127 0.130665 0.343746
-0.641187 -0.188123 -0.526198
0.797836 0.0494347 -0.349905
0.397891 0.678028 -0.12739
0.301294 -0.711528 0.236591
-0.259136 0.807182 0.188207
-0.173788 0.571744 0.512097
-0.293337 -0.755334 -0.222597
-0.0567463 -0.545775 0.68304
-0.483914 0.0494377 0.696818
-0.833292 -0.0242362 0.1117
0.604679 0.0636231 0.410231
0.158399 0.666304 -0.560805
0.0160171 -0.768674 -0.348721
0.276388 0.551198 0.334295
0.653447 0.476456 -0.160752
0.197035 -0.206546 -0.847468
0.581094 -0.476307 -0.522744
-0.322043 0.346991 0.677132
0.575709 -0.550667 0.21737
0.0529291 -0.612623 0.588146
-0.242379 0.612685 0.470161
0.657792 0.0942272 -0.56503
-0.482881 -0.681049 0.369807
-0.121142 -0.823515 0.108863
-0.597221 -0.250935 -0.556334
0.332559 -0.0528734 -0.820667
-0.0790587 0.787601 -0.428675
-0.446717 -0.485751 -0.535483
-0.0310925 -0.601742 0.630946
-0.457464 0.354323 0.592678
-0.247745 0.865302 0.00911203
-0.504446 0.742979 -0.103382
0.286271 0.273296 0.5769
-0.654725 0.364223 -0.546258
0.276514 -0.654967 0.444505
0.392159 0.0717942 0.613087
-0.212073 -0.488244 -0.676057
0.568332 0.429872 -0.448504
0.558322 -0.505391 -0.515097
-0.513919 0.703878 0.126629
0.43076 0.218311 -0.743795
0.102567 -0.76062 0.370016
0.426209 0.620353 -0.323944
-0.630594 0.44373 0.368598
-0.726933 0.0422308 -0.48097
-0.69917 0.0112517 0.51553
-0.611961 0.532263 -0.495224
0.75281 0.315795 -0.267039
0.154191 0.568286 0.426242
-0.572891 -0.681148 0.0439036
-0.501562 0.592523 0.33971
-0.258906 -0.733834 0.417883
-0.464024 -0.419633 -0.569306
0.795895 -0.0210628 0.180823
-0.76852 -0.32482 0.291874
-0.345293 -0.166978 -0.762581
0.152441 0.138675 0.748247
-0.0790761 0.867106 0.115108
0.100043 -0.360943 -0.791486
-0.309405 -0.424553 0.740763
0.688798 -0.180046 0.31098
0.102684 -0.479915 -0.742067
-0.0930341 0.679021 -0.597848
0.672258 -0.130171 0.344853
-0.524138 0.735557 -0.0530764
-0.251815 0.157674 0.812543
-0.678001 -0.558783 0.193741
0.650919 0.205577 -0.528399
0.386491 0.242292 0.517575
-0.352414 0.5472 -0.673041
-0.292765 0.717931 -0.511553
-0.516598 -0.598685 -0.342957
0.302446 -0.651757 0.411475
0.33636 -0.130358 0.672024
0.653271 0.481471 -0.188521
0.23527 0.587851 0.334565
0.0144813 0.84924 0.133245
-0.806248 0.134237 -0.0474291
0.172444 -0.182324 -0.851002
0.048462 0.404089 0.642272
0.302519 -0.702918 0.260216
0.578649 -0.120294 -0.68097
-0.777828 0.264673 -0.0216436
-0.330887 -0.180775 0.802398
0.341248 0.668559 -0.373375
0.0328167 0.71663 -0.522237
0.458448 0.46091 -0.541254
0.279469 -0.386652 -0.780798
-0.16741 0.810672 -0.391596
-0.576003 -0.0266405 -0.672972
-0.761734 -0.330816 0.220042
0.34388 -0.424738 0.580857
-0.141803 0.675894 -0.607108
-0.712133 -0.145095 -0.397723
-0.602218 0.320191 -0.636847
-0.431945 -0.702716 -0.228338
0.577246 0.313683 -0.58362
0.418485 -0.569215 -0.596176
0.15705 0.848154 -0.152912
-0.492923 0.33062 0.581276
0.0819149 -0.505001 0.673082
-0.0701621 -0.803052 -0.07452
0.273359 0.677497 0.194428
0.480395 0.618086 -0.170926
-0.536009 -0.287609 0.647691
0.677768 -0.500127 -0.282872
-0.751298 0.150938 0.374381
0.011404 -0.602485 -0.629982
-0.443084 0.0197422 -0.776525
-0.670548 0.407516 0.35844
0.604605 -0.022289 -0.643826
-0.766393 0.296448 0.130475
-0.721688 0.48746 -0.249915
-0.32652 0.765376 -0.420841
0.0608944 -0.693457 0.489241
-0.056866 0.410377 0.663942
-0.350208 0.732285 -0.450891
0.193115 -0.616164 -0.605496
0.536207 0.50429 -0.374265
0.51937 0.37098 -0.590056
0.00860025 -0.0609051 0.849243
-0.207347 0.857813 0.101206
-0.682674 -0.475138 0.390624
-0.0276465 0.0881803 0.838026
0.190184 -0.691588 -0.475507
-0.336698 0.197596 -0.80247
0.202067 0.399093 -0.761007
0.407886 -0.671787 0.183496
0.193336 0.41716 0.531405
0.109476 0.840706 -0.253549
0.822665 -0.165139 0.110275
-0.490181 0.756419 -0.099016
0.692037 0.146101 0.292386
-0.520387 -0.698669 -0.127842
-0.382576 0.365917 -0.743631
0.322158 -0.762584 -0.0783274
0.149339 0.614159 -0.632291
0.170925 -0.774672 -0.251824
-0.656594 0.40223 -0.517487
0.14652 -0.81282 0.0641652
-0.0499491 0.913955 -0.210885
-0.773787 0.264294 0.125461
0.35295 -0.466403 -0.719187
-0.321613 0.699445 0.341059
0.559938 -0.209815 -0.684565
-0.252082 0.88485 -0.135705
0.547949 -0.56778 0.221628
0.251178 -0.752362 0.195721
-0.351873 0.834445 -0.261876
-0.721596 -0.0534924 0.488646
-0.266708 0.810785 -0.389538
-0.214364 0.21762 -0.829746
0.817521 -0.117899 -0.341925
0.866957 0.0647454 -0.0391816
-0.787608 -0.134926 0.340695
0.0588434 -0.133934 0.823827
-0.536642 -0.411635 0.585378
0.419532 0.295956 0.446137
-0.697745 -0.234262 -0.347477
-0.771648 -0.310662 0.274855
0.436282 -0.0747087 0.588049
0.119214 0.85313 -0.00238279
-0.812499 0.0498831 -0.0750208
0.335271 0.616817 -0.469763
0.779693 -0.327744 -0.30947
-0.392099 0.0420505 -0.797641
0.409106 0.0356251 0.60511
0.189781 0.519746 0.442696
-0.651867 0.57168 -0.206692
-0.750956 0.21785 -0.442168
0.788237 -0.138195 0.183116
0.196394 0.0173152 -0.86275
-0.189265 0.23189 -0.832533
-0.246485 -0.573208 -0.567806
0.689238 -0.0115766 0.349189
-0.547656 -0.476452 -0.434148
0.618861 -0.339212 -0.593732
-0.564435 0.551239 0.326224
-0.536885 -0.130972 0.679652
-0.377253 -0.597262 -0.465315
0.175003 -0.786256 -0.140704
0.22986 0.714982 -0.431685
0.82792 -0.105948 0.12793
-0.181516 -0.825918 0.138201
0.741387 -0.37646 -0.347786
0.34145 -0.698913 0.209585
-0.586774 -0.63109 0.338866
0.773011 0.0928048 0.201379
0.117587 0.738162 -0.466786
-0.18937 0.566573 0.517135
-0.436759 -0.71182 -0.205987
-0.317526 -0.483548 0.697341
0.304576 -0.665468 0.368232
-0.0824329 0.762749 -0.471148
-0.768445 -0.175371 -0.181551
0.816701 0.189271 0.0478862
0.681006 -0.237077 0.306316
0.0641157 -0.799212 -0.0780436
0.732916 -0.013888 0.284036
-0.539399 -0.652111 0.362406
-0.642493 -0.586965 -0.124669
0.301041 0.41681 -0.712001
0.253659 0.0688918 -0.840316
-0.323437 -0.657217 -0.40258
-0.130308 -0.221791 -0.792034
0.188681 -0.156004 -0.853036
-0.712843 -0.101706 -0.426177
-0.724988 0.498561 -0.0188776
-0.0602754 0.886026 0.0353379
-0.31441 -0.259707 0.809973
0.775145 -0.0980914 -0.435278
0.195789 0.8343 -0.200291
-0.159037 0.87718 0.0634917
0.670145 0.127596 -0.536088
0.76413 -0.114254 0.223424
0.07425 -0.822001 0.205137
-0.611226 -0.451701 -0.32576
-0.129341 0.58523 -0.67758
-0.383629 0.578443 0.455697
0.281979 -0.752629 -0.306407
-0.105152 -0.290692 0.829631
-0.357032 -0.620505 -0.442058
0.421398 0.664399 -0.174277
-0.302423 -0.797775 0.203698
0.276059 -0.462213 -0.736951
-0.660603 0.269324 -0.593066
0.342426 0.431489 0.392634
0.423376 -0.136718 0.59704
-0.0580023 0.83954 0.205482
0.593612 -0.592734 0.0865847
0.830779 -0.0616587 -0.294507
-0.162869 0.881178 0.0440607
-0.496086 -0.2201 -0.669317
-0.794353 0.172465 0.130773
-0.514072 0.319876 0.572441
0.269886 0.00487955 0.718659
0.768645 0.273255 -0.2746
0.621047 0.0947322 -0.614529
-0.0581548 0.0102743 -0.853931
-0.576837 0.277272 -0.661896
-0.135209 0.717373 -0.552696
-0.381421 -0.161565 0.774053
-0.184008 -0.381909 -0.733603
-0.393992 -0.709031 0.430178
-0.628818 0.570595 -0.337265
-0.601831 0.444183 0.397431
-0.54587 0.0881 0.650918
0.845148 -0.114214 -0.253555
0.331236 -0.703721 -0.398649
0.0891528 0.869819 -0.2027
-0.786046 0.21142 0.113642
-0.45899 0.765202 -0.19374
-0.0384272 -0.128195 -0.837817
0.660237 -0.275113 0.322864
0.378346 -0.237413 -0.811189
-0.69663 -0.388331 -0.196754
0.263584 0.682859 0.196764
0.348582 -0.542481 0.50169
0.315242 0.0888732 0.660712
0.506242 -0.658398 -0.353531
0.81776 0.160602 0.0620872
0.0915347 0.328426 0.678438
0.242768 0.628853 -0.541352
-0.173114 -0.626575 -0.534551
-0.218822 0.412238 -0.766817
0.862019 0.0357593 0.00861157
0.576546 -0.356528 -0.638563
-0.822979 0.0483282 0.107954
-0.56403 -0.66433 -0.134015
-0.73192 -0.0362508 0.463752
0.229013 -0.379296 -0.795234
-0.063666 0.178685 -0.86857
-0.57042 -0.177452 -0.631249
-0.56473 -0.327368 0.602251
0.0744709 -0.182527 -0.846134
-0.692639 -0.244988 0.5171
-0.29867 0.0804571 -0.823125
-0.772713 -0.224466 0.361583
-0.124213 0.247659 -0.845486
0.298774 0.70553 0.0913038
0.358892 0.699103 -0.24534
-0.252921 0.383659 -0.770991
-0.392582 -0.598069 0.567344
0.556324 -0.543852 -0.470847
0.564258 0.461499 0.124574
-0.0420845 -0.291128 0.82123
0.758103 0.316441 -0.251617
0.548337 0.190331 -0.657168
0.476835 -0.383827 0.484557
-0.689641 -0.267542 -0.333383
0.32644 0.696001 -0.326699
-0.70984 0.413681 0.227026
-0.684489 -0.42082 -0.192927
0.179321 -0.810126 0.118947
-0.711276 0.32814 0.314499
-0.0263118 -0.691909 0.526966
0.550356 0.321195 -0.604189
0.756798 0.260401 0.10893
-0.0531146 -0.517294 0.69907
0.0409796 -0.229945 -0.825513
-0.497844 -0.33316 0.659967
-0.503156 -0.348134 0.64919
0.861646 0.100044 -0.0583011
0.270237 -0.781154 -0.0168679
-0.683162 -0.543282 0.0177997
-0.515975 0.749771 -0.0175748
0.222284 0.163576 -0.844074
-0.207842 0.127282 0.828965
-0.0018628 0.661297 -0.603451
0.786872 0.163852 0.149972
-0.275662 -0.540841 0.663853
-0.596911 -0.213187 0.613032
-0.322627 0.272116 0.728238
-0.124179 0.807521 -0.397914
-0.817562 -0.102982 0.0826416
0.638126 -0.525463 -0.347262
0.772876 0.334532 -0.0582747
-0.667371 -0.0381151 -0.577183
0.00506155 -0.637513 0.577716
0.829996 0.0949621 0.066067
-0.785728 -0.0469285 -0.19863
0.0566429 -0.162129 0.821335
-0.620834 -0.384845 0.518723
0.740238 0.266328 -0.361551
0.608592 -0.196892 -0.642754
0.648175 -0.530015 0.151928
0.730417 0.342156 -0.292958
0.606393 -0.531117 -0.406873
-0.549139 0.668986 -0.273315
0.545075 -0.180185 -0.704001
-0.150865 -0.825708 0.135615
0.239026 0.723753 0.144302
0.535203 -0.635633 0.0414169
-0.0434502 0.080716 0.843128
-0.263817 0.278063 -0.799772
0.65772 -0.549768 0.0827412
-0.411373 -0.341829 -0.663678
0.0226852 -0.808259 -0.00834753
0.184573 0.210332 -0.847672
0.510671 -0.277075 0.4972
0.618629 0.371317 0.168601
-0.0266196 -0.408278 -0.757063
0.648612 -0.49136 0.214791
0.657419 -0.173377 0.351801
-0.250811 0.368623 -0.776952
-0.129663 -0.783151 0.345835
-0.50554 0.11796 -0.734492
0.134041 0.263986 -0.839653
-0.348737 -0.551156 -0.531333
0.468485 0.303153 0.390716
0.266554 -0.621639 0.486192
0.462803 0.297856 0.40142
0.42696 -0.585864 0.367974
0.386529 0.447754 -0.624276
-0.0601325 -0.815482 0.0444262
0.439082 0.404021 -0.623432
-0.525639 0.0869725 -0.717003
-0.427969 0.558694 -0.623118
-0.0769839 -0.824784 0.19726
0.587371 0.518509 -0.04363
0.457597 0.147282 0.520387
0.627523 -0.0921385 0.404212
-0.090959 -0.705548 -0.461555
0.255544 0.709446 0.151265
-0.794615 -0.177929 0.0687444
-0.00613291 0.840536 0.174574
-0.667739 -0.0943833 0.567118
0.148115 0.665363 -0.567486
0.154124 -0.817724 0.118968
0.160122 0.800621 0.0908134
-0.653658 0.399657 -0.523694
-0.668663 -0.584821 0.0995378
-0.173882 0.859975 0.120674
0.405528 -0.519416 0.484099
0.693705 -0.486018 -0.258802
0.319904 -0.673869 -0.463805
-0.755734 -0.251496 -0.0970824
-0.00510078 -0.120333 -0.846616
-0.00501056 0.709011 -0.540124
-0.333244 -0.755823 0.320122
-0.7297 -0.145544 0.47584
0.0142201 0.621453 -0.650797
-0.492891 -0.373132 -0.574648
0.783051 -0.164083 -0.413717
0.326412 -0.569534 0.493189
-0.641705 -0.261025 -0.452425
-0.486102 0.694134 0.20414
0.584212 -0.598706 0.091398
-0.4167 0.316256 0.64493
0.633842 0.024469 0.3937
-0.0116812 -0.0182924 -0.855218
-0.195083 0.208371 -0.837474
0.0818436 -0.770043 -0.330849
-0.448581 -0.438574 0.650813
0.783009 0.272415 -0.228836
0.127373 0.830521 0.0732067
0.859395 -0.0657881 -0.215106
0.668362 -0.186296 -0.584379
-0.673575 0.292375 0.441291
-0.737655 -0.076153 -0.381046
-0.392966 0.598567 -0.603876
0.464194 -0.16368 -0.769811
-0.659642 -0.604726 0.0749035
0.838777 -0.221679 -0.00935723
-0.680422 -0.204946 -0.41733
0.277908 0.701504 -0.400534
-0.430675 0.526627 -0.656895
-0.362185 -0.405953 0.725965
-0.790036 0.0465453 -0.256257
0.57541 -0.347518 0.406263
-0.20508 -0.0074429 0.856251
0.577107 0.22471 -0.617273
0.874743 -0.12692 -0.108316
-0.270363 0.36482 -0.774031
0.0896692 -0.770633 -0.323797
0.851268 -0.198656 -0.176861
0.113155 0.729538 -0.483823
-0.591145 0.630695 0.121581
-0.184715 -0.731196 -0.358401
-0.253098 -0.662114 -0.440744
0.630677 -0.545167 0.14474
0.28905 0.503138 -0.649961
-0.381065 -0.476411 0.676491
-0.387367 0.770443 -0.361368
-0.20385 0.244339 -0.825179
-0.631385 0.531251 0.251789
0.481957 -0.610543 0.226401
-0.754462 -0.326677 0.376449
-0.303245 0.0931213 -0.823343
0.240147 0.420849 -0.736194
-0.607498 0.437153 0.398017
0.560695 0.202821 -0.640879
-0.638953 0.589066 0.110362
0.355553 -0.136659 0.655319
-0.734177 -0.273033 0.45818
0.18211 0.57703 -0.66333
-0.657412 0.159059 0.528416
-0.0712528 0.0679163 -0.858014
-0.593982 -0.667825 0.0220726
-0.667978 0.232832 -0.590318
0.702092 -0.480709 -0.240214
-0.303715 -0.500941 0.687543
-0.351077 -0.135645 0.791932
0.219732 -0.655122 0.47013
-0.691427 -0.0630449 -0.507468
0.587404 -0.475695 0.337225
-0.041424 -0.428063 -0.747926
0.596299 0.501782 0.026066
0.502865 -0.17188 0.521212
0.127048 -0.786762 -0.171428
-0.189225 0.519917 -0.711577
-0.0834008 -0.81924 0.0755415
-0.788751 0.170793 0.182952
-0.0704689 0.489387 0.59024
-0.747103 -0.37362 0.196642
0.427285 -0.154263 -0.792876
0.813577 -0.215003 -0.302391
-0.445023 0.240939 0.669394
-0.326948 -0.794973 0.195382
-0.385006 0.619707 0.404796
-0.402042 -0.63649 -0.385543
-0.226404 0.847418 0.127248
0.125831 0.137374 -0.873302
-0.242069 0.782461 -0.439493
-0.110179 -0.820368 0.0812329
0.570971 0.465311 0.110114
0.511751 -0.624055 -0.405329
0.0867859 0.850909 -0.247988
-0.193961 0.866414 0.0776508
0.619865 -0.135227 -0.635417
0.00424026 0.759476 0.317676
0.118049 0.74937 0.253323
0.712108 0.374674 -0.273361
-0.48168 -0.149386 0.717221
-0.4344 0.414522 0.572917
-0.712632 0.0893284 0.469045
-0.76643 0.3331 -0.206664
0.123605 0.860257 -0.165665
0.341133 -0.696626 -0.409786
0.571036 -0.229494 0.441341
0.299466 0.733285 0.0101251
0.414256 0.463846 -0.579595
0.0667887 -0.780109 -0.246113
-0.318268 0.110888 -0.822212
0.569742 0.348237 0.247171
0.0281851 -0.289141 0.813078
0.569135 -0.408877 -0.599582
-0.012609 -0.36083 -0.775063
0.555996 -0.587857 0.163121
-0.70586 -0.430975 -0.0831114
-0.1642 0.656139 0.430606
-0.541237 -0.447915 -0.476201
0.724709 -0.463421 -0.192887
-0.696984 0.36465 0.321874
-0.0189172 -0.822672 0.119761
-0.219838 0.32322 -0.799084
-0.606361 -0.655634 0.0534294
-0.360565 0.192438 -0.797494
0.542423 -0.454269 -0.588747
-0.564069 0.332516 0.52617
0.632272 -0.496141 -0.423943
0.555807 0.323611 0.28456
-0.0855799 -0.0436767 0.87752
-0.274651 0.584407 0.486763
-0.184603 -0.814733 0.0144333
-0.660339 0.255422 -0.594572
-0.114259 0.644773 -0.634496
0.19532 0.194848 -0.848734
-0.0754384 0.784086 0.276564
-0.362735 0.810522 0.104992
0.0678704 -0.418434 0.728372
-0.617914 -0.616754 0.325356
-0.324013 0.235591 -0.795368
-0.210695 0.867939 -0.280089
0.212204 0.118889 0.716843
0.527379 0.258728 0.374454
0.257991 -0.176577 -0.847481
0.497945 -0.608587 -0.456858
-0.661198 0.374387 0.397241
-0.746127 0.390701 0.0949637
-0.193454 0.243036 0.792635
0.646541 -0.516936 -0.346654
-0.646563 0.539089 0.202574
-0.601114 0.490849 0.356027
-0.664199 -0.352694 -0.308373
-0.224744 -0.0466579 -0.818149
0.128729 0.417715 -0.766572
-0.427954 -0.530345 0.621681
-0.201296 0.316106 0.752741
0.0591155 -0.796003 -0.107714
0.820001 -0.277309 -0.0406475
0.779568 0.117674 -0.377403
0.731507 0.378963 -0.177393
-0.717512 -0.405223 -0.0432889
-0.231121 -0.500937 0.705433
0.561631 -0.629224 -0.125822
-0.545901 0.669196 0.134138
0.553015 0.225346 0.37859
0.329058 -0.759684 -0.179857
-0.474193 0.383295 0.562788
-0.0852472 -0.0659263 0.880477
0.437542 0.532255 -0.470116
0.423126 -0.732715 -0.247516
-0.779265 -0.238819 0.0880916
0.252461 0.430448 -0.726983
-0.184322 0.721247 0.345016
0.627599 -0.578213 -0.0761778
0.621515 -0.515108 0.222558
-0.301768 0.846042 0.02169
-0.473762 0.609435 0.347585
-0.512878 -0.566512 0.511565
-0.539147 0.670768 -0.313962
-0.0177781 -0.563527 0.662698
0.533956 0.129124 -0.68624
0.00424383 0.144496 -0.86926
0.651377 0.0922856 -0.573994
-0.236251 -0.50098 -0.648854
-0.386328 0.1577 0.735614
-0.517372 -0.543237 0.523382
0.216782 -0.78159 -0.128135
-0.660546 -0.593349 -0.0722808
-0.0180939 0.803874 0.257181
0.149931 -0.801534 -0.0343521
-0.0634924 0.733542 0.343261
0.356244 -0.715927 0.135247
0.356462 -0.616288 0.408272
-0.393115 -0.700032 0.448218
-0.111922 -0.529203 -0.686753
0.245544 0.729316 0.120915
-0.673911 -0.0897185 0.560922
0.529122 -0.650398 -0.323796
-0.284158 0.820559 0.155165
0.2483 0.603591 0.307331
-0.393638 -0.175087 -0.749186
-0.670777 -0.554784 -0.0797931
0.302837 0.638649 0.223933
-0.194332 0.0576482 -0.838792
0.841883 -0.175352 -0.231219
-0.354114 -0.200791 0.788707
-0.274057 0.277007 -0.797317
0.44386 -0.671704 0.125957
-0.6646 0.566651 -0.140072
-0.54351 0.688094 -0.203759
0.0276123 0.731286 -0.503552
0.343519 -0.644187 0.36486
-0.749908 0.267199 -0.403866
0.153124 -0.177193 -0.852344
-0.575689 0.213414 -0.668757
0.167603 -0.552558 0.606457
-0.0262217 0.25831 0.789915
0.587187 -0.539109 0.225747
0.502344 0.491614 0.171058
-0.779583 -0.287549 0.287982
-0.0517602 -0.811689 0.0102416
0.747881 -0.00911875 0.258524
-0.750089 -0.324533 0.391118
0.0499994 0.858236 -0.26013
0.186879 -0.752917 0.295379
-0.49774 0.687429 0.196839
0.0334666 0.69715 -0.548336
0.672394 -0.460575 -0.396925
-0.639342 -0.299917 -0.418982
-0.782399 -0.265544 0.231915
0.45934 0.0203005 0.564414
0.00330356 0.565094 0.515906
0.306545 0.330646 0.524951
-0.206501 0.890815 -0.0615131
-0.230041 -0.119371 0.861252
-0.391774 0.641897 -0.550815
-0.648938 -0.505116 -0.192505
-0.736934 0.208618 0.359418
0.0494102 -0.387953 0.75136
0.758499 0.187876 -0.385141
-0.715226 -0.389701 -0.105897
-0.169505 0.719007 0.349642
-0.663378 0.555613 -0.225047
-0.501297 -0.422443 -0.535868
0.11442 0.547712 0.47216
0.0743457 -0.206637 0.810197
-0.463842 -0.671838 0.436458
0.52514 -0.578854 0.231849
0.677995 -0.535139 -0.0540366
-0.768531 0.323602 -0.235753
0.480617 -0.671362 -0.373015
-0.0330859 0.90314 -0.0421844
-0.0229195 -0.60102 0.628821
0.777605 -0.376309 -0.211847
0.724317 -0.345813 0.216678
-0.0607691 0.189732 -0.869539
0.0618633 0.846659 0.11593
0.0570025 0.00877964 -0.862755
-0.795808 0.185233 -0.0460895
-0.519063 0.744362 -0.0311707
-0.586594 -0.584445 -0.24432
-0.467329 0.464932 0.504318
-0.676675 0.0823167 0.5253
-0.102069 -0.0531887 0.883145
-0.739761 0.128901 -0.490332
-0.427271 0.210111 0.70038
-0.0392587 -0.580415 0.657624
0.198087 -0.578313 -0.643343
0.79477 0.0921912 0.15798
0.439132 -0.689585 0.0312382
-0.641806 0.570001 0.145644
-0.683379 0.0602231 0.522691
0.831403 -0.187309 0.0692301
0.605571 -0.526429 -0.417269
0.815432 -0.255164 0.0786101
-0.620604 -0.502781 -0.254912
-0.505153 -0.538905 -0.449196
0.727746 -0.332287 -0.423293
-0.397709 -0.216728 0.763508
-0.120676 -0.418145 -0.736192
-0.703136 -0.208338 0.51968
-0.488858 0.303548 -0.722628
0.565997 0.418797 -0.468085
-0.612182 -0.0210238 0.629111
-0.501122 0.412633 0.520821
0.567401 0.530906 -0.0152956
-0.502632 0.0527028 -0.736618
0.31949 -0.262092 0.660324
0.731655 -0.324616 0.212246
0.433074 0.556352 -0.442538
0.390123 0.274893 0.492807
0.377937 0.439863 -0.63851
-0.232511 -0.0308588 -0.819784
-0.634626 0.56251 -0.346418
-0.0772489 -0.206122 0.848285
-0.387662 0.222464 0.717831
-0.666326 0.283514 0.46325
0.348481 -0.681705 0.24944
-0.484772 -0.645627 0.471135
-0.388291 -0.602656 -0.450716
0.0891616 0.496083 -0.728923
-0.742959 -0.357006 0.400036
-0.377151 -0.547129 0.624744
0.107401 0.164255 0.766739
-0.239415 0.141728 -0.837783
0.756233 -0.243539 0.19986
0.116192 0.284609 -0.833856
0.131742 0.0873971 -0.870575
-0.550952 0.660049 -0.309666
0.340488 0.545422 -0.55303
0.102941 -0.788397 0.297343
0.814799 -0.117991 -0.350779
0.285656 -0.688681 0.329625
-0.397685 0.832806 -0.0960156
-0.557818 0.684887 0.074135
-0.352179 0.357361 0.656331
0.0703456 0.61911 0.440388
0.0519749 -0.821055 0.224983
-0.290078 -0.707452 0.466944
0.403852 -0.458232 -0.710285
-0.280517 0.720333 0.32789
-0.0340055 0.890845 -0.249569
0.385725 0.100918 0.606514
-0.450264 -0.616889 0.52403
-0.810571 -0.0374464 -0.039626
0.130289 -0.237633 0.784374
0.743278 -0.443203 0.0703554
0.5345 -0.518251 0.351352
-0.637573 0.605388 -0.0740899
0.0705041 0.710597 -0.52276
0.805565 -0.323742 -0.155658
-0.637873 0.0570024 -0.620175
-0.276193 -0.777684 0.288354
-0.659638 0.114416 0.539881
0.739326 0.350207 -0.242739
0.507604 0.131627 0.483368
0.237846 -0.325957 -0.81262
0.057497 -0.412884 -0.768167
-0.74204 -0.337357 0.0041815
0.123263 0.767415 -0.407481
-0.648931 -0.631656 -0.0200886
-0.0314727 -0.651635 0.574958
0.272187 0.672616 0.203748
0.0225931 -0.741586 0.433499
-0.250557 -0.0616129 -0.808644
0.696739 -0.458009 -0.31476
-0.816907 -0.00930351 -0.0246528
-0.474267 -0.329851 -0.618464
0.383733 0.656864 -0.312617
0.305493 -0.65427 -0.504731
-0.288767 -0.68695 -0.370508
0.499997 0.113661 0.500494
-0.673494 0.0131947 -0.585836
0.0756457 0.344366 0.6755
-0.665479 0.409573 -0.491889
-0.530995 0.661415 -0.397659
0.352945 -0.216584 0.647071
-0.763725 0.1527 -0.411867
-0.0920846 -0.764761 0.398214
-0.307305 -0.823906 0.0990905
-0.495736 0.666948 0.233751
-0.0371611 0.0380075 0.850005
-0.1734 0.903503 -0.0742285
-0.462081 -0.0806321 0.729505
0.629471 0.233302 0.297973
0.555705 0.0621607 -0.686496
0.416944 0.556442 0.198696
-0.535934 -0.404563 -0.516857
-0.0808448 -0.532262 -0.699861
-0.564859 -0.533692 -0.340732
-0.54823 0.120471 -0.697742
0.17221 -0.266266 -0.832028
0.213219 -0.7775 -0.170173
0.556502 0.479191 -0.387491
0.264524 0.0505362 -0.837749
-0.788007 0.142143 -0.296177
-0.678867 0.0205102 0.542489
-0.554898 0.354477 -0.672973
-0.721743 -0.254578 0.485436
-0.0353859 -0.809183 -0.0103537
0.143118 -0.805798 0.000999584
0.0675496 0.425331 0.610702
-0.0371191 0.761863 -0.468761
0.552396 -0.539282 0.279196
0.133292 -0.269782 -0.828464
0.392203 -0.384697 0.555921
-0.55213 0.415143 0.473211
0.352193 0.515987 -0.576572
0.770478 0.279762 0.0528196
0.200808 0.341511 0.592011
0.429756 0.644808 -0.0435456
-0.538111 0.442005 0.464176
-0.600477 -0.00876102 0.635921
-0.00140716 0.56611 0.515152
-0.0400509 0.859659 0.122725
-0.756782 0.350182 0.0409718
-0.41048 -0.373069 0.709403
0.803685 -0.235203 0.119631
0.414048 -0.47982 -0.694804
0.659319 -0.469892 0.230013
-0.598609 -0.156485 0.623749
-0.0581032 -0.621809 0.618079
0.729651 -0.238293 -0.494877
0.814385 -0.0991748 0.156821
0.838375 0.191622 -0.0985608
-0.662787 0.205946 0.50497
-0.292811 0.873494 -0.16132
-0.770199 -0.117376 -0.233871
0.715653 -0.492006 0.0451814
-0.751579 -0.306575 0.0109476
-0.600932 -0.570234 -0.228522
-0.318769 0.713036 -0.503232
-0.347236 0.251647 0.726529
-0.166311 -0.104242 -0.817791
-0.35735 -0.783089 -0.02823
0.499045 -0.676022 -0.16633
0.331792 -0.353786 0.618737
-0.758844 0.21832 -0.407418
0.796516 0.156389 -0.315476
-0.041851 -0.00998002 0.86039
0.676963 -0.509603 -0.26314
-0.713342 0.494767 -0.259961
-0.342514 0.297875 0.70088
0.176904 -0.206535 0.770415
0.550349 -0.586304 -0.405933
-0.223639 -0.751424 0.388964
0.426515 -0.623252 0.283607
-0.498533 0.160365 -0.73774
0.0415842 0.825328 -0.342324
-0.318094 -0.770778 -0.130634
0.0831388 0.504087 0.531556
0.866172 -0.148931 -0.0770597
-0.249023 -0.826409 0.136798
-0.0388053 0.61898 0.466109
0.5095 0.506996 -0.414538
0.477825 -0.41117 -0.69644
-0.769472 -0.0591201 0.378667
-0.262718 -0.040374 0.83471
-0.651062 0.597143 0.0172733
-0.0458928 -0.770276 -0.34638
0.406502 -0.730429 -0.16233
-0.0225939 -0.786939 0.346117
-0.767562 -0.0781932 -0.290705
-0.697974 0.254322 -0.555714
-0.751423 -0.269214 0.409989
-0.242261 -0.615675 -0.518536
0.683818 0.0343113 0.339055
-0.779582 -0.244312 0.105667
-0.233823 0.101889 -0.835626
0.453344 0.306796 -0.678305
0.851352 -0.0207234 -0.222556
0.445705 0.248458 -0.71791
0.438752 0.308945 0.414649
-0.752144 -0.355049 0.187888
-0.606059 -0.651004 0.102447
-0.268915 -0.512972 0.689198
0.604212 -0.0615076 0.430049
0.716079 -0.45867 -0.242461
-0.646261 0.542927 -0.373156
0.594637 0.522289 -0.233206
0.317828 -0.737389 0.133162
0.0716047 0.676595 -0.568322
0.271176 -0.7511 0.167348
-0.114135 -0.381719 -0.748296
0.844115 -0.122956 0.0652866
0.136112 -0.720558 0.417954
-0.51013 -0.440922 0.595492
0.367836 -0.70404 -0.377144
-0.185311 -0.395728 0.775478
0.520211 -0.376839 -0.679186
-0.0907497 0.917732 -0.195383
0.380198 -0.120056 -0.808153
0.0965267 0.69657 -0.5364
0.791348 -0.0111828 0.186849
-0.0232676 0.0348271 0.847237
0.163546 -0.790001 -0.121642
0.151253 0.32431 0.640997
-0.258615 -0.653871 -0.450944
-0.79421 0.19436 -0.095718
0.141225 -0.787169 0.263554
0.115704 -0.248297 0.788618
-0.401616 -0.775315 0.174646
0.284889 0.502831 -0.653561
-0.223118 -0.619906 0.615002
-0.0691115 -0.824042 0.123415
0.540108 -0.151983 -0.714128
-0.790604 -0.23537 0.217885
-0.515177 0.347365 -0.699557
0.0914606 -0.75276 0.390001
0.467468 0.130709 0.522546
0.644888 -0.565016 -0.206015
-0.608493 0.638395 -0.100335
0.721431 -0.108318 -0.507834
0.0521321 -0.281318 0.808901
-0.623019 -0.442783 0.477105
-0.625481 -0.286603 -0.461369
-0.827607 -0.000128342 0.212375
0.18196 0.788491 0.0842283
-0.292471 0.758109 0.260923
-0.0572461 0.66912 0.417999
-0.349144 -0.667619 -0.363799
-0.18082 0.25751 -0.827715
0.191915 0.0263542 -0.863598
-0.335744 0.848593 -0.0531952
-0.797625 -0.17749 0.0955717
0.421998 -0.691658 0.0837935
0.865627 0.013535 0.0115147
-0.407845 0.828331 -0.0981917
0.77812 -0.352136 0.0949374
0.436237 -0.565168 -0.590784
-0.364846 -0.690098 0.471846
-0.194339 -0.750244 0.400323
0.21632 -0.52329 -0.696968
-0.501465 0.126559 0.671015
-0.0380371 0.505998 -0.737252
0.841071 0.167168 -0.131968
0.472717 -0.124998 -0.772466
-0.537648 0.339614 -0.688673
0.565853 0.32723 0.271136
-0.274768 0.0848514 0.810968
-0.68638 -0.509535 -0.055135
-0.558067 0.634033 0.184559
0.509088 0.267767 0.384276
0.8165 -0.290893 -0.092575
-0.738034 0.459599 -0.170612
0.648949 0.00247684 -0.589533
0.485445 -0.668004 0.016351
0.589029 -0.609882 -0.204967
-0.425754 0.695815 0.271141
-0.492467 0.606204 0.329953
-0.811029 0.108429 0.0442847
0.158479 0.467078 0.511967
0.44098 0.452038 -0.568423
-0.335057 0.850036 -0.0601158
0.28413 0.72706 -0.330838
0.0066539 0.897078 -0.106138
0.0651243 0.87871 -0.136669
0.150801 -0.807412 0.0204592
-0.475401 -0.708417 0.28723
0.679534 0.407632 -0.300804
-0.22551 0.508857 -0.713819
-0.82764 -0.0896619 0.140926
0.236027 0.440118 0.480506
-0.605776 -0.432548 -0.356375
0.526097 0.480827 -0.430652
0.542639 -0.13898 -0.714401
-0.39482 -0.628328 -0.404006
-0.47 0.778781 -0.0759045
0.621871 0.01764 0.408318
0.266629 -0.187903 -0.84616
0.275425 0.654346 0.229963
0.791064 -0.353958 -0.0681966
0.623245 0.313731 0.227099
-0.831731 -0.09623 0.200848
0.142113 0.673605 0.332484
-0.000237033 -0.153724 0.84158
-0.0149466 -0.576033 0.653735
0.109997 -0.78437 0.303172
0.262538 -0.77166 -0.158366
-0.805134 -0.088467 -0.0257636
-0.0765302 -0.358494 -0.763018
-0.083073 0.605809 0.478962
-0.656482 0.124193 -0.604538
-0.691548 0.211905 -0.57268
-0.618116 0.576443 -0.365936
-0.0452411 0.42054 0.65389
-0.565834 -0.687552 -0.0167775
-0.180558 -0.582106 0.652757
0.754976 -0.394848 0.112258
-0.315877 -0.183513 -0.764099
0.366482 0.435981 0.364598
-0.269936 -0.761257 0.343905
0.139698 -0.0492165 -0.862819
-0.566483 -0.588323 -0.274753
-0.149327 -0.222767 0.851246
0.533924 0.371858 -0.575405
-0.390208 0.51524 -0.689822
0.00410669 0.667804 -0.59377
0.504729 -0.553992 0.319699
0.438222 -0.617764 0.277963
0.597583 0.433764 0.114899
0.452142 -0.0912432 0.573617
-0.310644 -0.363628 0.772342
0.176369 0.466041 0.50058
0.270789 0.742016 0.0507209
-0.525675 0.67991 0.153841
-0.529942 0.657816 -0.417596
0.318998 -0.438121 -0.74317
0.635077 0.29658 -0.508973
0.163575 -0.60134 0.556498
-0.138282 0.78759 0.264593
-0.670036 0.318509 0.429537
0.713022 0.0623503 0.2995
-0.532999 -0.102396 -0.699701
-0.735746 -0.191442 -0.300866
0.677183 -0.296051 0.295616
0.315305 -0.679012 -0.455923
0.198264 -0.315235 0.721994
-0.771717 0.304494 -0.124035
-0.55431 0.643858 0.171231
0.378591 -0.704125 -0.370845
-0.46713 0.769226 -0.13706
-0.537888 -0.574743 0.478837
0.799726 -0.327918 -0.0179843
-0.174817 0.56364 -0.686172
0.104659 -0.718293 -0.455477
0.569504 0.52763 -0.268858
-0.230208 -0.232472 -0.767959
0.276491 0.735017 0.0579952
-0.16231 -0.0300988 -0.836795
-0.777571 -0.0805238 -0.220531
-0.732707 -0.129506 -0.356399
0.535507 0.223298 -0.65698
0.286255 0.75266 -0.0454629
-0.75478 -0.307386 0.0428943
-0.524026 0.377796 0.526723
-0.446058 0.758307 -0.286329
-0.0684143 0.0964324 0.844462
0.297641 -0.702618 0.268946
0.382981 0.39926 0.38349
0.76549 -0.418186 -0.0578655
0.328243 0.739044 -0.19474
-0.206982 -0.173395 -0.789762
-0.517224 0.221439 0.624226
0.633387 -0.0888178 0.398648
-0.756004 0.36137 -0.0212862
0.251761 -0.779399 0.0715584
-0.549595 -0.478635 -0.427899
-0.363896 0.620686 -0.600146
-0.456779 0.565542 -0.594766
0.242956 0.334688 0.56899
0.287331 -0.508828 0.570259
-0.64739 -0.359243 0.50688
-0.75462 0.0662916 -0.430483
-0.210719 0.353988 0.716133
0.600696 0.401926 0.152929
-0.820967 -0.0740636 0.067261
0.267085 0.33063 -0.767527
0.130207 0.801967 0.13567
-0.0145777 -0.638481 -0.581354
0.240635 0.4804 0.436422
-0.425501 -0.722712 0.327005
-0.0609414 -0.175521 -0.819749
-0.0709124 0.913042 -0.0594063
-0.660286 0.557114 -0.234283
-0.801466 0.032426 -0.160149
-0.405099 0.0139877 0.748257
-0.72582 0.459954 -0.31051
-0.542627 0.319266 -0.686421
0.534742 0.0357468 0.489433
0.34215 -0.76014 -0.158402
-0.783581 0.230497 0.0481153
-0.646773 0.154186 -0.613073
-0.135247 -0.818056 0.0548361
0.544301 -0.641937 -0.307734
0.0996356 -0.80411 -0.0253898
0.496967 -0.204238 -0.738027
-0.446423 -0.623642 0.518653
0.789433 -0.366158 -0.174107
-0.398496 -0.703501 0.441775
-0.574977 0.504925 0.369365
0.056175 -0.414275 -0.767525
0.602149 -0.405434 0.355511
-0.613706 0.643077 0.027983
0.00646571 0.129274 -0.868445
-0.382613 -0.746583 0.305142
-0.779459 0.0338594 0.345068
0.633845 0.463759 -0.281814
0.663635 0.0735034 0.346358
0.170862 -0.769827 -0.296135
-0.190788 -0.691774 0.518223
-0.43283 -0.232363 0.738189
-0.448273 0.395772 0.574476
0.284396 0.747805 -0.0137622
0.177796 -0.359048 0.714128
0.660068 -0.086002 -0.585877
0.285864 0.738488 0.0297566
-0.276066 -0.295738 -0.73971
0.43297 -0.115618 0.589511
0.82165 0.0891798 -0.269081
-0.435098 0.439174 0.552645
0.0590844 -0.0555374 0.832748
-0.254161 -0.424971 0.752126
0.809118 0.252896 -0.141425
-0.391128 0.129342 0.738072
-0.091524 -0.738719 -0.409421
0.210002 -0.612545 -0.606037
-0.53373 0.696344 -0.20871
-0.56924 0.498534 -0.575125
0.0177802 0.864364 -0.271429
-0.317562 -0.817079 0.125325
0.0146926 -0.59417 0.623012
0.0840216 0.173626 0.778233
0.797336 0.155859 0.124353
-0.381714 -0.719675 0.40433
0.171547 -0.725636 0.394683
0.109486 0.32301 -0.816967
0.207097 -0.3175 -0.815356
0.64692 -0.408878 -0.507581
0.795982 0.19713 -0.271758
-0.44408 -0.183061 -0.731292
0.127033 0.0248465 -0.866717
-0.0856564 -0.652292 0.588622
0.774171 -0.168289 -0.432428
0.402689 -0.289711 -0.783672
-0.41241 0.0350806 -0.791225
0.214561 0.538841 -0.675791
-0.598765 0.309526 -0.640701
-0.291302 0.872529 -0.201417
0.00306996 0.816786 0.226942
0.535386 0.353469 -0.594154
-0.764792 -0.293798 0.357619
0.321738 0.225345 -0.794647
-0.0305383 0.608833 -0.669335
-0.619638 0.559498 -0.423155
-0.309411 0.240704 -0.797871
0.353893 -0.663894 -0.470534
0.761519 -0.00390474 -0.439631
-0.134761 -0.0815635 0.883042
-0.796825 0.181965 -0.110169
-0.573622 0.0766741 -0.675621
-0.436425 -0.211613 -0.726812
-0.45929 -0.267369 0.710819
0.512281 0.547543 -0.330671
-0.717266 -0.260781 -0.275247
0.766255 -0.413584 -0.0223251
-0.424343 0.163957 0.711321
-0.663932 -0.57842 0.299507
0.122349 0.340256 -0.806016
-0.031537 -0.80582 -0.0413189
-0.706109 0.314649 -0.49103
0.701509 0.166022 0.275853
0.230894 0.591359 -0.599906
0.402891 -0.377334 0.549809
-0.277843 0.193108 0.79452
-0.742744 -0.00382298 -0.418569
-0.238923 0.257497 0.777685
0.25608 -0.459668 0.624842
-0.815706 0.0397896 -0.046548
-0.0945675 -0.801422 0.315341
-0.00385912 -0.688789 -0.514073
-0.530792 0.509301 -0.596848
-0.748145 0.311504 -0.373057
-0.163439 -0.12162 -0.813489
-0.803203 -0.0492721 -0.0778219
0.764035 -0.346339 0.158773
0.598246 -0.0809898 0.435185
-0.758993 -0.255555 -0.0559475
0.476839 -0.524334 0.428072
-0.269844 -0.507007 -0.622671
0.176014 0.379149 -0.776651
-0.0121951 -0.13449 -0.841536
0.466988 -0.221963 -0.755381
-0.0615218 -0.79935 -0.107798
0.0486496 -0.776558 -0.282283
0.580149 -0.616932 -0.189196
-0.286215 0.767659 -0.444227
0.290586 -0.6506 0.432604
-0.00849671 0.610033 -0.668951
-0.46642 0.15048 0.688136
0.745242 -0.452543 -0.0251234
-0.497846 0.745976 0.0687125
0.471133 0.627584 -0.193711
0.0787601 -0.388348 0.743086
-0.523221 0.271262 0.594918
0.132902 0.362929 0.620041
-0.486514 0.71784 -0.310598
-0.0770735 -0.801971 -0.0859709
0.179509 0.589312 -0.649714
-0.159822 -0.731693 -0.376334
-0.265234 -0.789391 0.257627
0.00432702 0.213928 -0.865996
0.691553 -0.211203 -0.560012
0.709734 0.238108 -0.430365
-0.4646 0.780883 -0.0893597
0.23456 -0.460266 -0.74282
-0.599721 0.600344 -0.345533
0.538086 0.56799 -0.119586
-0.0186411 0.892021 -0.236599
-0.709368 -0.0405557 0.506927
-0.773978 0.29396 -0.122111
0.257564 -0.504834 -0.706908
-0.561704 -0.0487989 0.6679
-0.643172 0.179328 -0.615868
0.0466179 0.195779 0.793149
-0.0588171 0.351874 0.719029
-0.488873 0.0690932 -0.748562
0.362138 0.308186 -0.739165
-0.72236 -0.0664924 -0.426586
-0.253902 -0.0160664 -0.817928
0.372287 0.687743 -0.025031
-0.133055 -0.306085 0.825733
-0.378625 -0.511771 -0.552459
-0.285857 -0.771855 -0.163681
0.279177 -0.57232 -0.637949
-0.488238 0.27607 -0.730549
-0.147163 -0.817955 0.0516852
0.485506 -0.681953 -0.124342
0.513317 -0.231737 -0.718719
-0.706707 -0.458183 -0.00277698
-0.0382069 0.227159 -0.862755
-0.721593 0.503453 0.062807
-0.487052 -0.110741 -0.723711
0.836574 0.0308653 -0.246813
0.710134 -0.264066 0.258557
0.363909 -0.413317 0.568452
-0.292401 -0.132461 0.825429
0.157267 -0.695511 -0.479513
-0.692216 -0.0964337 -0.482184
0.00676287 -0.465164 -0.743942
0.819218 -0.0922846 -0.337522
-0.708419 -0.486115 0.346979
-0.722772 0.317036 -0.451791
-0.599892 -0.550541 -0.250439
0.0439862 -0.00583452 0.838705
-0.33847 -0.0859791 0.798862
0.538224 0.566875 -0.110133
0.259085 0.491726 -0.684508
-0.0473313 0.66461 -0.607634
0.205192 0.123076 -0.854193
-0.582125 0.0934917 -0.668396
0.833372 -0.0365548 -0.278684
-0.189803 -0.78316 -0.225209
-0.445737 -0.672566 -0.279548
-0.806325 0.136366 -0.141775
0.314068 0.164083 -0.808755
0.0240064 0.405933 -0.790938
0.450974 -0.632599 -0.491058
-0.199957 -0.774969 0.34297
-0.517806 -0.181376 -0.674758
-0.673106 -0.445987 0.420729
-0.0276019 0.210389 -0.86761
-0.563868 0.621351 -0.429452
0.704372 -0.503871 -0.0809956
0.259531 -0.786737 -0.0181589
-0.187729 -0.592058 -0.575492
-0.163443 -0.469106 0.738364
0.00337086 -0.784214 0.347582
0.799916 0.162329 -0.299493
-0.257038 0.745549 0.294032
-0.717588 -0.265561 -0.269734
0.466825 0.479602 -0.507973
0.506804 -0.375901 -0.689936
-0.186918 -0.790157 -0.19668
-0.584775 0.294112 0.536313
-0.209174 0.258032 -0.819966
0.417148 -0.502593 -0.680342
-0.372235 0.816981 -0.273186
-0.0286337 -0.708812 0.507625
-0.626185 -0.627557 0.190069
-0.277157 0.0946917 0.808302
0.182407 -0.785603 0.207382
-0.601752 0.0289769 0.62773
-0.758492 -0.0160866 -0.370065
-0.252716 -0.808229 0.204412
-0.333197 -0.712953 -0.283124
-0.150259 -0.780199 -0.277516
-0.56369 0.516813 -0.563763
-0.275745 0.657842 0.409701
-0.382151 -0.714238 -0.24293
-0.0721803 0.0574645 -0.857
0.711105 -0.248753 -0.52601
0.362158 -0.698203 0.178432
-0.416931 -0.17958 0.753412
-0.717035 0.511934 0.0976486
0.142257 -0.809028 0.0293159
-0.504951 -0.702164 -0.14489
-0.571485 0.253887 0.567515
-0.407554 0.451422 -0.713293
0.305265 -0.718443 -0.378622
0.6216 -0.513104 0.225454
-0.743278 0.156265 0.393419
-0.251707 -0.826159 0.109704
-0.162257 -0.816354 0.0338205
0.693925 0.424851 -0.102909
-0.322099 -0.367315 -0.702744
-0.303659 0.0383598 -0.818043
0.522357 0.022513 -0.724789
0.59196 -0.583203 0.117774
-0.25914 0.593964 0.482477
0.466251 0.580966 -0.342404
-0.293883 0.79716 -0.399597
0.0351852 -0.338212 0.784271
-0.324256 -0.701511 0.466391
0.408746 -0.637736 0.278052
0.483903 -0.649955 -0.407282
0.387881 -0.576549 -0.600581
-0.301734 0.439446 0.61069
0.421973 -0.600356 0.342915
0.685068 0.351668 0.0984987
-0.214658 -0.815295 0.0141929
0.182745 0.836431 -0.126344
-0.161118 -0.0800537 0.878915
-0.684651 -0.291892 -0.320866
-0.763914 -0.242225 0.381893
-0.785461 0.206865 0.154743
-0.630912 0.0927701 -0.626376
-0.0233783 0.561854 0.520093
0.034731 0.232319 0.782414
0.864296 -0.156032 -0.100971
0.760383 0.301164 -0.263755
0.0249245 -0.539081 0.666951
0.160347 0.213033 0.70447
-0.703667 0.522386 -0.103949
-0.792338 0.207551 -0.247736
0.369136 0.694013 -0.237283
0.472238 -0.694093 -0.165658
-0.387683 -0.368834 0.728846
0.0744976 -0.808453 0.262457
0.721353 -0.185935 -0.518036
-0.329253 -0.343494 0.777632
-0.802968 -0.142035 0.0508604
0.131416 0.849216 -0.0165441
0.268313 0.0805224 0.696959
0.187924 -0.161472 0.772122
-0.197879 0.729392 0.332907
-0.609409 -0.612274 0.360816
0.634588 -0.422557 -0.513106
0.78339 -0.0269112 0.202426
-0.768704 -0.145989 0.385977
0.427404 -0.465121 0.493936
-0.814188 -0.0523033 -0.000338099
0.397101 0.331309 0.434536
0.13833 0.142381 -0.874055
-0.131266 -0.38871 0.785131
0.123142 -0.728972 0.411975
-0.756201 -0.243413 -0.114265
-0.583066 -0.576812 -0.259363
0.714452 -0.410376 0.189924
-0.661884 0.403012 -0.506044
0.640939 -0.0639831 -0.605859
0.0134411 -0.6776 0.52767
0.68448 0.279579 0.198646
0.201383 0.66883 -0.524465
-0.137279 0.689453 0.391151
0.0211431 0.679346 -0.574794
-0.320961 -0.524757 0.662049
0.487256 -0.291991 0.512014
0.219754 -0.419299 0.666661
0.247737 -0.0877315 -0.852948
-0.0124596 0.653762 -0.614915
0.479742 -0.0260329 0.549179
-0.754867 -0.343413 0.176091
-0.40948 0.761532 0.183873
-0.730962 -0.374787 0.000795276
-0.218383 0.88613 -0.0562137
0.816801 -0.286646 -0.0479902
0.128906 0.465507 -0.741757
0.509394 0.331102 0.323404
0.0620932 0.148664 -0.871628
-0.790042 0.219236 -0.265092
0.0791106 -0.608189 0.582735
-0.205261 0.703298 -0.566009
0.470449 -0.346309 -0.725447
-0.483667 -0.372116 -0.583317
-0.745137 -0.0620754 -0.371882
0.355976 -0.191283 0.651054
-0.82333 -0.0375493 0.046978
0.127236 -0.766764 0.340552
0.778557 -0.3872 -0.0866937
0.36279 -0.67848 0.236041
0.322168 0.705007 -0.310072
0.709884 -0.475573 0.11655
-0.686348 -0.174083 0.540037
-0.479327 0.733292 -0.264472
-0.766319 -0.0257524 -0.343471
-0.450551 -0.399461 -0.593624
0.233236 -0.627808 0.496984
-0.816072 -0.00476939 -0.0326366
0.152988 0.109632 -0.871218
0.60315 0.380478 -0.474161
0.659349 0.150965 -0.540955
0.412806 0.344048 -0.683729
0.563325 0.451464 -0.423366
0.697775 -0.208334 -0.552214
0.292704 -0.143391 0.709094
-0.128481 0.702126 -0.574293
-0.144595 -0.683445 -0.469089
-0.762389 0.341046 -0.0854399
0.542055 0.142751 -0.675854
0.585195 -0.107342 0.445609
-0.0490579 -0.816632 0.0573023
-0.00121155 -0.36544 -0.775636
-0.509097 0.751347 0.0295593
0.389676 -0.732473 -0.110786
-0.723091 0.323126 -0.44535
0.550287 -0.626002 0.0343095
-0.76637 0.218232 -0.374738
-0.0122173 0.318545 0.748372
-0.230363 0.0224569 -0.830039
0.243321 -0.620677 0.501316
-0.236511 0.156587 0.816382
0.109742 0.595008 0.434272
-0.428571 -0.219554 -0.728428
0.393521 0.422298 -0.642568
0.395911 -0.720595 -0.0413724
0.290236 -0.600771 -0.597619
-0.670684 0.086279 0.532848
0.178619 0.274134 -0.82793
0.0749754 -0.666188 -0.545513
-0.753682 0.0147694 -0.403785
0.26631 -0.644304 -0.536411
-0.14131 -0.774517 -0.296414
-0.30151 -0.688341 0.492585
0.269658 0.761347 -0.263534
-0.275074 -0.784915 -0.116784
-0.77915 -0.237978 0.0847749
-0.185557 0.718746 -0.55189
0.13646 -0.072871 0.803855
-0.136719 -0.730599 -0.396379
0.273243 0.327384 0.554153
0.699959 -0.513068 0.0229034
0.357456 0.149658 0.598747
0.694538 0.180417 -0.478349
-0.414691 0.81905 -0.117712
0.175925 0.720748 0.234384
-0.696997 0.278593 0.401628
0.223884 0.74053 0.129384
-0.424891 -0.69423 0.428074
-0.602373 -0.537283 0.435425
0.538448 0.524303 -0.331391
-0.54752 0.462142 -0.624217
-0.562015 -0.680644 -0.0944789
-0.703438 0.182711 -0.564438
-0.345048 0.722567 0.301903
0.389144 0.458348 -0.60954
-0.223081 0.579507 0.504851
0.566651 -0.620167 -0.0332215
0.435385 -0.354314 0.531481
-0.393714 -0.609112 -0.436994
0.400518 0.338252 0.424502
-0.670032 -0.536629 -0.111613
-0.24817 -0.164558 -0.783628
0.298818 -0.685354 -0.449896
0.460095 -0.605803 0.271335
-0.183407 0.875855 0.0483014
-0.144667 0.284397 -0.82805
0.0602884 0.685689 -0.558359
-0.839831 -0.0356809 0.169415
0.715372 -0.373865 0.221481
0.199962 -0.406651 0.68201
0.199452 -0.535996 -0.686187
0.855414 -0.176436 -0.0361483
-0.762932 -0.172017 -0.228807
0.543873 -0.192979 0.476068
-0.152495 -0.224525 -0.786581
-0.341987 0.368046 0.653302
0.753153 -0.387782 -0.27804
-0.0204757 -0.812547 0.0240937
0.104693 0.750441 0.266748
-0.603487 -0.193135 -0.592209
0.536099 0.554507 -0.00269172
0.68524 -0.500683 -0.254442
0.468093 0.292205 0.401584
-0.59859 0.566468 0.245043
0.147276 -0.804624 -0.00827212
0.237723 -0.755926 0.206739
0.458421 -0.708544 -0.240733
-0.0610971 0.751607 0.320202
0.0798933 0.307855 -0.829641
-0.283316 0.370077 0.676219
-0.651166 -0.484379 0.418462
0.76369 -0.382941 -0.251395
0.838266 0.00231583 0.0824601
0.292331 0.703146 -0.378348
-0.203481 -0.199849 0.853981
0.377895 0.451103 0.338798
-0.651226 0.334437 -0.571891
0.767898 -0.301055 -0.359669
0.61528 0.468151 -0.305842
0.137369 0.74755 -0.439015
0.0085459 -0.315017 -0.793651
0.715509 0.402577 -0.154129
-0.297453 -0.821204 0.0751595
0.403861 0.146725 -0.775718
-0.0194196 -0.0568145 -0.851124
0.792668 -0.273169 0.126564
-0.581628 -0.593447 0.418419
0.597213 -0.0247089 0.43769
-0.688211 -0.492548 0.371872
-0.280731 0.297976 -0.78973
0.527595 -0.043665 0.50327
0.0759301 -0.779579 -0.248385
0.215118 0.475318 0.464207
-0.581715 -0.488253 -0.350956
-0.0931959 -0.824539 0.123661
-0.578336 -0.217496 -0.599074
0.276492 0.260932 -0.796148
-0.277108 -0.0925134 0.833821
-0.0493458 -0.785692 0.353732
0.41014 -0.73295 -0.197051
-0.555632 0.704224 0.0363797
0.145576 0.754391 -0.417432
0.445484 -0.54272 -0.606799
-0.398827 -0.439966 -0.607783
-0.631218 -0.630206 0.125969
-0.321374 0.658539 -0.580791
-0.127288 -0.699778 0.523825
0.0638603 0.449805 0.591968
0.608405 -0.367874 -0.588604
0.377778 0.662718 0.0648647
0.399297 0.604344 -0.414558
0.340959 -0.327795 0.620549
-0.334811 -0.669559 -0.370821
0.684645 0.409615 0.00772122
-0.277417 0.830269 0.140189
-0.0768973 -0.745958 0.44486
0.493393 -0.274549 -0.724301
0.396016 0.520826 -0.529889
0.360495 0.708123 -0.136895
0.683114 0.383421 -0.349319
0.469758 -0.305347 -0.735554
0.783945 0.258373 -0.242519
-0.422152 -0.357124 0.707538
0.360792 0.179885 -0.789413
0.598624 -0.601889 -0.151298
-0.798701 0.166136 0.0266961
-0.369379 0.0883024 0.75797
0.414112 -0.623072 0.303343
-0.636894 0.111939 0.570535
0.707547 -0.330158 0.244207
0.130635 0.157349 0.754149
-0.553696 0.686493 -0.159874
-0.460999 0.77521 0.0541145
-0.751932 -0.338159 0.110491
0.184381 -0.807271 0.0635019
0.739285 0.359201 -0.220369
-0.031849 -0.385088 0.771949
-0.232648 0.491933 -0.722869
0.220113 -0.711759 0.364555
-0.0127026 -0.703879 -0.493718
-0.621195 -0.334757 -0.422084
0.245587 -0.735452 -0.372309
-0.44778 0.646884 0.320135
-0.442736 0.0314106 -0.77922
-0.77012 0.0506886 -0.387129
-0.557216 -0.35546 0.594862
0.397434 0.496906 -0.556594
-0.28055 -0.781112 0.274072
0.00450677 0.393636 0.677057
-0.583381 0.629686 0.140249
0.542245 0.399221 0.225412
-0.739563 0.315834 0.230626
0.2371 -0.521356 -0.696302
-0.780206 0.147238 0.249277
-0.292578 0.728177 0.310788
-0.566656 0.317243 -0.666652
-0.33655 -0.729418 0.402347
0.156643 0.799172 0.0997982
0.211469 0.818666 -0.132476
-0.448293 -0.766991 0.096688
0.545533 -0.56716 -0.448463
0.811887 -0.0758766 -0.352664
0.0752603 0.185468 -0.873321
0.222836 0.791277 -0.0287702
-0.101716 0.0670861 -0.855003
0.143518 0.700523 -0.513225
-0.522793 0.727319 -0.100765
-0.778147 -0.27929 0.230861
0.040731 0.417791 -0.7817
-0.0863255 0.267936 -0.845095
-0.575276 -0.667206 0.167087
0.1924 -0.423375 0.678251
-0.801507 -0.165752 0.100435
0.431535 -0.184637 0.588409
0.0685085 -0.718828 0.450436
0.272938 0.321189 0.558068
0.267589 0.710278 0.130075
0.70189 0.390508 -0.268214
-0.586163 -0.647717 -0.135365
-0.534916 -0.243818 -0.62042
-0.632216 -0.298258 -0.435576
-0.254941 -0.560559 0.654437
0.372519 0.615406 0.183338
0.0228729 0.191406 -0.872441
-0.540163 -0.49461 -0.43165
-0.493114 0.750805 -0.11434
0.0340798 -0.438236 -0.756533
-0.1195 0.446029 0.632687
-0.0688968 -0.651094 0.589015
0.75123 -0.0992025 -0.467135
-0.560508 -0.368815 -0.514885
0.53474 -0.0163363 -0.722689
0.515687 0.583798 -0.230609
0.501869 0.306757 -0.645512
0.0768026 -0.809282 0.257973
-0.650332 0.225038 -0.605694
0.306878 0.0620159 -0.820466
0.00517429 -0.819243 0.0919
-0.454059 0.344207 0.6012
-0.138627 0.895247 0.00750914
0.746047 -0.26424 -0.440149
-0.36008 -0.0301838 -0.789327
-0.460129 -0.0727815 0.72952
-0.197167 0.83203 0.167804
-0.330894 -0.028178 0.795198
-0.359672 -0.672224 -0.346285
0.769058 -0.194104 -0.428609
-0.631265 -0.328342 0.538276
-0.824655 0.0305185 0.0282561
-0.00681199 0.883854 0.0158102
0.400397 -0.678858 0.174507
0.224755 -0.7948 0.00297434
0.733716 -0.471417 -0.0525614
0.442128 0.103147 -0.76422
-0.111402 0.299719 0.770314
-0.45556 -0.431938 0.648404
-0.319387 0.26876 -0.787439
-0.131117 0.0695472 0.857784
-0.0835784 -0.293875 -0.780582
-0.0880589 -0.551517 0.686672
-0.365882 -0.0493075 -0.7837
-0.733023 0.132131 -0.506559
-0.460685 0.166874 -0.768569
0.447078 0.00725053 0.578445
0.826129 0.145382 -0.220053
0.106633 -0.649161 0.523314
-0.485388 -0.740965 0.0526881
0.11686 0.286303 0.692511
0.540111 -0.433396 0.407766
0.713881 -0.259597 0.254568
0.400108 0.674725 -0.11164
0.237685 -0.619916 0.50452
0.0194979 -0.145636 -0.845029
0.802788 0.107402 0.134078
0.322875 0.340687 0.499149
0.063851 -0.594769 -0.641087
0.400528 -0.698873 0.112901
0.192095 -0.776734 -0.205052
-0.0297678 -0.710288 -0.479809
-0.298894 0.864987 -0.223152
0.213588 -0.618512 0.515968
-0.497516 -0.662118 -0.24588
-0.205915 -0.171844 0.860483
-0.492578 -0.0320166 0.705953
-0.226942 -0.203307 0.847983
-0.763736 0.242073 -0.365495
0.625998 -0.462723 -0.484708
-0.270392 -0.730061 0.422921
-0.166766 0.566981 0.516644
0.481307 -0.693987 -0.283224
-0.370712 -0.0472901 0.775693
-0.486035 -0.651779 -0.287328
0.751193 0.351908 -0.184444
0.451272 0.621216 0.0104806
0.652285 -0.557943 -0.220092
-0.611025 -0.0470586 -0.641279
0.253846 -0.0341678 0.733418
-0.0924439 0.839322 -0.342038
-0.574416 0.0624741 -0.674855
0.816385 -0.283636 0.00422553
-0.0948919 0.440993 0.636784
-0.0211599 -0.775195 -0.310486
0.312451 0.155669 0.627936
-0.485394 0.193411 -0.745593
0.338879 0.240191 -0.781596
-0.0874669 0.730097 -0.527001
0.214408 0.183925 0.682221
0.742978 -0.45097 0.0275613
-0.280852 -0.774664 0.294976
-0.761702 0.357024 -0.237199
-0.534077 0.714651 -0.113503
0.170493 -0.788614 -0.125133
-0.259727 -0.20612 0.838692
-0.236005 -0.297099 -0.747701
-0.421593 -0.354325 0.709219
-0.245844 -0.717068 -0.341716
0.684579 0.38202 -0.347879
-0.204772 -0.333109 -0.743633
0.495618 0.596193 -0.239358
-0.780254 0.265547 -0.207418
-0.516551 0.66228 0.211438
0.0146636 0.85837 -0.287647
0.611449 0.505349 -0.240184
0.151641 -0.296917 0.753195
-0.180818 0.091259 0.842486
0.0961096 -0.763723 0.365208
-0.512989 -0.419222 0.604009
-0.0636671 -0.824765 0.192349
-0.388067 0.834402 -0.0775263
0.449926 0.217824 0.480389
0.849496 0.120561 -0.16118
0.34972 -0.626541 -0.537417
-0.132824 -0.766546 0.382098
-0.154524 0.617726 -0.650584
0.410437 0.448976 -0.600596
-0.107258 -0.151218 -0.816905
0.538568 -0.0661612 -0.722251
-0.595252 0.500963 0.352855
0.711026 0.396657 -0.0417571
-0.235334 -0.685768 -0.412748
0.516623 -0.370498 -0.683495
-0.753903 0.368249 -0.00171476
0.217363 0.764247 -0.336236
-0.465612 0.56662 -0.587211
0.283435 0.766874 -0.123864
-0.0845807 0.419962 0.656116
-0.0158555 -0.774747 -0.312746
0.347607 -0.611417 0.43299
0.00711527 -0.539249 -0.707239
0.412899 0.471281 -0.572152
-0.750782 -0.210704 -0.24639
-0.528747 0.049374 -0.714108
0.227017 0.603651 0.32624
0.363696 -0.74894 -0.137141
0.186564 -0.422883 -0.775991
0.257099 0.323144 0.568437
0.397772 -0.736533 -0.175724
0.0935304 -0.807972 0.00711619
0.562096 0.529299 0.0267362
0.035625 -0.795085 0.315254
-0.0590792 0.814813 -0.380773
0.184824 -0.784172 -0.146757
0.644421 0.346927 0.165005
0.622754 -0.315487 -0.604539
-0.386715 0.486897 0.538557
0.48697 -0.190621 0.534924
-0.0397563 0.836786 -0.341819
-0.505976 -0.515441 -0.469493
-0.808396 0.0123648 -0.0990622
-0.18522 0.863584 0.096492
0.145457 0.289107 0.670016
0.625435 0.385032 -0.437037
0.796759 0.211198 -0.251494
0.252543 -0.68323 0.399019
-0.451674 0.683361 -0.444097
-0.437493 0.803653 -0.0944045
0.728732 -0.103332 -0.497504
0.176333 0.628346 -0.601855
0.00547578 0.185741 0.811175
0.719233 0.326357 -0.347178
-0.490286 0.5546 0.406232
0.503945 0.510679 -0.41666
-0.770718 -0.178352 -0.152464
0.807887 -0.0913181 -0.369189
0.708403 0.0915502 0.294252
-0.556694 0.593472 0.271186
0.162355 -0.471718 -0.741886
-0.135333 0.125502 0.846489
-0.354863 0.841432 -0.0467977
-0.395463 -0.720412 0.3861
0.0411278 0.552639 -0.701807
0.464999 0.411126 -0.593891
-0.203506 -0.654811 -0.482066
0.288387 -0.447993 0.609531
-0.671198 0.237123 0.482058
-0.0120216 -0.00604292 -0.856287
-0.14222 -0.699737 -0.447736
-0.561229 -0.491449 -0.390677
0.827002 -0.145994 -0.295746
-0.619653 -0.0664659 -0.632366
0.409124 -0.725461 -0.133353
-0.500145 -0.440739 -0.525193
0.112509 0.855079 -0.218155
-0.457403 0.399572 0.564904
-0.300374 0.428502 -0.745487
-0.522619 -0.650226 0.40606
0.78045 0.190024 0.152875
-0.458208 -0.740873 -0.0794369
-0.46942 -0.0236085 0.717666
0.657636 -0.553628 0.00945217
-0.362645 0.0781135 0.763096
-0.020404 -0.773556 -0.321246
-0.665822 -0.590622 0.0976869
0.0426262 0.855804 -0.271521
-0.0593599 0.49703 0.582579
0.462401 0.438742 0.266944
-0.617663 0.610096 -0.199084
-0.0912596 0.278442 0.780402
0.299329 -0.45562 -0.738937
0.0203827 0.587832 0.493798
-0.153771 -0.568194 -0.62227
-0.573311 0.398455 -0.64629
-0.326301 0.860062 -0.135433
-0.508783 -0.589454 -0.370535
0.502485 -0.662038 -0.0146804
0.0992544 0.700005 -0.531224
-0.334568 0.670269 0.373548
0.469435 0.182339 0.487361
-0.37265 -0.496548 -0.570438
0.219883 0.669063 0.26768
-0.616378 -0.631578 0.222185
0.0111586 -0.0708949 0.847229
0.640226 0.246263 0.274904
0.744715 -0.413867 -0.24618
0.675887 -0.0856067 0.351692
0.757147 -0.269375 -0.410278
-0.640992 -0.577201 -0.137601
0.766804 0.12624 0.206565
-0.670614 0.459197 -0.433782
0.442792 0.642479 -0.121827
-0.0995803 0.672915 0.414536
-0.45688 0.48407 0.495465
-0.196492 0.54418 -0.696571
0.222096 -0.119413 0.7631
-0.742662 0.227907 0.31991
0.881048 0.0214657 -0.0922214
0.760661 0.104152 0.220104
0.0942677 -0.751806 0.391245
0.0922036 -0.819132 0.106891
0.855732 0.0305933 -0.191005
-0.47155 -0.174487 0.720545
0.0980301 0.199371 -0.868752
0.236043 0.721872 0.153455
0.119071 0.753453 -0.440508
-0.319814 0.490477 0.559763
-0.169581 -0.77326 0.356123
-0.463842 0.615825 -0.529995
-0.0682631 0.181173 0.822804
0.825887 0.00102914 -0.287091
0.75345 -0.434722 -0.151436
0.676684 -0.52992 0.108021
-0.698802 0.025506 -0.535615
-0.683752 -0.150851 0.545126
0.834816 -0.23114 0.0146997
0.0734083 -0.772512 0.352843
-0.266538 0.178173 0.80283
0.772607 -0.275088 0.168381
-0.355777 0.632489 -0.591584
-0.596491 -0.643784 0.246369
0.624999 -0.393283 -0.548418
-0.119364 -0.696859 0.530432
0.486051 -0.668611 -0.370244
0.246548 0.345804 -0.768454
-0.728646 0.0301775 0.464335
0.590281 0.502512 0.0335916
-0.0172902 0.665317 -0.601214
0.295243 0.301375 -0.770168
-0.284465 0.338651 -0.777484
0.303647 -0.450804 0.597186
-0.521808 -0.435691 0.587062
0.252863 0.349617 -0.764244
-0.465088 0.252805 -0.74658
0.344967 0.0346732 -0.808224
0.667006 -0.442024 -0.457102
-0.119943 -0.449074 0.754168
0.199046 0.220831 0.671683
0.183232 0.751602 0.168537
-0.409619 0.788231 0.12433
-0.274744 0.301522 0.730481
0.145766 -0.0048042 -0.865658
0.470904 -0.469592 0.455289
0.432452 -0.158139 0.588518
0.178052 0.188702 0.705217
0.409222 -0.415154 0.529322
0.452836 -0.683029 0.0281849
-0.698132 -0.455562 -0.0895383
-0.639839 0.599331 -0.111118
0.265139 -0.672199 -0.485557
0.827747 0.103461 0.0674863
-0.0301823 -0.767382 -0.363457
0.268366 0.500441 0.391818
-0.088362 -0.642924 -0.550035
0.811892 0.196088 0.057766
0.870841 -0.103546 -0.01868
-0.22102 0.865197 0.0572806
0.285048 -0.77294 -0.116956
-0.578934 0.420448 0.442138
0.590323 -0.521431 0.2589
-0.731283 -0.238242 0.470707
0.0364948 0.057377 -0.865312
0.187972 -0.0109236 0.783304
-0.761431 -0.313564 0.139741
-0.00821278 0.811644 -0.381785
-0.410233 0.641622 -0.536985
-0.200574 0.407325 -0.772062
0.814487 -0.295923 -0.0911634
0.724597 0.306983 -0.355733
0.394699 0.173845 0.555743
0.212483 0.805487 -0.0672603
-0.759129 0.22412 -0.401144
0.374777 0.138163 -0.787696
-0.0675854 -0.13085 -0.830961
0.0726566 0.31484 -0.827848
-0.284152 -0.52219 0.676471
-0.654039 -0.369085 -0.315915
0.507702 0.27536 -0.658209
-0.655474 -0.541292 0.375242
-0.73676 -0.18325 -0.30664
-0.694097 -0.0920844 -0.480446
-0.676445 -0.202567 -0.429036
0.465677 -0.673873 0.0493122
-0.215197 -0.278315 -0.757595
0.179947 -0.588002 -0.635791
-0.187594 -0.017471 -0.833525
-0.448655 -0.602565 0.539479
-0.555639 -0.572413 -0.317846
0.0327052 0.133258 0.814658
0.133342 -0.823049 0.166656
-0.574659 -0.670956 -0.102194
0.298122 -0.0988368 -0.837931
-0.397078 0.773638 -0.339369
0.0798101 0.87052 -0.0766553
0.281747 -0.612525 0.484433
-0.507192 0.721035 -0.202171
-0.421321 -0.775429 0.0583293
0.388431 0.168455 0.564557
-0.163829 -0.497827 -0.693397
-0.413111 0.767049 -0.331245
0.626445 -0.490505 0.25184
-0.734063 0.447912 0.0649361
-0.21792 -0.826134 0.149072
-0.450792 0.190274 -0.769918
-0.328829 0.849951 -0.0485508
-0.763713 0.347296 -0.241063
0.398707 0.282263 0.478162
0.0779469 0.0641957 -0.867234
0.233575 0.520801 -0.677564
-0.133453 -0.701877 0.518944
0.821548 -0.192303 0.0980064
-0.523022 0.561592 0.360297
0.649334 0.465597 -0.0741143
0.170515 -0.0716079 -0.860355
0.00277579 0.449905 -0.767718
0.416174 -0.0222423 -0.785674
0.252029 -0.679086 -0.477376
0.338773 0.399476 -0.701075
-0.521884 0.307333 0.574317
-0.0847879 0.568355 0.514966
-0.469932 -0.218285 0.712784
-0.145246 -0.152439 0.867019
0.823519 -0.132695 -0.314318
-0.103526 0.908231 -0.0248843
0.0632929 -0.291016 -0.811611
-0.399052 -0.035507 -0.778798
0.296974 -0.254931 0.681231
0.290492 -0.27466 0.680263
-0.811544 0.100981 0.092826
-0.72687 -0.452876 0.302899
-0.447286 0.798832 -0.0741975
-0.188433 0.20087 -0.841332
-0.155324 0.0212194 0.862064
-0.608909 -0.572687 0.404366
0.697658 0.0346727 -0.52013
-0.397407 0.81963 -0.000482036
-0.0943851 0.528399 0.55341
-0.147023 -0.0482512 -0.836443
0.407996 0.637123 -0.315849
0.632568 -0.348264 0.337683
-0.066082 0.471232 -0.754288
-0.0457833 -0.733843 -0.440417
-0.00738309 0.569581 0.512145
-0.768805 0.000602029 0.374556
0.087177 0.58356 -0.675862
0.146774 -0.749389 0.362762
0.139261 -0.574377 -0.654794
-0.640764 0.610192 0.0232385
0.862185 -0.15797 -0.0463156
-0.0158821 -0.153873 -0.835294
-0.7361 -0.0616995 0.455742
0.0217284 -0.750008 0.415713
-0.722657 -0.180953 -0.342038
-0.211919 -0.652159 -0.481942
-0.808332 -0.0943446 0.00176026
0.130533 -0.179474 0.792001
-0.142638 -0.788426 -0.225654
-0.740076 0.32046 0.222821
0.574075 0.171149 0.397766
-0.465477 0.197687 0.675335
-0.606801 0.355752 -0.624675
0.161176 -0.813665 0.0912314
-0.333051 0.198161 -0.803292
0.795338 -0.342935 -0.0668287
-0.719776 -0.429378 0.046487
0.0452119 -0.738425 -0.438625
0.275617 -0.656715 -0.510432
0.115342 0.642993 0.386724
0.424231 -0.265378 0.572694
0.0230294 -0.801651 -0.0673416
-0.371603 0.806948 0.107983
-0.203238 0.562064 0.52153
0.146135 0.377442 -0.783154
0.0408377 -0.160948 0.826828
0.686602 -0.196521 0.309557
0.852282 -0.112264 0.0449106
0.0471491 -0.0938484 -0.853315
-0.46346 -0.298231 0.701301
-0.2461 -0.248969 0.832448
0.596668 -0.144945 0.428521
-0.665006 -0.358279 -0.300919
0.44419 0.0624691 0.571584
-0.0432127 -0.767012 -0.367646
0.711362 0.189952 -0.450448
0.626191 0.402186 -0.41061
-0.182119 0.0471342 0.850901
-0.792621 -0.0796077 -0.119407
-0.62883 0.601913 -0.179638
-0.407807 0.266933 0.680831
0.825204 0.215842 -0.124538
-0.746101 -0.0329507 0.430859
0.63852 0.172715 -0.560505
-0.593368 -0.361301 -0.453786
0.844468 -0.218236 -0.180553
0.630833 0.110907 -0.598762
-0.685763 0.533384 -0.21459
-0.563849 -0.687959 0.0421642
0.300273 0.0002372 -0.828419
-0.00453656 0.640862 0.444929
0.220375 0.106002 -0.849855
-0.763793 0.234377 -0.371933
0.143361 -0.233548 0.779844
-0.0805232 0.462884 -0.757484
0.0981019 -0.432317 0.711923
-0.438324 -0.458435 -0.564714
0.0472723 0.882619 -0.0951966
0.271124 0.746441 0.0389723
-0.593838 0.389984 0.451881
0.77028 -0.0861012 0.222328
-0.575584 0.609959 0.199574
-0.223708 0.703726 -0.558262
-0.0348069 -0.689304 -0.507056
0.477119 0.0379221 -0.755423
0.334685 0.659194 -0.413709
0.462118 -0.699114 -0.322396
0.447018 0.644109 -0.171042
-0.625466 -0.251153 0.578485
0.0477491 0.647781 -0.611387
0.381795 -0.434222 0.544938
0.129731 -0.769949 -0.319272
0.67011 -0.441114 -0.450766
-0.443249 0.221255 0.682365
-0.319057 0.159568 0.77615
-0.101666 -0.780822 -0.283969
-0.338256 0.213216 0.753156
0.494935 -0.351 -0.705113
0.203886 -0.531857 0.603712
0.497455 -0.682776 -0.292127
0.743132 0.234625 -0.381798
0.756702 0.0918073 0.22854
0.266444 0.19443 0.638338
0.567167 -0.249956 -0.670005
-0.173524 0.416397 0.661402
-0.27032 0.422018 0.63669
0.778506 0.316274 -0.165675
-0.614695 -0.572611 0.398155
0.0666987 -0.80898 0.00894472
0.137816 -0.140863 0.794302
-0.0684826 -0.823901 0.122203
-0.10468 0.547579 0.535021
0.444889 -0.320912 -0.74879
-0.55291 -0.0495549 -0.692727
-0.733807 0.412398 0.141444
-0.543452 -0.438186 0.565122
-0.322426 0.207484 -0.803564
-0.175577 -0.793407 -0.184809
0.230829 -0.668878 -0.503365
0.53867 0.422812 -0.499396
0.076851 0.118265 -0.870379
-0.358086 0.718227 -0.465343
0.277286 0.761829 -0.245126
-0.0654185 -0.0269499 0.869393
0.213518 -0.507386 0.619547
0.0400345 -0.793624 -0.13377
0.58224 0.446976 0.118764
-0.761135 0.290259 -0.334965
0.00126002 -0.605404 -0.625923
0.357046 -0.0271618 -0.809002
0.0814946 -0.0744842 -0.857591
0.680099 0.265907 0.216525
-0.433725 0.354008 0.610011
-0.367671 -0.438068 0.704919
-0.336392 0.707428 0.32488
0.245204 -0.594732 -0.61913
0.142946 -0.611782 0.55258
-0.0535382 -0.19598 0.847641
0.131594 -0.0732784 -0.861036
-0.718349 0.280927 -0.495597
-0.101193 0.738723 0.332158
0.574507 0.401716 0.189827
0.575282 -0.298618 -0.652946
-0.792162 0.0787835 0.277217
0.480366 -0.576476 -0.523481
-0.194277 -0.462353 -0.707176
0.37724 -0.617887 0.372499
0.471961 -0.366077 0.495785
-0.697519 -0.286774 -0.295744
-0.719329 0.440316 0.167315
-0.420582 -0.313144 -0.674542
0.161719 -0.647283 -0.566612
0.0165081 -0.539736 0.668691
-0.311437 0.766758 0.239063
-0.743424 -0.371781 0.135306
0.267463 0.691218 0.174719
0.237133 0.159284 -0.838744
0.254564 -0.482704 0.611748
-0.752018 -0.209217 0.421533
-0.346908 0.709188 0.318426
0.351841 -0.740133 -0.019265
-0.0775724 0.248629 0.793817
0.440756 -0.270781 -0.762356
0.815389 -0.136893 -0.338643
-0.534936 0.708817 -0.139269
0.747594 0.252798 -0.357538
0.615065 -0.393132 -0.561834
-0.82077 0.0248343 0.213286
-0.338632 -0.221628 0.797048
-0.21786 -0.788495 -0.167825
0.51975 0.32104 -0.624987
-0.271232 -0.732704 -0.288996
0.733819 -0.351176 0.202033
0.105995 0.179083 0.760511
0.34957 -0.490358 0.540933
0.14573 -0.755275 -0.373623
0.620687 -0.342699 -0.58884
-0.63617 -0.555777 -0.169179
0.319872 -0.676704 0.31026
0.571777 0.504526 0.0567835
-0.204213 0.881358 -0.237548
-0.363128 -0.11652 0.785506
-0.143192 0.526798 -0.712904
-0.691487 -0.529972 0.218603
-0.74757 -0.383404 0.24646
-0.0934999 -0.211708 0.849069
-0.520373 0.570883 -0.543074
0.321885 -0.376756 -0.774895
0.543478 -0.161179 0.480946
-0.273421 0.717588 0.334851
-0.467298 -0.105934 -0.735969
0.828966 -0.11768 -0.304611
-0.270154 -0.826663 0.112424
0.583772 -0.350197 -0.634598
-0.189977 0.732293 -0.528134
-0.624935 -0.427962 -0.320829
-0.196226 -0.785827 -0.205479
0.401066 -0.619206 0.332537
0.587513 0.0152195 -0.660272
0.177097 0.821971 -0.0315497
-0.15336 -0.164692 0.864124
0.288961 0.211095 0.612011
-0.0619969 0.603332 -0.672839
-0.204612 -0.17639 -0.789413
0.361514 -0.594338 -0.58257
0.364584 -0.702318 -0.383053
-0.812382 0.105087 -0.0787364
0.836268 -0.0752337 -0.283606
0.274285 0.43911 0.447409
-0.0101313 -0.109452 0.850018
0.441276 -0.382836 0.515084
0.620124 -0.574137 -0.282729
-0.0170641 0.847659 0.155386
-0.731106 0.463339 0.0462973
0.423519 0.642168 0.0214546
-0.206661 -0.30474 0.817631
0.0912723 0.8677 -0.0974168
-0.533991 0.581693 -0.520927
0.666542 0.2584 -0.482844
-0.798104 0.0123723 -0.173682
-0.657872 0.163364 -0.603567
0.0234744 0.745368 -0.485425
0.526727 -0.116686 0.502118
0.629913 -0.542818 -0.328315
0.734743 -0.391773 -0.335273
0.321067 0.703756 -0.316159
-0.2493 -0.777325 0.306791
0.670655 -0.477656 0.199737
-0.41472 -0.134827 0.755697
-0.144668 -0.79086 0.324101
-0.288904 0.672022 -0.577547
0.201957 -0.700049 -0.455944
0.517922 -0.667568 -0.311119
0.574624 0.438669 -0.426904
0.259765 -0.0355742 0.728897
-0.525503 -0.0654507 0.692225
-0.174525 -0.819387 0.0601324
0.798883 0.190263 -0.269102
-0.509487 -0.123661 -0.708069
-0.187529 0.084962 0.842142
0.481576 -0.673913 -0.0150866
-0.738237 -0.344421 -0.0123958
0.811407 0.189191 -0.222513
0.592028 0.335631 0.237113
0.365882 -0.569731 -0.618695
-0.148982 0.803094 0.235248
0.385151 0.585549 -0.457906
0.343786 0.672961 -0.354932
-0.504608 0.0664591 0.68084
-0.807903 -0.0575953 -0.0376871
-0.589534 0.0987451 0.613906
0.336695 0.680904 -0.347677
0.0439214 0.877833 0.00468985
-0.321918 0.429249 0.611686
-0.724948 -0.0797897 -0.410749
-0.724027 -0.28011 -0.240135
0.700883 0.042915 0.318603
0.798783 0.101664 -0.329545
-0.563501 -0.323737 -0.544095
-0.535816 -0.174494 -0.663358
0.764664 0.327955 -0.0124883
-0.387932 0.832899 -0.0597708
0.793598 -0.237958 0.143784
-0.315844 -0.806599 0.030172
-0.30142 -0.293969 -0.73492
-0.728838 -0.0216481 0.469924
0.78557 -0.316415 -0.306096
0.767561 0.0357144 0.219101
-0.259337 0.432263 0.630471
0.620062 -0.181688 0.394532
0.242651 -0.362163 -0.800825
0.0475288 0.089384 0.819502
0.421612 0.65891 -0.121065
-0.377685 0.378809 -0.741378
-0.452476 -0.638095 -0.345025
-0.758565 0.115775 0.382601
-0.0626627 0.799945 -0.406316
-0.387891 0.593862 0.433947
-0.444071 0.191865 -0.772243
-0.740522 0.447478 -0.161821
0.155461 -0.801795 0.201706
0.345311 -0.114196 0.664879
-0.440954 0.645419 0.329847
-0.304079 0.679531 -0.561119
-0.522696 -0.706071 -0.0663601
0.460138 -0.357811 -0.73066
0.0526726 0.557506 0.50606
-0.69925 -0.19921 -0.378828
0.0889848 -0.281434 -0.819407
-0.263731 -0.347255 -0.727114
-0.0295978 -0.666228 -0.541388
0.684326 0.168374 -0.49808
0.394868 -0.26741 0.596313
-0.764512 0.337145 -0.129766
0.0598434 0.647653 0.422797
0.864989 -0.025635 0.0274988
0.174274 -0.370063 0.710937
-0.509396 0.281609 -0.717502
-0.208382 0.469991 0.610045
-0.0854719 0.0578258 0.856029
0.641776 -0.366326 -0.543673
-0.250011 0.393169 -0.768018
0.252431 -0.299497 0.698485
-0.593562 -0.536387 0.445569
-0.721704 0.502105 0.0697024
0.322381 0.701388 -0.320104
-0.576129 -0.307593 -0.541599
0.654149 -0.50648 0.182978
-0.433686 0.0420059 0.728571
-0.323654 -0.776583 -0.0975971
-0.410726 -0.707718 -0.234369
-0.312864 -0.0333634 0.805914
0.677055 -0.388484 0.270703
0.0576849 -0.239576 0.812088
0.645195 0.364135 -0.441032
-0.628024 -0.505079 0.429483
-0.370525 0.476129 0.553758
0.0847781 -0.0219 -0.862105
-0.654078 0.443327 -0.48543
-0.533682 0.284417 -0.697073
-0.756136 0.0238366 0.400961
0.460342 -0.262473 -0.75108
0.580382 0.52663 -0.0625732
-0.752672 0.391737 -0.146723
0.515064 -0.146792 -0.737322
-0.458441 -0.317292 -0.640203
0.143102 -0.139122 -0.856427
-0.417856 -0.735379 0.296323
0.758446 -0.0812703 0.24026
0.175776 -0.31259 -0.816637
-0.576192 0.128147 -0.673706
0.687708 -0.183866 0.311457
-0.0632136 -0.376329 0.782345
-0.0526587 -0.818446 0.073732
-0.753702 -0.083299 -0.335354
-0.198201 0.232442 -0.829983
-0.493636 -0.712635 -0.139803
0.814521 -0.0940878 0.157993
-0.421036 -0.239221 -0.722001
-0.294837 0.428011 0.622949
-0.659148 -0.111131 -0.55583
0.661185 -0.532294 -0.266119
-0.699706 -0.450462 0.387847
-0.618955 -0.180596 0.601696
-0.675047 -0.560097 -0.0256627
-0.276647 -0.802928 -0.0327372
-0.369567 -0.360904 0.746335
0.597187 -0.53653 0.216101
0.559213 0.521003 0.0517435
0.0664899 0.819267 0.197338
0.38595 -0.648219 0.288786
-0.393871 -0.781586 0.0302087
0.590546 0.206977 0.358283
0.203646 -0.168493 0.765089
-0.221902 0.871301 -0.259627
0.291845 -0.0519317 -0.836232
0.380474 0.353212 0.430054
-0.00483622 -0.759338 -0.413356
-0.760085 0.0715835 0.385145
-0.443118 0.807183 -0.0343077
0.00143466 -0.726628 -0.463428
0.215391 -0.728646 0.32342
0.339132 0.711998 -0.0152578
0.214611 0.179856 0.684287
-0.0968509 -0.643847 -0.544991
-0.746647 0.415002 -0.119
0.269974 -0.471389 0.607974
-0.0357002 0.382499 0.689248
0.0724371 0.810154 0.205696
-0.422917 -0.755714 -0.0727249
-0.355271 -0.0512549 0.784806
-0.305621 -0.773388 0.281789
0.506048 -0.331364 -0.701002
0.217961 -0.524023 -0.696014
0.355107 0.106707 0.624712
0.338184 -0.760615 -0.159302
0.243935 -0.7787 -0.118666
-0.240796 -0.301467 0.813403
0.0299706 -0.822109 0.225311
-0.22582 0.605477 0.479902
-0.186302 -0.685229 -0.445924
-0.794485 -0.192468 0.106253
-0.718058 0.504751 -0.105547
-0.199526 0.114411 -0.84233
-0.148815 -0.771401 -0.297869
0.683855 -0.334018 0.276048
0.564673 -0.0341139 0.468328
0.0625716 0.807925 -0.365761
0.818498 -0.159187 -0.316434
-0.32767 0.00490383 -0.804873
-0.741585 -0.362982 0.0699798
0.265143 -0.00723461 -0.842576
-0.241123 -0.574685 0.647348
0.820307 -0.0565203 -0.322336
-0.183711 -0.307885 0.820029
-0.194736 -0.107001 0.876172
-0.684045 0.0713193 -0.578643
0.772226 -0.272562 -0.372065
-0.6235 0.311827 0.485313
-0.720287 0.209304 0.403201
0.346725 -0.759277 -0.160243
-0.364895 -0.449456 -0.619517
0.635721 0.377126 -0.434718
0.180751 -0.793845 0.185545
-0.743764 -0.399008 0.260042
-0.357172 -0.13344 0.788511
-0.725696 -0.458182 0.258931
0.130985 0.613933 0.401622
0.556355 -0.215141 0.460114
-0.658579 -0.606663 -0.055117
0.3934 0.10192 0.600756
0.197056 -0.746796 -0.371725
0.387172 0.451844 0.32894
-0.44265 0.799839 -0.0910218
-0.210199 -0.351307 0.795116
-0.394751 -0.194342 0.765707
0.644648 -0.173348 0.36713
0.501051 -0.637631 0.134496
-0.482413 0.752015 -0.155962
-0.785361 0.163588 0.206716
0.137268 -0.49076 -0.73025
-0.193068 -0.150555 -0.79912
0.269422 -0.230004 -0.842003
-0.827947 -0.0729713 0.113498
-0.135124 -0.0887171 0.881439
0.00725007 0.424153 0.648248
0.140379 -0.777093 -0.253337
-0.724027 -0.0466931 -0.436164
0.5353 -0.632477 0.0814951
-0.205659 0.257835 -0.820963
0.533671 0.256474 0.370336
0.123257 -0.319709 -0.808991
0.852097 -0.175261 -0.19786
-0.417874 0.718368 0.246057
0.250022 -0.612475 0.506594
0.457373 0.615268 -0.269229
-0.381323 0.245489 0.709051
-0.0953957 -0.29309 -0.778338
0.600412 -0.556683 -0.365114
-0.014109 0.849728 0.146187
-0.602745 0.564927 -0.473332
-0.104722 0.925987 -0.142122
-0.376725 -0.512484 -0.552945
-0.685262 -0.00403704 -0.552595
-0.753642 0.110789 -0.451933
-0.589811 0.129295 -0.661984
0.311744 0.204729 -0.804624
0.117498 0.163504 -0.874535
-0.495252 -0.3989 0.63146
0.273915 0.665709 -0.46484
-0.728834 -0.447374 0.323036
-0.667961 -0.518281 -0.134738
0.161926 0.467205 0.50949
-0.11941 0.686489 0.397008
0.147395 0.253919 -0.841818
-0.629809 0.539917 -0.448397
-0.172384 0.845551 -0.330555
-0.573202 0.014579 -0.675622
0.638189 0.490375 -0.222401
-0.0921682 -0.774539 -0.324327
-0.247274 0.627196 0.455206
-0.634847 -0.165705 -0.562923
-0.011929 0.569905 0.512034
-0.233038 -0.613707 -0.52538
-0.226039 0.0273758 0.844405
0.107852 0.635863 -0.615376
-0.639008 0.0882081 -0.619378
-0.750148 0.38053 0.0333942
0.409985 0.662332 -0.0646947
0.772092 -0.167995 0.197821
0.794097 0.00690519 0.179541
-0.165385 -0.491236 -0.699734
-0.811805 0.0993408 -0.0927908
0.160844 0.615758 -0.62817
-0.699792 0.350314 0.328143
-0.611441 0.514497 -0.509302
0.48939 -0.479465 0.43534
0.448893 0.637996 -0.124542
-0.155063 0.650192 -0.625399
-0.165777 -0.491211 -0.699554
0.58417 -0.37976 0.384283
-0.27776 0.395787 0.656604
0.807897 -0.00662005 -0.340477
0.864955 0.0942935 -0.132813
0.443886 -0.554439 -0.594517
0.392314 0.68745 -0.204665
-0.780393 -0.113254 -0.168852
-0.180317 -0.427179 0.759873
-0.483883 0.0904492 -0.752983
-0.647428 0.559773 -0.290694
0.832726 -0.19891 -0.248449
0.434876 -0.121794 -0.787101
-0.16741 -0.720665 0.474604
0.462336 -0.373259 -0.725482
-0.603958 0.44405 0.395388
-0.712629 -0.364131 -0.183274
-0.163662 -0.823356 0.0995237
-0.79095 0.064822 -0.253337
-0.772475 0.270402 0.123118
-0.491587 -0.731238 -0.000800875
0.319163 0.51593 -0.60755
0.192759 0.525903 0.433931
-0.191872 -0.807011 0.249552
0.0862717 0.651963 -0.598532
-0.412092 0.332857 -0.744854
0.516273 -0.460304 -0.61289
0.668381 -0.496206 0.17557
0.743775 -0.0301291 0.268526
0.38193 -0.708249 0.11323
-0.793154 0.0181815 0.315224
-0.778207 0.144624 0.261347
0.788754 -0.364048 -0.122902
-0.426516 -0.0882329 0.750047
0.16736 0.818227 -0.259587
-0.701973 -0.148027 -0.421455
0.545082 0.307046 0.311049
-0.515708 0.148064 0.653985
-0.4763 0.220292 -0.750659
-0.488077 0.0518647 -0.749148
0.638729 0.476102 -0.0719502
0.377802 -0.416744 0.55531
-0.673499 0.528509 -0.306477
-0.635768 -0.331188 0.532505
-0.37565 -0.682461 0.476914
-0.471683 0.74404 0.129093
-0.740544 0.141574 0.408114
0.605575 -0.0348545 0.429475
-0.757493 -0.264906 -0.0450004
0.817798 0.0239115 0.124498
-0.145099 -0.504086 -0.6965
-0.189593 0.248281 0.790845
0.477386 -0.110824 0.549121
0.0472771 -0.0731274 0.83473
-0.0561319 -0.778929 -0.288989
-0.315655 0.745064 -0.458872
-0.682055 -0.460242 -0.159407
0.355916 -0.548452 0.49183
0.52393 -0.396539 -0.660653
0.158135 -0.661039 -0.542551
0.182353 -0.393548 -0.787239
0.809705 -0.155491 -0.347191
0.0713283 0.804875 0.215595
0.126944 -0.785953 -0.178608
-0.45643 0.137819 0.696772
-0.0420512 0.767748 0.301576
0.521538 0.20856 0.423443
0.321035 0.552371 0.29334
0.713405 -0.362101 0.227405
-0.182602 -0.825687 0.195091
0.427397 0.597441 0.123925
0.287975 0.434624 0.43966
0.158126 0.420996 0.552255
0.25527 0.527851 0.376287
0.23336 -0.728216 0.296113
-0.146567 0.1696 -0.855463
-0.150948 0.618163 0.467383
-0.163675 -0.252868 -0.775887
-0.0313571 -0.753881 -0.416273
-0.356477 -0.519774 0.654315
0.447029 0.631463 -0.0447152
0.755246 -0.31951 -0.37215
-0.545216 -0.353961 0.607085
-0.77649 0.208957 0.19244
-0.379352 0.773589 0.188499
-0.692124 0.0290534 -0.551849
0.340613 -0.203811 -0.830803
0.521651 0.39566 0.249401
0.56118 -0.112405 0.469525
-0.300704 0.849492 -0.276605
-0.393098 -0.538137 -0.517633
-0.439334 -0.772247 0.098491
0.325685 0.709553 0.0387955
0.0392608 0.045393 0.829988
0.489005 -0.679255 -0.119977
0.18183 -0.247684 0.755534
-0.308402 -0.36766 0.770823
0.381197 0.366686 0.416439
0.00429793 -0.208894 -0.823998
0.134793 0.717063 0.287159
-0.0271467 0.545911 -0.714843
-0.677562 0.216792 -0.583843
-0.571414 0.671061 -0.143402
0.0730359 0.27179 0.733072
0.171837 -0.23784 -0.841291
-0.80346 -0.198575 0.27552
-0.608683 0.510116 0.330937
0.0768499 -0.243644 0.804312
0.704288 -0.497199 -0.185158
-0.0409208 -0.815188 0.285818
-0.0157736 -0.732724 -0.454177
-0.0678354 0.48434 0.594872
-0.415867 -0.597951 0.557821
0.0226007 0.536485 -0.713828
0.24681 0.565171 0.346789
0.54374 -0.637885 -0.0624852
0.142403 -0.760639 -0.364895
-0.283185 0.87279 -0.207536
0.218817 0.624307 -0.568833
0.585657 -0.592245 -0.321593
-0.411522 -0.247335 0.751366
0.438935 0.231981 -0.731182
0.718689 -0.0891074 -0.50897
-0.653045 -0.624365 -0.00737924
0.0809037 -0.186065 0.810363
-0.0315898 0.537831 0.54303
-0.0346744 -0.823115 0.121029
-0.553236 0.58424 -0.502648
-0.321893 -0.703783 -0.310592
0.000541481 0.529291 0.549686
0.823049 -0.26869 -0.0411286
-0.666967 -0.58464 0.144496
-0.438681 0.238076 0.675674
0.711364 0.232547 -0.431179
0.0864719 -0.318473 0.777012
-0.225651 0.507926 -0.714347
0.213493 0.693289 -0.480111
0.483081 -0.542445 0.379317
0.103257 0.087173 0.806368
-0.22914 0.24621 -0.817879
0.489619 -0.23866 0.525072
-0.084715 0.904064 -0.0189742
-0.55153 0.43006 0.461319
0.165006 0.428217 0.541255
-0.0601362 0.354869 -0.817841
0.410743 -0.720034 -0.0966906
0.684545 -0.139591 -0.560813
-0.518496 -0.646317 0.427516
0.633873 0.440773 -0.326491
0.0418699 0.888735 -0.176011
-0.121117 0.822541 -0.371724
0.039615 0.813844 -0.370248
0.0602816 -0.194236 -0.839858
0.0646639 -0.76943 0.361928
-0.749212 0.21919 -0.448596
-0.598492 0.418101 0.424373
0.580883 -0.440496 -0.557671
0.570865 -0.188149 0.448986
-0.509229 -0.541382 0.533452
0.597542 -0.599159 -0.031119
-0.0514368 -0.61005 -0.610937
-0.572468 0.0741982 0.636417
-0.154075 0.906834 -0.181403
0.246067 0.383715 -0.751091
-0.767724 0.119998 -0.402621
0.614021 -0.465832 -0.495478
-0.774111 0.264002 -0.301285
0.0971177 -0.323093 -0.805244
-0.755611 -0.349274 0.21265
-0.411746 -0.342658 -0.662829
-0.749224 -0.0890366 -0.342712
0.733698 -0.430482 -0.246479
0.35975 0.4221 -0.669634
-0.116342 -0.808218 -0.0343556
-0.28455 -0.213565 0.828041
-0.554379 0.565929 -0.524133
-0.273074 0.288362 -0.794441
0.426 0.653554 -0.227994
-0.523357 0.509468 -0.602709
0.301807 0.753361 -0.131909
0.564883 0.196187 0.39235
-0.802126 0.0898261 -0.168906
0.00844934 -0.254779 -0.811381
-0.401551 0.733422 0.241497
-0.325985 -0.425346 0.732312
0.801242 -0.27513 -0.300755
-0.518351 -0.0593343 0.695363
-0.789764 -0.039346 -0.178804
0.750452 -0.442922 -0.00996922
-0.33119 0.845267 -0.0263092
-0.318092 0.0578222 -0.818123
0.109642 -0.82373 0.160762
-0.103525 0.403852 0.672073
0.523147 0.466582 -0.455761
-0.547285 -0.0875596 0.680636
-0.191245 -0.821525 0.0771962
0.536053 -0.378259 0.434168
0.0589845 0.713361 -0.521362
0.171255 -0.610437 0.542668
-0.290265 -0.0498766 -0.801716
-0.227338 0.801861 0.208986
0.0866026 -0.822837 0.140764
0.733343 0.0763575 -0.465604
0.861103 0.122192 -0.0937783
-0.380777 0.576503 -0.637223
-0.716059 0.435647 -0.355057
-0.0376816 -0.614979 -0.609647
-0.520763 0.589891 0.320442
-0.644119 -0.115791 0.587889
-0.526868 0.730088 0.0413206
-0.102931 0.7147 0.362864
0.288215 -0.613606 -0.578686
-0.3728 -0.658951 0.507051
-0.756265 0.191757 0.303527
-0.639462 -0.182212 -0.536131
-0.71963 0.426882 0.180804
0.394214 -0.134033 -0.803936
0.78869 -0.17841 -0.391235
-0.757442 0.353957 -0.0129121
-0.316171 -0.801242 0.182529
0.395659 -0.171942 -0.806681
-0.785019 -0.0380807 -0.212235
0.563747 0.444035 -0.433789
-0.681161 -0.553236 0.184336
0.0951209 0.34572 -0.808478
0.198597 -0.28735 -0.825175
0.246198 0.204411 0.647133
-0.121917 0.475196 0.604665
-0.450113 -0.678892 -0.263225
-0.24229 0.602171 -0.650385
0.355252 -0.370438 0.592933
-0.529426 0.570857 -0.536592
0.135712 0.095359 0.780735
-0.375846 -0.592893 0.579618
0.320295 0.49105 0.354857
-0.218081 -0.220167 0.846449
-0.0415427 0.621102 0.464082
-0.73301 -0.353679 0.416188
-0.291619 -0.247127 0.820868
0.750165 -0.286267 -0.412879
0.796819 -0.347651 -0.177149
-0.510482 -0.575715 -0.389046
-0.822432 0.0524373 0.053893
0.524636 0.228072 0.403593
0.523412 -0.490333 -0.575756
0.486406 -0.53919 -0.561397
-0.638908 0.54124 -0.409688
-0.624857 0.61767 -0.109687
0.309116 -0.294535 -0.821183
-0.458781 0.446426 0.52755
-0.587611 0.58613 0.225713
-0.0801322 -0.318699 -0.773989
0.769729 0.32912 -0.162114
0.194162 -0.267634 -0.831597
0.364543 -0.456863 -0.721268
-0.72397 -0.428442 0.103073
0.587741 -0.591423 -0.318652
-0.230658 0.827073 0.164182
-0.109621 0.0506169 -0.852403
-0.732965 -0.402544 0.119299
-0.493426 -0.484582 0.588801
-0.699072 -0.131017 -0.440677
-0.312783 0.851723 -0.0299951
-0.345638 0.829797 -0.282178
-0.49161 -0.737235 0.0507514
-0.135947 0.167571 0.829515
0.794818 -0.350045 -0.141332
-0.0291062 -0.0738265 0.86054
0.307876 -0.548756 0.522936
-0.0223665 0.460236 0.61559
0.832088 0.184094 -0.148877
-0.10309 0.868323 0.122683
0.0691097 -0.799597 -0.0733175
0.101296 -0.554804 0.634454
0.455231 0.459047 -0.546872
0.575585 0.53732 -0.232035
0.145409 -0.745437 -0.391806
-0.685309 -0.487689 -0.123278
-0.322881 0.850269 -0.256912
0.0444358 0.669913 -0.582798
0.0376504 -0.574833 -0.667199
0.0235146 -0.80228 -0.061648
-0.593571 0.297925 -0.646088
0.181068 -0.765844 -0.319013
-0.0704035 0.471662 -0.753535
0.489653 -0.682646 -0.169621
-0.444195 0.574098 0.416825
-0.782714 0.187902 0.189627
0.0941606 -0.216087 -0.840737
0.839369 0.0942542 -0.211936
0.748853 0.329041 0.015285
-0.129147 0.675858 -0.607611
0.110532 0.747271 0.2653
0.370284 -0.74565 -0.137502
-0.567042 0.490997 0.390196
-0.102934 0.923726 -0.154608
0.757984 0.131698 0.220341
0.304737 -0.711831 0.230162
-0.594733 0.51098 0.344195
-0.422437 0.507895 0.498663
0.81146 0.250286 -0.131131
-0.342199 -0.660429 0.517544
0.397277 -0.573266 -0.602147
0.14958 -0.781324 -0.213528
-0.181435 0.82408 0.187278
0.0833737 -0.765602 -0.360066
-0.459246 0.0454523 -0.772504
0.235411 0.74083 0.110262
-0.793172 -0.0468912 0.323265
-0.116456 -0.316174 0.818649
0.522872 -0.582624 -0.460075
0.764153 0.182973 0.202313
-0.20491 0.0357893 -0.835328
0.601901 -0.599249 -0.149862
-0.55415 0.643568 -0.375436
-0.0976818 0.729026 -0.529695
0.365972 -0.729815 0.0059047
0.345342 -0.454342 0.565997
-0.618495 -0.368883 -0.393539
-0.374158 0.515661 -0.691741
-0.47791 -0.574134 0.543204
-0.433332 0.721092 -0.403149
-0.67304 0.554783 -0.1581
0.338133 -0.329113 0.62242
0.532555 -0.0299349 -0.726245
0.386752 0.670442 -0.266458
0.470102 -0.694032 -0.146175
0.080282 0.5702 0.476066
-0.0627652 -0.344853 0.797666
0.598541 0.455683 0.0843805
-0.663258 0.299524 0.455561
-0.23034 -0.168278 0.855129
-0.390243 0.578342 0.451
0.3477 0.570328 0.251754
-0.199085 0.338332 0.733816
-0.461585 0.590547 -0.563454
-0.402057 0.56613 0.457161
0.0339793 0.0853637 0.823574
0.389463 -0.362169 -0.764874
-0.661973 0.570579 -0.131835
-0.241919 -0.232859 -0.765392
0.673038 0.103854 0.32633
0.433556 -0.649676 -0.468214
0.677512 -0.530822 -0.176079
-0.766858 -0.259336 0.365484
0.579115 -0.280973 -0.652951
-0.655832 -0.353015 -0.327699
-0.223825 0.173091 -0.839519
-0.771772 -0.29278 0.19796
0.554999 -0.637032 -0.193976
0.614261 -0.00678786 0.420615
0.594631 0.408073 0.153226
-0.598794 0.60441 0.162339
-0.622923 0.399367 -0.570475
-0.765099 -0.293278 0.103561
-0.623376 -0.625134 0.235385
-0.0672886 0.90416 -0.0283241
0.685475 -0.522734 -0.150365
0.349841 0.210771 -0.78931
0.262267 -0.454767 -0.744008
0.785781 0.186476 -0.323879
-0.451788 -0.749844 -0.0334999
-0.793497 0.00139924 0.316737
-0.670625 -0.508129 -0.138584
-0.116281 -0.708625 0.513546
0.126008 0.233325 -0.853228
0.197247 0.446781 -0.739243
-0.66167 0.497346 0.241583
-0.593566 -0.210441 0.616398
-0.632536 0.0191242 -0.624244
-0.550324 0.711565 -0.0489551
-0.635331 0.608351 -0.0714288
-0.215351 -0.797701 0.264296
0.48942 -0.63733 0.153307
0.271437 -0.0424822 0.72022
-0.75603 0.0865079 -0.436147
-0.256751 0.853675 0.0587286
-0.0375202 -0.619292 -0.603692
-0.801208 -0.19451 0.191565
-0.346691 0.378298 -0.749833
0.153032 -0.238892 0.773293
-0.00894646 0.755924 0.320723
0.29013 0.303626 -0.771105
0.27538 -0.677813 -0.471749
0.786284 0.153841 -0.347167
0.837838 0.0158827 -0.248317
0.4617 -0.312852 -0.739312
0.514419 0.197876 0.439339
0.070534 0.820019 -0.331719
0.410538 -0.0357598 -0.789038
0.537954 -0.402697 -0.640474
-0.594512 -0.459122 0.496887
-0.260728 0.445916 -0.746468
-0.462953 -0.431932 0.642715
-0.312333 -0.564422 0.632066
0.337741 0.13671 0.620819
-0.237724 0.65506 -0.6117
-0.296532 -0.0491983 0.817138
-0.71134 -0.472215 0.112898
-0.538092 0.12846 0.643547
0.846492 0.175256 -0.0854054
0.288512 -0.467098 -0.731961
0.577175 0.458055 0.111098
0.413662 -0.253816 0.585137
0.428097 0.108603 -0.769643
-0.316796 0.745013 0.274645
-0.61453 -0.621479 0.314838
0.103267 0.868521 -0.190538
