ply
format ascii 1.0
element vertex 10000
property float x
property float y
property float z
element face 0
property list uchar int vertex_indices
end_header
-0.62713 0.406578 -0.484817
-0.65895 -0.425734 -0.292123
0.645019 0.253203 -0.470236
0.0437928 0.791914 0.105826
-0.115234 -0.538238 0.705121
-0.235818 0.407233 0.575038
-0.0719768 -0.0466226 -0.867462
-0.404554 0.344134 0.530761
-0.689115 -0.2045 0.503126
-0.163933 0.822345 -0.201095
-0.344133 -0.388323 -0.669198
-0.784884 -0.215494 -0.20471
-0.0876203 -0.631535 -0.657976
-0.511372 0.640104 0.0218678
-0.0194679 -0.367945 -0.775904
0.319428 0.733214 -0.0692287
0.19084 -0.136067 0.814472
0.224857 0.7514 -0.324137
0.415481 0.0695053 0.677675
-0.420366 -0.677815 0.345089
-0.683668 0.00958372 -0.575582
-0.182841 0.653284 0.356842
0.792564 -0.170664 -0.47903
0.841956 -0.392093 -0.303111
-0.665671 -0.402176 0.467876
-0.388912 0.420525 0.468336
-0.274025 -0.731544 -0.356368
-0.484408 -0.61081 0.39948
-0.579131 -0.345556 0.594482
0.797625 -0.452989 0.0492516
0.275398 0.648362 0.282374
-0.470456 -0.581877 -0.418746
-0.60857 0.359948 -0.559135
-0.420531 -0.536266 0.576581
-0.79642 -0.190152 -0.204347
0.52813 0.163119 0.515945
0.15185 0.721922 -0.40703
-0.143672 0.256242 0.702911
0.0077618 -0.0342606 -0.874913
-0.702987 -0.419703 0.273218
0.293034 -0.756886 -0.453741
-0.504324 0.330743 -0.686906
0.834788 -0.24535 -0.404855
-0.791545 -0.00321086 -0.260611
0.677173 0.0314232 0.422044
0.119438 -0.850501 -0.0336338
0.732902 0.297193 -0.115573
-0.358697 -0.0348453 -0.815477
0.927535 -0.200386 -0.153865
0.157137 -0.267198 -0.80222
0.874566 -0.283883 0.0376159
-0.650654 0.496142 -0.185244
-0.552893 0.544806 -0.412818
-0.75578 0.060761 -0.386438
0.5897 0.200503 -0.583088
0.623484 0.181049 -0.562768
0.691971 -0.329171 0.408144
0.0323148 0.842056 -0.160724
0.013131 0.0723686 0.808707
0.349532 0.530064 0.375625
0.655922 0.406387 -0.185699
0.629561 -0.689859 -0.150707
0.472487 0.638281 -0.0502024
0.633875 0.374057 -0.343832
0.259091 -0.779179 0.319125
0.740503 0.209972 0.184486
-0.43546 -0.746823 -0.148274
0.868131 0.0577601 -0.154592
0.356826 0.60776 -0.452739
0.116039 -0.227675 0.81829
-0.158829 0.645842 0.363312
0.680737 -0.0252497 0.427071
0.108221 -0.852145 -0.0161685
0.145233 0.214731 0.740454
0.61208 0.324241 -0.447805
-0.299114 -0.375551 -0.698853
-0.718612 0.0991459 -0.530806
0.882433 -0.319745 -0.114234
0.809129 -0.0130467 -0.456542
-0.769327 -0.0117728 0.323016
0.208113 0.797914 -0.144567
-0.459698 0.671226 -0.104178
0.0223297 -0.153638 0.869021
-0.601746 -0.625941 -0.00202987
-0.856975 -0.0852778 -0.0117106
0.116428 0.274167 -0.791274
0.308603 0.226777 0.666757
-0.673348 0.471175 -0.280891
-0.0121377 -0.168911 0.876182
-0.34027 0.511299 -0.670306
-0.490404 -0.0809562 -0.724157
-0.789528 -0.0574424 0.305973
-0.565839 0.339688 0.390951
-0.694043 0.196592 -0.528074
0.406613 0.270056 0.557065
0.19469 -0.848536 0.134689
0.621971 -0.0434506 -0.688842
0.602022 0.43885 0.13166
-0.127949 0.450147 -0.784952
0.824817 0.103041 -0.268637
0.293707 0.598906 -0.510081
-0.148868 0.637009 -0.603748
0.312315 0.659779 0.196563
-0.217944 -0.795446 0.204482
0.851266 -0.392744 -0.286495
-0.312414 0.635913 -0.548591
-0.272173 -0.297394 -0.75259
0.232972 0.498453 -0.626298
-0.747898 0.213621 -0.320346
-0.46217 0.674628 0.00921232
-0.572834 -0.41239 0.553426
-0.705175 -0.0051265 -0.542888
-0.181426 -0.529708 -0.673627
-0.666219 0.462645 -0.358192
0.306825 -0.129604 0.748165
-0.791713 0.058888 0.158892
-0.709115 0.422292 -0.186872
-0.348175 0.53986 -0.640644
-0.81505 -0.095605 -0.196929
0.659236 0.26888 0.27177
-0.501795 0.315774 0.48034
0.0927197 0.287566 0.704618
-0.572522 -0.543777 -0.318469
-0.128723 -0.707453 0.487046
0.73086 -0.577666 -0.211836
0.621198 0.407539 0.145774
0.477524 -0.588067 -0.577467
0.459499 -0.593477 0.472366
-0.128882 0.831272 -0.0799213
-0.769458 0.265194 -0.0786707
0.485821 0.437828 0.327838
-0.58901 0.535183 0.135932
-0.673972 0.186826 0.341057
0.059822 0.35321 -0.785769
-0.553824 -0.581236 -0.28503
0.133574 0.571364 -0.602212
0.874436 -0.315035 -0.0465919
0.784966 -0.352603 0.27749
0.0279609 0.205481 0.754553
-0.0325777 0.303988 -0.827928
0.456259 -0.430476 0.572574
-0.78353 0.0758254 0.163933
-0.782139 -0.073096 0.338053
0.0373617 -0.79439 -0.39591
0.604825 -0.0139467 0.500764
-0.604912 -0.150856 0.613467
-0.53741 0.487288 -0.514649
-0.731757 -0.371978 0.227726
0.72522 -0.558357 0.10535
0.53335 -0.728507 0.185206
0.246888 0.741394 -0.326813
0.781917 -0.321789 0.314028
-0.343577 0.337268 0.573617
-0.153244 -0.687814 -0.555297
-0.188159 0.73714 0.210702
0.542944 -0.493154 -0.580887
-0.677213 0.465102 -0.214333
0.330187 0.0666833 -0.775491
0.72837 0.0987179 -0.502585
0.174382 -0.604336 0.60144
0.826428 0.0815884 -0.298624
-0.285038 -0.808094 -0.0663729
0.746427 0.246811 -0.273644
0.78031 -0.47123 0.0842279
0.667251 -0.665785 -0.00662931
-0.206986 0.802679 -0.0503703
-0.532292 -0.604267 0.332544
-0.0645954 0.108362 -0.883835
-0.831353 -0.193046 0.101389
0.292247 0.738658 -0.289813
-0.572657 -0.481371 0.501026
0.481664 -0.644302 -0.527183
-0.440174 -0.282789 0.702678
-0.0356661 -0.704996 -0.600352
-0.452614 0.33147 0.506044
0.691627 -0.381511 -0.500223
0.593621 -0.295915 -0.646322
-0.751774 0.0414744 -0.41334
0.286501 -0.704734 -0.540446
0.803171 0.168024 -0.186817
0.422073 0.354895 0.482701
0.306413 0.74075 -0.107432
0.827806 -0.271333 0.248783
0.80448 -0.0145199 0.253468
0.753863 -0.559936 0.000100143
-0.784952 0.162601 -0.187261
0.681161 0.335237 -0.29589
-0.373979 -0.675628 -0.366783
-0.407717 0.628843 -0.45724
0.486019 0.0320261 0.612555
-0.507834 -0.254245 -0.648334
-0.403543 0.559656 -0.571528
-0.372372 0.329693 -0.768066
-0.440088 -0.434137 0.629247
0.764629 -0.156186 0.33419
-0.135784 -0.0817726 -0.855903
0.327139 -0.184639 0.722481
0.277881 0.227567 -0.755405
-0.709059 0.199002 0.249586
0.371113 0.273339 -0.710372
-0.563719 0.44804 0.275817
0.869345 -0.345606 -0.267567
0.910157 -0.169374 -0.247231
-0.0749989 0.312679 -0.837655
0.0267806 -0.735743 -0.568876
-0.156437 0.413709 -0.802757
0.744053 -0.348973 -0.462067
0.311159 0.225304 0.665901
0.136178 0.440362 0.547068
0.254314 0.0929834 -0.79679
-0.78141 0.0510657 -0.278766
-0.256249 0.318946 0.639841
0.295223 -0.247593 -0.776711
0.528821 -0.622041 -0.503947
-0.605768 -0.399959 -0.49246
0.91943 -0.112507 0.0238536
-0.812219 0.0459253 -0.143203
-0.213569 -0.149346 0.840374
0.284706 0.753236 -0.21192
0.0977907 -0.852236 -0.0102762
-0.478641 -0.573134 0.496907
0.541005 -0.593673 0.398019
-0.730884 -0.191694 -0.400798
0.814463 0.0711869 0.187811
0.506219 -0.753434 -0.315658
0.0946512 -0.235766 0.823645
-0.416134 0.521136 -0.619095
0.27909 -0.610382 0.55622
0.500424 -0.764581 0.101545
0.837768 -0.0362983 -0.415135
-0.00943831 0.571297 -0.654424
0.295103 0.644448 0.25776
0.900843 -0.222231 0.0258279
-0.232945 0.118328 0.76077
-0.110985 0.813376 0.0340034
-0.6606 0.459551 0.0406577
-0.0888917 -0.765538 -0.422537
0.742173 -0.136482 0.359066
-0.0940645 0.669694 0.326066
-0.805683 -0.0321045 0.225026
0.441059 -0.790622 0.160592
-0.144152 0.813988 0.0178482
0.576768 -0.244043 0.522331
0.380309 -0.718162 -0.478081
0.0280305 0.272441 0.716266
-0.120954 -0.22483 0.841745
-0.335966 -0.799921 -0.0550706
0.48065 0.543595 -0.40191
0.872441 -0.190118 -0.368578
0.812203 -0.414788 0.0704978
-0.397596 0.55156 0.316845
0.593385 -0.610328 0.301423
0.0979968 -0.826432 -0.201013
-0.609193 -0.544925 -0.222355
0.56583 -0.123129 0.535204
-0.678812 -0.441338 0.409427
0.0569386 -0.634881 0.622147
0.35365 0.469268 -0.587913
-0.672418 -0.19263 -0.534562
0.317535 -0.705192 0.439317
0.403141 0.529337 0.320779
-0.376841 0.705413 -0.301839
-0.266407 -0.588547 -0.597638
-0.563721 0.496475 -0.467901
0.232524 -0.713583 -0.549674
0.793254 0.194149 -0.13182
0.246834 -0.439216 0.682519
0.537587 -0.596502 -0.516977
-0.395653 -0.773253 -0.153581
-0.0710552 -0.816573 -0.157393
-0.354236 -0.598291 -0.530401
0.0731566 -0.602817 -0.684537
0.178875 -0.844816 -0.103626
-0.68139 -0.102003 -0.558322
0.876351 0.060039 -0.0614251
0.404291 0.0221415 -0.75835
-0.473917 -0.384726 0.639442
0.490298 -0.686158 0.331737
-0.447679 0.169571 0.650599
-0.394211 -0.274638 0.726915
0.0712695 0.45011 0.548954
0.540565 -0.487173 -0.585805
0.29516 0.0344971 0.771094
0.254385 -0.356428 -0.76355
-0.132494 -0.829326 -0.0208834
-0.76065 -0.0668232 -0.379569
0.723569 -0.0702952 -0.586276
-0.240538 0.782154 0.0376581
-0.759286 0.0281148 -0.386875
0.858593 0.0923069 -0.053863
0.417945 0.50371 -0.510317
-0.435303 0.342836 0.509394
-0.485541 0.560832 0.237074
-0.666491 -0.510355 0.042431
-0.775393 0.132101 0.118272
-0.205064 0.474768 -0.748329
-0.41011 -0.057259 -0.778696
0.707028 -0.302189 -0.524638
-0.378297 0.055136 0.739067
-0.0437995 -0.562308 0.69762
-0.709628 0.301345 0.116214
-0.721423 0.406577 -0.185525
0.883856 -0.234995 0.096123
-0.830368 -0.136681 0.190894
0.702892 -0.583367 0.127995
-0.0380114 -0.836293 0.182257
-0.66817 0.252263 0.291064
-0.294344 -0.768038 -0.257757
-0.496751 0.640252 -0.144736
-0.66831 0.391396 0.135839
0.81805 -0.390572 -0.345627
-0.138879 -0.0736993 -0.857509
0.220332 -0.807812 0.25247
-0.238257 0.278454 -0.843518
0.152849 0.807678 -0.0344735
0.503487 -0.51015 0.499956
-0.167923 -0.664752 -0.594567
0.420662 -0.16041 -0.751888
0.428018 -0.770307 -0.338775
-0.218902 -0.819331 -0.00186402
0.835168 -0.299206 0.224811
-0.400466 0.272647 0.595243
-0.274463 -0.44126 0.708507
0.525767 -0.192702 -0.711761
0.333347 0.296871 -0.718481
0.437974 -0.730391 0.302028
-0.294467 0.753829 0.0795865
0.0433747 0.264956 -0.816241
-0.342295 0.71343 0.130103
0.865391 -0.044475 -0.343777
0.608569 -0.366929 0.482185
0.593685 -0.407304 0.484048
0.878869 0.0658745 0.00272723
0.0893193 0.231586 0.738631
0.490862 0.615247 -0.101809
-0.151581 -0.798296 -0.236928
0.622491 0.385805 0.178661
-0.340753 0.725088 0.104033
-0.717626 0.101411 -0.533838
-0.492481 0.650736 -0.0354876
-0.466956 0.201289 -0.769006
-0.16366 0.793111 0.0826478
0.855629 0.103113 -0.0186392
0.780671 0.218037 -0.120045
0.164906 -0.806528 -0.365357
0.576744 0.445831 0.168871
0.0975519 0.564347 -0.622766
0.809225 -0.4653 -0.0606652
-0.275079 0.622531 -0.588062
0.784089 0.198075 -0.207649
-0.796814 -0.260801 -0.104237
0.858009 -0.368808 -0.0826298
0.128334 0.326301 -0.772605
0.546135 -0.73974 -0.296096
0.409382 -0.693554 -0.505018
-0.857187 -0.112264 -0.00568207
0.302988 0.172208 0.704899
0.732696 0.23332 -0.34054
0.916143 -0.0208347 0.0590839
-0.758484 -0.31402 0.269196
0.665837 0.395336 -0.164624
0.790069 -0.451305 -0.333913
-0.00561456 -0.783196 -0.420793
0.625457 -0.652695 0.178982
-0.241845 -0.516385 -0.651241
-0.0729666 0.133289 0.777173
-0.53714 -0.462776 -0.503466
-0.0261344 0.230344 -0.846891
-0.372874 -0.663616 -0.391295
0.0333521 -0.551443 -0.714333
0.689233 -0.624744 -0.231306
-0.518287 -0.159603 0.683229
-0.211938 0.763307 -0.35628
0.497365 -0.0640894 -0.743326
0.306447 0.284488 -0.730267
0.148735 -0.772127 0.403513
0.220061 0.69801 -0.404958
0.152982 -0.39452 0.739751
-0.0755148 0.621628 0.380471
-0.0379365 -0.0683825 -0.864652
-0.232137 -0.791011 -0.234719
-0.189147 -0.0183121 0.820428
-0.488151 -0.0297882 0.692431
-0.650546 0.0873362 0.478343
0.26199 -0.412958 0.693998
-0.618911 -0.238145 -0.59271
0.436099 -0.150369 -0.748712
-0.440234 0.0798866 -0.788814
0.173187 0.782604 0.0634738
-0.766326 0.0833815 0.210577
0.473574 0.476281 0.293697
0.314579 -0.324032 -0.754082
0.532853 -0.398341 0.530025
0.851197 -0.337965 -0.332935
0.813561 0.167112 -0.0786768
0.459908 0.643066 -0.0208262
0.372513 0.109428 0.70202
0.507066 0.135007 -0.684334
-0.668366 0.131812 -0.59437
0.316097 0.611382 0.292714
0.023771 -0.826905 -0.146392
0.515222 0.308986 0.430249
0.535584 -0.387907 0.53042
0.609624 -0.0971342 -0.702451
-0.667105 0.247373 -0.544977
0.609381 -0.702516 -0.205411
-0.146339 -0.802266 0.245419
-0.837613 0.0525501 -0.00487106
0.771863 -0.304143 -0.455904
-0.410051 0.619935 -0.468864
0.524542 0.411339 -0.478306
0.780285 -0.0573159 -0.512171
0.389183 -0.499506 -0.688248
0.776942 0.181918 -0.317751
-0.773442 0.0464454 -0.315938
-0.176837 0.409401 -0.800516
-0.258976 -0.428156 0.721169
-0.329712 0.76467 -0.0672103
0.0570702 0.504176 -0.701158
-0.42433 -0.456888 0.624655
-0.675693 -0.390693 -0.29298
0.263798 0.327833 0.614475
-0.247048 0.625694 0.345658
0.611374 -0.675484 -0.384974
0.211169 -0.205229 0.790543
0.237187 0.131172 0.758799
0.236631 -0.539488 0.620124
0.818866 -0.322369 0.234741
-0.696412 0.321911 0.133077
0.439313 0.410774 -0.576591
-0.569362 0.435141 0.283778
-0.119022 -0.234514 0.838643
-0.548101 -0.239851 0.648769
-0.271147 -0.770145 0.295123
-0.214654 0.706263 -0.477885
0.539477 0.24223 0.453222
-0.438872 -0.691474 0.279227
0.25329 0.41199 0.536891
-0.61953 0.387892 0.259238
0.770241 -0.526889 -0.224722
0.34758 -0.651498 -0.599509
0.324855 0.656126 0.18336
-0.463237 0.133176 -0.772281
-0.765181 0.0422344 -0.354193
0.0653402 0.825838 -0.0046183
-0.553703 -0.652175 -0.156876
-0.404559 0.707596 -0.182681
0.759112 -0.475284 0.151619
0.144678 0.446637 -0.705708
-0.0830384 -0.466245 0.748108
-0.797852 -0.282978 -0.0540356
0.0580952 -0.329854 0.788809
0.464351 0.614302 -0.249194
-0.307883 0.688693 -0.467174
-0.091942 0.701267 -0.514992
0.642791 0.00923527 0.465472
0.889343 -0.1888 -0.313877
-0.829342 -0.1993 0.102569
0.705879 -0.625857 -0.123484
-0.195964 0.0851111 -0.872002
0.478445 0.560208 0.129203
-0.602343 0.546937 -0.19363
-0.296459 0.626787 0.307722
0.109384 0.676533 0.290971
-0.235296 0.732975 0.186552
-0.378942 -0.786894 0.0244352
-0.00905669 -0.826563 0.219417
-0.540779 -0.0361442 -0.695126
-0.719487 0.227966 -0.439252
0.511861 -0.106665 -0.732135
0.163542 0.724095 -0.397487
-0.306521 -0.549725 -0.600795
-0.747585 -0.374119 -0.0411552
-0.0671427 0.844373 -0.0559178
0.572622 0.521979 -0.190004
0.599521 -0.63743 -0.42795
-0.312122 -0.780627 0.170309
-0.0798767 -0.456092 -0.750157
-0.17308 -0.784495 -0.300975
0.0229458 0.145205 0.778994
-0.0307643 0.118002 -0.879973
0.255163 -0.782479 0.311101
0.0742088 -0.793201 -0.430073
-0.739576 -0.35712 -0.142968
0.638537 0.375206 -0.33147
-0.76706 -0.234834 -0.232317
-0.436934 -0.309874 -0.65859
-0.536632 -0.698492 -0.092089
0.386974 0.63961 0.114608
-0.0752708 0.375156 -0.820075
-0.183174 0.804524 0.00343564
-0.766335 -0.120686 -0.355481
0.278768 0.492115 -0.609927
0.0854717 -0.5056 -0.729928
-0.344819 -0.798452 -0.0592666
-0.0590675 -0.700082 0.518605
0.129702 -0.844045 -0.0865622
0.302302 0.670944 0.188611
0.331074 0.686467 -0.351305
0.251976 0.744022 -0.320196
0.323533 0.291427 -0.723048
-0.141664 0.499244 0.518847
0.648593 0.0903706 0.425693
-0.670101 0.389548 0.132346
-0.0739033 -0.202285 0.86419
-0.263333 -0.506292 -0.646258
0.0452238 0.475284 0.526913
-0.645628 -0.350294 -0.442632
-0.430452 0.21964 -0.79638
-0.55253 0.194482 0.532488
-0.0785439 0.565477 -0.685773
-0.717046 0.132784 0.302843
0.544527 -0.637504 0.348339
-0.196306 -0.60112 -0.626559
0.895667 -0.115777 -0.286979
0.760797 -0.537628 0.0202494
-0.227862 0.443081 0.546559
0.301505 -0.752835 0.361455
-0.446662 0.67822 0.0557031
-0.151471 0.274869 0.688555
-0.0230454 -0.823874 0.222622
-0.484314 0.331343 -0.704921
-0.6462 0.476907 0.0519104
0.815113 0.128736 -0.267265
0.283076 0.592374 -0.524003
0.00137135 0.821012 -0.273261
-0.0372929 0.0724953 -0.884795
0.0672497 0.0939838 0.797451
0.240153 0.55653 -0.579042
0.909342 -0.168669 0.0460764
0.438932 -0.77688 -0.267651
0.421612 -0.478745 0.567272
0.00307426 0.702552 0.266432
0.220713 -0.200619 0.788333
-0.479498 0.659694 -0.0499298
-0.633123 0.508131 -0.0658807
-0.626275 -0.344089 -0.499265
0.665608 -0.253251 0.437595
0.418162 -0.786447 -0.235116
0.38353 -0.592433 0.527054
0.607097 0.126612 -0.609829
-0.737703 0.226302 -0.357884
-0.111875 -0.153894 -0.838588
-0.780159 0.226835 -0.0364969
0.187659 0.65448 -0.485584
0.526013 0.162083 -0.657183
-0.855548 -0.0850205 0.0301344
-0.0377079 0.402682 -0.801288
-0.502463 0.276828 0.515588
0.512714 0.277067 -0.607245
-0.277642 -0.180217 0.810786
-0.0901416 0.823368 -0.253445
0.670122 -0.380571 -0.52317
0.601794 0.483358 -0.189965
0.655708 -0.120086 -0.662746
-0.487349 -0.469488 -0.535001
0.363164 0.403754 -0.632461
0.579528 0.50826 -0.226102
0.361072 0.291722 0.581047
-0.770821 0.0401527 0.251401
-0.130914 -0.367132 -0.775792
-0.249863 -0.608633 0.622645
-0.173715 0.179662 -0.875099
-0.256823 0.379149 -0.798682
0.764558 -0.329856 0.332034
0.129961 -0.645743 -0.654237
0.0173281 -0.558283 0.690915
-0.471602 0.529215 0.283158
0.0964236 0.341996 -0.777824
0.37007 0.464468 -0.580766
-0.270285 -0.113148 0.815131
-0.737173 0.287009 0.0383525
-0.754234 -0.338338 0.160873
-0.106964 0.510625 0.507395
-0.054471 -0.82475 -0.108423
0.468982 -0.77218 -0.169505
-0.183376 0.650001 -0.574645
0.57185 -0.541743 -0.53111
0.882159 -0.158068 0.147175
-0.326766 0.695925 -0.436592
0.0691956 -0.577012 0.659546
0.800404 -0.350432 -0.402449
-0.24788 -0.814569 -0.00964702
-0.0334369 0.481355 -0.758291
0.834296 0.00876756 -0.37533
0.637818 -0.149976 -0.668443
-0.797116 -0.268966 0.077924
0.249571 -0.121333 -0.812858
0.265196 0.0661119 -0.79946
-0.57472 0.390841 0.32598
0.133577 -0.791228 -0.467364
0.472284 -0.588269 0.46699
0.344217 0.393046 -0.653317
-0.624822 0.500179 0.0862856
-0.232686 -0.709488 0.453849
0.409832 -0.766013 0.255856
-0.78253 -0.188874 0.332546
-0.188828 0.608706 -0.628588
0.479244 0.607804 -0.214816
-0.284566 -0.670881 -0.466478
-0.792609 -0.292219 -0.0504214
0.0784531 -0.861151 0.0688885
-0.196484 -0.575315 -0.640828
-0.192824 -0.752469 0.361514
-0.149761 -0.166917 0.855014
0.29186 -0.165407 -0.792108
-0.296289 -0.71991 -0.359129
0.78269 0.168113 0.148442
-0.750972 -0.326255 0.286541
0.0781527 -0.807336 -0.328388
0.45051 0.626034 -0.242985
0.608877 0.0921945 0.466462
0.262892 -0.800339 0.249397
0.477371 -0.775038 0.186057
-0.327474 -0.335768 -0.704394
0.45549 0.0274186 0.641538
-0.212327 -0.683834 0.520984
-0.337502 0.740273 -0.224793
0.285561 -0.409103 0.687372
0.390374 -0.0225455 0.702706
0.834043 -0.434771 -0.274717
0.746074 -0.0722405 0.354686
-0.0586582 0.423368 -0.801677
0.831891 0.149096 0.0093153
0.52938 -0.496389 0.491671
-0.188045 0.649732 -0.573756
-0.34622 0.375252 0.53907
0.510884 0.584945 -0.185748
0.133198 -0.499793 0.686058
-0.269501 -0.150496 0.821085
-0.647574 -0.225016 0.565171
-0.448873 -0.0957939 -0.745417
0.463184 -0.354433 0.590056
0.176873 0.124193 -0.816062
-0.723964 0.39939 -0.300343
-0.410554 0.16161 -0.817768
-0.569458 0.255873 0.466601
-0.554381 -0.330768 0.619004
0.368139 0.364188 0.522859
0.92687 -0.092504 -0.144826
0.0859667 0.838283 -0.13638
0.0728866 0.812583 0.0381536
-0.127692 -0.701665 -0.545728
0.431671 0.0775661 0.659157
-0.30423 -0.266861 -0.751293
-0.519016 -0.183246 -0.677283
0.521785 -0.753046 -0.139266
0.618626 0.392833 -0.346742
0.455444 0.627521 -0.213986
-0.17515 0.592966 0.420597
-0.545536 0.386413 -0.609373
-0.50894 0.597621 -0.392123
-0.464007 0.295667 -0.736522
-0.198931 0.527007 0.4762
0.86628 0.0197519 0.14165
-0.145573 -0.465383 0.736035
0.42294 0.427052 0.419531
-0.699017 -0.439523 0.161911
-0.561172 -0.639526 0.167818
0.714787 -0.600025 -0.198376
0.721705 -0.416272 -0.451049
0.0274288 -0.46114 0.735942
-0.770209 0.0795612 -0.310566
-0.546264 0.495735 0.242599
-0.485689 0.532779 -0.517005
0.647173 -0.0124162 -0.651203
-0.199192 -0.817809 0.0757422
0.8572 -0.0735984 -0.389392
-0.42498 -0.572873 -0.488786
0.668143 0.233554 -0.458035
-0.615286 -0.386751 -0.4848
-0.0655831 -0.193199 0.869891
0.752722 -0.562506 -0.153625
-0.613054 -0.468049 -0.355917
0.810711 -0.0179576 -0.458104
-0.47408 0.11911 -0.76233
0.479552 -0.75339 -0.367625
0.755222 0.261433 -0.114584
0.367351 0.0997837 -0.753553
0.715372 -0.367621 0.375238
-0.456388 0.623133 -0.413891
-0.135182 -0.495839 -0.715276
-0.30256 -0.103957 -0.8222
-0.43884 0.125728 -0.792968
-0.753761 0.090911 -0.377334
0.348745 -0.319081 0.680046
0.184769 -0.15925 -0.826014
-0.543157 -0.367736 -0.562309
-0.612725 -0.329996 -0.534366
-0.75383 0.30947 -0.195373
-0.759703 -0.0977221 -0.379662
-0.741848 -0.291468 -0.230738
0.480926 0.554691 0.136595
0.0818087 -0.789441 -0.455914
-0.542037 0.190155 0.546005
-0.441588 -0.704345 -0.231383
-0.274205 -0.807464 0.0383417
0.817438 -0.0389443 0.242931
0.665598 0.391635 0.0807794
-0.624716 0.37131 0.265264
-0.786037 0.211289 -0.109218
-0.673852 0.126179 0.398803
-0.835603 -0.146152 0.144557
-0.226971 0.482566 0.508862
0.58161 -0.528712 -0.533039
0.702929 -0.277072 -0.541746
-0.0221966 0.588357 -0.641034
0.496789 -0.757329 -0.304295
0.164303 0.010389 0.812089
0.783813 -0.34549 0.290812
-0.0432624 -0.322187 0.811909
-0.237796 -0.711312 0.448078
0.220894 -0.0380411 -0.835959
0.260904 0.639601 -0.468308
-0.430727 -0.649498 -0.353717
0.434113 0.577479 -0.425876
-0.47682 -0.677895 -0.232856
-0.0675384 0.487757 -0.763952
0.75105 -0.570344 -0.0121453
-0.670605 0.465904 -0.126848
0.817255 0.00501456 -0.418629
0.549058 0.554608 -0.110231
0.373552 -0.0296183 -0.782363
0.735651 -0.575394 0.0305308
-0.153829 0.187755 0.745911
-0.321208 -0.652062 0.565521
-0.550595 0.448873 0.289444
0.101093 -0.401043 0.747664
-0.633955 -0.565436 0.054068
-0.713785 0.226768 0.198426
-0.625509 0.179228 -0.623872
0.691205 0.287838 -0.349637
0.451905 -0.778267 -0.183123
0.0528517 0.833854 -0.195434
-0.034726 0.186715 0.758002
0.173283 0.686898 0.266956
-0.00268158 0.855467 -0.0933355
-0.536561 -0.680126 -0.131796
-0.518023 0.217309 -0.722257
-0.166941 -0.811821 -0.12645
0.624336 0.386813 -0.344003
-0.269997 0.611381 -0.603437
-0.508655 0.523341 -0.501236
0.587663 0.495566 -0.232315
-0.125275 0.398094 -0.813377
-0.723701 -0.368397 0.359225
0.310746 -0.83588 -0.0177373
0.762022 0.078634 0.273964
0.698034 -0.448391 0.352303
-0.281678 -0.0990183 -0.831194
-0.21537 -0.00985573 0.81098
-0.471919 0.0909954 -0.762368
-0.0138148 -0.680632 -0.621783
-0.806506 -0.0957255 0.264647
-0.254499 0.0558217 0.778636
-0.300671 0.658332 0.269105
0.822888 -0.372462 0.128624
0.175313 0.280254 0.697215
0.191087 0.460318 0.515234
0.566547 -0.26643 -0.682018
0.614865 -0.269745 -0.637492
-0.629728 -0.0715244 0.571379
0.254635 0.375763 -0.707987
-0.502081 -0.669458 0.223919
0.817965 -0.350478 0.192756
0.811997 -0.034933 -0.462599
0.293053 0.195658 -0.757813
0.412772 0.370527 0.479549
0.635448 0.335528 0.22508
0.176068 0.545731 -0.613827
-0.0855102 -0.0561081 0.857164
0.248575 0.771726 -0.0162137
0.0276011 -0.336526 0.792177
-0.0661214 -0.646648 -0.650142
0.18611 0.788305 -0.277633
-0.353819 0.754107 -0.0568202
0.715069 -0.0434844 -0.600575
0.15498 -0.860902 0.0274793
0.632203 0.450267 -0.0539923
-0.192391 -0.667412 0.555787
-0.711022 -0.134396 -0.50378
-0.370805 0.582847 -0.569981
0.790524 -0.442601 -0.341693
-0.0679925 -0.572666 -0.692782
-0.835977 -0.124242 0.165417
-0.391066 -0.760447 -0.183557
0.365016 0.591578 0.252962
-0.684205 -0.346552 -0.330288
0.0297792 -0.606374 0.65272
-0.799543 0.164299 -0.0109411
0.508149 -0.133781 0.589343
-0.417761 0.193059 -0.811524
0.101653 0.386885 -0.763283
-0.633316 0.266159 -0.575615
-0.578033 -0.474367 -0.433957
0.403459 0.190727 0.616188
0.820189 -0.441455 -0.0591904
-0.731144 0.251288 0.110058
-0.5355 -0.344282 -0.582422
0.21041 -0.765971 -0.475041
-0.238469 0.677103 -0.516935
-0.207738 0.740451 0.194369
-0.802412 -0.236483 0.193389
-0.133373 0.728527 0.24534
0.0390224 0.590162 -0.616805
0.453907 0.564455 0.161628
-0.194006 0.335626 0.638723
0.433733 0.605309 0.109156
-0.668543 -0.494705 0.159116
-0.105357 -0.807817 0.242081
0.393802 -0.10023 -0.771156
0.440719 -0.445705 -0.679577
-0.101272 0.497338 -0.758505
0.428107 -0.78801 -0.154093
0.477116 -0.679633 0.355467
-0.353236 -0.184728 -0.765841
0.878788 -0.231448 -0.321476
0.484873 -0.751045 -0.375155
0.644959 -0.653934 0.141383
-0.827791 -0.0403926 -0.119706
0.215655 -0.0651934 0.818779
0.552488 -0.0599475 0.549118
-0.574613 -0.10744 0.635595
-0.753041 -0.0224656 -0.40908
-0.763503 0.108822 0.187132
-0.0773969 -0.117833 -0.84985
-0.154356 -0.803249 -0.198432
0.400987 0.642173 -0.358228
0.828536 -0.0654548 -0.437867
0.78263 -0.511127 -0.227713
-0.667504 -0.474463 -0.172948
0.449779 -0.767472 -0.318191
0.801064 0.162627 -0.243716
0.159101 0.735866 0.194673
-0.0513702 -0.834348 -0.0396672
0.245258 -0.79256 -0.411878
-0.308897 0.420474 0.522431
-0.261534 0.501197 0.474953
-0.683207 0.417968 0.035907
-0.737195 0.359515 -0.254722
0.426999 -0.26349 0.634395
0.273795 -0.601526 0.564591
-0.211833 -0.743107 0.378815
-0.105463 -0.0240827 0.84148
-0.548688 -0.182175 0.66327
-0.68236 -0.302417 -0.396692
-0.318356 -0.77112 0.227581
0.119775 0.369657 0.625993
0.507299 -0.572351 -0.563726
0.162822 -0.647738 0.57486
0.025952 0.386885 0.619181
-0.558043 0.0829498 0.593516
-0.493225 -0.736785 -0.0011056
0.434276 0.26651 -0.672369
0.718223 -0.624802 -0.052965
-0.813187 -0.0782352 0.234772
-0.103759 -0.67549 0.55106
-0.38722 0.00573543 -0.808671
0.723464 0.305763 -0.153598
-0.378546 0.72619 -0.160639
0.800398 -0.497302 -0.187948
0.14568 -0.75678 -0.516725
-0.247632 -0.177423 0.82104
0.0954646 -0.809793 0.291252
-0.0438382 0.734702 -0.471288
-0.568108 -0.511249 0.481814
0.231139 -0.754905 -0.483827
-0.186839 0.691989 0.305147
0.314239 -0.832071 -0.089409
-0.554579 0.600675 -0.0168111
-0.278248 -0.637319 -0.538235
-0.115113 0.123427 0.777281
-0.289045 0.257707 -0.838845
0.402911 0.579444 -0.451194
-0.684534 -0.477978 0.0527233
0.084591 0.374879 -0.771956
-0.588639 -0.32563 0.591978
0.817 -0.314624 0.251426
-0.723529 0.400035 -0.140775
0.616563 0.459405 0.0472261
-0.117154 0.597379 0.414114
0.593022 -0.420027 0.48164
-0.721781 -0.422174 -0.046511
0.77926 0.222479 -0.107683
-0.625119 -0.4402 -0.370844
-0.680993 -0.21979 -0.498188
0.0714486 -0.746135 0.448688
0.361322 0.0594385 -0.765529
0.0689632 0.37732 -0.776024
0.627052 -0.328976 -0.594514
-0.456026 0.671705 -0.139337
0.347106 0.606746 -0.461472
0.599442 -0.228258 -0.674325
0.334337 -0.0329232 0.747478
-0.251838 -0.183306 0.817509
-0.527286 -0.393124 0.599194
-0.347049 0.615165 0.283213
-0.61894 -0.490356 0.438206
0.664571 0.360372 0.139195
0.51569 -0.715046 0.242338
-0.107421 -0.348816 -0.781634
-0.483544 -0.279542 0.682543
-0.245829 -0.775648 -0.277358
-0.828234 -0.175521 0.159229
0.044929 0.672971 -0.518639
0.759485 0.249416 -0.144177
0.762453 -0.556229 -0.0564489
-0.0895065 0.693879 0.292196
0.675438 0.375682 0.0933973
0.891607 0.0365372 -0.0414832
0.279593 0.185913 -0.765017
-0.648128 -0.294534 -0.498768
0.370303 -0.810656 -0.122455
0.777795 -0.165058 0.319604
-0.0442984 -0.416112 -0.761598
-0.367564 -0.262458 -0.719505
-0.328295 0.313417 0.603373
-0.453182 0.301765 -0.740382
0.383439 -0.0968642 0.699152
0.430117 0.520683 0.29349
0.790254 0.209781 -0.0667567
0.276512 0.116264 -0.783147
-0.52625 0.302895 0.471753
-0.757281 0.115788 -0.344453
0.170874 0.46954 0.509188
0.341399 0.258285 0.61976
0.507468 0.334493 0.419302
-0.832438 -0.16077 -0.133051
-0.269559 -0.781701 0.225017
0.480549 -0.359744 -0.69054
-0.487501 0.260324 -0.737646
-0.752654 0.213509 -0.298883
-0.407411 -0.0855307 0.751017
-0.788742 -0.154337 -0.276491
-0.175485 0.817222 -0.217137
0.451954 -0.0344275 0.644413
0.68285 -0.100527 -0.637155
-0.632512 -0.510887 -0.213701
-0.157383 -0.474592 -0.716119
0.130082 0.299022 0.695583
0.0571955 0.457812 -0.737678
0.794866 -0.351818 -0.407527
-0.0375884 -0.79296 -0.354853
-0.16346 0.0615098 -0.873608
0.809006 0.143604 -0.268659
-0.0729651 -0.235977 -0.815364
0.43271 -0.788579 -0.0662495
-0.588256 0.138331 0.525261
-0.456246 -0.231747 0.711142
-0.113915 0.0271864 -0.8761
-0.468806 -0.701673 0.199432
0.686682 -0.534789 0.243931
-0.762485 0.116884 -0.320141
-0.0887132 -0.808422 -0.205433
-0.751068 0.0822218 -0.395444
0.122815 -0.702971 0.528966
-0.739826 0.199684 0.147932
0.20497 -0.222503 -0.806443
0.218681 -0.327128 -0.7784
0.024803 -0.273265 -0.804157
-0.100584 -0.324668 -0.788842
0.0420226 0.646911 0.335171
0.212818 0.22813 0.71339
0.567906 -0.726764 -0.148403
-0.765016 0.0255694 -0.362985
-0.56059 0.562139 0.1397
0.109557 -0.771388 -0.505928
0.473657 0.193602 -0.679712
0.0746752 0.207588 0.750641
0.326617 -0.629649 -0.643756
-0.552544 0.453434 -0.539663
-0.425133 -0.17444 0.744395
0.336951 -0.823952 -0.0954016
-0.791004 0.19687 -0.0798457
-0.509399 -0.213235 0.681302
0.155377 -0.220438 0.806318
-0.323351 -0.751779 -0.269684
-0.410488 0.710276 -0.0818652
-0.728247 -0.0960511 0.436759
0.680785 -0.623107 -0.291399
-0.432914 -0.171983 0.739968
0.811884 -0.472662 -0.099336
-0.264541 -0.398385 -0.70385
0.113907 -0.746489 -0.541197
-0.500651 -0.640854 0.297066
0.136717 -0.464835 -0.741161
-0.546366 0.600096 -0.145688
0.602039 0.0550826 0.490419
-0.750697 0.0801589 0.26591
0.233612 -0.380155 -0.762434
-0.681785 0.279071 -0.494203
0.120079 -0.649641 0.589591
0.569479 -0.726794 -0.241788
0.258898 -0.72975 -0.512213
0.445235 -0.78321 -0.0906963
0.483817 0.585739 -0.308454
0.0568231 0.723951 0.226673
0.275135 -0.748219 -0.475458
0.511393 -0.758337 0.0702091
0.740125 0.00814529 0.34356
0.599532 -0.394361 -0.589877
-0.177348 0.00739871 -0.863785
-0.0632215 -0.679879 -0.621661
-0.79648 -0.0957764 0.298701
0.821475 0.113851 0.13182
-0.237144 0.795113 -0.187525
0.106421 -0.567832 0.651737
0.0685875 -0.0368228 -0.876553
-0.643813 0.294147 0.301935
-0.518358 -0.632749 -0.256959
-0.438113 -0.296142 0.697809
0.099636 0.447174 -0.726067
-0.203297 -0.0530205 0.824834
-0.328993 -0.219593 0.780045
-0.0416652 -0.711733 -0.590464
-0.52932 0.608257 -0.23025
-0.64848 -0.235246 -0.544164
0.192177 -0.497623 -0.729328
-0.485584 -0.434104 -0.559579
-0.505692 -0.253266 0.674409
-0.566846 -0.623292 -0.184999
0.388249 0.0834909 0.702078
0.434674 0.0180199 0.661541
-0.544799 -0.110899 -0.683646
0.534246 -0.373257 -0.650369
-0.48569 -0.0874458 0.698922
-0.0579464 0.357334 0.642619
0.153032 -0.862973 0.0438321
0.622627 0.446066 -0.231687
-0.48355 -0.700365 -0.172938
0.327757 0.658223 0.173914
0.609463 0.330919 0.276379
0.710571 -0.476398 -0.424239
-0.641532 0.422194 0.183976
0.366428 0.372646 0.518269
-0.719166 0.257146 -0.420841
-0.331105 -0.614215 -0.529764
0.606935 0.397288 0.189862
-0.29884 -0.71187 0.430116
-0.105499 0.500749 0.517533
0.470527 0.636931 -0.0254269
0.445462 -0.563215 0.503892
0.0740094 -0.466564 -0.742436
-0.377156 -0.769003 0.138353
-0.598029 -0.526253 0.394163
0.384444 -0.266081 -0.743984
0.191675 -0.708315 0.49881
-0.818688 -0.0604161 0.205449
-0.42894 -0.768062 -0.106988
0.68642 0.326471 -0.297772
0.574899 -0.720781 0.0239521
-0.0511504 -0.782682 -0.391648
-0.18244 -0.504541 0.709853
0.256489 -0.689782 0.493193
-0.567582 0.585376 -0.0841794
-0.765538 0.179592 -0.263621
-0.091331 -0.801333 -0.255994
0.0498484 0.824065 0.00332631
-0.655312 -0.521057 0.136787
0.840644 -0.257451 0.225874
-0.662961 -0.112164 0.540193
0.3271 0.674194 -0.373025
0.813752 -0.419455 0.046847
-0.122945 -0.713569 -0.523088
0.599614 -0.396231 -0.588836
0.417276 -0.298525 0.634465
-0.567988 -0.494149 -0.416609
0.552749 0.550128 -0.104405
-0.148869 0.0835501 -0.877015
0.928808 -0.208036 -0.142729
0.778324 0.217528 -0.148956
-0.554849 0.318858 -0.639484
-0.0224078 -0.705973 0.512912
0.504661 -0.762979 0.0116848
0.893154 -0.168192 -0.315296
-0.6669 0.437249 0.0692402
-0.841002 -0.151158 0.101869
0.205615 0.781051 0.0166339
-0.438394 0.280591 -0.759677
0.31032 -0.1783 0.735934
0.502969 0.0539028 0.594805
0.0448253 -0.800616 -0.355067
0.512104 0.244724 0.478307
0.37394 0.354105 -0.66386
-0.821382 -0.0920929 0.212655
-0.646031 0.331952 0.261486
0.336266 0.657981 0.16
-0.340601 0.0106945 0.764384
0.611133 0.477044 -0.0621229
0.943326 -0.0907406 -0.0583604
0.530805 -0.62915 -0.496271
-0.518456 0.506564 -0.512684
0.0967718 0.542909 0.444609
0.372708 0.702113 -0.0376141
0.668833 -0.112426 -0.651568
0.315134 0.54043 0.380176
0.61258 0.139805 -0.598098
0.655574 0.404984 -0.195
-0.573331 -0.669432 -0.0355381
0.637985 -0.409682 0.448459
0.908252 -0.0160253 -0.104085
-0.509709 -0.374209 -0.581074
0.590672 0.412753 -0.375746
-0.714443 -0.435635 -0.0992717
-0.522756 -0.63361 0.276432
0.302924 -0.0777179 0.76059
0.0756665 0.3815 -0.772772
-0.358704 0.705357 0.130655
0.441257 0.453698 0.371266
-0.787886 0.203356 -0.0312267
-0.35754 0.461098 -0.696001
-0.508604 -0.485354 -0.506681
0.439748 -0.273153 0.623229
-0.508095 -0.522132 0.520268
0.526937 0.371368 0.354361
-0.396872 -0.759491 -0.17886
-0.250395 0.549695 -0.6852
-0.134423 0.8074 -0.275976
-0.276748 -0.602642 -0.579413
0.44527 -0.784321 -0.047878
-0.81631 0.117128 -0.0699568
-0.0256832 0.429137 0.582411
-0.50631 -0.585712 -0.364216
0.566707 -0.29039 0.527771
0.429716 -0.787235 0.18585
0.562279 -0.509471 -0.557875
0.118156 -0.563868 -0.710245
-0.277986 0.372129 -0.7931
0.28564 0.147518 0.727192
-0.338253 -0.521905 0.634325
-0.847014 -0.0233582 0.0696302
0.504688 -0.0813847 -0.73891
-0.0948846 -0.732053 0.437201
0.0439618 -0.35449 0.780642
0.562953 0.439725 -0.392723
0.757937 -0.333669 0.338883
-0.306092 0.771408 -0.131998
0.666282 -0.462299 0.378127
0.768881 -0.425145 -0.389941
0.0761976 0.353965 0.648011
-0.626669 -0.501926 -0.249011
0.346191 -0.452083 0.628038
0.56169 -0.106737 -0.716133
-0.0630048 -0.0821616 -0.860117
0.159498 0.581192 0.391641
-0.0803182 0.396835 0.608695
-0.234147 -0.786971 0.239979
-0.322541 0.763413 -0.034408
-0.389377 -0.363328 0.69059
0.0180171 0.762353 0.173592
0.0484553 0.18548 -0.837607
0.085058 0.740813 -0.415685
-0.278074 0.569694 0.385608
-0.378721 -0.217087 0.758875
0.0810958 -0.271783 0.810218
-0.635911 0.189808 0.410724
0.0549322 0.15078 -0.845636
0.538903 0.102566 0.534749
0.797024 -0.367691 0.222934
0.00737744 -0.797546 -0.351948
0.175995 0.34324 -0.753165
0.504486 -0.332957 0.564394
0.899282 -0.169053 0.0823974
0.0721239 0.731479 -0.436394
-0.755863 0.124138 -0.345192
0.561326 0.132262 0.496522
-0.449956 0.649685 -0.372632
0.410642 -0.00137527 -0.761622
0.0448805 -0.093181 0.864609
-0.684178 -0.0907408 -0.556492
0.281744 0.189879 0.704914
0.946955 -0.128943 -0.111853
-0.454684 -0.639108 -0.346824
0.7387 -0.469281 0.22068
-0.222442 -0.756889 -0.342902
-0.439451 0.443364 -0.666103
0.860383 -0.0953101 -0.386619
-0.220935 0.074295 -0.866847
-0.612887 0.0380233 -0.638097
-0.540322 0.318837 0.441546
-0.674541 0.466973 -0.196833
0.831276 0.153312 0.0719603
0.629066 -0.366781 0.467357
-0.399429 -0.748525 0.178558
-0.414155 -0.255142 -0.698158
-0.773361 -0.246544 0.341568
0.187117 0.345853 0.632576
-0.600214 -0.111009 0.613576
0.446939 0.524621 0.256896
0.684567 0.333538 -0.290602
0.674722 -0.0513852 0.432863
-0.163224 0.713189 -0.478592
0.844819 0.0922789 0.110209
0.756255 -0.134528 0.343455
-0.780556 0.0736848 0.176426
-0.0503068 -0.731853 0.44982
0.898988 -0.0313778 -0.171828
0.287949 -0.822041 -0.216588
0.660868 -0.580524 0.222557
0.50846 0.585599 0.0254045
-0.0985216 -0.753565 0.384564
-0.301787 -0.775205 0.223275
0.617805 -0.410318 -0.562638
0.796429 -0.503358 -0.0962776
0.821462 -0.283933 -0.41092
-0.650088 0.153107 -0.607205
0.0548438 0.419209 -0.767606
-0.433425 -0.236476 0.7247
0.826841 0.136179 -0.126952
0.666783 -0.615176 0.159585
0.815646 0.134222 0.121529
0.749554 -0.305348 -0.478596
-0.0185392 0.0595262 -0.884715
-0.792599 0.109359 -0.188874
0.0683209 -0.534295 -0.721285
0.0344369 0.0938336 0.799074
-0.0720891 -0.246297 0.845763
-0.799979 -0.132302 -0.243138
0.741703 -0.425305 -0.421824
-0.573075 0.310164 0.410939
0.300869 0.719761 -0.322662
0.651288 0.00150484 -0.640228
0.47932 -0.317485 -0.70059
-0.626068 -0.560184 0.205491
0.867003 -0.0438099 -0.335466
-0.197516 -0.818541 0.0730846
-0.511255 -0.226523 -0.660348
-0.530326 0.302597 -0.674772
-0.301087 -0.728362 0.38991
0.443061 -0.113113 0.651127
-0.801137 0.0236376 0.170937
-0.217675 0.76977 0.128656
0.0426102 -0.6214 -0.671085
0.571281 -0.534877 0.421251
0.306497 0.532161 -0.567225
0.535386 0.512448 -0.334699
-0.238054 0.569751 0.415274
0.577664 0.505418 -0.239981
0.479125 -0.739169 0.248837
-0.734679 0.372289 -0.147787
0.378094 0.667811 -0.316065
-0.823191 -0.185862 -0.129094
-0.589304 0.316397 -0.603898
-0.0313875 -0.524872 0.717143
0.464583 0.165029 0.576716
0.128525 -0.405991 -0.759753
0.6367 -0.359721 -0.568734
-0.134443 0.298021 -0.850394
0.185864 -0.524398 0.649879
-0.676289 -0.49638 0.00937113
-0.137631 0.471935 0.543903
0.630656 0.44723 -0.163891
0.295795 -0.301534 -0.765484
0.332798 0.725404 -0.0641119
0.323435 -0.00812505 0.760104
0.615184 0.348998 0.242533
0.330137 0.701326 0.0731049
-0.185188 0.332661 0.64226
0.542886 0.344768 0.365703
-0.471802 -0.057875 -0.741305
-0.680882 -0.301592 -0.402293
0.211419 0.0780769 -0.8158
0.605081 0.330744 -0.450983
-0.343429 0.726231 0.0982524
0.767084 0.131239 0.216581
-0.079623 0.790934 -0.342297
0.735269 -0.572389 0.0393494
-0.00564035 -0.808235 -0.264033
0.581762 0.513471 -0.100449
0.537948 -0.311439 -0.679363
-0.401004 0.638171 0.217249
0.190953 0.00480154 -0.841044
-0.718998 -0.086933 -0.502059
0.116187 -0.381061 -0.767887
0.276891 0.455866 -0.637877
-0.0429298 -0.474291 -0.743411
0.388521 0.597875 0.200385
-0.61051 0.494663 0.172581
0.734613 0.0697975 0.329634
-0.224153 -0.778265 0.286733
-0.785592 -0.0114123 -0.290684
-0.481796 0.00783709 -0.748531
-0.673663 -0.0150849 0.506084
0.250279 -0.63237 -0.666069
-0.322059 -0.0310953 -0.831875
-0.675337 -0.490009 0.0926482
-0.39172 -0.788761 -0.0763153
0.102717 -0.226055 -0.816629
0.564607 0.0134335 0.539114
0.0847164 0.118931 -0.845724
0.30067 0.49258 0.434815
0.0550044 -0.439086 0.74013
-0.816902 -0.185589 0.217665
-0.797621 0.103432 0.0823014
-0.709645 0.0996383 -0.559126
0.0196224 0.535414 -0.681776
-0.6695 -0.509868 -0.0995943
0.733282 0.182238 -0.398591
0.170577 -0.615217 0.59572
0.448879 -0.411478 0.587515
-0.163733 0.516522 -0.729837
0.773753 -0.526723 -0.203983
-0.572279 -0.646125 -0.133697
0.497823 0.0922117 -0.706323
-0.725194 0.344575 -0.334018
0.347134 0.161396 0.684687
-0.749511 -0.297099 -0.19879
-0.270504 -0.775785 0.264945
-0.667499 0.207672 0.334734
0.408717 0.633204 -0.374093
0.0325824 -0.177129 -0.83392
0.410784 -0.756001 -0.402645
0.202223 0.434165 0.536794
-0.0968668 0.20721 0.743137
-0.688024 0.340978 -0.438188
0.173911 -0.848573 -0.0732925
-0.612398 0.458669 0.207342
0.750598 -0.574796 -0.0538693
-0.721584 0.196619 0.211623
-0.330211 0.726454 -0.329049
-0.219872 -0.0227734 0.81241
-0.596967 -0.51702 0.423778
-0.450901 -0.612726 0.449141
0.435986 0.433167 -0.561415
-0.388898 0.554975 -0.594726
0.210455 -0.627796 0.570958
-0.0557293 0.0441615 0.817078
0.843802 -0.363909 0.0217608
-0.0324851 0.293253 -0.830935
0.543964 -0.42062 0.516944
0.640691 0.439816 -0.0318926
-0.567267 -0.535788 -0.342581
0.623466 -0.495118 -0.513421
-0.314459 0.674475 -0.484359
0.699518 -0.0599683 0.406282
0.70717 -0.522765 0.220251
-0.138638 0.379253 -0.8196
-0.570302 0.581315 -0.12298
0.791997 -0.498914 -0.0515304
0.109349 0.418281 0.575842
-0.36353 0.443866 0.461738
-0.740578 0.337851 -0.060741
-0.463339 -0.750353 0.0134306
0.299662 0.744642 -0.135644
-0.607261 -0.622268 -0.0680817
0.656627 -0.529 0.30776
0.614517 0.35956 0.229735
0.632819 -0.634864 0.192289
-0.356618 -0.767538 -0.205337
-0.232335 -0.469578 -0.681873
0.230154 0.417356 -0.688192
-0.518904 0.394386 -0.633055
0.323374 0.478706 -0.599388
0.218571 0.0129728 -0.829153
-0.447118 -0.675811 0.303611
0.632105 0.0686724 0.452924
0.474157 0.581149 0.0925122
0.416595 -0.797922 0.0579909
-0.251955 -0.664273 -0.512337
0.217006 0.410187 0.554555
-0.844148 -0.0889647 -0.0715091
-0.233184 -0.463084 -0.685037
0.269664 -0.724988 -0.515193
-0.54953 0.575839 -0.371719
-0.481842 0.652736 -0.128107
-0.669118 0.214243 -0.557594
-0.693316 0.12201 -0.571195
0.223775 0.287013 -0.754787
0.550565 -0.554077 -0.540034
-0.621435 0.0634251 -0.63241
0.905424 0.0183172 -0.00011997
0.499122 -0.710071 0.28047
-0.735052 -0.152541 0.423521
-0.435139 0.230774 -0.787914
-0.449656 0.660119 -0.319741
0.310924 -0.717526 0.420994
-0.39716 0.414759 0.468468
0.850722 0.00639981 0.17173
-0.158852 -0.0350899 -0.860466
-0.452909 -0.484189 -0.548836
-0.382636 0.639741 -0.466744
-0.216094 0.497896 -0.729599
-0.67883 0.185208 -0.559451
0.441198 0.460017 -0.531721
-0.0261571 0.113785 0.790113
0.207844 -0.235074 -0.802805
-0.624027 0.496089 0.122666
-0.151874 -0.652543 0.58083
-0.165226 0.396412 -0.811449
0.0335808 -0.816663 -0.2288
0.898905 -0.162108 0.0855279
0.647237 0.185979 -0.529487
0.0814709 -0.227862 -0.81668
0.205614 -0.112526 -0.828012
0.429529 -0.125327 0.660075
0.632323 -0.665844 -0.347448
-0.476965 0.521776 -0.544353
-0.270695 0.110154 -0.86422
0.652566 -0.603802 0.202785
-0.0154293 -0.681517 -0.620993
-0.228712 0.361296 0.614309
0.255303 0.53625 -0.587765
-0.544285 0.5719 0.158873
0.410096 0.108619 0.66672
-0.649299 -0.534183 0.10828
0.180818 0.110586 0.781363
-0.468658 -0.658657 0.308608
-0.355452 -0.688121 -0.361192
-0.084796 -0.555472 -0.700795
0.635418 -0.495607 0.382072
-0.39577 0.710698 -0.195861
0.11549 -0.59427 -0.691846
0.0562306 -0.786192 0.341957
0.806105 0.088505 -0.355771
-0.290595 0.640304 0.296871
-0.628207 0.517393 -0.292802
-0.261078 -0.421953 -0.693296
-0.372829 -0.745867 -0.231146
0.432 0.614233 -0.379939
0.142169 -0.834276 -0.165232
0.172546 0.783594 0.059438
0.894574 -0.180386 0.0964575
-0.153246 -0.0602694 -0.857699
-0.624714 0.510126 0.0168405
0.802957 -0.445848 -0.317166
-0.732769 -0.238415 -0.331319
-0.174155 0.808392 -0.00514909
0.0402107 0.0972074 0.797444
-0.672533 -0.306174 0.505348
-0.28937 0.76019 0.0593683
-0.223014 0.420575 0.567672
0.562165 -0.703326 0.187254
-0.328507 0.73927 -0.265372
0.0312847 0.76606 -0.407949
0.52423 -0.742806 0.171769
0.500527 0.162826 0.543075
-0.336453 0.712846 -0.370383
0.861356 -0.282139 0.131666
-0.715992 0.337959 -0.380197
-0.0336145 -0.763869 0.37566
0.266503 0.00252547 0.788038
0.75438 -0.130357 -0.538509
-0.809979 -0.151731 0.275896
0.289243 -0.637451 -0.647453
-0.579955 0.502205 -0.438973
0.300721 0.0751942 0.757276
0.614438 0.472899 -0.0577804
-0.410602 -0.714163 0.272236
-0.619572 0.305748 0.333837
0.930544 -0.206526 -0.134489
-0.265927 0.218583 -0.853585
0.199017 -0.80152 0.285935
0.588919 0.33041 -0.47252
-0.228619 0.679374 -0.516155
0.549958 -0.524324 -0.559273
-0.520459 -0.149844 0.680958
-0.726656 0.219754 -0.412378
0.189733 0.631839 -0.512321
0.889714 0.0417449 -0.0295984
0.122347 -0.669663 -0.633414
-0.107543 -0.827832 0.13971
-0.69151 0.438476 -0.116064
-0.750288 -0.33349 -0.143816
0.660062 -0.56447 -0.42469
0.034442 0.0373586 -0.883574
0.0190181 0.814304 -0.292542
-0.399143 -0.573418 -0.51786
-0.771826 0.00604751 0.291933
0.53792 0.520821 0.111622
-0.129219 0.827099 -0.226984
0.274346 -0.617443 -0.680997
0.00584953 -0.833669 0.204988
0.494351 0.579363 0.0622446
0.479644 -0.283219 0.592306
-0.511488 -0.17134 0.688637
-0.246673 -0.25085 -0.789204
0.83556 0.0321259 0.185224
0.74409 -0.0547332 -0.560669
-0.54188 0.596901 0.0914324
-0.727688 -0.354783 -0.183285
-0.117868 0.789583 0.114342
0.876696 -0.366737 -0.203307
0.528909 -0.7499 -0.127097
-0.662305 0.469914 -0.0516434
-0.0375023 0.306774 0.683702
0.0149189 0.398117 0.609455
-0.429429 -0.30586 0.697501
-0.428727 -0.756816 0.0718654
-0.511017 -0.685447 -0.161614
0.118819 0.818779 -0.0322764
-0.604025 -0.628195 -0.0720051
0.150534 -0.386722 -0.765127
0.331221 -0.60811 -0.6743
0.395832 -0.798854 -0.184006
-0.648425 -0.411356 0.480072
-0.452692 -0.148153 0.725882
-0.454268 -0.690855 0.254035
-0.63141 0.512174 -0.350483
-0.262386 0.488503 0.488601
0.738317 0.305529 -0.0176816
-0.616327 -0.51349 0.378978
-0.444644 0.0682014 -0.784278
0.418983 -0.268934 -0.731805
0.774421 0.020634 -0.500886
0.252463 -0.727322 -0.518915
0.301955 0.743438 -0.0674882
0.35665 -0.77467 0.271925
-0.671752 -0.0452513 0.514505
-0.266942 0.345383 0.612259
-0.328163 -0.670854 -0.422428
0.452242 0.65224 -0.0427519
0.223526 -0.80966 -0.322453
0.180764 0.539354 0.432456
-0.155494 0.361663 -0.82513
-0.327953 0.285089 -0.814407
-0.204233 0.0695302 0.785038
-0.595397 -0.523373 0.409934
0.907461 -0.0315643 -0.134504
-0.244521 0.741165 0.16264
-0.417401 0.246531 0.607517
-0.60437 0.147161 0.501367
0.612907 -0.697555 -0.28499
0.00283442 -0.287192 -0.800449
-0.321146 0.294004 0.624354
-0.165499 -0.480177 0.725361
-0.19101 -0.507456 -0.68128
0.433048 0.186962 -0.707874
0.700167 -0.611941 0.0661614
0.463841 -0.575019 0.482426
-0.719296 -0.389877 0.271228
0.759927 0.131207 -0.406993
-0.706616 0.330752 0.0880331
-0.0880707 -0.835529 0.114427
-0.199935 -0.72165 0.433568
-0.85448 -0.0736413 0.0563627
-0.333643 0.763687 -0.0712466
0.575088 0.365324 0.290242
0.298126 0.214799 -0.751317
0.252183 -0.325258 0.747014
-0.676503 -0.186247 0.525855
-0.710186 -0.293203 -0.324962
0.605689 -0.6948 -0.34361
0.41842 0.525806 0.302449
0.061297 -0.341264 0.782987
0.73635 0.296622 0.100942
0.029068 -0.294106 -0.797533
0.0819215 -0.415284 -0.758203
-0.231576 -0.329076 0.768114
0.368329 0.26908 -0.712443
-0.714449 -0.339026 -0.24718
0.452774 -0.725727 0.296977
-0.64889 0.0736411 0.493681
0.101317 0.634391 0.341396
-0.446406 -0.344881 -0.635937
-0.144661 -0.0851311 0.851764
-0.511493 -0.649555 -0.237495
0.266617 -0.838089 -0.134915
-0.176571 -0.362369 -0.765458
-0.249879 -0.646741 0.580882
-0.0802337 -0.568892 -0.693724
-0.127151 0.800842 -0.296147
-0.592418 0.0187475 0.592424
-0.732612 0.119389 0.274737
0.482126 0.565003 0.11295
0.621876 -0.288418 0.478876
-0.0270181 -0.06847 0.867169
-0.797034 -0.0778242 0.289436
-0.700412 -0.412737 0.373787
0.0436213 0.649285 0.332218
-0.329004 0.653629 0.253347
-0.551665 -0.268299 -0.61752
-0.220516 0.709805 0.244257
-0.0861815 0.218393 -0.867515
-0.576912 0.163827 0.522924
-0.741294 -0.247348 -0.2933
0.794761 -0.33679 0.275928
-0.720454 -0.0644494 0.443016
-0.288908 0.736529 -0.377699
0.161457 0.282633 -0.775081
0.0210981 -0.102855 0.872308
0.398545 0.670019 -0.220036
-0.249107 0.732581 0.175183
-0.742374 -0.0237948 -0.444207
-0.226483 0.800259 -0.0881733
-0.487673 -0.640254 0.321071
-0.617423 -0.335066 0.562172
0.375111 0.364552 -0.654976
0.661827 0.38133 -0.261383
-0.0255332 0.706583 0.264221
0.306448 0.600951 -0.500155
-0.721511 -0.165373 0.447053
0.0125239 -0.845116 0.177052
-0.0334087 -0.139208 -0.844497
0.681645 -0.20106 0.42203
0.789787 -0.458099 0.0768604
0.064137 -0.471671 -0.741129
0.320668 0.461805 -0.613263
0.247491 -0.0261721 0.800018
0.473622 -0.779065 0.159508
0.0103881 -0.83603 -0.0697774
0.687236 0.0313046 0.408592
0.413089 0.638437 -0.329342
0.617822 0.451614 -0.238539
-0.243497 0.673931 0.293327
0.412449 0.603637 0.148232
0.110179 -0.814056 -0.300814
-0.629046 -0.468701 -0.304515
0.117702 -0.824356 -0.227893
-0.102057 -0.838539 0.0300424
-0.667082 -0.504328 -0.117679
-0.387797 -0.788805 -0.0133027
-0.503552 -0.725143 -0.0819918
-0.570549 -0.310726 0.611007
0.300171 -0.831586 -0.120339
0.662012 0.388866 -0.224016
0.0721654 0.081434 -0.86037
0.372667 -0.79445 0.198883
0.532933 -0.690102 -0.442464
0.711429 -0.220013 -0.558606
0.682924 0.232828 -0.434796
-0.124625 -0.723405 -0.499687
-0.144757 0.169528 -0.878111
-0.0917194 -0.638762 0.604586
-0.251329 -0.789796 -0.226388
0.206962 0.387832 0.581516
0.834624 -0.0217142 -0.406916
-0.266456 0.74189 0.14198
-0.716929 0.378089 -0.0330136
0.517424 0.553324 0.0779874
-0.66827 -0.308949 0.509548
-0.49825 -0.514607 -0.481909
-0.607013 0.058754 -0.644472
0.222489 0.741595 -0.33979
0.014602 0.268228 0.719586
0.504773 -0.671442 -0.483464
0.188661 0.375211 0.602254
0.324153 -0.768244 -0.420533
0.0761618 0.688088 -0.488092
-0.313911 -0.07801 0.793484
-0.681683 0.460861 -0.332412
0.644228 -0.0832576 0.462157
-0.397172 -0.166592 -0.750531
-0.716157 0.100362 0.335428
-0.030098 0.498344 0.516046
-0.769097 -0.24486 -0.212461
0.435653 -0.309736 0.618912
0.506661 -0.730963 0.225478
0.371613 -0.218342 -0.757376
0.770244 0.0155467 -0.515922
0.45914 -0.38406 -0.692138
-0.354508 -0.00194166 -0.826445
-0.0902271 0.759968 0.191604
-0.246967 0.782509 0.0153386
-0.720645 0.392015 -0.322322
-0.0910591 0.267405 0.703973
0.878478 -0.0879122 -0.33417
0.055842 0.171378 -0.839418
0.061437 0.687087 0.281915
-0.549965 0.586497 -0.292763
0.641749 -0.0480836 -0.675017
-0.298159 0.731865 0.133491
-0.0670232 0.622091 0.378767
-0.795367 0.0212166 -0.232027
-0.374626 0.430315 0.468323
-0.287658 -0.591945 0.621662
-0.404175 0.555783 -0.576993
0.0621266 0.736177 0.207419
-0.03472 -0.842078 0.146672
0.828275 -0.0775027 -0.439829
0.0695718 0.712564 -0.460881
-0.403438 0.439168 0.43672
-0.612764 0.180663 -0.637978
0.612739 -0.27719 0.487726
0.426056 0.0483137 -0.743869
0.220794 0.790523 -0.166599
0.607192 -0.220414 -0.669572
0.789575 0.0899571 -0.392368
-0.0187571 -0.264591 -0.808103
0.486984 0.432465 0.333065
-0.00344287 -0.733726 0.458084
-0.788485 -0.256294 0.237816
-0.221081 -0.464827 -0.690052
-0.262945 -0.660931 0.559624
0.357092 0.44312 0.458199
-0.138937 -0.153435 0.86347
0.183009 0.778873 0.0663062
0.698725 -0.389981 0.384153
0.706446 -0.478584 0.287026
-0.466835 0.0989685 0.674927
0.19216 0.204401 0.735912
0.674264 0.383048 0.0781076
0.706936 -0.0116043 -0.600534
-0.215735 -0.467628 -0.691146
0.69875 0.138326 -0.505898
-0.666491 0.18084 0.362266
0.0203074 -0.855662 0.132254
0.129024 -0.762315 0.423676
-0.0876036 -0.402739 0.775472
-0.534937 0.206942 -0.707925
-0.228048 0.604129 0.384033
0.587144 -0.502737 -0.542842
-0.736984 0.211278 0.142342
-0.68792 0.431472 -0.0150367
-0.301085 -0.0711595 0.79622
-0.0689433 -0.495607 -0.735798
-0.606517 -0.59013 0.186039
0.879348 -0.0520159 -0.29442
-0.108587 0.048972 0.809847
0.73903 0.257335 -0.278475
0.557244 -0.734591 -0.332565
-0.815879 -0.0522133 -0.177652
-0.425367 0.433886 -0.679239
-0.470941 0.472832 -0.616133
0.0201206 -0.255559 0.830305
0.365969 0.655722 0.114598
0.161272 -0.759704 -0.506475
-0.678605 -0.45856 0.318128
0.307792 0.450586 0.473954
0.366039 0.689659 -0.249039
-0.850266 -0.0988514 -0.0494754
-0.778542 0.00783246 -0.312273
-0.312316 0.517781 0.418572
0.779525 0.0576692 -0.449815
0.329599 0.128882 0.71695
-0.340529 -0.402575 0.695549
0.0348843 0.597691 -0.610351
-0.487647 -0.152387 -0.707498
0.0355967 0.815997 -0.285736
0.800679 0.0269891 0.242536
0.927884 -0.0243364 -0.0253295
0.341532 0.570996 0.335749
-0.104973 0.509291 0.508776
-0.129676 0.239746 -0.872598
0.446841 0.524108 -0.465681
0.199565 0.802919 -0.115388
-0.401964 0.232781 0.628917
-0.114331 0.30965 -0.847313
-0.0493634 0.477855 0.54066
0.307699 -0.701421 -0.536561
-0.700819 -0.0149911 0.464259
-0.369019 -0.753037 -0.221036
0.813161 0.0332536 0.22022
0.206232 -0.719438 -0.551686
0.632031 -0.628227 0.203708
0.399024 -0.304505 0.646504
0.591761 -0.427228 -0.579062
-0.128501 -0.826253 -0.0463289
0.289522 0.398342 -0.675037
0.724415 -0.58963 -0.191394
0.874854 -0.0182314 -0.256296
0.128955 0.421108 -0.73203
0.808186 -0.412903 0.1015
0.339655 0.702991 -0.286286
-0.0186994 0.294584 0.695642
-0.132431 0.383398 -0.818441
-0.278661 0.753571 -0.334405
0.436174 0.63711 -0.242486
0.642493 0.271665 0.29722
0.481505 -0.754128 -0.358231
-0.623469 -0.168352 0.599001
-0.661776 -0.0742164 0.535123
0.339388 0.619165 0.237346
-0.243988 0.573157 -0.658454
-0.755567 0.134067 -0.339774
-0.269235 0.756143 -0.341431
0.856036 -0.398303 -0.157735
-0.0899553 -0.299209 -0.79651
0.640693 0.232519 0.349826
-0.510811 0.0501266 0.662615
-0.668274 -0.49437 0.166335
-0.19486 0.76556 0.148419
-0.370681 0.0756028 -0.836574
0.167721 -0.801472 -0.394387
0.535751 -0.74572 -0.217597
-0.123975 -0.0411059 0.843493
0.411946 -0.316836 -0.723226
-0.141108 0.668775 -0.556894
0.815937 -0.27483 -0.420439
0.65363 -0.040445 0.454203
-0.0529273 -0.345383 -0.783757
-0.725894 -0.162942 0.43939
-0.258633 0.53555 0.438463
-0.797444 0.162093 -0.131031
-0.561114 0.0550582 0.606828
0.145515 0.198598 0.747609
0.0915041 -0.838409 -0.108075
0.282379 -0.456039 0.657545
-0.596543 0.472071 -0.453199
0.52077 0.346904 -0.546772
-0.386455 -0.394026 0.678578
0.873582 -0.11717 -0.362465
-0.231725 0.361304 0.613853
0.209451 0.528741 0.438127
0.484956 -0.2864 -0.705801
-0.61421 0.43662 0.224224
0.719235 -0.212617 -0.553593
-0.650698 -0.547125 -0.0654238
-0.405718 -0.701611 0.311723
-0.125832 0.837056 -0.196278
0.659192 0.384798 -0.264446
0.496077 -0.757308 0.19018
-0.0811301 0.317015 -0.83819
0.375085 -0.32614 0.659548
-0.0237706 -0.346357 -0.782763
-0.36233 -0.635782 0.537492
0.472134 0.485135 0.282076
0.656523 -0.673352 -0.116326
0.576882 -0.68996 0.189321
-0.718207 -0.101799 -0.499886
0.803804 -0.413732 0.116122
0.477991 -0.444448 0.551612
-0.3633 0.562925 -0.606955
0.838685 -0.140503 -0.425143
0.483631 0.333792 -0.597268
-0.179359 0.256068 -0.860999
-0.331937 0.592828 0.319569
0.398684 0.435876 -0.584011
0.388602 0.290083 -0.693959
0.867868 -0.156011 -0.381042
0.864383 -0.219302 -0.371808
0.812204 -0.13753 -0.460746
-0.444091 0.679061 -0.165902
0.816674 -0.398525 0.0905225
0.133034 0.351034 -0.764037
-0.433437 0.232282 0.607672
-0.289954 0.766319 -0.236
-0.139866 0.246921 0.710079
-0.676617 -0.249722 0.520781
-0.704889 0.214574 -0.493905
-0.744811 0.206354 -0.339272
-0.434223 0.688358 0.0408342
-0.425311 0.592961 -0.495235
-0.577494 0.247708 0.460003
0.648553 -0.670439 -0.224656
0.17913 0.185641 0.749037
0.792409 -0.229484 -0.462812
-0.709695 0.0920229 -0.558102
-0.0189047 -0.821765 -0.154963
0.659613 0.414869 -0.0750009
0.651441 0.0624717 0.435378
-0.312713 0.367178 -0.778571
0.137204 0.630769 -0.534067
0.723999 -0.580475 -0.239883
-0.404014 0.708508 -0.178834
0.716028 0.341262 0.0662402
-0.460677 0.186661 0.626695
0.833863 -0.102115 -0.433267
0.364738 0.678559 -0.313411
-0.198748 0.74304 -0.413814
-0.677904 0.172968 -0.566046
0.0354244 -0.363464 0.778376
-0.114762 0.189922 -0.88108
-0.322245 0.223874 -0.840324
-0.667838 -0.445007 0.430016
-0.245961 0.127073 0.754638
-0.736391 0.257874 0.0844087
0.254871 0.770568 -0.270449
0.540842 0.380226 0.323064
-0.313627 -0.764547 -0.249413
0.507723 -0.292067 0.570192
-0.382492 0.546966 -0.613227
0.328539 -0.137375 0.730878
0.327374 0.278663 0.615677
0.779113 0.0520444 0.266442
0.367044 -0.137954 -0.773067
-0.648615 0.431989 0.148187
-0.76839 0.0301566 -0.345974
0.666997 -0.348332 -0.542898
0.809041 0.148987 -0.241757
0.524627 0.42797 0.284931
-0.519112 0.609132 -0.336602
0.160142 -0.498354 -0.730027
0.680281 0.381088 -0.120263
-0.338559 -0.282209 -0.725203
-0.632868 -0.428163 -0.369342
-0.111305 -0.779894 -0.361503
-0.543646 0.474115 -0.524695
-0.357522 -0.545859 0.609614
-0.112946 -0.830168 -0.0281251
0.442637 -0.303986 0.614995
-0.559819 -0.661514 -0.128608
-0.443785 0.109609 0.686652
0.782906 -0.288933 -0.451545
-0.488405 0.483488 -0.583397
0.401489 -0.789576 -0.243606
0.613681 0.4718 -0.135072
0.915162 -0.180411 -0.218661
0.0849957 -0.866055 0.100601
0.387762 -0.174507 -0.759951
-0.146659 -0.203675 0.841943
0.072788 -0.798255 -0.391763
-0.407773 0.536192 -0.604208
0.24222 0.777994 -0.229638
-0.724006 0.136333 0.281156
0.466619 -0.488288 -0.640446
-0.62364 -0.0338022 0.569261
-0.699298 -0.288667 0.479009
-0.365612 0.238439 -0.816836
-0.202978 -0.7754 0.299905
-0.654362 -0.0532868 0.538686
-0.750695 -0.364438 -0.00725064
0.229918 -0.811207 -0.310581
0.0741237 0.553177 -0.643121
-0.517711 -0.129608 0.681091
-0.834229 -0.0896783 0.16765
0.639677 0.252589 0.327331
-0.152315 -0.674476 0.54865
-0.284625 -0.28972 0.766883
-0.175217 -0.232457 0.822222
0.656776 -0.166723 -0.640733
-0.542468 -0.125815 0.664245
-0.407556 -0.719085 0.265107
-0.356449 0.266703 0.62692
-0.168344 0.67427 0.330372
0.225737 0.123852 0.766259
-0.029484 -0.789208 0.310943
-0.69856 0.127425 -0.562681
0.569978 0.372737 0.289122
-0.450967 0.335764 0.503548
0.164075 -0.774011 0.395512
-0.403612 -0.760689 -0.168912
-0.28501 0.0331686 0.777886
0.356474 -0.813657 0.134464
-0.428756 -0.627654 -0.39825
0.804665 -0.456102 -0.00451634
0.547276 -0.0327373 0.554607
0.575215 0.350836 -0.471629
0.409841 0.393609 0.462797
-0.817153 -0.067569 -0.179503
-0.488517 0.470059 0.331832
-0.388597 -0.664612 0.428172
0.0677126 -0.856641 0.162032
-0.268306 0.603401 -0.61392
-0.380465 -0.792406 -0.0926017
0.296642 -0.275234 0.726545
0.0372719 -0.000736165 -0.884086
-0.261265 -0.379521 -0.715247
0.00208976 0.606194 0.387524
-0.721787 -0.243678 -0.357407
0.447032 0.29023 -0.651378
-0.679954 0.116134 0.395655
0.182818 -0.199458 0.801845
-0.770357 -0.1594 -0.325283
0.280295 -0.454439 -0.73441
0.575884 -0.293122 -0.661371
0.567394 0.358972 0.31106
-0.672669 -0.466013 -0.172756
0.483658 0.253653 0.498278
0.697 0.155704 0.319942
0.225397 -0.532749 0.628958
-0.107634 -0.481877 -0.73663
0.236933 -0.341922 0.745934
0.625382 0.253177 0.351423
0.380226 -0.804744 0.155173
0.593529 0.174111 -0.595589
0.337522 0.7225 -0.133826
-0.713009 -0.0927993 -0.51022
0.411291 0.616223 0.123521
0.626994 0.100726 -0.607081
0.495781 -0.295658 -0.700076
-0.484434 -0.674479 -0.228145
0.387595 -0.424051 0.618099
-0.720014 0.197964 0.215034
0.17927 -0.199979 -0.817476
-0.640604 0.507116 -0.216632
0.298373 -0.652996 0.516074
0.649042 0.179849 -0.532786
-0.24577 0.185842 -0.866081
0.1174 0.808074 0.0253088
0.520814 0.569335 0.038567
0.393487 -0.0738442 0.696453
-0.33084 0.651058 -0.504369
0.185894 -0.768284 0.399969
-0.6202 -0.131669 0.596845
0.824122 -0.413233 -0.312923
-0.210626 -0.121942 0.837229
0.781929 -0.495905 -0.304021
0.67524 0.244257 -0.436107
-0.40729 -0.538616 0.583967
-0.377504 0.412823 0.48549
-0.0592697 0.644105 -0.59431
-0.110519 0.78696 -0.339379
-0.713874 -0.360538 -0.217898
0.442449 -0.401165 -0.693807
-0.804442 -0.0642781 -0.233638
0.129266 0.601372 0.375529
0.541632 -0.515791 -0.569975
-0.690856 0.391665 -0.396835
0.881154 -0.251921 -0.295786
-0.55843 -0.210242 0.648199
-0.194605 -0.656495 0.571609
-0.681189 -0.399689 -0.26291
-0.750625 0.236659 -0.292309
0.447437 -0.725097 -0.437754
-0.53022 -0.457912 0.551947
0.474187 0.424804 -0.532691
0.5338 -0.0887415 -0.728266
-0.144508 -0.827212 -0.0282246
0.292901 0.149348 -0.769188
0.0576912 0.103083 -0.858547
0.264949 -0.201107 0.762493
0.509463 -0.735675 -0.393785
0.934533 -0.120833 -0.154828
-0.596015 -0.618924 0.108781
-0.661179 -0.502313 -0.140015
-0.166565 0.437127 -0.784057
0.42882 0.47354 -0.529611
0.577283 -0.36313 -0.623548
-0.079712 -0.825322 -0.0868103
-0.673353 0.194415 0.335146
-0.401747 0.253589 0.611
-0.709066 0.234388 -0.471656
-0.297353 -0.481784 -0.643035
-0.584971 -0.326909 0.594675
0.511108 0.144627 0.543093
0.319262 0.518364 0.400658
-0.599615 0.540697 -0.352401
-0.0584936 -0.504861 0.728411
0.510091 0.195948 0.512117
0.692844 0.315868 0.151202
0.188413 -0.828734 0.206034
-0.140742 0.201978 0.741091
-0.379965 -0.783512 -0.150609
0.227072 -0.767274 0.377204
-0.564202 0.454906 -0.520807
0.569141 -0.660244 0.262486
-0.593653 -0.642264 -0.0288136
0.0595357 -0.708057 -0.598374
-0.474288 -0.0663668 0.704761
0.366982 -0.784032 0.23562
-0.076947 -0.744607 -0.49159
-0.415564 -0.0657209 0.743908
0.79617 -0.0967947 0.296138
-0.368019 -0.794871 -0.0179387
0.264083 0.765611 -0.0316982
-0.0690633 0.523579 -0.726626
-0.56744 -0.614426 0.223328
-0.183248 0.817558 -0.144704
-0.666336 -0.0804881 0.529243
0.222789 0.5785 0.382051
-0.51611 0.136569 0.604272
-0.165315 -0.514257 0.707988
-0.569388 0.0158381 -0.673956
0.140239 -0.677212 0.552221
-0.680199 0.212792 -0.544082
-0.654252 0.424292 -0.421981
-0.317432 0.720813 0.137901
-0.250165 -0.806949 -0.105114
-0.0144762 -0.729509 -0.578173
-0.736632 0.320238 -0.298783
-0.318152 0.752984 -0.215656
0.545277 0.147442 0.505848
-0.230402 -0.754729 -0.341065
0.919379 -0.119673 0.0222143
0.40417 0.251477 -0.701692
0.0886311 -0.839622 -0.0971376
0.313632 -0.684347 -0.561439
0.14189 0.681114 -0.470995
-0.422979 -0.603171 0.516199
0.134476 -0.843366 -0.0938411
0.883317 -0.082776 0.150563
0.761105 0.254362 -0.100816
0.0537511 0.456868 0.545038
0.306231 -0.0620628 0.761327
0.366781 0.572696 0.289992
0.754101 -0.546081 -0.227563
-0.824944 0.0408729 -0.0890095
-0.21237 -0.0551324 -0.849597
0.0101854 -0.375007 -0.772843
0.706994 0.240441 0.216024
-0.284841 -0.0592152 -0.83818
-0.610351 0.541294 -0.126639
-0.751043 0.256302 -0.277042
0.230805 -0.735961 -0.514437
-0.498729 0.546834 0.238665
0.11166 -0.84602 0.199454
0.583177 -0.699983 -0.389251
-0.608991 -0.592434 0.168675
-0.55659 0.366598 0.373196
-0.498992 0.528629 -0.505943
0.208986 0.00800655 0.802713
0.389335 -0.369106 -0.718848
-0.370513 0.733104 -0.14623
-0.0476229 0.365672 -0.814814
0.00355843 -0.856216 0.0990788
0.242608 -0.816069 -0.27631
0.831715 -0.0549472 0.226865
0.585104 -0.443725 -0.575367
0.637054 0.0688715 -0.615823
-0.338817 -0.107905 -0.807665
-0.572107 0.1215 -0.678251
-0.545111 0.44302 -0.562766
-0.703746 0.438885 -0.300172
0.309569 0.19391 0.689418
0.675025 -0.30233 0.42655
-0.609195 0.124199 -0.646215
-0.739841 0.214023 -0.356563
0.791997 -0.21929 -0.466178
0.02017 0.392294 0.614488
0.0765784 -0.841941 0.202621
-0.591987 0.544787 0.0763028
-0.512597 0.0480233 0.662157
-0.475599 -0.73864 0.0393176
-0.743936 0.340991 -0.191585
-0.0447909 -0.830611 -0.0717975
-0.197211 0.590817 0.413889
0.774869 -0.274875 0.322537
-0.149386 -0.15139 0.86105
-0.415371 -0.755512 0.109291
-0.28401 -0.0877254 -0.832952
0.6213 -0.590194 0.280529
0.152059 -0.144512 -0.836722
-0.64065 -0.550959 0.0872431
-0.123015 -0.283771 0.818627
-0.140691 -0.362387 0.781149
-0.571702 0.575053 -0.199335
-0.728623 0.390688 -0.107378
0.207956 -0.862174 0.0444463
0.120052 0.425236 0.56635
-0.613282 0.332714 0.320297
0.724975 -0.508118 -0.386037
0.595266 0.491443 -0.196326
0.218934 -0.84377 0.132133
-0.477765 -0.395202 -0.589601
0.549442 0.264451 0.428989
-0.700353 0.403712 -0.00924775
-0.467147 -0.293898 -0.650358
0.0525805 -0.697551 0.531273
-0.25664 0.483398 0.496185
-0.626065 0.20611 -0.6111
-0.0939354 -0.821971 0.200521
0.188837 0.791982 -0.0143282
0.3156 0.469455 0.45165
-0.493389 0.582498 -0.434297
0.122285 -0.79488 -0.449937
0.207158 0.658074 -0.47048
-0.29164 0.665884 -0.516295
-0.82931 0.0402867 0.0532855
-0.510871 -0.50875 -0.474638
0.808324 -0.419946 0.0797129
-0.496034 0.63581 0.102786
0.0418184 0.196845 0.757361
-0.688921 0.018911 -0.571223
0.763828 0.124244 -0.407645
-0.492635 0.648374 -0.0694283
-0.184784 -0.141988 0.849271
0.356472 0.701918 -0.221899
-0.0158255 0.848155 -0.0674108
-0.437181 0.672646 -0.28576
0.750558 -0.538141 -0.289153
0.335711 -0.791355 -0.357455
0.304555 0.328171 0.594868
0.101441 0.516256 -0.672206
0.297631 0.745867 -0.116952
0.851901 -0.30762 0.128015
0.244994 0.762034 0.0495962
0.1974 0.649945 -0.487309
0.0581685 0.071 -0.867653
-0.201472 -0.743758 -0.389823
-0.207381 -0.429639 -0.715488
-0.170554 0.387219 0.603568
-0.468021 -0.623286 -0.361496
0.492858 -0.764268 -0.127655
0.551097 0.395282 -0.458824
-0.593384 -0.60206 -0.163679
-0.37661 -0.773673 -0.173165
-0.798396 -0.20744 0.288412
-0.658051 -0.29551 0.526884
-0.667787 -0.466094 0.369411
0.363323 -0.139628 0.705217
-0.422366 -0.642869 -0.375986
-0.285588 0.750608 0.106049
0.497208 0.587909 0.0395124
0.845112 0.0269308 -0.310248
0.439033 -0.78931 0.17016
0.321914 -0.830899 -0.0469298
0.164738 -0.862543 0.0351959
0.613473 -0.499555 0.405298
-0.425391 0.693622 0.0441839
0.277 -0.568295 0.585339
0.228346 -0.125049 0.800167
0.0126803 0.43346 0.577942
-0.50749 0.627122 -0.219301
-0.730375 0.118466 -0.464488
0.379446 0.236049 0.605082
-0.174339 -0.449662 0.736483
0.101165 0.815893 -0.250134
0.251076 0.772826 -0.248131
0.645982 0.35032 0.187202
-0.851361 -0.100817 -0.0456252
-0.394493 0.618415 -0.488029
-0.71092 0.368179 0.0078411
-0.290043 0.642621 -0.556238
0.877244 -0.063934 -0.322501
0.698937 0.145104 -0.499384
0.0550573 -0.862191 0.137454
-0.00543319 -0.854244 0.0756468
0.274923 0.508252 0.43023
-0.382204 0.262768 -0.799304
-0.553939 0.470291 0.262134
-0.290211 -0.0406324 -0.840038
-0.733698 0.371586 -0.232633
-0.0384826 -0.772598 0.351665
-0.500875 0.453823 0.337721
0.40778 -0.368603 -0.712807
-0.0370043 -0.0085434 0.841509
0.0476709 -0.813606 -0.261084
0.568602 0.476098 0.135255
0.0399738 -0.185598 -0.831065
0.712402 0.0477922 0.370294
-0.755991 0.07614 -0.37729
-0.80034 0.0416211 0.151073
0.741865 -0.1876 -0.538343
-0.296192 0.69342 -0.466129
0.634063 0.0630004 0.453365
0.755274 0.241864 -0.226438
0.393778 0.406114 0.464932
-0.0831997 -0.175745 -0.832782
-0.705039 0.287703 0.148774
-0.481735 0.614371 -0.400499
0.478552 -0.0408783 -0.745597
-0.23345 0.791409 -0.025903
-0.784984 -0.235471 0.307938
-0.529083 -0.00370911 -0.707247
-0.247157 -0.244819 0.79548
-0.0789296 0.709527 -0.504461
-0.578766 0.384755 -0.573015
-0.217852 0.505934 0.48944
-0.551466 -0.00424349 -0.688024
0.694489 -0.632904 -0.158082
0.342111 -0.426071 -0.721615
-0.123324 -0.330989 -0.786525
0.640112 -0.445463 0.423991
-0.411437 -0.71837 -0.242078
0.6182 0.350689 -0.413724
-0.621375 0.518669 -0.015609
-0.671565 0.0568336 -0.589008
-0.82559 0.0798049 0.0163945
-0.656809 -0.523054 0.0876788
-0.249896 -0.718084 -0.406673
0.0689463 -0.820309 0.256758
0.159106 -0.427263 -0.752233
0.892318 -0.0395542 -0.21562
-0.0585827 -0.076668 -0.861596
-0.529603 0.606426 -0.252393
-0.584827 0.437291 0.26427
0.219382 0.788833 -0.0602912
0.44774 -0.0255563 0.648574
-0.615035 -0.296176 -0.5565
0.484687 -0.316985 0.581926
0.712009 -0.586681 -0.282385
0.194127 -0.282867 0.777597
0.629747 0.454327 -0.0023254
0.355221 0.301413 -0.70959
0.356582 -0.642824 -0.609545
0.514739 -0.235923 -0.707117
-0.242469 -0.336798 0.761833
0.794099 0.0426535 0.246556
0.221617 0.15692 0.752212
-0.535331 0.605232 -0.202464
-0.245354 -0.200234 -0.81614
-0.84128 -0.100577 -0.0897064
0.555191 0.0524468 0.540694
-0.48491 -0.50716 -0.506924
-0.77279 -0.284105 0.264445
-0.688134 0.417035 -0.377618
0.696329 0.359329 0.0760052
-0.29188 -0.452524 -0.661877
-0.608656 0.0681682 0.544151
0.394159 0.689532 -0.0547953
0.942915 -0.126716 -0.0647745
0.735627 -0.394324 -0.447711
0.640306 -0.18159 0.46377
0.0934997 -0.39258 0.753075
-0.165244 0.706214 -0.489596
0.538194 0.195313 -0.630651
-0.770398 -0.331209 -0.0337109
-0.521496 0.624578 -0.0944226
-0.354146 -0.664852 -0.407832
-0.0042414 0.4874 -0.741253
-0.779093 0.0789359 -0.270757
0.317926 0.428771 0.490562
0.35352 0.703588 0.0257117
0.113443 0.162516 -0.824382
0.639754 -0.68309 -0.0869362
0.251619 -0.378317 -0.75892
0.653093 0.245395 0.312874
-0.679691 -0.127661 0.517251
-0.284968 -0.147893 0.815307
0.559975 0.360944 0.320441
0.347461 0.396235 0.508586
-0.347209 -0.547534 -0.575572
0.668084 0.396142 -0.144037
-0.499019 0.248967 -0.735261
-0.0673202 -0.484774 -0.740816
0.794651 -0.204769 -0.466877
-0.0493559 -0.379255 0.785923
0.0231146 -0.581578 0.67363
-0.695059 -0.427643 0.32955
-0.00855409 0.436697 -0.782576
0.437567 -0.783165 -0.202693
0.0151796 -0.810237 -0.263586
-0.104329 -0.565581 -0.691688
0.294019 -0.749512 -0.46517
0.311675 0.227899 -0.743261
0.699467 0.336738 -0.193971
-0.514768 0.618017 -0.263641
0.222844 -0.842491 0.134514
0.295498 -0.757991 0.356213
-0.249617 -0.323162 -0.750203
-0.25593 0.702858 -0.471879
0.650793 -0.304871 0.451272
0.682366 0.130234 -0.534899
0.278643 -0.00694332 0.784386
-0.0854817 0.771922 0.172719
0.304393 0.446679 0.479368
-0.186632 -0.014533 -0.859257
0.84336 0.0785657 -0.22863
-0.742874 0.324626 -0.0477886
0.623235 0.460999 -0.0947664
0.035553 -0.801673 -0.340874
-0.293402 0.679234 0.239264
0.761255 0.137456 -0.397424
-0.11392 -0.665727 0.564554
0.702524 0.275085 -0.343686
-0.609401 0.393925 -0.525671
0.0518028 -0.807548 -0.308675
0.357318 0.646961 -0.39238
0.354781 0.686801 -0.310236
0.22662 -0.194944 0.787653
0.271498 -0.140924 -0.802664
-0.543573 -0.00995934 0.652947
-0.191497 0.361771 -0.822783
0.588423 0.0723026 0.497127
-0.0289682 -0.774279 -0.44013
0.513774 -0.75681 0.0799515
-0.382363 -0.791665 -0.0804288
-0.721471 0.293126 -0.385908
-0.503162 0.594221 0.181832
0.0394623 0.654955 -0.542684
-0.281611 0.567361 -0.649078
-0.00418268 -0.695166 -0.609355
0.823085 -0.0201082 -0.431835
-0.492293 -0.575191 0.470212
0.676995 -0.213085 -0.598423
0.547024 0.441817 -0.41654
-0.0313343 -0.774715 -0.436782
0.459502 -0.317391 -0.707227
-0.560962 0.210292 0.513225
0.710688 -0.358821 -0.491896
-0.754174 0.00575246 0.346179
0.45776 -0.648576 -0.544856
-0.27557 -0.569934 -0.604817
0.67574 -0.658211 0.0124564
0.509444 0.519557 0.162238
-0.819132 -0.035953 0.181827
0.882636 -0.193038 -0.336968
0.511845 -0.758602 0.0188658
0.57955 0.515452 0.00948291
-0.343797 0.71585 -0.341693
-0.761835 -0.195272 -0.302143
0.0155947 -0.754755 0.412645
0.151871 -0.851121 -0.0440543
-0.74553 -0.321269 -0.176251
-0.678122 0.350788 -0.450891
-0.684758 0.358219 0.124594
0.591532 -0.665075 0.214775
-0.211969 0.694172 -0.49775
0.903566 -0.230401 -0.014925
-0.517987 -0.448824 -0.528086
-0.134329 0.577994 0.43812
0.0370757 -0.162061 0.861823
-0.129079 0.503981 0.514068
0.134249 0.449208 -0.708594
-0.307314 0.441948 -0.73281
-0.553842 0.324873 -0.63721
-0.507694 0.347097 0.443883
-0.0160492 0.789894 -0.371873
-0.415116 -0.0440758 0.74157
-0.160103 -0.388879 0.765584
0.683507 -0.5348 0.249749
-0.65141 -0.501604 -0.172007
0.426082 0.245172 -0.688864
0.0142239 0.643942 0.34242
-0.182876 -0.690315 -0.52489
-0.681332 -0.487197 0.0148716
-0.61532 0.294513 0.351466
0.491706 -0.763991 -0.154775
0.273395 0.247664 0.675966
-0.289689 0.157859 -0.862558
-0.706281 -0.262913 -0.378132
0.0296497 -0.85871 0.124625
-0.656164 -0.201143 0.561319
0.727571 0.187529 -0.403204
0.705419 -0.641451 -0.048076
0.325272 -0.372874 0.684308
-0.25592 0.50394 -0.714035
0.588741 -0.403242 0.488541
-0.78352 -0.146898 0.333073
0.438831 -0.393255 0.599099
-0.229895 0.701087 -0.481941
-0.52156 0.274033 0.503357
0.648991 -0.658944 -0.286717
0.83534 -0.348951 -0.356892
-0.49099 0.00615957 -0.740541
-0.686367 -0.451312 0.258813
0.274094 -0.706553 -0.542913
0.212711 -0.83731 -0.161823
0.780619 -0.412722 -0.384448
-0.717143 0.220501 0.195481
0.0969884 -0.45541 0.723973
0.243154 -0.0454959 0.804588
-0.773501 -0.282398 -0.145481
-0.0978502 -0.582927 0.676839
0.118273 -0.285623 0.796189
-0.209548 -0.525713 0.689319
0.370945 -0.191903 0.689282
-0.116804 0.799559 -0.30392
0.479884 0.622864 -0.112914
0.242 0.405738 0.548134
-0.190957 -0.323429 0.782704
0.694684 -0.385301 0.391983
-0.474759 0.570418 0.236209
0.169914 0.263317 0.709536
0.13633 -0.683461 -0.618479
-0.333455 0.607288 0.302174
0.907147 -0.0537461 0.0832721
-0.815761 0.069845 -0.110875
-0.726047 -0.393468 0.133553
-0.212629 -0.817512 -0.0529474
-0.572395 0.563793 -0.347678
0.0718102 -0.432498 -0.753126
-0.339559 -0.377923 0.706688
0.53505 0.574893 -0.0157343
0.36455 0.00629203 0.727656
0.108594 0.540436 0.445014
-0.3749 0.64184 -0.471706
0.871717 -0.251475 0.131581
0.312773 0.560345 -0.543274
-0.349746 -0.756958 0.257597
0.215887 0.653931 0.302933
0.2408 -0.563268 -0.707444
-0.707671 -0.416954 0.222687
0.13764 0.817229 -0.208978
-0.384863 -0.627907 0.519699
0.704176 0.158003 0.305176
0.017063 0.487216 -0.73368
-0.432409 0.448974 0.403444
-0.128898 -0.626404 -0.645734
-0.693714 -0.381595 0.443377
0.725741 -0.346 0.372341
-0.10124 0.783201 0.143355
0.645248 0.434786 0.0125417
-0.320123 -0.701673 0.448801
0.638279 -0.388833 0.456025
0.459119 0.444618 -0.530788
-0.672325 -0.492387 0.119504
-0.816694 0.0791934 -0.100283
-0.593177 -0.0815018 0.615762
-0.662266 -0.498236 0.227643
-0.338002 0.68721 -0.4385
-0.349214 -0.251552 -0.734801
-0.665484 0.452581 0.0445144
0.576109 -0.0436833 0.527199
0.0148029 0.781814 -0.388803
-0.289217 -0.515722 0.662901
0.435588 0.647154 0.0155311
0.212547 0.794387 -0.0803586
-0.291898 0.362152 0.58298
0.406337 -0.781951 -0.292209
0.698992 -0.523231 -0.406495
0.0765067 -0.0261045 -0.879759
0.6008 -0.262605 -0.655832
0.614728 0.465779 -0.18578
0.0172735 0.622091 0.36714
0.35764 -0.136628 -0.776319
-0.727469 -0.0461586 0.428894
-0.39543 0.470624 -0.671285
-0.266119 -0.438292 0.713553
0.35178 -0.20985 0.699599
-0.0824046 -0.00468316 0.835415
0.499107 -0.164737 -0.725865
-0.00385894 0.406672 0.601858
0.468952 0.0022222 -0.738834
0.497467 -0.704667 0.292506
0.392433 0.186521 0.629254
-0.319411 0.104324 0.74433
-0.382736 0.733266 -0.0546515
-0.06449 0.435438 0.5763
-0.376951 -0.255447 -0.71797
0.625975 0.181948 -0.559665
-0.619608 0.317821 0.322798
0.56176 0.406456 0.259312
-0.557824 0.259251 -0.66612
0.389002 -0.786961 -0.287674
0.243649 -0.526981 -0.71868
0.366646 -0.80999 -0.155839
0.551701 0.385974 0.300126
0.0587384 0.147055 -0.845548
-0.302998 -0.563464 -0.59283
-0.302796 0.672469 0.244075
-0.355136 -0.769924 0.178864
-0.666251 0.180361 -0.5762
-0.12532 -0.815407 0.200484
-0.737538 -0.309829 0.408365
0.208734 -0.82406 -0.242578
0.682997 0.376437 -0.121862
0.0402993 -0.7923 -0.413372
-0.103851 -0.799987 -0.257313
0.179367 0.754169 0.150167
0.903733 -0.162651 0.0679135
0.272052 -0.837418 -0.13044
0.345419 0.706148 -0.24524
-0.395408 -0.354283 -0.658688
0.27852 0.0349748 -0.802299
-0.465187 0.655362 -0.280707
-0.225249 0.784295 0.0634671
0.069233 -0.182205 0.845695
-0.332892 -0.337007 -0.700867
-0.246156 -0.805753 -0.116709
-0.316135 -0.80332 -0.0319157
0.545468 -0.691874 -0.429779
0.442063 -0.790649 0.147072
-0.636758 0.165266 0.431557
0.624531 -0.537382 0.352391
0.509973 0.576256 -0.246957
0.706567 -0.278017 -0.537463
-0.400895 0.0684413 0.725505
-0.00848451 -0.00160732 0.83944
0.184759 -0.3658 -0.770663
0.00341285 -0.489912 0.727976
-0.0689005 0.460455 0.555012
0.545687 -0.401574 0.520021
0.570123 -0.623309 0.324542
-0.0594152 -0.613598 0.640099
-0.653057 0.00895422 -0.601784
0.676868 -0.660632 -0.0650436
0.514155 0.588966 -0.141433
-0.749972 -0.170967 0.396717
-3.43199e-05 0.0454197 0.820155
-0.128906 -0.791544 -0.30242
0.497014 0.527076 0.167406
-0.0186545 -0.812911 -0.220532
-0.613349 -0.0354698 0.581481
0.0206125 -0.503612 -0.732425
0.286025 -0.824902 0.156126
0.308423 -0.712474 -0.518472
0.160288 -0.84578 0.169538
-0.104754 0.491416 0.527112
-0.590109 -0.557878 -0.257677
-0.47075 0.668003 -0.0252958
-0.103967 -0.799548 0.263941
0.123457 -0.812739 -0.317237
0.774301 0.220145 -0.175281
-0.710767 -0.222194 -0.420115
-0.612711 -0.0379202 0.582806
0.831713 -0.240376 0.249895
-0.745718 0.175218 -0.356362
0.00142609 0.437483 -0.778571
-0.492957 -0.684199 0.20186
-0.212315 -0.106786 0.834037
-0.753627 -0.316789 0.302381
0.746601 0.0663029 0.312085
-0.280515 -0.315963 0.758132
0.515361 -0.736797 0.198943
-0.152282 0.822331 -0.229489
0.90465 -0.194676 -0.248762
-0.189489 0.773435 0.134652
0.397671 0.329976 -0.664878
-0.477249 0.296772 -0.726814
-0.0186248 0.473689 0.54076
0.0599603 0.743815 0.196139
-0.637577 0.50922 -0.247477
-0.278238 0.385212 -0.784508
-0.273436 -0.597886 0.626056
-0.567392 0.569641 -0.324543
-0.188633 0.805482 -0.0215178
0.0852426 0.807687 -0.286334
-0.0507748 -0.635957 0.611685
0.0986587 -0.241873 0.820049
0.897457 -0.076771 0.112489
-0.802507 0.139774 -0.123293
-0.0324271 -0.764221 -0.468094
0.27115 0.586416 0.352941
0.357069 0.681384 0.0721094
0.754066 0.169476 -0.374429
-0.296577 -0.0636385 -0.833852
-0.0474641 -0.837059 -0.0223294
-0.224384 0.749633 0.163979
0.71023 -0.330224 0.388978
0.0577418 0.726778 0.222263
0.4805 -0.206414 0.606981
-0.713149 0.0659022 0.374346
0.234653 0.11699 -0.797965
-0.281931 0.0434705 -0.853317
0.133864 -0.375857 -0.768999
0.49357 -0.327089 -0.693644
-0.0699721 0.783274 -0.366355
0.794025 -0.0594491 -0.493632
-0.353627 0.382639 0.528181
0.253766 0.371069 0.577045
-0.667679 0.133831 -0.594835
-0.368214 0.242681 0.64064
-0.533664 -0.120966 -0.687785
-0.372759 -0.114903 -0.786454
0.325083 0.259112 0.631353
0.227287 -0.771184 0.364627
-0.415252 -0.188925 0.747384
0.889281 -0.289221 -0.0777572
-0.737917 -0.023747 0.407907
-0.636693 -0.19643 -0.595312
0.0895117 0.589294 0.394908
-0.633446 0.416453 0.207505
0.124479 0.36037 0.635056
-0.716541 0.0305452 -0.533064
-0.319974 -0.213918 -0.769294
-0.440795 0.523708 -0.588123
-0.0860489 0.579806 0.430041
-0.639929 0.504955 -0.302862
-0.163968 -0.15588 0.854873
0.429071 0.134422 0.631356
0.453388 -0.746068 0.260613
-0.757246 0.101308 -0.354471
-0.652245 0.0735561 -0.60665
0.479285 0.305266 -0.620467
-0.353981 -0.740028 -0.261584
0.264921 -0.807646 -0.317391
0.196076 -0.169731 -0.821023
-0.460199 0.462088 0.365111
0.00909439 -0.846808 0.0107209
0.690589 -0.313736 0.409962
-0.493877 0.111987 0.641074
0.137311 -0.0373054 -0.862225
0.0747045 0.787957 -0.340454
-0.851174 -0.0882408 -0.0403544
-0.0676563 0.0998142 -0.884523
-0.592011 0.542747 0.0901187
-0.594861 -0.0836507 -0.645696
-0.81665 -0.156008 -0.185704
0.354427 0.712578 -0.150992
-0.275855 -0.712741 -0.393761
0.105125 0.809329 0.0393493
-0.170961 0.0340813 0.80548
-0.810254 -0.0458381 -0.199228
-0.722337 0.403821 -0.167068
0.697298 -0.104573 0.407925
-0.0743705 -0.840223 0.101676
0.465944 0.492365 -0.474458
-0.687357 -0.443383 0.313015
0.353975 -0.597513 -0.663988
0.11069 0.368444 -0.765841
0.336861 0.290827 0.599904
0.359105 -0.314411 0.673467
0.4768 0.122122 0.590231
0.333538 -0.0198361 0.750663
0.819122 -0.0974317 0.264147
-0.54403 0.161629 0.561637
-0.077221 0.728282 0.238259
-0.0427439 -0.188069 0.873936
0.0371012 -0.353821 0.78238
-0.666969 0.464731 -0.354568
0.591509 -0.703871 -0.377262
0.547325 -0.201838 -0.702932
-0.499049 0.203374 -0.740213
0.40835 0.609539 0.142583
0.0254407 0.847413 -0.0705185
0.828687 -0.458044 -0.198914
-0.666171 0.0275719 -0.591743
-0.0812639 -0.691801 -0.600444
0.314893 -0.339011 -0.75056
-0.653663 -0.477378 -0.210845
0.191745 0.267865 -0.77009
0.556205 -0.693686 -0.418662
-0.750746 -0.357223 0.0539034
-0.23163 0.730084 0.195352
0.0557012 0.523694 0.473018
0.109744 -0.243536 0.816627
-0.141159 -0.800903 0.250362
-0.44541 -0.29432 0.695314
-0.0189735 -0.528908 0.714358
0.449209 -0.151008 0.640697
0.150968 -0.811438 0.284689
-0.23473 -0.799463 -0.171038
-0.0456061 -0.821989 -0.13492
-0.792282 -0.23743 -0.152073
-0.718939 -0.0895766 0.449912
-0.236574 0.308379 -0.83608
0.587865 0.290468 0.365411
0.5381 0.127837 -0.665297
0.820271 0.165612 -0.0145414
0.697576 -0.59128 0.12642
0.0905426 0.49308 0.499219
0.141472 0.181349 -0.810392
0.38887 0.220447 0.608106
0.644601 -0.617678 -0.404182
-0.768114 0.145587 -0.275104
-0.00113663 0.823916 -0.264438
-0.601322 -0.0326152 0.594603
-0.44066 0.654507 -0.373872
-0.712382 -0.399873 0.294808
-0.692288 0.438504 -0.127781
0.593531 0.48708 0.0420172
0.138827 -0.809958 -0.345119
-0.518131 -0.642788 -0.239209
0.575939 0.00902603 -0.696423
0.185567 0.0992415 0.78387
-0.159209 0.459916 -0.770252
-0.648529 0.404742 0.183484
0.455286 -0.761615 -0.352065
-0.761453 -0.226456 -0.260737
-0.311465 0.463384 0.479566
-0.555107 -0.469359 -0.476623
0.793031 -0.165129 0.302715
0.103742 -0.778331 0.375229
-0.0633603 0.78034 -0.376813
0.630645 0.355961 0.20643
0.0094268 -0.223815 -0.820027
-0.30294 0.42918 0.518484
0.0670496 -0.844353 -0.047327
0.388863 0.460902 -0.57109
0.695948 0.0168031 0.400735
0.588286 0.420862 0.18733
0.0463882 -0.463907 0.730725
0.672077 -0.348749 -0.537377
0.351021 0.610291 0.23671
0.0868754 -0.822134 -0.225095
-0.377282 0.275219 0.607043
0.153155 -0.814138 0.27472
-0.383157 -0.694341 0.36762
-0.440688 0.587539 -0.487281
-0.254752 0.42481 -0.768497
0.460215 0.451014 -0.523734
0.165803 0.654094 -0.494559
-0.713612 -0.431715 -0.109309
0.905238 -0.239256 -0.210832
0.608751 0.467116 -0.224347
0.224933 -0.661751 -0.63287
-0.437252 -0.709285 -0.227516
0.551304 -0.735994 -0.0797594
0.629067 -0.615371 -0.419929
0.0309416 0.47394 -0.737727
0.621831 0.422375 0.120409
0.79386 0.000536828 -0.477358
-0.00450054 0.418804 0.591559
-0.206613 0.305781 0.657611
0.064329 -0.244934 -0.81185
-0.658219 -0.253132 -0.512914
-0.478812 -0.0567575 0.700933
-0.663514 -0.331354 0.50725
0.141457 0.5693 0.40782
-0.0219227 0.149847 -0.868433
-0.047776 -0.0458356 -0.869066
-0.605049 0.293796 0.370037
-0.015872 -0.753697 -0.51062
-0.688182 -0.476952 -0.00286401
0.26554 0.260917 -0.749557
-0.601479 -0.565909 -0.20679
-0.0554778 0.636733 -0.601802
-0.840051 0.0137774 0.0497222
0.000471072 0.0694699 -0.883172
-0.105488 -0.164473 0.869501
0.0579896 -0.151631 -0.841138
-0.348525 0.750807 -0.114722
0.688453 -0.653272 -0.0829337
0.101577 -0.451539 -0.746325
-0.123287 -0.815338 0.203939
-0.72455 0.397543 -0.3001
-0.555521 0.562835 0.152632
0.150266 -0.817207 0.266778
-0.0111295 0.612497 -0.611469
0.548748 0.236705 0.44778
-0.0169534 0.39066 -0.798416
0.540535 -0.501096 -0.578514
0.139375 -0.705809 0.522002
-0.450536 0.427382 0.410772
-0.0298001 -0.482791 -0.740379
0.0206903 0.834966 -0.028758
0.31435 -0.743113 -0.466624
-0.40494 -0.42523 0.652957
-0.166621 -0.335323 -0.784359
-0.04047 -0.631694 0.618107
-0.571796 -0.43331 -0.501132
-0.503882 0.633272 -0.167948
0.493118 -0.76309 -0.168778
-0.644361 0.49799 -0.113279
-0.494776 -0.696863 0.164715
0.815084 -0.173039 -0.449921
0.762172 -0.557257 -0.0699612
0.540795 0.533849 -0.277453
0.599419 0.226187 -0.555109
0.366154 0.537705 -0.523033
-0.107651 -0.194041 0.857561
0.393509 -0.724597 -0.461996
0.650245 0.361161 0.16544
-0.665497 0.370948 0.171329
-0.73982 -0.149533 0.415195
-0.730073 0.147544 0.246878
0.0801877 -0.414806 0.745824
0.126204 -0.831361 -0.179577
0.674686 0.27117 0.241863
-0.605024 -0.570638 -0.186706
-0.0612883 0.0213624 0.826311
0.221289 0.2211 -0.774553
-0.0296166 -0.846938 0.120197
0.85873 -0.344621 -0.019834
0.2369 -0.716957 0.471837
-0.652824 0.0772722 0.483517
-0.674007 0.230418 -0.543923
-0.302341 -0.107593 -0.821435
-0.614465 0.471633 0.191951
-0.437254 0.573294 -0.513583
-0.0568882 -0.646964 0.59663
0.676527 0.220873 -0.45875
0.856422 -0.125582 0.216598
-0.767327 0.0908155 0.197745
0.285141 -0.352148 -0.757493
0.152827 -0.192355 -0.825106
-0.0575295 -0.56189 0.697449
-0.3643 0.102735 0.728461
-0.0306504 0.647256 -0.579339
-0.55192 -0.640274 -0.181686
-0.341517 -0.396288 0.697834
-0.562187 -0.54684 -0.331912
0.599175 0.160408 -0.598242
-0.415089 -0.637912 -0.393795
0.460372 -0.769198 -0.284555
-0.396391 -0.0133194 -0.798248
0.486315 0.18727 0.540986
0.569965 0.257021 0.41381
-0.6927 0.185198 -0.53877
-0.342119 -0.148607 -0.788438
-0.110935 0.585178 0.427293
0.496242 -0.757855 -0.301354
0.391729 -0.320092 -0.729231
-0.538226 -0.388787 0.594676
0.579574 -0.717356 0.0839837
-0.368961 -0.637321 0.52327
0.287939 0.620165 0.311526
0.475912 0.476722 -0.477023
-0.805718 0.00991328 0.172456
0.469457 0.253735 -0.653081
-0.313153 0.745101 0.0810797
0.104366 -0.735177 -0.559644
0.0718487 0.478707 -0.715312
-0.462684 -0.629421 0.391204
0.326262 -0.830031 -0.0174971
-0.0325021 0.783008 -0.383116
-0.799715 0.156333 -0.124667
0.567452 -0.120105 0.533739
0.464636 -0.370093 -0.69349
-0.60757 0.514941 0.13938
0.259752 -0.41475 -0.748417
0.580563 0.169099 -0.609193
-0.170049 -0.779347 -0.322775
-0.757904 0.0129419 0.328676
0.299311 0.51594 0.411817
0.0375794 0.489538 0.513084
-0.607436 -0.223171 0.603901
-0.404696 -0.230526 -0.715531
-0.45205 -0.528314 -0.51447
0.476751 0.556259 -0.392223
0.345378 -0.350425 0.676245
-0.539203 -0.593422 -0.289837
0.82012 0.173946 0.0713179
-0.500091 0.399813 0.397065
0.73782 0.24028 -0.317019
-0.214926 0.308464 0.65433
-0.0801309 -0.264197 0.836354
0.819795 -0.269934 0.266121
-0.682817 0.0179188 0.482827
-0.7281 0.332453 -0.329108
-0.649324 -0.393646 0.493113
0.592383 -0.713592 -0.29136
-0.775105 -0.26617 0.306624
0.579249 0.346683 -0.470172
-0.796476 0.175037 -0.126604
0.151191 0.82562 -0.143301
0.772277 0.00640614 -0.520929
0.243267 0.509105 0.443191
0.579632 -0.174286 -0.69759
0.580258 -0.347171 0.506641
0.323382 0.401367 -0.657171
0.609105 -0.530588 0.378622
-0.578962 -0.601679 -0.201853
-0.658845 0.451105 0.0784346
-0.0196928 -0.742394 0.432849
0.111201 0.610686 -0.568619
0.709868 -0.262823 0.390968
-0.114497 -0.801763 -0.236864
-0.224423 0.716812 0.227301
-0.0821936 -0.161235 -0.837049
-0.550667 0.0313414 -0.691007
-0.131592 0.273021 0.693203
0.492826 -0.598187 0.443872
0.791975 0.178783 -0.242099
0.181942 -0.780996 -0.463251
-0.079285 0.0950045 -0.884527
0.672704 0.399592 0.0063032
-0.813079 -0.0877418 0.239051
0.623863 -0.405577 -0.55873
0.0237904 -0.79339 -0.393954
-0.258523 0.289667 0.659867
-0.342576 -0.401931 -0.663235
-0.330029 -0.708836 0.419067
0.630103 -0.0687155 0.475778
-0.530771 0.543722 -0.442904
-0.633477 0.487048 -0.380609
0.439494 -0.7853 -0.0936431
0.655903 0.412601 -0.15617
0.578014 0.50511 0.0400687
0.0194539 -0.811757 0.265594
-0.736842 0.136733 -0.422763
-0.215957 -0.341714 -0.756981
0.46874 0.470581 0.310211
0.773699 0.235606 -0.0863726
0.102599 0.0963101 -0.846786
0.007675 -0.734209 -0.573186
0.209362 0.0942576 -0.812581
-0.220235 -0.433058 -0.707444
0.232793 0.010796 -0.82459
0.648963 -0.492717 -0.485821
-0.477872 0.00603744 -0.751779
0.494027 0.418385 -0.512407
-0.316883 -0.567313 0.619789
0.461808 -0.118777 -0.746052
-0.700376 0.332591 0.106366
-0.352779 0.738249 -0.180047
-0.507793 -0.168388 0.690864
-0.46476 -0.184109 -0.706092
-0.333284 -0.756135 -0.251151
0.168958 -0.813555 -0.32173
0.00199714 -0.619741 0.637258
0.552039 0.310429 0.395384
-0.537495 0.592801 -0.349981
0.55497 0.393493 0.285781
0.372275 0.566298 0.294362
-0.733873 -0.0681281 -0.467945
0.855589 -0.376238 -0.0893893
-0.701266 -0.0471354 0.469411
0.675666 -0.219121 -0.597139
-0.254536 -0.807748 -0.0962008
0.299841 -0.78496 0.275021
0.751031 -0.0324084 0.339714
-0.412235 0.617645 -0.470144
0.435535 -0.427937 -0.690007
-0.12915 -0.419029 -0.759149
0.256361 0.139074 -0.78479
-0.565028 -0.0371299 0.636919
0.077471 -0.811427 -0.297705
-0.839396 0.0184386 0.0461117
-0.0883754 -0.393421 0.779289
-0.395833 0.202834 0.658584
-0.401015 0.636187 -0.45265
-0.712238 -0.396182 0.328776
0.583965 -0.146953 0.517606
0.644073 -0.680049 -0.0432683
0.264015 0.765515 -0.119816
0.765088 -0.409759 0.242531
-0.273809 0.36082 0.594873
0.723261 0.324416 -0.0483967
-0.291731 -0.80708 -0.0572963
0.45314 0.619004 0.0477578
0.0352831 0.249135 0.735722
0.0721266 0.826031 -0.227612
0.764481 -0.0233962 0.319193
0.492406 -0.764361 -0.130592
-0.317918 -0.802639 -0.0818149
-0.725968 -0.193974 -0.412577
0.332811 -0.226052 0.710122
-0.658391 0.463036 -0.369952
-0.35706 -0.792934 0.0186965
0.106422 0.731454 0.20854
0.0366782 0.170015 -0.845664
-0.254323 0.564028 -0.667152
-0.75185 -0.0585933 0.393618
0.0550122 0.619939 -0.579231
0.371715 -0.78379 0.233402
-0.405118 0.575461 -0.544751
-0.688213 0.437099 -0.0576326
0.236907 -0.218609 -0.799925
0.198309 0.696043 -0.419672
0.476183 -0.352188 0.58108
0.490356 -0.769298 0.171751
0.868706 0.0704999 -0.0796567
0.242479 -0.408757 0.704375
-0.648067 -0.549012 -0.092656
0.845799 0.0929867 -0.189797
0.730335 -0.00539466 0.360363
0.859694 -0.0168427 -0.321247
-0.746524 0.330802 -0.235845
0.756647 -0.557782 -0.153217
0.252935 -0.853528 0.0386376
-0.613908 -0.453589 0.484014
0.507363 0.338448 0.416364
-0.785119 0.0312717 -0.27209
-0.115197 0.50999 -0.746109
0.0627114 0.306333 -0.798404
0.212564 0.321465 0.644856
-0.447565 0.129335 0.675498
-0.246703 -0.812179 -0.068871
-0.529692 -0.700718 -0.0983253
0.59406 0.142138 0.457286
-0.439654 -0.698831 0.259694
-0.417908 -0.464494 -0.586578
-0.705971 -0.377493 -0.217964
0.527444 0.139819 0.528333
-0.619075 -0.565229 -0.152878
0.150302 0.269916 -0.782156
0.419888 0.114804 -0.730186
0.148713 0.825621 -0.137909
0.211707 0.309642 -0.751947
0.674753 0.200436 -0.479979
-0.125958 -0.78705 0.290463
0.764915 0.172307 -0.351035
-0.14003 -0.0488311 0.842667
-0.580054 -0.527141 0.440056
-0.349718 -0.378668 -0.671024
-0.315874 -0.472302 -0.639119
0.154431 0.225217 0.734192
-0.247551 -0.655074 -0.534708
0.60201 -0.208463 -0.680447
-0.013347 0.219574 -0.846263
0.166961 0.335431 -0.758176
-0.0075053 0.25827 -0.833648
-0.756314 0.303112 -0.161706
-0.33841 0.0866018 -0.85105
0.25819 0.160746 0.732681
0.443782 -0.225477 -0.732421
-0.434907 -0.212044 -0.708553
-0.40791 0.454565 0.416307
-0.657333 -0.473771 0.376977
0.269976 0.0548285 -0.800506
-0.229164 0.421303 -0.778971
0.525894 -0.165569 0.571944
0.177533 -0.800781 -0.394458
-0.64879 0.0805899 0.487539
-0.38601 0.43813 0.451063
-0.266909 0.416741 0.550765
0.0774179 0.491236 0.503691
-0.116177 -0.590307 0.66568
0.432644 0.662306 -0.108761
0.503477 0.143236 -0.682883
-0.284074 -0.218451 -0.786295
0.469533 0.0643046 0.625289
0.337044 0.710132 0.0415996
0.0342199 -0.044128 -0.87371
0.044796 0.30747 -0.803547
-0.0166206 -0.629323 0.623205
-0.0428402 -0.0943926 -0.857419
0.13692 -0.56427 0.642545
-0.517516 -0.455241 -0.52397
0.0026204 -0.809165 0.267776
0.659177 0.415077 -0.0945332
-0.0628278 -0.0272031 0.846986
0.566154 0.207999 -0.600303
0.660848 0.319596 0.201942
-0.0249439 -0.778002 0.341287
0.85366 -0.295465 -0.356109
0.000668843 -0.830121 -0.106725
-0.48807 0.626072 -0.375089
0.112898 -0.773247 -0.502214
0.28051 0.489822 0.446403
-0.441201 0.690137 -0.0317768
0.0121527 0.170404 -0.852836
0.852771 -0.0548278 0.193486
0.472093 -0.114156 -0.74357
0.277802 0.321339 0.614113
0.492108 0.498288 -0.43293
0.0138043 -0.0618424 0.862564
0.0250521 0.103547 -0.868027
-0.562316 0.564853 0.126493
-0.748183 0.0634105 -0.418465
-0.679401 0.186811 0.329796
-0.407859 0.388112 -0.717007
0.478394 0.411328 0.37253
-0.283052 0.763089 0.0591234
-0.262135 -0.274476 -0.76939
0.56081 -0.0436732 -0.715344
0.074859 -0.393579 -0.765178
0.6242 -0.372035 0.469838
-0.80816 0.065506 0.0942078
-0.666677 0.467381 -0.0863913
0.725442 -0.471988 -0.40969
0.6469 0.177211 -0.538038
0.00278222 0.277276 -0.825085
-0.27193 -0.296948 0.768013
-0.756373 -0.305617 0.32468
0.460053 0.146914 -0.707358
0.177638 0.69785 -0.428267
-0.690087 0.292894 0.19108
0.1601 -0.233631 0.801459
-0.686419 -0.343332 0.473401
0.167499 0.456334 0.523988
-0.23552 0.644882 0.332636
-0.00505668 0.691159 -0.515966
-0.662011 -0.339997 -0.407053
0.260982 -0.648854 0.534476
-0.626684 0.182574 -0.621002
-0.419236 -0.405731 -0.618957
0.488708 0.197201 -0.666986
0.658658 0.10264 0.409058
0.154909 -0.597345 0.613649
0.466871 -0.758389 -0.354168
-0.342044 0.57609 0.33089
0.235367 0.646783 -0.471677
0.844831 -0.363578 -0.32622
-0.389217 0.417523 0.471425
-0.571682 -0.577456 -0.259065
0.321872 -0.378867 -0.739138
0.0524193 -0.438031 -0.751962
0.41862 -0.0445364 -0.769009
-0.424325 0.550721 -0.563327
-0.282964 0.276642 -0.835132
0.278757 -0.801129 0.236877
0.892688 -0.295752 -0.118936
0.240904 0.714742 -0.36911
0.323348 -0.731505 -0.481381
0.50538 0.519287 0.169648
0.508619 -0.400356 0.547074
0.647688 -0.262576 -0.606861
-0.709474 0.298021 0.120989
0.343771 -0.819891 -0.124847
0.548626 -0.476698 0.490707
-0.522087 -0.15297 -0.686563
0.30215 -0.839331 -0.00987497
0.0726456 0.0153509 -0.879279
-0.172925 0.652895 -0.573064
-0.755353 0.126561 0.191031
0.257568 -0.0702164 -0.819238
0.913755 -0.109654 0.0451234
0.141543 -0.0149102 -0.863492
0.123451 0.786605 0.117016
0.265602 -0.647061 -0.642273
-0.167833 -0.715627 0.45677
0.145949 0.798935 0.0247488
-0.297896 -0.806185 -0.0438425
0.660974 0.107792 0.404077
-0.755698 -0.338702 0.134574
-0.640852 -0.504355 -0.199913
-0.137054 -0.104532 0.858721
-0.385194 -0.728449 0.281037
0.0283461 -0.518077 -0.727593
-0.295014 0.663359 -0.518595
-0.0152622 -0.836147 -0.0512481
-0.418466 0.293314 0.565718
0.107975 -0.821229 -0.246313
-0.302759 -0.515816 -0.621514
-0.669005 -0.485911 0.229324
0.242434 -0.844689 0.0993714
0.393203 -0.703549 -0.495978
0.116497 0.77378 -0.350291
-0.0494116 0.185744 0.756982
0.672083 -0.236991 0.431196
-0.351315 0.63371 -0.510204
0.74568 0.239062 -0.300392
-0.500329 -0.313703 -0.622241
0.797791 -0.0938038 0.293156
0.540318 -0.0297077 -0.719687
-0.0315451 -0.825864 0.215154
-0.33207 0.255196 0.651308
0.218467 0.123786 0.768033
0.871464 0.0509646 0.103015
-0.562186 0.551373 -0.391231
-0.639712 0.0835822 0.49907
0.117007 -0.0928264 -0.856785
-0.0772951 -0.774438 0.336388
-0.516188 0.612149 -0.328654
-0.716172 0.303218 0.0923708
0.389247 -0.141583 0.686037
0.474585 0.365784 -0.584305
0.47015 -0.577092 -0.591157
0.817003 -0.0537816 -0.456318
-0.16462 -0.644605 0.590837
0.929708 -0.164281 -0.0311226
-0.707063 -0.39063 0.407575
0.283078 0.75273 -0.251226
0.493488 -0.392736 -0.669653
0.14895 -0.241413 0.803457
0.434025 0.494381 0.328956
-0.525642 0.543986 0.212279
0.474032 0.372025 0.419051
0.0277947 -0.764709 0.390083
0.640231 -0.10612 0.46544
0.0558439 -0.322022 -0.78805
0.19728 -0.291442 -0.791637
-0.143307 0.0425046 0.808681
-0.634862 0.171627 -0.616474
-0.131475 -0.802088 -0.222769
0.248475 0.774445 -0.176873
-0.264764 0.584229 -0.638963
-0.411294 0.554559 -0.571268
0.194068 -0.774866 0.373867
0.480805 0.552226 -0.389885
-0.644301 0.464757 0.114115
0.779773 0.0764225 0.244525
0.339219 0.711545 0.0327413
0.304246 -0.838141 -0.0250956
-0.00176502 0.837145 -0.0335045
0.913058 -0.119836 -0.229595
0.646673 -0.233874 -0.62145
0.547853 -0.584348 -0.517739
0.854419 -0.416415 -0.216196
-0.703325 0.322025 -0.421235
0.511877 -0.186595 -0.717491
0.538868 0.259397 -0.593307
-0.556518 -0.193456 -0.652399
0.697276 -0.463472 -0.448547
0.73278 -0.119702 0.369464
-0.265132 0.11075 0.756234
0.0163756 0.340257 -0.802772
-0.201871 -0.822418 0.0393024
0.751279 -0.57296 -0.11004
-0.743963 -0.138953 -0.427631
-0.608377 -0.595588 0.153134
-0.36266 0.479877 -0.681048
-0.316377 -0.225219 0.781762
-0.239747 -0.786817 0.232867
0.295231 -0.460336 -0.729445
0.524757 0.138359 0.531874
0.0448103 0.230871 -0.825632
-0.183886 0.640368 0.3695
0.0763814 0.572333 -0.622039
0.0945404 0.641299 -0.537861
-0.0289129 0.677372 -0.542024
-0.00118979 -0.575041 0.686097
0.0525371 -0.850572 0.00859816
0.282318 0.270832 -0.741574
0.641016 -0.164986 -0.658315
0.209967 -0.779954 -0.452497
0.00465494 0.820101 0.0197435
-0.753428 -0.329067 0.251754
-0.383737 0.0378167 -0.819002
0.81712 -0.372283 -0.36521
-0.449691 -0.58769 -0.436277
-0.846744 -0.17869 0.0234363
-0.331246 0.677337 -0.461663
0.576134 0.502276 0.0525676
0.425319 0.671316 -0.0499649
-0.163158 0.800962 -0.280391
0.843356 -0.428745 -0.167952
-0.429686 0.659383 -0.378661
0.0548426 0.631444 -0.565301
-0.386959 -0.180093 -0.74982
-0.197027 0.242352 0.703633
-0.327211 -0.681724 0.486767
-0.752424 0.106356 -0.372871
0.0978005 -0.458413 0.722447
-0.544322 -0.662658 -0.153468
0.547744 0.106759 -0.668686
-0.35494 -0.502151 0.63656
0.31672 0.369579 -0.683993
-0.625295 -0.564866 0.184804
-0.786387 -0.273753 0.182649
-0.421917 0.703695 -0.0494211
-0.497307 -0.434325 -0.551422
-0.483602 0.651935 -0.11989
0.215826 0.683962 0.265607
0.266726 0.763939 -0.119068
-0.518804 -0.634278 0.28181
0.0570997 0.675328 -0.511035
0.163492 -0.643676 0.578043
0.0949108 0.804953 -0.287643
-0.475385 0.277697 0.535643
-0.340267 -0.0157191 0.7705
0.907917 -0.0565202 0.0797792
-0.241748 0.418422 0.563338
-0.495575 -0.205566 -0.679232
-0.421049 -0.681433 -0.302779
0.288861 -0.795457 0.248548
-0.351782 -0.0996801 -0.803019
-0.647569 0.0191609 0.528938
-0.0176711 -0.796339 -0.343614
0.049291 -0.685165 0.549163
-0.0278723 -0.825796 -0.119017
0.806783 0.108126 -0.333388
-0.531037 -0.238218 0.661621
-0.739676 0.170414 -0.386997
0.886156 -0.202561 -0.315467
-0.599796 0.362733 -0.566967
-0.271407 -0.789638 0.166897
-0.373646 0.648048 -0.463073
0.723058 0.319913 -0.0761171
-0.730954 0.246227 -0.374886
-0.621959 0.381235 0.261052
0.613298 -0.197054 -0.673516
-0.44039 -0.0712386 0.7278
-0.576573 -0.639219 -0.138306
0.911587 -0.0980203 -0.221953
-0.330732 -0.693705 0.4532
-0.20707 -0.802514 -0.167554
-0.431713 -0.597647 0.51506
-0.273007 -0.0912454 0.810186
-0.0704857 0.150729 0.769936
-0.0535086 0.36884 0.632958
0.707617 0.244011 -0.376168
0.836854 -0.372638 0.0397803
-0.177134 0.390578 -0.812879
-0.299553 -0.309703 -0.732399
-0.163871 -0.811142 -0.133582
0.759072 -0.246829 -0.495804
-0.454577 0.540228 -0.546182
-0.327411 0.339092 0.581765
-0.449998 0.670867 -0.221625
-0.499311 -0.57283 0.464457
0.887684 -0.322674 -0.158201
-0.845072 -0.129553 -0.087112
0.506407 -0.589145 -0.550811
-0.109993 -0.170452 -0.833781
0.891765 -0.0465161 -0.230134
-0.321919 0.149329 -0.859054
-0.716504 -0.102209 -0.502497
0.53101 -0.671089 -0.460372
-0.313474 0.358987 -0.782984
-0.0714279 -0.369796 0.791931
0.712619 0.288058 0.153548
-0.354584 -0.648835 0.519499
-0.526748 0.0266494 -0.711209
0.583963 0.511808 -0.0595031
0.568784 -0.644713 0.294229
-0.29606 -0.446516 -0.663127
0.786541 -0.123218 -0.496518
-0.265714 0.626094 0.331341
0.573463 -0.462488 -0.574204
0.199041 -0.0409516 0.817328
-0.569159 0.399302 -0.571969
-0.354498 -0.707732 0.382387
-0.118098 0.514573 0.503274
0.50776 0.256308 -0.623302
-0.323454 -0.665057 -0.438483
-0.232955 -0.690125 -0.481207
0.0939217 -0.254107 -0.808133
0.841814 -0.431398 -0.166073
-0.504166 -0.634646 0.306303
-0.673919 0.334883 -0.470433
-0.242756 -0.137054 0.828347
0.831045 -0.346698 0.153541
0.851661 -0.390468 -0.106805
0.736104 0.268017 -0.249258
-0.676334 -0.260684 0.517162
0.358479 0.710378 -0.0664349
-0.71144 0.429994 -0.309891
0.605107 0.250369 -0.525276
-0.184329 -0.817244 -0.0744207
0.51794 -0.360412 -0.668888
-0.36999 -0.658054 0.473304
-0.0701665 -0.389815 0.782565
-0.587642 0.0269204 -0.659023
-0.849817 -0.0633648 -0.0342617
-0.801097 -0.0186089 -0.226191
0.394904 -0.427364 0.61181
-0.199978 0.551514 -0.695297
-0.146846 -0.467113 0.735017
0.309108 0.607699 0.312181
-0.111356 -0.207827 -0.822815
-0.159672 -0.0866109 -0.852967
-0.0334208 -0.667901 0.567828
0.63492 0.305659 -0.43499
0.429222 0.573197 0.184675
-0.0609479 -0.210571 0.863473
-0.401487 -0.340009 0.695259
-0.0387042 -0.835806 0.184646
-0.187747 0.739257 -0.428235
-0.0566626 -0.0475791 0.856327
0.775537 -0.535564 -0.0608339
0.517885 -0.567439 0.447267
0.576685 -0.163949 0.524107
0.439447 -0.730567 0.300599
-0.275959 -0.106734 -0.831541
-0.0820733 -0.78227 -0.372107
0.732597 -0.545583 0.104749
-0.61327 -0.567596 0.231784
0.432861 0.339848 0.483791
-0.49494 0.0927655 -0.742746
0.774101 -0.378819 -0.414831
0.611975 -0.064271 -0.701065
-0.712554 -0.296766 -0.312926
-0.12764 -0.825074 -0.0556345
0.182948 0.148076 0.76529
-0.186107 0.102725 0.777063
0.241122 -0.847811 -0.0873926
-0.488002 -0.081525 0.69688
-0.566548 0.0501988 0.603506
-0.349675 0.717869 0.111088
0.408854 0.328103 -0.657803
0.880783 0.00576742 -0.188398
-0.41713 -0.626026 0.472322
0.194322 -0.419479 0.715646
-0.34896 -0.646906 -0.448032
0.385989 0.55122 -0.492858
-0.412938 -0.629461 -0.412588
0.616403 0.412431 -0.319651
0.639752 -0.142375 0.465123
-0.750206 0.324142 -0.124413
0.321073 -0.164219 0.730944
-0.249263 0.644232 0.323157
-0.32046 -0.391204 0.709523
-0.0471579 -0.781365 -0.399599
0.816498 0.141132 -0.209254
-0.295338 0.46585 0.489048
-0.823581 -0.0448024 0.175873
-0.197806 -0.473918 -0.69653
0.899453 -0.150802 -0.288121
-0.141597 0.20801 -0.878743
0.845875 0.0867028 -0.203367
0.27727 0.75773 -0.139742
0.630385 0.310744 0.26664
0.906462 0.00448252 -0.0765302
0.365075 0.251578 0.606406
0.517932 0.330223 -0.565517
0.371983 -0.480518 0.596655
-0.439023 0.682645 0.0595175
-0.313878 -0.0369663 -0.833577
-0.646195 0.501731 -0.204913
0.0692416 -0.852717 0.0129393
-0.290777 -0.669484 0.534072
0.883272 -0.135091 0.147762
-0.260618 -0.793025 0.159019
0.797233 -0.223017 -0.458523
-0.606666 -0.408604 -0.481091
-0.646461 -0.541805 0.0774183
0.368899 -0.195748 0.689999
0.196155 -0.0140175 0.811162
0.557783 0.404995 -0.439789
-0.164166 -0.469902 0.730046
-0.0533663 -0.810075 -0.217575
-0.549595 -0.031139 0.649808
0.035183 -0.553722 -0.713233
-0.641926 -0.423232 -0.35027
-0.444135 -0.228844 0.719591
-0.587398 -0.409402 0.544358
-0.0269185 0.152708 0.773348
-0.745901 -0.188907 -0.359102
-0.82836 -0.0161568 0.127483
-0.357512 0.294131 0.602602
-0.491666 0.543811 0.249477
0.350572 0.657327 0.137158
0.416583 0.20192 -0.710464
-0.755417 0.251533 -0.260479
0.275637 -0.227127 -0.786441
-0.207565 -0.656696 -0.571999
-0.185206 -0.259614 0.808805
-0.0754312 -0.550183 0.704297
-0.382226 -0.497941 0.62406
-0.105414 0.664297 0.334057
0.726195 -0.373624 -0.468136
0.102338 -0.0090123 0.830687
0.584266 -0.714599 0.0788971
0.0492594 -0.422771 -0.756813
-0.154935 0.118861 0.775345
0.235753 0.676291 0.274517
0.675223 -0.349734 -0.533588
-0.290943 0.251508 0.676255
0.154782 0.795582 -0.27726
-0.415013 -0.0281089 -0.783215
-0.574742 0.142305 0.538425
0.209992 -0.390765 0.728513
0.0821455 -0.781505 0.361142
0.93136 -0.132168 -0.172423
0.305182 0.10829 0.739953
0.422701 -0.348879 0.620505
0.697417 0.367474 -0.0239472
-0.674415 0.293256 0.239231
0.342508 0.71926 -0.175258
-0.410833 0.711358 -0.0154129
-0.849661 -0.105183 -0.0551911
-0.336683 0.0861902 -0.851249
0.531298 0.507364 0.150996
-0.482124 0.659993 -0.015096
0.620759 0.363097 -0.390578
0.707164 -0.218497 -0.563833
0.536474 0.572353 -0.0583313
0.136422 -0.864499 0.116172
-0.0575761 0.324539 -0.829299
0.558098 0.542727 -0.122362
-0.750221 -0.0947153 -0.411296
-0.632335 -0.2433 0.57716
-0.198819 -0.522192 0.694324
0.0263163 -0.15827 -0.839984
-0.0207456 0.458709 0.557225
-0.0945377 0.689418 0.299643
-0.477887 0.66298 -0.018848
0.746253 0.275646 0.104856
0.165357 0.809987 -0.0757666
-0.641867 -0.0857475 -0.605262
-0.592478 0.470694 -0.460785
0.298597 0.262587 -0.73898
-0.278836 -0.804305 -0.104892
0.648641 -0.0688438 -0.680433
0.524882 0.129369 -0.674156
0.154917 0.339715 0.651416
-0.0132224 -0.701765 0.519817
-0.740488 0.174908 -0.380259
0.402084 0.677206 -0.165531
-0.8495 -0.16024 -0.0767093
-0.779035 -0.125888 0.343079
0.110596 -0.662358 -0.639553
0.0933716 -0.338713 -0.781757
0.702714 0.361654 0.0291355
-0.0244696 -0.059382 0.863399
0.0250027 0.685357 0.289504
0.836751 -0.408523 -0.0661323
-0.514638 -0.521224 -0.451759
-0.474913 0.242232 -0.755257
-0.300539 -0.709631 0.435029
0.185473 -0.0834181 0.829159
0.487195 -0.769842 0.00330745
-0.22753 -0.665032 -0.535566
-0.284348 0.457454 0.50521
-0.803399 0.0398646 0.142779
-0.108308 0.00733793 0.827728
0.0500949 -0.809177 -0.295463
0.30028 -0.580219 0.568382
0.251252 0.518389 0.430329
-0.566259 0.410126 -0.56637
-0.149953 0.267329 -0.860934
0.598577 -0.28418 0.500926
0.338373 0.0433113 -0.778038
-0.69923 0.234611 0.236025
-0.483211 0.643785 -0.247656
-0.150074 -0.804929 0.237462
0.740035 -0.0343357 0.355036
0.478427 -0.201655 -0.725597
-0.0811282 0.144355 -0.88235
-0.0663223 0.59837 0.405962
-0.472196 0.504247 0.309418
-0.579592 0.276841 0.429861
0.910627 -0.184389 0.0291906
0.24352 0.703282 0.208911
0.20488 0.557085 0.408862
0.185134 -0.310581 -0.787877
-0.445992 0.100428 -0.785204
0.727247 -0.59767 -0.133664
-0.492113 -0.635965 -0.298925
0.433288 -0.202467 0.641989
-0.597922 0.550704 -0.211932
0.590818 0.290955 0.359928
0.922976 -0.0744976 -0.134093
0.506259 0.356799 0.398816
-0.166679 0.465118 0.545781
-0.0992828 -0.813026 -0.16415
0.0195033 -0.622055 -0.669737
0.61531 -0.171633 -0.68275
-0.576663 -0.0284745 -0.664858
-0.672279 -0.461424 0.370112
-0.738218 0.243673 0.0966733
0.375733 -0.364112 -0.724528
-0.0380176 -0.316771 -0.792404
0.75507 -0.568821 -0.0786081
0.257131 0.0291007 0.786579
0.532355 -0.229672 0.564497
-0.332858 -0.509259 -0.610318
-0.565921 0.577751 -0.228983
-0.548713 0.560049 -0.395888
-0.825946 0.0585526 -0.0724345
-0.173669 0.339531 0.638833
-0.0143703 -0.323533 0.806828
0.137777 -0.426204 0.728626
-0.153531 -0.433307 -0.739843
-0.157509 -0.351782 0.782015
-0.0325424 0.126819 0.783899
-0.637484 0.501811 -0.0567142
-0.422333 -0.603876 0.515594
0.168162 -0.810319 -0.341376
-0.757414 0.257418 0.00647651
0.526164 0.432373 0.277071
-0.829217 -0.0560071 -0.121012
-0.683456 -0.483079 0.020021
0.00430385 -0.546642 -0.714245
0.307828 0.132779 0.725059
0.632289 -0.68293 -0.251522
-0.376234 0.474695 -0.677995
-0.276811 0.555797 0.40218
0.101869 -0.803483 -0.373184
0.0835423 -0.848544 -0.0277369
-0.694025 0.429315 -0.056648
-0.736074 0.266211 0.0747348
-0.288521 0.154418 -0.862657
0.235244 -0.0734135 -0.825605
0.257242 -0.75395 -0.474018
0.0173665 -0.537228 0.703689
-0.676485 -0.471935 0.233817
0.873695 -0.212359 0.154579
-0.545802 0.59415 -0.234813
-0.475353 0.319535 0.499018
0.769758 0.151301 0.190519
-0.156656 0.0316449 -0.870349
-0.422937 -0.182024 -0.729564
0.645222 -0.219902 0.458324
-0.0588162 0.354006 0.645132
-0.23016 0.0534405 0.785018
0.659548 -0.567688 0.244264
-0.677356 0.131977 0.386031
0.387829 0.675774 0.0324344
0.621968 0.264283 0.342686
-0.65134 0.491626 -0.141949
-0.654661 -0.49722 0.317009
-0.684852 -0.324226 -0.359374
-0.349034 -0.0860209 0.783546
-0.407067 0.106475 -0.818964
-0.0586685 0.493726 0.525036
0.601886 0.124005 -0.615617
0.113097 0.12184 -0.836218
-0.829059 -0.206845 0.0730531
0.0584605 -0.805389 0.292686
0.312781 0.736867 -0.185719
-0.200507 -0.300041 0.788701
0.141287 -0.467888 0.703804
0.83863 -0.0513349 0.214445
-0.182023 0.522051 0.487848
-0.758804 -0.157891 -0.362344
0.421974 -0.796674 0.0877773
-0.789821 -0.197797 -0.213907
0.257254 0.332598 0.612976
0.210612 0.788888 -0.253858
0.123877 0.814706 -0.232789
0.473159 -0.526338 -0.615572
0.745432 0.302251 0.0292581
-0.191174 -0.0678018 -0.850951
0.199877 -0.818506 0.231346
0.0266742 -0.531865 -0.722944
-0.391939 0.402612 -0.715954
0.236506 -0.239582 0.773338
0.41806 0.675557 -0.0524828
-0.124005 0.585334 0.428917
-0.389667 0.251678 0.619968
-0.593121 0.138842 0.519349
0.0569126 -0.73796 0.464356
-0.522789 0.335246 -0.664646
-0.554386 0.0779068 0.600774
0.759758 0.270439 -0.0209172
-0.514652 -0.00732685 0.672851
-0.693587 0.448688 -0.328844
-0.516636 -0.164124 0.68467
-0.61897 0.525069 -0.344744
-0.73861 0.0677674 -0.458326
0.379334 0.698156 -0.0783093
0.787926 -0.0785608 -0.499634
0.411135 0.470281 -0.548132
-0.0624954 0.135269 0.777347
0.14675 0.702796 -0.437823
-0.693321 -0.472347 -0.051032
-0.19647 -0.369661 -0.751966
0.545882 -0.71659 -0.40836
0.220022 -0.762939 -0.475739
0.0561145 0.0804188 0.803428
-0.247533 0.401594 0.574918
-0.172853 -0.66681 -0.585837
0.851662 0.0918301 -0.132802
0.809955 -0.485936 -0.161494
-0.104812 -0.438575 0.756392
-0.607283 0.294434 -0.592994
-0.108295 -0.834162 -0.00182776
-0.0818458 0.850161 -0.187332
-0.225848 0.728821 -0.438125
-0.410049 0.335499 -0.745179
0.894447 -0.263441 -0.0427165
-0.227674 -0.810719 -0.0927617
-0.703507 0.437272 -0.277823
-0.0856097 0.125431 0.779306
0.286998 -0.5204 0.613147
-0.333545 0.748202 -0.188365
0.50132 0.571048 -0.30227
-0.158273 -0.625547 -0.631728
0.346559 0.513974 0.393173
-0.215376 -0.73865 0.38855
-0.192974 -0.786543 0.273658
-0.767599 0.268575 -0.134512
0.522267 -0.676379 0.309327
-0.316011 0.125142 -0.8595
-0.164183 0.268771 0.69068
0.596344 0.495782 -0.0710385
-0.298447 -0.319125 -0.728286
0.529999 -0.696747 0.255063
-0.447331 -0.214763 0.720801
-0.306555 0.346659 -0.79331
0.805847 -0.388196 -0.368903
-0.459653 -0.335641 -0.633409
0.0508397 -0.755214 -0.542109
0.698727 0.362988 0.059948
0.583912 -0.705819 0.140957
-0.348977 0.739071 -0.189115
0.588084 -0.716304 -0.304565
0.864071 0.0112016 -0.253246
-0.631315 0.231721 0.380643
0.90355 -0.207087 -0.243189
-0.594455 -0.490666 -0.371407
0.305326 0.584484 -0.524888
0.0835703 0.265116 0.72189
-0.0876948 -0.756489 0.380209
-0.731261 -0.325085 0.410934
-0.202426 -0.185038 0.831977
0.243238 -0.0319507 0.802605
0.385431 -0.789629 -0.274305
0.823196 -0.29355 0.251798
0.304453 0.260944 0.64545
-0.245196 0.734287 -0.416163
0.840842 0.0997364 -0.201838
-0.204598 -0.699737 -0.48563
0.534628 0.318083 0.406054
-0.365924 0.0647584 -0.836664
-0.342504 0.736931 -0.227514
-0.152138 0.218285 -0.876203
0.161949 -0.556195 0.638144
-0.276672 0.101689 0.756917
-0.412861 0.705295 -0.1298
0.762386 -0.556632 -0.0633211
-0.451377 0.674142 -0.156162
-0.472342 0.645315 -0.329808
-0.292001 -0.5765 0.628218
0.334069 -0.827671 0.00483688
-0.639111 -0.565482 -0.0470427
-0.595348 -0.618184 0.116859
0.203512 0.720246 0.208459
0.788121 -0.499076 -0.0275021
-0.314326 -0.760897 0.304853
0.0176032 0.360494 0.641408
0.61429 0.47423 0.00622363
-0.655507 -0.292404 0.531113
-0.265861 -0.781324 0.233055
-0.599016 0.540731 0.0395337
-0.271747 0.374034 0.584706
0.0700079 -0.112719 0.862336
0.221831 -0.802 -0.36889
0.327999 0.563149 -0.532019
0.134292 0.208298 -0.804813
-0.762673 -0.346875 -0.0460016
0.830245 -0.384422 -0.33075
-0.646519 0.382325 0.212714
0.219721 0.323886 -0.745392
-0.114072 -0.591839 0.66386
0.388662 -0.0634834 -0.778801
0.30477 0.706451 0.104703
0.129459 0.0652886 -0.847528
-0.0151499 0.336899 -0.813368
0.756446 0.0907783 -0.459384
0.524062 0.443167 -0.446261
-0.843651 -0.167632 0.0659265
-0.300302 0.297463 0.633753
-0.596809 -0.605278 0.16911
0.086074 0.496205 0.496718
0.613084 -0.487483 0.418277
0.373794 -0.394186 0.642932
0.0303639 -0.802835 -0.328715
0.471702 0.634905 -0.0795384
-0.408399 -0.149137 0.755347
-0.778325 -0.049988 -0.322802
0.178728 -0.84626 -0.0927859
0.536058 -0.00171087 0.565837
0.298831 -0.835442 0.0833706
0.0403768 0.558885 0.436672
0.169002 -0.800041 -0.402402
0.261598 -0.809115 -0.309992
0.145968 0.690681 0.264946
-0.0715194 -0.249574 0.844486
0.5373 -0.0664248 -0.729603
-0.523261 0.607694 -0.308417
-0.443574 0.654759 -0.366313
0.3194 -0.727235 0.396372
0.398169 0.681676 -0.153193
-0.294434 0.209808 -0.850216
-0.344247 -0.178432 -0.773576
0.248146 -0.630815 -0.668234
-0.62781 -0.192716 -0.610397
0.034869 0.36511 -0.789958
0.691875 -0.506853 0.276408
-0.651613 -0.36037 -0.410749
0.765143 -0.206771 -0.50359
-0.591263 0.529028 0.147615
-0.494982 -0.588145 0.435711
-0.374748 0.0520166 -0.82807
-0.71861 -0.281814 -0.314985
0.711988 0.069083 0.365161
-0.688481 -0.260522 -0.435326
-0.343716 0.0747955 0.747183
-0.389626 0.656284 -0.4326
0.408875 0.603913 0.153617
0.271987 -0.0175305 -0.817474
0.634498 -0.413227 0.450487
-0.0863177 0.713444 0.262109
-0.0513291 -0.807749 0.256867
-0.0684138 0.854898 -0.16401
-0.0133557 -0.730285 0.463647
0.764098 0.207555 0.142349
-0.387123 -0.579532 0.570516
0.251375 0.683865 0.246142
0.0126706 -0.40577 0.764034
-0.630354 -0.142001 0.58768
0.201462 0.72285 -0.378687
0.0426047 -0.734013 -0.568959
0.455754 0.0527453 0.640317
0.434735 0.367662 -0.612691
-0.327148 0.358706 -0.775976
-0.564496 -0.683388 -0.0641247
0.431585 -0.0469087 -0.764706
0.318203 -0.367925 0.691349
-0.603266 0.53632 0.0311723
-0.531182 0.177757 0.564217
-0.524765 0.477062 -0.545114
0.894266 -0.0425431 -0.212139
0.16655 -0.763025 0.428906
-0.0455325 0.849145 -0.181627
0.486724 -0.0498263 0.611316
-0.0688682 0.645961 -0.595788
-0.647897 0.486707 -0.0346876
0.297158 -0.823828 -0.185169
0.356139 0.697156 -0.249523
0.392427 -0.038245 0.700438
-0.429362 0.345494 0.511633
0.536104 -0.56644 -0.542846
0.270642 -0.329696 0.734545
0.667204 0.254027 -0.439958
-0.763822 -0.124706 -0.363394
-0.267689 -0.725582 0.40568
-0.662646 -0.191865 0.550138
0.130326 -0.784166 0.367259
0.412934 -0.795429 -0.0896053
0.429692 0.263765 0.540513
0.554455 0.0284727 0.548116
0.680306 -0.0915328 0.42605
-0.222126 -0.74865 -0.361588
-0.738752 0.333615 -0.280073
-0.468644 0.348295 -0.707249
-0.424072 0.689144 0.0796034
0.222716 0.658649 0.296576
0.805073 -0.426047 -0.333008
0.113981 0.833817 -0.138525
0.813676 0.0271362 0.221902
0.401617 0.651121 0.0643493
0.149433 -0.145558 0.826617
-0.739716 0.353939 -0.200988
0.0366205 0.819248 -0.275508
0.158743 -0.706738 0.513412
0.258285 -0.00550696 -0.819444
-0.640502 -0.555945 0.033706
0.284956 -0.673454 -0.59142
-0.173487 -0.805364 0.200208
0.763101 -0.517293 0.0529276
0.190877 0.313906 0.662405
-0.212105 -0.630482 -0.601024
0.189886 -0.179118 -0.820136
0.538927 0.0902157 -0.683267
0.30501 -0.818118 -0.213383
0.370437 0.573895 -0.484787
-0.143959 -0.826998 -0.03018
-0.534827 0.587882 0.139216
-0.200905 -0.66412 -0.564276
-0.163563 -0.805517 0.213646
-0.0225568 0.801362 -0.336724
-0.487505 0.575634 0.219233
0.0446845 0.662578 -0.531378
0.833632 -0.304016 0.224008
0.284563 0.442822 0.492099
0.640666 -0.134016 0.464439
0.371195 -0.485205 -0.698418
-0.263192 -0.161365 0.822401
0.0426476 0.833419 -0.206837
-0.292513 -0.774804 0.23963
0.727855 0.325358 -0.000534599
-0.552509 -0.559566 -0.326661
-0.616405 -0.301711 0.575299
-0.335003 -0.0155055 0.772214
-0.593326 -0.633582 0.0419387
-0.671392 -0.418889 -0.265619
0.129771 -0.233757 -0.813443
-0.726118 0.353517 -0.323747
0.406671 -0.800297 0.00579572
0.542356 -0.267749 0.54993
0.318422 -0.756701 0.341554
-0.447762 -0.11836 0.726841
-0.547825 0.0153579 0.644451
0.248157 0.290194 0.658174
-0.73805 -0.344345 0.329011
0.208244 0.099259 -0.811759
-0.218841 0.64134 0.349011
0.123236 0.106389 -0.837577
0.813061 -0.400901 0.106311
0.842208 0.110132 0.0964641
0.183378 -0.355821 0.750865
-0.0534511 0.75407 0.195726
-0.446098 0.667493 -0.285404
0.597615 -0.706467 -0.326181
0.431502 0.305427 -0.655173
-0.450577 -0.760404 -0.014273
0.327166 -0.155709 -0.782721
0.800967 0.193799 -0.0494919
0.623689 -0.245401 -0.640703
-0.0296913 0.390061 0.615453
0.508052 0.247303 -0.627918
-0.384713 -0.74242 0.24094
0.614957 0.191422 0.410963
-0.443851 -0.186458 0.729592
-0.728447 -0.0514831 -0.487517
0.170954 -0.817242 -0.298887
0.316526 -0.788306 -0.386138
0.0706679 0.461017 -0.729074
-0.416646 -0.0703609 -0.771391
0.0607238 -0.802808 0.300003
-0.179279 -0.515498 0.703621
-0.814236 -0.00065548 0.156495
-0.188479 0.809737 -0.059958
0.334077 0.714634 -0.246364
0.276777 -0.845269 0.0556562
0.421867 -0.794103 -0.0117104
0.170831 0.77988 -0.30674
-0.617921 0.531853 -0.119377
-0.783923 0.192149 0.00925507
-0.0693646 0.855384 -0.131913
0.68924 0.125119 -0.530601
-0.410832 -0.606147 -0.458045
-0.631205 0.513863 -0.305933
-0.642825 0.50004 -0.114464
-0.795657 -0.168416 0.308072
0.777628 -0.525333 -0.187157
-0.714466 0.364658 -0.000534485
0.251768 0.706059 -0.375921
0.675616 -0.411229 -0.501775
-0.272759 -0.368932 0.740303
-0.139572 0.379862 0.613705
-0.296442 0.143325 -0.861726
0.707524 -0.216318 0.394535
-0.371671 -0.559332 -0.54937
0.454 -0.513636 0.528311
0.389993 -0.783941 -0.308724
-0.180081 -0.552806 -0.66144
0.807442 0.00909276 -0.436945
-0.440884 0.0674917 0.70344
-0.125336 0.703376 0.282676
-0.677293 0.344696 -0.45683
0.642275 0.174723 0.390567
-0.484939 0.65165 -0.108762
-0.617227 0.36924 0.280211
0.47183 0.604238 -0.272872
-0.45486 0.162161 -0.779499
0.560847 -0.685142 0.226231
0.052201 0.106993 0.792944
0.736164 0.112615 -0.472306
0.151273 -0.267751 -0.802217
-0.685124 0.133575 -0.575459
-0.188686 0.461312 0.543691
0.201284 0.754668 0.126428
0.487581 0.54772 -0.382328
-0.00490576 -0.259313 -0.809369
-0.0556928 0.126198 0.781902
0.633784 -0.461705 0.41919
-0.400162 0.71864 -0.0746266
0.306246 -0.0937272 -0.800071
0.255889 -0.748406 0.403808
0.0806866 0.656701 0.318574
-0.240532 -0.769882 -0.297866
-0.424457 0.0993701 0.703235
-0.361767 -0.79534 -0.105366
0.623196 0.143495 -0.587183
-0.856602 -0.12594 0.00660304
0.241257 0.143691 -0.789072
0.896177 -0.309249 -0.187596
0.323495 -0.819028 0.144021
-0.62262 0.500753 0.102744
-0.577168 0.378715 -0.579791
-0.459062 -0.568866 -0.451957
0.262222 -0.645721 0.536341
-0.0510493 0.504786 0.511525
0.76198 0.0746159 0.277642
-0.218224 -0.779838 0.284249
0.789283 -0.464452 0.0658824
-0.586353 0.0865006 0.558764
0.00072141 0.732692 -0.46319
-0.605905 0.528927 0.0589452
-0.727573 0.19473 0.194432
0.573581 -0.724885 -0.294363
0.422796 0.611302 -0.398587
0.421439 -0.626214 -0.596286
-0.0516007 -0.705813 -0.594189
-0.0987474 -0.00202228 0.832676
-0.0285667 0.66693 0.320741
-0.0649131 0.779227 -0.378988
0.394574 0.341141 -0.659868
0.504309 0.54111 0.125688
-0.271015 -0.4384 0.711301
-0.145895 -0.761925 -0.390765
-0.349756 0.620681 -0.532609
-0.509654 -0.371931 0.62512
0.358671 0.334971 0.552066
-0.0916343 -0.799028 0.268626
0.821036 -0.277637 0.261171
-0.709616 -0.173795 -0.482857
-0.468958 -0.311212 0.677376
0.753159 -0.168805 0.346917
0.151078 -0.757552 0.442013
-0.198995 0.769352 0.138545
0.126342 -0.371103 -0.770699
0.691885 -0.62343 -0.221606
0.235176 -0.813718 -0.293416
-0.686187 0.324551 0.163176
-0.668892 0.424488 0.0826446
0.226917 -0.782292 0.329518
-0.685358 0.179167 -0.55462
-0.521921 0.597379 0.149112
0.316245 -0.597421 -0.689792
0.443779 0.613895 -0.33463
-0.345686 0.587578 -0.589523
0.229948 0.769752 0.0343542
0.603727 0.371979 0.232095
0.832771 -0.00661104 0.205457
-0.428925 0.67209 -0.320643
-0.355535 -0.790711 -0.151409
-0.539816 -0.651929 -0.182832
-0.0229323 -0.0957287 0.87792
-0.685441 -0.129409 -0.545565
-0.741057 -0.137685 0.413332
0.505717 -0.100845 0.592333
-0.757404 -0.0100539 -0.395877
-0.12651 -0.834813 0.0607764
0.739121 -0.461811 0.230621
0.835151 -0.380614 0.0268629
-0.267428 -0.527343 -0.632526
-0.227049 0.308544 -0.837924
0.554471 -0.427373 -0.606836
-0.652255 0.393333 0.185938
-0.693901 -0.466214 0.00704306
0.366147 0.671252 -0.345869
-0.555827 0.583468 -0.266766
-0.799581 -0.259687 0.118585
0.13269 0.137604 0.775977
0.0948104 0.613748 -0.571273
-0.123204 -0.637261 -0.642501
-0.327575 0.762376 -0.0398703
0.524832 -0.725301 0.20612
-0.496708 -0.62682 0.33858
-0.583495 -0.514796 0.464655
0.236932 -0.680644 0.510628
-0.377266 -0.0960096 0.771951
-0.773231 0.177822 0.066604
-0.536557 0.476719 -0.530302
0.634626 0.428292 -0.23571
0.704779 0.164477 0.298303
-0.175244 0.327503 -0.836701
0.693184 -0.523333 -0.413263
-0.819426 0.108814 -0.0352565
0.0957586 0.369138 0.631115
-0.634198 -0.345368 0.537968
0.383181 0.0689971 -0.755011
-0.742604 -0.202508 -0.350528
-0.756774 0.16634 -0.312332
-0.289343 0.744444 0.116479
0.626466 -0.241915 -0.639398
0.0969328 -0.341276 0.775524
0.326388 0.728971 -0.154674
0.20602 0.769252 0.0774864
-0.387983 0.149709 0.699727
-0.811789 0.00694885 -0.166937
-0.2931 0.774835 -0.165361
-0.118545 0.361556 0.630559
-0.266086 -0.580996 0.639072
-0.294852 0.0663875 -0.854666
0.532936 0.196132 -0.63463
0.110717 0.160471 0.767989
0.229914 0.741792 0.128555
0.127326 -0.153328 -0.838602
0.086664 -0.862808 0.0754722
0.542085 -0.563309 -0.540064
0.542185 -0.74136 -0.291167
-0.0676567 -0.0581064 -0.865172
0.113533 -0.548866 0.661434
0.710392 0.183884 0.268795
-0.642107 -0.131606 -0.602096
-0.197338 0.333315 0.6399
0.719905 -0.454407 -0.427984
-0.516033 0.613223 0.119298
0.023296 -0.747773 -0.554685
-0.456329 -0.74922 0.0391949
-0.480368 0.604934 0.194292
0.720402 0.142614 -0.467551
-0.587214 0.452346 0.245034
0.195556 0.479419 -0.657765
-0.778979 -0.142659 -0.311531
-0.343072 0.539344 -0.644136
-0.45298 0.480239 -0.628464
-0.0539681 -0.824971 -0.107132
0.781899 -0.231623 -0.47549
0.172596 -0.356306 0.752903
-0.112647 -0.752788 0.382582
0.422296 -0.791651 -0.0989216
-0.701846 0.168413 -0.532483
0.467112 0.0988568 0.611914
-0.592966 -0.124048 0.621219
0.125416 -0.752737 0.447532
0.786014 -0.130825 0.310463
0.474414 0.107436 -0.71146
-0.784479 0.102955 -0.230012
-0.652833 -0.544025 -0.0720208
0.271208 0.528279 -0.58639
0.26317 0.713548 0.159461
-0.167642 0.723381 -0.460778
-0.298779 -0.323169 -0.726087
-0.508813 0.418779 -0.624471
-0.247322 0.747428 -0.38163
0.598189 -0.707358 -0.0266197
-0.281116 0.772071 -0.232174
0.424517 0.666003 -0.126079
-0.522236 0.627889 -0.0374089
0.134144 -0.80862 -0.352928
-0.675688 -0.0152193 0.502991
0.246056 -0.539283 -0.714773
-0.725103 0.397244 -0.267742
-0.794908 -0.286228 -0.0734335
-0.236466 -0.80894 -0.0998473
-0.140702 0.265827 0.696702
0.503255 0.225126 0.499739
0.41006 0.523038 0.322332
-0.834961 -0.0501309 0.141602
-0.0834111 0.688831 0.299016
0.778865 -0.494311 0.0429641
-0.671293 -0.497303 0.092522
0.243915 0.508186 0.443836
0.0759644 -0.730916 -0.568461
0.112675 0.822848 -0.0430016
0.00112639 0.784448 0.132312
0.00219131 -0.843184 -0.0112936
-0.00358732 -0.781387 -0.429347
0.527515 0.0883409 0.55374
0.424421 0.010599 0.671318
-0.00687697 -0.218955 0.852484
0.331379 -0.440802 0.643289
-0.567559 0.14862 -0.682163
-0.0899092 -0.238521 0.845202
0.386501 0.115195 0.685139
0.0436415 -0.477397 0.725208
0.803715 -0.44053 0.0477403
0.800438 0.00640436 -0.455956
0.198028 -0.3749 -0.76744
-0.18065 -0.37953 -0.754554
-0.721804 -0.411521 0.045679
0.0257897 0.82087 -0.271449
-0.571633 0.386907 0.333813
0.0741349 -0.78005 0.362756
-0.38943 -0.285824 0.724212
-0.287747 0.722487 0.160736
0.189618 -0.821879 -0.263496
0.583292 -0.438908 0.484384
0.256295 0.421175 -0.67329
-0.778274 0.0983644 0.152187
-0.588933 -0.191847 0.627745
0.379385 0.635725 0.135506
-0.632019 -0.546966 0.230003
0.464565 -0.482891 -0.644815
-0.278369 -0.616 -0.567679
0.194466 -0.619055 -0.678349
0.554759 0.116701 0.511115
0.526087 -0.750818 -0.0529191
0.279337 0.668264 0.23365
-0.557755 -0.500458 -0.423993
-0.791942 -0.0145843 0.250541
-0.105998 -0.649288 -0.644292
0.273461 0.202137 -0.763248
-0.837029 -0.0335877 -0.075909
-0.789885 -0.261543 0.202407
-0.58527 -0.569952 -0.247681
-0.810845 -0.255594 -0.0681575
0.543354 -0.741803 -0.257504
0.293454 0.69813 0.142614
0.352059 -0.787926 -0.351875
-0.474115 0.649955 -0.259378
0.0294125 -0.58083 -0.697287
-0.70973 -0.288338 -0.332983
0.0542086 0.68297 0.28914
0.133154 -0.80871 -0.351795
0.669088 -0.470231 -0.477197
-0.249534 -0.789831 -0.227479
-0.59417 -0.482103 0.482814
0.0941504 -0.557022 0.663305
0.931088 -0.0449254 -0.0514526
-0.0990385 -0.173833 0.867906
-0.689945 0.404986 0.030555
0.0977755 0.0162931 0.82532
-0.755861 0.292363 -0.230671
0.741625 -0.506262 0.151643
0.118288 -0.69544 -0.606211
-0.237516 0.367687 -0.813736
0.702464 0.285437 -0.326895
0.796191 0.131986 -0.33251
-0.38554 0.728718 -0.0222461
0.457046 0.597993 0.08572
-0.720574 -0.100451 -0.496437
0.641129 0.203155 -0.521626
-0.233154 -0.779306 0.281595
0.718392 0.170129 -0.44004
-0.0174861 -0.0721527 -0.864448
-0.604202 0.0862983 -0.64866
0.2554 -0.0292878 -0.82494
-0.764369 -0.306779 -0.138642
-0.292122 0.776734 -0.131732
-0.0952911 0.775209 0.16812
-0.0687292 -0.697049 0.522275
-0.67532 -0.163866 0.528543
0.458037 0.0746215 0.632808
0.446457 -0.70583 -0.469164
-0.476469 0.577319 -0.463677
0.536097 -0.604764 0.39264
0.439587 -0.546245 -0.630188
0.244805 0.0365241 0.787466
0.628559 0.257989 -0.487428
0.194096 0.0764464 0.788741
-0.810881 -0.127984 0.263065
0.292139 0.689902 0.16332
0.744015 0.274485 -0.143227
-0.608002 0.437801 -0.476425
0.150553 -0.469643 0.699234
-0.276028 0.78073 -0.0546494
-0.24712 -0.798079 0.143456
-0.675261 -0.364049 -0.332805
0.571485 -0.477975 0.475051
0.219953 -0.632002 -0.667542
0.3262 0.729169 -0.110946
0.889577 -0.115661 -0.307595
0.851107 0.069198 0.122467
0.304512 -0.644284 -0.629829
-0.0524166 -0.846111 0.0479391
0.267722 0.0589941 0.776642
-0.525314 -0.00570997 -0.710349
0.393069 0.685393 -0.153062
0.563454 -0.576757 -0.510014
-0.44309 -0.6665 0.333603
0.702504 0.295934 -0.309629
0.85007 -0.322137 0.100898
0.650431 -0.627943 0.170417
-0.00601312 -0.810175 -0.249451
-0.0516235 -0.278181 0.83291
0.550599 0.293982 -0.556535
-0.720763 -0.345756 -0.21784
0.832933 -0.412745 -0.0545241
-0.452059 0.239496 0.587037
0.671465 0.376124 -0.214455
-0.059008 -0.587841 -0.685151
0.699981 -0.646476 -0.0350724
0.718743 0.0281862 0.366996
-0.223223 0.499027 0.494112
-0.358233 -0.380488 -0.665546
-0.0593171 -0.65649 -0.641966
0.925121 -0.187008 -0.174078
-0.117888 -0.825949 -0.0558849
-0.157478 0.32121 0.654977
0.261412 0.315513 0.627486
0.490336 -0.604206 0.440702
-0.269278 -0.811279 0.0134925
0.499415 0.437014 0.309417
-0.248239 0.793711 -0.125452
-0.0363127 -0.793225 -0.353773
0.171171 -0.2652 0.789911
0.565153 -0.730492 -0.375005
0.0194573 -0.689387 -0.614728
0.278372 0.316823 -0.729517
0.518692 -0.0801262 0.580543
-0.553018 0.392052 -0.596248
-0.801455 0.163478 -0.0265543
0.825249 0.1464 -0.0803577
0.738132 -0.473665 0.215643
-0.23581 -0.722762 0.42113
-0.265212 0.569546 -0.656131
0.27171 0.70472 0.164769
-0.824774 -0.0436691 0.170418
0.547742 -0.121646 -0.71797
-0.822041 -0.07499 0.202002
-0.517982 0.0242872 0.666783
0.549747 0.511064 0.10477
-0.565928 0.454981 -0.518182
0.117183 0.7441 0.187906
-0.479172 0.0459217 0.685337
0.753859 0.0504437 0.307072
-0.130648 0.74076 -0.440884
0.144728 -0.825749 -0.230038
0.805092 -0.159262 0.28934
-0.808598 -0.233155 0.15027
-0.313394 -0.0603811 -0.828297
-0.199656 -0.282237 -0.795826
-0.80733 -0.265981 -0.0580838
-0.538611 -0.46027 0.543615
-0.369828 -0.794071 -0.1004
-0.443066 0.139744 0.673468
-0.65878 -0.252694 0.541481
-0.349375 0.246128 -0.820571
0.795956 0.174016 -0.228346
0.093119 0.397405 -0.762855
0.720757 0.268576 -0.311147
-0.611408 -0.558947 -0.188833
0.0801571 0.835155 -0.0521497
0.636949 -0.138162 0.467854
0.214939 0.794022 -0.100191
-0.0527941 0.176676 0.76054
-0.0103818 -0.727325 0.471563
-0.697105 0.157437 0.32088
-0.71907 -0.0121104 0.435639
0.101153 -0.496903 0.699794
-0.21442 -0.448169 -0.70243
0.312213 -0.83494 -0.0324714
-0.371448 0.723948 0.0554993
-0.820231 0.0499073 0.072366
-0.590377 -0.00215869 0.599817
0.781782 0.200102 -0.220237
0.401222 -0.650847 0.472516
0.741253 -0.035196 0.353626
0.203243 -0.470837 0.678563
-0.279219 -0.471158 0.692419
0.363641 -0.804688 -0.201982
0.49326 0.50712 0.213394
-0.423892 0.0821089 -0.802967
0.702889 -0.470602 0.30759
0.917946 -0.157245 -0.226174
0.489545 -0.285575 -0.704457
0.312026 -0.159226 0.738497
-0.649961 -0.360117 0.510658
-0.184497 0.385085 -0.814471
-0.63304 0.281987 0.331941
0.506965 -0.706921 0.273545
-0.0111206 -0.840046 -0.0253033
0.572255 0.463776 -0.333002
0.48046 -0.765758 -0.249157
0.0324599 -0.245898 -0.812472
-0.493881 0.444119 -0.617665
-0.625113 0.141535 -0.632255
-0.277936 0.773432 0.00639626
0.49564 0.294321 -0.612416
0.157404 0.424838 -0.716131
0.758684 -0.0856614 -0.537795
-0.695991 -0.409042 0.425598
-0.0450054 0.822095 -0.274164
-0.362475 -0.795907 -0.0185347
-0.585937 0.521492 0.170248
0.683615 -0.432219 -0.482699
0.57588 -0.0954374 0.526318
0.0615799 -0.337903 0.784445
0.124306 -0.00439796 -0.867168
0.936689 -0.170031 -0.0768831
-0.0401988 0.82239 0.0156509
0.289526 -0.587446 -0.698491
0.121959 -0.339237 0.771207
0.463719 -0.13489 -0.742588
-0.831789 -0.191931 -0.0947631
-0.761009 -0.323349 0.182356
-0.694971 0.120722 0.360121
0.44844 -0.613754 -0.58245
-0.7194 -0.396267 0.214715
-0.820923 -0.197739 0.164581
-0.0222204 0.218634 0.745536
-0.679427 -0.462289 0.272187
0.417849 0.521245 -0.493678
0.681997 -0.399391 -0.501154
0.627736 -0.433244 -0.540556
-0.569737 0.515717 -0.433619
0.805743 0.158463 -0.218534
-0.0946299 -0.324768 -0.788934
-0.840231 -0.149429 0.109053
-0.69134 -0.0928249 -0.544634
0.566711 0.529344 -0.193822
0.510985 0.0594759 -0.709252
-0.436107 -0.483161 -0.56209
-0.64011 0.236077 0.36134
0.710036 -0.615536 0.0228316
-0.230817 0.791867 -0.0222692
0.864883 0.0275744 0.137674
-0.265013 0.787848 -0.114062
0.526326 0.25093 -0.610601
0.688153 -0.503087 -0.432747
0.884879 -0.00817927 -0.19435
-0.0640881 0.653338 -0.584952
-0.464312 -0.00127662 0.704209
0.574196 -0.721839 -0.0371525
0.466499 -0.489382 0.533978
0.628556 -0.0940897 -0.696858
-0.568377 0.0556919 -0.677396
-0.7449 0.340685 -0.083329
0.494526 -0.169107 -0.726534
-0.149601 0.469247 -0.766283
-0.239702 0.77877 0.0710697
0.837304 -0.399168 -0.0418503
-0.47183 -0.726848 0.10591
-0.7644 -0.34673 -0.0720788
0.216908 0.0668171 0.78606
0.201431 -0.758611 0.420944
0.786302 0.183913 -0.272134
0.610225 -0.700378 -0.0486272
0.280463 0.0569272 -0.796236
0.548949 0.328938 -0.526377
0.355405 -0.806819 -0.201722
-0.351796 0.186508 0.696276
0.606559 0.479961 -0.160338
0.268393 -0.0726674 0.783871
0.317214 -0.798955 -0.335479
0.366885 0.0326022 -0.769896
0.288314 0.138649 -0.773447
0.126554 -0.0882334 -0.855788
-0.379687 0.666157 0.188737
0.172139 0.730652 0.200798
-0.45749 0.609058 -0.435038
-0.785452 -0.223198 0.321535
-0.635079 -0.148986 0.58394
0.357013 -0.676916 0.463191
0.92634 -0.0247381 -0.0388041
0.18217 -0.85963 0.00537032
0.0751575 0.268142 0.720769
-0.278459 -0.791504 0.143559
-0.00685438 0.58355 -0.640524
0.0980694 0.563623 0.422154
-0.460232 -0.343795 -0.628771
0.246599 -0.638406 0.54823
0.803451 -0.103861 0.288222
0.529172 -0.409016 -0.635374
-0.516388 0.153686 0.593456
0.109065 0.782924 0.129612
-0.418408 0.470954 -0.659398
-0.496762 -0.137376 0.695729
0.696394 0.332223 -0.238423
0.456109 -0.7828 0.0500203
0.0803688 -0.79644 -0.410393
-0.47366 -0.31055 0.675546
0.380103 0.469114 0.41846
0.0463107 0.285278 -0.809484
-0.309641 -0.445711 -0.656865
-0.109982 0.815088 0.0284378
-0.0958393 0.179447 0.755143
-0.791391 0.157855 0.0327755
0.541345 -0.684588 0.260403
-0.385033 0.697974 -0.31905
0.445336 0.360715 0.457613
-0.613797 -0.257812 0.589281
0.335623 -0.289762 -0.754876
-0.462873 0.667354 -0.126071
-0.851919 -0.176242 -0.00805682
0.212077 0.638697 -0.495281
-0.341862 0.596199 0.308403
-0.202376 -0.781657 0.283811
0.452763 -0.786564 0.145301
-0.844354 -0.116353 0.115929
-0.177272 0.682606 0.321246
0.27066 0.712632 0.14879
0.54955 0.0491219 0.54807
-0.421842 -0.324348 0.692892
-0.100424 0.626035 -0.628368
-0.478943 0.656291 -0.107814
-0.430863 0.690224 -0.149838
0.455399 0.241489 -0.669354
-0.713411 0.0827113 -0.550069
0.727788 -0.523913 0.165452
0.693147 -0.427495 0.370313
-0.648881 0.00388637 0.531173
-0.46344 -0.655113 0.326419
0.0888164 -0.604642 -0.683956
-0.647501 -0.434351 -0.311711
0.268034 -0.813258 -0.282597
0.0224233 0.539996 -0.675909
0.907695 -0.0405012 0.0846614
-0.0891771 -0.20425 0.859323
0.33368 -0.560442 0.568468
0.352978 0.71344 -0.143711
-0.321567 -0.780684 0.156106
-0.316969 0.693903 0.190254
-0.661893 0.412724 0.12945
0.445931 -0.298661 0.613668
0.660627 -0.648948 -0.273464
-0.119887 -0.767423 -0.394186
0.0118739 -0.309241 0.807789
0.127734 0.0225725 -0.859347
-0.0239864 -0.851603 0.0806404
-0.522714 -0.713025 0.013508
0.251104 0.707731 0.190221
-0.51787 -0.278965 -0.630598
0.407859 0.649907 -0.290447
0.284901 0.579911 0.353506
0.585741 0.347627 -0.460771
0.0708627 -0.261575 -0.806471
-0.665921 0.268128 -0.533354
0.33233 -0.620664 -0.655723
0.4473 -0.0410587 -0.75739
-0.539865 0.0850999 0.612842
-0.0141089 -0.822007 0.229888
-0.303263 -0.472318 0.679431
-0.499876 -0.444215 -0.543392
-0.214363 0.506379 -0.724203
0.901129 0.0238348 -0.0167213
0.19922 -0.318428 -0.784754
0.222361 0.789559 -0.201932
-0.484728 0.229758 0.570454
-0.18215 0.325993 -0.836826
-0.790204 -0.230471 -0.168153
0.594731 0.477936 0.0618377
0.2411 -0.800594 -0.369329
0.542349 0.0613759 0.550234
0.26956 0.0770273 0.769936
-0.705422 0.161637 -0.530176
0.899804 -0.0755939 -0.239651
0.208257 0.178744 0.744823
0.642958 -0.56818 -0.442337
0.301799 0.464843 -0.61969
0.312036 -0.83377 -0.0795894
-0.253359 -0.674311 0.532673
-0.383831 0.309752 0.573125
-0.84488 -0.104385 -0.0757672
-0.339379 0.730587 0.0924745
0.813244 0.144537 0.11528
-0.212695 0.381559 -0.810524
0.78631 -0.215734 -0.474352
0.00422287 -0.557854 -0.707965
-0.582239 -0.480058 0.494563
-0.404813 -0.779028 -0.126874
0.354353 -0.0297803 -0.78962
0.0290213 -0.805365 -0.309104
0.102347 -0.804353 -0.367085
-0.134819 -0.628875 0.613845
-0.011749 -0.837922 -0.0405564
0.396167 -0.700353 -0.499828
0.00103699 -0.45519 0.744152
-0.324515 -0.488524 0.659647
-0.777009 -0.301197 0.119366
0.820078 -0.409846 0.0353797
-0.224578 0.772909 -0.326263
0.560413 -0.354518 -0.640671
0.612633 0.449361 -0.264979
-0.127101 -0.828075 -0.033835
-0.637087 -0.127077 -0.606692
-0.113855 -0.482827 0.735494
0.557741 0.544914 -0.0719678
-0.228966 0.795632 -0.244588
0.325252 -0.703758 -0.525174
0.870171 -0.363641 -0.15016
-0.627602 -0.570917 0.116024
0.750517 -0.136018 0.349816
0.863399 -0.0956168 -0.381451
0.508091 -0.723679 -0.413673
0.696622 0.368032 -0.0441985
-0.097833 0.404933 -0.812565
0.691659 -0.232367 0.410784
0.557725 -0.733575 -0.216852
0.270389 -0.765039 0.356987
0.668828 -0.531927 -0.436173
0.177324 -0.689696 0.524335
-0.420742 -0.774859 -0.0689803
0.231609 -0.452197 0.679855
0.32662 -0.597961 0.546286
0.515981 0.0982293 -0.696005
0.150097 0.567882 0.407698
0.636444 -0.645351 0.169886
0.0474398 -0.0140732 -0.881731
0.0278172 0.547782 0.451179
0.5767 0.263561 0.402968
0.0333847 -0.851131 0.0259227
-0.565459 0.38993 -0.583868
-0.229365 -0.432677 0.729276
0.790593 -0.487057 -0.00744741
0.577283 0.383506 0.26287
0.327278 0.72846 -0.149902
-0.713666 0.410108 -0.112735
0.848229 -0.388152 -0.0782223
0.105473 0.823912 -0.0364532
-0.300372 -0.80584 -0.0366873
-0.734628 0.189968 -0.396547
-0.77184 0.220409 0.0104916
0.557317 0.113336 0.510098
-0.194452 -0.631362 0.605588
-0.127818 -0.0460223 -0.86354
-0.353107 0.740218 0.0156979
-0.744403 -0.346036 -0.14398
0.739114 0.311242 0.0224743
0.797808 -0.156092 -0.476472
0.220819 0.390452 0.57282
-0.0731211 0.696038 0.28669
-0.600103 -0.617046 0.0877499
0.720154 0.247048 -0.347791
0.365651 0.703318 -0.168563
0.159448 -0.206801 0.808216
0.38576 0.615473 -0.419562
0.898776 -0.104845 0.100568
-0.51945 0.377732 -0.644551
-0.468104 0.572979 -0.480809
0.109826 -0.444213 -0.748372
-0.217626 -0.682741 -0.511094
0.724525 0.288999 0.13159
-0.411241 -0.567096 -0.513917
-0.0830543 -0.353826 0.797384
-0.576708 -0.39378 0.564583
-0.447182 0.558386 -0.52655
0.248975 0.134204 0.752169
0.563582 -0.568337 -0.516774
0.697784 -0.449339 -0.457416
0.0389063 -0.223878 -0.819155
0.418151 0.205698 0.592151
-0.413078 0.501383 0.360616
-0.76262 -0.328239 0.114869
0.33412 -0.645024 -0.615771
0.0537743 0.596257 -0.604981
0.620891 -0.676606 -0.355178
0.798953 0.189982 0.0947619
0.182377 0.43345 0.545696
-0.0427273 -0.360875 0.793948
-0.434665 -0.0706791 -0.760434
-0.121368 0.134449 -0.880338
0.0864484 -0.145735 0.848561
-0.271134 0.726597 0.167392
-0.295791 -0.283687 -0.747416
-0.555036 0.26527 0.482974
0.196653 0.489522 -0.64971
-0.717508 0.307571 0.0824018
-0.102718 0.418294 0.590061
0.463578 -0.62233 -0.561938
0.159196 0.804554 -0.0287944
-0.532993 0.298325 -0.674298
-0.370246 -0.43552 -0.630626
-0.601393 -0.472728 -0.383633
0.654007 -0.52117 0.324328
0.522302 -0.38452 -0.653373
-0.623482 -0.283174 -0.551531
-0.444861 -0.430648 -0.589617
-0.299997 -0.788927 -0.196507
-0.30115 -0.588012 0.616397
-0.611101 -0.287442 -0.566781
-0.339778 -0.703434 0.416015
0.226081 0.632147 0.324352
-0.491726 -0.72153 0.0821885
-0.360952 -0.684207 -0.363251
-0.809701 -0.244104 0.0922426
0.720017 -0.0250908 -0.596028
0.0421836 -0.772419 -0.496219
0.421809 -0.0109753 -0.759734
0.757937 0.245115 -0.183168
0.0565271 -0.284302 -0.799796
-0.384204 0.369585 0.520999
-0.38221 0.428503 -0.70457
0.275891 0.25564 -0.747918
0.434826 0.221643 -0.694118
-0.420464 -0.636268 0.443106
-0.586778 -0.551774 -0.27781
0.190351 0.475009 -0.663459
0.487725 -0.681051 0.343114
0.0557576 -0.697044 0.532271
0.0653751 0.714553 0.239751
-0.564438 0.553667 0.153572
0.447491 -0.633041 0.45263
0.0320916 -0.814796 -0.241566
-0.0440135 0.382169 0.621854
0.0626256 0.706018 -0.471548
0.253112 0.277406 -0.748597
-0.112986 -0.787073 -0.331908
-0.197606 -0.560048 0.670311
0.835339 -0.348695 0.120462
-0.165045 -0.0304393 -0.860206
-0.468663 0.666505 -0.0720616
0.644857 0.423999 0.0572007
-0.195617 -0.0121471 0.816718
0.887103 -0.21902 0.0957774
-0.327929 -0.783717 0.125632
-0.580964 -0.511832 -0.360772
-0.110474 0.602382 -0.653333
-0.16937 -0.766673 0.331665
-0.670483 -0.152645 -0.563965
-0.291088 0.387097 0.561957
-0.352889 -0.778125 0.127088
-0.731011 0.129627 -0.45401
0.946382 -0.158493 -0.111756
0.574153 -0.721632 -0.014832
0.299153 -0.828895 -0.142774
-0.149668 -0.752162 0.374005
-0.635356 0.500564 -0.0146002
0.198614 0.470825 -0.662777
0.0288098 0.852463 -0.0967008
-0.316421 0.394726 -0.759312
-0.38996 -0.583684 -0.516513
0.481234 -0.765138 -0.261638
-0.588601 0.165348 -0.66309
-0.427003 -0.770195 -0.0992693
0.514108 0.153992 -0.669838
0.414902 -0.434489 -0.695399
0.0401127 -0.560035 -0.710172
0.358496 -0.737029 0.348763
0.373606 -0.235046 0.678761
0.68874 -0.576062 -0.38317
-0.501661 -0.547694 0.50581
-0.498676 0.0156314 -0.734564
-0.47267 0.242893 -0.756483
0.538562 -0.241531 -0.698145
-0.268231 0.735332 0.153079
0.142159 -0.464732 -0.741035
-0.0138026 0.530188 0.477162
-0.0874831 -0.197309 0.86249
0.246693 -0.817935 0.20363
0.178363 -0.801567 -0.389426
0.313977 0.736491 -0.0253554
-0.784924 -0.307226 -0.0576666
-0.417196 0.0323518 0.728222
0.110504 -0.811541 -0.319612
0.692519 -0.373065 0.40163
0.666267 0.287003 0.235588
-0.819695 -0.0216735 -0.146138
-0.678255 0.408007 0.0725899
-0.667491 -0.221432 0.5408
0.25547 -0.657654 0.527924
0.135563 0.497098 0.486353
0.157124 -0.519253 0.664474
0.774658 0.162697 0.169314
-0.189505 0.682562 0.322977
-0.502244 -0.495898 -0.503026
-0.128144 -0.253203 0.828722
-0.552324 0.602346 0.00772079
-0.760214 -0.350981 -0.0423336
-0.579184 -0.487705 -0.407705
-0.154925 -0.812466 -0.129964
-0.784571 -0.289306 0.101811
0.727168 -0.0601576 0.375632
0.716882 -0.570681 0.109488
0.37416 0.660436 -0.359318
0.39971 0.507636 0.361451
-0.321627 0.446005 -0.723253
0.0442429 -0.837669 -0.0809906
-0.649318 -0.537457 0.0708684
0.315621 -0.639118 0.51962
-0.417569 0.419175 0.448134
-0.752472 0.314276 -0.184172
-0.464367 -0.646263 -0.321976
-0.46233 0.169483 0.636382
0.102563 -0.819873 -0.252603
-0.0287342 0.803335 -0.331144
0.763396 -0.380418 -0.425801
0.033651 -0.726259 -0.579538
0.106883 0.813597 0.0143959
0.0445208 -0.746096 0.441449
0.505923 0.23502 -0.635791
-0.671389 0.397201 0.118293
0.0238905 0.834906 -0.213277
0.347017 -0.168777 -0.774039
0.73909 -0.348019 -0.467739
-0.20127 0.148712 -0.871922
0.182844 0.381882 0.598057
0.843342 -0.202766 0.236716
0.317082 -0.670047 -0.582935
0.813775 -0.480263 -0.169475
0.123371 0.563972 0.41697
0.0338996 -0.846682 0.178763
0.752826 -0.0755512 -0.546721
0.915741 -0.128775 -0.224062
-0.70438 -0.388755 0.424067
-0.0620528 -0.112802 0.883621
-0.137298 0.724773 -0.465631
-0.720399 -0.378426 -0.171786
0.699658 -0.233056 0.402382
-0.130763 -0.197976 0.848984
0.711403 0.334267 0.0916933
0.893785 -0.255563 -0.243015
-0.654604 -0.232988 -0.534997
-0.666804 -0.192853 -0.544399
0.891984 -0.256284 -0.00629651
0.297957 0.290936 0.628877
0.3068 -0.615766 0.540876
0.0241743 0.06922 -0.877981
0.52497 -0.208042 0.571915
0.647976 0.274367 -0.44678
0.483475 -0.714798 -0.438654
0.0545666 0.68162 0.291137
0.452286 -0.0863406 0.643001
0.301708 -0.11451 -0.797876
0.560974 -0.273968 -0.682108
-0.0421237 0.841887 -0.2122
0.0564674 0.707714 0.25133
-0.723819 0.283269 -0.381982
-0.432984 -0.522451 -0.533235
0.896821 -0.100032 0.108872
-0.190678 -0.227685 -0.815376
-0.595976 -0.431133 -0.479236
-0.767086 -0.305334 -0.132287
-0.640252 -0.457161 -0.291228
-0.258928 0.529022 -0.695578
0.633891 0.16698 0.403195
-0.16772 -0.205717 0.834716
-0.743316 0.340362 -0.249338
-0.476997 -0.0347507 -0.744101
0.817794 -0.292752 0.263445
-0.803336 -0.130052 -0.232262
0.919863 -0.0254581 -0.0688293
0.564512 0.134149 -0.641552
-0.209712 -0.795142 0.21864
0.577997 -0.234959 -0.686482
0.605611 -0.58048 -0.469351
0.350952 -0.782555 -0.380708
0.391164 0.280517 -0.696817
-0.647092 -0.304742 -0.492691
-0.319604 -0.365266 0.721169
-0.491997 0.176401 -0.747412
-0.0633442 0.581046 0.425483
-0.206195 0.80699 -0.18521
-0.187717 -0.684855 -0.533042
-0.394975 0.572167 0.295983
-0.396726 -0.690579 0.354581
0.228205 -0.352727 0.742882
-0.220079 -0.0936897 -0.842924
-0.0439352 -0.728566 0.459447
0.914087 -0.0611362 -0.153018
0.608028 -0.679619 0.157427
0.0507349 0.510025 0.488618
0.135432 0.0544927 0.807363
0.287179 0.570176 0.362342
0.128229 -0.763285 0.420942
0.574497 -0.663311 0.247212
-0.515709 -0.458843 0.56254
0.541945 0.15869 0.503776
0.674189 0.287557 0.221073
-0.57405 -0.561676 0.358025
0.233338 0.147 0.752301
-0.312095 0.534633 -0.666875
0.62151 0.120237 0.439325
-0.168584 -0.215392 0.830761
0.594707 0.0867616 0.484019
-0.55522 -0.691967 -0.0601727
-0.809006 -0.157183 -0.210855
-0.712759 0.336979 0.0528204
0.0656781 0.676548 0.296725
-0.807363 -0.234391 -0.109603
0.259123 0.768167 -0.227945
0.752223 -0.265291 -0.494844
0.343719 -0.819072 -0.131172
0.328087 -0.630387 0.521156
0.365503 -0.799543 0.187199
0.299154 -0.428853 -0.735318
-0.236236 -0.327645 -0.7544
0.434373 0.665507 -0.0505266
-0.146117 0.0399969 0.808957
-0.478209 0.587567 0.214804
-0.779094 0.0773871 0.176455
-0.717373 0.418381 -0.262596
-0.138845 -0.585568 0.667203
-0.136683 0.776214 0.153164
0.480192 -0.476139 0.532872
-0.598623 0.550922 -0.056385
0.430016 0.436315 0.40219
0.0298294 0.0205115 -0.884862
-0.676451 -0.463877 0.305428
0.378297 0.697572 -0.141563
0.154302 0.352705 -0.75706
-0.666942 -0.0355011 -0.58701
0.150787 -0.853047 -0.0291835
0.407752 0.652729 -0.276164
0.0400907 0.846938 -0.12313
-0.622027 -0.375688 -0.479478
-0.745656 -0.150413 -0.412382
0.414006 -0.155553 -0.754883
-0.543325 -0.374209 -0.558089
-0.342429 0.393451 0.525578
0.262349 -0.454418 0.666417
0.56688 0.166182 0.473903
0.848535 -0.218342 0.220686
-0.0392913 -0.396776 0.777064
-0.113732 0.723997 0.249649
0.570668 -0.297551 -0.66294
-0.0839175 0.836408 -0.0351409
0.730943 0.194643 0.218628
0.292865 -0.163584 0.75132
-0.305827 -0.0435469 -0.835065
-0.324556 0.538124 0.386593
0.160179 -0.742358 0.474239
0.698713 -0.613862 -0.227677
-0.602867 -0.590597 -0.155652
-0.136289 0.0969386 -0.878459
-0.606686 0.494973 -0.411513
0.0672366 -0.546734 0.679953
-0.111821 0.124204 -0.881279
-0.541336 -0.321422 -0.592932
-0.416123 -0.624912 0.476533
0.522507 0.586362 -0.00942899
0.556933 0.160774 -0.633548
0.0650469 -0.485054 -0.736928
-0.319001 0.751402 -0.222703
-0.569816 0.298008 -0.634753
-0.242557 0.424813 0.55733
0.322551 -0.600935 0.545691
-0.186791 -0.426814 -0.726997
0.22284 0.296797 0.663783
0.19512 -0.671926 -0.624995
0.82593 0.14602 -0.0752771
-0.708209 -0.029853 0.455583
0.238149 0.729574 -0.348881
-0.170979 -0.281864 -0.799924
-0.33099 -0.493305 -0.62007
0.353467 0.607802 0.237898
-0.174354 -0.288516 0.801104
0.282818 -0.74064 0.398374
-0.560483 0.350224 -0.615985
0.896591 -0.0851584 0.11349
0.201407 0.747289 0.144377
0.234856 -0.831707 -0.186136
-0.723265 -0.035182 0.433371
-0.648889 0.00452447 0.531011
-0.412393 -0.751031 0.136618
-0.851735 -0.11875 0.0547448
0.579294 0.353812 0.298115
-0.338353 0.0455266 -0.84363
-0.254906 -0.504973 0.686409
-0.228775 0.520936 -0.710507
-0.254777 -0.427736 -0.693365
0.0905805 -0.723499 -0.575615
-0.0269647 0.368732 0.633582
0.466097 -0.189755 0.620739
-0.584384 -0.176055 0.633938
-0.564279 -0.493656 0.498194
-0.551264 0.587519 -0.263489
-0.599056 0.536031 -0.366193
-0.226045 0.123812 0.760338
0.521953 0.177987 -0.652285
0.260601 -0.245473 0.757153
0.892191 0.0145007 -0.122591
-0.677789 0.0374948 0.47471
-0.0712036 -0.282974 0.83027
-0.451231 -0.494782 -0.541675
-0.645973 -0.546644 0.032197
0.629867 0.434358 0.0732346
0.339404 0.350256 0.555554
0.0964767 0.27185 -0.798036
0.920413 -0.119652 0.018478
-0.451936 0.469137 0.364767
0.67975 -0.480061 0.338936
0.688151 -0.302985 -0.543953
-0.358809 -0.662958 -0.406805
-0.852887 -0.0706452 -0.0243257
0.514371 -0.398369 -0.652021
-0.797369 0.0871516 -0.18239
-0.0693729 -0.831481 -0.0484432
0.498409 0.17453 -0.67112
-0.510785 0.577708 -0.418898
0.245832 -0.469577 0.662814
-0.620455 -0.11461 -0.621755
0.00816398 -0.805462 0.278895
0.7192 0.339704 0.00183762
0.265891 0.635204 -0.472036
0.449848 0.0446671 -0.735802
0.56513 0.133654 -0.641301
-0.244169 -0.260724 0.790329
-0.695095 -0.26454 -0.409804
-0.680796 -0.0128913 -0.575818
0.601429 0.486309 -0.164961
0.722642 0.0426037 0.357892
-0.446926 0.342678 0.500599
-0.682256 -0.488565 -0.0186279
0.741635 0.280884 -0.128492
0.563623 0.456888 0.176088
0.645225 0.30661 0.246285
-0.540221 0.195069 -0.704081
-0.0874883 -0.751228 0.393179
-0.505406 -0.0654492 0.68391
-0.735427 -0.0577967 0.418756
0.627622 0.446604 -0.19051
0.589881 -0.71366 -0.15394
-0.077387 -0.716331 0.47971
-0.674751 0.292973 0.238801
0.641272 -0.392996 -0.546966
-0.309317 -0.219196 0.786221
-0.61156 0.272193 0.378317
-0.263805 0.237974 -0.848969
-0.839473 0.0166089 0.0481468
-0.620219 0.220993 -0.611153
0.201293 0.551108 -0.598944
-0.476369 -0.735302 -0.108009
-0.0857535 -0.789667 -0.34028
0.425796 -0.562772 -0.631805
0.88119 -0.339561 -0.225639
0.435869 -0.785822 -0.125858
-0.45187 -0.661283 -0.307048
0.590066 -0.712606 -0.0633881
0.23314 -0.80308 0.259445
0.438271 -0.791235 0.16053
0.047759 -0.765595 0.39318
0.4333 -0.755331 -0.393235
-0.671144 0.0390454 -0.588221
-0.695122 -0.370862 -0.261253
-0.66166 0.0414449 0.499246
-0.644016 -0.200418 -0.57916
0.723108 0.0546345 -0.55029
-0.0586184 -0.790432 0.299886
-0.528377 -0.398987 0.594578
0.877248 0.0435167 -0.138745
-0.0304738 0.570315 -0.663131
0.385819 -0.0620364 0.704363
0.478462 0.357266 0.429228
0.360231 -0.785252 -0.356388
-0.332816 -0.296855 0.744918
-0.597016 0.0700208 0.556438
0.811744 0.00661551 0.23334
0.0916403 -0.790294 0.340877
0.599203 0.384516 -0.403057
-0.349879 -0.777005 -0.1912
0.241432 -0.794621 0.281129
-0.821218 0.0288669 -0.114059
-0.167845 -0.428319 0.747028
-0.446593 0.490521 -0.625984
0.0296566 0.623289 0.364054
-0.414892 0.313207 0.551039
-0.345503 -0.644688 0.543733
0.407345 -0.502849 -0.674201
-0.299667 -0.031698 0.787724
-0.719534 0.176992 -0.473744
0.471901 0.342317 0.446317
-0.774091 0.250085 -0.088187
0.0625656 0.280625 -0.805862
0.927857 -0.0507669 -0.0750775
-0.306309 -0.104546 0.801287
-0.684607 0.17425 0.330894
-0.00238395 0.720287 0.240296
0.907307 -0.270725 -0.177526
-0.601893 0.388925 0.289068
-0.255457 0.729327 -0.423113
0.849332 0.0853945 -0.190271
0.507699 -0.342484 -0.684715
0.453065 0.507143 -0.476436
-0.166068 -0.170247 0.848751
-0.32602 0.544012 0.378882
0.151084 -0.822374 -0.258164
-0.0927286 0.715155 -0.49195
-0.694119 -0.120304 0.493703
0.477779 0.0801485 -0.716762
-0.61645 -0.450231 -0.379029
-0.0605213 -0.0283199 0.847691
0.139225 0.678006 0.285076
-0.118679 0.468879 0.546873
-0.521632 -0.613935 -0.284992
-0.140131 0.298784 0.673726
-0.317902 0.546105 0.382558
-0.0404322 -0.509043 0.725143
-0.110707 0.144011 -0.881549
0.668678 -0.64713 -0.235602
0.339419 0.160441 0.69113
0.237283 -0.615352 -0.682226
-0.367345 -0.515636 -0.587234
-0.392714 -0.770821 0.093401
-0.618307 -0.0839847 -0.625574
-0.726797 -0.30413 -0.259214
-0.348738 -0.280433 -0.720628
0.859447 -0.316398 -0.322939
-0.610553 -0.416302 -0.458399
0.398233 0.390598 0.475453
-0.209704 0.0750774 -0.868638
0.0548858 -0.799431 -0.370748
-0.469374 0.510932 0.304712
0.276676 -0.816437 0.18948
0.419051 0.545474 0.26014
0.635503 0.414972 0.106187
-0.505955 -0.241173 0.677042
0.229046 0.523537 -0.609365
-0.665439 -0.318041 -0.426631
0.527956 0.5736 -0.163159
-0.459973 -0.0882451 -0.740653
-0.187786 -0.301948 0.791868
-0.0357122 -0.837554 -0.0267706
-0.195482 0.0987461 -0.872158
0.218825 -0.6226 0.571485
-0.760706 -0.0734195 -0.378734
-0.201177 0.44834 0.55084
0.607025 -0.373463 -0.59272
0.890987 -0.242509 0.0381619
0.466298 -0.0837 -0.750819
0.549001 0.437001 0.233949
-0.666941 0.432462 -0.392561
0.652259 -0.378241 -0.543022
-0.175086 0.214152 -0.872731
0.0878612 0.666577 -0.509708
-0.513409 -0.390181 -0.568413
0.704077 -0.439439 0.349536
0.847467 -0.326951 -0.352515
0.24618 0.572704 0.377691
0.373295 0.234373 0.611627
-0.672551 0.0611375 0.463171
0.0998043 -0.620027 -0.674256
0.54713 0.262589 0.43246
-0.553516 0.394295 -0.59384
-0.724614 -0.134685 -0.482122
0.576759 -0.256061 0.522085
-0.505821 0.632406 -0.158648
-0.719996 0.0513512 -0.525559
0.252574 -0.501269 0.639213
0.0769045 0.224991 -0.817526
-0.69793 0.423184 -0.355091
0.147012 0.611442 0.361496
0.661669 0.405406 -0.147582
0.159951 0.151548 0.766716
0.442752 0.655765 -0.10098
0.0891409 0.745527 0.189566
-0.186026 -0.620091 0.620986
-0.778289 0.23383 -0.0422295
-0.72216 -0.289651 0.442568
0.602955 -0.0667556 0.501407
-0.206338 -0.0313591 0.818892
0.0711962 -0.0647074 -0.867871
-0.32418 0.71565 -0.386506
-0.616042 -0.237452 0.592887
0.875637 -0.19268 0.161972
0.0164795 0.763849 -0.419153
-0.408392 -0.158645 -0.748146
0.334038 0.663842 0.150625
-0.060158 -0.656053 0.583046
-0.014351 0.651794 -0.567474
0.419418 0.367346 -0.62347
0.529415 0.582046 -0.0292961
-0.178013 0.0481841 0.798749
0.0462409 -0.109749 -0.854543
-0.535462 -0.626762 0.269076
0.863547 -0.215289 0.187927
-0.721377 -0.287285 0.444013
0.93819 -0.119984 -0.137109
0.51172 0.444973 0.2815
0.0238491 0.0456081 0.818942
0.716226 0.171245 0.270979
-0.191448 0.0684746 0.788319
-0.725672 0.236335 -0.405542
0.769221 -0.531455 -0.00413456
0.589769 0.429826 -0.34987
0.112162 0.125161 0.782793
-0.176365 0.703194 0.286924
0.938505 -0.0681029 -0.0355682
0.680409 -0.658857 -0.0982854
0.70184 0.249366 -0.38083
0.255182 -0.584599 -0.700373
-0.748774 0.32797 -0.140217
0.504206 0.110323 0.567317
-0.697375 -0.427911 0.29041
-0.0241362 -0.795159 -0.347877
0.249688 -0.517496 0.629596
-0.823588 -0.230262 -0.00866451
0.713596 -0.592311 -0.244395
-0.830726 -0.103708 -0.137493
-0.670013 -0.462205 0.374293
0.456507 -0.414459 0.581214
0.631391 -0.689157 -0.221846
-0.555935 -0.668057 -0.122203
0.441512 -0.205878 0.635349
0.426234 -0.0977746 -0.761184
-0.835798 0.00427664 -0.0629703
-0.533332 -0.600968 0.338887
0.0456421 0.283884 -0.81009
0.775461 0.0491052 -0.468279
-0.64368 -0.402995 -0.374684
0.54687 0.303706 0.40502
0.66244 0.265311 0.270913
-0.728416 0.298971 0.0535526
0.605567 -0.703076 -0.0398299
-0.0908346 -0.575283 0.686624
0.662827 -0.633285 -0.348446
-0.465159 0.661193 -0.192847
-0.527608 -0.648085 0.229127
-0.682127 0.193614 -0.551842
0.332968 -0.82712 -0.0319963
0.626658 -0.159573 0.477099
0.503999 -0.759413 -0.152438
-0.737049 0.248136 -0.345983
-0.311801 0.0335028 0.768841
-0.101037 0.827177 -0.238866
0.291521 0.0923989 -0.783604
0.273276 -0.751454 0.385102
0.472629 0.570813 -0.377541
0.365868 -0.692402 -0.525783
-0.449583 0.0623644 0.699406
0.183914 0.704336 -0.415353
0.655242 -0.673693 -0.0753516
-0.335047 0.342992 0.573814
-0.42257 -0.643612 0.422612
-0.22454 -0.683143 -0.503316
0.246419 0.743222 0.108096
-0.324595 0.528192 -0.665567
0.429178 -0.417529 0.596244
0.511534 0.443643 -0.462745
-0.490844 -0.414741 0.6095
0.174155 0.101464 -0.823432
-0.337758 -0.680435 -0.394061
0.744818 -0.456697 0.224008
0.710461 -0.387777 0.370268
-0.590466 -0.514798 -0.337948
-0.741966 0.105948 -0.420515
-0.219202 -0.747244 0.366876
-0.0444207 -0.815516 -0.183544
0.854521 0.0252128 -0.271415
-0.781299 -0.144618 -0.303668
-0.768433 -0.193726 -0.284262
-0.589724 0.332767 0.361348
-0.575534 -0.0826609 -0.662328
-0.663947 -0.193922 -0.548665
-0.7531 0.212806 -0.297338
0.0501288 0.674633 0.301081
-0.799539 0.169091 -0.096209
-0.621183 0.32603 0.312589
0.842749 -0.0342594 -0.40148
-0.699649 0.0575341 0.410314
-0.2791 -0.809354 -0.0287063
0.644411 -0.0939569 0.461758
0.515034 0.378824 -0.524586
0.858076 -0.335125 0.0105847
0.680368 0.150861 -0.518449
-0.221739 -0.816873 -0.0513909
-0.700669 -0.423085 0.280676
0.245927 -0.839472 0.123776
0.659063 0.0210063 -0.623165
-0.104549 0.474259 -0.774331
-0.763574 0.191817 0.0802512
0.00363585 -0.351976 -0.780217
0.147305 0.510726 0.46951
-0.29696 -0.634094 0.589358
0.0174462 -0.792828 0.31423
0.23758 -0.7512 0.412191
-0.743574 -0.347192 0.253537
0.710888 0.0477781 0.372337
-0.0753031 -0.776555 0.331426
0.145087 -0.605016 0.612396
0.256543 0.710379 0.177838
0.843607 -0.0267986 -0.391584
-0.0314076 0.580644 0.42154
-0.301262 0.493636 0.453833
-0.419291 -0.775549 -0.0728803
0.888435 -0.13734 0.129733
-0.123624 -0.583539 0.672272
0.487717 0.231712 0.510084
0.453387 -0.702594 0.337114
0.116935 -0.397718 -0.762669
0.192586 0.421724 -0.702243
0.556585 0.469613 -0.357958
-0.558753 -0.189896 0.653418
-0.13564 0.286919 0.682791
-0.0979694 0.571492 -0.683893
0.694488 -0.131581 -0.613818
0.190118 0.591554 -0.560245
-0.260912 0.728086 0.173493
-0.759441 0.0884698 -0.353267
0.675365 -0.118242 0.430592
0.23744 -0.747038 0.42014
-0.731092 0.30054 0.0401336
0.591439 0.237264 -0.555346
0.391921 0.621095 0.145546
-0.731923 -0.254818 0.42629
-0.594625 0.455711 0.233113
-0.224701 -0.647757 -0.572073
-0.116356 -0.813801 -0.146664
-0.2753 -0.796581 -0.164385
-0.191724 0.570955 -0.67414
0.384261 -0.502493 -0.690113
0.203055 -0.0859981 -0.833403
-0.845275 -0.155622 0.0675417
0.282261 -0.821259 -0.228948
0.864296 -0.0569938 -0.369667
-0.75036 -0.361268 -0.10347
-0.0232735 -0.355712 -0.77983
0.245953 -0.39461 -0.756265
-0.509977 -0.715255 0.0616376
0.0239747 0.781855 0.138895
-0.797451 0.143631 0.0312044
0.244061 -0.447168 -0.743565
0.910057 -0.0287847 0.0790916
-0.651309 0.460315 -0.38421
-0.52587 0.517673 0.241024
0.521754 -0.373884 0.543592
0.261653 -0.066659 -0.818588
0.168163 -0.82844 -0.220836
0.26469 -0.566215 0.591509
0.0459578 0.53362 -0.674072
-0.733886 -0.370647 0.205448
0.282338 -0.3906 0.70084
0.590508 -0.0252282 -0.69974
0.33196 0.481227 0.432618
-0.213257 0.418847 0.572192
-0.131934 -0.204866 -0.82326
-0.25103 0.583944 0.389668
-0.611127 -0.610334 -0.00849131
0.0446277 -0.679049 0.557752
0.642764 -0.191094 -0.644766
-0.233702 0.72654 0.200373
0.784398 0.216893 -0.0863761
-0.114315 0.84199 -0.184102
-0.417952 -0.637716 -0.390945
0.0981808 -0.297868 -0.794359
-0.220073 0.618679 -0.607668
0.474165 0.15538 0.573664
0.310839 0.6179 -0.471192
0.25945 -0.168596 -0.801604
0.301533 -0.574264 -0.701076
0.397972 0.102047 0.682844
0.340794 0.356712 0.549904
-0.164011 0.73957 -0.434989
0.755377 -0.292455 -0.479097
0.521403 -0.309447 0.556814
-0.701406 0.338635 0.0952283
0.858781 0.100151 -0.00265789
0.306054 0.649414 -0.426495
-0.29548 0.688274 0.21999
-0.285168 -0.106712 0.808973
0.281488 -0.359954 0.718181
-0.177776 0.436889 -0.78136
-0.414701 -0.759228 0.094035
0.786197 -0.364102 0.256767
-0.770576 0.139826 0.124124
0.734641 0.29982 0.0996894
0.416323 0.121491 0.65224
-0.233358 -0.763885 -0.318117
-0.460895 -0.623051 0.409049
0.480977 -0.743108 0.240185
-0.222606 0.426382 0.562852
0.836459 0.101375 0.116513
0.591693 -0.461488 -0.561114
-0.638901 0.502197 -0.0819321
0.631576 -0.65356 -0.385632
0.58618 -0.717129 -0.274246
0.734182 0.291775 -0.134848
-0.323548 0.543856 -0.650463
0.739076 0.0932295 -0.488907
0.818467 -0.0659218 -0.455314
0.0361722 0.812142 -0.297699
0.080374 0.0404192 -0.86969
-0.340052 0.482413 -0.690191
-0.0964467 -0.839442 0.0291239
0.091977 -0.423958 0.739224
-0.262863 0.393639 0.573083
0.554427 0.549251 -0.00536678
-0.802723 -0.148595 -0.232464
0.504313 0.513053 0.184519
-0.824468 -0.225841 0.015369
-0.630735 -0.516718 0.328772
-0.762589 -0.349376 -0.0661415
0.613602 0.240834 -0.522937
-0.44302 0.589493 0.240506
0.0655122 -0.0139358 -0.882829
-0.0241196 -0.194834 0.866984
-0.306363 0.501212 0.441594
0.25175 -0.74908 -0.484236
-0.609928 -0.567718 -0.176857
-0.793962 -0.0937233 -0.266816
0.394592 -0.133673 -0.764985
0.117982 0.606443 -0.570799
0.829493 -0.43533 -0.281976
-0.609349 -0.274668 0.588453
0.628022 -0.691534 -0.223042
-0.115372 -0.293472 -0.797668
-0.0675758 0.0711888 -0.885594
0.180549 -0.354044 -0.774452
-0.300272 0.0826361 -0.856183
0.614727 0.472227 -0.0746931
-0.571256 -0.569613 -0.274039
-0.118201 -0.836012 0.0418251
-0.587818 0.262369 0.428666
0.698207 -0.0292124 0.407708
0.761295 -0.123279 -0.53014
0.607558 0.383688 -0.386023
0.575615 0.0697345 -0.666688
0.307136 0.654429 0.216537
-0.392512 0.0399131 0.737273
-0.0363974 0.428516 0.582731
0.889135 -0.143429 0.125647
0.578528 -0.53622 -0.52966
0.0178103 -0.674372 -0.627698
0.551887 0.0321115 0.550399
-0.639485 -0.558182 0.0282346
0.589748 0.216761 -0.571868
0.339289 -0.706594 -0.514512
0.626135 -0.122897 0.478369
0.85425 -0.0718527 -0.394268
0.200833 0.720781 0.2099
0.817668 0.14504 -0.171949
0.71797 0.341878 0.0133278
0.266263 -0.101903 0.779877
-0.13978 0.291977 0.678551
-0.323035 0.482987 0.449128
-0.577408 -0.375717 0.576865
0.28382 0.553444 0.380707
0.450124 0.59615 0.101179
-0.464347 0.466899 -0.628427
-0.541603 0.501185 -0.490087
-0.619791 -0.380815 -0.479254
-0.66835 -0.0775796 0.525614
-0.610523 0.449678 -0.458833
-0.442126 -0.687284 0.283931
0.520844 0.414972 0.307053
0.225164 0.780731 -0.0218959
-0.576897 -0.591033 -0.224912
0.104754 -0.823239 0.258829
-0.422217 -0.260503 0.720439
-0.29934 0.689947 -0.470197
0.742543 0.149476 0.243948
-0.0989882 0.718327 -0.485257
-0.57529 0.150058 -0.675484
-0.431764 -0.570746 -0.483391
-0.0558338 0.236486 -0.853685
-0.5167 0.628028 -0.0992421
0.270889 -0.744169 -0.483816
-0.739194 0.281169 0.0400137
-0.20565 -0.270984 0.798209
-0.39544 -0.422256 0.659465
-0.596972 0.384324 0.301837
0.0519089 0.845974 -0.0693296
-0.829296 -0.0270492 -0.106645
0.258653 0.216583 -0.764445
-0.589977 -0.286323 0.601459
-0.0455343 -0.787941 -0.374659
-0.442265 -0.727831 -0.178929
-0.524348 -0.26719 -0.633005
0.407503 0.678625 -0.0253205
0.431261 -0.135263 0.656841
0.18469 0.329654 -0.754427
0.639136 0.440078 -0.118796
0.451433 0.616758 -0.289119
0.0110172 0.151278 0.777124
-0.390749 0.427153 0.459614
0.614142 0.244173 0.377816
-0.0365498 0.859089 -0.103041
-0.695941 0.211773 -0.513609
0.201694 0.496579 -0.642114
0.359673 -0.819685 0.0687035
0.508275 0.299187 0.443538
-0.554879 -0.630618 -0.193725
-0.777153 -0.116465 0.347313
0.589412 -0.657309 0.234033
-0.600252 0.314602 0.359493
0.585506 -0.717651 -0.28563
0.684083 0.384497 -0.0248037
0.669385 0.389334 -0.166857
0.265618 -0.7962 0.260847
-0.522852 -0.646523 0.242622
-0.0267575 0.688826 -0.527251
-0.543729 0.129934 -0.702758
0.713238 -0.0072531 0.383883
0.302529 0.192971 0.693293
-0.210491 0.791745 0.0391672
0.297622 0.745901 -0.102621
0.885531 -0.338947 -0.187907
0.57931 -0.720991 -0.249939
0.160343 -0.178194 -0.826844
0.0539146 0.624184 0.359678
0.033139 0.446312 -0.757358
-0.0824777 -0.403863 0.77611
0.019337 -0.834122 -0.0900332
0.205793 0.79668 -0.0800813
0.0797749 0.808368 0.0511498
0.220634 0.0545054 0.788339
-0.269278 -0.777643 0.253762
0.743785 -0.409687 0.295711
-0.850116 -0.149964 0.04012
-0.314596 0.619463 -0.572403
0.281856 0.309504 0.623608
0.348018 -0.743531 0.344319
-0.102586 0.219905 0.735282
0.775219 -0.259341 -0.472987
0.166242 0.162645 -0.808221
0.407965 0.334577 -0.654223
-0.0911265 0.839316 -0.211553
0.230716 0.339953 -0.737401
0.131692 -0.78059 -0.485744
-0.22483 0.741426 -0.406689
-0.835311 0.0594188 -0.014353
-0.230132 -0.506253 0.696561
0.900973 0.0263032 0.0483275
0.709221 -0.635003 -0.0225047
0.667496 0.159933 -0.526965
0.328224 -0.80306 -0.282944
0.06392 0.657373 -0.530223
-0.316618 -0.150722 -0.801193
0.189243 -0.796692 -0.41404
0.561287 0.538486 -0.12807
-0.319363 0.720198 -0.378815
-0.767777 0.270507 -0.0789631
-0.838151 -0.200632 0.0152925
-0.0261726 -0.689978 0.536053
-0.704925 0.432379 -0.242055
0.458151 -0.304322 0.603682
-0.327491 -0.795302 0.0453836
-0.636482 -0.182796 0.589076
0.566212 -0.727163 -0.0892738
0.461241 -0.550248 -0.611913
-0.322537 0.764611 -0.0453493
-0.314207 -0.801564 0.0210692
0.547365 -0.177657 0.551452
-0.201237 -0.452629 -0.706542
0.515361 0.59519 -0.0944785
-0.230701 -0.723257 0.421333
-0.683012 0.139838 0.366832
0.790501 0.217943 -0.0129166
-0.826096 0.0861274 -0.00134573
0.0452359 0.706538 -0.477683
0.851222 -0.344235 0.0326446
-0.708662 -0.22778 -0.418872
0.314054 0.480706 0.440963
-0.491889 -0.26594 -0.651048
0.615053 0.448935 -0.259524
-0.205502 0.470071 0.529438
0.325161 -0.477494 -0.715541
0.244161 0.365174 -0.720726
0.17949 -0.14024 0.817419
0.427752 0.0816368 -0.735212
-0.497422 -0.650911 -0.258911
-0.417322 -0.346523 -0.650804
0.099681 0.569905 0.415112
-0.536861 -0.559476 0.435268
-0.120782 -0.657658 -0.629349
-0.212996 -0.674899 0.542251
0.0750422 -0.19626 -0.826724
0.695286 0.360451 0.0761022
-0.427533 0.689382 -0.201033
0.517913 0.594136 -0.0869559
-0.531592 0.612417 -0.146094
0.680534 0.30645 -0.344467
0.810554 0.149532 -0.221763
-0.675853 0.467594 -0.310915
-0.785336 0.20153 -0.159019
-0.00429335 0.331138 0.665896
-0.441051 -0.308125 0.691284
0.446262 0.654106 -0.0920368
0.217211 0.0757056 -0.814305
0.201779 0.181433 -0.79195
-0.2808 -0.655852 -0.499558
-0.388414 -0.78442 0.0254389
-0.795188 -0.184956 -0.215172
0.72908 -0.565955 -0.281522
-0.425344 0.692907 0.0495439
0.335589 -0.525066 0.591138
-0.64285 0.344733 -0.525051
-0.336818 0.0998017 -0.853178
0.586234 -0.362773 -0.61705
0.738956 0.0897566 0.30482
-0.241176 -0.777103 0.285151
0.441306 -0.777897 -0.25532
0.818246 0.116715 -0.274159
-0.0300454 -0.725419 0.470783
-0.533362 -0.220615 0.664206
0.0386914 0.720023 0.235097
0.687658 -0.338457 0.412444
0.879558 -0.255333 0.0808828
0.785957 -0.103007 -0.499541
0.7119 -0.629124 -0.017533
0.396187 0.648624 -0.343781
-0.666154 -0.507988 -0.113653
0.0191194 0.835318 -0.0297101
-0.47683 0.112111 -0.759521
-0.271411 -0.792147 0.149372
0.143364 -0.721659 0.503225
0.877223 -0.020176 0.140632
0.568123 -0.405492 -0.608135
0.839802 -0.40209 -0.296976
-0.248894 0.64528 0.322253
-0.779047 0.10165 0.145434
0.345986 -0.399969 -0.726276
0.056662 -0.749931 -0.547793
0.286482 0.509679 -0.593248
-0.635024 -0.362114 0.528569
-0.710225 0.263716 0.162609
0.777522 0.104925 -0.404118
0.469355 -0.71054 0.308294
0.68471 -0.655825 -0.0544934
0.299499 0.517065 -0.58173
-0.350804 -0.775317 -0.194198
0.798317 -0.489043 -0.062188
0.206923 -0.793956 -0.423078
-0.170286 -0.709548 0.470696
0.383965 0.452683 0.430328
0.213046 -0.706935 -0.568831
-0.0313972 -0.850359 0.0754451
0.631471 -0.672836 0.130074
-0.611292 -0.606132 0.0358325
-0.741673 -0.353401 0.230314
0.337482 -0.104744 -0.788429
0.70078 0.0408063 -0.577412
-0.125517 0.418693 0.586709
0.574008 -0.722037 -0.0453471
0.904547 -0.209045 0.0339951
-0.363864 -0.474377 -0.613641
-0.264354 0.269489 -0.840676
-0.451153 0.573492 -0.498301
0.869948 -0.330352 -0.0576933
0.245981 0.373709 -0.71351
0.209748 -0.813213 -0.306931
0.911988 -0.0530636 -0.149789
-0.321062 0.092141 0.749154
0.205598 -0.851783 -0.0640427
0.44741 -0.785998 0.0467628
-0.635277 0.31444 0.298536
-0.254272 -0.186611 0.815503
0.269768 -0.82888 -0.188601
0.48549 0.0442676 0.612584
-0.176303 0.813985 -0.24089
-0.0448408 0.475454 -0.768688
-0.107867 -0.637654 0.604671
-0.229637 -0.742739 0.374851
0.683937 0.131674 0.36462
0.591584 -0.163955 0.510064
0.807151 -0.250539 0.287138
-0.226164 0.649552 -0.563346
-0.277864 0.133027 -0.86363
0.00555325 -0.800033 0.292296
0.106345 0.340506 -0.775224
0.189014 -0.762193 -0.490416
-0.0821033 -0.740143 -0.497875
-0.733002 -0.355857 0.326595
0.877307 -0.329746 -0.248808
-0.773614 0.244725 -0.0374865
0.127261 -0.133535 -0.844778
0.247672 0.373408 -0.712955
-0.430446 -0.66266 0.365035
-0.494556 0.630758 -0.313659
0.859069 0.0849614 -0.0946664
-0.647447 0.0927155 0.478858
-0.742229 0.333379 -0.264489
-0.225397 -0.69966 -0.468384
-0.127301 0.245258 -0.870679
0.666466 -0.59652 -0.395682
0.915961 -0.118753 0.0348211
-0.512403 0.468009 0.309994
0.780076 0.123659 -0.37809
-0.791472 0.19334 -0.12537
0.694488 -0.611618 0.0863232
0.557962 0.293003 -0.547771
0.726191 0.206148 0.21558
-0.0789263 -0.391623 0.782119
0.153451 0.423867 -0.718678
-0.655881 0.477253 -0.0423644
0.522062 -0.232136 0.571733
-0.646058 0.314923 0.277576
0.351282 0.714522 -0.0987554
-0.224605 -0.710097 0.454588
0.344937 -0.226471 -0.764497
-0.803495 0.155409 -0.0188256
0.345182 -0.477494 0.614707
0.117925 -0.0219178 0.830491
-0.426289 0.0829317 -0.800965
-0.0180972 -0.418188 -0.760192
0.603981 0.445016 0.117861
-0.361005 -0.794515 0.00189073
-0.760826 0.0625382 -0.363457
0.0068786 0.41951 0.591168
-0.675637 -0.0393262 -0.577691
-0.673489 0.362969 -0.451482
0.0834433 0.468566 -0.717545
-0.0645726 -0.638434 -0.655614
0.378556 0.596343 0.220268
-0.444322 0.652275 -0.374737
-0.681697 0.324595 -0.462277
0.0836001 0.25846 -0.805829
-0.132036 -0.335798 0.794408
-0.179474 0.439651 0.562952
-0.351213 0.735443 -0.204174
-0.778613 -0.30458 0.0649397
0.641181 -0.260302 0.461277
0.638192 -0.622058 0.201689
-0.294322 -0.0124265 0.785133
-0.580992 0.338424 -0.600622
-0.315848 0.75525 0.0245191
-0.695557 -0.0571789 -0.546158
0.221971 0.277806 -0.757993
0.606337 0.0644442 -0.64403
-0.0992994 -0.531001 0.713835
-0.35111 -0.747055 0.293796
0.549954 -0.395849 0.518238
-0.491906 0.262738 0.536046
0.718997 -0.563054 -0.345972
0.611057 0.255853 0.37174
0.312463 0.737239 -0.0934512
0.459468 -0.778129 -0.0796365
-0.651322 0.283469 -0.546963
0.36785 -0.619284 -0.642307
-0.198257 0.611297 0.392607
0.327631 -0.784088 0.260267
-0.0671805 0.468289 0.548408
0.943384 -0.148862 -0.0735544
0.536705 -0.745917 -0.192997
-0.351983 0.104549 0.732621
0.27984 -0.0506725 0.780505
-0.788999 -0.0569901 -0.286833
0.84947 0.0918689 -0.156573
0.404868 0.667582 -0.206775
0.0514361 -0.767712 0.388674
-0.23191 -0.696682 -0.469493
-0.742002 -0.359601 0.171872
-0.126288 -0.675014 -0.603981
-0.542267 0.275164 -0.676948
0.359083 -0.226051 -0.760032
0.844299 0.114941 -0.0686996
0.00171767 -0.737804 -0.569355
0.606363 -0.665601 0.188578
-0.252765 0.209519 0.716833
-0.722528 0.0276143 0.39117
-0.14121 0.144416 -0.878298
0.863821 -0.262411 -0.348512
0.247011 0.472766 -0.639021
-0.124784 0.830226 -0.0581966
0.151103 -0.0526523 -0.855289
0.723331 0.327505 -0.0300218
0.751887 0.167735 -0.380459
-0.378359 -0.140904 -0.772473
0.122676 0.395605 -0.753979
-0.048127 0.76348 0.180652
0.0885463 -0.412601 0.745071
0.343136 0.469818 0.4386
0.265999 0.685576 -0.398187
-0.649531 0.422379 0.157536
-0.0978836 -0.703019 -0.567664
0.770636 0.26052 0.0361438
0.625102 0.426229 -0.277989
-0.0967284 0.476139 0.541162
0.754117 0.0291991 -0.533653
0.707209 0.159338 -0.473095
0.74097 -0.467637 0.217467
-0.529854 0.51163 -0.490938
0.531001 0.576366 -0.128205
-0.343104 0.45706 0.462609
-0.216938 0.28428 -0.846228
-0.340775 -0.172082 -0.778365
0.870983 -0.0619148 -0.347401
-0.102284 -0.82665 -0.0614586
0.669224 0.132035 -0.550494
0.757115 -0.0956411 0.342467
0.182165 -0.844576 -0.106939
0.579949 -0.332948 -0.637413
0.781385 -0.16024 -0.49606
0.315839 0.0642066 0.754016
-0.106125 0.0335897 -0.878181
-0.492934 -0.646289 0.297033
-0.123226 -0.771777 -0.379191
-0.0546404 -0.756462 0.389217
-0.558678 -0.345394 -0.565868
-0.483717 -0.624131 -0.336195
-0.229346 0.143899 0.752279
0.368092 0.704102 -0.148444
0.0198513 -0.0544366 0.859302
-0.47749 0.233345 -0.757251
0.32249 -0.213907 0.720022
0.684981 -0.326561 -0.535226
-0.426701 0.671279 -0.334323
0.608675 -0.517445 -0.516675
-0.563361 -0.211134 -0.640074
0.436483 -0.344127 0.611462
0.716857 0.0374542 0.367059
-0.131336 0.71298 0.268807
-0.0783445 -0.626199 -0.661846
0.312179 0.689798 -0.360165
0.382841 -0.406634 0.630566
0.576985 -0.721463 -0.161559
0.493389 0.59705 -0.205815
0.912065 -0.0320269 -0.11485
-0.510408 0.511266 -0.516645
0.155552 -0.446685 0.712308
0.116519 -0.25944 0.808379
0.302154 -0.630224 -0.653463
0.0752043 0.688299 -0.488209
0.405209 0.529159 0.317668
-0.173727 -0.811081 -0.127244
0.455361 -0.178221 0.630817
-0.29793 0.584798 -0.620802
-0.783608 0.0123446 -0.287879
0.790029 -0.217466 -0.469172
-0.831816 0.0172375 -0.0739751
-0.231386 0.64875 0.331355
0.837976 0.08339 -0.244197
-0.52949 0.241142 -0.707088
-0.340975 -0.504057 -0.609208
0.0325746 -0.826699 -0.15398
0.909408 -0.24887 -0.105387
0.74244 -0.394281 -0.440615
-0.17052 0.784893 0.1085
0.877857 -0.202976 -0.347894
0.244172 0.293429 0.65694
0.661316 -0.42518 -0.509591
-0.597818 -0.553952 -0.240932
0.487504 0.550332 -0.378234
0.234719 0.724494 -0.358189
0.712876 0.0831006 -0.538414
0.650383 0.232102 0.33192
0.240076 0.2192 -0.769363
-0.238542 0.652164 -0.555802
0.442898 -0.761249 -0.377472
0.879931 -0.0696298 0.156538
-0.309029 -0.804674 -0.00638328
0.469735 -0.642325 0.425637
-0.081084 -0.357984 -0.779492
-0.4446 0.150364 0.665431
0.264989 -0.609001 0.562999
0.329262 -0.814731 -0.192179
-0.170586 0.610285 -0.631501
0.200484 -0.124352 0.813956
0.275853 0.728001 -0.32853
0.401934 0.406969 0.457203
-0.380566 -0.163357 -0.760958
-0.354339 -0.0557348 0.774885
0.401466 0.684599 -0.11135
-0.205569 -0.809352 0.125477
-0.588679 0.203495 -0.655557
0.633228 -0.66042 -0.372561
-0.640275 0.499897 -0.0754667
-0.401462 0.438006 0.439502
0.11688 0.214847 -0.808243
-0.0418836 -0.637944 0.609843
-0.44784 0.224759 0.60319
0.26998 -0.373897 -0.755946
0.305321 0.356031 -0.699369
0.344395 -0.825692 0.0829034
-0.466232 0.451749 0.370932
-0.45301 -0.381925 0.651953
-0.164605 -0.205249 -0.822477
0.32169 0.731878 -0.0756905
-0.0305294 0.659776 0.329606
-0.460717 -0.574175 -0.442153
0.116918 -0.825386 -0.219842
0.851869 -0.36832 -0.308827
0.419578 -0.150972 0.662181
-0.570243 -0.112848 -0.664915
0.0375698 0.458394 -0.746289
0.451977 -0.0656809 0.643729
-0.598955 0.535693 -0.366818
0.771585 0.139189 0.199738
-0.702811 -0.456387 -0.0964381
-0.566463 -0.627413 0.188376
0.846205 0.00930352 -0.335911
0.866567 0.0826063 -0.0272508
0.778338 -0.521448 -0.0320746
0.306022 0.738782 -0.229973
-0.694145 -0.443978 0.199995
0.234196 -0.393842 -0.759031
-0.242605 0.560626 0.422158
0.643038 -0.321587 0.458227
-0.240212 0.635301 0.339929
0.796871 0.0356504 -0.433155
0.317387 0.734489 -0.0287394
-0.825644 0.0401758 -0.0863111
-0.409377 -0.751036 0.143711
-0.596881 0.546682 0.0172812
-0.542647 -0.591911 -0.286246
0.612233 -0.699971 -0.125112
-0.152163 0.255872 -0.865097
0.32425 0.635257 0.228554
-0.0607596 0.588214 0.41688
-0.284288 -0.739849 0.366907
-0.515857 -0.635782 0.283207
-0.332415 -0.735841 -0.291555
0.113883 -0.0494609 0.838326
-0.664788 0.199052 0.348535
-0.00458747 0.620245 0.37228
0.372312 -0.777376 0.253435
-0.15162 -0.185884 -0.828411
-0.750203 -0.127882 -0.408096
0.345641 0.663247 0.132244
0.494162 -0.369487 -0.68065
0.171177 -0.833054 -0.187808
-0.0418849 -0.525211 0.71776
0.281875 -0.63098 -0.661062
-0.534501 0.391583 -0.617653
-0.224369 -0.250285 -0.800374
-0.24887 0.142513 -0.866796
-0.377883 -0.622528 0.543432
-0.027007 -0.774935 0.348696
0.713381 0.0163874 -0.580005
0.524442 -0.429677 -0.628052
0.622976 0.376997 -0.363015
0.787252 0.234045 0.0538562
-0.41123 -0.343938 0.689166
-0.217054 -0.811305 0.0950527
-0.261393 -0.739081 -0.350099
-0.204743 -0.70698 0.46748
0.341198 0.315993 -0.710569
-0.164339 -0.803985 -0.186123
0.436915 0.287672 -0.660001
-0.349412 -0.666811 0.485905
0.729994 -0.289797 -0.506973
-0.253248 0.66579 0.295944
-0.180805 0.206191 0.731685
0.0090517 0.1585 -0.857091
0.0835592 0.688544 0.276691
0.238708 0.378133 -0.713557
0.347928 -0.804038 -0.237354
0.349969 -0.445455 -0.71457
-0.442112 -0.23295 0.719939
-0.800534 -0.261057 0.0917436
-0.490327 0.619416 0.168291
-0.0162396 0.711038 0.256203
-0.47407 -0.747172 -0.0502129
0.641803 -0.575231 0.265446
-0.427231 0.675678 0.123323
0.243902 0.590286 -0.54179
0.160668 0.276796 -0.777006
0.815891 0.167666 -0.049677
-0.715537 -0.4141 0.122712
0.263083 -0.737623 0.418774
0.404915 0.532256 -0.494449
-0.218915 -0.556351 -0.640315
0.5131 -0.10789 0.585226
-0.613223 -0.502494 0.419471
0.206 -0.797364 0.294754
-0.395467 0.530164 0.342119
0.541383 -0.176873 0.557106
0.309098 0.0774823 -0.780821
0.374325 -0.111232 0.702897
-0.550712 0.518016 0.213116
0.316122 -0.752754 0.350709
0.238893 -0.400551 0.711203
0.295894 -0.766529 -0.43699
0.687382 -0.277813 -0.557611
-0.559119 -0.431983 -0.510642
0.571813 -0.303519 -0.658949
0.0554559 0.246058 -0.818001
0.155693 -0.462665 -0.741288
0.722647 0.217337 0.210577
-0.399684 0.717063 -0.103994
0.527905 0.0237101 0.573352
-0.0630995 -0.658844 0.57872
0.57049 0.525462 -0.167401
-0.63803 0.435175 0.178768
0.903797 -0.119485 -0.260873
0.565662 0.0959677 -0.660978
0.169213 -0.172129 0.813245
0.739796 -0.212745 0.360789
0.740862 0.313502 0.0622929
-0.765822 -0.341069 -0.0459708
0.875492 -0.326193 -0.0843025
0.655477 0.0726357 0.426679
0.65209 -0.674887 -0.00868863
-0.740257 0.226197 0.112451
0.765503 0.163375 0.185935
-0.0373483 -0.818227 -0.168397
-0.726117 0.37433 -0.0637265
-0.201851 0.420951 -0.786184
-0.021065 -0.23634 -0.816323
-0.486705 -0.678041 -0.21672
0.921934 -0.109246 -0.193154
-0.204124 -0.70218 -0.480565
-0.446888 0.430683 -0.67032
-0.467609 -0.107765 0.7127
-0.11898 -0.747727 -0.450035
-0.568154 0.0303727 -0.675953
0.796359 0.165687 -0.276103
0.00448861 -0.761813 0.391305
0.173812 -0.225472 -0.812575
0.866373 -0.25089 0.153383
0.880115 0.036721 0.101548
0.235628 -0.724864 -0.530186
0.339395 -0.80933 -0.213631
0.322341 -0.819771 -0.167253
0.423505 -0.780963 0.209724
0.745699 -0.418012 -0.422006
0.849254 0.120857 0.0254171
0.0252922 -0.843275 -0.0265342
0.109381 0.716699 0.2305
0.0655312 0.40051 0.603224
-0.623938 -0.350474 0.548646
0.675856 -0.206215 -0.602712
0.701315 -0.0539496 -0.617733
-0.172347 -0.334692 0.784107
0.616869 -0.654195 0.192464
0.574543 0.42643 -0.388916
0.337684 -0.203244 0.711132
0.172336 0.76754 -0.329061
-0.315329 -0.783191 0.14772
-0.811475 -0.185548 0.255654
-0.72965 -0.0480264 -0.483879
-0.718426 0.415717 -0.247239
0.560163 0.32159 0.370746
-0.431707 0.0640776 0.710803
0.284651 0.75322 -0.235496
0.530938 -0.43003 -0.623015
0.751917 0.174031 0.200499
0.00476003 -0.597986 0.66208
0.15647 -0.194574 -0.823775
-0.0217971 -0.697342 -0.607195
-0.304441 -0.255868 -0.756672
-0.41093 -0.437085 -0.607019
-0.236601 -0.579906 -0.618488
-0.689694 0.0142761 0.472
0.577226 0.23902 -0.56906
-0.149237 0.561631 -0.694785
-0.716575 0.221531 0.196016
-0.719867 -0.409621 -0.128382
0.407463 -0.519661 -0.665836
0.0131141 -0.398913 -0.765301
0.341606 -0.0586464 0.737085
-0.320457 -0.791923 -0.167687
0.0560951 -0.0795683 0.858698
-0.755505 -0.345985 0.0750942
-0.829253 -0.169629 0.163353
-0.256233 -0.603398 -0.592704
0.107988 -0.811355 0.290579
0.397486 -0.709508 -0.484533
0.684648 0.245149 0.253398
0.518587 -0.735396 0.196307
-0.591323 0.353512 0.339699
0.412324 0.40528 0.449919
0.503687 0.305846 -0.596472
0.0570966 0.661152 0.316378
-0.00988725 -0.82017 0.235803
0.465449 -0.774852 -0.118503
0.929883 -0.0348738 0.00396855
-0.711147 -0.425026 0.0971738
-0.642229 0.0280609 -0.6123
-0.822814 0.0883847 0.015142
0.603374 -0.242627 0.497285
0.550114 -0.73709 -0.116601
-0.16567 -0.437463 0.743591
-0.0183097 0.478529 -0.755764
0.485906 0.294596 -0.620942
0.180793 0.754442 -0.343649
0.237462 -0.662895 -0.627499
-0.0132931 0.483376 -0.748809
0.831839 -0.451821 -0.183121
0.229207 0.0973814 0.773944
0.247015 0.395231 -0.696952
-0.387475 -0.288432 -0.695844
-0.131715 -0.651636 -0.630306
0.592936 0.382268 -0.415512
0.724339 0.144724 0.281393
-0.174294 0.660104 0.348198
-0.600768 0.548542 -0.0602051
0.0684974 -0.192006 0.843567
-0.492414 0.633053 0.127509
-0.0172511 0.783594 -0.388134
-0.494199 -0.370195 0.636626
0.200587 0.0583385 -0.824506
0.183297 0.705271 0.237745
-0.274617 0.781171 -0.180652
-0.67541 0.469803 -0.258053
-0.18742 -0.711114 -0.474579
0.751581 -0.359063 0.333384
-0.154444 -0.830157 0.0449353
0.254541 0.737775 -0.327951
-0.446069 0.664276 -0.306373
0.0234578 -0.746989 0.433568
0.561656 -0.109122 -0.715721
0.326243 -0.796376 0.222041
-0.809408 -0.250447 0.0424122
-0.711959 0.371514 -0.00194643
0.148578 -0.190544 -0.826378
0.343857 -0.204116 0.706484
0.118699 0.212176 -0.808457
-0.695206 0.237412 0.245607
0.360342 0.705257 -0.183623
-0.733886 0.234105 0.123157
0.936295 -0.149205 -0.160164
0.170279 -0.614137 0.59655
0.256712 -0.504547 0.635432
-0.376413 0.73575 -0.0302348
0.404484 0.284004 0.548895
0.755824 -0.566027 -0.0415403
-0.751541 -0.104059 0.39575
0.161687 -0.115294 0.829705
-0.378546 -0.652419 -0.406907
0.685513 -0.631785 0.0667256
0.680986 -0.0662927 -0.64344
0.427075 -0.425928 -0.693289
-0.507715 0.537912 -0.481114
0.0779093 0.818559 0.0177334
0.150623 -0.793242 0.342805
-0.503469 0.582891 -0.420735
-0.773531 -0.245811 -0.197732
-0.00724901 -0.194774 -0.828771
0.424953 -0.045614 0.669625
-0.634961 0.422967 0.198183
0.411012 0.0532596 -0.748335
-0.515429 -0.0403944 0.675112
0.0739968 -0.661893 0.585253
-0.321676 -0.795923 0.0495396
0.502921 0.308196 0.442065
0.250862 -0.674264 0.511982
-0.357836 -0.381028 0.697109
0.00621847 -0.672189 0.564723
0.434837 -0.450504 0.574684
0.123394 -0.865785 0.124517
0.0479961 0.638561 0.343953
-0.147734 0.0751531 0.794793
0.267015 0.336836 -0.727214
-0.741287 -0.331884 -0.174103
-0.453564 0.337162 0.500327
0.701985 -0.576608 0.147909
0.55698 0.428209 -0.417031
-0.678557 0.369525 -0.436816
0.37637 0.614781 -0.427557
-0.850398 -0.175719 -0.060512
-0.0026652 0.445915 0.567505
-0.80567 -0.231587 0.184117
0.126754 -0.370453 0.756108
-0.388566 0.595923 -0.530104
-0.22454 0.726547 -0.442175
-0.537832 -0.410242 0.580748
0.119998 0.602285 0.375757
-0.0682014 0.499746 0.5188
-0.701316 0.181262 0.289548
-0.129531 -0.49579 -0.718091
0.0625284 0.0980229 0.796054
-0.735182 0.175793 -0.403691
0.0374027 0.411578 0.596704
0.168315 -0.0370634 -0.852654
-0.0169848 0.333375 0.663745
0.383687 -0.219716 0.674507
-0.177437 0.163893 0.753835
0.235366 0.782132 -0.124207
0.91683 -0.139962 0.0262772
0.754776 0.151907 0.218247
-0.831427 -0.216482 -0.0143966
-0.390507 -0.0583665 0.759136
-0.697639 0.428431 -0.0897615
-0.38183 -0.702291 0.351223
0.339133 0.632528 0.209481
-0.0141436 -0.822891 0.227583
-0.421932 -0.551012 -0.518761
0.0921501 -0.477198 0.715147
-0.512116 -0.382172 0.616682
0.221715 -0.851201 -0.0751624
-0.526143 -0.0263702 0.666781
0.559042 -0.339832 0.523481
0.320381 0.207083 -0.745231
0.253537 -0.178776 0.773986
0.246939 -0.0731245 -0.822029
0.255754 -0.4342 -0.744641
0.691556 -0.123694 -0.619722
-0.671739 0.398185 0.115339
-0.418849 0.683641 0.113877
0.881556 0.0617855 0.0455221
0.503937 -0.439135 -0.638397
0.164638 0.0777756 -0.832632
0.689338 -0.336008 -0.525851
0.0629263 0.548941 -0.651683
-0.722148 -0.26675 -0.324825
0.447546 0.0818777 0.640618
-0.241802 -0.0707751 -0.842958
0.0738009 -0.861161 0.151937
0.551824 0.457688 0.19682
-0.494363 -0.633604 0.325891
-0.227996 -0.149658 0.835401
-0.215557 0.730159 0.209322
0.910519 -0.0897831 -0.213845
-0.737485 0.183627 0.176232
-0.675842 -0.461026 0.340244
-0.826004 -0.104017 0.201869
-0.586817 0.0793261 0.562564
-0.763652 0.129458 -0.306291
0.624946 -0.187361 -0.665435
0.288055 -0.79707 -0.370987
0.0207379 0.745963 0.198229
-0.294922 -0.673252 0.523897
0.138103 0.114216 0.785788
-0.334209 0.705445 -0.405509
-0.818267 -0.224056 0.0995355
-0.25573 0.65671 0.304315
0.574711 0.519499 -0.185103
0.59097 0.0929375 -0.641564
-0.054829 -0.817072 -0.164884
0.426795 0.0234592 0.668767
0.227142 -0.763003 0.390751
-0.562642 0.48704 0.234032
-0.284732 -0.808337 -0.0418508
-0.427534 -0.594737 -0.453751
0.311712 0.668189 -0.39358
-0.664463 -0.379692 0.481603
0.21144 -0.844216 0.13854
-0.830841 -0.0783319 -0.124701
0.191384 0.174407 0.752455
-0.229831 -0.286761 -0.778762
0.242911 -0.463766 -0.73842
0.635364 0.436449 0.0524051
0.556867 0.512195 -0.28039
0.775559 -0.412336 0.211173
0.30185 0.701579 0.120603
0.302253 0.127178 -0.771257
0.272065 0.650806 -0.445823
-0.520313 0.0285932 -0.716852
0.301268 -0.268891 0.724455
-0.219686 0.733794 -0.42843
-0.707424 -0.24811 0.469669
-0.0205836 0.180362 0.762108
-0.727863 -0.389932 0.135178
-0.649809 -0.207335 -0.563462
0.0870521 -0.655795 -0.644864
0.0943704 -0.806415 -0.346363
0.68628 0.00533855 0.416819
0.209546 -0.808697 0.256458
0.123381 -0.806924 -0.360587
-0.0710249 -0.00847809 -0.875971
-0.721089 0.198858 -0.451813
0.915975 -0.209725 -0.192037
0.0280761 0.415489 0.594283
-0.582759 -0.456993 -0.456716
0.937328 -0.0947117 -0.101417
-0.399306 0.327339 -0.755241
0.829799 -0.226529 0.258123
-0.528855 0.605153 -0.278751
-0.711802 -0.270505 0.461349
-0.581378 0.0858569 -0.668198
0.833792 0.136954 -0.0459236
-0.351811 -0.177215 -0.770064
-0.0330296 -0.672451 0.561189
0.154903 -0.421585 -0.754126
-0.215669 -0.602978 0.63504
-0.0321504 -0.835083 0.191038
-0.527864 0.170159 0.57213
-0.0938636 0.846922 -0.126742
-0.230394 0.796831 -0.206224
0.284425 0.66039 0.241838
-0.697267 -0.265382 -0.402073
-0.577935 -0.648718 0.0516695
0.224683 0.357597 0.603834
0.0543054 -0.831767 0.223032
0.456995 -0.752259 0.246368
0.0649086 -0.46956 -0.741765
0.481235 -0.716923 0.286022
0.861147 -0.036665 -0.349114
-0.663454 -0.451801 -0.228598
-0.581844 -0.0834717 -0.656867
0.144197 0.288835 0.70243
0.220196 -0.228302 0.781777
0.440935 0.575812 0.15958
-0.243315 -0.668369 0.549673
0.585994 -0.135146 -0.702986
-0.687171 0.449151 -0.175867
-0.681629 -0.244618 -0.477782
-0.188771 -0.822194 0.0603559
-0.606748 0.543215 -0.0868296
0.735946 -0.585172 0.00523137
0.798211 0.160338 0.127197
-0.367557 0.515297 0.37969
0.837105 0.0185022 0.188342
-0.575323 -0.553792 0.377378
0.061252 0.176606 -0.836259
0.775507 0.190535 -0.309124
0.518737 0.502837 -0.387019
0.244604 0.0812808 -0.803129
0.545416 -0.741073 -0.255641
0.745922 0.20772 -0.34614
-0.433207 -0.0955074 -0.754946
-0.386009 -0.000963254 0.749715
0.110009 0.577552 0.40495
-0.374887 0.353028 -0.754062
-0.599075 0.506223 0.172514
0.0302822 -0.0880388 -0.860779
0.594591 0.371532 -0.424298
-0.137255 -0.0730431 0.851495
0.112451 0.712133 0.237001
0.213851 0.0520269 -0.821297
-0.51065 -0.622561 0.324905
0.18193 0.225311 0.727488
0.045692 -0.619594 0.638565
0.0251377 -0.762282 0.395669
0.369274 -0.816465 0.0840839
0.637381 -0.402624 -0.546114
0.701466 -0.58842 -0.338409
-0.0226581 -0.813405 -0.21413
0.34636 0.411951 0.493721
-0.222832 -0.259162 -0.796512
-0.664257 -0.418339 -0.288584
-0.0687675 -0.729356 -0.533162
-0.18811 -0.68102 0.534335
0.803115 -0.153997 -0.470354
-0.402004 0.708711 0.0447784
-0.762892 -0.0727479 0.376575
0.679877 -0.397349 0.404306
0.904698 -0.0305573 -0.145039
0.294842 0.254379 0.657317
-0.142466 0.27322 -0.8592
-0.514072 0.0680881 -0.724752
-0.447879 0.540331 0.291197
-0.412827 -0.549535 0.573004
0.00739222 0.629557 -0.586064
0.556834 0.193099 0.468358
-0.587034 -0.624661 0.129715
0.434894 -0.59231 -0.609493
-0.512655 0.637778 0.0386597
-0.506668 -0.634816 -0.274695
-0.0409987 -0.307629 0.818486
0.607298 -0.701987 -0.0347281
0.682317 0.387288 0.00512601
-0.0280739 -0.438134 -0.754259
0.314721 0.60401 -0.489582
-0.30757 -0.65616 0.561487
0.12386 -0.123485 -0.847945
-0.747208 0.0314817 -0.433663
0.199009 0.526664 -0.620873
0.132768 -0.384957 -0.766192
0.366776 -0.795876 -0.262926
0.660369 0.0952967 -0.58196
0.474915 0.40277 -0.55434
0.659798 -0.556965 0.259923
0.777573 -0.527459 -0.176829
0.512949 0.39009 0.350335
-0.572396 0.580577 -0.0842887
-0.526691 0.528998 -0.469717
0.306779 0.539328 0.384937
0.274819 0.562727 0.375262
0.0506078 -0.747983 0.438575
0.687145 -0.485368 0.31741
-0.181089 -0.0761984 -0.851257
-0.105193 0.61923 -0.635537
-0.288166 -0.515975 -0.628623
0.443769 -0.709193 0.33444
0.193461 -0.671874 -0.625271
0.535642 -0.153519 -0.71601
-0.703712 -0.416383 -0.168812
0.248339 0.703443 -0.381619
0.142547 -0.243522 -0.810027
0.87323 -0.342278 -0.112756
0.0185884 0.460082 0.548276
0.1149 0.442531 0.548786
0.300224 0.178425 -0.759457
-0.609027 0.518134 0.106301
-0.559943 0.570511 -0.366103
-0.0805966 0.214131 -0.867115
-0.535362 0.309997 -0.665263
-0.396206 0.556012 0.312973
-0.60289 -0.483813 -0.357932
0.305459 -0.83062 0.101918
0.106672 0.798711 0.0794277
-0.591595 -0.10213 0.620219
-0.465055 0.0883208 0.679874
0.0134356 -0.857004 0.0830431
0.674426 -0.639674 0.0848854
0.50562 -0.107443 0.592285
0.84695 -0.0837664 0.214517
-0.288213 0.466064 0.494205
0.650043 0.1908 -0.521345
-0.447073 -0.196634 -0.709723
-0.279612 0.277229 -0.835644
0.888202 -0.260823 0.00720694
0.740222 -0.5169 -0.35494
0.459452 0.0679796 0.634244
-0.174654 -0.282061 -0.799791
0.564444 -0.730871 -0.343713
0.034621 -0.710313 0.511128
-0.0529729 0.0556655 -0.886613
0.192505 -0.801715 0.289424
-0.690211 0.255594 0.238603
0.429075 -0.545554 -0.638321
-0.539348 0.383009 0.373925
0.89449 -0.142585 0.10648
0.451429 0.644479 -0.00538296
0.053762 -0.810819 -0.28586
0.759584 -0.385895 -0.426987
-0.558919 -0.579414 0.345854
-0.038849 -0.798366 -0.314054
-0.162312 -0.810254 -0.141211
0.423434 0.164981 -0.716778
-0.20108 -0.748351 0.369153
0.329595 -0.525693 0.593057
0.405282 0.0973376 0.677542
0.217925 0.451299 0.512634
-0.228493 0.0355837 0.791895
0.522073 0.565569 -0.246651
-0.622745 -0.515692 0.354414
-0.119837 -0.745497 -0.454303
0.0239968 -0.171575 0.864074
-0.670494 0.425544 -0.39515
0.272014 -0.427424 0.68052
0.661466 -0.413373 -0.515463
0.706606 -0.62399 -0.128388
0.530554 0.412754 0.295995
0.81383 -0.0932325 0.270809
0.753906 0.249173 -0.19713
0.189684 -0.32474 -0.783328
-0.693564 -0.423675 0.388237
-0.629646 0.312888 0.309771
-0.0183144 0.59062 0.408256
0.214232 0.0161318 0.799481
0.680644 0.241521 0.264776
-0.435686 0.676175 0.104102
0.393063 -0.0731172 0.696906
0.366116 0.647599 0.132519
0.00722657 0.655463 -0.554612
-0.770065 0.262192 -0.102707
0.570655 0.381851 0.276297
-0.128072 0.709264 -0.493326
-0.311742 -0.667143 0.533984
-0.115887 0.0296192 -0.876153
-0.13609 0.722292 0.255221
0.57136 -0.14593 -0.70573
-0.384429 -0.782348 0.0460859
0.209499 0.606685 0.354803
0.128273 0.555251 0.42539
-0.176074 0.818945 -0.174257
-0.680163 0.442623 -0.0217415
-0.0047209 0.801161 -0.335705
0.896741 -0.215652 -0.263227
-0.0594582 0.857284 -0.115168
-0.65361 -0.539256 -0.0937547
-0.329492 -0.607534 0.5889
-0.489983 -0.373536 -0.59499
-0.271601 -0.784087 0.205373
-0.0424506 0.267059 0.712417
-0.194703 -0.819661 -0.0494215
0.328444 0.727843 -0.117871
-0.668181 0.454038 0.00906861
0.0533337 -0.777605 -0.483311
0.0469671 0.0109594 0.831753
0.10288 0.1761 -0.823691
-0.457216 -0.657695 -0.307967
0.713486 -0.390433 0.364881
-0.80896 -0.255291 0.00791654
0.150575 -0.477488 -0.736813
-0.728797 0.309228 -0.341763
-0.547742 -0.326403 0.625689
0.803437 -0.135259 -0.472675
-0.813075 0.127293 -0.0718497
0.763344 -0.53611 -0.220819
0.387792 0.387738 0.486977
-0.126366 -0.557178 0.689848
0.138828 -0.109986 -0.847888
-0.180545 0.272736 0.685143
-0.768499 0.248931 -0.203003
0.450283 -0.554922 -0.617641
-0.499505 0.639554 -0.123499
-0.734039 0.314793 0.00432667
0.404711 -0.548099 -0.6537
-0.818948 -0.225055 0.0889506
-0.121516 -0.685578 -0.586869
-0.683923 0.256713 -0.505734
-0.696561 -0.231884 -0.44993
0.659642 0.278572 0.258256
0.321306 -0.61566 -0.66856
0.0765767 -0.0360474 -0.876655
-0.561109 -0.35965 0.5985
0.165658 0.241084 -0.78578
-0.0181725 0.36702 -0.805605
-0.499478 0.100532 0.642675
-0.564832 0.506187 -0.453094
0.189351 -0.806897 0.274924
0.0623276 0.40123 -0.771156
-0.669876 0.21208 -0.557692
0.806712 0.0615662 -0.382954
-0.4296 0.0870272 -0.798391
-0.079948 0.255174 0.714411
0.203513 0.793854 -0.240429
-0.213622 0.414939 0.575409
-0.507549 0.419708 -0.625134
-0.311172 -0.763179 0.293525
0.843844 0.0154146 -0.335819
-0.126155 0.32779 0.654722
0.509335 -0.515948 0.492169
-0.391433 -0.173911 -0.750255
-0.724863 -0.226253 -0.371871
0.623876 0.433382 -0.268765
-0.129589 -0.0292677 0.837913
-0.336844 -0.406274 0.695602
-0.696166 -0.445018 0.158725
-0.594018 -0.589712 0.22189
0.24138 -0.802428 -0.358264
-0.716245 0.149135 -0.507604
0.916559 -0.139809 0.0273003
-0.806706 0.0459338 -0.168164
-0.716247 0.133953 -0.517931
-0.593276 -0.448446 -0.452862
-0.00919655 -0.578234 -0.695282
-0.551288 -0.604227 -0.248083
-0.137403 0.74018 0.228081
-0.39095 0.516552 0.360592
-0.108115 0.360897 0.63261
-0.522562 -0.717875 -0.0454907
0.0580807 0.601888 -0.597456
0.650023 -0.676103 -0.00663291
-0.644558 -0.549349 0.029208
-0.843377 0.0341909 -0.00702796
0.364149 -0.775324 0.265113
-0.644611 -0.489889 0.366663
0.794756 -0.327985 0.289354
0.669098 0.396377 -0.135363
0.430859 0.28156 -0.667425
0.0813647 -0.55034 -0.715576
-0.743974 -0.242229 -0.292165
0.741116 -0.578608 0.00297565
-0.42394 -0.604843 -0.443534
0.348937 0.285784 0.594488
0.772219 -0.37647 0.274015
-0.483948 -0.245556 0.690156
0.16723 -0.855974 0.126428
-0.653236 0.430152 0.135413
-0.0228832 0.390557 0.61517
-0.687771 -0.391258 0.445694
0.755138 0.285275 0.0214972
-0.0706915 -0.598228 0.659182
0.551587 -0.5768 0.402338
0.815276 -0.00946349 -0.438558
0.265455 -0.831574 -0.174298
-0.453588 -0.349451 -0.629499
0.569225 -0.689862 0.202495
-0.527583 0.461717 -0.56258
-0.76764 -0.18529 -0.298177
0.340874 -0.420314 0.648727
-0.438028 0.507961 -0.614742
-0.569933 -0.56064 -0.292709
-0.0824871 -0.567352 0.693197
-0.538401 0.0875161 -0.705149
-0.427514 0.514879 -0.61677
0.235519 -0.262235 -0.790229
-0.692969 -0.436661 0.283188
0.756716 -0.243866 0.342308
-0.551399 0.60155 -0.067055
-0.336892 0.697502 -0.423141
-0.471261 -0.458493 -0.553903
0.145026 -0.574996 0.63229
0.408669 0.681039 -0.0574483
-0.162093 0.789193 -0.311452
0.185288 0.714451 -0.399788
-0.596926 0.55529 -0.108738
-0.819558 -0.11835 -0.179794
-0.630124 -0.572972 0.0435687
-0.0987281 0.0362985 0.816245
-0.728069 0.247866 -0.386836
0.159377 -0.807208 -0.363581
-0.491621 -0.650203 0.28964
0.12691 0.537936 0.444213
0.436867 0.579314 0.158959
0.061685 0.0378984 0.820235
0.273934 -0.826425 -0.20154
-0.747014 0.103979 0.247367
-0.297798 -0.694537 -0.40702
-0.461836 -0.425175 -0.581481
-0.643275 -0.491583 0.365578
0.646323 0.382449 -0.301179
0.23898 0.780112 -0.0740446
-0.320027 -0.502385 0.654369
-0.814624 -0.00712507 -0.161322
0.42131 0.169264 -0.716546
-0.356835 -0.792216 0.0240426
0.348486 -0.226632 -0.763329
-0.190025 -0.234314 -0.81345
-0.78775 -0.0108684 -0.280957
-0.597171 0.471453 -0.452999
0.322217 -0.523641 0.597289
0.218036 -0.783158 0.332366
-0.673786 0.459341 -0.0976109
0.202291 0.773115 0.0637904
0.715506 -0.59875 -0.200356
0.0633667 0.818176 0.0209569
0.199967 -0.381402 0.735842
-0.212306 0.754084 -0.379711
0.884611 -0.0766178 0.147433
0.717244 0.105434 0.329194
0.811421 -0.385361 0.146028
-0.221851 0.35396 -0.823774
-0.70339 -0.303116 -0.332023
-0.125414 0.31752 0.662528
-0.327036 0.336577 0.584156
0.0427496 -0.391216 0.764311
-0.614186 0.380346 0.275421
0.687215 -0.50326 0.290375
-0.512403 0.632981 -0.0739474
-0.297542 0.66795 0.257411
-0.638219 0.508254 -0.142499
-0.37775 -0.750147 0.222369
-0.500442 0.559917 -0.458268
-0.706262 0.412295 -0.351762
0.615045 -0.591707 0.289718
0.510736 0.170853 0.527871
0.462283 -0.780951 0.0683233
0.138712 0.663503 -0.493657
0.428194 0.196303 0.589607
0.670854 -0.263963 -0.58195
-0.305041 -0.775395 -0.232349
-0.077418 0.635426 -0.61139
-0.755746 0.0765082 -0.378149
0.00746379 -0.833038 -0.0898599
-0.666241 0.394425 -0.438388
0.638709 -0.670446 0.110838
-0.292954 0.659472 0.273555
-0.638568 0.145671 0.446212
0.827687 -0.231647 0.261035
0.565987 0.508038 0.0665967
0.885833 -0.268071 -0.264416
0.784394 -0.185055 0.312306
0.577052 -0.00686177 0.527091
-0.691929 -0.460427 0.090103
0.24871 0.673486 -0.425301
0.62347 0.460959 -0.0801021
0.498292 -0.730118 0.241368
0.117875 -0.125408 -0.847585
0.610311 0.226374 -0.54063
-0.699284 -0.20246 -0.479027
0.260268 -0.827367 0.165055
-0.623329 -0.505546 0.381986
-0.351123 0.75158 -0.0363989
-0.66574 -0.255946 0.531808
0.450085 0.404151 -0.574598
0.559834 0.38837 0.285398
-0.449741 0.675399 -0.156055
-0.179623 -0.493608 0.716536
-0.543552 -0.0594904 -0.691241
-0.433378 -0.668973 0.34435
0.795901 -0.173888 0.299542
0.0582626 -0.729738 -0.572157
-0.26016 -0.436951 -0.685953
0.130652 -0.0569604 -0.860883
0.427028 -0.773036 -0.319941
0.490134 0.337007 0.433386
0.82389 -0.0941783 -0.448464
0.293486 -0.754244 -0.457793
-0.810418 -0.247158 0.0546793
-0.294456 -0.712364 0.430124
0.692387 0.373551 -0.0436495
0.449286 0.555118 -0.432565
-0.699196 0.439243 -0.334229
-0.588701 0.563253 -0.0593564
0.0956338 0.323629 -0.783362
-0.153429 -0.725719 0.436464
0.726897 -0.0707968 0.375942
0.939831 -0.104881 -0.0480517
-0.141373 0.823365 -0.0447242
-0.786844 -0.129355 -0.286842
0.225617 0.69725 0.242079
-0.641274 -0.417687 -0.360941
-0.24801 0.725356 0.190094
0.509743 0.0314701 -0.716459
0.321918 -0.462522 0.637155
-0.615572 -0.59393 0.0833752
0.453414 -0.131196 0.640987
0.261257 0.52078 -0.59658
-0.469667 -0.550423 -0.465537
-0.69812 0.371902 0.0531672
0.334721 -0.820496 0.122742
-0.508565 0.476894 -0.566342
-0.552208 -0.667778 0.0939908
0.293828 0.594358 0.335018
-0.838527 -0.0356302 0.113066
-0.323237 -0.117755 -0.811217
-0.659435 -0.274567 0.53277
0.754246 -0.538502 -0.264693
-0.386968 0.720806 0.0279614
0.0834769 0.531409 0.459467
-0.512416 -0.520409 -0.455728
0.0655918 0.219824 0.746109
0.305622 0.731606 0.0433399
0.838346 -0.439032 -0.169964
0.527883 0.570617 0.015353
-0.12739 0.701078 -0.506959
-0.806351 -0.264536 -0.0301811
-0.255733 -0.781991 0.243201
0.885582 -0.299674 -0.0809771
-0.632787 -0.505612 -0.222832
-0.165642 0.085185 0.788085
-0.27739 0.770493 -0.256524
-0.0206417 -0.00795383 -0.879064
0.188096 -0.862859 0.0267168
-0.727989 0.331898 -0.32999
-0.43941 0.691739 -0.00764951
0.0853067 -0.131454 0.852435
-0.139519 -0.480274 -0.721797
-0.0155695 0.653148 -0.566301
-0.0880591 0.380349 0.621029
0.700427 -0.27418 0.400593
-0.435205 -0.62984 0.434438
0.166201 -0.821032 -0.275195
0.220903 -0.858873 -0.0182435
-0.304771 0.595869 0.336329
-0.615977 -0.527097 -0.234853
0.334224 0.714292 0.0353299
-0.393875 0.708 -0.220533
0.709941 -0.591376 -0.271531
0.400405 0.190263 -0.719352
-0.745595 0.307257 -0.0295868
0.836602 -0.336947 0.147356
0.460084 0.5163 0.252207
-0.664074 -0.0616476 0.529303
-0.63129 -0.290416 -0.531987
0.144791 -0.291954 0.78778
0.108065 -0.367266 -0.772425
0.220279 0.786537 -0.254044
0.478877 -0.700335 -0.46391
0.148334 -0.838481 -0.136719
-0.584262 0.114755 0.544103
-0.0372159 0.252367 0.723586
0.304833 0.74181 -0.039847
-0.748357 -0.149887 -0.40492
-0.115477 -0.803807 -0.221087
0.0157168 0.215425 0.750622
-0.703962 -0.0528267 0.466293
0.658921 0.00514022 0.450182
-0.649096 0.257016 0.326167
0.596797 -0.555625 0.36803
-0.115168 0.812168 -0.271837
-0.407799 -0.376565 -0.640791
0.725594 -0.604952 -0.00669412
-0.526566 -0.214727 -0.658025
0.473651 -0.186569 -0.730051
0.374908 0.379235 0.505783
-0.320628 0.434626 0.503056
-0.70274 -0.309738 -0.324953
0.855668 -0.372493 -0.293991
0.813459 -0.318675 0.254533
-0.683869 -0.418034 -0.228084
0.471327 -0.527563 0.510069
0.778545 0.0131404 0.283228
0.109473 -0.40321 -0.761172
0.072874 -0.854475 0.169055
0.0357066 -0.753813 0.420521
-0.263733 -0.667727 0.545654
0.265752 0.666004 -0.426993
-0.644956 0.309868 0.284657
0.141359 -0.608133 0.611784
0.281809 -0.809143 0.20945
-0.805214 0.153936 -0.0332584
0.352675 -0.588585 -0.669275
0.441642 -0.596661 0.482786
-0.611971 -0.0324157 0.582327
-0.261586 0.496079 0.480672
0.18197 0.747599 -0.353033
-0.165364 0.724485 0.248003
-0.0112585 0.77877 0.151062
-0.767695 0.200756 -0.239441
-0.111086 -0.0086321 0.834304
0.211804 0.246435 0.702825
0.503438 0.406653 0.342671
0.318427 -0.545056 -0.702376
0.672806 0.0258937 -0.608976
-0.601162 -0.320109 0.583051
0.907965 -0.0826459 0.0729565
-0.313813 0.00861131 0.773826
0.0409687 -0.310668 0.801057
0.440993 0.472668 0.347266
-0.614656 0.245292 -0.60663
-0.00286042 0.738778 0.212336
-0.431147 -0.660547 -0.331844
-0.0361701 -0.0567772 0.862274
0.536324 0.342161 -0.530732
0.142341 -0.796017 -0.437436
-0.0421477 -0.803035 -0.277301
0.255023 0.191868 -0.772363
0.89367 -0.0400514 -0.210475
-0.855415 -0.168259 -0.0160983
-0.215243 0.301032 -0.842213
-0.710066 -0.176057 0.466947
0.146078 0.763042 -0.349932
-0.0843599 -0.100053 -0.854891
0.598512 0.444569 0.129097
0.361696 -0.270512 -0.750565
0.382191 0.369969 0.506504
-0.776961 0.11612 -0.255095
-0.101085 -0.538567 0.708389
0.600448 0.176981 -0.588225
0.283674 -0.299115 -0.770081
0.880891 0.0210835 0.115158
0.469423 -0.17681 -0.733306
-0.375982 0.684653 -0.396359
-0.211668 0.344107 0.629732
-0.110702 -0.630652 0.613558
-0.0459248 0.810305 -0.306379
0.554796 0.293417 -0.551546
0.025313 -0.278577 0.818824
-0.813866 -0.252746 -0.0478794
0.0911423 0.484903 0.507872
0.721478 -0.478919 0.249235
0.332387 -0.701307 -0.526014
0.159857 0.517293 0.460083
-0.548198 0.444452 -0.556553
-0.556205 0.349088 0.392303
0.298623 -0.724036 -0.504138
0.196088 -0.821934 -0.260495
-0.376502 -0.560992 -0.544477
0.765319 -0.135185 -0.523344
-0.126652 0.116622 0.779071
0.795687 -0.182428 -0.471802
-0.00586126 -0.570362 0.691082
0.344071 0.446719 -0.611756
-0.40244 -0.525409 0.59598
0.40097 0.652937 -0.302181
-0.235669 0.262948 -0.848057
0.535096 0.535304 -0.289363
0.775611 -0.0773317 0.318621
-0.0522494 0.423867 0.586352
-0.697077 -0.46766 -0.0712958
-0.438635 -0.609602 -0.418209
-0.190952 0.369075 -0.820073
-0.0604298 -0.43785 0.759595
-0.18537 0.150461 0.758819
-0.775822 -0.28091 0.249988
0.318259 -0.249663 -0.768953
0.26031 -0.246507 0.757152
0.634974 -0.132633 -0.679238
0.229216 0.570507 -0.568248
0.457969 0.0780539 -0.724713
-0.0351683 0.323072 0.671839
0.248014 0.404903 -0.689265
-0.252638 0.589317 -0.635824
-0.718443 0.204531 0.211743
-0.331464 0.50642 -0.678042
-0.600304 0.444512 0.23862
0.29892 0.739027 -0.260382
0.824078 0.137163 -0.151061
-0.210673 -0.817659 -0.0532126
-0.817923 -0.111214 0.232263
0.185314 0.595198 0.371717
0.149358 0.718371 -0.413587
0.526202 0.221158 -0.626778
-0.188018 -0.812802 -0.104687
0.153701 0.628814 -0.530025
-0.111254 0.580708 0.43248
0.642853 -0.579763 0.256711
-0.470915 -0.407221 -0.586661
0.0724186 -0.817227 -0.251381
0.54478 0.462227 0.201029
-0.662121 0.383767 -0.457355
-0.494702 -0.657331 -0.249223
-0.456791 0.19427 0.623016
-0.176393 0.0166193 0.810605
0.142406 -0.0509762 -0.858276
-0.0724924 0.258137 0.713594
0.780645 0.061687 0.256198
-0.236067 -0.0953998 0.823497
-0.00508239 -0.743872 -0.546866
-0.407767 0.294943 -0.768424
0.190213 0.462919 -0.672556
-0.716936 0.038843 0.392136
-0.456921 -0.692843 -0.232006
-0.640123 0.00314866 -0.612497
0.370189 -0.811416 -0.095133
-0.326521 -0.471619 -0.634239
0.743073 -0.58694 -0.0605188
0.646502 -0.485677 -0.493434
-0.485191 -0.516525 -0.495463
0.310975 -0.338764 -0.751924
-0.798003 -0.140356 -0.248875
0.721172 0.140034 0.291207
0.847685 0.118306 -0.0105159
0.55662 0.486147 0.141924
0.0502481 0.17335 0.766393
-0.46582 -0.384308 0.644068
-0.175648 0.264983 0.691397
-0.636125 0.286764 -0.563068
0.0582408 -0.804654 -0.334484
-0.807064 -0.157438 -0.216751
0.26814 -0.488337 0.641712
-0.790028 0.168909 -0.159977
0.200353 -0.231735 0.787868
-0.289513 -0.550172 0.643901
-0.74969 0.323745 -0.169587
-0.406479 -0.576972 -0.505979
-0.543891 -0.441531 0.553775
-0.597197 -0.161885 0.621317
0.466683 -0.716884 -0.442597
0.0204702 -0.852928 0.048092
0.130784 0.456699 0.530576
-0.687473 -0.294085 -0.392571
-0.216686 0.706055 0.254861
-0.094691 0.840887 -0.0663357
-0.125593 0.838258 -0.171815
0.734869 0.281703 -0.186316
0.463636 -0.663441 0.396485
0.0961388 -0.337035 0.777605
0.102301 -0.237269 0.820751
-0.301712 0.670803 -0.501717
-0.735007 0.0408193 0.352736
0.239043 0.0262094 -0.818583
-0.224625 0.783702 0.0707422
0.1414 0.499668 0.482488
-0.351489 -0.534776 -0.582832
-0.381466 0.570158 -0.578637
0.169435 -0.723502 -0.558576
0.505322 0.147213 0.547884
0.235625 -0.496353 -0.728466
0.69465 0.272567 -0.366458
-0.809706 -0.239536 0.112733
0.308354 -0.528385 0.599547
0.368374 -0.726551 0.361152
-0.0433917 -0.35869 0.795009
-0.0498586 -0.80818 -0.233987
0.170466 -0.699715 -0.593191
-0.576452 0.187588 -0.672298
0.160597 -0.160614 -0.830995
-0.0847148 0.407529 -0.81243
0.800075 0.0460391 0.235714
-0.725298 0.191542 0.205979
-0.0844161 -0.193576 0.864853
-0.302874 0.457537 -0.724417
0.622909 -0.249191 -0.639584
-0.71404 -0.389858 0.35457
-0.505539 0.578266 0.196782
-0.117957 0.628921 -0.622172
-0.525373 0.0342318 -0.712878
0.508368 -0.697403 0.290398
0.905157 -0.136492 -0.263054
0.847986 0.0282813 -0.295139
-0.617591 -0.558284 -0.170695
0.104548 0.467353 0.52414
0.385045 -0.0604491 -0.7803
0.428674 0.334285 -0.639041
0.886903 -0.327793 -0.166838
-0.526099 0.20021 0.555336
-0.119995 0.377238 0.618593
-0.0111931 -0.0411622 0.855451
-0.536424 -0.408063 0.58314
0.711306 -0.571205 -0.351152
0.260314 0.689142 -0.396055
-0.0870523 0.185555 0.753383
-0.472088 -0.747817 0.00173456
0.654916 -0.0687429 -0.675104
0.797223 0.149503 0.14041
-0.110929 0.445906 0.566496
0.327456 0.625987 0.242826
-0.729306 -0.374832 0.242003
0.589488 0.490776 -0.23946
-0.653234 0.187785 0.382342
0.660848 -0.549907 -0.433521
-0.442938 -0.626197 -0.385077
-0.204665 -0.797936 0.206504
0.670218 0.401847 -0.0453226
0.90601 -0.236351 -0.0479161
-0.726623 0.39634 -0.143392
0.541648 0.248948 -0.597715
0.308302 0.739826 -0.0174906
-0.369127 0.711229 -0.293343
0.613473 -0.680629 -0.376846
0.431034 0.614784 0.0936026
0.210685 -0.642365 -0.658428
0.569636 -0.102871 -0.714267
-0.522054 -0.708684 -0.0931251
-0.751201 0.028471 0.330677
0.625145 -0.685909 0.0734483
0.620639 0.464871 -0.0636145
0.126086 -0.701471 -0.597876
-0.643461 -0.264596 -0.53033
0.55351 -0.406697 0.513207
-0.406262 -0.691983 0.334563
0.786839 -0.00193094 -0.496176
0.790512 0.171892 -0.301307
-0.0292968 0.794904 -0.353556
-0.743955 0.339033 -0.233844
-0.80846 -0.226857 0.178466
-0.330243 0.460936 0.468059
-0.685826 0.400476 -0.400588
0.731691 0.270222 -0.271602
-0.304146 0.696949 0.195634
0.584431 0.352506 -0.457606
-0.57382 0.550508 0.135211
0.629347 -0.429905 0.446477
0.66824 0.149897 -0.535269
-0.557021 -0.049855 -0.680317
0.082008 0.762992 0.164069
-0.700769 0.424309 -0.0879539
-0.269571 0.397479 0.565788
0.938993 -0.148591 -0.150004
-0.0714874 -0.106262 0.879103
-0.745923 0.33732 -0.133169
0.0313289 0.481231 -0.732101
-0.682197 -0.452406 0.315359
-0.199335 -0.532082 0.687838
0.120125 -0.502527 -0.729883
-0.610324 0.425002 -0.487978
0.318079 0.32543 -0.714908
0.490329 0.391339 0.381125
-0.769168 -0.214751 0.357161
-0.649494 0.369486 -0.493865
0.776879 -0.390333 0.241227
0.239798 -0.318769 -0.775763
-0.76926 0.236821 -0.00667244
0.44754 0.3807 -0.594485
-0.020155 -0.464716 0.744182
-0.655398 -0.527859 0.0608373
-0.447614 -0.757421 -0.0999034
0.49999 0.202229 -0.656295
-0.539631 0.514424 0.229356
-0.0420067 -0.209001 0.864248
-0.415151 -0.644324 0.432855
0.49462 -0.135896 0.602049
0.678997 -0.0253474 0.428999
-0.815772 -0.20696 0.181587
0.282378 0.532147 0.402844
-0.258645 0.54213 0.431051
-0.850105 -0.0393805 -0.0213827
-0.435063 -0.0546858 -0.764297
-0.263532 -0.0498689 0.803952
-0.0734827 0.047939 -0.884786
-0.427026 -0.760878 0.0574795
-0.281383 0.322555 -0.819187
0.429275 0.662393 -0.127315
0.0877557 0.0428919 -0.866723
-0.588505 -0.550325 0.351186
0.286036 -0.327433 -0.762833
-0.303424 0.427423 -0.744343
-0.803722 0.154042 -0.108078
-0.282041 -0.545672 -0.615123
-0.301438 0.14673 -0.86122
-0.262031 -0.668445 -0.494017
-0.480666 0.656664 -0.0822744
-0.130746 -0.779137 -0.351189
0.142139 0.817655 -0.202827
0.647701 -0.679002 -0.151459
-0.144008 0.330371 -0.837625
-0.117613 -0.35118 0.790976
-0.526199 0.613962 -0.187245
-0.359987 0.661106 0.215787
0.202132 0.718967 -0.384009
-0.17057 0.0415795 -0.869692
0.619364 0.168879 0.417498
0.697463 -0.00593831 -0.605437
-0.0378685 0.126849 -0.879512
0.51884 0.495036 -0.399523
-0.78527 -0.0163004 0.275607
-0.707493 0.266827 -0.451898
-0.313618 -0.700538 0.453297
0.396649 -0.793099 -0.226193
-0.550859 -0.559534 0.410833
-0.0681027 0.0594722 -0.885448
-0.533233 -0.454463 -0.512952
-0.634285 0.491083 0.0625335
0.528133 -0.342347 0.545384
0.477545 -0.586658 0.464399
0.151764 -0.0896911 0.8394
0.0684616 0.799875 -0.314776
-0.39213 -0.417184 0.66394
-0.0604941 0.460901 0.554803
0.478092 -0.441578 0.553125
-0.319519 0.574211 -0.619874
0.272865 -0.540908 0.605076
0.685879 -0.559023 0.208954
-0.401621 0.525525 0.342591
-0.565569 -0.376262 0.584499
0.876537 -0.338548 -0.125215
0.460384 0.628863 0.0144585
0.299316 -0.826598 0.131161
0.615546 0.458517 -0.218712
0.423742 -0.796346 0.100706
-0.367222 -0.413482 0.678762
0.0121677 -0.649984 -0.648719
0.459996 0.608735 -0.296717
-0.705725 0.327315 0.0956266
0.326356 0.108839 0.729903
-0.162646 -0.799967 0.246984
-0.722964 0.0187791 -0.512548
-0.150724 0.751471 0.199006
-0.485873 0.286361 -0.725966
0.307874 -0.736918 0.386712
0.288549 0.519207 -0.585177
0.266234 -0.258169 0.751174
0.300732 -0.325428 0.713584
-0.772704 0.143292 0.1127
0.86749 -0.253752 0.146664
0.131557 0.770967 0.145228
0.457323 -0.679261 0.374514
0.503902 -0.470287 -0.622058
-0.0966198 0.63932 0.362941
-0.475101 0.435115 -0.645592
0.256554 0.695771 -0.388389
0.0930261 -0.805467 -0.35244
-0.365073 -0.793111 0.00540279
-0.815774 0.0671842 -0.112627
0.141147 0.514186 0.466971
0.579608 -0.591853 0.351933
-0.340965 -0.0402604 0.775845
0.326283 -0.751723 -0.447592
-0.717662 -0.430674 -0.0560814
0.259573 0.276388 0.66568
0.606662 0.373699 -0.404297
0.353003 0.520316 -0.548721
-0.647398 0.489505 -0.0597206
0.474983 -0.276592 0.597004
0.103148 0.511909 -0.676079
-0.619751 -0.0922761 0.587847
-0.44177 0.121546 0.683798
0.0104817 -0.411995 0.761681
0.699025 0.134657 -0.508929
0.213151 -0.406228 0.717292
0.38813 -0.40759 0.626806
-0.701298 -0.260924 -0.395945
0.711762 -0.297683 0.388149
0.66445 -0.572723 0.227716
-0.17292 0.672791 -0.542041
-0.778758 0.236109 -0.0700988
-0.348413 -0.702917 0.403367
0.19129 0.39024 -0.726365
0.882751 -0.099827 0.15113
0.898268 -0.170099 -0.293586
-0.120531 0.278251 0.691408
-0.0161851 0.706424 -0.501727
-0.34041 -0.0859186 0.78641
-0.174237 0.807323 -0.259099
0.431856 -0.791553 0.0347676
0.888164 0.0298687 -0.113875
0.328255 0.438786 0.475929
0.33071 0.272521 -0.725534
0.247399 0.325397 0.624583
-0.801935 -0.226462 -0.137922
-0.077657 -0.730066 0.446662
0.830436 0.133584 0.0941996
0.452714 -0.781336 -0.0545799
-0.458364 0.347803 0.486441
0.642863 -0.268435 0.459518
-0.0760859 0.541276 -0.710471
0.623603 0.277504 0.322369
0.066374 -0.562915 -0.710554
0.677003 0.151131 -0.52262
-0.660803 0.40684 0.140582
-0.646192 -0.384929 -0.392975
-0.346796 -0.481126 0.652247
-0.517553 -0.691854 0.135106
-0.341042 -0.142291 -0.791922
0.756283 0.0369433 -0.520829
-0.785235 -0.284919 0.128961
-0.471631 0.00642094 0.698441
0.385104 -0.808148 -0.00516961
0.824724 -0.0614705 -0.443951
0.226024 0.347702 0.612891
0.467761 0.578463 -0.37577
-0.187355 0.424616 -0.787361
-0.399114 0.125361 0.705692
-0.746434 -0.325843 -0.166837
-0.380212 -0.0045313 -0.810267
0.84525 -0.397363 -0.0867369
0.703633 -0.626621 -0.133446
0.18852 0.764451 -0.324784
-0.448721 0.657799 -0.338332
0.252878 0.599937 -0.526556
-0.510013 -0.176256 -0.685344
-0.71534 0.232159 -0.455178
-0.23111 0.576649 0.412673
-0.360193 0.351579 0.551149
0.22942 0.785514 -0.168702
-0.146692 0.482532 -0.757883
0.19195 0.75804 0.127756
-0.42338 0.256875 -0.780446
-0.521185 -0.715607 -0.0710945
0.0128173 0.793328 -0.358502
-0.0605156 0.765919 -0.414927
0.607746 0.200804 0.41364
0.0143103 -0.219453 0.847825
-0.360783 -0.567285 0.595104
-0.499095 0.433613 0.361637
0.433274 0.638283 -0.24826
-0.501491 -0.685127 -0.177558
0.0751383 -0.722482 0.496544
-0.404188 0.615454 0.240441
0.35763 -0.0461824 0.727953
0.0581931 -0.810308 -0.29269
-0.106071 0.737978 0.227284
0.0709578 0.011872 0.830244
-0.0636182 0.0970154 -0.884507
-0.170544 0.819333 -0.0969091
-0.702316 0.251664 -0.472849
-0.140884 0.485333 -0.757438
-0.0661517 0.290411 -0.841407
-0.350157 0.755826 -0.0759925
-0.647514 -0.485293 -0.215135
-0.0356655 -0.262109 -0.808482
0.239982 0.11605 0.764618
-0.455399 0.358421 0.478437
-0.837471 -0.164711 0.111781
-0.853643 -0.0481073 0.0693723
0.547241 -0.738461 -0.0829943
0.729597 -0.357963 -0.472579
-0.220115 0.67396 -0.526983
-0.628993 -0.533003 -0.182831
0.581737 -0.72042 -0.334727
0.567281 -0.525517 0.435888
0.928089 -0.183408 -0.165238
-0.0278885 -0.800823 -0.303459
-0.731057 -0.103597 -0.473766
0.517882 0.455752 0.254592
0.342868 0.676535 0.107126
0.268706 -0.79786 -0.374259
0.941946 -0.0945363 -0.0804471
0.473996 0.515098 0.231295
0.416167 -0.0584679 0.677634
0.784594 0.20111 -0.183102
-0.0227075 -0.841696 -0.00513265
0.304598 0.505116 -0.588308
-0.420057 0.587912 0.259636
-0.505523 -0.118052 -0.705517
-0.607448 -0.58361 -0.154521
0.162015 0.792056 -0.281862
0.0994903 0.0841907 -0.85123
0.437517 -0.292529 0.620988
0.421688 0.667672 -0.129094
-0.248783 0.774133 -0.310066
-0.665455 -0.353574 -0.378086
0.484588 0.348088 0.430624
0.263543 0.707324 0.172801
-0.230941 -0.75698 -0.33558
0.608818 -0.702902 -0.210144
-0.0463517 0.848445 -0.186767
0.579566 0.337826 0.31821
-0.539366 -0.683546 -0.119971
-0.46355 0.224479 -0.770343
0.032185 0.540049 0.459473
0.0924708 -0.750302 -0.541917
0.532324 0.397837 0.312631
-0.617406 0.340227 0.306273
0.515266 -0.752585 -0.250574
0.506091 0.55552 0.0924692
-0.137131 0.197408 -0.879138
0.105785 0.592741 -0.589736
-0.00964882 0.355017 -0.806464
-0.410035 0.705063 0.0335599
0.241562 -0.754194 0.403578
0.279927 0.756031 -0.211866
-0.276145 -0.560743 0.644985
0.7494 -0.377775 0.325706
0.131723 -0.826779 -0.216322
-0.743744 -0.0779813 -0.434351
-0.753157 0.185932 -0.315376
0.766466 -0.53781 -0.00558652
0.752391 -0.572719 -0.071156
-0.189008 -0.388065 -0.746044
0.904537 -0.170225 -0.268738
0.696897 -0.64839 -0.0414023
-0.404343 -0.333503 0.696798
-0.697681 0.234611 -0.494058
0.253739 0.0985282 -0.79564
-0.00399479 0.0798787 0.806507
-0.653562 -0.362723 0.504665
-0.458896 0.570313 0.249699
-0.740637 -0.337054 -0.168656
0.51368 -0.217308 -0.711025
-0.044361 0.853726 -0.151536
0.064104 -0.297106 -0.795583
0.330182 -0.270265 -0.76114
0.41928 -0.403078 -0.701104
-0.0487048 -0.837667 -0.0169895
-0.66229 0.0822748 0.462455
0.838985 -0.0405571 -0.4167
-0.47224 -0.5931 0.460647
-0.695368 0.38355 0.0446983
0.634633 0.101578 0.434792
0.145979 0.481012 0.501621
-0.361642 -0.795946 -0.030762
-0.363436 0.743799 -0.027576
0.740785 -0.572004 -0.179289
0.142957 -0.752366 0.4532
-0.106977 0.551546 -0.70572
-0.416424 -0.777185 -0.0545575
-0.24008 0.186147 0.732518
0.0243945 -0.837557 -0.068145
-0.346714 0.678115 0.194609
-0.170159 0.283555 -0.853542
0.382855 0.688279 -0.185689
0.762863 -0.0683103 -0.534155
-0.0366066 0.515831 -0.722987
-0.60062 -0.366373 0.566831
-0.152127 -0.707241 0.48118
0.610996 0.020288 0.495079
-0.560946 -0.498151 -0.422305
0.661885 -0.49951 -0.46606
0.120443 -0.802153 -0.39482
-0.576168 -0.255537 0.621248
0.498046 0.30931 0.445739
-0.106778 -0.663328 0.568642
-0.733526 0.307594 0.0184812
0.0482429 -0.790147 0.329523
-0.671372 -0.312577 -0.416113
0.0942965 0.28645 -0.794492
0.756389 -0.525309 -0.317718
0.471591 -0.730069 0.271851
-0.208386 0.037309 -0.863428
0.614175 0.473149 -0.0625927
0.753171 0.0727408 0.29492
-0.803976 -0.0590857 0.256263
-0.736408 -0.355716 0.293758
-0.401783 -0.179989 0.758102
-0.00716644 -0.530733 0.711756
-0.596533 -0.124571 0.618154
-0.164426 0.354381 -0.827295
-0.0968719 0.84179 -0.0810608
0.32988 0.573671 -0.520346
0.661563 -0.211595 -0.615545
0.925377 -0.140358 -0.00476131
0.237493 -0.274696 0.764447
0.100623 0.838279 -0.112839
-0.42535 -0.633715 -0.390351
0.195851 0.49048 -0.649364
0.226559 0.756617 -0.31557
-0.0777786 0.704259 0.274866
-0.736661 -0.385636 0.0328191
0.0943785 0.551697 0.435643
-0.399621 0.48681 -0.658726
0.394705 0.558702 -0.478126
-0.782137 -0.0569445 -0.309517
0.787365 -0.456459 0.0887895
0.0712386 0.73889 0.202065
0.105549 -0.810793 -0.321727
0.0873156 0.667405 -0.508914
-0.609224 -0.54116 0.319431
-0.80701 0.0239516 -0.179658
-0.262502 0.415551 -0.771301
-0.571161 0.379238 -0.58618
-0.765477 0.0513834 0.254475
-0.11584 0.407465 -0.81046
0.352353 -0.240746 0.693031
-0.443088 0.284796 -0.754889
0.215287 -0.849849 -0.0829686
-0.685335 0.0967032 -0.579777
-0.0400326 -0.691352 0.532926
0.300237 0.0462792 0.766388
-0.848115 -0.095751 -0.0574027
-0.497362 -0.104965 -0.713799
0.0680299 -0.385192 -0.767992
0.675143 0.156452 0.357963
0.265189 -0.389521 0.708265
-0.211926 -0.797567 0.198472
-0.315962 -0.691984 0.473195
0.141967 0.0513281 -0.847219
0.409138 -0.790477 0.188518
-0.39156 -0.782874 0.0306733
-0.389208 -0.597335 0.555591
-0.311276 -0.784414 0.145105
-0.476684 -0.586796 0.46821
-0.769964 0.0521647 0.238772
-0.695921 -0.410779 0.424532
0.943754 -0.131507 -0.130108
-0.606102 -0.614686 -0.0998555
-0.623238 0.0594731 -0.630609
-0.0946871 -0.837093 0.0104429
0.565863 0.408212 0.250087
-0.133769 -0.600324 0.651144
0.684824 0.340506 -0.278594
-0.596265 -0.15988 0.62193
0.187706 -0.801991 -0.383034
-0.497067 -0.320375 0.660741
-0.023165 0.855117 -0.122137
0.0845365 0.76584 0.159408
0.904752 -0.0180599 -0.123159
-0.365651 -0.435231 0.667671
0.0837303 0.603112 -0.58681
0.266976 0.361329 0.580397
-0.136864 0.15164 0.763056
-0.616979 0.528496 -0.304536
-0.716949 0.412543 -0.188931
-0.62219 0.52387 -0.284837
-0.821534 -0.182358 -0.138899
-0.0041223 0.222149 0.745799
0.263016 -0.671415 -0.604233
-0.469036 -0.685982 -0.227627
-0.492393 -0.299685 0.671827
-0.52091 0.385786 0.390526
0.137468 -0.830693 -0.189782
-0.64668 0.474615 0.0636758
0.688549 -0.625681 0.0715689
0.132851 -0.625073 -0.672174
0.610436 0.13862 -0.60054
-0.575235 0.137625 0.540685
0.916519 -0.105389 -0.211383
0.726265 0.326389 0.0750841
-0.661756 0.161448 -0.589935
0.326805 0.728713 -0.161373
0.396943 0.544868 -0.489369
-0.722042 -0.200781 0.445166
-0.394264 -0.768304 0.101149
-0.740297 -0.350769 0.274692
0.861387 -0.166805 0.204755
-0.334314 -0.7004 -0.358662
0.842604 -0.377573 -0.0112404
0.617643 -0.111247 -0.697161
-0.472607 -0.720387 0.133346
0.532211 -0.614023 0.387885
-0.700265 -0.449372 -0.117721
0.362459 0.248539 0.610861
-0.365007 -0.782807 0.0752607
0.0233073 -0.535062 0.703424
0.73165 -0.407423 0.329149
0.00352097 -0.0918913 0.873434
0.205561 -0.795558 -0.414073
0.727043 -0.56023 -0.322753
0.480554 0.247597 0.505403
-0.161813 -0.824271 -0.0380255
0.453779 -0.781401 -0.0367944
0.706981 -0.276352 0.393671
0.238942 -0.0138084 -0.828402
-0.0732952 -0.843336 0.0466395
-0.410806 0.0918471 -0.814814
-0.341367 0.730719 -0.272113
0.535876 0.555606 0.030883
-0.258175 -0.744666 0.362452
0.103403 0.797306 0.084511
0.611783 -0.128308 -0.695823
-0.184462 -0.708547 -0.482796
-0.0772265 0.300503 0.682471
0.864478 -0.32004 0.00794159
0.0241919 -0.599611 0.659896
-0.215966 -0.756669 -0.348818
-0.176659 -0.813294 -0.108875
-0.569554 0.578609 0.0421504
0.174923 0.402147 0.580675
-0.775906 -0.300289 -0.112169
0.245317 0.516256 0.435075
-0.345546 -0.494479 -0.612235
0.0830395 0.784314 0.127041
-0.755771 0.206019 -0.289863
0.552034 0.387105 -0.465955
0.142881 0.423422 0.563955
0.0659824 0.676746 -0.505852
-0.0083498 -0.524551 0.714795
0.103934 -0.401178 0.747009
0.449643 -0.769443 -0.303467
-0.162985 -0.812345 -0.125308
-0.600162 0.00160738 0.587671
0.790675 0.0613064 0.238783
-0.54364 0.603675 -0.127631
0.522084 0.0937786 -0.693762
-0.605047 0.543526 -0.214238
0.465641 -0.579731 -0.593138
0.74011 0.123177 0.2728
0.582556 -0.144628 -0.702302
0.375522 -0.766304 0.280884
-0.287699 0.755695 -0.305497
-0.348747 -0.554364 -0.569093
-0.38441 -0.745299 0.228616
-0.115555 -0.774121 0.326866
-0.117366 0.0835594 0.794157
0.677939 -0.411865 -0.499024
-0.228192 0.104842 0.766756
-0.428029 -0.734336 -0.187482
-0.116436 0.84027 -0.136152
-0.625279 0.268693 -0.583775
-0.169963 0.559647 -0.69245
-0.289345 0.155273 0.731477
0.184533 -0.392999 -0.762185
-0.68967 0.444792 -0.162085
0.867558 0.0820343 -0.0199766
0.0467205 -0.850297 0.0105791
0.771519 0.20762 -0.272892
-0.417821 0.355765 -0.73009
0.454022 0.649364 -0.0800942
-0.684287 -0.110208 0.507005
0.209519 0.187736 0.738926
0.145234 -0.64775 -0.65274
-0.135428 0.381952 -0.818792
0.103791 -0.279968 0.801773
-0.0306762 -0.609326 -0.675838
0.757549 0.0636926 -0.488094
-0.544016 -0.0672242 -0.690345
-0.26212 0.593228 0.370984
-0.386547 -0.246489 0.742586
-0.688414 -0.401255 0.439456
0.68368 -0.621503 0.0985685
-0.677808 -0.172984 -0.540203
0.132733 -0.853114 -0.0203089
-0.563594 0.187086 0.524212
0.106963 0.392626 0.603802
0.894574 -0.00691986 -0.149092
-0.004897 0.258758 0.724545
0.626607 -0.0365398 0.479755
0.396489 0.523971 0.342874
0.383304 -0.805194 0.149073
-0.438868 0.668787 0.126497
-0.569309 -0.654223 0.0726407
0.0772565 -0.32648 -0.78604
0.89888 -0.0951164 0.102669
-0.21995 -0.716671 0.440073
0.465228 -0.780075 0.186229
0.713869 -0.576863 -0.32022
0.632637 -0.336362 -0.584907
-0.271429 -0.494886 0.683439
0.204127 0.539021 0.428372
-0.373355 0.362769 0.533477
0.147424 -0.745097 -0.533362
0.568311 -0.725863 -0.0850966
0.515994 0.483589 0.213798
0.162436 -0.67793 0.542747
-0.398846 0.650801 -0.431483
-0.787193 0.206414 -0.136187
-0.316347 -0.313657 -0.721412
0.84329 -0.398512 -0.0777531
0.05344 -0.553115 0.68091
-0.0451283 0.226457 -0.853445
-0.268833 -0.134302 -0.827787
-0.439825 -0.391474 -0.614972
0.12159 0.723385 -0.421346
-0.0352392 -0.515204 -0.728054
-0.319426 0.520611 -0.673522
0.127613 -0.55844 -0.7119
0.352954 -0.8158 0.1269
0.412494 -0.783173 -0.270996
0.81268 -0.436824 0.00205231
-0.266647 0.744356 -0.374599
0.346704 0.338363 0.558598
-0.445748 0.421552 -0.676658
0.465849 0.138816 -0.707128
0.773824 0.168047 -0.339304
-0.840261 -0.154583 0.103328
-0.42803 -0.272653 -0.681963
-0.413369 -0.722263 0.245976
0.584271 0.269966 -0.534519
-0.724822 0.401345 -0.174853
-0.443595 -0.419241 -0.597718
0.19282 -0.334352 -0.780239
-0.62467 -0.586171 0.000636777
-0.144943 -0.611048 -0.646367
0.565481 0.471675 0.148452
0.444323 -0.568486 -0.614966
-0.0976333 -0.724805 -0.519164
0.200701 -0.112967 0.816651
-0.560066 -0.407737 0.566914
0.465592 -0.669161 -0.519659
0.450838 -0.254928 0.61882
-0.73182 -0.365963 -0.154297
-0.386853 0.721806 0.0213104
-0.614711 -0.473892 -0.339648
-0.666293 0.309869 -0.503184
0.318095 0.666056 -0.392131
-0.57706 0.341239 -0.60326
-0.260631 -0.479188 0.697576
0.282895 0.296508 -0.733994
0.45164 -0.224636 0.624271
-0.785522 0.125821 0.0931618
-0.447801 0.588387 -0.478275
-0.789619 0.0212494 0.213485
0.111515 -0.795 -0.442481
-0.552934 -0.586472 0.339342
0.667647 -0.0949442 0.439239
-0.607509 0.415473 0.255138
-0.115298 -0.629393 0.614812
-0.565445 -0.476537 0.510325
-0.692769 -0.148467 0.498189
0.741083 0.124338 0.270039
0.161184 0.661552 0.301889
0.0899873 -0.619865 0.623995
0.0820359 -0.224032 -0.817858
-0.692152 0.307433 0.165634
0.444143 -0.78459 -0.053828
-0.397564 0.577768 0.287757
-0.136566 0.784273 0.125019
-0.288786 0.577982 -0.633445
0.42644 -0.714515 -0.463897
-0.218171 0.769781 0.128394
-0.61003 -0.465025 -0.371136
-0.254031 -0.646955 -0.543965
0.334115 0.637553 -0.423921
0.787211 -0.220956 -0.471758
0.876296 -0.111951 -0.351173
0.475284 0.52592 -0.427337
-0.443179 0.656141 0.151766
0.0575998 0.842249 -0.137759
0.255649 -0.835233 -0.156496
0.142435 0.0020502 -0.859097
0.738714 -0.115429 -0.561089
-0.192011 0.44843 -0.769785
0.844694 -0.0237658 -0.385857
-0.660939 0.33312 0.229421
-0.542387 -0.396209 0.586955
0.874463 -0.0940025 -0.350224
0.337355 -0.788828 0.239049
-0.432382 0.118518 0.691168
-0.633265 0.510535 -0.342166
-0.640358 -0.565317 -0.069504
-0.58646 -0.619664 0.155868
0.0962361 -0.126802 -0.847776
0.441072 -0.772951 -0.293388
-0.804002 -0.259776 0.0478619
-0.0262699 -0.70749 -0.598341
-0.106975 0.84415 -0.145728
-0.739406 0.164433 -0.392295
0.158217 -0.609589 0.604257
-0.808196 -0.171928 0.283341
0.914267 -0.106005 0.0441986
-0.575339 -0.649945 0.0603608
-0.317605 -0.42534 -0.663971
0.770014 0.238051 0.0992272
-0.316169 0.00627287 -0.842803
0.319001 0.727132 0.0239388
0.75448 -0.502319 0.113762
0.615249 0.465155 0.0363456
0.708355 -0.141365 0.395455
0.888003 -0.284162 -0.0551848
0.0018436 -0.554236 0.699257
-0.387595 0.728462 -0.0299941
0.24186 -0.334903 -0.77145
0.0759336 -0.738275 0.468778
-0.25006 -0.722764 0.417246
0.730171 -0.252807 0.369923
0.453978 -0.627034 0.452369
-0.051841 0.51819 -0.726045
-0.666631 -0.475012 0.343514
0.251083 -0.842426 0.101539
-0.609073 0.246539 -0.61253
-0.423695 -0.116815 0.742731
-0.359009 -0.689294 -0.35531
0.230181 -0.633196 0.55885
-0.385503 -0.729611 -0.249555
-0.724383 -0.26233 -0.324087
-0.604907 -0.395896 0.539417
-0.464003 -0.745622 0.0360543
0.581278 0.511442 -0.177228
0.743171 -0.549534 -0.277364
0.472759 -0.777753 0.0971055
0.199703 -0.0508414 0.819681
0.577687 -0.400476 0.497153
0.415456 -0.610749 0.491311
-0.431821 0.372227 0.485328
-0.741595 0.346931 -0.224451
0.170264 0.447462 0.532976
-0.58324 -0.401161 -0.513699
-0.700694 0.161828 0.309264
0.520148 0.587994 -0.00691007
-0.0470039 -0.801754 -0.283412
0.533925 0.433292 -0.443043
0.12846 0.585816 0.392583
0.573713 -0.720949 0.0761167
0.559628 -0.381405 -0.627132
-0.0511355 0.648169 -0.586201
-0.542743 -0.383203 -0.552782
0.135353 -0.10405 0.841634
-0.69645 -0.252251 -0.42247
0.812242 -0.129114 0.281388
0.347955 -0.607364 -0.663243
0.594077 0.44523 0.136544
0.0463572 -0.311616 0.799501
-0.84695 -0.100258 -0.064693
-0.271713 0.511333 0.455988
-0.306293 0.307569 -0.814685
-0.0612567 -0.665697 0.568823
0.734925 -0.260569 0.364754
0.472005 0.171504 -0.691823
-0.0314798 0.45013 -0.784287
0.530736 -0.568538 0.432887
0.547746 0.554758 -0.154229
0.696299 0.34197 0.108178
0.217785 0.322364 -0.746422
0.511543 0.406622 -0.500762
0.799951 -0.240258 -0.45028
-0.0514652 0.815312 -0.290983
-0.335091 0.567799 0.345383
-0.678538 0.25386 0.26802
-0.702596 -0.384966 0.430255
0.376953 0.0612989 -0.759205
-0.266057 0.763923 -0.320581
0.5061 0.481324 0.233316
-0.235857 0.797435 -0.0913162
-0.753567 0.304848 -0.0576635
-0.692081 -0.413457 -0.209181
0.152535 -0.0548145 -0.85447
-0.754824 0.310305 -0.106644
-0.377747 0.708841 -0.276178
-0.0188896 0.53132 0.476561
-0.169752 -0.648146 -0.613493
-0.78352 0.193678 0.008311
0.247255 0.629977 0.319382
0.821234 0.143855 -0.140293
0.290498 -0.413693 -0.741665
0.817458 0.0496243 -0.370829
-0.343613 -0.435084 -0.645769
-0.043171 0.701554 0.274248
-0.326758 -0.183157 0.794627
-0.0905477 -0.840621 0.07525
-0.449503 0.582343 0.243505
-0.690447 -0.479561 -0.076572
0.00378391 -0.50417 0.72146
0.0235955 0.468593 -0.745108
0.281675 -0.0960562 0.770975
-0.121868 -0.284728 -0.800094
-0.750856 -0.0667525 -0.411946
-0.732354 0.306644 0.0247997
0.0574966 0.73865 0.204303
-0.217114 -0.0891136 0.828413
-0.334771 -0.250366 -0.743144
-0.798629 -0.149168 -0.245942
-0.511113 0.273785 0.511605
0.845081 0.100168 -0.15268
-0.629174 0.0125032 0.551723
0.116167 -0.396106 0.746739
0.0505256 0.776511 -0.381902
-0.199339 -0.796241 0.226125
-0.168256 -0.0557654 -0.8561
-0.522249 0.186168 0.567737
-0.0998694 -0.725445 -0.51586
-0.755312 -0.351334 0.0322189
0.0200713 0.124828 0.787313
0.516619 -0.00758303 0.584034
-0.646173 0.0248652 -0.608712
0.507283 -0.0509874 0.591914
-0.476238 -0.581444 -0.41214
-0.165456 -0.62298 -0.629613
-0.770917 -0.0095409 -0.351262
0.0391182 0.816475 -0.28392
-0.0617554 0.11712 -0.883144
0.747382 0.224765 -0.319748
-0.172801 -0.677228 -0.562588
0.171424 -0.84259 -0.116777
0.489504 0.56197 -0.353374
0.369754 -0.814573 0.018883
-0.0316084 -0.828545 -0.0961339
-0.848386 0.00347557 0.0340515
-0.669664 -0.489757 0.184952
-0.0345046 -0.848626 0.10127
0.476241 0.633429 -0.0269401
0.490799 -0.266445 0.587561
-0.276681 0.422438 0.540049
0.469739 0.621675 -0.176917
-0.678741 -0.180769 0.522055
-0.354528 0.620583 -0.527626
0.907518 -0.266754 -0.141299
-0.353478 0.744459 -0.0062399
-0.335597 -0.767393 0.228408
0.626941 -0.0194916 0.479801
0.523847 0.0962353 0.553681
-0.679611 0.0429527 0.465751
-0.107522 0.363025 -0.827692
0.884168 -0.128509 0.145722
0.469754 0.142396 0.586445
-0.438556 0.473737 0.371518
-0.764944 0.210647 -0.245167
-0.532853 -0.684598 0.11007
0.556747 0.403394 -0.442837
-0.106516 0.226942 0.729692
0.105129 0.836257 -0.109926
-0.421274 0.705777 -0.0239794
-0.757182 -0.30933 0.301312
-0.718909 -0.420486 0.0139782
0.295244 -0.84155 -0.0246237
-0.734397 -0.391643 0.0170735
-0.529189 0.564892 0.18531
-0.694998 0.444008 -0.231053
0.497488 -0.743664 -0.384899
0.75623 -0.548151 -0.204098
-0.0771129 -0.73265 0.440607
0.3491 0.670796 -0.361973
0.600317 0.247617 0.390328
-0.712161 -0.4351 -0.00776308
0.363745 0.687832 -0.26878
0.0519478 -0.718952 -0.586088
-0.0630263 0.446112 0.567285
0.720156 -0.0637939 0.383408
-0.052279 -0.751553 0.401988
0.228564 -0.66003 0.535938
-0.570414 0.40622 -0.564861
-0.548241 -0.450322 0.543691
-0.576711 0.550136 0.127756
0.284048 0.481096 -0.615727
0.861257 -0.361557 -0.284558
0.766948 0.236288 0.106877
-0.547097 -0.551563 0.437053
0.592372 0.411085 0.195394
-0.253942 -0.544095 0.6655
0.870714 0.0496762 -0.157115
-0.850247 -0.170819 -0.0676565
0.295546 -0.771137 -0.428617
-0.754761 -0.138473 0.389147
0.0115869 -0.823607 0.232679
0.540451 -0.342055 0.536514
0.666133 -0.49125 -0.466594
0.0559509 -0.50219 0.711437
0.263042 0.559601 0.383561
-0.568934 -0.516395 0.477251
0.353091 -0.607336 0.528427
-0.705508 -0.413065 0.290322
0.249752 -0.655843 -0.634229
-0.70617 0.14893 -0.537655
0.77818 0.211949 -0.185479
-0.239524 -0.755334 -0.332073
0.753885 -0.53529 -0.283026
0.0758313 -0.82945 0.234872
-0.463766 0.66991 0.0356727
-0.46184 0.399531 -0.682367
-0.738166 -0.365773 0.179574
-0.496965 0.644123 -0.0837174
-0.00242192 -0.511431 0.71948
-0.483614 -0.731037 -0.105746
-0.405872 0.238572 0.621529
0.618546 -0.264269 -0.636442
0.133797 -0.207465 0.817009
0.328204 0.0448334 -0.781495
0.282025 -0.279779 -0.775042
0.218241 0.664381 -0.455213
-0.761174 -0.0847611 -0.376073
-0.703739 -0.382685 -0.2174
0.495994 0.223525 0.507871
0.592415 0.399875 0.213555
-0.623982 0.372074 -0.529787
0.471339 -0.771634 -0.156415
-0.774004 -0.181255 0.349667
0.632223 -0.615035 0.223181
0.559373 0.443943 0.205323
-0.822526 0.0983647 -0.0491786
-0.0785346 0.272207 0.702725
0.747842 -0.381199 -0.441652
-0.165151 0.812514 -0.0161063
-0.392602 -0.615434 0.536351
-0.484316 0.181963 0.607277
0.668217 0.340791 -0.317465
0.0668968 0.335057 -0.788843
-0.580428 -0.582535 0.280046
-0.163441 0.805993 -0.267188
0.512413 0.0709115 -0.705964
0.741874 0.207967 0.18399
0.456815 -0.778279 -0.112092
-0.0579419 0.807711 -0.307968
-0.755822 -0.349053 0.0437245
-0.22304 0.797607 -0.250739
0.188723 0.609535 0.355698
-0.292596 0.685107 -0.48262
-0.637615 0.47274 0.127652
0.334785 -0.686328 0.462018
-0.762652 -0.319908 -0.125014
-0.578041 -0.127665 -0.657273
-0.831314 0.0716137 -0.0248644
-0.36813 0.742608 -0.0820431
-0.823267 0.00724916 0.115554
0.469507 0.583732 -0.360501
0.391532 0.0626266 0.700537
-0.295588 0.245843 -0.84063
-0.388724 -0.0701969 -0.788286
0.486356 0.457964 0.301196
0.292291 -0.0561862 0.771431
-0.0577209 0.28015 0.700632
-0.436576 -0.703107 -0.242111
0.5763 0.520536 -0.0964313
0.543868 0.452049 0.218526
-0.789362 -0.148054 -0.27668
-0.52647 0.62405 0.0560983
-0.161918 -0.798892 -0.225408
-0.756089 -0.0739071 -0.393947
0.540956 -0.718669 0.192195
-0.731379 0.223995 0.14436
0.239145 -0.344385 -0.769777
-0.0956772 -0.832068 -0.0259854
-0.0766461 -0.711482 0.491553
0.861343 -0.0127332 0.16273
-0.599241 0.309199 0.366169
-0.096584 -0.687469 -0.599814
-0.503667 0.490467 0.294824
-0.0654306 -0.417487 0.769397
-0.208992 -0.540673 0.679849
-0.148769 -0.580356 0.668994
-0.364078 0.705016 0.125338
-0.0526216 -0.347276 0.800977
0.0535065 -0.856096 0.0487349
-0.0850687 0.834586 -0.029253
-0.0550343 -0.666218 0.568559
0.178457 0.585295 0.383637
-0.409964 0.515377 0.347498
-0.692189 -0.357942 -0.289028
-0.318018 -0.661559 0.545679
-0.47028 -0.165688 0.715549
-0.367144 0.467435 -0.687182
0.272362 0.716137 0.13803
0.673372 -0.173186 0.431369
0.913055 -0.254912 -0.146872
-0.200164 -0.0606164 0.82761
0.323388 -0.819341 0.142432
0.622252 0.461287 -0.124704
-0.545094 0.20478 0.534017
-0.818132 0.112182 -0.0515776
0.242943 0.768397 0.0158752
-0.703891 -0.414276 0.30551
0.82061 0.146552 -0.130242
-0.174513 0.0590749 -0.871607
-0.186247 -0.821416 -0.0422848
0.231431 0.617068 0.339329
0.0520923 -0.747935 0.439094
0.110424 -0.785737 -0.484608
0.596096 0.286804 -0.503418
0.118603 0.796571 0.0826353
-0.780971 -0.313447 -0.0485204
0.0871502 -0.295678 0.798161
-0.634409 -0.556353 0.147981
0.51661 -0.0454204 -0.732382
-0.0605239 0.804917 0.0721114
-0.0105531 0.248063 0.731097
-0.391286 -0.012631 0.75051
-0.230935 -0.475431 -0.679336
0.766984 -0.249904 -0.485991
-0.760778 0.23903 -0.244713
0.656574 -0.542465 0.28762
0.587455 -0.593075 0.338218
0.14132 -0.393424 -0.763303
-0.158471 0.43465 0.569834
-0.486246 -0.319259 0.666098
0.142632 -0.773224 -0.492834
0.638459 -0.255348 -0.620194
-0.849255 -0.0116992 0.0488955
0.759347 0.205467 -0.322975
-0.472302 -0.609919 -0.375601
0.205547 0.646574 -0.488203
-0.448146 0.51789 0.315788
0.084543 -0.821941 -0.224917
-0.328766 0.357232 -0.77593
0.046697 -0.821532 -0.201871
-0.736358 0.224747 0.127084
0.474275 -0.772084 -0.0970447
-0.26951 -0.532177 0.664023
-0.232164 -0.792904 0.201446
-0.457864 0.657151 -0.307896
0.0549477 -0.787044 -0.447017
-0.190989 0.633332 0.373468
0.668124 -0.15249 0.437364
0.61813 -0.693445 0.0571978
-0.656704 0.437299 0.110244
-0.285291 -0.796919 0.0957668
-0.39621 -0.614067 0.533749
-0.563633 -0.569926 -0.287477
-0.318578 -0.449184 0.68422
0.931354 -0.0414938 -0.002937
-0.604031 -0.617702 0.0380449
0.887801 -0.0750593 -0.292608
0.367517 0.545329 0.346703
-0.128065 -0.688768 0.52965
0.0845447 0.228743 0.740346
-0.190835 0.102853 0.775945
-0.447172 0.300495 0.53736
-0.723416 -0.412714 0.00992322
-0.171191 -0.67917 -0.559593
0.815307 -0.213187 0.278064
-0.842129 -0.0488987 -0.0609624
0.303105 0.724677 0.0666159
0.087569 -0.792467 -0.444699
0.0338867 0.752385 -0.426324
-0.0363446 0.772726 -0.407944
0.087118 0.824924 -0.22057
0.391677 0.0114607 0.702198
0.280876 -0.624643 -0.670857
0.0896043 -0.783974 -0.482912
-0.419344 -0.144272 -0.748861
-0.743763 -0.113472 -0.4308
-0.620105 -0.496564 -0.279764
-0.0345966 0.506355 -0.732275
-0.619679 0.00584407 -0.630197
0.0241221 0.625102 -0.584973
-0.395271 0.495333 -0.655136
0.0679881 0.454399 -0.735254
-0.706666 0.228863 -0.480307
0.865312 0.0407945 0.125056
-0.083079 0.150197 -0.882074
-0.664147 -0.128002 -0.576873
0.0445179 0.74843 -0.426578
-0.590054 -0.560645 0.317024
0.591044 -0.31963 0.504307
0.647073 0.431532 -0.0390875
0.909434 -0.0225762 -0.110178
0.360185 0.0380801 0.731057
0.142178 -0.826577 0.242065
-0.372983 0.717848 -0.235812
-0.0277787 0.501627 -0.734789
0.253488 0.253945 0.681577
-0.580047 0.368087 0.343934
0.273421 0.534608 0.40427
-0.512237 0.628789 -0.139267
0.786279 -0.518523 -0.0748376
0.331221 -0.088502 -0.793234
0.112959 -0.792076 -0.46507
-0.636748 -0.503063 -0.215237
-0.162871 -0.584767 -0.652147
-0.509344 0.278921 -0.710403
-0.657383 0.269986 0.296663
-0.302051 -0.212983 0.790816
-0.644676 0.492945 -0.0595847
-0.79857 0.0463824 -0.204705
-0.837428 -0.167621 -0.110857
-0.174517 -0.279972 -0.800405
-0.701201 -0.233144 0.481044
0.308882 0.671475 0.176238
0.832104 0.146564 -0.00421223
-0.171164 0.407512 0.588272
0.863722 0.020211 -0.239194
0.822659 -0.110261 -0.449848
0.549746 -0.736687 -0.0567167
-0.474317 0.649877 -0.258221
-0.822658 0.0131472 0.110233
-0.030812 -0.646202 -0.651319
-0.707506 -0.429495 0.115573
0.10307 -0.840613 -0.0997633
0.121752 0.395545 -0.75445
-0.117136 0.684396 0.310336
-0.0702608 -0.657183 -0.641195
0.721423 -0.342956 -0.488782
-0.224326 -0.141118 -0.835499
0.58343 0.36072 0.282288
0.0354844 -0.861484 0.110282
-0.272655 -0.738293 -0.342428
-0.576029 -0.150474 -0.654646
-0.659785 0.413454 -0.426087
0.165405 0.0240296 -0.845496
-0.374141 -0.685084 0.403656
-0.166642 0.213215 -0.874647
-0.376176 0.651696 0.219733
0.547444 -0.185923 0.551202
-0.675514 0.318535 0.205868
-0.128678 0.590869 -0.664809
0.270302 0.524709 0.415628
0.164191 -0.838766 -0.141953
-0.669025 -0.258242 -0.48968
0.810985 -0.439628 -0.309508
-0.622202 -0.452928 -0.355874
0.147679 0.205553 -0.801516
0.0491688 -0.209279 -0.823411
-0.258689 0.73564 -0.403893
-0.640109 -0.26702 -0.534425
-0.308738 -0.76765 0.265868
0.755495 0.284203 0.018646
0.841038 -0.238828 -0.39878
-0.621944 -0.291472 0.572421
-0.741436 0.199515 0.142873
-0.583389 0.509615 -0.424323
-0.593589 -0.128444 -0.643894
0.0784372 0.0593709 0.810816
-0.2919 0.73301 -0.384628
0.254879 0.770846 -0.10041
0.029207 0.748073 -0.433392
0.515366 -0.241024 0.574816
-0.259307 -0.812767 -0.00301543
-0.0906035 -0.763589 0.360977
-0.627709 -0.582055 -0.093907
0.736694 -0.258631 -0.514382
0.51615 -0.441065 -0.628262
-0.211765 -0.158481 0.839247
-0.261547 0.620682 -0.594019
0.52421 -0.74759 -0.312279
-0.282699 -0.704314 -0.403251
-0.423983 -0.615455 0.485963
0.819568 -0.462346 -0.245582
-0.60995 -0.535285 0.334295
-0.0708406 -0.24456 -0.812896
-0.143845 0.819897 -0.0203601
0.86102 -0.358411 -0.0731937
0.699604 0.344524 -0.151581
-0.723798 0.312144 -0.362421
-0.103983 0.125846 -0.882127
-0.112176 0.774502 -0.370684
0.757464 -0.297224 0.34025
-0.514837 -0.0292583 0.674571
0.188144 -0.847975 -0.0843589
-0.0773885 -0.832896 0.148421
-0.752938 -0.313141 0.324359
-0.702818 -0.148808 -0.513486
-0.354418 0.702439 -0.372405
0.0766295 0.838228 -0.145516
0.759748 -0.251375 0.33895
-0.675411 0.136392 0.385884
0.197817 0.748452 0.145218
-0.719599 0.210811 -0.450424
-0.476288 -0.201798 -0.691465
-0.571755 -0.367524 -0.542889
0.630986 -0.533465 -0.479683
0.851631 -0.387364 -0.0973954
-0.62943 -0.382767 -0.447386
-0.736041 0.323807 -0.0188785
-0.570075 -0.00914273 0.624817
-0.84182 -0.141647 0.106392
-0.725031 0.165928 0.239769
0.205568 -0.799839 0.287151
0.355329 0.695859 -0.260082
0.469226 0.381855 0.414336
-0.656628 -0.395197 -0.345716
0.695586 0.123952 -0.523345
0.392342 -0.804871 -0.0259807
-0.059567 -0.164215 0.8836
-0.265877 -0.152789 -0.824584
-0.745779 0.113204 -0.398305
0.709396 -0.322877 0.390027
-0.173071 -0.755104 0.360567
-0.0811713 -0.716302 0.478751
0.129935 -0.307429 0.783901
-0.456517 -0.584432 0.506068
0.0102259 -0.754889 0.410844
0.371283 -0.784919 -0.337521
0.754273 -0.0567647 -0.54688
0.940248 -0.104929 -0.104321
-0.653145 -0.130645 -0.58986
0.106625 -0.2386 -0.812602
-0.519823 0.511611 0.254407
-0.791289 -0.250905 -0.135698
-0.454114 -0.472182 -0.556944
0.247766 0.0618123 -0.806755
-0.435396 -0.534857 -0.521609
0.906392 0.00123374 0.0857178
-0.468033 0.551514 0.262358
0.459199 0.556571 0.169247
-0.640707 0.348698 0.256665
-0.148132 0.347766 0.636475
0.659085 0.416038 -0.0473014
-0.318559 -0.245546 -0.754253
-0.129969 0.80381 0.0594509
0.817216 0.148226 -0.156951
0.770735 -0.540421 -0.153797
0.445964 -0.556367 0.508412
-0.690396 -0.460843 0.110781
0.883123 -0.138578 0.147965
-0.0707138 -0.814372 0.234418
0.618024 0.141367 -0.592679
0.56501 0.169691 0.474129
-0.118164 0.822985 -0.242423
-0.675216 0.299877 0.230818
0.307219 -0.819913 0.158394
-0.331735 -0.760261 0.283162
-0.280432 0.563529 0.390792
0.328491 -0.73652 -0.471082
0.354579 -0.430131 -0.716527
-0.266046 -0.478525 0.695156
0.204128 0.342416 0.628306
0.563563 -0.636504 -0.4608
-0.203842 -0.704301 0.474157
-0.837621 0.000103164 0.075249
-0.763663 -0.103679 0.374385
0.299008 0.232526 -0.746668
-0.780133 0.0902539 -0.25834
0.336741 -0.114876 0.729414
-0.582122 -0.40089 -0.514636
-0.0788481 -0.797281 0.27662
0.0571489 0.557782 -0.644439
-0.308006 0.168293 -0.858309
0.48703 -0.763121 -0.255146
0.0945382 0.353446 0.64817
-0.377403 -0.00533222 -0.811757
-0.568686 -0.305749 -0.584172
0.493372 0.167412 0.547064
-0.11803 0.773052 0.169955
-0.735368 0.165515 -0.409845
0.306994 -0.809024 0.193942
-0.65701 -0.0349429 0.531216
0.418739 0.239451 0.567737
-0.397239 0.430072 0.451473
0.169321 0.340079 -0.756115
0.569745 0.285417 -0.539309
0.890421 -0.264085 -0.0168971
-0.677616 -0.479342 0.150547
0.209679 -0.860575 0.0511579
0.127417 0.555494 0.425291
0.805151 0.166462 -0.174903
-0.139969 0.587066 -0.666761
0.346009 -0.799299 -0.277103
-0.431675 -0.556587 0.553549
0.365193 0.706462 -0.0609114
0.637727 -0.41535 -0.539254
0.240387 0.0228785 0.791908
-0.318184 -0.702212 0.448036
0.44799 0.160722 -0.708571
0.16388 0.80625 -0.228345
-0.206796 -0.795887 -0.216694
0.22744 -0.82121 0.205353
-0.666813 -0.359192 0.489731
-0.41325 0.107091 -0.813703
0.429253 0.66377 -0.116606
-0.406932 0.682586 -0.335347
0.230958 -0.598767 0.583097
0.781611 -0.47797 0.0660382
0.343745 0.264857 0.613315
0.487555 0.607146 0.0154013
0.542186 0.51088 -0.321608
-0.461884 -0.0810559 -0.741345
0.267147 -0.811697 -0.292282
-0.685063 0.0424394 0.454915
-0.176669 0.0426938 0.801052
-0.813543 -0.0932483 0.239742
0.0617471 0.344467 0.655802
-0.420281 0.585947 -0.511781
0.451567 0.479324 0.323569
-0.457161 0.149235 0.653891
0.281668 0.755022 0.0115461
0.388537 -0.720673 -0.470468
0.870536 0.0337435 -0.18549
-0.0599575 -0.105835 0.880985
0.496762 0.549772 0.120237
-0.177502 -0.793977 0.258528
-0.12733 -0.793556 -0.288642
-0.264542 -0.773897 0.286838
0.833516 0.0405954 0.181522
-0.777853 0.00454224 0.274124
-0.46412 -0.753547 -0.0175206
-0.3528 -0.376105 -0.670651
0.33352 -0.283089 -0.7571
0.0746616 0.513163 0.480705
-0.475699 0.448515 0.366132
-0.732988 -0.11103 -0.466654
0.44047 -0.7906 0.122298
0.353335 -0.573199 0.552371
-0.285502 0.503278 0.454807
-0.0762628 0.191342 -0.872312
0.381556 -0.713967 -0.484286
-0.28484 -0.131668 0.812884
-0.247871 0.598081 0.37611
0.665433 -0.572788 0.225817
0.341691 -0.415701 -0.724121
0.530495 0.472833 0.207358
0.0883822 0.382367 -0.768638
0.437845 -0.279791 0.623287
-0.102335 0.726077 -0.471714
-0.175981 -0.758389 -0.378459
-0.815086 -0.220348 0.144865
0.224694 -0.491779 -0.73021
0.669279 -0.376222 0.429802
0.737294 0.146496 0.25687
0.83861 -0.0461062 -0.418045
0.458032 -0.780246 -0.0196346
0.0581062 -0.702503 0.524459
-0.44714 -0.650299 0.366601
0.13707 -0.809381 -0.348605
0.817691 -0.219043 -0.433792
0.714601 -0.57062 0.117817
0.49824 -0.491543 0.513378
0.389149 0.667609 -0.272938
0.678142 -0.145219 0.427035
-0.520469 -0.130175 0.679298
-0.244681 -0.80808 0.077189
0.369595 0.666021 0.0853134
0.243001 -0.00409499 0.798046
0.0596143 -0.0457209 0.84939
-0.0315173 -0.173512 0.878161
-0.338938 0.761082 -0.0617619
-0.725197 -0.247702 -0.341586
0.306482 -0.798497 0.22776
0.194337 0.788467 -0.271505
-0.311836 -0.768155 -0.242846
0.855163 -0.15512 0.222119
-0.0107712 -0.790129 -0.389793
0.546893 -0.410098 -0.62157
-0.15537 0.798272 0.0680931
-0.579561 0.256755 -0.642083
0.759729 -0.393025 0.280656
-0.583009 0.569726 -0.092303
-0.718313 0.0358736 -0.529601
-0.549311 -0.242928 0.646934
0.645746 0.434238 0.0174955
0.850361 -0.264459 0.20246
0.0626487 -0.737307 0.467484
-0.241804 -0.096843 -0.839226
-0.494541 -0.312257 -0.626247
-0.332738 0.285964 -0.812097
0.87 -0.361306 -0.142608
-0.13982 0.543902 0.473053
-0.52723 -0.133757 0.675085
0.808302 -0.429824 0.0505218
-0.38888 -0.787624 -0.133384
0.409583 -0.66514 -0.550623
-0.739879 0.310857 -0.0125968
-0.773505 -0.025848 -0.341108
0.601436 -0.335483 -0.617953
0.401028 -0.504303 -0.677797
-0.0191821 0.227674 -0.845649
-0.184725 -0.127823 -0.842806
0.9143 -0.205309 -0.0198993
-0.20966 -0.803723 -0.156838
-0.112844 0.506826 0.511254
0.234479 0.378364 -0.715333
-0.185436 0.38882 -0.812484
0.426665 0.534967 -0.472909
-0.821559 -0.0114271 -0.133003
0.44604 -0.562057 -0.617061
-0.00805394 0.217861 -0.845226
0.35111 -0.556995 -0.685911
-0.297801 0.747946 -0.314349
-0.484991 0.141295 0.631674
-0.767992 -0.00982984 0.324894
-0.317594 0.283267 0.635719
0.367852 -0.709649 -0.497186
-0.618481 0.526012 -0.0580709
0.43993 0.650417 -0.153366
-0.694364 0.449168 -0.281871
0.692768 0.19449 -0.46003
-0.433456 -0.49533 0.594935
-0.75641 0.288984 -0.230486
0.717269 -0.446867 0.30682
-0.656202 0.468204 0.020349
0.116446 0.609243 0.368242
-0.306244 -0.114634 0.802844
0.740853 -0.566356 0.0335561
0.740049 0.0943361 -0.48584
0.641743 0.192627 -0.530556
0.619729 0.404071 -0.325976
-0.338514 -0.738222 0.336974
-0.189207 -0.795527 -0.231464
0.486675 -0.298101 0.584246
0.197409 -0.78276 -0.453136
-0.194025 -0.446854 -0.713058
-0.520349 0.220735 0.548292
-0.428701 -0.758807 -0.132879
-0.485713 -0.403174 -0.57911
0.616022 0.195052 -0.560586
0.173549 0.51167 -0.64381
0.190052 -0.0612011 -0.841732
0.100402 -0.792215 -0.455401
-0.331376 -0.556087 -0.579485
0.877063 -0.290449 -0.28116
0.861831 -0.129368 0.205652
-0.125245 -0.690444 -0.572866
-0.467956 -0.68763 -0.225749
-0.330776 -0.220684 0.778905
0.919646 -0.224099 -0.107844
-0.189263 -0.589868 0.652634
-0.541127 0.565519 -0.397653
-0.53072 0.377823 -0.632447
-0.22251 0.776624 -0.317652
0.499117 -0.106002 -0.736341
0.477219 -0.769814 -0.1412
-0.464823 -0.232698 0.705415
-0.142476 0.38988 -0.815361
0.39649 0.649756 -0.336671
0.674786 0.142018 -0.533958
-0.357812 0.437707 -0.711166
-0.799402 -0.158227 -0.238887
0.444767 -0.653314 -0.552406
0.793457 -0.0666648 -0.493588
-0.180316 0.37867 -0.817149
-0.090075 -0.820009 -0.118913
0.83422 -0.250131 0.241652
0.7952 -0.0637594 0.288263
-0.0290672 0.116895 -0.879798
-0.597197 0.430677 0.257023
0.0585118 0.422809 0.58065
0.708277 -0.621879 -0.128719
0.683369 -0.625359 -0.264231
-0.221955 -0.637006 0.595918
-0.33494 -0.684311 0.46834
-0.113865 0.837038 -0.207725
0.422912 -0.357802 -0.71022
-0.280509 -0.626674 -0.556681
-0.82169 0.100614 -0.0580659
-0.257919 0.439693 0.536123
0.180202 -0.828682 -0.224611
-0.766649 -0.0104617 0.330106
0.327452 -0.590797 0.550801
0.582177 -0.077608 -0.714508
0.323056 -0.830366 -0.0508159
0.64511 0.389625 0.128981
-0.802024 -0.059013 -0.24169
-0.439561 0.00977286 -0.778116
-0.736434 -0.376034 -0.125417
0.112111 0.721967 -0.42858
0.124574 -0.858676 0.151036
0.511667 -0.758332 0.0549765
-0.162688 0.274974 -0.857245
-0.712092 0.24914 0.175224
-0.140851 0.0894132 0.78935
-0.682298 -0.485859 0.0111756
0.312061 -0.310836 0.708279
0.846864 -0.372142 -0.0220487
0.837301 -0.327492 -0.374631
-0.0779082 -0.80076 0.267838
-0.168859 -0.190244 -0.826781
0.550829 -0.390438 0.518833
-0.794866 0.114471 -0.175128
0.0165369 0.443836 -0.76686
0.21419 -0.0156809 0.807538
0.147197 0.825626 -0.134638
0.687297 -0.643053 0.0325962
-0.544517 -0.498796 -0.447014
-0.356907 -0.0095331 0.763038
0.314614 -0.637718 0.521089
-0.332954 0.530614 0.388803
0.132923 -0.615172 0.61041
-0.525322 0.380388 -0.636792
-0.383723 0.730959 -0.078137
-0.52918 -0.710309 -0.0741558
-0.364345 -0.791563 -0.140111
0.542647 -0.0420964 0.558772
-0.419371 -0.226426 0.736052
-0.251975 -0.17784 0.819552
-0.757121 0.237604 0.0409304
-0.0767382 0.389012 0.615397
0.0359113 0.153928 -0.850537
0.534011 -0.174306 -0.712571
-0.286209 -0.0228397 -0.843183
-0.174939 0.727011 0.238131
-0.0287797 -0.483018 0.736339
-0.46899 -0.581048 -0.421789
0.583736 0.481965 0.0826558
-0.141196 -0.571752 -0.670078
0.823079 -0.337969 0.199656
-0.257173 0.638625 -0.571687
0.585597 0.509356 -0.078672
-0.566657 0.431271 0.291041
0.242159 0.766417 0.0293023
-0.571759 0.533296 0.172953
-0.506157 -0.184779 -0.6835
-0.0975299 -0.831193 0.130878
0.18844 -0.253424 0.786748
0.297915 -0.837675 -0.0783963
0.878456 -0.16345 0.159108
0.648896 0.413053 -0.206206
0.0377473 0.0301352 -0.883872
-0.47679 0.22244 0.582966
0.0362582 -0.104727 0.869426
0.0110381 0.804426 -0.324073
-0.504405 -0.718965 0.0594917
-0.678946 -0.443371 -0.195972
0.486589 -0.77119 0.0459255
-0.197266 -0.823138 0.0358565
-0.772744 -0.330016 -0.060602
0.643894 -0.209757 0.459791
-0.439967 -0.653956 0.370014
0.67407 0.33001 -0.321238
0.756223 -0.478827 0.154789
0.531284 0.397622 0.314397
-0.465833 0.66239 -0.16696
0.135536 -0.793349 -0.456173
-0.182472 0.479578 0.529407
0.0878655 0.20481 -0.819998
-0.519332 -0.418588 0.587718
-0.0048075 0.794036 0.102519
0.458866 0.550994 0.181503
-0.388908 -0.183339 0.765593
-0.81572 -0.0833758 0.228288
-0.660217 0.484974 -0.27367
-0.25011 0.6661 0.297927
-0.787774 0.0906549 -0.223459
0.431143 0.629909 -0.301647
0.00878327 0.602014 -0.615296
-0.2811 -0.809352 0.0123722
-0.225106 0.680838 -0.514857
-0.519595 0.233854 -0.719639
0.883039 -0.128923 0.14873
0.201844 0.132485 -0.80593
0.415544 -0.663808 -0.550175
0.555189 0.456005 -0.383237
-0.445197 -0.351318 0.670666
-0.129109 0.770565 -0.37345
0.772481 0.147756 -0.364849
0.351885 0.125534 -0.753171
0.180892 0.747053 -0.354419
0.0666251 -0.123226 0.86096
0.846494 -0.390622 -0.296771
0.527965 0.233322 -0.618729
0.0105173 0.832516 -0.0197734
0.653796 0.209875 -0.498775
-0.673336 0.427013 0.060496
0.431299 0.625418 0.0706474
-0.746123 -0.261844 0.399468
-0.749024 0.207596 0.107634
-0.653677 -0.330576 -0.445159
0.590753 0.027052 0.51392
-0.135293 0.381636 0.613014
-0.150506 -0.10424 0.854151
-0.112834 0.30478 0.673951
-0.424597 0.492571 0.361643
0.135521 0.420091 0.568926
-0.788987 -0.270897 -0.113972
0.557015 -0.510812 -0.561101
0.924917 -0.186978 -0.0425439
0.00855813 -0.453496 -0.748407
-0.130149 -0.709448 0.481867
0.0680358 -0.550548 -0.715772
0.492904 -0.605787 -0.549273
0.122315 0.165755 -0.820739
0.351504 -0.194392 0.702878
-0.0112171 -0.755943 0.402307
-0.221476 0.0540902 0.78675
-0.618833 -0.547114 -0.187966
0.271481 -0.288042 -0.776158
0.416612 -0.191008 0.656358
0.241821 0.7774 -0.270454
0.22576 0.784773 -0.255921
0.55703 0.217419 -0.602886
0.451121 0.270138 0.516393
0.644179 -0.265794 0.458334
0.00838382 -0.799159 -0.34073
-0.420258 0.0516031 -0.800496
0.796122 -0.499624 -0.202554
0.222074 -0.703681 -0.57014
-0.405671 -0.305483 0.708364
-0.0533915 -0.840346 0.131478
-0.629862 0.432172 -0.450792
0.782007 -0.3367 0.306717
0.506415 0.575853 -0.263747
0.0844082 0.0176415 -0.875027
-0.395051 -0.125074 -0.770391
-0.755191 -0.220387 -0.287994
0.304706 0.603497 0.321039
-0.625866 -0.452291 -0.345587
-0.100677 -0.690644 -0.592994
0.0286235 0.647153 -0.556394
0.885962 -0.0193364 -0.208857
-0.100004 -0.744607 -0.472903
0.294082 -0.708784 -0.530638
0.041971 0.663754 -0.531003
-0.206879 -0.531036 0.686581
0.291885 0.509017 0.422052
0.854232 -0.355873 -0.0203289
0.147809 0.340858 -0.76246
-0.360541 0.548734 -0.623922
-0.110659 0.516528 -0.74207
0.396838 0.0775084 -0.747828
0.887782 -0.168487 -0.334781
0.0361873 0.814416 0.0354651
0.300515 0.059752 -0.788315
0.866419 -0.162544 0.191481
0.0602074 -0.807929 -0.311646
-0.258326 0.538888 -0.689126
-0.186221 -0.550314 -0.659798
0.776126 -0.382478 -0.409996
0.422166 -0.791446 -0.108624
0.73814 -0.302019 -0.492221
0.919118 -0.0193374 -0.0615424
-0.248006 -0.221382 -0.803861
-0.0492781 -0.450096 0.753101
0.289754 -0.783219 0.286926
-0.160638 -0.540364 0.692409
-0.226454 0.62054 0.366755
0.513987 -0.432075 -0.634601
0.73749 -0.152172 0.364271
0.0685707 -0.0116153 0.838814
0.520072 0.30338 -0.581827
-0.206318 -0.34556 -0.759683
-0.317124 0.514478 -0.67906
0.324577 -0.115117 0.738183
0.0839689 0.309033 0.686254
-0.417191 -0.359359 0.679787
0.282397 -0.692043 0.480615
0.632973 -0.061343 -0.689552
-0.729625 -0.100277 -0.478826
-0.252868 -0.239376 -0.792143
0.895215 -0.306357 -0.165211
-0.18475 0.277187 0.681318
0.0369236 -0.505131 -0.731479
0.779756 0.227272 -0.0722199
-0.508668 0.286529 0.502321
0.456925 -0.683393 -0.500695
0.0108655 0.458736 0.551187
-0.718635 -0.224099 0.450547
0.833687 -0.291057 -0.393492
-0.667018 0.199712 0.343279
-0.830488 -0.0252612 -0.100556
-0.199531 -0.498643 -0.68198
0.290707 -0.577198 -0.701654
-0.34963 -0.234434 0.764445
-0.719275 -0.196682 -0.429159
0.734784 -0.12403 0.367246
-0.296187 0.352507 0.588746
0.596716 0.261798 0.383927
0.325448 0.470482 0.446225
-0.608005 0.194963 -0.637035
-0.0505234 -0.805408 -0.253999
0.249562 0.268915 -0.752131
0.203709 -0.165117 -0.819488
0.243366 0.53975 0.412201
-0.196362 -0.649713 0.581408
0.0251086 -0.156065 -0.840707
-0.163892 0.527354 -0.721975
-0.0848736 0.0728852 -0.883761
0.779 -0.526189 -0.174434
0.655122 -0.402098 -0.527849
-0.307578 0.21592 0.696187
0.81873 -0.330269 0.223063
0.632217 0.14865 -0.576322
0.369533 0.644572 0.133223
0.673697 -0.0403751 0.4342
-0.469529 -0.250187 0.698342
0.754628 -0.41654 0.258729
0.904001 -0.261391 -0.198033
0.466731 -0.402751 -0.682985
-0.22979 -0.813735 0.0594671
-0.0116712 0.838809 -0.0380596
-0.118802 0.678244 -0.546559
0.415496 0.0682674 0.677709
0.300178 -0.818274 -0.221556
-0.209968 -0.723165 -0.428752
0.286298 0.437607 -0.647184
-0.0650619 0.679153 0.310858
-0.397479 -0.307246 0.711287
-0.298285 0.690268 0.213677
0.171799 0.34834 0.636754
0.773398 -0.262123 -0.473684
0.7507 -0.529927 0.0717165
0.659431 -0.180638 -0.631674
0.181513 -0.541633 0.640165
0.291103 0.375909 0.554842
0.755578 0.0982806 0.267751
0.258547 -0.0971669 -0.814263
-0.04681 -0.47066 -0.744656
0.261724 0.749381 0.0772866
0.332631 -0.140789 -0.783608
-0.368856 -0.355242 0.703341
-0.592437 0.559128 -0.126939
-0.613176 -0.505145 -0.285241
0.451948 0.156861 0.59438
-0.0552131 -0.226652 -0.818458
0.0344709 0.496551 0.506156
-0.102473 -0.752964 -0.448665
-0.730504 -0.203563 -0.385747
0.877523 -0.228926 -0.328485
0.510462 0.058721 0.584832
-0.58786 -0.0797627 -0.651948
-0.595064 0.165976 -0.657276
0.70691 0.356654 0.0494022
0.683096 0.203301 0.300141
0.285178 0.561213 0.372267
0.66175 -0.629288 -0.377299
-0.49361 0.307841 -0.710047
0.606151 -0.281102 0.493852
0.428901 0.662158 -0.0135348
-0.72423 0.30676 -0.364129
0.0490355 0.61566 -0.586189
0.4435 -0.098166 0.651031
-0.462671 0.524499 -0.558782
0.289694 0.3926 0.539167
-0.816895 -0.181128 0.226891
-0.037822 -0.298049 0.822689
-0.491844 -0.551284 -0.436521
0.0176214 0.825625 -0.257381
-0.0134865 -0.838921 -0.0319791
0.71993 -0.20112 0.381893
0.203713 0.788693 -0.0252914
0.524645 -0.750259 0.0837474
0.184354 -0.782492 -0.459797
-0.0813075 -0.75696 -0.452828
0.443225 0.579504 -0.415725
0.0215679 0.108225 0.793908
-0.528741 -0.194743 -0.66676
0.258413 0.562031 0.383128
-0.431604 -0.460562 0.618388
-0.302476 0.723302 -0.401917
-0.464397 0.158337 -0.771264
0.90287 -0.0745457 -0.224271
0.55483 -0.505226 -0.565668
-0.0625007 -0.814022 0.237547
-0.0745811 0.107719 -0.884355
0.159959 -0.184299 0.813514
-0.250325 0.637689 -0.575067
-0.372851 -0.769795 -0.184522
-0.702526 -0.298969 0.471342
0.573635 0.520973 -0.181913
0.238598 -0.688075 0.502034
0.548306 0.300994 -0.553063
0.27562 0.758578 -0.198135
0.677177 -0.00165982 -0.620178
0.929594 -0.150095 -0.185575
0.601971 0.366635 0.242213
0.570273 -0.71591 0.139854
-0.100044 0.84625 -0.189696
0.0289453 -0.702559 -0.603475
0.666549 -0.0473413 -0.653772
0.593649 -0.307563 -0.640345
0.298012 -0.332617 0.714124
0.352504 -0.282211 0.684664
0.225166 0.151433 -0.792943
0.064541 0.0145728 -0.881833
0.0386397 -0.430299 0.747523
0.373082 0.061096 0.718005
0.639982 -0.34819 0.460543
-0.755211 -0.0628451 0.389216
-0.0218958 0.774791 -0.408897
-0.0796364 0.54155 -0.711476
-0.275208 -0.186987 -0.806772
-0.301565 -0.492629 0.669192
-0.564661 -0.561877 0.38013
0.306763 -0.785877 -0.395371
0.657722 -0.425468 0.415032
-0.2434 0.794659 -0.145102
-0.576522 0.0653589 -0.671037
-0.406382 -0.759585 -0.166893
0.342853 -0.555218 -0.691905
0.380613 0.212398 0.621057
-0.022818 0.359655 -0.809148
0.0487059 -0.107176 -0.855274
-0.44049 0.68347 0.0467449
-0.254534 -0.396975 -0.709462
0.248176 -0.389151 -0.757083
-0.253756 -0.631629 0.600251
-0.745901 0.219572 -0.325337
0.325484 0.656789 0.180905
0.0494533 -0.793385 -0.411663
0.349258 0.0738907 -0.766586
0.595632 -0.703711 0.0980209
-0.466484 -0.595091 0.465239
0.303542 0.476882 0.449415
-0.708771 0.206591 0.24078
-0.146553 -0.617538 -0.641963
-0.00409938 0.803326 0.0732018
-0.0794492 0.658953 0.337057
0.0895303 0.69777 0.261895
0.887869 -0.186924 0.118069
-0.608865 -0.112409 -0.631834
-0.720441 0.152271 -0.486464
-0.284643 0.780398 -0.0787159
0.299558 -0.750955 -0.460442
-0.463197 0.0231889 0.701045
-0.090578 0.642813 -0.608067
-0.678486 -0.31581 0.494596
-0.213638 -0.814002 0.0812144
-0.453367 0.525188 -0.56976
-0.58328 0.0527446 -0.66443
0.94053 -0.108221 -0.10821
0.233007 0.513871 -0.614763
-0.429368 0.69676 0.00308373
-0.0415834 -0.365893 0.791539
-0.597659 -0.416081 0.531278
0.291634 -0.213874 0.742395
-0.673466 -0.361811 0.479851
-0.0456282 -0.550118 0.705284
-0.682302 -0.33051 -0.358525
-0.0546773 0.834819 -0.235391
-0.797467 -0.181259 -0.213313
0.500108 0.549259 0.115677
-0.164375 0.435045 -0.786049
0.8163 0.173539 0.0791371
-0.37231 -0.710857 -0.299858
-0.195445 0.693836 0.2971
0.0192573 -0.827145 -0.141511
0.361227 -0.802568 -0.222777
0.0341531 0.722924 -0.462062
0.383584 0.33572 -0.671575
-0.645655 -0.498551 -0.195844
-0.247037 -0.0740134 -0.841712
0.00979217 0.827832 -0.00496683
0.695264 0.37128 0.0350884
-0.631457 -0.0554106 -0.616146
-0.548207 -0.630494 -0.206207
-0.802269 -0.0332112 -0.22812
0.0540045 0.187809 0.760408
0.728167 -0.486129 0.222036
0.787749 0.220103 -0.0295411
0.646961 0.29983 0.252226
0.759634 -0.444093 -0.388133
-0.269682 0.138509 -0.864545
-0.280574 0.121351 -0.863251
-0.594679 0.462625 -0.466984
0.615996 -0.695927 0.0468679
0.448211 0.463128 0.349189
-0.806896 -0.257912 0.0180683
-0.0470199 0.734494 0.224765
-0.82478 -0.213413 0.0846445
-0.365907 0.70343 0.127037
-0.105704 0.844343 -0.142952
-0.840161 -0.0528503 0.125866
0.196499 -0.823039 -0.25373
-0.343056 -0.621568 -0.503354
0.373541 -0.484754 -0.697737
-0.271918 0.481701 -0.721954
0.876651 -0.356493 -0.175019
-0.322112 0.109401 0.741112
-0.0931198 0.735002 0.230109
0.442404 0.397781 -0.584629
-0.641058 0.506469 -0.164201
-0.286633 0.410051 -0.763951
0.19269 -0.822841 -0.256486
-0.78269 -0.00535449 0.27071
0.586454 -0.35675 -0.62005
0.556499 -0.371044 0.519108
0.1935 -0.857197 -0.0180356
0.418663 0.298948 -0.667713
0.426879 0.635433 0.0566437
-0.630678 0.492017 -0.379136
-0.758948 -0.341637 0.0579348
-0.104861 0.350524 0.640867
-0.695132 0.445064 -0.245212
0.0710674 0.495537 -0.703097
-0.509637 -0.429911 -0.545792
0.05498 -0.0483955 0.851089
-0.381787 -0.688803 0.382722
0.699954 0.137992 -0.504625
-0.190123 -0.500391 -0.685648
0.562248 -0.468116 0.487085
-0.806236 -0.200499 0.261483
-0.637835 -0.558969 0.0515243
-0.384169 -0.625318 -0.453059
0.551013 -0.73642 -0.10401
0.220305 -0.780752 0.338587
0.536596 -0.514593 0.473763
-0.804974 0.153114 -0.068476
0.115656 0.311953 0.684355
0.80543 0.135228 -0.299047
0.541924 -0.00906442 0.560152
0.558377 -0.73411 -0.305772
0.354254 0.19103 -0.736518
-0.127953 -0.200271 -0.824686
0.309549 0.692109 0.128782
0.0528722 -0.243701 -0.812567
-0.187271 -0.0725851 -0.85085
0.725987 -0.603078 -0.114275
-0.708773 -0.176415 0.469218
0.597045 -0.710011 -0.215643
0.661384 -0.275839 -0.585779
-0.773286 -0.225111 0.348497
0.246569 -0.590753 0.582323
0.867287 0.00255212 -0.253929
-0.41275 -0.670074 0.376699
0.278234 0.39698 0.540242
0.624024 -0.454029 -0.53382
0.0105477 -0.0490716 -0.871778
0.624601 0.10493 0.44366
-0.2172 -0.699312 0.482496
0.888922 -0.245145 -0.270534
0.426605 -0.780901 -0.260943
0.772112 -0.423024 -0.387559
-0.147794 -0.789442 -0.298688
-0.637883 -0.343692 0.534076
-0.669768 0.00745112 -0.587361
-0.451486 -0.396739 0.644631
-0.454086 0.61404 0.204963
-0.393088 0.718041 -0.158398
-0.410478 -0.295772 -0.679832
-0.488494 0.383433 -0.674487
0.64842 -0.201335 0.455704
-0.258384 -0.706558 -0.423476
-0.521354 -0.696387 -0.121142
-0.379515 0.457881 0.434136
0.317677 -0.505591 0.611003
-0.143721 0.302098 0.6708
0.501199 0.557251 0.0970789
-0.430133 -0.366234 -0.633752
-0.17556 0.370056 -0.820691
0.0198991 -0.0703657 -0.865738
-0.13473 -0.334124 0.794536
0.426214 -0.706517 -0.476857
0.183899 -0.0421118 0.820984
-0.0810273 -0.839889 0.0216913
0.694538 -0.576998 0.166006
-0.63126 -0.452473 0.466112
0.875824 -0.34191 -0.129515
-0.436943 -0.747297 -0.144864
-0.23819 -0.816261 0.00568397
0.452331 -0.328546 -0.707075
-0.530644 0.131789 0.59306
0.218515 -0.040826 -0.836431
0.323069 -0.287935 0.70486
0.0355566 -0.172957 -0.835135
0.839257 -0.2165 0.241187
0.0785072 0.0471867 0.815705
0.544083 0.195594 0.479174
-0.345348 0.483925 0.431199
0.881392 -0.294465 -0.260864
0.748581 0.228699 -0.310472
-0.146935 0.543333 0.473591
0.521778 -0.592177 0.419586
0.616783 -0.144057 -0.691169
0.141141 0.197771 -0.805757
0.793155 -0.334244 0.284015
0.380294 -0.649474 -0.588547
-0.472256 0.123493 0.655046
0.447453 0.433761 -0.551309
-0.40248 -0.0503848 0.750427
-0.675595 -0.443935 -0.205415
-0.507995 -0.663262 -0.214978
0.205741 0.292394 0.676119
-0.0535063 0.188901 -0.866466
-0.70477 -0.21499 0.475238
0.46235 -0.337078 0.594116
0.550531 0.136505 -0.651974
0.0442952 0.421454 -0.77079
0.49534 -0.508972 0.505585
-0.669007 0.389792 0.135616
0.751284 0.0822199 -0.478705
0.324015 -0.720349 0.405914
0.885918 -0.0431761 0.136261
0.194656 -0.848341 0.135795
0.857235 -0.374198 -0.0937354
-0.209205 -0.769671 -0.321648
0.267748 -0.560105 0.594362
-0.269075 0.779491 -0.0226926
0.630264 0.453463 -0.0137218
0.528847 0.555069 -0.263725
-0.525772 -0.460262 -0.513875
-0.445328 0.635343 -0.406247
-0.376065 0.668825 0.186766
0.328022 -0.831094 0.0482831
0.881203 -0.0391328 -0.264275
0.0917939 0.541434 -0.649097
0.161638 -0.581273 0.621667
0.855099 0.0692053 -0.192678
0.48759 0.306004 0.457647
-0.424785 0.661849 -0.379628
-0.813664 -0.248554 -0.00867402
0.0977579 -0.643132 -0.655992
-0.543535 -0.145156 -0.675621
0.827754 -0.448419 -0.127704
-0.0723017 -0.12671 -0.847356
-0.192952 -0.775741 0.301728
0.251771 0.349779 -0.728137
-0.409349 0.295946 0.569658
0.769762 0.181453 -0.331633
-0.430665 0.695199 -0.0768879
0.329459 0.723155 -0.218932
0.59528 -0.23238 0.505131
-0.620148 0.524805 -0.319889
-0.746408 -0.0133054 -0.431903
-0.474936 -0.244904 -0.670655
0.455672 -0.752445 -0.388093
0.21874 -0.467913 0.674464
0.0666383 0.816608 -0.27486
-0.0489759 -0.488153 -0.739261
-0.7305 0.124449 0.275154
0.580538 0.33782 0.316619
-0.649964 -0.516426 0.248923
-0.213664 -0.187539 0.827582
-0.451022 -0.684644 -0.259379
-0.146875 -0.32492 0.795633
0.86153 -0.157406 0.204895
0.60022 -0.64169 0.241766
0.675937 0.0884889 0.397932
0.300918 0.673333 -0.393682
0.750117 -0.575116 -0.0437588
0.584677 -0.715883 -0.0680183
-0.402363 0.387438 -0.720225
-0.663885 0.0452804 0.493301
-0.418755 0.436602 -0.680887
0.234629 -0.670937 -0.616527
0.35901 0.506626 -0.55537
-0.638495 -0.475905 0.424316
-0.562419 0.230762 0.49918
0.347445 0.54301 0.363463
0.126856 -0.558639 0.650151
0.167391 -0.182962 0.811245
-0.359391 -0.624999 -0.480146
0.629372 0.114417 0.433957
-0.574466 0.538388 0.164341
-0.403123 -0.406948 0.663893
-0.0867535 -0.0107837 0.837606
0.433395 0.329561 0.490581
0.835536 -0.385623 0.00955376
-0.51672 0.609182 -0.363682
0.0757539 0.789929 -0.335048
0.356201 -0.695469 0.428821
-0.192312 -0.702343 -0.490094
0.941427 -0.112655 -0.055808
-0.109445 0.80414 0.0669706
-0.676368 0.152313 0.368802
0.0818023 -0.676937 0.56383
-0.780903 -0.042948 0.324088
-0.197069 0.256139 -0.857472
0.454316 -0.720817 0.304185
0.714963 -0.1594 -0.580193
0.621631 0.0416616 0.475777
-0.754475 0.00208929 0.349028
-0.405422 -0.149559 0.757355
-0.409518 0.705807 -0.160656
-0.695159 -0.188116 0.492909
0.525531 0.274216 0.445411
0.160828 0.512222 -0.649261
-0.844826 -0.187771 -0.0605305
0.880612 -0.288525 -0.0164809
0.00636934 -0.143524 0.877054
0.76627 -0.426881 0.213356
0.165494 -0.847866 -0.0746606
0.496599 0.461831 0.279331
0.596503 -0.7096 -0.144975
0.290195 0.0996646 0.750463
-0.0221662 0.660685 -0.559699
0.228528 -0.127775 0.799549
0.620516 0.108913 -0.608106
0.743009 -0.194026 0.357868
-0.177643 0.536595 0.475243
-0.624533 0.480144 -0.402618
0.132517 0.392167 -0.752013
-0.291347 -0.667956 -0.465315
0.637776 -0.410058 0.448481
0.631374 -0.498236 -0.502826
-0.716361 -0.253422 -0.360549
0.755979 0.0837215 -0.468267
-0.210413 -0.775077 0.298732
0.0349795 -0.746429 -0.554827
0.614447 -0.055843 0.490807
0.607966 -0.701379 -0.0148009
0.0162484 0.778191 0.149642
0.0657161 0.705457 -0.471028
-0.124485 -0.718648 -0.510443
0.133928 -0.366694 0.756303
-0.842238 -0.0153249 0.0776333
-0.607415 -0.153011 -0.630455
-0.63482 -0.512649 0.328895
0.255097 -0.577759 -0.702509
0.609329 -0.702812 -0.230874
-0.773225 -0.279824 -0.150057
0.379679 -0.624043 -0.629501
-0.345902 -0.169198 0.79409
-0.0495982 0.596491 0.405817
0.427029 -0.123404 0.662271
-0.036726 -0.640626 0.606781
0.318077 0.709662 0.0748849
-0.105972 0.626382 0.379203
-0.217009 -0.298179 -0.779083
0.480828 0.208227 -0.667275
0.529902 0.475224 0.204549
-0.623624 -0.42852 0.493336
-0.32678 -0.332838 -0.70623
-0.845823 0.00748892 -0.0171736
0.857791 -0.350129 -0.0284502
-0.252015 -0.358775 -0.730534
-0.339209 -0.791026 -0.161339
0.640261 0.0249963 -0.636814
0.756249 -0.142795 -0.532678
0.933088 -0.0740223 -0.0880337
-0.113416 -0.802045 -0.235521
-0.783081 -0.241736 -0.174357
0.256582 0.0782442 0.773504
-0.162588 0.528424 0.488784
-0.0192868 0.744811 -0.456234
-0.774046 -0.291698 -0.130356
0.264097 0.487029 0.45639
0.9285 -0.0958716 -0.142794
0.230443 0.774855 -0.285872
-0.714351 -0.294112 -0.311102
0.32303 0.281857 0.61664
-0.0766692 -0.0825115 0.869284
-0.250343 0.144862 0.74717
0.0206505 -0.579277 0.676038
0.863852 -0.223645 -0.371299
-0.0617543 0.134686 0.77767
-0.698129 -0.33124 -0.309139
-0.711393 -0.428117 -0.123088
0.561423 -0.730073 -0.0931959
0.495134 0.0222383 -0.724173
0.561875 0.231864 0.43813
0.418769 0.286988 0.534081
-0.399966 0.548384 0.318564
0.321088 -0.11496 -0.79179
-0.682249 -0.26998 0.50658
-0.275353 0.0400914 -0.853816
-0.76986 -0.0877342 0.363264
-0.592076 0.464712 -0.46837
0.151887 -0.805512 -0.376798
0.58127 -0.407858 -0.597072
0.355382 0.38469 0.516179
-0.426625 -0.770808 -0.0961498
-0.833006 -0.0784317 -0.115259
-0.0763803 0.849783 -0.0933086
-0.038788 0.729364 0.231501
0.219048 0.342183 -0.740321
0.0306032 0.548959 -0.663448
0.70625 -0.357926 -0.496989
0.89622 -0.206444 -0.272638
-0.632822 -0.555506 0.172383
-0.591891 0.169855 0.50203
-0.818969 -0.207386 -0.11251
-0.544194 -0.348255 -0.573957
-0.413432 0.425736 0.44401
-0.33165 0.723299 -0.338649
0.513585 0.594116 -0.111384
-0.392744 0.097019 -0.828752
0.584817 0.279634 -0.524863
0.106684 -0.312178 0.786622
-0.292227 -0.794288 -0.169656
-0.728725 0.338187 -0.0135457
-0.678404 0.0362272 0.474633
-0.219893 -0.410973 0.740454
0.72602 -0.613251 -0.0476755
0.164853 -0.811886 0.274505
0.202647 0.394207 -0.718166
-0.714668 0.34215 0.0364439
0.809569 0.191038 0.0274693
-0.0962776 -0.641726 -0.651448
0.243442 0.777316 -0.209015
-0.0271324 -0.110451 -0.853041
0.0105388 0.199586 0.756908
-0.788024 -0.290276 0.0388327
-0.0130447 0.808392 -0.313929
-0.297649 -0.28666 0.764062
0.11851 -0.823815 -0.232304
0.756799 0.262476 -0.0940343
-0.362473 0.05127 0.746118
0.0924757 0.175659 -0.826996
0.572375 0.0929722 0.504378
0.262185 -0.118704 -0.809403
-0.268964 0.560977 -0.663264
0.0598622 0.42305 0.580135
0.0228335 0.741452 -0.443927
0.635915 -0.683234 -0.228152
0.362704 -0.817875 0.0433121
-0.107322 -0.484097 0.736376
-0.0849108 0.718342 -0.488544
-0.140596 -0.0260065 -0.864495
0.528594 0.0237018 0.572701
0.107784 -0.392213 -0.764651
0.000422071 -0.45368 0.744963
0.920837 -0.232618 -0.154557
-0.602984 0.544398 -0.248222
0.595893 -0.521818 0.40414
0.275132 0.717709 -0.344814
0.0880379 -0.751959 -0.540791
-0.691888 0.119656 0.367534
-0.546195 -0.456447 0.54062
0.906466 -0.224657 -0.019095
-0.501568 0.528953 0.255126
0.0410594 -0.278067 -0.802189
-0.370967 -0.793946 -0.0927579
0.698358 0.123987 0.345986
-0.430366 0.42364 0.432401
0.137718 0.545879 0.433642
-0.351943 -0.234836 -0.741688
0.264545 0.449388 0.494208
0.510484 0.533086 0.132114
-0.554107 -0.053549 0.648112
-0.74744 -0.33284 0.291141
0.551325 0.550474 -0.14681
0.143295 -0.416723 -0.755978
-0.0835105 0.485924 0.53288
0.312373 0.727444 -0.267402
-0.464271 -0.56229 0.523817
-0.19985 -0.804836 0.165364
0.806969 -0.0615981 -0.474602
-0.377236 0.502333 -0.659116
-0.700797 -0.0561849 -0.538064
0.229272 0.701539 0.22782
0.231068 -0.83274 -0.181534
0.524583 0.122888 -0.677573
-0.180488 0.775842 -0.337784
-0.406753 -0.208762 -0.725301
-0.659335 0.392959 0.163227
-0.730746 -0.01955 0.41882
0.161043 -0.106215 0.832139
0.690795 -0.165628 -0.60495
-0.258289 0.15888 0.738937
-0.0957189 -0.249015 0.839446
0.461126 0.255779 0.517395
0.418636 -0.648385 0.461877
-0.0588671 -0.652865 -0.645112
0.370381 -0.624703 0.508256
-0.191842 0.304712 -0.844202
0.597907 0.493814 -0.0694096
-0.700975 0.226318 0.240964
-0.42476 -0.732903 -0.195845
0.781502 -0.0910499 -0.506804
0.142979 -0.498539 0.683253
0.272479 -0.364424 0.721238
-0.311139 -0.73028 -0.32391
0.718033 -0.0143587 0.379325
0.872308 0.0604354 -0.103243
-0.27715 0.5232 -0.691302
0.26917 0.461985 0.479467
0.47285 0.315809 -0.618342
-0.109359 -0.401224 0.771375
-0.0679473 0.301155 0.683368
-0.397179 -0.505444 -0.573232
0.701429 -0.167394 -0.592821
-0.766526 -0.2006 0.363158
-0.0370556 0.698893 0.277447
-0.396125 0.0759124 0.724806
-0.391262 -0.278303 -0.698872
-0.117925 -0.502146 -0.720278
-0.58762 -0.609618 0.181792
-0.250386 -0.805088 0.0897401
0.704148 -0.388351 0.378079
0.0576035 0.09059 0.799273
-0.137814 0.616351 -0.63257
-0.226568 -0.478063 0.712821
-0.0353295 0.0283149 0.825867
0.788367 0.0896566 -0.395476
0.476988 0.151021 0.573754
-0.667885 0.478008 -0.244924
0.0176643 -0.3342 -0.785356
-0.623404 -0.106417 -0.619756
-0.158366 -0.805322 -0.18036
-0.50089 -0.571326 0.465428
0.402902 -0.631917 0.484951
0.406663 -0.71693 0.350746
0.517753 -0.621251 0.395974
-0.686289 0.337846 0.145757
0.173369 0.812975 -0.191479
0.740708 -0.221693 -0.526635
0.0357258 -0.454513 0.737199
-0.547262 0.580781 -0.367406
0.124325 -0.0659757 -0.861282
0.312815 0.325346 0.593202
-0.372948 0.146002 0.706732
0.131083 -0.175755 -0.831498
0.0394428 -0.206484 -0.824565
-0.324442 -0.301113 0.746841
0.196143 0.199934 -0.788336
-0.790488 -0.175599 -0.242181
-0.725119 -0.386296 0.209816
0.553191 -0.73503 -0.0957934
-0.0992596 0.660743 0.33752
0.787566 -0.0254537 -0.503597
-0.50032 -0.00323288 -0.731936
0.541561 0.0709196 0.546866
0.237255 0.769257 0.0223719
-0.154171 0.36787 0.620511
-0.307854 -0.749884 0.336397
-0.735353 -0.126999 -0.457266
-0.683769 0.233045 0.276891
-0.121879 -0.831636 -0.0111314
0.0650708 -0.796671 0.317125
-0.695551 0.277266 -0.468199
0.137772 0.371979 -0.75655
0.411841 -0.796768 -0.0543294
0.339125 0.389494 0.519083
0.0931774 0.828709 -0.190711
0.594119 -0.0426898 0.510245
0.791366 0.0704034 0.229401
0.363478 0.586903 0.265428
0.229316 0.148494 0.753358
0.263703 -0.816356 -0.265887
-0.33331 -0.764199 0.253888
-0.353931 0.697051 0.151717
-0.612335 0.411672 -0.500607
-0.539547 -0.624335 0.267299
-0.0512476 -0.570713 0.691871
-0.20484 -0.259872 -0.804916
0.403311 -0.804358 0.130032
-0.0837 -0.777976 -0.388004
-0.733242 0.110358 0.284278
0.248927 -0.826519 0.174907
-0.502406 0.547489 -0.473934
-0.0425321 0.418325 0.591244
0.201094 -0.691323 0.513273
0.0357729 -0.573009 0.674516
-0.388986 -0.782588 -0.143018
-0.390365 -0.472317 0.634639
-0.380924 0.424474 0.470016
-0.258361 -0.717927 -0.399935
-0.315052 0.753757 -0.222388
-0.0273021 -0.798242 -0.322926
-0.644883 0.221899 0.365902
0.295043 0.210311 0.686969
0.114673 0.420658 0.572281
0.237878 -0.721325 -0.534898
-0.180524 0.817921 -0.119994
-0.570157 -0.583375 -0.251154
-0.460326 0.0123686 -0.766249
-0.547627 0.569229 0.156943
0.349614 -0.785051 0.243334
-0.382346 0.303677 -0.776988
-0.200171 -0.72673 0.421309
-0.0429513 0.819755 0.0241438
0.763772 0.0240701 0.30215
-0.493979 0.150058 -0.745717
0.6744 0.396277 -0.0580205
-0.233887 -0.0340992 -0.849392
0.511978 0.604212 -0.0352735
0.466886 -0.0488811 -0.751909
-0.351731 -0.132663 -0.790597
-0.807772 0.142174 -0.0150933
-0.230832 0.429689 -0.772775
0.056015 0.0234388 0.826311
0.0778675 -0.817769 0.26577
-0.399445 0.67075 0.162519
0.713432 0.262324 -0.338724
0.0598068 -0.828768 -0.157456
0.0628473 -0.583887 -0.696599
0.212064 0.462468 0.503915
0.817921 -0.264022 0.271866
-0.480888 -0.379842 -0.597209
-0.660169 0.429879 0.108742
0.261738 0.350826 -0.723346
-0.502818 -0.307024 0.663802
0.460689 -0.778157 -0.0610545
-0.255681 -0.741127 0.371629
-0.241653 -0.81564 0.0288327
0.395855 -0.801875 -0.0896001
-0.586223 0.561318 -0.221499
0.412244 -0.796374 0.16315
0.23856 0.3133 -0.742691
0.0568549 0.388502 0.617748
-0.162991 0.442697 0.56313
0.922994 -0.220361 -0.155834
-0.41062 0.303045 0.562731
-0.782102 -0.210871 0.332092
-0.778673 -0.0118966 0.292564
-0.427708 -0.637058 -0.381217
0.627877 0.287921 -0.460645
-0.472795 0.482004 0.332751
-0.152129 -0.82484 -0.0404928
0.306432 0.549998 0.374313
0.434229 0.397168 0.437559
-0.208574 -0.787758 -0.263743
-0.583882 -0.549725 0.365635
0.79263 0.00650101 0.263644
0.0309198 -0.318587 -0.789843
-0.755664 0.0380969 0.303691
-0.313301 -0.738003 -0.30668
-0.142635 0.508603 0.509242
0.257765 0.341223 0.604382
-0.745779 0.054703 0.314729
0.666371 -0.633823 0.126911
-0.543877 -0.166559 0.666731
0.029645 -0.0836753 0.865584
-0.159126 -0.41472 -0.74677
0.729493 -0.575698 -0.230104
0.287144 0.728252 0.0857132
0.802128 -0.118429 0.29259
0.18839 -0.864639 0.0398565
0.153554 0.603383 -0.56102
0.190678 -0.805141 -0.363002
-0.00975145 0.826613 -0.256828
-0.529211 0.0212174 -0.708747
0.77994 0.0700197 0.249971
-0.739643 0.0987016 -0.435969
0.301571 -0.640647 -0.636955
0.823574 -0.231602 -0.422857
0.0428973 -0.688558 0.543677
-0.523114 0.0605136 0.644305
-0.517602 0.575515 -0.413326
-0.745659 -0.354982 0.153652
-0.362394 0.7191 -0.267809
0.666506 0.297649 0.221104
-0.0844536 -0.699587 -0.586585
0.457591 0.623819 -0.225312
-0.190924 0.474844 0.530617
0.119503 -0.525926 -0.722602
0.202603 0.33408 -0.74768
0.241909 -0.787294 0.304144
-0.189427 -0.75022 0.367839
0.686978 -0.318267 -0.537374
0.716205 -0.430855 0.333009
0.654689 0.422775 0.0154915
0.565413 -0.728027 -0.126255
-0.486254 0.446409 0.359173
0.377531 0.215188 0.62173
0.57456 -0.123835 -0.708905
-0.0455427 0.855496 -0.139041
0.400238 0.640664 -0.369087
0.322017 0.035607 0.758567
0.560955 -0.722931 0.138248
0.0600034 0.604172 -0.594339
-0.602519 0.282425 0.384787
-0.2166 0.339884 0.632052
0.46886 0.239535 -0.660526
-0.574633 0.536885 -0.396407
-0.686915 0.449245 -0.173199
-0.11626 -0.26525 -0.805909
0.319595 -0.485355 -0.715606
-0.503223 0.609268 -0.382436
-0.0336997 -0.107449 -0.853785
-0.646968 0.498757 -0.270603
-0.121199 -0.385537 0.7755
-0.0140779 -0.395564 0.77424
0.0140794 -0.109646 0.875572
-0.612635 0.50397 -0.392249
0.84371 -0.287706 -0.381766
0.495101 0.54188 -0.375312
-0.696337 0.383725 -0.391574
0.374504 0.690956 0.0195322
-0.354919 0.250404 0.641878
0.307251 0.506198 -0.586277
-0.774471 -0.217842 -0.233055
-0.419498 -0.0294179 0.736531
0.62348 0.384472 -0.349707
-0.464151 0.108898 -0.770183
0.645446 -0.0312879 0.462111
0.672758 -0.0707923 -0.6539
0.618092 -0.695313 -0.0147589
0.0843835 -0.522066 0.689643
-0.312017 0.486237 -0.700719
0.732878 0.319495 0.0122281
-0.31701 0.0616075 -0.85067
-0.569341 0.204799 0.506893
0.595378 0.20242 0.424656
0.461043 -0.554299 -0.609932
-0.557593 0.551846 -0.396457
0.802592 0.171165 -0.173486
0.623081 -0.581631 0.290135
0.492954 -0.710018 0.287282
-0.336319 -0.776002 0.167239
0.569191 0.433838 -0.388603
0.355712 0.688607 -0.2971
-0.261702 -0.359975 -0.725187
-0.378762 0.31908 -0.77049
-0.331058 0.740161 0.0654737
0.247987 -0.417565 -0.750326
-0.746788 -0.346553 -0.135824
0.66557 -0.667502 -0.0748925
-0.218833 0.131528 0.759164
-0.121923 0.0356863 -0.876119
-0.266359 0.672929 0.275184
0.205814 0.777325 0.0361874
0.0801343 0.338011 0.661612
0.646622 0.106655 0.419699
-0.247483 0.664894 -0.533443
0.00960848 0.722471 0.235351
-0.548525 0.591992 -0.233162
-0.609131 -0.422136 -0.454391
-0.414345 -0.686217 0.33478
-0.191029 -0.187524 0.834519
0.533403 -0.746399 -0.0493121
0.395402 -0.663218 0.460284
-0.591357 -0.509924 -0.344633
-0.0594468 0.746123 -0.448818
-0.108832 -0.0916912 -0.855297
0.874323 0.0266143 -0.181008
0.683488 -0.155059 0.421197
-0.299969 0.102669 -0.859096
0.285726 0.359965 -0.705461
0.103329 -0.26364 -0.804887
0.0184551 -0.289297 0.815418
0.532821 0.266519 -0.594444
0.325469 0.103023 0.733606
0.41354 -0.492068 -0.675285
-0.431964 0.662337 -0.361537
-0.305408 -0.216413 0.788479
0.253174 -0.65852 0.527899
0.445389 -0.779992 -0.211084
0.295431 0.614252 0.314227
-0.303236 0.488876 0.457603
0.75688 0.135125 0.231829
0.0871 0.811728 -0.275414
0.749635 -0.0142514 0.33674
0.403138 -0.209569 -0.748812
-0.829351 -0.197065 0.107107
0.277272 -0.814924 0.19392
0.278995 0.756739 -0.131346
0.47217 0.0236197 0.625945
0.414326 -0.654097 -0.566292
-0.461292 0.438983 -0.656712
-0.656237 -0.0017723 0.524093
0.105012 0.402122 -0.757251
0.0836373 0.510499 0.481855
0.885056 -0.0168085 -0.208503
-0.748614 0.243107 -0.29703
0.372175 0.545304 0.338977
-0.623158 0.494522 0.141866
0.197875 -0.864452 0.0340635
0.104692 0.0301836 0.820289
-0.568021 -0.575887 0.333416
-0.14905 -0.252701 0.822512
-0.429978 -0.0323458 0.730473
0.471486 0.46516 0.313243
0.450121 -0.106032 -0.752058
0.531972 -0.745652 0.104675
-0.0132151 -0.819084 -0.178688
0.123957 -0.586139 0.633118
-0.418196 -0.27291 -0.687112
-0.0727182 0.411421 0.596487
-0.600372 -0.62701 0.0104822
-0.744311 -0.138726 0.407566
-0.698803 -0.437336 0.184603
0.734161 0.312492 -0.0161171
0.642635 0.281778 0.283608
0.137595 0.156388 0.767207
0.595015 -0.426294 0.478778
0.5952 -0.503195 0.424275
-0.0783181 0.436012 0.575536
-0.251102 0.395025 -0.79045
-0.678199 -0.321719 -0.382952
0.41712 0.353346 0.488115
0.0299031 -0.80318 -0.325852
0.884989 0.0224536 -0.140821
0.223105 0.747953 -0.33014
0.0193247 -0.805909 0.280752
0.692973 0.103736 0.37251
0.730348 -0.356498 -0.472542
-0.155145 0.155857 0.759461
-0.409619 0.631711 -0.450577
-0.377147 -0.727196 -0.263142
-0.163736 0.760467 0.174032
0.0528678 0.143991 -0.848224
0.14096 -0.759373 -0.51431
-0.541418 -0.146595 -0.67653
0.510389 0.270964 0.461568
0.381217 -0.0933799 -0.776407
-0.617709 -0.589798 0.0897668
-0.354769 0.00803171 0.759598
0.302026 0.571768 -0.539692
-0.765745 0.0181924 0.296245
-0.82018 0.0578508 -0.0990273
-0.47298 -0.110088 -0.727201
0.855452 -0.359458 -0.304119
-0.347935 0.556013 0.3491
-0.650886 0.440964 -0.407629
0.716517 0.319675 -0.137934
0.46355 0.0556181 -0.728015
-0.312064 0.728593 0.127596
0.328165 0.71913 -0.246552
-0.173776 -0.747409 0.37885
0.22089 0.379504 0.583846
0.911254 -0.211671 -0.209116
-0.579157 0.290845 0.417891
-0.448492 0.673965 -0.192152
-0.528197 -0.713842 -0.0501025
0.865843 -0.283787 -0.326719
-0.0183683 0.0952229 0.798834
0.654369 -0.490659 -0.480836
-0.790432 0.0517224 0.172296
0.0949977 -0.837727 -0.115518
-0.76209 -0.0326296 -0.37817
-0.568963 -0.461017 -0.471424
0.00331598 -0.498312 -0.734579
0.647811 -0.0608294 0.459255
-0.0273252 -0.752839 -0.504616
-0.560274 0.405408 0.326616
0.374185 -0.800841 -0.210815
0.150796 0.790529 0.0600085
-0.561167 0.0784744 -0.685048
0.915176 -0.21237 -0.0451884
-0.317856 0.399849 0.5349
-0.163087 0.82281 -0.197929
0.289434 -0.536293 -0.712818
0.562996 0.0377387 0.538975
-0.131571 0.204622 -0.879786
0.623231 -0.388057 0.467072
-0.302399 -0.583677 0.618259
0.864961 -0.0528448 0.173382
0.273654 0.695141 0.182969
-0.448198 -0.738814 0.107466
-0.717176 0.072314 0.359904
0.376053 0.685419 0.030793
0.486821 -0.642921 -0.523761
-0.560613 0.304008 0.435126
-0.0569416 -0.761759 0.374833
-0.374096 -0.711633 -0.29654
-0.73318 0.36774 -0.282076
0.911454 -0.241355 -0.0988778
-0.735263 -0.392041 -0.105936
-0.267012 0.782847 -0.207445
0.256814 -0.759911 -0.464617
-0.0639752 -0.754524 0.391668
-0.830149 -0.0663323 0.168645
-0.797981 0.119947 -0.157291
0.430616 -0.78643 -0.178231
-0.0512574 -0.551814 0.70403
-0.65447 -0.446388 -0.267037
0.323393 0.725895 -0.229432
-0.266413 0.506454 0.465415
-0.60429 -0.315233 -0.55381
-0.264405 -0.547783 -0.622646
0.43623 0.6532 0.000866352
-0.309817 -0.802742 -0.0951046
0.399924 -0.208058 -0.750111
-0.73307 0.154301 0.228375
0.651901 0.356713 -0.330067
0.308801 -0.823866 -0.162332
0.108231 -0.79232 -0.460011
0.887223 -0.20098 -0.312518
-0.507163 -0.546786 -0.423894
0.553278 -0.735006 -0.0984163
0.320913 -0.795466 -0.354852
-0.305275 -0.652028 0.569276
0.207299 -0.813401 0.242908
0.526452 0.0473628 0.573059
-0.0319497 0.831296 -0.0129813
-0.109257 -0.611117 0.63914
-0.738746 0.218627 -0.358387
0.290524 -0.0103331 0.779965
0.256321 -0.168289 -0.802627
0.167509 0.347615 0.639358
-0.462377 -0.193085 -0.703246
-0.579385 0.573202 -0.0961395
-0.273771 0.0778874 0.766238
0.0810261 0.398285 0.602665
-0.225635 0.354743 0.619678
0.503193 -0.158375 0.593493
-0.446911 0.682121 -0.0870643
-0.455368 -0.757762 -0.0360246
-0.223878 -0.682946 -0.504371
-0.0965737 0.400852 0.604397
-0.715729 -0.395575 -0.161526
0.558058 -0.210014 -0.697843
0.102043 -0.28397 0.800332
-0.72369 0.159938 0.251858
0.914973 0.00080134 0.0234599
-0.352701 -0.72021 -0.301478
0.595018 -0.582598 0.340104
0.878978 -0.191517 -0.352621
-0.264558 0.223256 0.705134
0.104287 -0.830111 -0.178167
0.53356 0.101156 0.541054
-0.300585 -0.63392 0.588755
-0.634567 0.509305 -0.338697
0.0295436 -0.760746 -0.523935
0.269271 0.630147 0.309597
-0.255893 -0.422938 0.724823
0.0217421 0.0597399 0.813368
-0.226322 -0.433518 -0.704237
-0.441504 -0.57539 -0.464436
-0.813632 -0.154615 0.264681
0.68424 -0.407729 0.392868
-0.167436 0.110952 0.777515
0.452875 -0.045668 0.643307
0.19532 -0.807502 -0.346988
-0.620089 -0.541378 0.287954
0.40711 -0.72896 0.327735
0.375216 -0.288584 0.666932
-0.068243 0.172147 0.760971
-0.430728 -0.22548 0.728979
-0.377957 -0.104556 -0.78597
-0.0790843 -0.0242887 0.844147
-0.780057 0.122882 -0.236469
0.0847625 0.305939 -0.791783
-0.561347 0.405614 0.325201
0.128398 0.142567 0.774197
-0.683765 0.459046 -0.322294
-0.240257 0.583821 -0.646055
-0.479511 -0.110297 0.704968
-0.687543 0.370103 0.0988119
-0.178493 -0.819122 -0.0645709
-0.801654 0.127727 -0.13536
0.184078 -0.693572 -0.598198
0.179888 0.773017 0.101728
0.938487 -0.0906024 -0.0897916
-0.330648 0.644505 0.26239
0.543611 -0.738009 -0.360549
-0.748775 -0.249388 0.395013
0.148147 0.81525 -0.206816
0.123019 -0.536377 0.666042
0.467383 0.598426 -0.318736
-0.538461 0.105056 -0.70623
-0.0191542 0.539787 -0.691289
0.870097 -0.13184 0.183321
-0.229487 -0.517459 -0.656738
-0.0555091 0.531946 -0.712836
0.583499 -0.405799 0.491748
0.422395 -0.783991 0.20079
0.672199 0.0318593 0.427068
0.783507 0.134681 0.181889
-0.0315986 0.774477 -0.405513
0.86214 -0.282158 -0.339411
0.720634 -0.362038 -0.479862
0.837881 -0.00121032 -0.377645
-0.529194 -0.367061 -0.572285
-0.460023 0.667236 0.0686402
-0.0772238 -0.417794 0.770124
0.589734 0.261802 -0.534895
-0.726146 0.241947 -0.399575
0.0158336 -0.555972 -0.710127
0.347752 0.678016 -0.351918
0.11235 -0.505679 -0.729125
-0.32243 0.132413 -0.85887
-0.547959 0.0984982 -0.697664
0.233727 -0.85546 0.0507418
0.684221 -0.142897 -0.622133
0.353739 -0.102557 0.719546
-0.0202894 -0.518793 -0.727475
0.410094 -0.796007 -0.108438
0.0414494 -0.586983 0.663332
0.353695 0.139617 0.695345
0.31714 0.467226 0.453228
0.0249539 -0.834723 -0.0894673
0.544992 -0.692505 0.238226
0.240091 0.779222 -0.234255
-0.220151 0.468234 -0.748975
0.108266 0.378086 0.619144
0.102994 -0.399036 -0.762662
-0.54721 0.34542 0.405878
0.177304 -0.196031 0.804604
-0.551809 -0.653929 -0.157179
0.432174 -0.775289 -0.292841
-0.481343 0.237622 0.566167
0.749878 -0.543557 -0.266159
0.00226026 0.107394 -0.873486
-0.0561791 0.0287459 -0.884953
0.608578 -0.689985 0.126807
-0.715669 0.350985 -0.372795
-0.620898 0.148831 0.474165
-0.299246 -0.451639 -0.658728
0.190645 -0.108441 -0.833361
0.203535 -0.162748 -0.819953
-0.532297 -0.586545 0.376316
0.223205 0.606043 -0.530676
0.299759 0.744423 -0.215832
0.230892 -0.307133 0.758857
0.823934 -0.10424 -0.448172
-0.00841263 0.0606628 -0.884157
0.782202 0.197233 -0.233606
-0.130592 -0.833761 0.0111907
-0.408257 -0.744305 -0.195433
0.216917 -0.64159 0.557893
-0.685451 -0.471003 0.0996855
-0.0478429 0.665713 -0.563576
-0.424253 -0.243348 -0.698631
0.00845479 -0.442611 0.74828
0.893953 -0.114718 0.115516
0.149323 -0.467107 -0.740087
0.298188 -0.679842 -0.575396
0.0957123 0.387804 -0.764832
-0.375091 0.707105 -0.297495
-0.00816489 -0.696278 -0.60833
-0.156184 -0.601636 0.647549
-0.173969 0.810613 -0.0249043
-0.130778 0.632655 -0.614076
-0.598803 0.548877 -0.239208
0.737063 -0.0140144 -0.574552
0.348881 -0.314074 0.680945
0.0161464 0.608617 -0.605629
0.137108 -0.774218 -0.493637
-0.0969728 -0.15234 -0.839349
-0.71711 0.0819552 -0.538107
0.0137137 -0.1466 0.873742
-0.388597 0.463275 0.421295
-0.0932535 -0.640632 0.602019
-0.108425 -0.380658 -0.772295
0.438215 0.654598 -0.136648
-0.217657 -0.512149 -0.665527
0.115439 0.597165 -0.581539
-0.0348084 -0.712356 0.500849
0.655129 -0.0349188 0.452907
0.774022 -0.327982 -0.441476
0.71261 0.33359 0.0904748
0.41834 0.0609616 0.675305
-0.174166 -0.754318 0.362156
0.343234 0.358948 0.546485
-0.281278 0.188512 -0.858353
-0.563562 0.435727 -0.544171
0.175724 -0.433116 -0.749926
-0.501583 -0.727148 -0.0754778
-0.550584 -0.275662 0.637037
-0.568612 0.355645 0.370681
0.484832 -0.700772 -0.460619
-0.772918 -0.247577 0.342081
0.245765 0.676628 -0.422301
-0.522921 -0.604343 -0.299986
-0.68778 -0.352443 -0.310671
0.836788 -0.440132 -0.251271
0.824686 -0.461235 -0.156837
0.545469 0.341934 -0.518931
-0.644719 -0.00838367 -0.607812
-0.83085 -0.0818244 0.175018
0.690992 -0.420955 -0.480744
-0.467708 -0.271391 -0.661301
-0.583471 0.559956 -0.272367
-0.277004 0.654114 -0.541974
-0.219925 -0.790522 0.235972
-0.311261 0.582834 0.346171
0.298571 -0.578452 -0.700725
0.908093 -0.265518 -0.141859
0.857027 -0.385788 -0.12684
-0.238504 -0.255255 0.794149
0.504087 0.553024 -0.333766
-0.353763 0.644328 -0.490488
-0.409519 0.501688 0.362974
-0.176516 0.792164 -0.29754
-0.651847 -0.509773 0.271265
0.400211 0.671408 -0.205358
0.726317 0.192396 0.229737
0.00386944 0.759297 0.180136
-0.158971 -0.808779 -0.154409
-0.375588 -0.147228 0.776974
-0.0912996 -0.00812857 -0.874424
-0.559514 -0.421017 -0.517328
0.306596 -0.670193 -0.587258
-0.678599 -0.101266 -0.562926
0.627355 -0.0775277 -0.698473
-0.362288 -0.749411 -0.234907
-0.522802 -0.473915 0.545537
0.380785 -0.666061 0.465933
0.635482 -0.588937 0.25643
0.85778 0.101195 -0.00708404
-0.0486384 -0.302721 0.821323
-0.48204 0.368461 -0.688238
-0.187232 -0.770287 0.317445
0.781757 0.203314 -0.200393
0.0523951 -0.854823 0.162614
-0.422272 0.668533 -0.358082
0.762438 -0.124206 0.336591
-0.37894 -0.792315 -0.0591538
0.789742 -0.336217 0.289739
0.147192 0.0119514 -0.854973
0.786889 0.234678 0.0637525
0.296166 0.420394 -0.655498
0.593136 -0.337568 -0.625137
0.16314 0.557628 0.416213
-0.406957 0.256674 0.605171
0.520128 -0.108181 0.578595
-0.396556 0.354064 -0.742151
0.817117 -0.220842 -0.434015
0.0875452 -0.850512 -0.0159516
0.560323 -0.665636 0.266536
-0.353271 0.748876 -0.0277573
0.771995 -0.440282 -0.375769
0.720371 0.290861 -0.257357
0.0651949 -0.336144 -0.783374
0.623543 -0.651425 0.184397
0.423833 -0.428054 0.593736
-0.24642 -0.709866 -0.427959
-0.320174 0.658113 -0.504518
0.765204 -0.212345 -0.501957
-0.847935 0.00395381 -0.00991663
-0.518807 -0.41084 0.593198
-0.557472 -0.418492 0.560743
0.196237 0.252559 -0.773132
-0.639608 0.062354 -0.616761
0.574663 0.451033 -0.348499
0.55175 0.45224 0.205518
-0.818346 -0.239722 -0.0677744
-0.516481 -0.597885 0.375749
-0.375445 0.205517 0.668371
0.668162 -0.049762 0.439779
-0.322976 -0.489405 -0.626179
0.242168 -0.494656 0.647641
0.620799 -0.0721881 0.484474
0.0622582 -0.326124 -0.786585
0.200856 0.715138 -0.390313
0.870091 -0.260404 0.129145
0.650645 -0.624227 -0.393441
-0.778841 0.219475 -0.0161493
0.569449 -0.723625 0.064345
0.60183 -0.582347 0.328
0.0289934 0.384284 -0.786223
-0.265284 0.530423 0.439289
-0.686978 -0.483592 -0.0544918
0.295257 -0.481911 -0.724515
-0.445941 -0.261083 -0.678132
0.823312 -0.445777 -0.0917701
0.312125 0.52976 -0.566426
-0.160591 -0.757892 -0.391495
0.577843 -0.714667 -0.381501
0.417807 -0.76814 -0.375029
0.14119 0.464327 0.52042
-0.0267229 0.720162 -0.489115
0.698065 0.267824 -0.366128
0.679793 -0.659034 -0.0797801
0.273427 0.565086 0.373487
-0.709526 -0.415321 0.207359
0.593857 -0.149904 -0.697581
-0.626613 -0.373193 -0.468987
0.627655 -0.546362 0.334757
0.0521652 0.640239 -0.555642
-0.330831 0.199508 -0.845681
-0.721453 -0.0462971 -0.507534
0.729319 -0.586673 0.0252679
-0.090112 0.237416 -0.863267
0.275082 0.759126 -0.0823577
-0.0178559 0.660196 -0.558616
0.243349 0.117684 -0.79468
-0.394254 0.708792 -0.213963
0.671181 -0.436403 -0.493553
0.798677 0.21199 0.039375
-0.139484 -0.458027 0.740509
-0.279213 0.328097 0.619871
0.519865 -0.742811 0.179158
-0.787966 0.075752 0.149495
-0.69072 0.437184 -0.0895701
-0.518716 -0.15643 0.682676
-0.207901 -0.170108 -0.831873
0.123695 -0.480031 -0.736797
-0.365833 0.711228 -0.305833
0.825725 -0.406708 0.00898373
-0.615712 -0.608691 -0.0793668
-0.392691 0.263294 0.608061
-0.730864 0.234571 0.132456
-0.760266 0.0843897 -0.352309
-0.304023 0.194675 -0.852247
-0.492557 -0.585521 0.445717
-0.307943 0.750314 -0.27165
0.098826 -0.0966376 -0.857111
0.176525 -0.666138 -0.634416
0.781727 -0.20964 0.315285
-0.769914 0.209534 0.0365141
-0.343368 0.678596 0.196618
-0.430428 -0.411499 0.647375
0.18203 -0.771482 0.392231
0.919548 -0.235838 -0.139239
-0.184225 0.644662 -0.582732
-0.11444 -0.102819 -0.8525
0.383803 0.642305 -0.379942
0.671989 -0.338509 0.428869
0.28307 -0.738828 -0.48711
0.618203 0.438283 -0.273437
-0.0735608 0.844565 -0.205439
0.371559 0.509719 -0.544659
0.0981502 -0.795929 -0.426413
-0.454928 0.674902 0.041011
0.129188 -0.799407 -0.41936
-0.671262 0.459408 -0.061422
-0.0498567 -0.240069 0.850435
-0.671503 0.0800538 -0.59056
0.00766012 0.557484 -0.662798
0.399374 -0.204745 0.666117
-0.0226898 -0.802289 0.278796
0.6899 0.234542 -0.419874
-0.0514122 -0.766675 0.363557
0.803191 0.191432 0.0852218
-0.0234873 0.377146 0.626522
0.433933 -0.624689 -0.586444
-0.164218 0.817639 -0.236572
-0.19557 -0.0357619 -0.854882
-0.728798 -0.409447 -0.0472032
0.302644 0.639967 0.254657
0.398888 0.57736 -0.456688
-0.815476 0.0020512 -0.153146
-0.425538 0.44778 0.410466
0.117553 0.6554 -0.51175
-0.528036 0.601339 -0.341231
0.435825 -0.706928 -0.472019
-0.601126 -0.0470936 -0.642684
0.0238772 -0.793613 0.31393
0.739188 0.296538 0.096116
-0.812199 -0.224949 0.151963
0.851691 -0.364962 -0.0312508
0.719406 -0.595987 -0.190267
0.0352359 0.234011 0.742751
0.389433 -0.653907 -0.577446
0.874569 -0.233166 0.134656
0.326587 0.0869158 -0.771976
0.323723 -0.8245 -0.128619
0.670694 -0.0799679 0.436403
-0.141571 0.693467 0.299918
0.118725 0.179315 0.758894
-0.443013 0.311116 0.531254
-0.383398 -0.435094 0.658628
0.662323 0.382012 -0.254429
0.867782 -0.300536 0.0385925
-0.128131 0.519541 -0.736131
0.103774 -0.229275 -0.815593
-0.0881754 0.580867 -0.672767
0.349694 -0.524722 0.585875
0.0487675 -0.581637 -0.697523
0.502149 0.581275 -0.257808
-0.602175 -0.44601 0.502714
0.461008 0.53001 0.221899
0.725476 -0.321978 -0.49526
0.114326 -0.40936 -0.759113
-0.685591 -0.432892 -0.194981
0.766659 0.241988 -0.120526
-0.309955 -0.720637 0.40604
0.411395 -0.277717 -0.732334
-0.607492 -0.351413 -0.527072
0.483447 -0.0218563 0.614997
-0.205974 0.185134 0.741936
-0.687511 0.318806 0.166222
-0.84424 -0.166583 -0.0916364
-0.608088 0.396665 0.271225
-0.26691 -0.731883 -0.361571
0.522281 0.0404076 -0.709595
-0.412543 -0.592283 -0.476092
0.837183 -0.334629 -0.367813
0.0561848 0.833139 -0.197154
-0.800689 0.160217 -0.00812124
0.622924 -0.68536 0.0879234
-0.234648 0.602205 -0.624458
-0.30752 -0.287046 -0.739443
-0.196943 0.776651 0.124371
-0.141215 0.689366 0.306084
0.505964 -0.761501 0.0786671
0.106995 -0.756142 -0.529063
0.105182 -0.155464 -0.838577
0.330048 -0.801681 -0.289901
-0.019396 0.249263 -0.839609
0.816927 0.0861891 -0.332874
-0.616397 -0.524857 0.346033
0.449789 0.452708 -0.531205
0.472274 -0.122248 -0.74208
0.720296 -0.00465852 -0.585555
0.331411 -0.286478 -0.757031
0.0266286 -0.429888 -0.755248
0.482178 -0.56212 -0.590039
0.00180855 -0.1745 -0.834891
-0.828455 -0.000372362 0.107318
-0.528322 -0.593638 0.36569
0.388914 0.592839 0.21039
0.453831 -0.318044 0.604081
0.0897481 0.677823 -0.495292
0.789976 -0.503188 -0.0514483
-0.774321 -0.26923 -0.161953
-0.477526 -0.245661 -0.668887
-0.611149 -0.531117 0.342899
-0.0194559 0.131408 -0.872936
-0.43362 -0.742815 0.123742
-0.651509 -0.377041 0.499513
0.478147 -0.6977 0.322717
0.621509 -0.0235416 -0.67878
-0.217314 0.0925669 -0.869781
-0.733805 0.0157727 -0.476419
0.76093 -0.55659 -0.132891
-0.0322728 -0.769663 0.360968
0.155982 -0.857661 0.00283164
0.106986 -0.507496 0.69075
0.282335 0.0866086 0.759941
0.157318 -0.708797 -0.583735
-0.744903 0.247704 0.0695964
-0.054954 0.571072 0.435801
0.86435 -0.0270385 -0.318213
-0.622467 -0.0843103 -0.621987
-0.677998 -0.273877 -0.448857
-0.722669 -0.399522 -0.134262
0.407758 -0.799495 -0.00914095
0.491344 0.302342 -0.611188
0.23783 -0.209222 0.778557
-0.245149 0.0862315 0.769687
-0.472358 0.433668 0.384973
-0.622367 -0.596258 -0.08375
-0.276653 -0.573124 -0.602507
0.0474273 -0.823495 -0.187872
0.462703 0.505406 0.265359
-0.770395 -0.280315 0.302839
-0.0967361 -0.704572 -0.565154
0.928197 -0.149746 -0.190175
-0.322511 0.0534298 0.760726
0.832867 0.147794 0.0118535
-0.477123 -0.59919 -0.38519
0.486434 0.608815 -0.168361
-0.215512 -0.660959 -0.555657
-0.821673 -0.157877 -0.168917
-0.338334 0.746202 -0.183191
-0.222886 0.414504 0.572884
0.437448 -0.605067 0.47978
-0.217775 0.575977 -0.661947
-0.671453 0.174692 0.357792
0.825647 -0.041553 0.231001
-0.324383 0.022106 0.767219
0.13984 -0.0157931 -0.86415
0.0421312 -0.81063 -0.279251
0.20346 -0.395837 0.727633
0.595365 -0.439282 -0.570038
0.331916 0.429869 0.482943
-0.614115 -0.586344 0.156499
-0.266029 -0.787798 0.187607
-0.621446 -0.481953 -0.303244
0.836595 0.0959165 -0.228645
-0.519137 0.301021 -0.687618
-0.00805594 0.720595 0.240603
-0.700742 0.41722 -0.357716
-0.109847 0.0614529 0.804372
0.698653 0.328128 -0.24115
0.171283 0.154169 0.764082
-0.60867 0.237187 -0.617215
-0.616923 -0.458762 -0.361379
-0.65338 -0.538915 -0.0248772
0.197618 0.053098 -0.82685
0.0349302 0.799956 0.0811051
-0.649652 0.137475 0.434325
-0.69302 -0.469953 -0.0180702
-0.592393 -0.569034 -0.229373
-0.364779 -0.106573 -0.793407
-0.487625 -0.689925 -0.189253
0.523346 0.523654 0.13023
0.841195 0.0275593 0.178169
-0.811427 -0.255312 -0.0313135
0.427929 0.0502582 -0.742697
-0.748388 -0.0315466 -0.423567
-0.752853 -0.0105471 -0.41087
0.132276 0.0873959 0.796999
-0.446462 0.187093 -0.786736
0.0993064 -0.704904 -0.597123
0.49522 0.0849529 0.589283
-0.592215 0.0977496 0.545217
0.722449 -0.601237 -0.145235
0.0167979 -0.821991 -0.177884
-0.449272 -0.112203 -0.740967
0.398772 0.394701 0.47121
-0.686231 -0.0388935 0.491059
-0.329452 -0.780523 0.145708
0.444747 0.582167 0.139762
0.439745 0.238096 -0.682417
-0.321008 -0.566537 0.617927
0.774259 -0.0688973 0.318188
-0.755277 -0.347246 0.0678758
-0.679275 0.452285 -0.0964597
-0.674477 0.164025 -0.574047
-0.657332 -0.456323 0.427246
0.34757 0.633406 -0.420327
-0.385676 0.255101 0.619414
0.602659 -0.705689 -0.123422
-0.36045 0.304436 0.591885
-0.759782 -0.353726 -0.0590679
0.356425 0.553386 0.348164
0.567393 -0.418514 0.500497
-0.6319 0.298089 0.319292
0.831932 0.0824003 -0.272765
0.863986 -0.294769 0.0803426
-0.577643 0.431848 0.278231
