ply
format ascii 1.0
element vertex 10000
property float x
property float y
property float z
element face 0
property list uchar int vertex_indices
end_header
0.606705 -0.263598 -0.609038
0.00361343 -0.360467 0.709168
-0.0792828 0.542856 0.49209
-0.0718241 0.613381 -0.744729
0.513211 0.568565 -0.446324
-0.162354 -0.150613 0.826907
-0.655099 0.44511 -0.164467
-0.785963 0.11941 0.0255934
0.735305 -0.106267 -0.51611
0.0477775 0.094533 -0.899228
-0.600214 -0.297581 -0.546565
0.157779 0.871772 -0.263814
-0.12826 0.437605 -0.847652
-0.476031 0.4612 -0.692548
-0.103209 0.674433 0.338686
0.427071 -0.436828 0.469928
0.343092 -0.156606 -0.811782
0.864002 0.133606 0.0407683
0.707365 0.422689 -0.00899068
-0.788702 -0.297492 0.0116179
-0.72203 -0.49466 -0.0200527
0.417662 0.693308 0.0338559
0.699766 0.203747 -0.555149
-0.103182 -0.672931 -0.4604
-0.234573 0.47534 -0.80429
0.267073 0.113675 -0.884132
0.173487 0.519544 -0.783178
0.783122 0.243037 0.079947
-0.637027 -0.352096 -0.462185
-0.118927 0.231021 0.751033
-0.214657 -0.747389 0.397956
0.778424 0.0160558 0.228807
-0.210624 -0.833636 0.221318
-0.561788 0.285537 0.510458
0.361319 -0.413913 -0.691062
-0.255647 0.116045 0.767305
0.160454 0.861116 -0.331446
0.779519 -0.415721 -0.24195
-0.0192859 -0.427765 0.66509
0.0330545 -0.673629 -0.467988
-0.587513 0.594122 -0.215898
-0.0389025 -0.0900042 0.846992
-0.553127 0.0109117 -0.728715
0.722683 -0.198403 0.291177
0.106108 -0.611709 0.474269
0.191004 -0.783191 0.120588
-0.709976 0.0685182 0.406462
-0.637586 -0.454518 0.336517
0.576957 0.591734 -0.151294
-0.256206 -0.705849 -0.363526
-0.558969 0.528313 -0.549678
0.771031 0.174021 0.161339
0.486097 -0.560599 0.266988
0.381601 -0.311279 -0.753422
-0.43667 -0.722403 -0.175486
-0.673985 -0.534051 -0.192042
0.485289 0.505417 0.258438
-0.124975 -0.841359 0.173943
0.938583 -0.0233989 -0.0658935
-0.795529 -0.0237152 0.0252356
-0.487758 0.627427 0.234726
-0.5451 -0.537895 0.367205
0.0076262 -0.108849 -0.85461
0.621373 0.529063 -0.268439
0.715089 -0.517231 -0.144162
0.0270047 -0.751783 0.325479
-0.0112406 -0.844767 0.0179713
0.563145 0.556627 0.0577733
0.391617 0.297241 0.591015
0.155548 -0.0505672 -0.870013
-0.221212 0.865379 0.0496288
0.0568877 0.728395 0.25984
0.214791 0.659407 0.268237
0.323276 0.346062 -0.796388
-0.538237 0.470137 0.368238
0.242899 0.0699944 0.774168
-0.312923 -0.284422 -0.725673
-0.154838 0.911496 -0.121536
0.52549 -0.666307 0.0482721
0.912725 -0.228472 -0.094474
0.116167 0.474595 0.540309
-0.74533 -0.454104 0.0127204
0.0922965 -0.672059 0.41576
0.499517 -0.554009 0.262245
0.0730766 -0.604513 0.493456
-0.359031 -0.797108 0.0542947
-0.721931 -0.121875 0.376448
-0.609187 -0.120278 -0.651765
-0.522196 -0.632963 -0.303167
-0.274566 -0.824453 0.131277
-0.0908688 -0.702086 -0.388662
0.725972 -0.452837 -0.366507
0.0253329 0.767084 0.207865
-0.780123 0.164386 -0.0238487
0.306184 0.31023 0.626226
-0.681752 0.232098 -0.443459
0.477108 0.642173 -0.352592
-0.790901 0.0618284 0.0281143
-0.683256 0.105266 -0.540334
0.495555 0.648358 -0.0668482
-0.0319277 0.834612 0.104577
-0.405983 0.145501 -0.786778
-0.303404 -0.570186 -0.578001
0.239152 0.506297 -0.769184
0.0968293 0.664512 0.320385
-0.45586 -0.581836 0.440435
0.845502 0.258541 -0.111567
0.314184 0.586604 0.310428
-0.792048 -0.0309647 0.106463
0.63554 0.461458 0.0878011
0.313668 0.750919 0.0969937
0.718384 -0.339748 -0.430263
0.069896 0.0252587 -0.887427
0.809109 -0.302225 -0.316275
-0.0249426 0.69275 0.325018
0.0205776 0.922044 -0.153282
-0.203884 0.360408 -0.838419
0.729197 -0.424314 0.123088
0.0565609 0.85054 -0.456043
-0.00644257 0.887205 -0.374128
0.246519 0.223466 0.704545
-0.232172 -0.0893091 0.812281
-0.00870425 0.646387 -0.710113
-0.645415 0.0112759 0.513255
-0.154263 -0.0268758 0.8257
-0.489667 -0.631965 -0.342063
0.102246 -0.2802 0.712301
-0.657882 0.034519 -0.674642
0.135139 -0.710819 -0.382387
0.0285777 -0.707576 -0.383168
0.599477 0.428982 0.186084
0.448477 0.327131 0.524893
0.624884 0.185875 0.375331
0.683985 0.101456 0.325203
-0.488389 0.68433 -0.277891
0.138729 -0.551608 0.522903
-0.711706 0.234537 -0.308054
-0.506533 -0.325614 -0.62305
0.746288 -0.339487 -0.391184
0.346815 -0.773408 -0.149746
0.293149 -0.54095 -0.633121
0.181812 0.194216 -0.927633
-0.492926 0.720664 0.0256492
-0.256657 -0.788587 0.314963
0.612405 -0.135643 0.452523
0.0929399 -0.802542 0.153317
-0.425541 0.298679 -0.764352
0.417071 0.348394 0.540499
0.674677 0.181302 0.311186
-0.358849 0.126969 -0.79957
0.201058 -0.655812 -0.504876
-0.662697 0.154416 -0.59084
-0.0494573 -0.806019 -0.0930149
0.832106 -0.280654 0.0631361
-0.538096 0.372941 -0.705319
-0.1743 0.365475 0.65874
0.571308 0.348538 -0.626947
0.434302 -0.738413 -0.0740977
-0.400395 -0.011572 -0.770874
-0.495486 -0.580405 0.3868
-0.603653 -0.0559625 0.560275
-0.537998 -0.597075 0.295008
-0.0322686 -0.45348 -0.74117
-0.291007 -0.734955 -0.254189
-0.101336 0.744457 0.244426
0.577762 -0.643777 -0.029743
0.292198 -0.169928 0.691662
-0.0414408 0.165998 0.795442
0.118278 -0.0187542 0.814832
0.553843 0.52971 -0.450484
-0.0350619 -0.281693 -0.806029
0.188821 -0.63688 0.413798
0.372225 -0.757092 -0.213888
-0.0232684 -0.815851 0.196571
0.424015 0.708074 -0.255604
-0.79248 0.0864796 -0.0617037
0.444298 -0.612435 0.23628
-0.678853 -0.521697 0.112636
0.0978765 0.431137 -0.852273
0.728534 0.0370512 0.287672
-0.207943 0.184736 0.75083
0.435254 -0.363358 0.529302
-0.658336 0.427849 -0.194807
0.175198 0.772565 -0.528296
0.368474 0.769122 -0.124064
0.22727 0.0735062 0.778713
0.533583 -0.00700061 -0.759653
-0.0149969 -0.61074 -0.611129
-0.377167 0.295357 0.630259
0.781194 -0.0707262 -0.46833
0.641395 0.22147 0.337338
-0.745749 -0.454086 -0.0563837
-0.0262611 0.346658 0.686286
-0.724701 0.00880623 0.404699
-0.710075 -0.233545 -0.355243
-0.734144 -0.0450871 -0.345811
0.459544 0.186964 0.568958
0.242923 0.543194 0.400391
0.693574 -0.523907 0.0546134
0.337224 -0.145202 0.683186
-0.688767 -0.0617084 -0.514544
0.178527 -0.71773 0.306172
0.485526 -0.638013 -0.362274
-0.57729 -0.547302 -0.355046
-0.342977 -0.612765 0.493652
-0.220445 -0.795599 0.312402
0.882736 -0.101153 -0.311395
0.812324 -0.298277 0.0922523
0.893614 -0.14477 -0.264571
-0.644079 -0.375777 0.414681
-0.440688 -0.494492 0.53083
-0.617319 0.537348 -0.172558
-0.335732 -0.726218 -0.25452
0.273517 0.667552 0.228838
0.699595 -0.135578 -0.552515
-0.689858 -0.157083 -0.466284
-0.061234 0.554247 -0.789033
-0.503453 0.712767 0.0238357
0.413165 -0.461549 -0.614424
0.100066 -0.535097 -0.692025
-0.493586 0.720379 -0.0704842
0.917296 0.0422349 -0.0556075
-0.403003 0.708866 0.201904
0.498852 -0.225008 -0.728127
-0.67291 0.423019 0.164626
0.617914 0.53393 -0.259438
-0.0712149 -0.235893 -0.81452
-0.575245 0.391148 0.398756
0.306414 0.269075 -0.837798
0.309615 0.730881 -0.432077
-0.222135 -0.824915 0.245432
0.721838 -0.170068 0.308612
0.857496 -0.132888 -0.331953
0.0677437 0.90699 -0.0973999
0.758528 0.182704 0.174681
-0.54166 0.337973 0.49075
-0.640014 0.0822027 -0.707602
-0.280697 0.347834 0.644891
-0.125314 -0.563921 0.587713
-0.0512021 -0.859404 0.068165
-0.735021 -0.411193 -0.16246
0.241372 0.343044 -0.850793
0.396203 0.585981 -0.591982
0.578922 0.570967 -0.285785
-0.318303 0.814928 -0.298843
0.390642 0.0533427 0.663051
-0.27322 -0.644831 -0.502849
0.712154 -0.416643 0.157831
-0.391257 0.0758074 -0.784287
-0.726741 0.0377508 0.381516
0.462157 0.342569 -0.706513
-0.493455 -0.626266 0.325278
-0.553176 0.636805 -0.190643
0.590634 0.567736 -0.227359
0.479256 -0.705113 -0.183106
-0.307399 -0.629277 -0.505855
-0.0438622 -0.461034 0.645808
0.604926 0.305471 0.321054
0.699941 -0.440862 0.15159
0.304019 -0.678905 0.279102
0.523246 -0.457136 -0.533648
0.577831 0.47541 -0.504242
0.369938 -0.745078 0.0392002
-0.270621 -0.274422 0.775803
0.035019 -0.542524 0.559329
0.382019 -0.136903 0.653714
0.494509 -0.136504 -0.758427
0.326213 -0.591631 0.387568
0.589259 -0.59309 0.109737
-0.181131 -0.267787 -0.770788
-0.258923 0.52198 0.492815
-0.653321 0.17354 -0.616562
-0.403725 0.253529 0.63987
-0.742502 -0.305429 -0.189892
-0.452531 -0.31766 0.629318
-0.203585 -0.0122824 -0.822013
-0.0283288 -0.403218 -0.761613
-0.268997 -0.230647 -0.757108
-0.225461 0.555775 0.464838
0.552748 -0.659631 -0.223669
-0.663724 0.0121801 0.491702
-0.00257605 0.375782 0.65556
0.730959 -0.32557 0.205289
0.608183 0.216862 -0.651334
0.613919 -0.210033 -0.628
-0.41061 0.726571 -0.363024
0.413472 0.0753961 0.640534
-0.664701 -0.493533 0.20969
-0.537942 0.60752 -0.414574
-0.747597 -0.195127 -0.229186
0.110653 -0.0712899 0.806259
0.370996 -0.388587 -0.703261
0.576825 -0.179245 0.472967
0.558061 0.0211223 0.499364
0.468429 -0.178346 0.572251
0.313947 -0.671671 -0.430451
0.468114 -0.416936 -0.606995
0.32966 -0.374892 -0.745464
-0.422288 0.264649 -0.768935
0.824533 -0.0946603 -0.396209
-0.665127 0.286866 -0.469822
-0.307396 0.8515 -0.217434
-0.432479 0.541594 -0.658742
-0.412582 -0.774007 0.118665
-0.676939 -0.143896 -0.520715
0.588527 0.521674 0.0838159
0.514468 -0.682616 -0.208665
0.196459 -0.316541 -0.791688
-0.21727 0.803942 0.133969
-0.170859 -0.770185 0.353015
-0.260835 0.873217 -0.206777
0.201302 -0.459977 -0.726084
0.671901 0.459722 -0.355778
-0.406302 0.782328 -0.198477
-0.532327 0.614941 -0.405531
-0.481766 0.229866 -0.750678
-0.531123 0.632332 0.159942
-0.537203 0.675033 -0.0788706
0.100673 -0.804305 -0.121005
-0.52648 0.10034 -0.746439
0.649885 -0.0686434 -0.653775
0.265744 0.703914 -0.560749
0.4372 0.276476 -0.751341
-0.0957053 -0.853723 0.0774237
-0.254346 0.759051 0.184468
0.380415 0.396871 0.515431
0.29916 0.80616 -0.190519
-0.226961 0.443513 0.579289
0.0275011 -0.810461 -0.0913249
-0.0273485 0.580284 0.451309
-0.549815 -0.392252 0.527496
0.012514 -0.560567 0.551461
0.524248 0.614897 -0.0267059
-0.78778 -0.189502 0.113629
0.952348 -0.0739666 -0.175631
0.0518463 0.406445 -0.872297
0.0496685 -0.612233 -0.605717
-0.763757 0.203904 0.00484817
0.42415 0.00573087 0.637783
-0.279062 0.40149 0.603661
0.610727 0.425561 0.172643
0.156393 -0.738094 -0.315939
-0.686027 0.412001 0.0506898
-0.2442 0.880944 -0.164616
0.549328 -0.674464 -0.109722
0.761725 -0.188559 0.23551
0.134894 0.298741 0.702916
-0.101021 0.79657 -0.518879
-0.0448928 0.395771 -0.882036
-0.184576 0.53748 0.503837
0.238555 0.696332 0.21001
-0.725674 -0.00982827 0.411692
0.728898 -0.393596 -0.39021
0.415922 0.261257 0.58975
0.756705 -0.204494 -0.439929
-0.520536 0.606711 0.223561
0.860876 0.116892 -0.353639
0.437488 0.0602223 0.620582
-0.683839 0.347612 0.215962
-0.604237 0.592692 -0.0968746
-0.0103388 -0.326293 0.734253
0.721407 -0.493704 -0.279741
0.255551 -0.347902 -0.778586
0.183077 -0.795869 -0.158959
0.288456 0.782943 -0.334971
-0.396578 -0.654335 -0.41318
0.458725 0.548494 -0.560838
-0.643161 -0.0514486 0.515487
-0.693826 -0.471163 0.171382
-0.649796 0.497034 0.152829
-0.109869 0.58841 0.444731
-0.613068 0.45779 -0.471672
-0.0717018 0.515111 0.519547
-0.197074 0.380027 0.64357
-0.681756 0.328804 -0.328608
-0.488686 0.610888 0.255602
0.948102 -0.0335653 -0.119512
0.873791 -0.0791661 0.121846
0.385279 -0.588389 -0.520022
0.724173 -0.49188 -0.262509
0.521354 -0.527913 -0.476781
0.651984 -0.261022 0.358886
0.596082 -0.222437 0.440727
0.314973 0.510273 0.405891
-0.0783995 -0.09396 -0.840604
0.16344 0.855918 0.0189456
0.0171358 0.281367 0.749271
-0.261837 -0.0411301 0.800404
-0.531934 -0.0964623 0.618203
0.308724 -0.260456 0.639356
-0.655377 0.127755 -0.644864
-0.207323 -0.794559 0.31016
0.82218 0.289841 -0.282086
0.552398 0.308727 -0.658906
0.305655 0.643764 0.242791
-0.157929 0.854577 0.0816596
-0.344712 0.535515 0.440757
-0.239158 0.373169 0.640166
-0.345737 -0.639982 -0.475677
0.650049 0.338605 0.208152
0.0280457 -0.653853 -0.515505
-0.295824 -0.487406 0.622483
-0.603177 -0.168723 0.538271
0.133481 0.826806 -0.459031
-0.622998 -0.550466 0.214843
0.46187 0.653711 -0.352347
-0.779165 0.137146 -0.0905831
-0.629724 0.420544 -0.456773
0.493428 0.365987 0.426896
0.82488 0.286309 -0.105241
0.0555523 0.317118 -0.917794
0.589314 -0.138991 0.473701
0.145452 0.474373 0.533536
-0.785883 -0.27383 -0.0188711
0.607619 0.283523 0.339232
0.631863 -0.321622 -0.54922
0.416685 0.726378 -0.117461
-0.536411 -0.143333 0.602409
0.345931 0.0349865 0.702042
0.301079 0.434436 0.508035
0.0987252 0.0556665 0.818887
-0.670819 -0.53967 -0.184919
-0.289543 -0.818772 0.0879369
0.105988 0.72406 -0.629402
-0.45296 -0.188999 -0.716189
-0.498423 0.153856 -0.752176
0.00721794 0.911727 -0.0818216
-0.698018 -0.42205 -0.313023
-0.682108 -0.130394 0.461597
0.730759 -0.0477345 -0.549978
-0.531561 -0.628462 -0.297467
-0.664735 -0.416052 0.347272
-0.684531 -0.450008 -0.332501
0.560897 -0.563999 -0.396753
-0.484582 0.0721377 0.677561
0.122243 0.893881 -0.173215
-0.427474 0.0439653 0.728195
0.272565 -0.794334 -0.134289
-0.310438 0.745041 0.187828
0.428074 0.410477 0.459665
-0.0693522 0.555868 -0.788904
-0.70982 0.177469 -0.364322
0.875948 -0.292847 -0.100714
0.377883 0.653215 0.194965
-0.692068 0.153722 -0.461948
0.699597 -0.182361 -0.530547
-0.0802113 -0.717488 -0.351045
-0.086443 0.794819 0.17994
-0.643136 0.366742 -0.484929
0.872014 -0.218136 0.0192674
-0.712823 -0.363237 0.296223
-0.270729 -0.795899 -0.0206584
0.245614 0.148931 -0.897842
-0.353546 -0.415457 0.641021
0.0604107 0.313074 0.710846
0.359148 -0.705845 0.183785
-0.355345 0.730613 -0.446195
-0.220492 -0.718596 -0.330534
0.919516 -0.024636 0.0113731
0.384294 0.336274 0.570196
0.0270553 0.631395 -0.71674
0.539632 0.539586 0.135171
0.239892 -0.472475 0.54969
0.729961 0.142409 0.251103
-0.700886 0.17576 -0.405098
-0.323529 0.249937 -0.80648
0.0791284 0.892685 -0.264853
0.188639 -0.667052 -0.47996
0.737125 -0.155144 0.293109
0.624442 0.351944 0.237272
0.684097 -0.363922 0.257039
-0.580981 0.515127 -0.52746
-0.204511 0.84665 -0.382481
0.746163 -0.330497 -0.39558
-0.398601 -0.574518 0.489235
-0.417084 -0.629912 0.427861
0.179128 0.0196615 -0.884253
-0.791014 -0.168518 0.044854
0.817329 0.25191 -0.342718
0.539723 0.594383 -0.344032
0.212481 0.466804 0.511555
0.805112 0.102338 0.165212
-0.133396 0.807636 -0.500411
0.0174233 0.889883 -0.010232
0.646589 -0.334418 0.326689
0.354021 -0.275833 -0.779768
0.498657 0.6178 -0.369874
0.179582 0.21708 0.733148
-0.340558 0.198104 0.702204
0.831958 0.281908 -0.207453
-0.305138 -0.177443 0.780447
0.935185 -0.0678773 -0.0501412
0.279852 -0.43747 -0.725671
0.598189 -0.196802 0.446825
-0.0864905 0.569944 -0.780401
-0.467339 0.255367 0.598269
0.207148 -0.716127 0.288685
0.829525 0.274398 -0.0408075
-0.327263 0.525131 0.460775
-0.535734 0.685044 -0.0359274
-0.749227 0.182329 -0.186514
-0.0042218 -0.131893 0.821325
0.73586 -0.0876596 0.303896
0.255632 -0.543384 0.487222
-0.793932 -0.160749 -0.0252603
0.545606 -0.631546 -0.317523
0.0398126 0.662842 -0.690448
-0.124229 0.32983 0.695357
-0.118227 -0.121577 0.837065
-0.169748 0.029981 -0.838079
0.741252 -0.076383 -0.521786
0.22741 -0.0922883 -0.84929
-0.601979 0.591626 -0.117136
0.199258 0.674922 0.256441
0.277896 0.520389 0.411701
0.735186 -0.0497269 -0.542822
-0.69387 -0.502507 0.108693
-0.133721 0.837159 -0.440484
0.378995 -0.147292 -0.80039
-0.510989 -0.667495 -0.24376
0.359456 -0.759867 -0.061498
0.553946 0.344046 0.364635
-0.147704 -0.558687 -0.643806
-0.207237 -0.672282 -0.454895
0.581771 -0.170807 0.470879
0.152664 0.569814 0.411733
-0.776127 -0.182687 -0.113086
-0.427035 0.661476 -0.497555
-0.186711 0.249177 0.724747
0.776183 0.351164 -0.0819632
-0.283667 0.461347 -0.790792
-0.340798 0.206919 0.698136
0.283368 -0.651592 0.336013
0.0748725 -0.401176 0.656721
-0.686001 -0.185972 -0.467328
0.267139 0.67868 -0.608869
-0.232558 0.857457 -0.311013
-0.558934 -0.312303 -0.580749
0.0259929 0.760953 0.218365
-0.47115 -0.665948 0.294299
-0.712323 -0.387815 -0.274229
0.513522 0.628249 -0.0455667
-0.121454 0.706194 0.291271
0.514193 0.654243 -0.20693
0.0183867 -0.0687576 -0.863676
-0.229574 -0.479566 0.665887
-0.555961 0.670052 0.0309638
-0.482066 -0.465187 -0.547086
0.451545 0.0641642 -0.802519
-0.471436 0.406415 0.492832
-0.392532 -0.201707 0.710091
0.120729 -0.643474 -0.535597
-0.491332 0.555616 0.322809
0.164555 0.883211 -0.168378
0.453647 0.027809 -0.796918
-0.230265 -0.794535 -0.0583207
0.7322 -0.413313 0.129909
0.839181 -0.119629 0.153152
-0.612478 0.132832 0.523613
-0.716233 0.321565 -0.0661294
0.352492 0.739471 0.0683586
0.216583 0.291802 0.675815
-0.419967 0.189802 0.667771
0.362825 0.729894 -0.346656
0.66454 0.464264 -0.372649
-0.0823293 0.331152 0.698159
0.395069 -0.544995 0.386764
0.521447 -0.106196 0.548441
-0.0495752 -0.0514872 0.846845
-0.0266855 0.913512 -0.0722476
-0.438997 -0.695182 -0.275984
-0.637321 0.0475409 0.514913
-0.140712 -0.0490167 0.830332
-0.171134 0.627616 0.385433
0.208349 -0.333573 0.642772
-0.0818956 -0.100446 0.844006
0.252318 0.0662945 0.769671
0.156121 0.55332 -0.759324
0.351434 -0.0163673 -0.831593
-0.38816 0.0956151 -0.787372
0.136812 0.770941 0.166244
0.441171 -0.0311476 0.623741
0.309921 0.0241978 -0.853728
0.154983 0.802394 0.109924
0.383712 0.649896 -0.486814
-0.672995 -0.366511 0.381779
0.127356 -0.220729 0.732221
0.308984 -0.28332 0.627717
0.603419 -0.264707 0.413652
-0.276222 -0.458394 -0.669508
-0.0947985 -0.854031 0.0779658
-0.0877838 -0.615461 0.536505
0.556717 -0.251834 -0.663272
-0.0701464 -0.00920388 -0.857297
0.602267 0.538357 -0.32694
0.850684 0.169241 0.0316336
0.573344 0.26856 0.410102
0.221198 -0.304013 -0.795617
-0.791184 0.0148895 0.105058
0.592719 -0.274593 -0.618342
-0.534582 0.435613 0.407474
0.770968 0.353296 -0.348716
0.321642 -0.556622 -0.599195
0.327253 -0.534134 0.467364
-0.215956 -0.688443 -0.414065
0.0891284 -0.53127 -0.696161
0.160247 0.152329 -0.920211
0.300315 -0.46999 0.527177
0.210748 0.855623 -0.0401053
-0.577611 -0.549936 -0.350826
-0.468437 -0.337852 0.610619
-0.796174 -0.0851074 -0.0287412
-0.676097 0.359861 0.22895
0.764223 -0.187822 -0.437194
-0.26709 -0.749277 -0.214491
-0.227958 0.0350749 -0.823792
-0.28808 0.378578 -0.806511
0.27739 0.225527 -0.872846
0.466186 -0.493592 0.370819
0.11208 0.196882 -0.925407
0.0785973 0.667333 0.32589
0.486853 -0.390202 0.45191
0.673256 0.458101 0.0138237
0.772344 -0.00843422 -0.510009
-0.665717 -0.557403 -0.14016
0.380865 -0.337156 0.570039
0.0875347 -0.451606 0.616158
0.146758 0.192442 0.757843
0.37611 0.45341 0.446627
-0.297955 0.817921 0.0846774
-0.0429181 0.883737 0.0218576
0.556513 0.229439 -0.687545
-0.222421 -0.265469 0.787209
0.741981 -0.386069 0.143129
0.480164 0.656111 -0.317598
-0.69244 -0.510219 0.095837
0.490782 -0.43761 0.40212
-0.427897 0.757747 -0.213337
-0.248534 0.803243 -0.438811
-0.486851 0.357351 -0.736101
0.0587987 0.673988 0.327352
0.185394 0.58741 0.373358
0.716617 -0.491235 0.0524872
0.047327 -0.537533 0.559789
-0.747384 0.188067 0.140593
0.384043 -0.22337 0.62412
-0.0918249 0.893961 -0.334899
-0.703423 -0.522541 -0.101465
0.60668 0.532908 -0.331168
-0.59733 0.503138 -0.446401
-0.31677 -0.586029 0.534096
0.943129 -0.0813843 -0.0882828
-0.113234 0.758958 0.221907
0.320027 0.702706 0.161544
-0.724892 -0.496036 -0.084176
-0.719409 -0.442627 -0.212624
0.339317 0.424111 0.501835
0.489406 0.257192 0.520592
0.281748 -0.539453 -0.641277
0.324589 -0.759531 0.0348633
-0.223954 0.850156 0.0694907
-0.360258 -0.72184 0.345952
0.00496661 -0.580047 -0.663729
0.915892 0.03065 -0.00119408
-0.739041 0.109307 -0.289731
0.0426869 0.589439 0.43567
-0.674159 0.400367 0.19056
-0.270549 0.290072 0.683212
-0.393466 -0.506581 0.550449
-0.0112516 -0.660242 0.467099
-0.708143 0.187924 0.310023
-0.70834 -0.296058 -0.332774
0.782951 -0.247617 -0.382811
0.234526 -0.688634 0.319213
-0.315058 -0.804207 0.0485131
-0.45037 0.506606 -0.676752
-0.400104 0.347939 -0.768729
-0.695161 -0.0635895 -0.48926
0.438969 0.703238 -0.0954474
0.377366 0.283158 -0.787151
-0.479914 0.440879 -0.706374
0.293566 -0.768699 0.0379463
0.326667 -0.00412298 -0.842901
0.256326 -0.775739 0.0750108
-0.401037 0.33288 -0.769891
-0.119294 -0.470693 0.659483
-0.693316 -0.524635 0.0606156
-0.171995 -0.382236 0.737182
0.375432 -0.0984915 -0.809483
0.810346 -0.363591 0.0106257
0.446489 -0.362848 0.520733
-0.0629571 0.714159 -0.635744
0.117318 0.893394 -0.18635
0.427815 -0.738307 -0.0552329
-0.701481 -0.181269 -0.411605
0.615282 -0.20638 -0.628257
-0.306122 -0.729457 -0.264727
0.0720784 0.787933 0.160057
-0.475681 0.0956794 -0.761153
0.521518 0.0525979 -0.768846
0.512813 -0.584597 -0.411363
0.297483 -0.778136 -0.0556334
-0.417968 -0.685749 0.339404
-0.440631 0.387285 0.533942
-0.517974 -0.669739 0.199145
0.220117 0.210414 -0.914452
0.513401 0.585897 0.107398
0.247685 0.558739 -0.732471
-0.597313 0.516875 -0.400757
0.595861 0.55883 -0.254177
-0.774451 0.00610578 -0.19749
-0.622152 0.55076 -0.0879282
0.255149 -0.676985 -0.455159
0.746879 0.33602 -0.420654
0.914075 -0.0374317 -0.297042
0.0239088 0.652058 -0.701091
-0.339035 -0.0750246 0.771109
0.675134 -0.0613357 0.38031
0.195513 0.275194 -0.906211
-0.415255 0.777627 0.0189751
0.482636 0.418762 -0.651348
0.607101 -0.435603 -0.485755
-0.631091 0.5457 -0.0304316
0.486654 0.120217 -0.777122
-0.312016 0.476329 0.527358
-0.709753 -0.0904084 0.419902
0.53184 -0.323477 0.462167
-0.745415 -0.136584 0.305118
0.941272 -0.0138558 -0.252616
0.491901 -0.224971 -0.733514
0.130017 0.724645 -0.629579
-0.316917 0.58917 0.385904
0.424212 -0.728966 0.0344251
0.0915207 -0.810764 -0.100143
0.0323885 0.912261 -0.0954284
0.385948 0.754226 -0.12501
0.248161 -0.188734 -0.822146
0.48438 0.610352 -0.409449
0.582523 -0.647478 -0.0982841
-0.548825 0.518337 -0.572624
-0.274666 -0.318127 0.750872
-0.729923 0.160908 0.265196
0.552359 0.604913 -0.25466
0.584626 0.375709 0.276495
0.791037 -0.395627 -0.272048
-0.708717 0.0307518 -0.476456
0.824225 -0.112731 0.180543
0.0705146 0.457597 -0.838921
0.203052 0.314666 0.667545
0.312227 -0.74391 0.126069
-0.740453 -0.430993 0.118747
-0.554461 -0.391992 0.522258
-0.472802 -0.632485 0.349645
-0.013846 0.625161 0.401207
0.390189 0.563989 0.300785
0.626354 0.344845 0.241845
-0.521159 -0.349597 -0.594885
0.295102 0.160316 -0.879105
0.192307 -0.033027 0.789896
-0.0586732 -0.654282 0.4902
-0.631808 -0.146717 0.519136
-0.255035 -0.248183 -0.755326
0.784124 0.175346 0.138152
0.0839759 0.409309 0.610717
0.0876816 0.0622021 0.820079
-0.775706 0.0646017 0.197404
-0.336594 -0.405559 0.657662
0.0973251 -0.80663 0.137527
-0.030533 -0.0237947 0.84317
-0.211546 0.0480836 0.80458
0.307188 0.20955 0.689567
-0.671969 0.278011 0.334177
0.367651 0.494184 0.39969
0.67662 -0.559247 -0.233441
-0.511177 -0.516196 -0.460783
0.230879 0.821932 -0.334567
-0.508831 -0.0634329 0.646565
-0.750781 0.0791898 0.284384
-0.0636483 0.815308 -0.496429
0.775861 -0.109911 -0.457424
0.123276 -0.534654 -0.688852
-0.682043 -0.532618 0.0780204
-0.0516761 0.92665 -0.230713
-0.427897 0.746386 -0.270455
-0.58088 -0.635829 -0.166229
-0.364583 0.786619 0.0799995
0.783921 0.339156 -0.294535
0.809664 -0.16747 0.172271
-0.441908 -0.723805 -0.164585
-0.629212 -0.066938 0.531228
-0.712332 -0.205958 0.36889
-0.222989 -0.723092 -0.316603
0.544533 0.401016 0.305947
-0.47778 -0.62001 -0.370447
0.933917 -0.145105 -0.190881
-0.0519531 0.389523 -0.883138
-0.255392 -0.792009 -0.0487488
-0.378403 0.673694 0.256135
0.796498 -0.314555 -0.331249
-0.787522 -0.0479163 0.207937
-0.464716 -0.683006 -0.279763
-0.118336 -0.494156 0.640723
-0.586089 0.395337 -0.645046
0.0690229 -0.574495 0.524539
0.658738 -0.569162 0.013456
-0.654179 -0.0442496 -0.638105
-0.228273 -0.0451263 -0.809947
0.45018 0.116565 -0.798979
-0.783666 0.0433531 -0.131586
-0.0620992 -0.807812 0.228655
0.696007 0.459323 -0.0852046
-0.374792 0.175827 0.700571
-0.280838 -0.646115 0.503179
-0.0697016 0.317673 0.711406
0.752401 -0.113567 0.284726
0.622823 0.457195 -0.467494
-0.422615 0.399227 0.535426
0.418954 0.709079 -0.266823
0.531723 -0.0182546 0.537444
-0.340593 0.0510496 0.763447
-0.55578 0.599174 0.172831
0.328297 0.0176239 -0.845737
-0.143255 0.303889 -0.866951
-0.210215 -0.225946 -0.776307
0.255847 -0.45544 0.554839
-0.792463 0.0126816 0.072489
-0.684577 0.418502 0.0287839
-0.605636 0.454735 -0.543558
-0.764918 -0.262318 0.178168
-0.589494 0.544062 0.19346
-0.787098 -0.178866 0.131026
-0.222439 0.16237 0.757288
0.104187 0.441496 -0.845222
0.783865 0.342615 -0.105226
0.376918 -0.311163 -0.75712
-0.652158 0.470916 0.181958
0.73432 0.174444 -0.517046
0.362065 -0.432323 0.527912
0.325397 -0.74695 0.104291
-0.0454984 -0.140813 -0.841134
-0.672458 -0.465464 0.243625
-0.259105 -0.0623276 0.801826
-0.763388 -0.348222 0.132163
-0.29592 0.331207 0.652308
-0.634525 -0.169946 0.510878
-0.428262 0.669033 -0.476702
0.594167 0.530058 0.0503984
0.66449 -0.576765 -0.223005
-0.397566 -0.761992 -0.0541422
-0.414478 -0.628705 0.430705
0.212207 -0.716725 0.283989
-0.437764 -0.639577 0.395726
0.642926 -0.172821 0.41134
-0.596446 0.383023 -0.644829
-0.206046 0.288215 -0.845577
-0.625321 0.118775 0.511529
0.719327 0.162102 -0.545588
-0.646802 0.400688 -0.3807
0.158973 -0.705413 0.342533
-0.625747 -0.0552122 0.535219
0.310043 0.667449 0.210833
0.742831 0.163649 0.217933
-0.107278 0.845388 -0.432101
0.734627 0.0544067 0.273925
0.47584 -0.519882 -0.521197
0.304028 0.393617 -0.78914
0.701965 -0.517487 -0.301829
-0.00223175 -0.0683499 0.84058
0.161604 0.834353 0.0550777
0.382338 -0.0626922 0.670511
0.132177 0.464852 0.547631
0.874716 -0.0088454 -0.366001
-0.755826 0.110677 -0.21314
0.682761 -0.496213 -0.380437
0.0418398 -0.740543 -0.302
-0.461213 -0.523549 -0.50099
0.643762 -0.472741 -0.429349
-0.520447 -0.349576 -0.595524
0.723259 -0.502647 -0.00027307
-0.764618 0.125891 -0.163542
0.00206773 -0.629118 0.493957
0.643507 0.518022 -0.15499
-0.51707 -0.608964 -0.342522
-0.157551 -0.405681 0.71804
-0.542805 -0.307355 0.555152
0.139938 -0.646596 0.423559
-0.415609 -0.458356 0.574684
-0.0708227 0.930584 -0.148549
-0.671645 0.346045 -0.355456
0.736972 0.376193 -0.413696
-0.764467 0.149922 0.10464
0.367843 0.243497 0.640594
-0.653784 -0.488725 -0.335713
0.630139 -0.41872 0.269602
0.58213 0.242168 0.413165
-0.36928 -0.805586 0.100372
-0.456372 0.753122 0.00745274
-0.0159213 -0.293439 0.753069
-0.683058 0.270365 0.304563
0.715515 0.250399 0.187113
-0.782932 0.0754439 -0.113925
0.490697 -0.57602 0.23968
0.187682 0.563907 0.401774
-0.763515 -0.0327677 -0.23705
-0.264269 0.837002 -0.321411
-0.0342858 0.799183 -0.521636
-0.529088 -0.529457 -0.428054
-0.301036 0.108014 0.755984
-0.5516 -0.615579 -0.284994
0.532282 0.586628 0.0529559
-0.618128 0.315692 0.400957
0.658519 0.497195 -0.0552668
0.110804 0.597027 -0.731682
0.135142 -0.702262 0.358843
-0.248788 0.672344 -0.664453
0.497437 0.186303 -0.746727
-0.601364 -0.588789 0.199969
-0.321871 0.850467 -0.199003
-0.723773 -0.0114021 -0.400259
-0.608061 0.326909 0.407702
-0.316819 -0.0728616 -0.782125
-0.717804 0.209316 0.253018
0.932338 -0.0852901 -0.232641
0.544591 0.608149 -0.0758127
0.806437 -0.344312 -0.293789
-0.00216892 0.374357 0.65697
-0.178159 0.787288 0.167426
-0.19217 0.349072 -0.844575
-0.132416 -0.825995 -0.00704302
-0.0975965 0.850609 -0.424465
0.395782 0.737751 -0.205421
-0.142952 0.493069 0.546012
-0.545727 0.0295045 0.626398
0.458842 0.682944 -0.262401
-0.408661 -0.668123 0.391015
0.439836 0.712783 -0.153136
0.372242 -0.678266 0.213456
0.00968739 0.309155 0.721853
0.856501 -0.186453 -0.305132
0.380641 0.634101 -0.525721
0.219954 -0.545735 0.499542
0.524596 -0.281307 -0.665795
0.578159 -0.317909 -0.596881
0.279303 -0.782725 -0.213207
0.192858 -0.56909 -0.651461
0.324561 0.777615 -0.244559
-0.215792 0.613763 0.392059
-0.743831 0.245112 -0.0903058
-0.263604 0.267466 0.696057
-0.444577 -0.688367 -0.289224
-0.758793 0.175083 -0.150238
0.121074 -0.178934 -0.842754
-0.600449 -0.64365 0.0299171
-0.394573 0.334941 -0.772047
0.525301 0.306327 -0.678925
-0.0715009 0.469924 -0.845346
-0.229047 0.216563 -0.844323
-0.633298 0.369101 -0.528931
0.731332 0.391295 -0.38515
-0.777879 -0.254012 -0.0649765
0.43939 -0.176412 0.598198
-0.474664 -0.716787 0.155102
0.012637 0.513174 0.51642
-0.767774 0.100962 0.178046
-0.320665 0.15163 -0.813697
0.005181 0.618545 0.408296
-0.16545 -0.0137322 -0.831697
0.835561 -0.137189 0.14885
-0.419398 -0.696403 0.30897
-0.783306 -0.339292 0.00705156
0.733394 -0.498207 -0.092927
0.58067 0.205963 -0.677079
0.0383931 -0.816092 -0.0760088
0.456313 -0.578583 -0.470081
0.0409983 -0.0362202 0.834406
0.686596 0.460371 -0.241854
0.802097 -0.355036 -0.294728
0.166407 -0.701212 -0.40368
-0.69262 0.350006 -0.168035
0.0422481 -0.60621 0.502809
-0.502634 -0.660308 0.25171
-0.756198 0.099523 -0.218754
-0.169312 -0.845777 0.176113
0.737268 0.257096 0.144611
-0.0977211 -0.365759 0.736088
0.855892 0.159229 -0.339411
-0.74633 0.252462 -0.0451673
-0.614714 -0.0887563 0.546164
-0.493637 -0.261646 0.608836
0.383132 0.51551 -0.667164
-0.224206 0.710153 0.259115
-0.108441 -0.214139 -0.810793
-0.599938 0.5613 -0.233298
-0.633535 0.341275 -0.559103
-0.546713 0.639855 -0.207848
0.689167 -0.44808 0.160911
-0.280688 0.820751 0.0935321
-0.183705 -0.61463 -0.57941
0.859964 -0.306364 -0.194733
-0.417041 0.713096 -0.385705
-0.406842 0.778963 -0.212678
0.0239392 0.237385 -0.924117
-0.491646 0.608765 -0.518729
0.0572105 0.693255 0.303916
-0.0821979 0.840928 0.106012
0.540043 0.288223 -0.676879
0.385416 0.0255568 0.669618
-0.708863 -0.407787 -0.278058
-0.731249 -0.42716 -0.169827
0.271341 0.146797 -0.887071
0.543422 -0.676379 -0.139783
0.674228 0.485744 -0.0762756
-0.0613968 -0.244685 -0.813787
0.139065 -0.140668 -0.849778
0.0721761 0.162464 -0.915038
0.431077 0.158506 0.606299
-0.645835 0.155099 0.474791
-0.44545 0.736233 0.088394
-0.506484 -0.544284 0.415302
-0.0444609 0.727967 0.280614
0.529862 0.31628 -0.671205
0.795447 -0.122073 -0.4242
-0.0287055 -0.720091 0.39597
0.761231 0.166938 0.184084
-0.664266 -0.536053 0.12606
-0.15251 0.629244 0.387776
-0.419349 0.0579495 0.73211
0.904181 0.112767 -0.159429
-0.173823 -0.795835 0.295434
-0.528774 -0.597596 -0.34473
0.582338 0.518993 -0.421773
-0.2442 -0.166973 0.80648
-0.0664323 0.782361 -0.541923
-0.662073 0.0836383 -0.651351
0.390133 -0.377702 -0.696721
-0.779466 -0.11368 0.209271
0.617536 -0.602633 0.0156893
-0.13993 -0.706761 0.452393
-0.283875 0.0330448 0.786822
-0.679265 0.433869 -0.000936271
0.394668 -0.588205 0.324422
-0.115461 -0.699232 -0.394084
0.458733 -0.212896 0.569957
0.706372 -0.532027 -0.104863
-0.285099 -0.40555 0.687113
-0.775642 -0.168949 0.192482
0.799176 0.210154 -0.402056
-0.767646 -0.193961 -0.143626
0.673131 -0.189036 0.371953
-0.625197 0.50994 -0.197975
0.700621 -0.5095 0.0643835
-0.507825 0.648992 -0.3577
0.326992 -0.560511 -0.591566
0.326334 0.100066 -0.858464
0.104693 0.093592 0.807747
-0.704062 0.345992 -0.0862634
-0.313715 -0.563037 -0.581832
-0.116603 -0.113737 -0.82726
0.507271 0.0423484 -0.776859
0.404285 0.355799 -0.739775
0.520884 -0.192374 -0.735767
0.82896 0.283482 -0.137554
-0.327754 0.845475 -0.0462889
0.430025 0.588847 -0.537262
0.38133 0.0746123 -0.832628
0.0404928 -0.0469093 0.832317
0.1041 -0.594153 -0.636714
-0.700703 -0.327397 -0.346824
0.709046 -0.520029 -0.192538
-0.290683 -0.696483 -0.386519
-0.0162963 0.432837 0.598985
-0.474355 -0.631272 -0.359459
-0.383439 0.757784 0.136341
0.39071 -0.0664887 -0.808787
-0.703037 -0.293649 -0.353727
0.793555 -0.412259 -0.103934
0.414817 0.127209 0.631054
0.618464 0.244697 -0.632986
-0.0163613 -0.645309 0.484117
0.510984 -0.520082 -0.494035
0.552411 -0.408515 0.365277
0.163671 -0.788149 -0.179279
-0.700524 0.158333 -0.420914
-0.608746 0.494802 -0.384864
-0.572592 0.602813 -0.263785
0.0656087 0.15262 -0.912497
0.896363 -0.116908 -0.27767
0.184465 0.868316 -0.206293
0.473747 0.453666 0.342158
0.431012 -0.718716 -0.259332
0.858786 -0.309408 -0.183434
-0.575873 -0.667947 0.0275553
-0.780802 -0.281194 -0.0368219
0.704241 -0.202452 0.317815
0.108283 -0.756685 -0.265702
0.18027 -0.768581 -0.240787
-0.0719541 0.0610627 0.82356
-0.176481 0.398816 0.628735
-0.739183 0.203782 -0.212532
0.885301 0.104135 0.0310288
0.651022 -0.561035 0.0881154
0.772359 0.285615 0.0572129
-0.354407 0.298335 0.641
-0.255496 -0.626227 0.53286
-0.0563835 0.0499021 -0.871024
-0.600511 0.332479 -0.678431
0.691578 -0.334539 -0.470366
0.421212 0.285952 0.571464
-0.789837 -0.197373 0.0545371
0.943799 -0.169311 -0.155979
-0.296398 -0.615844 -0.526836
-0.689132 -0.0956175 -0.497471
0.155637 -0.21345 0.724538
0.38567 -0.61625 0.292579
0.408454 -0.317051 0.566668
-0.268686 -0.539649 -0.617663
0.284082 0.67107 0.219169
0.56665 -0.125336 0.499858
0.412745 -0.742258 -0.0493615
0.748941 0.386677 -0.0599912
0.505482 0.325874 -0.683861
-0.0405455 0.854314 -0.435429
-0.729531 -0.368142 0.234063
-0.00853864 0.0294321 0.834913
-0.650031 -0.214851 0.479202
-0.0269998 0.320942 0.712203
0.414338 -0.687035 0.158634
0.154029 -0.791562 0.129969
-0.0020912 -0.842877 0.0108844
-0.274959 0.776781 -0.466562
0.018192 0.46175 -0.842007
-0.483961 0.730025 0.0143755
0.854738 -0.0588141 -0.370606
-0.381848 -0.783691 0.148983
-0.00159111 -0.617365 -0.598395
-0.506858 -0.457847 -0.532219
0.426305 -0.556043 -0.522904
0.574839 0.57745 -0.054401
-0.280516 -0.694766 -0.393238
0.496482 0.107075 -0.774211
-0.113632 -0.415221 -0.733912
-0.758701 0.00337973 -0.270304
0.565145 0.550671 -0.387793
-0.330618 -0.719519 -0.28601
-0.465835 0.687829 0.172437
0.271366 0.327156 0.632046
0.147031 -0.683 -0.445469
-0.348045 0.74947 -0.411585
-0.564583 0.613798 -0.24888
0.655224 0.451394 -0.427646
0.171141 0.769017 -0.537914
0.114785 -0.138329 0.778307
-0.757921 0.224423 -0.000611444
-0.718109 -0.21492 0.349165
-0.120233 -0.526809 -0.671517
-0.715949 0.181802 0.289997
0.118706 0.87435 -0.328767
-0.711926 0.314157 -0.126481
0.866935 0.0963942 0.0687588
-0.202975 0.788126 -0.519277
0.507285 0.166278 0.521914
0.399116 -0.540518 0.38895
0.453185 -0.278913 0.554245
0.528311 -0.65512 0.0812521
0.787872 -0.0865055 0.236365
-0.588652 0.612398 -0.134744
0.0436057 -0.763101 0.293743
0.822105 0.239833 -0.342868
-0.591507 -0.444579 0.415144
0.672026 0.433434 -0.433461
-0.692952 -0.174329 -0.446722
-0.670381 -0.406098 -0.38214
0.161087 -0.596559 0.468947
-0.350323 0.6524 0.294013
0.136613 0.866123 -0.353101
0.86404 -0.0808902 0.136168
-0.316268 -0.253857 0.761414
-0.779301 -0.17009 -0.106409
-0.621326 0.526279 -0.175964
-0.243482 0.10793 -0.832067
-0.13455 0.849797 0.0938324
0.375446 -0.573537 0.366235
-0.119697 -0.550812 0.596459
-0.204499 -0.132186 0.820363
0.548047 -0.663756 -0.212453
-0.58642 -0.0980122 0.570738
0.892534 0.117311 -0.0531216
0.215467 0.415204 -0.833713
0.00215045 0.821944 0.118187
0.81167 0.307366 -0.213932
-0.678996 0.349157 0.23089
0.959064 -0.0663956 -0.146364
-0.752381 -0.437762 -0.0199054
0.562917 -0.662674 -0.0884732
-0.458066 -0.0544836 0.692342
-0.460659 -0.655015 0.331086
-0.00261962 -0.616534 -0.599965
-0.745148 -0.206903 0.272817
0.484276 -0.30482 0.518597
-0.350555 -0.0241023 -0.781705
-0.787561 0.0107772 -0.135313
0.442102 0.603249 0.185926
0.0799283 -0.611654 -0.605532
0.428752 -0.742363 -0.0947053
0.530397 0.252413 0.476981
-0.719411 -0.00823463 -0.418519
-0.796547 -0.0207532 -0.113956
0.570953 0.0846333 0.470603
0.429463 0.0198799 0.631666
0.357691 -0.207454 0.645148
0.262083 0.0469984 0.765402
-0.535201 0.675585 0.0707245
0.0870636 0.908437 -0.129668
-0.191207 0.0868361 -0.842246
0.898005 0.132921 -0.163592
-0.205794 -0.274168 0.788041
0.0680648 -0.7196 0.361881
-0.184464 -0.841582 0.13671
0.926034 -0.186254 -0.178504
0.26639 -0.774216 0.061797
0.335077 -0.65448 0.285773
0.0223413 0.0318156 0.836988
0.578121 0.581856 -0.224454
-0.625433 -0.0207217 0.535753
0.421883 -0.679777 0.161969
-0.172079 0.0753163 -0.845251
-0.399489 0.379416 0.566921
-0.00139793 0.613452 -0.734731
0.414694 0.674323 0.124224
-0.445642 -0.74259 -0.0575156
0.420191 0.404519 -0.707596
-0.130376 -0.677703 -0.446661
0.71583 0.094957 -0.583048
0.257432 -0.399513 0.589248
0.815009 0.14589 -0.408962
-0.478366 0.512879 0.379255
-0.712771 -0.0460816 -0.428317
0.557104 -0.46295 0.303147
0.4198 -0.267031 -0.754539
0.571439 0.0182763 -0.746061
0.736295 0.399791 -0.289001
0.538015 0.583885 -0.368925
0.369273 0.538768 0.34292
0.0912967 0.0173482 0.826114
-0.194971 -0.313062 -0.75125
-0.605567 0.29834 0.441216
0.0857166 0.0102919 0.827848
-0.523873 -0.306467 0.571634
-0.124127 0.477464 0.560578
0.130572 0.256165 -0.933287
0.409834 -0.305001 0.572013
0.0876149 -0.112515 0.798087
0.654729 0.456531 -0.417915
0.606166 0.543214 -0.280519
-0.501643 -0.359663 0.576817
-0.213169 0.296132 -0.842185
0.462496 0.107824 0.583781
-0.715872 0.259117 0.204269
0.376414 0.24635 0.632448
-0.762922 -0.411301 -0.0118666
0.641778 -0.599296 -0.0776016
0.634022 0.00282882 0.419708
0.479127 -0.542798 0.300283
0.431488 0.222992 0.591169
0.27774 -0.600622 -0.576377
0.602825 -0.244549 0.424918
0.299993 0.00432871 -0.854328
0.78859 -0.0599758 0.233105
-0.626238 0.535839 -0.103452
-0.579715 0.185502 -0.719323
-0.744646 -0.457322 -0.0117776
0.251937 0.229714 0.698806
0.403582 -0.599473 -0.488437
0.426815 -0.589066 -0.482004
-0.754133 0.216067 0.0431343
0.257247 0.717332 -0.545588
0.363368 -0.476249 -0.641101
0.24291 0.145682 0.74658
-0.0883274 0.160951 0.793176
-0.539339 -0.369922 -0.563014
0.376256 -0.139667 0.657401
0.325133 -0.00336223 0.719028
-0.761478 0.141205 -0.166222
0.164565 -0.760723 0.211333
0.323092 -0.664963 0.282034
-0.105957 0.582028 -0.77376
0.522737 0.570412 -0.424962
0.415093 0.371419 0.525187
0.786456 0.34045 -0.121432
0.742395 -0.330374 0.184385
-0.415434 -0.0347302 0.729792
-0.197125 -0.275985 -0.763212
-0.788338 -0.0203839 0.203048
0.268663 0.230641 -0.876541
0.586475 0.0105552 -0.738772
-0.0384847 0.64134 0.383421
-0.423628 -0.427453 0.592529
-0.731289 0.124431 0.301073
0.761293 0.374268 -0.112972
0.93801 0.00876814 -0.158506
0.0534585 -0.16583 0.787869
0.302453 0.504418 -0.731739
-0.0565447 0.262241 0.751771
0.718103 -0.499791 -0.265008
-0.222619 -0.612864 -0.563856
0.176351 0.131812 0.774947
-0.284149 -0.105076 0.793432
0.198051 -0.680441 -0.44941
0.609811 -0.630605 -0.208346
-0.0724364 0.504899 0.529866
-0.457317 0.611407 0.287793
0.0952992 -0.746922 -0.289779
0.141798 -0.694272 0.367028
0.755423 0.381207 -0.099928
-0.566653 -0.491213 0.394939
-0.708016 0.32906 0.120838
0.550678 -0.614142 0.120315
0.063926 0.897897 -0.25425
-0.0531167 0.116949 0.809185
-0.170342 -0.0900973 -0.817319
0.935954 0.0169558 -0.175812
0.0365275 0.916362 -0.166036
0.321779 0.0306228 0.721854
0.362485 -0.528915 -0.600891
0.821577 -0.194481 0.137845
-0.75714 0.0263901 -0.262304
0.687819 -0.180548 -0.547945
0.16326 -0.750205 0.24246
0.707179 -0.344018 -0.443999
-0.760017 0.184796 0.0658021
-0.0557424 0.161064 0.795917
0.482984 -0.255398 0.535401
-0.200583 0.749075 0.212956
-0.609577 0.00542119 0.553872
-0.397879 -0.196867 -0.730006
-0.687218 -0.0814476 -0.511193
-0.113726 0.804792 0.15979
-0.761557 -0.0231491 -0.248703
0.164726 -0.0507114 -0.868666
0.511257 0.0855169 -0.769322
-0.0637359 0.932526 -0.143898
-0.464749 0.319281 -0.747973
-0.712191 0.175223 0.31023
0.758712 -0.394615 -0.347847
-0.665448 0.409004 -0.198189
-0.380059 -0.213648 0.717607
0.882051 -0.17535 -0.265773
0.157065 -0.379344 -0.769706
0.6484 0.334503 0.215513
-0.519298 0.623319 -0.429012
-0.0575923 0.483818 -0.836519
-0.0638816 -0.496827 0.623251
0.5722 0.0705467 0.47245
-0.0672799 0.865777 0.0591124
0.332249 -0.0311976 -0.836493
-0.658877 0.333638 0.309301
0.344215 0.770008 -0.0280034
0.257534 -0.661256 -0.486689
0.908967 0.039323 0.0418282
-0.595087 0.104234 -0.721816
0.0974786 0.839974 -0.453959
0.0144223 0.599567 -0.743311
-0.581532 0.0538593 0.581231
-0.481447 -0.0541028 0.672591
0.449663 -0.246409 0.567439
-0.642196 0.414086 -0.374548
-0.581696 0.380314 -0.661878
-0.469668 -0.584479 -0.422551
-0.31841 0.797277 -0.342549
0.624296 -0.40097 -0.498633
-0.677201 0.379313 -0.198975
0.282928 0.758235 -0.416237
0.575404 0.51906 0.107221
0.768033 0.359314 -0.294333
0.795539 0.327516 -0.22122
0.328783 0.665695 -0.541348
0.634688 -0.00300972 0.420309
-0.3012 -0.123288 -0.77754
0.820233 0.287634 -0.0463784
0.189444 -0.617991 -0.589361
0.914248 0.0619175 -0.292596
-0.0780302 0.494597 0.540566
0.470037 -0.587149 -0.446048
0.726758 0.366693 -0.436319
-0.533585 -0.612392 -0.318022
0.884065 -0.038071 -0.339145
0.601594 0.534 -0.352071
-0.189794 -0.478066 -0.681977
0.132534 -0.276889 -0.807963
-0.283818 0.70237 0.253058
0.503378 0.656305 -0.245744
0.765556 -0.360371 -0.35431
-0.047216 0.621572 0.40595
0.191525 0.568331 -0.740772
0.43578 -0.082267 0.623565
-0.37801 0.823562 -0.130482
0.202762 0.237038 0.71327
-0.0314048 -0.633667 -0.563065
0.519723 -0.692028 -0.120284
0.663299 0.199423 -0.604373
0.263806 0.0516218 0.764382
-0.762911 -0.411731 0.0274731
-0.00740346 0.0104933 0.838584
0.22716 0.682408 -0.637366
-0.716627 0.0227608 0.417243
-0.305385 -0.0575944 -0.787723
-0.416268 -0.72725 -0.176194
-0.583416 -0.583422 -0.29383
-0.648943 -0.229025 -0.537212
-0.514173 -0.19995 -0.694138
0.859919 -0.283667 -0.0108001
-0.780472 -0.363123 0.0419793
0.202686 0.0284798 -0.883099
0.469483 0.690897 -0.173732
-0.516508 -0.325734 -0.614207
0.298377 -0.538378 0.474813
0.295523 0.297133 0.640278
0.0331231 0.514316 0.513182
-0.659108 0.288035 0.35521
-0.530815 -0.342686 0.556421
0.517048 0.295886 0.480587
-0.526638 0.127365 0.621397
-0.240204 -0.788489 -0.075207
0.618568 0.437057 0.145649
0.166456 0.632513 0.32605
-0.159036 -0.547472 0.609027
0.254664 0.430131 0.536695
-0.273214 0.72567 -0.572889
-0.727841 0.203668 0.224795
-0.395983 -0.187616 0.710787
0.75218 -0.160891 0.266217
-0.390145 0.162085 -0.79091
0.299059 -0.771985 -0.00435962
-0.12055 -0.220543 0.815605
0.0478189 0.375861 0.649799
0.595959 0.02202 -0.729477
-0.61256 -0.138513 -0.637069
-0.54518 -0.249432 -0.637602
-0.68988 0.179264 -0.450748
0.541727 -0.355718 -0.596438
0.667815 0.494403 -0.105022
-0.696418 -0.503256 -0.207945
-0.794704 -0.0335241 -0.115719
0.327463 -0.75652 0.0527621
-0.428031 0.125911 0.699883
0.824689 0.259861 -0.311893
-0.542321 -0.700932 0.0262451
-0.396168 0.535998 0.413184
0.278022 -0.163399 0.700648
0.188262 -0.793888 0.0904325
0.8141 0.275206 -0.00278622
0.536643 -0.321143 0.458632
-0.0328757 0.367033 -0.894184
-0.307458 -0.121562 0.784512
-0.28755 -0.376755 0.705922
-0.0826687 -0.850785 0.137544
-0.37473 0.344808 -0.778311
0.0401478 -0.361482 0.695141
0.408542 0.720511 -0.246336
0.122795 0.822922 0.0866771
-0.651249 0.436993 -0.223376
0.734991 0.406705 -0.164355
-0.520496 -0.303485 0.575268
0.733837 0.388595 -0.385382
0.785413 0.194487 0.11905
0.868522 0.122976 0.0425722
0.0270066 0.126055 -0.903577
-0.515453 0.409867 -0.699669
-0.536554 -0.433097 0.503164
-0.152384 -0.1507 -0.811598
-0.478651 -0.453142 -0.563695
-0.697337 0.122705 -0.464037
0.0785794 0.703546 -0.653274
0.0709022 -0.220157 -0.830444
0.330848 -0.523757 0.477101
-0.585456 0.506267 0.255151
-0.150219 -0.117808 0.832304
-0.17757 -0.425664 0.704183
0.466281 0.439437 -0.650871
-0.639026 0.354373 -0.518332
0.473708 0.650881 0.00747828
-0.304128 0.775497 -0.420711
-0.255433 0.482295 -0.795875
-0.0343574 -0.0696942 0.84816
-0.790662 -0.115435 0.0923815
0.309372 0.762435 0.0748643
-0.0455668 0.407908 0.625827
0.337665 -0.163831 -0.811137
0.900892 -0.0673963 0.0857263
0.615278 0.390187 0.207763
0.847442 0.228604 -0.283351
0.599274 0.443221 -0.512112
0.372307 0.0472549 0.680002
0.857307 -0.0384668 0.139042
0.501975 0.171899 -0.748528
0.498992 0.547039 -0.503654
-0.733699 0.132887 0.283382
-0.263564 0.872015 -0.04308
-0.754325 -0.292409 0.197084
0.208664 0.224635 -0.917062
-0.525289 -0.564392 0.361577
0.201079 -0.801454 -0.14486
0.681028 -0.217962 -0.539919
0.847683 0.253918 -0.2512
-0.633054 0.50032 -0.164581
0.784261 0.305717 -0.369448
-0.065728 0.210841 0.774565
0.403464 0.0799029 0.649026
0.583411 -0.39293 -0.536221
0.298789 -0.476592 0.523293
0.253578 0.52341 0.419975
0.449613 0.453171 -0.655114
-0.766122 -0.0612412 0.278213
0.435924 0.307988 -0.739089
0.352516 0.21318 0.66851
-0.331529 0.209502 0.700021
0.663389 0.317693 -0.543337
-0.714559 0.165373 -0.353305
-0.00769121 0.83502 -0.474405
-0.329478 0.0270132 0.773372
-0.767106 -0.338863 -0.0637533
0.181728 0.702762 -0.635412
-0.552213 -0.376188 0.529512
-0.736329 -0.436573 -0.138188
-0.134165 -0.228815 -0.798101
-0.595549 -0.158074 -0.645121
0.544695 -0.251901 -0.67249
-0.0356007 -0.845062 0.134059
-0.645002 -0.564212 -0.201363
0.285066 0.516353 0.413216
-0.328334 0.789523 -0.345141
-0.491076 0.207837 -0.749475
-0.0886951 0.91362 -0.287487
-0.743698 -0.459032 -0.0778064
0.640203 0.490712 -0.367245
0.935832 -0.143434 -0.0858448
-0.184079 0.889091 -0.294105
0.0672333 -0.602201 -0.623437
0.760359 -0.109997 -0.479163
0.625556 -0.538593 0.147441
0.560319 -0.0781351 -0.739432
-0.113698 -0.428003 0.691546
-0.763589 0.18153 0.0491805
0.794831 -0.0396596 0.222555
0.0403684 0.726389 0.270592
0.697733 -0.0899479 -0.576554
0.118283 0.776966 -0.555802
0.23536 -0.613446 -0.587578
0.157474 -0.404281 0.625481
-0.487345 0.643562 -0.439034
0.441342 0.470675 0.367321
0.789255 -0.269166 -0.363839
-0.515566 -0.282255 -0.642794
0.237777 0.188403 0.726526
0.191683 0.194785 -0.925512
-0.197211 -0.0298897 -0.820652
-0.382425 -0.708972 0.342636
0.587464 0.387816 -0.576801
0.446625 0.494237 -0.628841
-0.497316 0.0999517 -0.755136
-0.556812 -0.610943 0.245217
-0.791629 0.0774269 -0.0734054
0.732196 0.412764 -0.100493
-0.678735 0.428252 0.0792879
-0.146738 0.64831 0.363396
-0.723881 0.290581 -0.105311
-0.637106 -0.317629 0.449686
0.731082 0.166733 0.23496
0.12648 0.442222 0.571199
0.593958 -0.535081 -0.406998
-0.534442 0.250381 -0.729389
-0.101542 0.109938 -0.869564
0.634878 0.139806 -0.658542
-0.564811 -0.153667 0.575246
-0.0202289 0.292879 0.738269
0.151801 -0.819624 -0.0289799
0.706764 0.418123 -0.380999
0.769007 -0.427492 -0.269045
-0.326912 -0.767517 0.282395
-0.679694 -0.187035 0.446324
0.562416 0.235673 0.441296
0.0521618 -0.109211 0.811469
-0.0430313 0.225274 0.773329
0.792342 0.139544 0.156009
0.0751111 -0.520401 -0.704541
-0.490055 -0.468237 -0.536315
-0.795423 0.00226471 0.00667447
0.504392 -0.500141 -0.514682
0.333154 -0.658279 -0.444344
0.043537 -0.306784 0.722463
-0.668686 0.079547 -0.62554
-0.0370989 0.93218 -0.132642
0.850341 0.257714 -0.22831
0.73709 -0.308732 0.20535
-0.644786 0.370329 0.29742
0.412087 0.395557 0.49943
-0.515764 0.708105 -0.0159742
-0.667618 0.019277 -0.631077
0.581194 0.0448332 -0.732716
-0.106117 -0.417368 -0.735117
-0.634764 0.264366 -0.624236
-0.765153 0.0564439 0.260276
-0.14491 0.7599 0.212901
-0.361178 0.257861 -0.791936
-0.586845 0.0436298 0.577346
-0.37598 0.821106 -0.156183
0.104137 0.163491 -0.918041
0.885763 -0.269881 -0.191319
0.64963 0.331763 0.216436
-0.0631321 0.842914 0.0978477
0.0610797 0.587801 -0.745887
-0.446472 -0.298164 0.639479
0.35271 -0.719527 0.162389
-0.758721 -0.420025 -0.0452348
-0.544974 0.552906 0.26129
-0.474556 -0.202821 0.640171
0.41202 0.705252 -0.306195
-0.1603 0.434565 0.598321
-0.329669 0.77238 -0.385518
0.712485 -0.169478 0.323624
-0.589076 -0.594333 0.216888
0.629896 -0.490917 -0.425845
-0.135201 0.0220888 0.82421
0.182735 -0.630688 0.423026
0.509822 0.650249 -0.140836
-0.201515 0.0263713 -0.829185
0.940763 -0.0312987 -0.24488
0.107461 0.536346 0.47414
-0.78917 -0.0473355 0.167922
-0.230849 -0.722333 -0.317695
0.418278 0.621179 0.194664
0.751471 -0.268018 -0.417458
-0.77889 -0.187098 -0.0985455
-0.639794 0.289792 -0.580051
-0.0964078 -0.529569 -0.676612
-0.0807413 -0.594857 -0.633465
0.751929 0.0683026 0.246538
0.434586 -0.656086 0.183232
0.828076 0.0244408 -0.438601
0.429771 -0.717865 -0.266588
-0.529913 0.66109 -0.185668
-0.678409 0.430087 0.0712197
-0.702688 -0.0161724 0.448154
-0.361843 0.689864 0.241589
-0.293938 0.619447 -0.687128
-0.103306 -0.393044 -0.745255
0.458981 0.346091 -0.707127
0.701879 -0.454613 -0.397401
0.359186 -0.0911659 -0.816789
0.644466 -0.398912 0.274835
0.812756 0.27861 -0.00424753
-0.160062 -0.624286 -0.568421
-0.146897 -0.0109017 0.825419
0.282876 -0.736643 0.176111
-0.315691 0.765204 0.159046
-0.0429445 -0.465692 0.641878
-0.547267 0.156375 0.593191
0.471686 0.660505 -0.028552
-0.47061 0.430193 -0.721863
-0.0228681 0.450517 -0.853419
-0.475168 -0.297049 -0.666517
-0.117135 0.269464 -0.879927
0.615737 0.496317 -0.407268
0.447968 0.611417 0.166169
0.543879 0.579348 0.0411705
0.131173 0.699911 0.258825
-0.133049 -0.222628 0.814053
0.11543 -0.828249 -0.00650796
-0.360737 -0.558361 -0.554411
-0.54874 -0.275582 -0.616262
-0.480248 0.720266 0.0656135
-0.408415 0.217802 -0.778677
-0.733249 -0.47935 -0.0494912
-0.335863 -0.0156624 -0.78698
0.220801 -0.146607 0.732095
0.835539 -0.125851 -0.366103
-0.114676 -0.583095 0.5696
-0.30432 0.739075 0.197616
-0.363012 -0.797597 0.144063
0.4169 0.113879 0.631832
0.273908 0.367547 -0.819508
-0.347083 0.765101 0.149157
-0.0265438 -0.743699 -0.284348
0.785973 0.329492 -0.0306498
0.362638 -0.643796 0.274363
0.429232 0.549351 0.279611
-0.663161 -0.0727094 -0.603657
-0.320276 -0.756013 -0.144739
0.400633 0.621241 -0.521159
-0.352725 -0.567479 -0.55156
-0.419871 0.602385 -0.614639
-0.459567 -0.472971 -0.559121
-0.0222092 0.0852024 0.820007
0.29673 -0.59879 -0.566918
-0.654448 0.309427 -0.495752
0.370778 0.614542 -0.582856
0.0897534 0.337508 0.681848
-0.00654144 -0.718026 -0.354749
0.664165 -0.558108 0.0478129
-0.0092948 -0.522703 0.587455
0.576015 0.480554 0.155727
-0.152895 0.181153 -0.867185
0.463292 -0.716293 0.0364358
0.588281 -0.159851 0.468082
-0.347668 -0.342184 0.695811
-0.394278 -0.659438 0.413888
0.310399 -0.27126 0.633233
-0.236076 -0.66993 -0.458777
0.692485 -0.538152 0.00702714
0.420147 0.176381 -0.799728
-0.108438 -0.610505 0.54624
-0.239377 0.873765 -0.00160178
-0.450313 -0.623235 0.398814
-0.245192 -0.784468 0.329647
-0.706123 -0.520236 -0.0914037
0.752487 -0.268981 0.204036
0.138054 -0.0336963 0.805955
-0.175073 0.304482 0.700639
0.742306 0.278378 -0.455181
-0.104955 -0.790369 0.283677
0.162407 0.79459 -0.501694
0.536337 0.1404 0.496052
-0.765076 -0.183243 -0.160903
0.0529625 -0.419229 -0.757879
0.159793 0.716292 -0.630783
0.586346 0.365252 -0.599166
0.00131137 -0.805277 -0.10297
-0.213145 -0.449924 0.687535
0.658731 0.321992 0.211648
-0.020034 -0.525349 0.5884
-0.640298 -0.0976676 0.518496
0.657374 0.505006 -0.135815
0.626799 0.197701 -0.643661
-0.705628 -0.442187 -0.272899
-0.732187 0.253312 0.112056
0.657358 0.157778 0.341765
-0.541597 -0.686811 0.102351
0.0204382 0.605681 -0.7377
-0.574042 0.498977 0.282248
0.771086 0.293643 -0.404432
0.602343 0.127421 -0.688193
-0.53183 -0.340223 0.556193
0.0797572 0.245043 0.755411
-0.783612 -0.0370046 -0.157289
-0.394903 -0.336215 0.670177
-0.0601382 -0.0661091 -0.850139
-0.519483 0.361473 0.490941
-0.785223 -0.176404 0.143693
-0.62949 -0.0397684 -0.673596
0.81962 0.298658 -0.164952
-0.281716 0.46638 0.54469
0.669357 -0.273948 0.331824
-0.214874 -0.471022 0.67211
0.764254 -0.436452 0.0179781
-0.59481 -0.326137 0.500075
-0.0935674 -0.803734 -0.0931994
0.0909727 0.674966 -0.673783
-0.781619 -0.0591316 0.231192
-0.438018 0.369408 0.551246
-0.0609595 -0.859117 0.110826
0.678043 0.30537 0.196864
0.744653 0.233523 0.153049
-0.350084 -0.738133 0.320423
0.51583 0.626671 -0.0474267
0.596516 -0.54377 0.17364
0.118868 0.813655 0.103414
0.674866 0.290706 0.217796
-0.163977 -0.462929 0.674469
0.326175 -0.107205 -0.826724
-0.524133 0.535022 0.314475
-0.413514 0.710305 0.196207
-0.0896065 -0.146013 -0.828753
0.379371 -0.696165 -0.341012
-0.617578 0.131686 -0.710834
-0.138937 -0.849723 0.124388
-0.312726 -0.774178 -0.0763264
-0.524572 -0.184505 -0.695749
-0.491407 -0.182427 0.631114
-0.238722 -0.594929 -0.577898
-0.685861 -0.270659 -0.428623
0.546818 0.572652 0.0547015
-0.538988 0.2421 0.557104
-0.653238 0.409988 -0.29639
-0.696219 -0.524936 0.0508244
0.257101 0.824747 -0.237142
0.914186 -0.0602828 0.0366783
-0.619721 0.591444 0.0436332
0.036038 -0.0345791 0.836231
0.671495 -0.0963394 -0.610414
-0.356283 -0.66523 -0.439397
0.481547 -0.662769 -0.331786
-0.681448 0.374004 -0.181293
0.626507 -0.275119 -0.579523
0.226422 0.486126 0.480338
-0.527354 0.208284 -0.736178
-0.706712 -0.350666 0.323055
-0.358544 -0.79662 0.154035
0.826828 0.0150783 0.165026
-0.0229128 0.768917 -0.563772
0.0727647 -0.274239 0.727146
-0.594568 0.552901 -0.301033
-0.770841 -0.107441 0.241023
-0.490022 0.36207 -0.734408
-0.113315 0.644536 0.376659
0.489194 -0.707713 -0.0031393
-0.457044 0.369777 -0.74575
-0.0126916 0.925751 -0.188732
0.90357 -0.124395 -0.259666
-0.787192 -0.0844887 0.189645
-0.336694 -0.690528 -0.397475
0.143612 -0.621346 -0.584705
-0.619012 0.587973 0.0749033
-0.326294 -0.791872 0.0068984
0.00476141 -0.735134 -0.31293
-0.528249 -0.334212 -0.598477
-0.266256 0.71151 0.245565
0.793828 -0.413571 -0.0897831
0.160279 -0.0548867 0.794878
0.936478 -0.00393015 -0.0989397
0.540703 -0.347085 0.435932
0.787734 0.334559 -0.0732686
-0.610833 -0.100192 -0.661394
0.635763 -0.0765366 -0.669909
-0.216114 0.885508 -0.235405
0.019631 0.880403 -0.397738
0.294292 -0.771788 0.0100767
0.794935 0.322766 -0.0510541
-0.409362 0.0329762 0.740479
-0.353985 -0.568065 -0.549759
0.279511 -0.130183 -0.830748
-0.277706 -0.779173 -0.0836291
-0.583784 -0.163951 0.556239
0.286406 0.348817 -0.819172
-0.198177 -0.584422 -0.608799
0.861144 0.150363 0.0307483
-0.594727 0.48033 -0.541666
0.687363 0.342243 0.140205
0.755574 0.244135 0.125296
-0.336525 0.640773 -0.636015
-0.380882 0.764656 -0.318618
-0.54428 0.616562 -0.337204
0.457247 -0.28371 -0.715906
0.772709 -0.0334435 -0.497755
0.749989 0.155892 -0.502292
0.69053 0.459552 -0.211952
0.473024 0.141592 0.564678
-0.600484 -0.466506 -0.419229
0.414848 0.432664 -0.695645
-0.240239 0.855315 -0.30568
0.364526 -0.726467 0.129952
-0.738532 0.0978548 -0.299511
-0.335873 -0.679638 0.430245
0.658231 -0.499239 -0.397088
-0.122928 0.716801 0.276564
0.481769 0.0163447 -0.78391
0.663749 0.495405 -0.157788
0.0357073 -0.745592 -0.288105
0.865905 -0.0771366 -0.346315
-0.730447 -0.298446 0.272587
0.851826 -0.235709 0.0545394
-0.547178 0.0976678 0.611986
0.317723 -0.0597219 0.722517
-0.154008 0.553691 0.484891
-0.233012 0.227486 0.723475
-0.659963 0.05033 -0.673878
-0.0410075 0.82456 -0.485745
-0.201527 -0.771371 0.361088
-0.672445 -0.0331351 -0.588833
-0.225805 0.487524 -0.804689
0.236644 -0.0690608 -0.853795
0.499591 -0.209413 0.535208
0.233366 0.219269 0.712031
-0.314306 0.108037 -0.810856
-0.749634 -0.204538 -0.215323
-0.631954 0.478704 -0.245399
-0.27301 0.180315 0.732507
0.490987 0.202508 0.531332
0.799827 0.311681 -0.030771
0.159239 -0.815735 -0.095454
-0.591377 0.496542 -0.512448
-0.743539 -0.270879 -0.204983
-0.297698 -0.283078 0.76587
0.857224 0.231627 -0.100307
0.308388 0.433725 -0.768629
-0.545928 -0.505061 0.407086
0.568972 0.462742 -0.526474
0.461425 -0.576829 0.269732
-0.67842 0.135356 -0.537094
0.152943 -0.692989 0.364286
-0.212275 -0.506366 -0.657922
0.230308 0.836944 -0.264038
0.384073 0.409893 -0.730373
-0.731573 -0.469525 -0.131901
0.0477297 -0.828906 0.116287
-0.321229 0.793945 0.118562
0.142038 -0.0355779 -0.875701
0.541982 -0.360476 0.422515
0.173747 0.242805 0.720955
-0.591016 0.635052 -0.00894457
-0.193211 0.53369 0.505412
-0.163147 -0.204923 -0.797547
0.00866682 0.446152 0.584087
-0.129918 0.866407 0.0720147
-0.484545 0.103325 0.666929
-0.513715 0.443284 -0.67273
0.0683624 0.537258 0.484777
-0.727943 -0.0356219 -0.373863
-0.754823 -0.298751 0.19207
0.844267 0.106172 0.0982236
0.589802 -0.411107 0.322131
0.350241 0.584406 0.295177
0.568243 -0.656326 -0.0551743
0.0972191 0.887961 -0.0407334
0.523572 0.354678 -0.6581
-0.145344 -0.662544 -0.483375
0.901345 0.108598 -0.115368
0.317122 -0.765664 0.00257653
-0.206366 0.188243 0.749518
-0.226684 -0.00223395 0.806158
0.282651 -0.7342 0.183806
-0.0325474 -0.599049 0.533851
0.298893 0.801771 -0.212205
-0.226556 0.505485 0.522853
-0.606392 -0.189224 0.530277
0.417188 0.225811 -0.783467
0.831923 0.0333699 -0.433693
0.704354 -0.496692 -0.361215
0.593136 -0.238625 0.438433
0.37465 0.361573 0.557972
0.948841 -0.0316202 -0.133928
0.127439 -0.784852 -0.183709
0.806018 -0.0565528 -0.440111
0.202961 -0.287593 -0.802135
-0.57217 0.606374 0.132663
0.28584 -0.487802 -0.681953
0.739375 -0.180676 -0.475457
-0.783201 -0.321901 0.0628317
-0.603963 0.147659 -0.714241
-0.198667 0.272871 -0.849804
0.426369 -0.0115682 -0.802953
-0.299678 0.777657 0.146633
0.0470876 0.031474 -0.886512
-0.432084 0.761052 -0.175642
0.689294 0.0654669 -0.63054
0.493368 0.484434 0.273816
0.341281 -0.610047 -0.521511
0.294793 0.075231 0.744095
-0.451836 0.629387 -0.535458
-0.116507 0.21359 0.760184
-0.153998 0.812725 0.13923
0.31027 0.79088 -0.0159229
-0.198211 0.717294 -0.619687
-0.634643 -0.395288 0.413566
0.357628 0.538737 -0.672229
-0.550336 -0.687771 0.0593951
0.852071 -0.329632 -0.0951869
0.0719061 -0.644117 -0.535899
0.850508 0.232924 -0.0478058
0.330689 -0.412949 0.553202
0.681642 -0.376186 0.248035
-0.730121 0.300539 -0.0110113
-0.444509 0.398141 0.520527
0.899304 0.0510597 -0.327198
-0.52982 -0.106899 0.617374
-0.158588 -0.0847076 0.830707
0.660756 -0.0899307 0.400003
-0.276421 0.608989 0.377822
0.439563 -0.612161 -0.438864
-0.326271 -0.0912774 -0.776503
0.579932 0.373068 -0.598752
-0.329636 -0.54658 -0.590744
0.867322 0.151266 -0.320271
0.4618 0.570723 0.203469
-0.241871 -0.599419 -0.571125
0.451604 0.657002 0.0663741
0.0114137 0.261816 0.769039
-0.200909 -0.727992 -0.305189
-0.671331 0.430178 -0.0790996
0.726241 -0.137102 0.320445
-0.745752 0.200025 -0.18581
-0.762923 -0.196387 -0.162822
-0.081147 -0.428464 0.681996
-0.107344 -0.638007 0.524237
0.077742 -0.83757 -0.0172481
-0.371743 0.822199 -0.0398042
-0.287193 0.792146 -0.40779
-0.699975 0.0840014 -0.482455
-0.493427 0.320282 -0.737398
0.460008 -0.636425 0.184672
-0.711195 -0.0942512 -0.414114
0.395978 -0.719938 0.12016
-0.368799 0.388523 -0.776116
0.254841 0.0428225 -0.876967
-0.243104 0.229723 0.719789
0.773984 -0.310491 0.145891
-0.155115 -0.734492 0.421393
0.294561 -0.422932 0.561357
0.0132614 -0.613217 -0.605408
-0.562609 -0.389017 -0.523245
-0.752308 -0.427431 -0.0694973
0.804601 -0.307049 0.0993939
-0.411385 0.161987 0.688529
0.81594 -0.316578 -0.294493
-0.724294 0.276377 -0.148972
-0.0807533 -0.0375951 -0.849663
0.57613 -0.340493 0.402363
0.105989 -0.445002 -0.743722
-0.477055 -0.0136575 0.686681
0.908107 -0.212407 -0.194186
0.181182 -0.524013 0.53267
0.541187 0.599472 -0.0227851
0.923856 -0.0460375 -0.00393699
0.81702 -0.284486 -0.313383
-0.271299 -0.678477 -0.43509
0.788349 0.233756 0.0793686
-0.373816 -0.467698 -0.631882
0.0416638 0.833068 0.0890783
-0.628268 -0.0683289 -0.658536
0.632739 -0.303364 -0.557569
-0.733082 -0.160414 -0.301286
0.462822 -0.0176626 0.605552
-0.228343 -0.434458 -0.695467
-0.707421 -0.399716 0.275268
0.328264 -0.64713 0.303485
-0.0999489 0.687482 0.321832
-0.580365 -0.409397 0.471034
0.780426 -0.218896 -0.399843
-0.648136 0.177882 -0.635871
-0.476076 0.724735 -0.136746
0.424773 -0.563758 0.32782
-0.566859 0.449382 0.348769
-0.0363678 0.928264 -0.211386
-0.0410739 0.371854 0.66183
0.264567 0.532777 0.402743
0.111999 0.775262 0.168942
-0.793287 -0.0960088 0.0383015
-0.59456 0.578308 -0.216432
-0.561851 -0.554344 -0.364988
-0.1409 -0.380739 -0.73983
-0.792655 0.0138331 0.0649115
-0.77778 -0.301138 -0.0386658
0.35432 0.63287 -0.570777
0.678967 0.450664 0.0140288
-0.586881 -0.464378 -0.436848
-0.0106106 0.818832 0.126752
-0.01826 0.864717 -0.421191
-0.482051 -0.725305 0.118922
-0.0192704 -0.16066 -0.841659
0.42796 -0.364668 0.533243
0.250983 -0.801721 -0.151642
-0.455649 -0.517258 -0.513239
-0.391652 0.474549 0.48308
-0.639748 -0.602368 -0.0858745
-0.553042 0.578528 -0.484307
0.675365 0.381593 0.116562
0.792534 0.211481 0.092041
-0.0543807 0.565668 -0.779267
-0.0380612 0.131195 0.805999
0.473205 -0.69146 -0.290018
0.51155 -0.541857 -0.469156
-0.537072 0.368666 0.47054
-0.205153 -0.771797 -0.171355
-0.593294 -0.115108 -0.674202
0.707062 -0.335385 -0.448216
0.643889 0.524367 -0.0960898
-0.413909 0.397145 -0.758777
0.460175 0.699768 -0.179254
0.639518 -0.565132 -0.321556
0.852653 -0.209894 0.0764544
0.417659 0.225671 -0.783218
0.327564 -0.736782 -0.294771
-0.16356 -0.147883 -0.80917
-0.797329 -0.0517519 -0.0345874
0.544644 -0.667645 -0.197836
-0.0907023 -0.539577 -0.672011
0.363016 0.708559 0.132788
-0.386331 0.0932361 -0.787661
-0.560213 -0.210503 0.564757
0.0553899 -0.191481 -0.840327
-0.0156997 -0.712714 -0.367346
-0.60077 -0.0241627 0.563708
-0.489254 0.673812 -0.326414
0.042156 0.691655 0.313402
0.340553 -0.76034 -0.0136007
-0.645472 0.222591 -0.611131
-0.791359 0.000628494 0.125877
0.810472 0.306486 -0.270768
-0.790694 -0.14792 0.068067
0.110556 -0.592338 -0.639786
-0.666173 0.0449348 -0.647508
-0.642555 -0.380976 -0.434037
0.334591 0.628891 -0.611118
-0.285812 0.660227 -0.650829
0.722808 -0.446936 0.109394
-0.6359 -0.323282 0.448698
-0.504215 0.155334 -0.749913
0.793469 -0.215899 -0.382927
0.576251 0.583056 -0.0855671
-0.439518 -0.656693 0.362038
-0.0424769 -0.701371 0.426786
-0.145206 -0.736545 0.41503
0.332122 0.452307 0.470052
-0.22274 0.440021 -0.81558
-0.693308 0.227788 -0.395846
0.687865 0.40575 0.0638828
0.0552618 0.841152 0.0716604
0.821392 -0.0794724 -0.407753
-0.591955 -0.100233 -0.684462
0.819601 0.296655 -0.14133
-0.567666 0.479747 -0.590552
0.0814235 0.10638 -0.904643
-0.251931 -0.668517 -0.461211
-0.0519845 -0.836165 -0.00176306
-0.118497 0.700067 -0.651241
0.00584448 0.880031 -0.394994
0.563242 -0.170727 0.48875
0.160334 -0.547624 0.519939
0.937112 0.00951709 -0.242097
0.656355 0.315395 0.223014
-0.00746672 -0.261327 -0.814326
-0.703651 0.218966 -0.357486
-0.356835 0.698386 -0.523814
-0.373736 0.774917 -0.305121
-0.0749689 -0.404507 -0.7485
-0.37246 0.300716 0.629742
0.18826 0.259995 -0.916646
-0.698302 0.364951 0.11383
-0.629181 -0.434298 0.375821
-0.580502 0.622211 0.0938231
0.121536 -0.17729 0.756473
-0.0561105 0.538861 -0.800207
-0.334556 0.251086 -0.802337
-0.71926 0.224164 -0.283464
0.867179 0.211854 -0.124456
0.518137 0.170866 0.509104
-0.755732 -0.430117 0.0575139
0.843621 0.0176548 -0.417011
-0.786886 -0.233555 -0.0373576
0.558209 0.213969 -0.691888
-0.465948 0.618699 0.270897
0.41385 -0.700641 -0.310326
0.407361 0.193116 0.624129
-0.127249 -0.615686 -0.591182
0.226507 0.493218 0.471378
-0.556364 0.491811 0.319679
-0.620851 -0.469165 -0.393399
0.710476 -0.493148 0.0690903
0.614 0.0218312 0.43746
-0.144453 0.336242 -0.863285
0.460293 0.35569 -0.701837
-0.695915 0.377861 0.104204
-0.514602 0.633097 -0.403491
0.31441 0.333875 -0.807201
0.0405328 0.15936 -0.911544
0.110842 0.892936 -0.20224
-0.3665 -0.589231 -0.514758
0.0231985 0.918128 -0.178096
0.741619 0.166899 0.217096
-0.0506193 0.536397 -0.801351
0.744775 -0.409629 0.114065
-0.36414 0.733175 -0.425038
-0.297607 -0.716331 0.402991
-0.607611 0.598735 0.0798281
-0.177687 0.136 0.782445
0.706547 0.0886401 0.299676
0.335537 -0.640712 -0.475399
-0.649018 -0.482001 0.277384
-0.0330445 -0.198576 -0.832743
-0.0158857 0.718375 -0.632018
-0.0586344 0.180399 0.789982
-0.79668 -0.0563866 -0.0952329
0.810795 -0.0334324 -0.444255
-0.701779 -0.525467 -0.000924496
-0.520296 0.698934 0.0267587
0.193979 0.861273 -0.0274181
0.674814 0.389368 0.107889
-0.641307 -0.15481 -0.592459
-0.405275 -0.15786 0.710556
-0.249947 0.070355 -0.824118
-0.613249 0.315702 0.409739
-0.245768 -0.709092 0.435554
-0.790771 -0.250627 -0.00820279
-0.445043 -0.532222 -0.50629
-0.600327 -0.635283 0.0707526
0.706056 0.232603 -0.531827
-0.299046 -0.471552 0.632812
-0.285347 -0.36535 0.715187
-0.397316 0.256458 0.641688
0.180739 0.801998 0.10199
0.0444069 0.579399 -0.754785
0.288971 -0.57035 0.44412
-0.188164 0.792094 -0.515907
-0.604932 0.389149 0.350115
-0.554224 0.665864 -0.0392679
0.742744 -0.454287 0.049852
-0.755216 -0.0306373 -0.270147
0.620802 -0.10778 0.44815
-0.591345 -0.534728 0.297442
-0.0676569 -0.856023 0.0646059
0.857761 -0.198886 0.0736366
0.318554 -0.525562 0.480274
-0.794193 -0.11345 0.00217296
-0.307787 -0.126887 0.784447
0.00544221 0.774106 0.200569
-0.693908 0.393777 0.0253394
-0.127036 0.772354 -0.550023
-0.504797 0.318581 0.533024
0.145171 0.547009 -0.765785
0.13979 0.0250479 -0.891222
-0.680841 -0.180847 -0.489003
-0.208882 0.0553202 0.804484
0.105909 0.877824 -0.326802
-0.455728 0.197268 0.639763
-0.553346 -0.304661 -0.59184
-0.489954 -0.600323 0.367544
0.21902 -0.140519 0.735882
0.567849 -0.644881 -0.264823
0.450875 0.401799 0.439903
0.482364 0.0398868 0.577713
-0.734019 0.0716231 0.341578
-0.64042 -0.112455 -0.618095
0.587198 -0.103594 -0.714587
-0.071415 0.0460232 -0.866444
-0.0170401 0.21249 0.783338
-0.715541 0.143174 0.334362
-0.412455 0.288309 0.615011
-0.671077 0.3215 0.288874
-0.652523 -0.594066 0.0154543
-0.765157 -0.375668 0.0933365
-0.526402 0.466345 -0.641011
0.578903 -0.355283 -0.568105
-0.346678 -0.364003 0.681063
-0.631169 -0.11199 -0.62968
0.555646 0.378271 -0.620054
0.196637 -0.798351 0.0390973
0.592957 -0.150439 -0.683628
0.322743 -0.760579 0.0308189
0.469604 0.398438 0.419023
-0.226317 0.483873 -0.805276
0.828734 -0.00774116 0.16871
0.265979 -0.665032 -0.473946
-0.647933 0.40647 -0.352135
-0.0621686 0.900792 -0.0112398
-0.206728 0.361045 0.659602
-0.141762 -0.701074 -0.387697
-0.179944 -0.843753 0.17539
0.853289 0.234014 -0.0744442
0.271339 0.0954157 -0.879621
-0.454064 0.758177 -0.0783978
-0.738988 -0.471067 -0.0597093
-0.454408 -0.238678 0.648049
-0.0554297 0.751318 0.246351
0.283922 0.533499 0.392225
-0.635623 -0.278047 0.469333
-0.612877 -0.263639 0.504941
0.578278 -0.651389 -0.11002
0.204323 -0.286656 0.668058
0.523222 -0.228462 -0.706732
0.6079 -0.297727 -0.589182
0.539311 0.0450563 -0.759962
0.029575 -0.710115 -0.376914
-0.203487 0.222144 0.733668
-0.000551933 0.896207 -0.348695
0.00584067 -0.748856 -0.273727
-0.0769918 -0.417834 0.689201
0.633952 0.0409129 0.411072
-0.500183 0.151653 -0.751753
-0.450512 0.673147 -0.428224
0.594212 -0.0183739 -0.733347
0.642494 0.491018 -0.353864
0.140013 -0.527848 0.541265
0.6511 -0.393577 -0.483547
0.851515 -0.191654 0.0920662
-0.33054 -0.447692 -0.660636
0.885566 -0.142544 0.0549716
-0.657792 0.286473 0.359168
0.457096 0.683274 -0.0752672
-0.193252 -0.644495 -0.524204
-0.398819 -0.727544 0.265092
-0.594142 -0.384652 -0.48895
0.168797 0.044305 0.802728
-0.77752 -0.312773 0.0950277
0.67766 0.284025 -0.542442
0.448094 0.602788 0.178063
-0.533502 -0.451064 0.486508
-0.436816 0.380522 0.543197
-0.374701 0.743188 -0.382386
0.893997 -0.256501 -0.084192
-0.324927 0.364564 0.613756
0.528558 0.423847 -0.606518
-0.0242272 0.379437 -0.88961
-0.66961 0.189798 -0.531497
0.239638 0.640331 0.279886
-0.769878 0.194962 -0.0401584
0.783105 -0.36567 0.0994163
0.618503 0.533094 -0.0367033
-0.205007 0.737223 0.227783
-0.142732 0.458983 0.578168
-0.289493 0.714667 0.234817
0.524028 -0.361991 -0.605348
-0.458417 0.433489 -0.729478
0.814527 -0.294983 -0.311104
-0.10747 0.260313 0.739641
0.166889 -0.594437 -0.633602
-0.281557 -0.00600542 -0.802782
0.502701 -0.419504 0.407012
-0.120598 -0.601132 0.557058
-0.148138 0.85868 0.0784996
0.284565 -0.550366 0.467595
-0.511543 -0.388955 0.558771
0.0691357 0.67442 -0.677291
-0.743713 0.254631 0.0354956
0.270334 -0.0324137 -0.855919
0.545917 0.462906 -0.551176
-0.627146 -0.182071 0.514167
0.733403 -0.491788 -0.150824
0.192924 0.055695 -0.891317
-0.176896 -0.237821 -0.782245
0.32206 -0.711975 -0.346665
0.773254 0.152369 -0.468871
0.201155 0.490552 -0.800601
0.497887 -0.261422 0.520247
0.111228 -0.617242 -0.593966
-0.207079 -0.476963 0.666945
-0.260058 0.804221 -0.419112
-0.316506 0.592579 0.381861
-0.768835 0.0648491 -0.184423
0.312345 0.3713 -0.793006
0.0186763 0.717182 0.291822
0.432184 -0.304656 -0.719423
0.474685 -0.312028 -0.681093
0.300911 0.38816 0.5662
0.573446 0.297287 0.383236
0.736762 0.110298 0.252708
-0.203642 -0.597967 0.568633
-0.664637 -0.0104385 -0.628553
-0.539499 -0.275376 -0.626156
-0.326708 0.535595 0.448073
-0.752604 0.209653 -0.134977
-0.603225 0.196205 0.517479
-0.414367 0.765865 0.0589685
-0.200388 -0.774869 0.3527
-0.449534 0.693493 0.19013
0.897361 0.142654 -0.204987
-0.0326154 0.883563 -0.376123
-0.0679004 -0.455719 -0.730669
0.568345 0.484072 0.162928
-0.500336 0.445008 0.433041
0.465486 -0.653028 0.154709
0.464007 -0.221672 -0.751309
0.357111 0.73967 -0.31947
-0.00955251 -0.0376874 0.846469
0.71546 0.209979 0.222967
0.00776193 0.586837 0.442604
0.418885 0.487221 -0.657308
-0.754575 -0.0826912 -0.250677
-0.419098 -0.129132 -0.74583
-0.0632 0.930235 -0.113669
0.489986 -0.223992 -0.735729
0.783073 -0.394222 0.0529382
0.18669 -0.253997 0.691614
0.710045 0.0966444 -0.590969
-0.660726 -0.537766 0.132724
0.747581 0.386944 -0.254253
0.796034 0.252491 0.0498719
0.223945 0.547833 -0.748017
-0.0845333 0.275028 0.738328
0.716772 0.416786 -0.330015
0.371221 0.140391 -0.839975
-0.745721 -0.351016 0.193517
-0.577269 0.0546591 0.586218
0.203602 0.83051 0.0396901
-0.62825 0.270212 -0.648179
-0.481819 -0.195059 0.636003
0.288757 0.118448 -0.876245
0.94114 -0.158104 -0.113801
-0.154205 0.844992 0.095534
0.274501 -0.793187 -0.129176
0.941064 -0.00209983 -0.153363
0.0307236 0.122592 -0.903235
-0.191958 0.618662 -0.741584
-0.702504 0.196523 0.319842
0.312523 -0.637533 -0.496951
0.439457 0.529159 -0.60382
0.028632 0.0983354 0.819581
-0.535801 0.406291 0.436061
-0.430145 -0.0232225 0.72196
0.630009 -0.280211 0.374477
-0.440094 0.295889 0.593416
0.547361 -0.36048 0.41685
-0.232795 0.0356817 0.800259
-0.38445 0.0195011 -0.780195
0.0641948 0.631056 -0.71176
-0.671172 0.0776617 -0.61612
0.54056 0.121902 -0.736844
0.0955428 0.528524 0.488075
0.640229 0.0134934 0.410417
0.378907 -0.371313 0.55394
0.390094 -0.717378 -0.292804
0.098153 0.469387 0.548291
-0.0491064 0.916494 -0.290935
-0.127001 -0.343472 -0.757957
0.427225 0.434268 0.431456
0.0575585 0.851487 -0.453841
-0.674929 -0.184438 0.456887
0.109858 -0.46397 0.600114
-0.368934 0.454009 -0.763825
0.437725 0.358264 0.511171
0.577928 0.136925 0.450941
0.29051 -0.111166 -0.833099
-0.616825 0.179716 0.504876
0.37636 -0.732116 -0.272801
-0.499122 -0.613368 0.334399
-0.262167 -0.818286 0.256506
0.353191 -0.326647 0.587831
-0.688497 0.405803 0.0468498
-0.301996 0.57555 0.40888
0.3566 0.626209 -0.581424
-0.36646 -0.743255 -0.16038
0.024642 0.162224 -0.910607
-0.699462 0.11694 -0.459373
-0.657472 0.100644 -0.657752
-0.743725 0.215089 0.111858
0.45941 -0.646264 -0.374247
-0.612385 0.124664 -0.713459
0.0294331 0.71908 -0.632939
0.823424 0.293243 -0.195342
-0.125107 -0.492371 0.64404
0.524175 0.623651 -0.307486
0.203673 0.852362 -0.250523
0.373463 0.725403 0.0608927
-0.293236 0.854816 -0.229031
0.0525385 0.545836 -0.779776
0.585017 -0.396526 -0.532269
-0.07064 -0.846732 0.142583
0.121685 -0.206601 0.741626
-0.15621 -0.736542 -0.286212
0.922228 -0.127016 -0.0243381
-0.662547 -0.328784 -0.449198
-0.211854 -0.305557 0.773711
0.242087 0.0264072 0.776135
-0.72856 -0.362385 -0.218299
-0.179568 0.706717 -0.636162
0.140001 0.220376 0.745977
-0.692412 0.388197 0.106388
0.36071 -0.551824 -0.58039
0.378401 0.746548 -0.0551421
0.370801 0.73233 -0.310437
0.817162 0.266477 -0.325959
-0.480419 -0.58116 -0.4159
-0.175381 0.895262 -0.285605
0.0893813 -0.234634 -0.824633
0.218766 0.765396 0.132527
0.655904 0.0990103 0.363032
-0.327632 -0.742562 -0.194
-0.589727 -0.583278 -0.27971
-0.0850664 -0.493522 0.631833
0.750489 0.208189 -0.476473
0.268094 -0.302082 0.63467
0.645152 -0.0634837 0.416499
-0.568881 0.646541 -0.0626222
0.355269 0.331787 0.587532
0.488165 -0.66261 -0.326095
0.232935 0.372857 -0.843894
0.440662 0.0278896 0.620894
-0.00181931 -0.499236 -0.721934
-0.544099 -0.501563 0.413622
-0.675787 -0.539478 -0.163024
0.476394 0.132787 0.563029
-0.628063 0.229769 -0.682007
0.290677 0.512794 -0.733943
0.657385 0.406558 -0.483844
0.710646 0.19704 -0.541946
-0.239885 -0.18678 0.803487
-0.0254777 0.616977 -0.735386
-0.605437 -0.59721 0.171559
0.328304 -0.74103 -0.286013
0.239315 0.669712 0.243103
-0.623421 0.392725 -0.5492
0.902546 0.0706276 0.00205042
0.350566 -0.60777 0.340035
0.23449 0.818571 -0.338943
0.925794 -0.142288 -0.207521
0.0191293 0.877082 0.0181015
-0.543939 -0.224608 -0.654668
0.925034 0.0281718 -0.299338
0.139053 0.877861 -0.0249727
-0.452346 0.11286 0.690854
0.06836 -0.836027 0.053333
0.24157 0.692959 -0.606724
-0.770853 -0.107974 -0.176855
0.490791 0.233805 0.524416
-0.500317 0.329149 -0.733996
0.74902 -0.373155 -0.371539
0.416475 -0.566325 0.332943
0.917286 -0.230996 -0.139854
0.709128 -0.504309 -0.3336
-0.524246 -0.561994 0.366639
-0.621377 0.090204 0.523546
0.620638 -0.126401 0.447524
-0.378607 0.493299 0.473389
0.39654 -0.05057 -0.809109
0.576474 0.144463 0.450821
0.152976 0.634576 0.330149
0.478005 0.646483 0.0106871
-0.702708 -0.0247758 -0.476348
0.318462 -0.565473 -0.59132
0.135947 0.738261 -0.611544
0.352857 -0.107972 -0.816514
-0.693503 0.272847 -0.351683
-0.489577 -0.649927 -0.31875
0.642944 0.315542 0.245758
-0.0933674 0.885413 0.0314089
0.874181 0.0975892 -0.342812
0.212459 -0.768343 -0.244466
0.0155982 0.444015 0.585819
-0.365077 0.126765 0.7264
-0.566789 0.618593 -0.213667
0.573519 0.112136 0.461479
0.104292 0.152015 0.789165
-0.642423 0.480836 -0.151339
0.753618 0.193314 -0.47888
0.181578 0.772432 -0.522958
0.813313 -0.00858774 -0.452383
-0.325208 -0.779248 0.254672
0.0353479 -0.801252 0.206294
-0.327222 0.790292 -0.345101
0.258013 0.2552 -0.873979
-0.598854 0.48034 0.261251
0.602929 0.535995 -0.335247
0.109475 0.860399 -0.411349
0.560338 0.601595 -0.223095
-0.0955795 -0.787722 0.286433
0.616834 0.376942 -0.555335
0.255856 0.187252 -0.89791
-0.74817 0.187976 -0.186297
0.583055 -0.391281 -0.537739
0.293345 -0.707257 -0.374154
-0.797502 0.0134334 -0.0730245
-0.446532 -0.0305939 -0.755593
-0.499461 -0.418214 -0.570143
-0.681025 -0.153028 -0.501203
-0.488453 0.283651 -0.742869
0.314428 0.188888 0.698156
0.261797 -0.644585 -0.516494
-0.190897 -0.165184 -0.799081
-0.00710118 -0.856825 0.0735654
-0.719212 0.219631 0.236705
0.39847 -0.469595 0.468475
-0.196823 0.818814 0.119513
-0.614391 0.506169 -0.300271
-0.160632 -0.555479 -0.642107
-0.0671166 -0.240415 0.798278
-0.538251 -0.673471 0.152217
0.703655 0.0332807 -0.609535
-0.630444 0.430911 -0.416414
0.176681 -0.786965 -0.184827
-0.690773 -0.484953 -0.29725
-0.743496 -0.186765 0.288975
0.803818 0.0595623 -0.467226
-0.122524 0.757037 0.222239
-0.452553 0.743662 0.049129
-0.327657 0.533565 0.45019
0.297163 -0.277677 -0.792018
0.674004 -0.565485 -0.208963
-0.00256959 0.313378 0.718342
0.250646 -0.123273 0.731884
-0.649952 0.415462 -0.305544
0.585955 -0.0813189 -0.727527
-0.182243 0.340955 0.6799
-0.665138 0.155441 -0.579246
0.388304 0.218701 0.637392
-0.499245 -0.604199 0.347154
-0.644269 0.521626 0.0747937
0.167108 -0.0738046 0.786945
-0.706738 0.356856 0.045243
-0.0492609 0.680843 0.33898
0.218038 0.861023 -0.0815014
0.734349 -0.463971 0.0558629
0.773279 0.340151 -0.0154371
-0.518026 -0.488094 -0.486488
0.0399151 -0.286748 -0.806706
-0.658104 0.446074 0.194915
0.871202 0.154873 -0.304583
0.32943 -0.690763 -0.38335
-0.661873 -0.330497 -0.448722
0.638497 -0.608548 -0.225693
0.253124 0.128012 0.751907
0.040543 0.084332 -0.896494
0.434325 0.665695 -0.371034
0.0727079 0.3158 0.706229
-0.0783444 -0.0249284 -0.852464
-0.319613 0.787936 -0.363751
-0.323035 -0.0364054 -0.786762
-0.0953311 0.868162 -0.388903
-0.416983 -0.749529 -0.0852589
-0.582509 -0.287484 -0.572234
0.218403 0.832178 -0.325937
-0.757326 -0.376492 -0.0849983
-0.531215 0.381066 -0.705999
0.472148 -0.333298 -0.666998
0.178239 0.574532 -0.739572
0.347672 -0.0356613 0.700463
0.66458 0.120632 0.344473
-0.230285 0.707366 0.261198
0.486491 0.172824 0.542966
-0.702845 -0.291355 0.360482
0.724395 -0.434798 0.119627
0.395574 0.662144 0.169584
0.396305 0.486982 -0.675202
0.912027 0.0589 -0.302401
-0.717339 -0.384474 0.2609
-0.436813 -0.272198 -0.692735
-0.156758 -0.761205 -0.211787
-0.76602 0.111798 -0.166432
0.64442 -0.596008 -0.0677347
-0.204698 -0.219535 -0.780138
0.66018 -0.0838331 0.400258
-0.662522 -0.23433 -0.507796
-0.125164 0.801936 -0.509115
0.66491 0.0875026 -0.653869
0.0150529 -0.755713 -0.254459
-0.0644331 0.526603 -0.810718
0.316426 -0.439854 0.541149
-0.736492 0.170504 -0.252445
-0.105211 0.394335 -0.864342
-0.317919 -0.770168 -0.0886333
0.77502 -0.137218 -0.445785
-0.544526 0.627983 -0.278547
0.00776961 0.910428 -0.263665
0.589406 0.494004 -0.456694
-0.131564 -0.851457 0.134559
0.0261051 -0.0658624 -0.864991
-0.133262 -0.77715 -0.167297
0.938805 -0.0525953 -0.240683
0.649209 0.227037 -0.608156
0.819096 -0.0457941 -0.426789
-0.539678 0.638966 0.133566
-0.483102 0.274881 0.576247
-0.310397 0.42568 0.573476
0.310499 0.620774 -0.656379
0.431346 0.187599 -0.788457
-0.0592741 -0.376549 0.716736
0.720949 -0.0749871 -0.550964
0.116623 -0.136289 -0.854081
-0.446909 -0.348044 0.626273
0.439927 -0.684724 -0.324769
-0.136686 0.911891 -0.200784
0.0173227 -0.569766 -0.681183
0.349056 -0.0846256 -0.821657
-0.167424 0.625549 0.389134
0.576679 -0.00792679 -0.741887
0.773879 -0.416017 -0.306498
0.814946 -0.318654 -0.294955
-0.0293602 -0.155756 -0.841683
-0.635257 0.457816 -0.287208
0.520208 0.608377 0.0169762
0.350777 -0.363877 0.570295
-0.116813 -0.356404 -0.755727
0.01096 0.891486 -0.0128227
-0.21514 -0.272042 0.786846
0.678423 0.301885 -0.532267
0.343731 0.715406 -0.410295
-0.113201 0.255594 -0.882748
-0.42063 0.298927 0.604405
-0.478271 0.627496 -0.494813
-0.367674 -0.738158 0.291128
-0.658201 0.00762131 -0.660993
-0.26169 -0.724232 -0.307283
0.651312 -0.0961626 -0.63885
-0.447759 -0.608168 -0.416602
-0.793325 -0.123382 0.0175222
0.475914 -0.294125 -0.693655
-0.775823 -0.264441 -0.0680149
0.433122 0.0433769 0.626116
-0.528701 0.0451263 0.644936
-0.215134 0.665305 -0.687589
0.264715 -0.751197 -0.287366
-0.22621 -0.781057 0.342792
-0.106709 -0.553747 -0.658609
0.529289 0.299936 0.455495
-0.103988 -0.57954 0.569386
0.130979 -0.0454807 0.805598
0.481022 0.347576 0.466501
-0.435998 -0.183897 -0.723003
-0.505396 -0.247617 -0.672839
-0.666036 0.0900983 -0.62861
0.314653 0.558675 -0.692113
-0.598009 -0.647937 -0.0960807
-0.289909 -0.0611093 0.790449
-0.777196 0.00146611 -0.188147
-0.674863 0.193662 -0.505192
0.654283 0.409046 0.119773
0.220405 0.858929 -0.143147
-0.464236 0.717606 0.108505
0.695698 -0.21983 0.321342
0.573445 -0.647292 -0.0295539
0.599455 -0.608367 0.0568805
0.251412 0.57694 -0.716765
-0.694654 -0.534759 0.022379
0.555695 -0.409377 -0.545177
0.190844 0.83886 -0.382573
-0.0305346 0.433893 -0.86221
-0.490454 -0.73615 0.0513885
-0.0030261 0.909306 -0.0685822
-0.368894 0.796021 0.0446088
0.522019 -0.0878093 0.553666
-0.641777 -0.224966 -0.550912
-0.745476 -0.146009 -0.259272
0.230245 0.804456 -0.401739
0.275226 -0.119935 -0.834048
0.456469 -0.13959 -0.77232
-0.218543 -0.266387 0.787695
0.709854 -0.516525 0.00954825
-0.790225 0.0345802 0.096815
-0.42715 -0.292518 0.657334
-0.442604 -0.748581 -0.0324599
-0.138176 0.880069 0.0510353
-0.345067 -0.800926 0.165212
0.882357 0.151822 -0.275347
-0.22022 0.798361 0.140709
0.555635 0.586239 -0.0193822
0.463173 -0.239652 -0.744583
-0.0904426 -0.0481469 0.83922
0.571162 0.218251 0.435501
0.0336668 -0.156549 -0.847517
-0.659212 0.487382 0.0241097
-0.596603 -0.198267 0.536433
0.792774 0.33187 -0.20114
-0.714292 -0.364301 -0.278708
-0.651403 -0.204105 -0.547431
0.495818 -0.693061 0.032051
0.494612 0.145364 0.540414
-0.55372 0.381233 -0.688648
-0.172147 -0.421647 0.706862
0.4387 0.491188 -0.639184
0.676535 -0.538376 0.0790567
-0.119094 0.159338 -0.87347
-0.421822 -0.767139 0.0104565
0.154073 0.174524 -0.924616
0.569861 -0.289182 -0.624956
-0.728239 -0.116852 -0.338449
0.211088 -0.0429081 -0.864001
-0.575597 -0.163527 0.563419
-0.589605 0.279818 -0.705548
0.641507 0.00985466 0.409839
-0.664707 0.454042 0.157331
0.0546922 0.781108 -0.550582
-0.481548 -0.739972 0.0426679
-0.680763 0.275592 0.306638
0.619283 -0.419884 -0.488225
0.284568 0.0896822 0.752517
0.111422 0.636383 0.348509
-0.734851 -0.444722 -0.138084
0.175912 -0.55557 -0.666624
0.0774517 -0.414221 0.646795
0.00955812 -0.478143 -0.733029
-0.439072 0.766018 -0.115493
-0.0161022 0.571186 -0.769716
-0.425886 0.325504 -0.761549
0.427954 -0.734859 -0.0248325
-0.145307 -0.563808 -0.641303
-0.00202074 -0.612132 -0.608035
0.828368 0.151157 0.0851571
0.837657 -0.129469 -0.36143
0.501183 0.650777 -0.278118
-0.78133 -0.336616 -0.00307081
-0.73606 -0.335905 0.234161
0.494598 0.280811 0.509585
0.378346 -0.33781 0.570936
0.0445978 -0.390026 -0.768821
-0.0393197 0.9257 -0.234826
0.535556 -0.542095 0.241105
0.0694937 -0.481501 0.597689
0.452274 -0.500915 0.378379
-0.410824 -0.558416 -0.508551
0.159525 -0.596814 -0.629535
0.025583 0.452038 -0.847232
-0.37739 -0.737613 -0.172982
-0.720682 -0.0263102 -0.405964
0.327446 0.584558 0.306407
0.00681937 0.305343 -0.920263
0.576578 0.353688 0.316548
0.549082 0.382154 -0.622741
-0.57522 0.385904 0.40456
-0.676707 -0.194008 -0.498369
-0.675346 -0.42257 0.321014
-0.39544 -0.788023 0.113262
0.00664382 -0.690093 0.424839
0.53125 0.40172 0.325337
-0.122342 0.293758 0.719426
0.772772 -0.30479 0.15112
-0.0735647 0.213227 0.771386
-0.724239 -0.0774563 -0.370586
-0.735258 0.076519 0.335314
-0.653119 -0.413591 -0.397103
0.0657651 0.641598 0.36447
-0.300915 -0.653616 0.482482
-0.615024 -0.326403 0.474051
-0.10443 0.260454 0.740352
0.467552 0.231774 -0.749115
-0.107113 0.219617 -0.885093
-0.280842 -0.665144 -0.46763
-0.741978 -0.463811 -0.0341197
0.229172 -0.667517 0.357952
0.383086 -0.726428 -0.279613
-0.666867 -0.572683 -0.049681
-0.307614 0.807614 -0.334998
0.264928 -0.581147 -0.606256
-0.55377 -0.369867 0.529775
-0.32318 -0.538364 -0.59923
-0.490739 0.67373 -0.319352
-0.761552 -0.180373 -0.177659
-0.696269 -0.321042 0.365105
0.595594 -0.451707 0.272664
0.146779 -0.12633 0.772046
0.605603 0.133723 0.417922
0.00509841 0.876714 -0.402935
-0.36961 -0.347946 -0.687101
-0.628433 0.361478 -0.560575
-0.340518 -0.656517 0.453437
0.00804826 0.859852 -0.439841
0.663911 0.144089 -0.632094
0.706481 -0.416542 -0.410929
-0.781078 0.0635207 0.164998
-0.478537 -0.394381 -0.603744
-0.39254 0.483605 -0.734602
-0.0231083 -0.182355 0.807093
-0.719678 0.275915 -0.188867
-0.0426331 0.932759 -0.132082
0.703932 -0.445324 -0.399734
0.587286 -0.2083 0.453681
-0.244371 -0.659134 -0.485087
0.577637 -0.155632 0.479671
-0.12939 0.0937189 -0.859528
0.469457 -0.0661859 -0.778191
-0.24221 -0.798214 0.307969
0.556276 0.282111 0.426812
-0.369813 0.251983 -0.789368
0.269325 -0.217835 0.676677
-0.589674 0.404458 0.360003
0.086238 -0.118501 0.796106
0.726007 -0.210992 0.278805
-0.313411 -0.748863 0.345931
0.112805 -0.771772 -0.220911
0.121092 0.763993 0.182855
-0.546246 0.557223 0.252563
0.89828 0.121205 -0.266233
-0.687928 0.0216629 -0.553281
-0.609734 0.382386 -0.625737
0.220148 0.863804 -0.0990463
-0.37898 0.572817 0.380549
-0.519168 0.0187059 -0.73974
-0.0334847 0.783713 -0.543198
-0.467399 0.542359 -0.630909
0.464467 -0.572215 0.27319
-0.754557 -0.229044 -0.180728
0.159325 0.726945 0.210757
0.664489 0.48901 -0.205276
-0.0346123 0.74504 -0.595393
0.266849 0.789989 0.0628264
-0.0328232 0.926679 -0.115408
0.371135 -0.713274 0.159851
0.63704 0.266312 -0.603478
0.413953 -0.18548 0.615669
-0.124181 -0.152966 -0.818554
-0.337595 -0.686879 -0.408335
0.60667 -0.377916 0.337638
-0.396282 0.720271 0.189524
-0.341579 0.73081 0.195738
-0.689875 0.173568 -0.455419
0.017998 -0.605533 -0.619341
0.949423 -0.080216 -0.183618
-0.119283 -0.510803 0.627871
0.051242 -0.387564 -0.769545
0.601215 -0.151441 -0.673276
0.510475 0.352701 -0.668149
0.652504 -0.540975 -0.346618
-0.28002 -0.447926 -0.674941
-0.394259 0.499868 0.455011
0.156052 -0.679214 -0.453686
0.161914 -0.817251 -0.0354635
-0.257283 -0.00788338 -0.808782
0.150694 0.504423 -0.798172
-0.424474 0.763648 -0.200903
-0.0715781 0.367939 0.666302
0.2176 0.836417 -0.308392
0.877488 0.204592 -0.193585
0.314131 0.807132 -0.0794215
-0.102583 0.646949 -0.722929
0.0982896 -0.784278 0.200852
-0.712101 0.310232 -0.138039
0.448315 -0.194592 0.584748
0.0148945 -0.569762 -0.681249
0.830253 -0.354578 -0.147151
-0.0271772 -0.672707 -0.46616
-0.242502 0.0846322 0.785847
0.514891 -0.164499 -0.746277
0.936771 -0.0117648 -0.0751819
-0.320152 -0.259317 -0.732044
-0.204675 0.1661 -0.85003
-0.0623733 0.931373 -0.164177
0.64134 -0.314996 0.343004
-0.158296 0.829435 -0.448436
0.172488 0.734206 -0.596356
-0.673594 -0.37376 0.377761
0.205871 -0.448625 -0.732832
-0.15544 -0.670334 0.50498
0.193798 0.729865 -0.585198
-0.571277 -0.0508118 0.593279
-0.590629 -0.584824 -0.273702
0.167159 -0.106899 -0.854232
0.783838 0.235731 0.0852081
-0.335338 -0.13262 0.767399
0.0551394 0.234252 0.769771
-0.118484 -0.133639 0.835759
-0.10264 0.121999 -0.871348
-0.421221 0.664459 0.247873
-0.503557 -0.687166 -0.187527
-0.425116 0.754863 0.0715877
-0.468208 -0.102883 0.671277
0.342569 0.0558108 0.704845
-0.694012 0.345122 -0.172664
-0.441927 -0.266456 -0.693157
-0.79023 0.0361708 0.0938004
-0.744799 -0.144482 -0.262543
0.266173 -0.661075 0.33653
0.191537 0.664097 -0.663722
0.802692 0.262447 0.0298679
0.106224 0.643704 0.341884
0.469007 0.663522 -0.0318137
-0.608515 -0.00334568 -0.710565
-0.500268 0.659429 -0.343274
0.837544 -0.280753 -0.278396
-0.227602 0.252703 -0.841246
-0.465817 -0.388233 0.592429
-0.33299 0.488176 -0.764176
0.737253 -0.394288 -0.378147
0.739632 0.0876089 -0.550649
0.522698 0.163686 -0.736012
-0.400133 0.734005 -0.362406
-0.0868154 -0.732804 0.399233
-0.504531 -0.589041 -0.381993
0.39567 0.185915 0.638443
0.900834 0.123983 -0.162692
0.64955 0.229145 -0.606634
0.297119 -0.579798 -0.588229
0.63835 -0.608893 -0.230753
0.825585 0.255853 -0.314217
0.821663 0.295442 -0.196165
-0.639384 -0.552207 0.164689
0.00912691 0.112389 -0.89881
-0.0985266 -0.64574 -0.528415
0.84066 0.173629 0.0446077
0.353953 -0.576856 -0.556731
0.199104 0.771037 -0.510057
-0.607441 -0.437861 0.401257
0.195986 -0.760177 0.185995
0.593751 -0.64175 -0.170278
-0.158407 -0.31061 -0.762131
-0.0125962 0.235313 -0.914245
0.474268 -0.456968 0.400779
-0.638329 0.331073 0.348931
0.163538 0.538857 0.445258
-0.669323 0.271429 -0.464592
-0.404494 0.798096 -0.128304
-0.662258 -0.527646 0.148559
-0.738776 -0.185242 -0.268718
0.745144 -0.141986 0.288006
-0.199515 -0.493584 0.653578
0.000733379 0.754143 0.236448
-0.0367932 0.927474 -0.116334
0.228631 -0.201165 -0.821819
-0.143439 -0.370012 0.744419
0.0852676 0.572435 -0.75444
0.889146 0.154318 -0.143834
-0.501475 -0.0151607 -0.741354
0.695063 0.427569 0.0202947
-0.444057 0.377868 -0.749687
-0.437133 -0.543128 0.49048
0.354134 0.765362 -0.045755
-0.0998999 -0.512641 -0.686157
0.488129 0.526132 -0.553934
-0.0785179 0.000179252 0.834719
0.912572 -0.066809 -0.280686
-0.650921 0.480353 -0.082324
-0.768382 -0.0294869 -0.21955
-0.211445 0.801748 -0.48834
0.384323 -0.620087 0.288196
0.209045 0.612482 0.330091
-0.592458 -0.235846 -0.596253
0.212271 -0.335985 0.63998
-0.245201 0.880903 -0.160052
0.011346 -0.266909 0.755505
0.608145 0.310165 0.310609
-0.103877 -0.669396 0.48894
-0.757517 -0.200684 0.23535
-0.576212 -0.222408 -0.622608
0.918802 0.0157305 0.0100284
-0.0869789 -0.844865 0.152615
-0.681471 0.306993 0.269279
-0.38689 -0.554772 -0.534552
-0.102885 -0.728222 -0.319395
0.822697 -0.256102 -0.321484
0.0411291 0.846311 -0.462354
0.859652 -0.234064 0.0360555
0.85554 0.0885198 -0.375291
-0.427701 -0.0882318 0.709435
0.80314 -0.373545 0.0167556
-0.455274 -0.753516 0.0344853
-0.0615721 0.0882554 0.816664
-0.655651 0.444966 -0.160359
0.213937 0.166524 0.746506
0.118452 -0.252696 -0.81722
-0.00491681 -0.713525 -0.366065
-0.594862 0.451377 0.299759
0.830902 0.281397 -0.251293
-0.140016 -0.320518 0.78225
0.825019 0.0534465 -0.438161
-0.199456 -0.829105 0.227932
0.152526 0.770995 -0.548908
-0.440396 0.770296 -0.0150256
-0.0989356 0.273665 0.735298
0.506094 0.480375 0.260545
0.154738 -0.0905321 0.784301
0.412501 0.27465 -0.767988
-0.103604 0.120759 -0.870884
0.362144 -0.287 -0.772388
-0.567752 0.634084 0.0944213
0.543662 -0.228895 -0.690648
-0.729124 0.267927 -0.136864
0.74943 -0.464249 0.00334402
-0.439227 -0.256708 -0.697279
0.320669 -0.58398 0.403309
-0.579437 0.543379 -0.444756
-0.278367 0.0358395 -0.810793
-0.472993 0.726219 -0.144804
0.618512 -0.325173 -0.560288
-0.356946 0.585551 -0.672905
-0.256082 0.876055 -0.184186
-0.418522 -0.706014 -0.259946
0.545038 0.597258 -0.0278009
0.488429 0.259713 0.521077
0.632355 -0.0641215 0.431569
-0.556242 -0.297935 -0.59326
0.648772 -0.322727 -0.52851
-0.647096 -0.0723125 -0.633197
0.154569 -0.413472 0.621115
-0.349387 0.738509 -0.43658
-0.644477 -0.21729 0.485225
0.28593 0.658206 0.234426
-0.241639 0.857131 -0.298551
-0.574937 0.112713 0.574394
0.258998 -0.789672 -0.053718
-0.742113 -0.234444 -0.231053
-0.112416 0.225925 0.755198
-0.726535 0.0584718 -0.379359
-0.626338 0.472992 -0.311004
0.343548 -0.129383 0.683917
-0.0929617 -0.207303 -0.817362
0.0574457 0.786043 0.166959
-0.406199 -0.604097 -0.461764
0.197311 -0.799371 0.0287761
0.202408 0.737901 -0.563923
-0.707052 0.254183 -0.308426
0.417316 0.710206 -0.266756
-0.472963 0.517563 0.378423
0.824483 0.215282 -0.360196
-0.186873 -0.746539 -0.251417
-0.277207 -0.0895379 -0.789581
0.00420515 -0.854339 0.0648293
-0.344569 0.775068 -0.353784
0.831771 0.177965 0.0557161
-0.551532 0.525439 -0.561652
0.807684 0.206288 -0.391069
-0.515554 0.665473 -0.235927
0.322589 -0.451849 0.530546
0.41663 -0.286902 0.577744
0.594988 -0.227217 -0.641711
-0.738193 -0.135397 -0.292007
-0.208045 0.371612 -0.834701
-0.447347 0.208748 -0.765358
0.105749 0.782963 0.15834
0.18488 0.755966 -0.548277
0.823869 -0.368495 -0.107379
0.402248 -0.383308 0.536612
0.16092 -0.328435 0.664408
0.353027 0.523274 -0.685812
0.929238 -0.0777576 -0.0303412
0.253741 0.827854 -0.0289217
-0.536504 -0.212968 -0.668633
0.465567 -0.695668 0.0926823
-0.140358 0.91259 -0.179097
0.6057 -0.615105 -0.275754
0.0590832 -0.535238 -0.697615
-0.223664 0.887591 -0.160981
-0.363921 0.814719 -0.222583
0.0869653 0.380936 0.638717
-0.656423 -0.470621 -0.350585
0.662451 -0.416656 0.2357
0.421001 -0.11931 -0.788949
-0.670184 -0.307837 0.411686
-0.564356 0.607358 -0.282402
-0.0090673 -0.641924 0.484938
0.183449 -0.816406 -0.087832
-0.574242 0.651454 -0.0109299
-0.397956 0.049823 -0.77945
-0.580347 0.596985 -0.254043
-0.657538 0.192591 0.448292
0.262946 0.495578 0.450319
0.0157141 -0.801842 0.2149
-0.314486 0.220974 -0.812672
-0.13602 0.77897 0.189276
-0.698181 -0.385022 -0.329564
0.115097 0.515406 0.496212
-0.2225 0.152248 0.761847
-0.278127 -0.776692 -0.0934573
0.642778 -0.589861 -0.0273425
-0.347463 -0.777019 0.223498
0.217601 0.475233 0.498414
-0.465946 -0.275749 0.628715
-0.689871 0.363028 0.171686
-0.147242 -0.4785 -0.693878
0.745538 0.392769 -0.0765332
0.427311 -0.609123 0.259213
0.62519 -0.491237 -0.429195
-0.65217 0.492469 0.141213
0.107008 -0.384987 -0.768986
-0.779 0.0575841 0.189815
-0.189629 0.719595 -0.617312
0.385731 0.342372 0.565393
-0.353335 0.705048 -0.513134
0.685885 -0.395228 0.221434
-0.344506 -0.73733 -0.202049
-0.057962 0.401378 -0.878667
0.673636 -0.227968 -0.545606
0.17895 -0.437688 0.596035
-0.687338 0.389796 0.136209
0.607449 -0.546396 -0.379392
-0.463762 0.39218 -0.741061
-0.607661 0.112943 0.5345
0.0806665 -0.082672 -0.866806
-0.302335 0.636178 -0.666761
-0.096089 0.272477 0.73661
-0.164 0.799012 -0.50946
0.108619 0.226921 0.754129
-0.388 0.270682 -0.780859
-0.331278 -0.587599 -0.544629
-0.221703 0.404434 -0.82332
-0.706803 0.0833808 -0.452067
0.376788 -0.699747 -0.335669
-0.466749 -0.0155716 -0.751715
0.50913 0.648828 -0.260286
0.44218 -0.597321 0.260495
0.703869 0.336058 0.118769
0.229731 0.451212 -0.806341
0.27072 0.720282 -0.517538
-0.258362 -0.338471 0.74276
0.473619 -0.211193 0.557495
0.512216 -0.614162 0.161316
-0.584521 -0.45903 -0.444873
0.428611 -0.395673 0.50794
-0.561224 -0.172853 0.573463
-0.157129 0.846317 -0.413905
-0.361916 0.567721 0.393874
0.436177 0.082527 0.618073
-0.0293017 0.683567 0.33549
0.170656 0.870773 -0.238759
0.246017 0.834232 -0.226524
-0.572496 0.304675 0.486295
0.275815 0.821401 -0.0488725
0.623153 0.524728 -0.283039
-0.211734 0.842358 -0.383823
0.524184 0.177833 0.500901
0.2111 0.752128 -0.531973
-0.0558927 0.689902 0.328874
-0.454922 -0.399826 -0.620816
-0.369118 0.495454 -0.740084
-0.644732 0.429027 -0.303933
0.394141 -0.238897 0.61153
-0.61576 0.0446913 0.54188
0.389765 0.643125 0.201345
0.0508453 -0.733499 -0.320154
-0.0825034 -0.439736 0.673496
0.638168 0.128508 -0.660092
-0.228206 0.853795 -0.327642
0.546627 0.0144911 -0.757114
0.437601 0.181222 0.594054
-0.249891 -0.832235 0.223319
-0.694255 0.275545 -0.345084
0.818563 -0.375893 -0.0624353
-0.431271 -0.550148 0.488316
-0.356898 0.522152 -0.727461
0.359345 0.761746 -0.208357
-0.171596 0.468223 -0.826811
-0.737612 -0.126184 0.331065
0.870312 -0.197824 0.0425259
0.157084 -0.807166 0.0672035
-0.678023 -0.500998 -0.2865
-0.705415 0.356503 0.078281
-0.796344 -0.100484 -0.0442722
-0.564426 0.431177 0.372846
-0.69777 0.372636 -0.0502002
0.485586 0.471017 0.302492
0.849211 0.0800554 0.113016
-0.325008 -0.76457 0.293235
-0.276602 -0.0722474 -0.792706
0.137483 0.512352 0.491236
0.468397 -0.434295 -0.593334
0.0518468 0.151661 0.805912
-0.712358 0.257185 -0.279886
-0.302499 -0.19184 -0.760273
-0.25268 -0.390979 -0.705647
0.408281 -0.0623518 -0.8028
0.684084 -0.146019 -0.569403
0.252704 -0.777144 -0.225311
0.219586 0.601624 -0.705983
0.281304 0.801811 -0.268405
-0.0298863 0.0643307 -0.880402
-0.109505 -0.445001 -0.723548
-0.40736 -0.762795 -0.0411277
0.339455 -0.16309 0.675039
0.0478009 -0.786183 -0.167593
0.244091 0.164429 0.73652
-0.0281561 0.551416 -0.786649
-0.301124 0.262747 -0.813386
-0.129201 0.307193 0.711044
-0.582474 0.202737 0.542354
0.425348 0.694877 -0.00352125
0.345302 -0.383573 0.562557
-0.0136956 -0.200223 0.79659
0.880257 -0.258136 -0.0390499
-0.757875 -0.424533 0.0392533
-0.76895 -0.308679 -0.0728481
-0.401415 -0.56163 -0.513631
0.515367 0.652891 -0.182437
-0.430225 0.748053 -0.250357
-0.127801 0.91699 -0.157981
-0.198032 0.364119 0.657696
-0.665873 0.153608 0.449313
-0.752344 0.0979906 -0.237137
0.272501 -0.299582 0.634162
0.0967121 -0.832217 0.00937089
0.00451643 0.448608 0.581866
0.432831 0.0937679 -0.812548
0.719182 0.41338 -0.024791
-0.208721 -0.819885 0.0284272
-0.00567611 0.389839 0.641605
0.00525448 0.718107 -0.63325
-0.322577 0.839279 -0.229191
-0.0995359 0.92014 -0.203163
0.170352 0.342628 0.663594
0.597767 -0.574746 0.127309
0.514169 0.568552 -0.444585
0.0457889 0.792805 -0.534488
-0.294854 -0.00694092 0.787566
0.0714789 -0.306206 0.711535
0.090755 -0.0323939 0.820351
0.793112 -0.16498 0.199662
-0.671086 0.444433 -0.0338729
-0.132178 -0.234415 -0.796792
-0.695945 0.348961 0.159876
-0.151557 0.904227 -0.260368
0.437547 -0.624214 0.226371
-0.790057 0.0413639 0.0893443
0.630848 -0.134167 0.435228
-0.668351 -0.173738 -0.532938
-0.27048 -0.747107 0.372865
-0.0351039 0.481521 -0.83551
0.430001 -0.165477 0.609037
-0.162259 0.660579 -0.7019
0.873158 0.100045 -0.343179
-0.658336 0.454403 -0.106754
-0.128583 0.553457 -0.798951
-0.337553 0.461099 0.5355
0.691171 -0.539872 -0.231143
-0.388767 -0.788828 0.123309
0.196932 0.258489 -0.911689
-0.707145 0.304896 0.173138
-0.598912 -0.0433381 -0.70893
0.539904 -0.0432662 -0.752337
-0.462243 0.425091 -0.732308
0.641503 -0.112282 -0.645062
-0.722939 0.120643 0.333989
-0.47784 0.583433 0.304218
0.515489 -0.199328 0.524272
-0.609908 -0.590627 -0.214673
0.521205 -0.695711 -0.083378
0.707507 0.371084 0.0714385
-0.688859 0.332917 -0.255946
-0.746799 -0.298439 -0.175143
-0.139271 0.679276 0.323333
0.147373 -0.735888 -0.320813
0.127923 0.297482 0.706316
0.420146 0.712774 -0.0648606
-0.276594 -0.550591 0.584995
0.20307 -0.617167 0.429226
0.637657 0.503304 0.00347479
0.264611 0.0342201 -0.87245
0.318463 -0.752289 0.0945098
0.00465174 -0.777176 -0.188182
-0.0086116 0.0664637 -0.886309
-0.400982 -0.236273 -0.715678
-0.272818 -0.613115 0.538959
0.413044 -0.448193 0.473746
0.128543 -0.146391 0.769248
-0.2894 -0.238157 -0.748446
-0.654913 0.41362 -0.270427
0.6555 0.151982 0.346123
-0.353743 -0.57897 0.516013
0.1896 0.163735 -0.918824
0.265044 0.814029 -0.262547
-0.394321 0.626294 -0.608772
-0.532667 -0.303426 -0.614251
0.252958 0.775463 -0.427521
-0.0444309 0.459756 -0.849572
0.16113 0.422759 0.585416
0.699851 -0.228051 0.31015
0.785855 0.337189 -0.0738383
0.336848 -0.352743 -0.756636
0.553458 -0.00182131 -0.752191
-0.558493 -0.111143 0.591523
0.231514 -0.454932 0.56492
-0.692908 -0.0161415 -0.518015
-0.0539624 0.163499 -0.891148
0.0697779 0.416633 0.605545
-0.170982 -0.20887 0.811763
-0.0330265 0.786393 -0.53952
-0.392383 0.206231 0.673387
-0.432474 -0.572941 -0.472082
0.520509 0.107834 0.520886
-0.381428 -0.371477 -0.675562
-0.282357 -0.823408 0.14359
-0.330024 -0.603327 0.510819
-0.318946 -0.40803 -0.681149
0.307348 0.230518 -0.851882
-0.72395 0.315389 0.00394267
0.305915 -0.41568 0.561314
-0.392888 0.568119 -0.663136
0.0479179 0.503612 -0.812821
-0.680126 -0.519694 0.11315
-0.199162 0.518285 -0.807201
-0.00606509 0.148005 0.803225
0.155358 0.0218267 0.808466
-0.293952 -0.268282 0.772955
-0.749075 -0.365498 -0.127177
0.535278 -0.137898 0.526091
-0.224345 0.451706 -0.812617
0.0486241 0.500966 0.524198
-0.63965 0.405972 -0.422607
0.690315 -0.551177 -0.122513
-0.750639 -0.305472 0.202287
0.336908 0.677817 0.184458
0.784473 -0.335223 0.114921
-0.363333 0.301364 0.634364
0.891171 0.0106175 0.0805684
0.285464 -0.394281 -0.756523
0.0317389 0.770821 0.199783
-0.754111 0.0801225 -0.240844
0.294379 0.283118 0.650251
-0.679145 0.356378 -0.258868
0.915789 -0.11261 0.005539
-0.159745 -0.105651 0.831875
-0.0296336 0.559989 -0.780233
-0.195683 0.546058 0.489022
-0.146859 -0.675278 -0.45157
0.00712435 -0.623784 0.497563
-0.601369 0.479759 0.257685
-0.24331 0.756555 0.190923
-0.467157 -0.578973 -0.43134
0.43709 -0.738013 -0.0781735
-0.437324 0.680637 -0.432118
-0.731244 -0.487031 -0.0972288
0.93165 0.0314586 -0.170142
-0.157335 0.901494 -0.275859
-0.460067 0.391848 -0.742444
-0.252408 0.876215 -0.200748
-0.0736802 -0.21759 0.809842
-0.251869 0.613255 0.381214
-0.539309 -0.379429 -0.556669
-0.319748 -0.23367 0.763001
-0.326225 -0.581461 0.53208
0.262487 -0.650029 -0.505436
-0.271774 0.753681 0.18689
-0.513297 0.674981 -0.199487
0.202151 -0.258073 0.68335
-0.745856 0.0994831 -0.265419
0.493367 0.542664 -0.519135
-0.637336 0.484023 -0.183042
0.632747 0.356268 0.218261
-0.700347 0.337407 -0.145601
0.10508 -0.708224 -0.386791
-0.554307 -0.469488 0.436883
0.692016 0.324531 0.15182
0.667746 -0.107291 0.392994
-0.588216 0.175627 -0.717203
-0.226595 -0.655495 -0.495364
-0.797404 -0.0636679 -0.0451672
0.0145544 0.310236 0.720472
-0.584292 -0.372941 -0.509425
0.0830598 -0.379082 0.668571
-0.112832 0.474343 -0.844524
-0.22779 0.887147 -0.146782
-0.435065 0.535454 0.388037
0.698029 -0.501495 -0.360257
-0.181636 -0.775325 0.345065
-0.324794 -0.771781 0.274811
0.572778 0.244131 0.424849
-0.33044 0.738284 -0.468997
-0.371419 0.248548 0.660431
0.204132 -0.703655 -0.396813
0.552257 0.274409 0.440386
-0.683604 -0.0411535 -0.543377
-0.435044 -0.729549 0.193901
-0.727379 -0.0133501 -0.385445
-0.77982 0.00440233 -0.17439
0.486854 0.630522 -0.361959
-0.0108868 0.201368 -0.908865
-0.594079 -0.465618 -0.427407
0.132699 0.602997 0.379922
0.603862 0.422819 -0.526298
-0.0293039 -0.0757822 -0.856511
-0.117605 -0.160093 -0.819044
-0.0779416 -0.562251 -0.661234
0.407319 0.276844 -0.770456
0.391255 0.182337 0.644044
0.3591 -0.325913 -0.759727
0.571763 0.304168 0.378809
0.820696 0.295924 -0.213794
0.451704 0.702718 -0.192408
0.0879125 0.779766 -0.553757
-0.153311 0.203874 -0.869535
0.568195 -0.427458 0.328589
-0.414822 0.791701 -0.106717
-0.415303 -0.77263 0.0220282
-0.639656 -0.201279 0.498473
-0.236625 0.881409 -0.196531
-0.227429 -0.257185 -0.760531
0.587579 0.525474 -0.398696
0.41926 -0.597349 0.284906
0.541097 -0.307582 -0.633247
0.205777 0.209059 -0.922032
-0.152836 -0.486211 -0.687475
0.604284 0.0788448 -0.703605
-0.732166 -0.256049 -0.261704
-0.303114 -0.440492 -0.672917
-0.388536 -0.0502855 0.744634
-0.272931 -0.775558 0.326843
0.196351 0.0755728 -0.895811
0.911 0.078347 -0.113161
-0.503101 0.30393 0.544311
0.0654781 0.59736 0.417428
0.118878 0.684049 -0.662769
-0.343872 0.798065 0.0775718
0.456351 -0.721148 -0.154417
0.726058 0.230875 0.18666
0.459999 -0.245102 -0.742918
0.224631 -0.799365 -0.0465949
0.0834656 0.046665 0.825034
0.876274 -0.0541866 0.118073
0.426394 0.60665 0.203471
-0.730507 -0.241181 -0.27528
-0.384802 0.219842 -0.787099
0.801615 -0.0624599 0.216437
0.0499268 0.669266 0.33752
-0.738895 -0.261597 -0.229915
-0.401416 0.73101 -0.367699
-0.394809 0.254513 0.644183
-0.247829 -0.816088 0.0438762
-0.668757 0.349037 0.266221
0.333466 -0.384756 -0.735003
0.750838 0.124855 -0.515886
0.0734821 -0.661808 -0.495925
0.756954 -0.288727 0.185499
-0.678399 -0.560051 -0.0343801
-0.695378 -0.373678 -0.345302
-0.0654981 -0.776216 0.302169
0.5332 0.636222 -0.182707
0.0490623 0.789017 -0.539716
0.325422 0.506979 -0.716228
-0.294344 -0.0210238 -0.796874
-0.618445 -0.593223 -0.188466
-0.568 0.201712 0.559311
-0.556641 -0.24906 0.558033
0.772537 -0.432285 -0.187271
0.0316124 -0.647124 0.465032
-0.317968 0.577707 0.399637
-0.764086 0.198997 -0.074904
-0.665452 -0.434504 0.320056
0.143674 -0.509237 0.554898
-0.389689 0.530432 -0.698115
-0.730845 -0.412255 -0.180044
-0.732997 0.186965 -0.254415
-0.580015 0.603737 0.122516
-0.225608 -0.72577 -0.308132
-0.124188 -0.585666 0.570259
0.748717 -0.251148 0.220339
0.655959 -0.31079 -0.526089
0.614168 0.41645 -0.52116
-0.0147771 0.382178 0.64986
-0.571754 0.0174346 0.596833
-0.639871 -0.238469 0.481633
0.666169 -0.575762 -0.211607
0.626748 0.0235097 0.423005
-0.502871 -0.652894 0.26707
-0.642783 -0.514164 -0.317586
0.0194598 -0.814719 0.181468
0.709619 0.440115 -0.135174
0.531564 0.50472 -0.52472
-0.151326 -0.597435 -0.614566
0.154684 0.316539 0.684905
0.459662 0.528181 -0.582954
-0.503403 -0.148495 0.629612
-0.392316 0.0150987 0.748345
-0.122238 0.673947 0.334699
0.042558 0.765398 -0.571204
-0.606435 0.0769139 0.545092
0.0701073 0.507594 0.514262
-0.672938 0.118184 0.450898
-0.649656 0.466446 -0.13895
0.943904 -0.0122952 -0.231275
-0.793207 -0.195138 -0.0312873
0.525596 -0.467004 0.333566
0.569523 0.0434706 0.4816
0.0491414 0.797575 0.148956
0.849033 0.11165 0.0853626
-0.344048 -0.0918851 0.767188
0.499879 -0.666142 -0.310778
-0.144272 0.348818 0.676482
0.227658 -0.784262 0.0774252
0.522139 -0.468337 -0.525799
-0.376615 0.813973 -0.188851
0.192222 0.448887 0.544142
0.517863 -0.514478 -0.493248
-0.696028 -0.0606777 -0.487122
-0.0622249 -0.622991 -0.587535
0.665932 0.399946 -0.48083
0.0429356 -0.206036 0.773531
0.596759 -0.356511 -0.553412
-0.462918 -0.266453 -0.686872
0.908328 0.0616414 -0.0278952
-0.672602 0.417376 -0.110986
-0.304723 -0.57449 -0.57228
0.337036 0.331836 0.596496
0.651375 0.409587 -0.487483
-0.601735 -0.568656 0.232839
0.889101 -0.22737 -0.219107
-0.256753 0.757518 0.185874
0.799902 0.18965 -0.410787
-0.10564 0.429584 0.607636
-0.479814 -0.713024 0.155553
-0.518652 0.638974 -0.353552
0.711462 -0.390767 0.186029
0.187142 0.726865 -0.596143
-0.738405 -0.23831 0.278341
0.00357353 0.674348 -0.686603
0.0379672 -0.76778 -0.221569
0.684871 0.438969 0.0249275
-0.689531 -0.523259 0.0755973
0.22991 -0.0182822 -0.86734
-0.0885628 0.403001 -0.868105
-0.139494 -0.133409 -0.817922
0.310432 -0.759172 0.0744918
0.688018 0.468097 -0.121289
0.0630169 -0.835235 0.074279
-0.711068 -0.0446898 0.433512
-0.707112 0.0343041 -0.482749
-0.723238 0.305897 0.0678694
-0.192951 -0.603891 0.565642
0.672094 0.458609 0.0164641
0.256454 0.216166 -0.889654
0.488503 -0.620424 -0.383804
0.201518 0.853808 -0.248013
0.226718 0.839515 -0.258709
0.593782 0.571971 -0.161825
-0.354498 0.576306 0.386321
0.0558123 0.168347 -0.914782
-0.364957 0.154877 0.713721
0.471919 0.624325 0.111445
-0.374986 0.277811 -0.784901
-0.449039 0.119451 0.689299
0.408535 -0.528883 0.395803
0.193405 0.778664 -0.501967
0.174274 -0.170109 0.73892
0.0946162 0.373758 -0.886088
-0.690154 0.35709 -0.165033
-0.665665 0.351288 0.274349
0.190546 0.0438776 -0.888693
0.250412 -0.140652 0.72321
0.144174 0.877209 -0.25824
-0.53471 0.600991 -0.463671
0.369235 -0.679387 -0.380194
0.537348 -0.280466 -0.6566
-0.478067 0.708081 -0.210448
0.435279 0.192504 -0.784144
-0.356723 0.690321 -0.544055
0.562895 0.437548 0.230988
0.00251453 -0.786884 0.253787
-0.10117 0.836907 0.116165
-0.07043 0.9103 -0.0406199
-0.115732 -0.812575 -0.0631799
-0.0497483 -0.339342 0.741951
-0.29324 0.560173 0.431488
0.115053 -0.69258 0.380095
0.353208 -0.467614 0.507432
-0.0893737 0.89326 -0.33727
0.338448 0.407664 -0.760971
-0.232246 -0.737253 -0.272509
0.0741567 0.640832 -0.702741
0.137104 0.713776 0.238447
-0.403345 0.393258 0.554861
0.113259 -0.736001 0.319444
0.26705 -0.023075 -0.858802
-0.789112 0.0526357 0.0959478
-0.774321 -0.383026 0.0300222
-0.767501 0.088194 -0.175182
0.104221 0.191101 -0.923565
0.519062 0.512254 0.200449
-0.335351 -0.114186 0.769904
-0.740714 -0.253041 0.262894
0.000604214 0.518128 0.51216
0.564481 0.326095 -0.642553
-0.726134 -0.399421 -0.20785
-0.021527 0.705428 0.310612
0.678037 0.472954 -0.0464013
0.301351 0.0347925 0.738627
0.354064 0.768991 -0.0620615
0.382723 -0.751985 -0.0544468
0.371585 -0.0705679 0.677243
0.786138 0.0872157 0.195208
0.19436 0.7762 0.13098
-0.222861 0.685551 0.292823
-0.439599 0.768175 -0.101995
0.502894 -0.379819 -0.60819
0.381446 -0.111211 -0.805191
0.393496 0.434049 0.462215
-0.598392 -0.619203 -0.168355
0.579293 -0.328359 -0.58812
-0.296113 0.723818 -0.556863
0.756611 -0.0970747 -0.490494
-0.210974 -0.737388 0.413617
-0.240018 0.649994 0.336222
-0.390309 -0.0328024 -0.769858
0.347807 -0.433159 0.533101
0.458674 0.252067 0.555075
-0.737382 0.278062 0.0136005
-0.334133 0.773779 0.142292
-0.63526 0.0993641 -0.707607
0.0411786 0.91625 -0.157989
-0.446632 -0.316752 -0.674646
0.239009 -0.175843 0.710035
-0.607958 0.455031 -0.523283
0.379549 0.489338 0.399811
0.0202324 0.717053 -0.635285
0.497432 -0.559071 -0.460197
-0.0484644 0.730952 0.275599
0.265088 0.361791 -0.827621
-0.220337 -0.752778 -0.227522
-0.486537 -0.0320209 0.673817
0.297046 0.214751 -0.864251
0.943178 -0.0554813 -0.221916
-0.437111 -0.710569 -0.222972
-0.762282 0.0319401 -0.235486
0.510795 -0.23603 -0.710602
0.183033 0.77201 0.141915
0.501802 -0.425876 0.401823
0.38383 -0.616623 -0.480521
0.487418 -0.479454 0.362426
0.646299 -0.431139 0.238615
-0.557828 -0.132716 -0.701132
0.74695 0.130545 0.232609
0.115048 0.3386 0.676881
0.153448 0.860257 0.0141754
0.513451 -0.646419 -0.325781
-0.697388 -0.316102 0.364598
-0.719766 0.232549 -0.272464
-0.346736 -0.746447 0.304333
-0.0626668 0.384824 -0.880534
0.770266 -0.233888 -0.407077
0.667654 -0.307261 0.315641
0.395228 -0.725808 -0.27309
0.154249 0.87332 -0.261418
-0.627854 0.466751 0.227703
0.856609 -0.222752 0.0543671
0.549744 -0.320452 0.444985
0.692447 0.241962 0.233366
-0.281904 -0.58083 0.558546
-0.0296232 -0.0917754 0.84385
-0.00783576 0.669856 -0.691712
0.717644 0.0422404 -0.590723
-0.437513 -0.445144 -0.607147
0.86408 0.239745 -0.189697
0.66978 -0.553681 0.0423771
-0.643172 0.393453 0.276838
-0.439425 0.480248 0.441796
0.0356825 0.312073 0.715636
0.841888 -0.272482 0.0457261
-0.569682 0.606299 0.13724
0.852806 -0.192337 0.0896247
-0.24159 0.518463 -0.792987
-0.711904 -0.0712618 0.422364
-0.330841 -0.68289 0.429548
-0.42526 0.632542 -0.572476
-0.788351 -0.249575 0.0553773
0.396289 0.740886 -0.188923
0.0180763 -0.5212 -0.708593
0.254609 0.846637 -0.106986
-0.547908 -0.690427 -0.0443304
0.306377 -0.681243 -0.4166
0.219376 -0.579454 -0.630159
0.633471 -0.353172 0.331541
0.568811 0.544697 -0.393421
0.289581 -0.502481 0.509365
0.430196 -0.0433585 -0.797241
-0.771627 -0.33913 -0.04391
-0.569279 0.207547 -0.720936
0.307349 -0.414248 -0.730379
-0.449336 0.749084 0.038455
-0.364536 0.639522 -0.615045
-0.785103 0.145291 -0.0189133
0.404356 0.360215 0.544224
-0.488491 0.703449 -0.181251
0.401632 -0.741445 -0.0121799
-0.0636202 -0.659564 -0.496387
-0.719421 -0.0326244 -0.408193
-0.289795 -0.547709 0.579482
0.206747 0.722822 0.192405
-0.341907 0.767484 -0.377116
-0.668562 0.200605 -0.5273
-0.248079 -0.403508 -0.702061
0.344642 0.695887 -0.450886
-0.414967 0.579457 -0.637971
-0.468339 0.722811 0.0828636
-0.769235 -0.124701 0.237137
0.721971 -0.482444 -0.357981
0.34397 0.523034 -0.693081
-0.418695 -0.374441 -0.663396
-0.78865 0.0696607 0.0783215
0.693041 0.149738 -0.591185
-0.0194373 0.36115 -0.898719
-0.00690964 0.419005 -0.868949
-0.547942 -0.54509 0.352478
-0.60687 0.357329 -0.655608
-0.307196 -0.759688 -0.140058
0.393424 0.655662 -0.458769
-0.0432986 0.456028 0.577279
-0.53306 -0.432479 -0.525985
0.411589 0.0708312 0.642659
0.589063 -0.623657 0.0285806
-0.702627 -0.24322 -0.378622
-0.236159 -0.680092 0.478125
-0.510133 -0.157235 0.621574
-0.526015 -0.690843 -0.108751
-0.621358 0.49576 -0.276894
-0.725325 -0.0940092 -0.359392
-0.756331 -0.330828 -0.115246
0.854057 -0.319863 -0.152752
0.803909 -0.333082 -0.305697
0.627846 -0.202181 0.416556
0.693269 -0.132214 0.363022
-0.118777 0.259059 -0.880365
-0.402304 0.718163 -0.398196
-0.163266 -0.191708 0.817728
0.226817 -0.784302 0.0792653
0.0762918 -0.771317 0.256664
0.445657 0.538981 -0.587925
0.015555 -0.749934 -0.271953
-0.791296 0.0165676 0.0988217
-0.51786 -0.409582 0.543818
0.0632542 -0.354312 -0.781423
-0.501048 0.721939 -0.0115771
-0.138409 0.299241 -0.869185
-0.117992 0.70652 -0.642327
0.342192 -0.534435 0.457458
-0.513704 -0.722381 0.0464707
-0.0895448 0.892512 -0.339061
-0.75883 -0.0906341 0.286521
-0.511615 -0.428376 0.535748
-0.496955 0.663478 -0.339602
0.0668172 0.0508327 0.828336
-0.21521 -0.761107 0.377627
0.631657 -0.385326 -0.504763
0.475762 0.324759 0.501339
0.108028 0.383451 -0.880198
0.181711 -0.769186 -0.239183
0.913916 0.0591388 -0.297028
0.171061 0.701389 -0.639559
0.0389215 0.888304 -0.0147407
0.597885 0.551422 -0.0340813
0.570089 -0.0274741 0.497207
0.297639 0.19183 0.702804
-0.654077 -0.113174 -0.596894
0.715964 -0.49916 -0.296795
0.118373 -0.655447 -0.508665
-0.0443055 0.918388 -0.0810727
0.437534 0.0998335 -0.808888
0.109426 0.0845625 -0.902735
0.607997 0.154052 -0.674551
-0.389535 0.672411 -0.533417
-0.0619248 -0.652495 0.493185
-0.288342 -0.674952 0.461759
-0.776892 0.0900473 0.140597
-0.577041 0.372886 0.415826
0.739936 0.321536 -0.438073
0.717424 0.414801 -0.337232
-0.479207 0.485317 -0.668868
0.785751 0.0919689 -0.478959
0.115324 -0.287398 0.703419
0.464611 -0.616138 0.20923
-0.495946 0.476058 -0.661182
-0.665417 0.0967451 -0.625914
0.539198 0.611149 -0.0683274
0.00952836 -0.733405 -0.317559
0.102456 -0.485198 0.585475
0.1959 0.867112 -0.0584992
-0.337456 -0.795288 0.192544
-0.154548 -0.834144 0.0438806
-0.049536 0.00708607 0.835783
-0.125638 0.916439 -0.172425
0.0401111 0.358012 0.668882
0.328554 -0.767798 -0.047915
0.0204021 0.218631 0.784104
0.0150883 -0.294146 0.740261
0.205484 -0.789926 -0.18028
0.691042 0.44426 -0.329215
0.0317614 -0.848518 0.0227419
0.279497 0.23676 0.684147
0.282356 -0.3526 0.603457
0.329111 -0.735264 -0.296746
0.0800998 0.287525 0.730419
-0.661035 -0.389743 0.384101
-0.67706 -0.252431 -0.468842
-0.564673 0.491373 0.306268
-0.654958 -0.465604 0.29297
-0.729544 -0.251585 0.300492
0.0610545 -0.175128 0.781488
-0.515375 0.626504 -0.432745
-0.215814 -0.0562992 -0.811275
-0.154682 0.74313 0.2332
0.65518 -0.203102 -0.582416
-0.15094 -0.847746 0.132574
-0.309287 -0.515323 -0.621066
0.523547 0.198444 0.496889
-0.384927 0.36166 0.587019
0.302826 -0.578501 -0.586233
-0.332111 0.128129 -0.807708
-0.311688 0.834367 0.0126099
0.127695 -0.508944 0.559639
0.379102 0.560345 -0.639643
-0.601416 0.552822 -0.25061
-0.271355 -0.513931 -0.635573
0.815924 -0.325775 -0.288543
-0.749031 -0.0614352 -0.281154
-0.763611 -0.0977998 -0.209246
0.704846 -0.38498 -0.428044
-0.678844 -0.0795746 -0.543385
0.293481 -0.699617 -0.388971
0.0928344 0.315841 -0.915876
0.100611 -0.580096 -0.661333
0.461129 -0.5507 -0.50044
-0.381107 0.80923 -0.190079
-0.45474 0.742488 0.0482501
-0.724345 0.00633517 -0.40552
-0.717683 -0.369225 0.276064
-0.144194 0.458203 0.578726
0.219248 -0.340738 0.634781
0.223337 -0.0902797 0.759494
0.167377 0.682346 -0.65593
0.381797 -0.613584 -0.486938
0.813623 0.266334 -0.336614
0.422872 0.550135 0.287545
-0.46594 -0.727867 0.142042
0.660225 0.231379 -0.591841
0.735432 0.335718 -0.438074
0.322833 -0.00996861 -0.843423
-0.0358502 0.501373 0.53121
0.675619 0.232752 0.269811
0.570268 -0.590442 0.133844
-0.617364 0.478539 -0.36718
0.893331 -0.108756 0.0665623
0.665911 0.466165 -0.355303
0.456488 -0.688603 -0.306656
-0.634082 -0.542147 0.199872
0.567658 0.0577459 0.480392
0.186623 0.860674 -0.252968
-0.668925 0.452467 0.0979256
0.0874901 -0.471242 -0.730698
0.269476 -0.618647 -0.558445
-0.683819 0.289534 0.280625
0.264533 0.830894 -0.183308
0.723477 -0.486893 -0.316057
-0.192191 -0.793706 -0.0919016
-0.449344 -0.164935 0.671324
0.383661 -0.558797 0.378886
-0.695418 -0.522614 0.0585683
-0.451896 -0.0513839 0.698377
0.67587 0.358929 0.141445
-0.306021 -0.30899 0.742923
-0.703647 0.294183 0.207293
0.305719 0.555887 0.353253
0.128287 0.324003 0.689494
-0.0166617 0.738956 -0.604314
0.437863 -0.19899 0.592501
0.00617294 0.735434 0.267141
0.674222 -0.569606 -0.126263
-0.0320603 0.621129 -0.733081
0.89374 -0.232863 -0.0500087
0.890078 -0.262401 -0.194555
0.172933 -0.206156 -0.828522
0.360889 -0.462362 -0.653779
-0.503145 0.696748 -0.141168
-0.0235516 -0.60239 -0.625838
0.913365 -0.235767 -0.146797
-0.0551359 0.401384 0.632967
0.672747 0.0879324 -0.647671
0.23942 0.389612 0.595188
0.339805 -0.766873 -0.228279
0.0379952 0.495365 -0.819011
0.479692 0.62409 0.0912658
0.78065 -0.0129477 -0.496221
-0.665076 0.174793 0.443928
-0.148064 0.837094 -0.435937
-0.376078 -0.799688 0.116907
-0.78182 -0.0464253 0.237287
-0.58243 -0.658832 -0.104104
0.0403824 0.755506 0.224283
-0.430334 -0.655609 -0.37516
0.23736 -0.192997 -0.82262
0.833413 -0.0649774 -0.39767
-0.0375572 0.718283 -0.631247
-0.644587 0.366578 -0.478233
0.435022 0.0424952 0.624506
-0.698943 -0.314494 0.361908
0.549545 -0.662323 -0.216876
-0.657814 -0.340436 -0.446135
-0.716429 -0.4427 0.163812
-0.0164978 -0.670911 0.457721
0.389522 -0.428336 0.512546
-0.288456 0.0509848 0.780808
0.405332 -0.695689 0.154666
0.128574 0.46833 -0.825979
0.21836 0.446311 0.534403
0.782954 0.00386664 0.226501
-0.521772 0.674541 0.0994676
0.579646 0.579526 -0.229985
0.80426 -0.366932 0.0299523
0.258628 -0.348074 0.615268
0.422349 0.464577 -0.669183
-0.562719 -0.671154 -0.108087
-0.270997 -0.644109 0.510196
-0.516097 -0.684661 0.163582
0.236545 -0.577925 -0.624953
0.410606 -0.419058 -0.649368
-0.413161 0.75177 -0.295587
-0.189185 0.490514 0.545571
0.318817 -0.0958345 0.712445
-0.0673787 -0.678493 0.464888
-0.196266 0.475995 0.557356
0.621449 0.0940144 0.410103
-0.114447 0.14875 0.792442
-0.17385 -0.745032 0.411515
-0.525747 -0.372739 0.55299
0.305432 0.781605 0.0219546
0.254424 -0.456255 0.554856
-0.589117 -0.34287 0.499868
-0.042283 0.449923 0.58336
-0.201366 0.0180403 0.810689
-0.713301 -0.465659 0.126895
0.326479 0.745919 0.0954939
0.411948 -0.737298 -0.00396405
0.43339 0.658074 0.119845
-0.199547 -0.205144 0.80738
-0.754945 0.20414 0.0609761
-0.573947 0.598172 0.141714
0.0933849 0.741196 0.225491
0.84584 0.156059 0.0514417
0.36193 -0.0871858 0.681094
0.144332 -0.459078 -0.732933
0.233457 -0.697039 -0.410688
-0.260068 -0.642059 0.516474
-0.10377 0.0287504 0.827257
-0.585708 -0.654396 0.04987
0.0202762 -0.425982 0.655331
-0.246094 0.638347 -0.703314
-0.516529 -0.328387 0.572228
-0.6541 0.238771 -0.559898
-0.58646 -0.116681 -0.68165
-0.158849 0.243111 -0.867318
0.355328 -0.0675906 -0.82199
-0.112733 -0.0537666 0.835802
-0.610126 -0.196767 -0.603609
0.384652 0.697016 -0.383796
-0.633941 0.429005 -0.39368
-0.17328 0.692406 -0.65664
0.213327 0.2751 0.686873
0.536036 0.625292 -0.127633
0.11727 0.87629 -0.00929161
0.365977 0.645843 -0.524103
-0.605725 0.447831 -0.565712
0.209738 -0.686811 0.340203
0.526133 -0.669233 -0.256249
0.699337 -0.33181 -0.460747
0.0404173 -0.580783 -0.661603
-0.525114 -0.321259 0.566774
0.328174 -0.753512 0.0762353
-0.744427 -0.397556 -0.129229
-0.177963 -0.347719 -0.742535
-0.528738 -0.228379 -0.665617
-0.709152 -0.365927 0.306894
-0.0469704 -0.829393 0.17393
0.312772 0.804214 -0.0622724
-0.568927 0.0295868 0.600103
0.303571 0.13158 -0.871892
-0.0769291 0.803865 0.166456
0.494716 -0.13846 -0.758038
0.633233 0.369244 0.203042
0.502229 -0.697675 -0.0022491
-0.748143 -0.447972 -0.0647295
-0.501353 0.511802 0.360585
0.448244 -0.729059 -0.0284947
-0.558887 0.11273 0.593928
0.0488549 0.746448 0.23745
-0.0241121 -0.798858 -0.118453
0.125415 -0.123813 -0.855953
0.81554 -0.0545418 0.19769
0.0584071 0.346643 -0.902475
-0.538807 -0.42488 -0.524815
0.177268 -0.812128 -0.0313614
0.574171 -0.24497 -0.654995
0.858741 0.222971 -0.0870227
-0.32831 0.798101 -0.323856
-0.398421 0.746795 0.145126
-0.79041 -0.0277824 -0.134801
-0.592028 -0.040723 -0.711436
-0.446133 -0.269545 0.647131
0.58339 0.0981773 -0.712978
-0.242182 -0.803346 0.298588
-0.0267149 0.169251 -0.899232
0.632435 0.129282 0.384008
0.216037 -0.760281 -0.264784
0.867225 0.0157672 -0.384575
-0.72416 -0.332821 -0.253811
0.366201 0.327012 0.585342
0.627683 -0.165543 -0.634493
0.260131 -0.021749 0.768661
0.523737 -0.687501 -0.0259347
-0.168881 -0.20445 0.81332
0.625863 0.244733 0.342874
0.859102 0.178096 0.00964409
0.387684 -0.755557 -0.166541
-0.0504442 -0.632204 -0.565406
0.559966 -0.302302 -0.622684
-0.788714 -0.279126 0.0245931
0.456728 0.245427 0.558697
0.800758 -0.0906201 0.22002
-0.226903 -0.798 0.309182
-0.117308 0.138712 0.796619
-0.698964 -0.355209 -0.340448
0.191984 0.578779 0.380938
-0.747581 -0.186475 0.275664
-0.688741 0.245182 -0.401018
0.559179 0.362197 -0.627672
0.00665404 0.866317 -0.426016
-0.214955 -0.276214 -0.757795
-0.78491 0.0315838 0.202124
-0.440255 -0.269853 -0.692502
-0.259736 0.0879594 -0.82459
0.17061 0.785928 0.130468
0.799413 -0.364147 0.0605583
0.640274 -0.588273 -0.281027
0.124971 -0.229019 0.728997
0.536162 0.402462 0.31688
-0.531993 -0.163016 0.601218
-0.656277 0.211794 -0.572315
0.0130494 -0.474318 0.619279
0.0548975 0.388501 0.636039
-0.458992 -0.748935 0.0989421
0.219615 0.715223 0.195631
-0.64474 0.436447 -0.279263
-0.76452 -0.350067 0.125537
0.605765 0.544376 -0.0349424
-0.785408 0.0652499 -0.109419
0.64247 -0.114126 -0.642838
0.32695 -0.710695 0.206159
-0.21092 -0.796108 0.30788
-0.65846 -0.500578 -0.316779
0.734687 -0.0024669 -0.565528
0.823586 0.00201582 0.172903
0.7885 0.291609 0.0229322
0.315136 -0.00489303 -0.847139
-0.33104 0.475715 0.520281
-0.663521 0.394646 0.233493
0.0226849 -0.537246 -0.699374
-0.105973 0.912083 -0.275131
-0.297419 0.865297 -0.147616
0.198002 -0.382657 0.621829
0.246109 -0.684916 -0.437588
-0.292071 0.616327 -0.691134
0.0115347 -0.00127671 -0.876562
0.580814 0.315582 -0.635935
0.619818 0.218081 -0.641692
0.195873 0.360391 0.642652
-0.69836 0.179031 -0.413563
-0.116373 0.907712 -0.0101469
0.495406 0.472804 0.28589
-0.181441 0.422068 -0.83311
-0.535831 -0.116612 -0.71599
0.748592 -0.481963 -0.0532135
-0.72677 -0.119321 0.364024
-0.212805 -0.784919 0.334112
0.0987394 -0.457053 0.608703
0.29875 0.658843 0.227261
0.143365 -0.783519 -0.190148
0.203687 -0.23066 -0.817986
-0.0362387 0.918979 -0.27774
-0.0318139 0.579475 -0.765486
-0.781511 0.0352811 0.216806
0.111864 -0.822745 0.0530613
-0.494362 0.690827 -0.215156
0.317458 0.0371011 -0.852926
0.465047 0.3737 -0.690309
0.450863 -0.54943 0.3208
-0.214601 -0.468562 -0.680801
0.197884 0.836553 -0.370956
0.29694 -0.0528448 -0.845744
0.576881 -0.113022 0.493908
-0.450828 0.626035 -0.545575
0.756792 -0.238527 -0.423828
0.838009 0.239601 -0.00930434
0.826212 -0.353187 -0.20672
0.391225 0.740119 -0.0761639
0.854099 0.201406 -0.297423
-0.394657 0.816646 -0.0656892
0.80768 -0.224723 0.142303
0.43897 0.519821 -0.613101
0.256975 0.628077 0.286685
-0.255746 -0.313382 0.758321
0.0638965 -0.613968 0.487141
0.0324437 0.722235 0.279774
-0.264973 -0.628224 -0.526358
-0.0946947 -0.665541 0.490884
0.159009 -0.221102 0.719324
0.1323 -0.820591 0.0164205
-0.0191866 0.669199 -0.693827
-0.304341 -0.680338 -0.428195
-0.432513 -0.743867 -0.0902654
0.474918 0.470754 -0.62036
-0.759802 -0.262116 0.195142
-0.376375 0.471757 -0.751672
-0.706262 0.227536 0.272431
0.349169 -0.0310247 -0.830123
0.362672 -0.0876916 -0.816022
0.868886 -0.062788 -0.348865
-0.258661 -0.658437 0.496744
-0.239322 0.883627 -0.145271
0.457342 -0.212729 0.571223
0.392568 -0.405337 0.527299
-0.560595 0.26314 0.526608
0.548414 -0.470399 0.304818
-0.719539 0.3235 0.0357482
-0.165789 -0.795399 -0.105896
0.0113381 0.568881 0.460453
-0.386688 0.4238 0.537646
-0.598583 0.204768 -0.710191
0.868598 -0.0948918 -0.334197
0.676049 0.0108715 -0.646461
-0.729501 -0.274267 0.288566
0.601099 0.437286 -0.51571
0.568897 0.568343 -0.000267926
0.574224 -0.0812689 0.501011
-0.115122 -0.814563 0.231886
-0.65127 0.000529106 -0.670313
-0.678516 -0.21884 0.437389
0.373717 -0.63932 -0.450553
0.593013 -0.585528 -0.338472
0.503649 0.658035 -0.23692
0.587382 0.155995 0.434612
-0.737624 -0.276659 -0.227086
-0.298675 -0.747814 -0.195446
-0.51672 -0.709809 0.0953779
-0.0823166 0.790448 -0.52917
0.817162 0.0857807 -0.434522
0.40011 0.53573 -0.640077
-0.521764 0.647244 0.149356
-0.490641 -0.104723 0.65176
-0.543177 0.556645 -0.537495
0.789859 0.223607 -0.409668
-0.0362048 -0.819366 -0.0547994
-0.602405 -0.515331 -0.366119
0.169942 -0.532165 -0.683518
0.676827 -0.551705 0.0153885
-0.266021 0.875226 -0.108415
-0.0459752 -0.383568 0.707452
0.356845 0.604437 0.266728
-0.600053 0.440616 -0.593585
-0.559143 0.528379 -0.549399
-0.569701 -0.475759 -0.444423
-0.325866 -0.724988 -0.267377
-0.469806 0.716412 -0.210159
0.373756 -0.599477 0.329398
0.0778175 0.375433 0.645637
0.852279 0.208207 -0.294366
0.331257 -0.437906 0.536533
-0.626836 -0.594187 -0.166751
-0.567255 0.663601 0.0176844
-0.792085 -0.204568 -0.00898378
0.717706 -0.482419 0.0695489
0.460485 -0.439051 -0.595693
0.908673 -0.0537074 0.0582894
0.221336 -0.446764 0.574524
-0.553351 -0.594917 -0.317503
0.700557 -0.293147 -0.477185
-0.634476 0.358635 -0.535118
0.268908 -0.208516 -0.814155
0.336934 0.735343 0.106762
-0.529334 0.432723 -0.667208
0.423969 0.656361 0.137359
-0.687701 0.365279 0.181267
-0.555215 -0.656972 0.164547
-0.44993 0.467068 0.447619
0.356979 0.244604 -0.814891
0.799389 -0.33572 0.0910072
0.558102 0.492638 0.167579
0.245508 -0.767819 0.116043
0.261928 -0.723624 -0.34968
0.300219 0.323029 -0.820912
-0.295392 0.607209 0.37248
0.895018 0.0982419 -0.0166499
0.0181579 -0.791904 0.236784
-0.617552 -0.616943 0.0758575
0.173758 -0.799898 0.0852423
-0.509102 -0.572969 0.375446
-0.439168 0.264136 -0.76282
-0.534607 0.61861 0.17842
-0.673478 0.333636 0.267122
-0.349044 0.800602 0.0618592
-0.454939 0.236118 0.617846
-0.216649 0.821412 -0.43505
-0.0332579 -0.430446 -0.749783
-0.731179 -0.431341 0.14447
-0.486887 0.136036 0.653667
-0.65655 0.397484 -0.310323
-0.251855 -0.346618 0.739506
0.256496 -0.757694 0.136637
-0.399893 -0.791685 0.0844466
0.208887 0.139139 -0.909112
0.712062 -0.452457 -0.386227
0.443949 -0.430933 -0.614644
0.456442 -0.478023 0.398078
-0.564013 -0.549669 -0.368919
-0.305876 -0.466636 -0.655893
0.73278 0.403287 -0.0446215
-0.640332 -0.368076 -0.446317
-0.435111 -0.691782 0.292433
0.511653 -0.471766 0.343877
0.152788 -0.0567138 -0.868867
0.335719 0.400821 0.532868
-0.54669 0.150743 0.595628
-0.0209268 0.801692 0.159108
-0.138909 -0.214665 0.81553
-0.244921 -0.442213 0.684349
-0.0125789 0.898456 -0.0262052
-0.548024 -0.586895 0.293293
-0.798194 -0.0760785 -0.0746352
0.313605 -0.145065 0.695109
-0.654301 -0.569525 0.0819777
-0.112158 -0.805694 0.251142
-0.289808 0.351269 0.638918
0.240731 0.784376 0.0952342
0.0986024 -0.108903 0.795835
-0.443966 0.155494 0.671924
-0.409509 0.388948 0.555004
0.0162998 -0.134965 -0.850196
0.110331 -0.778367 -0.200656
0.915696 0.0184628 -0.318084
0.175354 0.645311 -0.683452
0.369396 -0.271601 0.608229
0.446501 -0.592212 0.263307
0.266733 -0.786081 -0.0425938
0.211263 0.861281 -0.0671273
0.533564 0.271701 0.467475
0.583645 -0.0470195 -0.733939
-0.587218 -0.605911 -0.227846
-0.628529 0.530269 0.142615
0.840429 0.240907 -0.288835
0.357808 -0.457615 -0.65982
0.165371 0.504438 -0.796088
0.180657 0.109227 -0.90649
-0.344811 -0.529485 -0.596248
0.795289 -0.125795 0.218523
-0.600245 -0.362358 0.476871
0.48874 0.667533 -0.135838
-0.358913 -0.309785 -0.703279
0.8408 0.0683349 -0.407209
0.312048 -0.357766 -0.769311
0.0175851 -0.660677 0.456294
-0.502065 0.152995 -0.750932
0.0640864 -0.804058 -0.116188
0.0504207 -0.737022 -0.311354
-0.241907 -0.775849 -0.125625
-0.130066 0.869942 0.0663775
-0.315823 -0.173793 -0.76242
0.311709 0.0202425 -0.852424
-0.673867 0.137017 -0.555805
0.154813 -0.791673 -0.167312
0.367706 0.703006 -0.398276
0.00732588 0.896229 -0.343676
-0.322012 -0.478774 -0.643343
-0.519266 0.164274 0.61531
0.795716 0.282311 -0.364627
0.834011 -0.340785 -0.217104
-0.661042 0.105501 0.470134
-0.401559 0.632546 -0.594499
0.248744 -0.522934 -0.670092
-0.571806 0.417675 -0.640193
0.452446 0.682259 -0.285601
0.159956 0.786812 0.133931
-0.413117 -0.21311 0.689682
-0.250752 -0.30285 0.765806
0.279823 -0.13242 -0.830151
0.113354 -0.0972209 -0.864343
-0.126877 0.911708 -0.234175
0.192457 0.15293 -0.915675
0.0686685 0.888052 -0.319784
-0.763277 0.0935134 -0.190754
0.261004 0.438857 0.522566
0.759191 0.314435 -0.412418
-0.753114 0.0171355 0.325148
0.528449 -0.637226 0.110495
-0.428111 -0.291995 0.656653
0.406491 -0.509586 0.419628
-0.461145 -0.0458729 -0.749165
-0.605245 0.54109 -0.260476
0.583932 -0.519956 -0.434568
-0.0892043 -0.503384 -0.694981
0.848498 -0.321221 -0.207521
0.722663 0.424926 -0.0992029
-0.617034 0.307109 -0.666288
-0.672499 -0.494804 -0.306828
-0.163535 0.185081 0.762061
-0.236982 -0.500085 -0.654767
-0.379543 0.709174 -0.458813
0.249742 -0.517362 0.515312
-0.561189 -0.302861 -0.584676
0.77785 0.0386335 -0.508038
0.52737 -0.380403 0.418704
0.614702 0.302049 0.308059
0.157107 -6.82895e-05 -0.882451
-0.253162 -0.192885 -0.774689
-0.702114 -0.517841 -0.126073
-0.289084 -0.0347146 -0.795895
-0.318612 0.2229 -0.810973
-0.445901 -0.63616 -0.383738
-0.213765 -0.666254 -0.469455
-0.385594 -0.715886 0.31936
0.338123 -0.673853 0.253873
-0.440905 0.421851 0.50003
0.649249 -0.594123 -0.25195
0.0313783 -0.0909941 0.8258
-0.514657 -0.51517 0.437901
-0.111346 0.890252 0.0274351
0.790121 0.238124 -0.402315
-0.101355 -0.515838 0.618844
-0.226978 0.198721 0.7391
0.533304 0.35939 0.376547
0.547048 -0.352943 0.424437
-0.733678 0.246813 0.115044
0.628011 0.505099 -0.35889
0.314819 -0.388792 -0.746133
0.701046 -0.476178 -0.382709
-0.72663 0.209879 0.222049
-0.114586 0.40691 0.627384
-0.0538008 0.770543 0.217309
-0.0854936 -0.0724996 -0.842439
-0.334257 -0.28642 -0.718606
-0.088778 0.77815 0.201917
-0.316821 0.0236662 -0.798689
0.323069 0.21641 0.679475
-0.261131 -0.826573 0.119366
0.533185 -0.30058 -0.644631
-0.00494699 0.673782 0.345915
-0.578343 -0.546677 0.301436
0.402775 0.557024 0.301582
-0.353912 -0.00720198 -0.783731
0.31067 0.459349 -0.753477
0.0577866 0.374799 0.649339
-0.251424 0.813254 -0.406612
0.946392 -0.117803 -0.174541
0.393819 -0.327112 -0.732055
-0.622168 0.323981 0.385256
0.0959656 0.756939 -0.584782
0.409261 -0.104949 -0.795668
-0.380757 0.778307 -0.284803
0.194032 0.627303 0.31891
0.62938 -0.133917 0.436721
-0.739624 -0.100322 0.336006
0.166418 -0.316837 -0.79239
-0.446989 -0.737625 -0.081854
0.539888 -0.639588 0.0948604
-0.617927 -0.563401 -0.26558
0.394584 0.23166 0.624742
-0.461075 0.729394 -0.188847
0.379873 -0.728008 0.110703
0.796659 -0.256788 -0.359249
-0.411554 0.663308 -0.519028
-0.761745 -0.411415 -0.0383204
0.799333 -0.339311 -0.309989
-0.456034 0.00137898 0.708442
-0.293321 -0.759837 -0.150446
0.607314 -0.0542242 0.460289
-0.36154 0.148383 0.717785
-0.750911 -0.330525 -0.139022
0.126241 -0.0408831 0.807976
0.452097 0.655161 0.0724978
-0.745816 -0.0756032 -0.287651
0.339018 0.566785 -0.668772
0.0427152 -0.0656566 0.827724
0.73448 0.403449 -0.256864
0.388949 -0.59746 -0.504272
0.0680627 0.889777 -0.30819
-0.0886835 -0.735038 -0.301009
-0.315533 -0.18095 0.77325
0.286423 0.704005 0.176596
0.488457 0.28566 -0.714076
-0.251767 0.219423 -0.835739
-0.384802 -0.0839228 -0.76252
0.207302 -0.521714 -0.683087
-0.0355961 -0.779431 0.284274
0.683806 -0.438398 -0.42451
0.471074 -0.439827 -0.586992
-0.0275096 0.925673 -0.214794
-0.662185 -0.210629 0.465519
0.230163 -0.669095 -0.473859
0.246923 -0.0144405 -0.86487
0.709624 -0.523393 -0.155104
-0.0745244 -0.730039 0.398649
-0.718731 0.283601 -0.171252
-0.69502 -0.534053 0.0236377
-0.0109982 -0.408829 0.677674
0.484701 0.429558 -0.642767
0.0124555 0.128107 0.810285
-0.702932 -0.23498 -0.381297
0.825943 -0.0672081 0.185315
-0.0402517 0.399738 0.633727
-0.788174 0.0847603 0.0645906
0.686063 0.427677 -0.420011
0.533578 0.434837 -0.590801
-0.772015 0.188933 -0.0214892
0.622623 0.514046 -0.342335
-0.427915 0.613445 0.303361
0.58588 0.343325 0.312863
0.0905769 -0.531012 0.552722
0.530568 -0.655834 0.0724833
0.607618 -0.617216 -0.0189339
0.76621 -0.450065 -0.023059
0.107208 0.716734 -0.638961
-0.44824 0.691869 -0.385271
0.551187 -0.0276146 -0.749758
0.222178 0.0303211 0.786013
-0.0320082 -0.574878 -0.665673
0.84216 -0.125924 0.144899
-0.49854 0.712311 -0.0861052
0.848798 -0.323138 -0.188031
-0.508825 0.650896 0.164904
0.222043 -0.808316 -0.121415
0.168809 -0.591462 0.471262
0.608564 0.400996 0.205931
-0.481499 0.262728 0.584363
0.579305 -0.474746 -0.477096
0.615339 -0.569701 -0.340302
-0.15416 0.813483 -0.482775
-0.769815 -0.353237 -0.0437979
-0.742809 -0.221561 0.272731
0.380968 0.144985 -0.833687
-0.112679 0.25059 0.743061
0.91981 -0.167179 -0.0555402
-0.346897 -0.604399 0.49833
0.126919 -0.603261 -0.619026
-0.762993 -0.287284 -0.110939
0.79291 0.221076 -0.406277
0.681334 0.419684 0.0583755
0.904164 0.112287 -0.157604
-0.220674 0.0363272 0.803445
-0.154375 0.90143 -0.290312
-0.517233 0.630027 -0.40568
-0.350497 -0.770292 0.235979
0.720255 0.310394 -0.473115
-0.601376 -0.327003 0.491271
-0.707583 -0.200105 -0.380053
-0.727624 0.256849 0.134519
0.0947522 0.302959 0.715734
-0.186174 -0.624299 -0.562888
0.760907 -0.441307 -0.250502
0.472346 -0.100772 -0.772479
0.631747 -0.330342 0.346155
-0.62359 0.00214446 0.537962
-0.5742 0.60162 -0.261688
-0.0219758 0.81849 -0.495997
-0.67054 0.365062 -0.301578
0.0969311 -0.508756 -0.709249
0.681612 -0.113216 0.376466
-0.0744107 0.920218 -0.252378
-0.318442 -0.0184232 -0.791044
-0.366683 0.515769 0.454806
0.352949 0.550699 0.336125
-0.604346 0.621626 0.000341779
0.129918 -0.195293 -0.837389
0.593084 0.56252 -0.248798
-0.165811 -0.713452 0.45235
-0.605047 0.402216 0.336635
-0.116777 -0.718356 -0.346382
0.0631127 0.00232519 -0.882189
-0.218099 -0.785382 -0.105453
-0.720206 0.238629 0.212156
-0.0318401 0.153763 -0.895239
0.128346 0.330007 -0.905788
0.0897762 -0.5626 -0.675561
-0.250772 -0.652042 0.507272
-0.704874 0.323368 0.152015
-0.175877 -0.0876719 0.827916
0.503845 0.0639777 0.548939
-0.179803 0.880682 0.0404265
0.475035 -0.71213 0.0194903
-0.267381 -0.805249 0.0149827
-0.318309 -0.36392 0.697343
0.376153 -0.1367 0.65842
-0.43274 -0.711009 -0.225546
0.225587 -0.771387 -0.237788
-0.622794 -0.0126346 -0.697515
0.385095 0.644942 0.201736
-0.231753 0.764637 -0.550673
-0.262691 0.56275 -0.752475
-0.276328 0.0892236 0.772626
-0.0319886 0.868056 -0.409803
-0.25942 -0.20469 -0.768802
0.708559 -0.530581 -0.0814343
0.706101 0.298945 -0.498408
-0.593085 -0.660956 -0.0735734
0.682497 -0.1729 0.368736
-0.13172 -0.825125 0.213559
-0.198342 0.320013 -0.845219
0.712391 -0.487881 0.0749382
-0.454001 0.116722 0.687494
-0.132573 -0.636608 -0.548819
0.527919 0.58331 0.0780194
0.129826 0.214208 0.752877
0.117911 -0.750288 0.281041
0.716366 0.217106 0.215137
0.172007 0.58055 0.38863
-0.558253 0.667012 -0.0132129
-0.332821 0.36321 -0.791784
0.151118 0.0503031 0.806105
0.317263 0.372637 -0.789259
-0.387005 -0.497987 -0.596354
-0.192874 0.460661 -0.821272
0.730825 -0.353943 0.189031
-0.350285 0.846255 -0.155381
0.241086 -0.418537 -0.74727
-0.168698 -0.210093 0.811869
-0.6913 0.402809 0.00841752
-0.474021 -0.611822 0.376878
0.749973 0.0394949 -0.54629
-0.558151 -0.178648 0.574643
0.556118 0.43665 0.242497
0.746904 0.393111 -0.126168
-0.553006 0.614166 -0.305318
-0.10599 -0.838219 0.0220772
0.625226 -0.26227 0.389471
0.40994 -0.367437 0.540795
0.143454 0.115661 -0.911926
-0.530679 -0.260687 0.577502
0.61541 0.235887 -0.638635
-0.488889 0.00860687 0.681473
0.0825179 -0.556032 0.53528
-0.383364 -0.711416 -0.273117
-0.0912473 -0.709272 -0.370745
-0.390646 0.66026 -0.56176
0.38541 -0.752722 -0.0685292
-0.652386 -0.148007 -0.579234
-0.187796 -0.742511 -0.263418
0.492871 0.00312198 -0.777641
0.57249 0.552754 -0.369959
0.585791 0.262505 0.39453
-0.713205 0.161254 -0.362637
0.834922 -0.317982 -0.258976
0.347786 0.7851 -0.134579
-0.572 0.637427 -0.0927404
0.572171 0.569542 -0.0146794
-0.426555 -0.342527 0.643961
-0.633681 0.494654 -0.178159
0.835514 -0.10211 0.168867
0.719922 0.0558122 0.292849
-0.0498785 -0.227102 0.797874
-0.217571 -0.118659 -0.800117
0.799024 0.209933 -0.402391
-0.291409 -0.144173 0.79131
0.431658 -0.378355 0.520763
0.537063 0.607025 -0.32274
-0.486826 0.122606 0.658313
-0.649835 -0.589813 -0.0874478
-0.507636 -0.724455 0.0716948
0.194485 -0.473314 0.566044
0.551593 0.445093 -0.561761
0.124831 0.0334247 0.816564
0.0212534 -0.671834 -0.47165
-0.272125 -0.00928668 0.794732
0.18107 0.860805 -0.27213
-0.0226379 0.849947 -0.450306
-0.656423 0.284761 0.363374
0.209515 0.393559 0.605122
-0.313713 0.0656583 0.768248
-0.45625 -0.466958 -0.568898
-0.0902733 -0.400983 0.706229
-0.604598 0.450766 -0.565345
-0.00856886 -0.63775 -0.553153
0.210282 0.776162 -0.491526
0.725994 0.393552 -0.40382
-0.518149 0.303471 0.532741
0.332975 0.549509 0.347626
-0.521124 0.506237 0.348202
0.600819 -0.386882 0.335162
0.565471 0.0487159 0.484872
0.00964493 0.301927 -0.921917
-0.590311 -0.561871 -0.317064
0.0748533 0.662071 -0.686101
-0.5609 0.310963 0.493896
-0.0314392 0.0607095 0.826226
-0.38603 0.438292 0.523991
-0.303177 -0.537213 -0.607186
-0.788804 0.127391 -0.0306586
0.551665 0.160383 0.474561
0.393952 -0.601233 -0.494617
-0.305294 -0.545565 0.57205
0.363272 0.597645 0.272031
0.333154 0.256369 -0.825594
-0.790076 -0.215724 0.0350682
-0.766589 0.129133 0.131198
-0.443833 0.563128 0.352404
-0.63227 -0.537523 0.214264
0.238438 -0.655799 -0.503562
0.00394566 -0.549489 0.562609
-0.390523 0.75589 -0.324137
-0.500882 0.62279 0.226068
-0.640557 0.50601 -0.0833694
-0.517661 -0.620751 0.29421
-0.754061 -0.0441163 -0.268945
-0.0952716 -0.426722 -0.734445
0.106568 0.890151 -0.231636
-0.350293 0.838984 -0.059947
-0.716272 -0.297283 -0.30254
-0.102417 -0.740975 0.393517
0.21902 0.383219 -0.848359
-0.321458 0.827815 0.0183683
-0.467888 0.504502 0.395667
0.198184 -0.0677672 -0.859612
0.0568141 -0.806772 0.17217
-0.404463 -0.639293 0.428107
-0.695572 0.00772457 -0.517744
0.0552513 0.597535 -0.73913
-0.575798 0.312438 0.476139
-0.34674 -0.723912 -0.255234
0.257159 -0.548163 0.48141
0.28697 0.758982 -0.408091
0.323227 0.219273 0.677732
0.0610755 -0.647257 0.45431
-0.652004 0.478114 -0.0807481
-0.430569 0.0163813 0.726595
0.127484 -0.579183 0.499658
-0.712031 0.0202341 0.429976
0.0371949 0.412243 -0.870338
-0.132066 0.111254 -0.86184
-0.730568 -0.13865 -0.32022
0.140377 0.19116 0.760842
-0.538751 -0.454557 0.475326
0.409274 -0.0908696 0.642642
-0.753873 -0.283417 0.203356
-0.288036 0.162326 0.735695
0.539954 -0.564123 0.204415
0.121615 -0.745972 -0.293945
0.387303 0.668127 0.171309
0.487114 0.306148 -0.705678
0.473026 -0.239066 -0.737429
0.0983256 -0.124964 0.78936
-0.567263 -0.311037 -0.572708
0.160144 -0.704021 0.344232
0.50902 -0.478113 -0.528244
-0.400854 0.375581 -0.765697
0.364418 -0.631505 -0.469951
0.455125 -0.623504 -0.409371
0.725951 0.310429 0.109278
-0.170651 0.279993 0.713791
-0.53611 -0.247661 0.576125
0.20137 0.609535 -0.704814
0.889209 0.107831 0.00330222
-0.22503 -0.715851 0.435829
0.0713325 0.312615 -0.919012
0.0876607 0.707238 0.271216
0.208725 -0.599367 0.446147
-0.216419 0.79352 0.148328
-0.26154 -0.705126 0.433795
-0.272558 -0.491496 0.632965
-0.666609 0.0151073 -0.633009
0.615937 0.0444787 -0.706586
0.516828 0.470202 -0.575694
-0.12169 -0.326449 0.773831
-0.664687 -0.569709 0.0489585
0.148063 0.72071 0.22425
0.643519 0.261881 0.298015
0.0958444 0.0523629 -0.895113
-0.634387 -0.0644556 0.525372
-0.792892 -0.1148 0.0349652
0.944366 -0.131272 -0.174977
-0.628804 -0.584505 -0.186883
0.299994 -0.692992 -0.397745
0.101162 -0.781958 0.205013
0.164451 0.0789912 0.796038
0.0177911 0.273253 0.75731
0.450387 -0.0530457 0.61613
0.207155 0.521697 -0.773832
-0.632554 -0.329472 -0.484405
-0.506411 -0.52954 -0.450053
0.609989 -0.573639 -0.339663
-0.0858526 0.402872 -0.869037
0.914079 0.06273 -0.292086
0.453793 -0.732645 -0.0814902
-0.212925 0.239469 -0.847928
-0.629566 0.251292 0.445689
0.0970679 0.0926863 -0.903276
-0.586762 -0.663758 -0.0387702
-0.523979 -0.101073 -0.723327
0.860528 0.198915 -0.281486
-0.225516 -0.835827 0.194283
-0.219793 -0.196655 0.805342
0.190757 -0.753935 0.208283
0.152902 -0.0746131 -0.864363
0.23246 -0.276886 0.661689
-0.17622 -0.725914 0.439619
-0.682497 0.190548 0.395265
-0.7126 -0.45631 0.147553
-0.298511 0.792837 -0.387044
-0.0637785 -0.849427 0.0400051
-0.209478 0.894453 -0.120467
-0.613059 -0.430148 0.40255
0.1053 0.894706 -0.0721846
0.548099 0.0792372 -0.745577
0.417396 0.208793 0.609679
0.687278 -0.548833 -0.197627
0.0176438 0.922607 -0.15461
0.794509 -0.160913 -0.407282
0.224926 0.738745 0.163209
0.365814 -0.632922 -0.46664
0.359761 0.765739 -0.188074
0.624986 -0.297324 -0.569912
0.780629 -0.321892 -0.351202
0.688744 -0.48605 0.121787
-0.379464 0.618194 0.324278
0.809215 0.251048 0.0289851
0.836713 -0.26806 0.0630777
-0.569426 -0.461809 0.425217
-0.34202 0.819522 0.0133199
0.278504 0.829149 -0.145183
-0.083393 -0.60127 -0.623485
-0.169201 0.214606 -0.865942
0.191195 0.808488 -0.452817
-0.149748 -0.823133 0.224471
0.209262 -0.79306 0.0509742
0.328366 -0.676021 0.26032
-0.589185 0.541283 -0.379583
-0.583238 0.629957 -0.0737226
-0.148398 0.810175 -0.491497
-0.334488 -0.0551345 0.772696
0.152909 0.361412 -0.88839
-0.470151 -0.106123 -0.736481
0.274398 -0.765154 -0.255526
-0.445938 -0.454533 0.559856
-0.600238 0.513111 -0.39165
0.376325 -0.0871455 0.669669
-0.362774 0.792718 0.0645359
-0.219649 -0.515689 -0.650007
-0.7883 0.043998 0.134818
-0.0959959 0.898943 0.00852767
-0.195875 -0.838788 0.117723
0.381491 0.304035 -0.776054
-0.578078 -0.591953 0.237904
0.755053 -0.371201 -0.363981
0.156525 -0.219463 0.721148
-0.750832 0.215505 -0.130298
-0.419176 0.291227 0.609647
-0.156931 0.702839 0.28715
0.335927 -0.587311 0.385052
0.51161 0.57609 -0.433681
-0.290035 -0.0901229 0.79097
0.440911 0.0175449 -0.800795
0.255786 0.585286 0.341079
-0.758012 -0.319648 -0.114268
-0.380162 0.00136969 -0.778365
-0.488124 0.577197 0.300857
0.390792 -0.584938 -0.519522
0.0992852 -0.522127 0.557267
0.0499955 -0.02946 -0.874565
0.555285 0.480498 -0.524579
-0.770378 -0.284923 -0.0801077
-0.573139 0.568092 -0.409024
0.182832 -0.77998 -0.206816
-0.430409 0.270459 0.614715
0.645603 -0.414851 0.256666
-0.363415 0.77962 -0.310781
-0.336472 -0.170267 0.761289
0.044238 0.702282 0.299007
-0.270226 0.755464 0.184905
-0.745573 -0.0653864 -0.292906
-0.430794 0.652942 -0.512453
0.282951 0.501056 -0.745614
0.610874 -0.442707 -0.477486
0.344046 0.680899 -0.484069
0.000528056 -0.43185 -0.754663
-0.26124 0.556621 0.449056
-0.174441 0.853296 -0.393819
0.730407 -0.206148 0.274654
-0.479137 0.5971 -0.569388
-0.423639 -0.763902 0.12493
0.769056 0.357128 -0.315374
-0.549321 0.577725 -0.497402
0.955145 -0.0859963 -0.139046
0.593166 -0.490142 0.234551
0.391694 -0.547974 0.386037
0.117239 -0.711495 -0.379479
0.0118396 -0.643221 -0.540076
0.0786745 -0.422689 -0.755916
0.0497203 -0.448962 0.628912
-0.528303 0.00604953 -0.735624
-0.232401 -0.209467 0.799686
0.116997 0.895353 -0.172045
-0.585675 -0.657365 0.0361649
-0.695589 0.384198 0.0679396
-0.38338 -0.422302 -0.657696
0.670828 0.487666 -0.0697844
0.0857142 0.667511 0.322134
0.493032 0.520235 0.228011
-0.377397 -0.424463 -0.658753
0.720729 0.403233 -0.00303451
0.0880656 0.416866 0.602512
0.467765 0.187583 0.559905
0.370489 0.280642 -0.7925
-0.288442 0.831314 -0.301689
0.398325 0.0948828 0.652155
-0.70586 0.0241379 -0.484753
-0.0314062 0.0384097 0.831348
-0.710787 -0.0332959 -0.441408
0.4841 -0.378956 0.465637
-0.499478 -0.214883 -0.693461
0.0155874 -0.0371785 -0.869745
0.193078 -0.641983 0.406509
-0.0283694 0.348288 0.684774
0.386548 -0.179142 0.637137
-0.677316 -0.103632 -0.537956
-0.0697084 0.461973 -0.849316
0.680578 -0.552587 -0.245368
0.299875 0.467505 -0.755213
0.336671 0.58181 0.305235
-0.76865 -0.340245 -0.0562438
0.642478 0.489371 0.0343448
-0.0393612 -0.643717 -0.5375
-0.737892 0.202883 -0.219063
0.847618 -0.325172 -0.185145
-0.566218 0.0754892 0.59441
0.0998213 0.643664 0.345113
0.547119 0.529962 0.136438
-0.0990783 -0.658102 -0.497601
0.460621 0.665922 -0.00982339
0.942528 -0.00604338 -0.199863
0.102438 -0.803395 0.142593
0.140807 -0.19874 -0.83497
0.355219 0.144869 -0.848339
-0.411405 0.273518 -0.772026
-0.617662 0.596766 0.0455199
0.0223271 0.660942 -0.694396
-0.638563 -0.412032 -0.415602
-0.769777 -0.194969 0.197973
0.5365 0.0877765 -0.751262
0.0386972 0.897836 -0.047953
0.697473 -0.521473 -0.320573
-0.609006 0.560361 0.133854
0.749011 0.33879 -0.416108
-0.686419 -0.324749 -0.401478
-0.759983 0.207757 -0.0799521
-0.233317 0.693856 0.278658
0.120449 -0.29292 -0.802407
-0.108705 -0.732165 -0.306625
-0.0821933 -0.437708 -0.733747
0.72828 -0.501557 -0.0191631
0.371044 -0.531756 0.431626
0.0441111 -0.845548 0.0340162
-0.268469 -0.714319 -0.336133
0.662403 0.159393 -0.626138
0.600023 0.360901 -0.588501
0.251174 0.182782 -0.90002
-0.320634 -0.804289 0.0532686
-0.479586 0.626691 -0.49457
-0.601505 0.484744 -0.476795
0.19355 0.297435 0.681297
-0.417873 0.103871 -0.779368
0.539936 0.121684 0.496361
0.485046 0.675099 -0.160392
0.679916 -0.197508 0.358796
0.488656 0.33087 0.476908
0.311491 0.0750988 -0.861214
-0.701721 -0.248824 -0.379414
-0.0541156 0.237224 0.764636
0.0513322 -0.146062 0.796677
-0.142869 -0.506735 0.637732
-0.65411 -0.561517 -0.177253
-0.765814 -0.404629 0.0476028
0.46655 0.34564 -0.702046
-0.0473719 0.00264805 -0.865263
0.00873943 0.240162 -0.920634
-0.588509 0.342572 -0.682884
-0.615372 0.581237 0.0914713
0.395922 0.620702 0.225494
0.827219 -0.303871 -0.28219
-0.528909 -0.388166 -0.561909
-0.421894 -0.753676 -0.0635669
0.153303 -0.609004 0.458706
0.119133 -0.820621 0.0521367
-0.0919889 -0.832518 -0.00667506
0.445622 0.683184 -0.302709
0.631493 0.496149 0.0481376
-0.503939 0.604477 -0.508356
-0.557248 -0.552494 -0.372838
-0.649324 -0.525986 0.188716
0.698586 0.203372 0.257186
0.193958 0.519623 0.454339
0.2152 -0.258591 -0.80934
0.340136 -0.757513 0.0116385
0.46154 -0.722856 -0.122554
-0.796495 0.0170916 -0.0508357
-0.671862 -0.0298914 -0.592517
0.808645 0.27248 -0.343718
-0.12214 -0.606826 -0.608575
0.477762 -0.388475 0.46314
0.54985 0.594539 -0.319193
0.559138 0.593166 -0.277928
-0.187607 0.655031 0.343993
-0.123519 0.0328362 -0.85061
-0.0134629 -0.638791 0.489703
-0.762758 -0.107569 0.267601
0.567113 -0.454865 -0.501856
-0.124436 0.91455 -0.202415
-0.46164 0.54941 -0.630233
-0.673408 -0.00210378 0.481437
-0.227976 -0.615304 -0.558522
0.614704 -0.600361 -0.290412
-0.748721 -0.437736 -0.0776211
-0.58679 0.108447 0.561043
-0.622113 -0.587882 -0.193644
-0.331144 -0.0121048 -0.78882
0.927673 -0.197018 -0.16852
0.578501 -0.0604564 0.494551
-0.530005 0.66993 0.0938743
-0.24067 0.393507 -0.819252
-0.694553 -0.0894609 -0.480048
0.0597388 0.870296 -0.412826
0.596581 -0.215246 0.442527
-0.00846787 0.0520976 0.830074
-0.189689 0.616457 0.395678
-0.688624 0.178083 -0.45725
0.00135489 -0.248072 -0.81934
-0.712653 -0.249983 -0.337984
-0.688597 0.355732 -0.182473
-0.0583653 0.217855 0.773023
0.150345 0.856363 -0.388359
-0.678303 0.108503 -0.559521
-0.601205 -0.392185 -0.474915
-0.487636 -0.561316 -0.431733
-0.728711 0.0370051 0.376816
0.0519648 0.898947 -0.0580227
0.345528 -0.00602846 0.702286
-0.363778 -0.160377 -0.752623
0.172358 0.523721 -0.780083
-0.368274 -0.606946 0.481462
-0.0298793 -0.857853 0.100625
0.0314116 0.406927 -0.87346
-0.739726 -0.245456 0.270185
-0.266453 -0.683534 -0.42283
-0.532884 -0.515118 -0.440877
-0.668376 0.23099 -0.50332
-0.491773 -0.522486 -0.47244
0.0833923 -0.83101 -0.0378825
0.25141 0.779275 0.0958722
-0.424446 -0.504038 -0.556769
0.284566 -0.668795 -0.454771
-0.683413 -0.28025 -0.433337
-0.360939 -0.605498 -0.501705
-0.689187 0.16721 -0.46364
-0.77051 -0.131621 0.229255
-0.163577 0.734302 0.24297
0.591389 -0.640704 -0.104891
0.209099 -0.697146 0.321845
0.728437 0.408667 -0.289796
0.598954 -0.118079 -0.693132
0.58345 0.519188 0.0947624
0.880301 0.161741 -0.0839797
-0.0278456 -0.315153 0.746903
0.82723 -0.326164 0.0332437
0.338692 -0.323173 0.595683
-0.173619 -0.82348 0.232013
-0.387231 -0.295749 -0.699573
0.228188 0.417941 0.565194
0.532771 -0.45544 0.337931
-0.150444 0.90855 -0.193874
-0.0183722 -0.816218 -0.0669987
-0.461506 0.562094 -0.619464
0.760726 -0.370932 -0.356138
0.184937 -0.17532 -0.834539
0.933927 0.0202353 -0.238204
-0.739245 0.0422746 0.345979
0.930337 -0.10532 -0.046867
0.682732 -0.374377 0.248223
-0.168426 0.585255 0.443394
0.582988 -0.324032 0.406389
0.0383192 -0.13583 0.805278
-0.068579 0.880106 0.0345124
-0.583133 -0.525249 0.324014
-0.0922312 -0.839696 0.166294
-0.565759 0.440787 -0.625956
-0.0823388 0.0562382 0.823816
-0.367199 0.568545 0.390681
0.541898 -0.148814 0.516254
-0.57672 0.151019 0.562549
0.773868 0.170159 0.159987
-0.417148 -0.772142 0.0248629
-0.290586 0.695873 0.259718
0.230551 0.81851 -0.35186
-0.14304 -0.445753 0.685838
0.274322 0.403611 0.56013
-0.710093 -0.463868 0.139608
0.432775 -0.737752 -0.0639056
-0.230838 0.680952 0.296833
-0.0438982 0.0713909 -0.877964
-0.0591698 -0.193742 0.814672
-0.184338 -0.728736 -0.305464
-0.398848 0.0443584 -0.778588
0.239891 0.849181 -0.142121
-0.23937 0.875531 -0.00710798
0.449256 0.70176 -0.136871
-0.149816 0.742099 -0.589866
-0.449906 -0.0738249 -0.747296
-0.225616 -0.463392 0.676475
-0.462014 -0.539451 0.476449
-0.660434 0.311572 0.328911
0.042161 -0.394843 0.672227
-0.300106 0.833825 0.0317449
-0.143283 -0.801261 -0.0930959
-0.524039 0.481578 -0.630099
-0.650932 0.222421 -0.587204
-0.605903 -0.621988 0.106739
-0.184339 -0.643776 -0.527408
-0.183988 0.83054 0.1072
-0.151332 -0.154757 -0.811175
0.866655 -0.223294 0.0281701
-0.290487 0.561881 0.430511
-0.0971143 0.164077 0.789391
-0.431889 0.463278 -0.725696
-0.685534 0.313368 0.24822
-0.643708 -0.522695 -0.304069
0.33007 -0.629507 -0.497624
-0.349486 0.0831078 0.751289
0.0191296 0.907777 -0.0735724
-0.250403 0.634869 -0.703653
0.18203 0.492848 0.493926
-0.0397534 0.0264079 -0.871324
-0.270884 -0.440739 0.670543
0.72415 0.172474 -0.53334
0.356381 0.655821 -0.51811
-0.234812 -0.735284 0.405753
-0.150407 0.897052 0.0251631
0.56492 -0.475089 0.281653
0.343292 -0.776693 -0.170017
0.295746 -0.355878 -0.773445
0.198367 0.178307 -0.920369
-0.0513121 -0.839225 0.00735812
-0.353435 -0.48401 -0.628332
-0.216854 -0.53646 -0.63787
-0.58289 -0.620318 -0.201102
0.50192 0.216666 -0.732715
-0.593581 -0.323628 -0.535184
0.417316 -0.501771 -0.580023
0.163189 0.504279 -0.79652
0.369728 0.165384 -0.835963
-0.444769 0.766484 -0.0826192
-0.354818 -0.805237 0.0842497
0.0674692 0.17953 0.789125
-0.63212 -0.573711 -0.206751
0.777839 0.211798 -0.433468
-0.148264 -0.813258 -0.046645
-0.435922 0.754075 0.0510091
0.18796 -0.160401 -0.837847
-0.332406 -0.805487 0.0675083
0.84547 0.0432872 0.131445
0.469338 0.671589 -0.0699813
0.187098 0.530318 -0.772617
0.791134 -0.413679 -0.1209
-0.691343 -0.152508 -0.46285
-0.763161 -0.0612447 -0.226411
0.746682 -0.318769 0.184331
-0.398384 0.807353 -0.0411779
-0.055528 -0.792322 -0.133381
-0.250438 -0.574779 0.579305
0.0926102 -0.101221 -0.864146
-0.74468 -0.0994252 -0.282013
-0.181717 0.848545 -0.401269
0.109498 0.456721 0.559257
-0.14778 0.40722 -0.847441
-0.771413 -0.102434 -0.17702
-0.55484 -0.662592 -0.157866
-0.71221 0.273934 -0.257485
-0.515582 0.594116 -0.514301
-0.566823 -0.395274 -0.513556
0.0749072 0.154609 -0.913708
-0.449504 0.685284 -0.39958
-0.119014 0.405836 0.627923
0.207794 -0.373969 -0.770309
0.165892 0.407494 -0.859263
-0.246328 0.235096 -0.836162
0.0118659 0.207351 0.78686
-0.357181 -0.763545 -0.0846357
0.302154 -0.752989 0.107809
-0.18722 0.0705314 -0.840486
0.0299978 -0.615782 -0.600002
-0.675402 0.373386 -0.233579
-0.793996 -0.0946642 0.0208777
0.202842 -0.805747 -0.0442681
-0.41367 -0.747855 -0.0953397
-0.58597 0.00752802 0.580658
0.361532 -0.305456 -0.76623
0.352666 0.570525 -0.65564
0.788107 -0.190928 0.192764
-0.754086 0.231229 0.0141273
0.0156313 -0.403747 0.674164
-0.158685 -0.729979 -0.305617
0.338673 -0.0518566 -0.830785
0.680828 -0.110344 -0.590727
0.479302 -0.671474 0.113174
0.0197198 0.541643 0.487352
-0.748552 -0.139133 0.295351
-0.444669 -0.73118 -0.125866
0.194825 -0.480127 -0.713863
0.415024 0.329044 0.552998
-0.682237 0.325066 -0.337005
0.111352 0.870749 -0.370282
0.761903 0.36952 -0.236747
-0.396891 0.652192 0.27509
0.0936172 0.790241 0.150397
0.0446878 -0.721682 0.367396
-0.471042 -0.187198 -0.711388
-0.279762 -0.692704 0.442118
-0.440723 -0.243116 -0.701453
0.449991 -0.609392 0.234627
0.260325 0.499228 0.447032
-0.144401 -0.620496 -0.578704
0.675134 -0.190388 -0.561146
0.027859 0.737525 0.258647
-0.733733 0.180638 -0.256338
0.702649 -0.464698 0.122371
-0.583893 -0.663811 -0.010526
-0.0101907 0.817339 0.129244
0.00218053 -0.65919 -0.501822
-0.674595 0.146869 0.440067
-0.422054 -0.700893 0.292406
0.068384 -0.836509 0.0489094
0.0017324 -0.527606 0.580479
-0.635209 0.469653 -0.248364
-0.404686 -0.0745752 0.731021
0.782402 0.341027 -0.295866
-0.591111 0.318764 0.446519
0.595753 -0.630124 -0.0359027
0.0389459 0.216871 -0.92293
0.354679 0.0645565 -0.842229
-0.769553 -0.321495 -0.0629486
0.0203971 -0.309977 -0.798461
-0.588222 -0.537563 0.29845
-0.619041 -0.469249 -0.395361
-0.369438 -0.730843 0.30725
-0.296181 0.526558 0.471813
0.618694 0.489645 -0.415645
0.0514756 0.620018 0.395755
0.588777 -0.166458 -0.680367
-0.45677 0.752198 -0.0958686
0.158171 0.0723989 0.799227
0.266766 0.801847 -0.31484
-0.683235 -0.263712 0.411872
0.0468856 0.850165 -0.457411
-0.305227 0.768947 0.156889
0.599981 0.0989344 0.435292
-0.254513 0.763162 -0.534798
-0.219164 0.88993 -0.0530294
-0.0316251 0.348598 -0.898431
-0.0448852 -0.624142 -0.58516
-0.212108 -0.676822 -0.44326
0.26841 -0.118139 -0.835833
0.587648 -0.276014 -0.62118
-0.692282 0.228569 0.31934
-0.766264 0.0605083 -0.198855
0.0956929 -0.388541 -0.767987
-0.127348 -0.597295 -0.624995
0.783535 -0.271136 0.153607
-0.0483703 0.499931 -0.825525
-0.0530805 0.089744 -0.878721
-0.233429 0.486439 0.538505
-0.474812 0.651038 -0.441838
0.781031 -0.429144 -0.112456
0.0824719 0.866458 0.0209272
-0.39432 0.692002 -0.476664
0.172877 -0.525215 -0.687629
-0.758836 -0.299527 -0.122095
0.225556 0.167656 0.741663
-0.0157022 -0.0710317 0.844041
0.885643 -0.129968 0.0664801
-0.454861 0.341297 0.557032
0.526598 -0.329134 -0.628162
0.831495 0.110534 -0.401028
0.726015 0.169625 0.240922
-0.313848 0.296773 -0.805343
0.539538 0.586637 0.0300396
0.0795444 0.635146 -0.706408
0.0410984 -0.292665 -0.804564
0.54157 -0.302384 0.4661
0.139304 0.0698142 0.804844
-0.0363246 0.673022 0.347557
0.588983 0.118018 -0.701763
0.500667 -0.0466778 -0.767956
0.812217 0.142592 -0.414755
-0.591811 0.482075 -0.557437
-0.528097 0.61688 -0.41708
0.646836 0.458835 -0.427669
-0.0870884 -0.271701 0.792258
-0.133636 0.476703 0.561916
-0.624074 0.481822 -0.300536
-0.763281 -0.299094 0.164005
-0.122103 0.839163 0.111255
-0.315385 -0.811528 0.186921
0.810221 -0.290856 0.0998906
0.384518 -0.47141 0.481411
-0.123123 -0.739389 -0.28266
0.173783 -0.68943 -0.43
0.415824 -0.576175 -0.508895
0.0494016 0.902556 -0.246563
0.736998 -0.41563 0.119964
-0.473014 0.143202 0.659231
-0.203819 -0.658437 -0.489599
0.0717825 -0.720692 -0.353471
0.426798 0.713384 -0.0937924
0.078796 0.546821 -0.775302
-0.522354 -0.621299 0.285903
-0.654286 -0.480302 -0.343932
0.813508 0.134419 0.124953
0.832224 0.214488 0.0226413
-0.766993 0.0862346 0.211528
-0.713704 -0.168298 -0.371895
0.511419 -0.434909 -0.55995
-0.47939 -0.283633 0.615273
-0.184328 -0.821029 0.0137739
0.392813 0.0251327 -0.821476
0.776356 -0.421556 -0.23105
-0.369823 -0.0495776 -0.772315
-0.0845704 -0.168631 0.831396
0.787945 -0.0827557 0.235941
-0.230048 0.69227 -0.648706
-0.633429 0.406334 -0.473101
0.163588 0.744596 0.186291
-0.536078 0.635848 0.145245
0.209395 -0.452156 -0.729995
0.239929 -0.665582 -0.481435
-0.753637 -0.333313 -0.125571
0.571855 0.518951 0.112782
-0.0745185 -0.559774 -0.663738
0.160575 0.696429 0.248605
-0.467846 0.730362 -0.149891
0.320099 -0.626468 -0.50968
-0.205086 0.591455 0.425266
0.267523 -0.756761 0.129051
-0.768588 -0.108779 -0.185303
-0.690899 0.352373 -0.174483
0.307032 -0.772272 -0.0289655
0.602185 -0.0109747 0.458006
-0.435563 -0.341872 0.637493
-0.703321 0.103565 -0.45328
0.427576 0.478676 0.376213
0.298844 0.540698 0.375764
-0.661085 0.414825 0.219422
0.867023 -0.301983 -0.0842019
0.36353 0.736603 -0.313507
-0.53101 0.478107 -0.626522
0.432559 -0.721898 -0.2372
-0.348212 -0.127198 0.759881
-0.488449 0.672038 -0.339388
0.35 0.507277 0.392101
0.364744 -0.0901701 0.678173
-0.520113 0.704161 0.00204377
0.79071 -0.185726 0.191636
0.0397526 -0.00503215 -0.878491
-0.581568 0.507838 0.259925
-0.482978 0.620107 -0.505223
0.216915 0.849994 -0.0312866
-0.748788 -0.046315 -0.288475
-0.666337 0.456534 -0.0332076
-0.0764814 -0.0675028 0.843647
0.783522 0.14596 -0.456446
0.814583 0.047953 -0.456543
-0.780914 0.0134921 0.253868
-0.394113 -0.0671959 0.738887
-0.673958 -0.208743 -0.501078
0.202395 -0.709061 -0.384676
-0.298917 0.82522 0.0604209
-0.191304 -0.53725 0.619348
-0.659604 -0.0185964 -0.643036
-0.140929 -0.178184 -0.809865
-0.49239 0.239972 -0.745789
0.0746217 0.881749 -0.35478
0.439934 -0.699019 0.115159
0.157764 0.280451 -0.920153
0.0923426 -0.79746 0.168329
0.178017 -0.294459 0.674684
0.733711 0.101626 0.259585
-0.670501 0.349308 -0.354144
0.713962 0.241798 -0.515489
-0.23348 -0.276213 0.782305
0.616046 0.225145 0.374054
0.319313 -0.230429 -0.798889
0.248514 0.432181 -0.805121
-0.673204 0.137279 0.444771
0.113226 0.878566 -0.307145
0.216115 0.0622271 -0.889309
0.435999 0.667551 0.0794925
0.089459 0.412799 -0.86445
-0.0120742 0.774719 0.203829
-0.576775 0.211454 -0.717724
-0.480628 -0.536388 -0.467282
-0.175022 -0.764934 -0.197769
-0.415117 0.619441 -0.601183
-0.0115279 -0.512505 0.596121
0.90198 0.115087 -0.144256
-0.0247893 0.646902 -0.711983
0.289713 0.0919157 0.7483
0.103729 0.488186 -0.81635
0.74792 0.373976 -0.383598
0.623809 0.332577 -0.586253
0.462169 -0.50837 -0.540591
-0.789587 0.0702533 0.0504378
0.349021 -0.504877 0.483722
0.63843 -0.330012 -0.537081
-0.768153 0.195309 -0.00676529
0.315932 0.737611 0.119408
-0.25004 -0.0628198 0.805177
0.445289 0.682942 -0.0273509
-0.322512 0.822311 -0.27341
-0.443293 0.229018 0.629886
0.85994 -0.0956886 -0.345986
-0.300634 0.126662 -0.816981
0.158581 -0.810045 -0.112507
0.760299 0.354059 -0.380112
0.179645 -0.280704 -0.805292
-0.197739 0.767353 0.188984
0.179849 0.880075 -0.139171
0.608555 -0.464431 0.244877
0.462623 0.40906 0.41525
-0.739052 -0.374497 0.192535
-0.436146 -0.103337 0.698379
-0.0532522 0.778295 -0.548832
0.387004 -0.755626 -0.168614
0.615706 -0.625551 -0.199514
0.0720464 0.39721 0.624678
-0.21181 -0.0993692 -0.804927
0.378402 0.711303 0.105916
-0.270408 -0.209657 -0.763823
0.26132 -0.796146 -0.119505
-0.76472 -0.340068 -0.0734607
0.575272 0.102888 -0.717595
-0.166768 -0.538057 0.616862
-0.213361 0.209701 -0.850738
-0.0541435 -0.764967 -0.216045
-0.248581 0.495916 -0.795335
0.0984502 0.00465967 -0.885811
0.42056 0.720546 -0.1035
-0.408561 -0.0698168 -0.758752
-0.316553 -0.718851 -0.299893
0.407364 -0.744407 -0.172315
-0.630856 0.198117 -0.695528
-0.218755 0.725092 -0.606171
0.087845 -0.706767 -0.389237
0.775875 0.04304 -0.510926
0.557004 0.589256 -0.3084
0.442956 0.463295 0.374515
0.159551 0.492563 0.505446
0.255748 0.0723062 -0.881847
0.0605285 -0.640054 0.46183
0.346664 0.695945 -0.447503
-0.191869 0.298158 0.699454
0.263415 -0.4805 -0.697913
-0.364088 0.22815 -0.793837
0.529274 -0.198542 0.51227
0.603232 -0.634046 -0.167075
0.242644 -0.285684 0.653161
0.458047 -0.0961017 0.602699
0.404751 -0.661598 -0.392041
-0.357183 0.124617 0.729973
0.190366 0.86629 -0.199385
0.259664 0.247275 0.685538
-0.665422 -0.0715743 -0.597295
0.0610548 0.648938 0.357516
0.428795 0.685835 0.0242542
0.572064 0.503117 -0.467436
-0.357252 -0.797636 0.153535
0.391039 0.701145 0.102668
0.0138059 0.840144 -0.469345
-0.10908 -0.783208 0.301522
0.347926 0.209161 -0.833811
0.107781 -0.797166 -0.143604
-0.455031 -0.618459 0.397987
0.250246 0.604501 -0.694924
-0.305365 0.766641 -0.440651
-0.290125 0.138233 0.745907
0.441583 -0.524615 -0.543726
0.479614 0.553503 -0.521743
-0.0833053 -0.00930593 -0.853852
0.848839 -0.127747 -0.346529
0.0980031 -0.663476 0.422684
0.26881 0.441914 -0.787924
-0.261749 0.758173 -0.535035
0.348349 -0.323314 -0.765686
-0.195439 0.0348798 0.810392
0.636318 -0.572983 0.0848409
0.55746 0.143941 0.471928
0.451969 0.0881267 -0.80259
-0.588848 -0.0984662 0.568525
0.199296 -0.753731 0.201555
0.870928 0.21295 -0.159234
-0.657336 0.323661 -0.466044
0.0367188 0.546146 -0.781754
-0.37505 0.823713 -0.147757
0.586663 -0.162987 -0.684671
0.0480181 0.0443113 -0.889176
0.610216 0.346174 0.268023
-0.688157 0.355357 -0.187374
-0.0969348 -0.108189 -0.833335
0.624871 0.439898 -0.487633
-0.229056 -0.642581 0.52396
-0.317043 0.689679 -0.58591
0.0746864 -0.349661 -0.782821
0.0512138 0.69983 0.298626
-0.0366114 0.793518 -0.52928
0.317797 0.543817 -0.699014
-0.0252499 -0.741012 -0.292644
0.383938 -0.201358 -0.789939
-0.642033 0.0288624 -0.698035
0.242482 -0.682681 -0.442761
0.0350217 0.710499 0.293251
0.239646 -0.654895 -0.505558
-0.00849658 -0.638565 -0.551311
-0.107758 -0.331932 -0.767611
-0.589361 0.504156 -0.501995
-0.756632 -0.426944 -0.0308908
0.757446 -0.0647724 0.273901
0.161081 0.110133 0.788649
-0.206717 0.421039 0.604872
0.414813 0.733555 -0.148639
-0.0951015 -0.781891 -0.158805
0.91304 0.0893607 -0.23393
0.602899 -0.173311 0.449736
0.244974 -0.159431 0.715919
0.745275 -0.0621266 0.289447
-0.0363961 -0.790348 0.259569
0.361838 0.74914 -0.260195
-0.664027 -0.537627 0.123295
-0.257775 -0.730813 -0.288042
0.696766 -0.040242 0.350415
-0.631102 0.373059 -0.534895
0.305826 0.691302 -0.523284
0.74027 -0.136996 0.298491
-0.203617 -0.107862 -0.805604
-0.709896 -0.238752 0.362303
-0.631731 0.209455 -0.682416
0.762149 0.239736 0.118133
-0.261355 -0.0743878 0.801233
-0.534006 0.617858 -0.38241
-0.333962 -0.0401069 -0.783281
-0.577953 0.575804 -0.347697
0.363097 0.101552 0.682939
0.412732 0.588586 0.248142
-0.672729 -0.445442 0.282817
-0.380834 -0.69535 -0.340704
-0.20731 0.532508 0.501065
0.319354 0.360325 0.586098
-0.0949296 0.0164652 -0.855247
0.683693 0.0783963 -0.638749
-0.419282 0.792895 -0.0695446
-0.567129 0.0585392 0.597582
0.306828 0.794209 -0.222656
0.285214 0.794249 -0.291756
0.20236 0.561771 0.397173
0.117059 0.541732 0.464007
-0.615814 -0.267615 0.499395
-0.410715 -0.108564 -0.751543
0.119364 -0.827313 -0.00891142
0.0732802 0.59589 0.416178
0.218573 -0.179109 0.716593
0.776638 0.303612 0.0299812
0.103449 0.900774 -0.0965243
0.458029 0.670224 -0.0193005
-0.0321002 0.91378 -0.299351
-0.0784795 -0.575954 0.565014
0.39905 0.651893 -0.457808
0.182542 -0.0554117 -0.864944
-0.206049 -0.791902 -0.0883018
-0.702402 0.0968106 -0.462844
-0.64659 -0.498 0.252363
-0.512064 0.356805 -0.726634
-0.766367 0.122937 -0.157588
0.150925 0.381778 -0.876689
-0.570284 -0.26866 0.541259
0.581933 -0.253919 0.444373
0.824976 0.20058 0.0471347
-0.0343033 -0.243305 -0.819506
0.53627 0.631777 -0.191768
0.320259 0.545833 0.358612
0.403981 0.554874 -0.617951
-0.712374 -0.430076 0.20056
0.90695 0.07582 -0.0619823
0.926376 -0.0326362 -0.0155398
-0.345914 -0.616116 -0.50228
0.169797 0.875689 -0.206815
-0.79364 -0.143588 -0.00525623
0.191856 -0.359601 -0.776011
-0.652531 0.492224 0.135087
0.116789 0.188957 0.769511
-0.396963 0.710709 -0.425709
0.120445 0.540892 0.463707
0.08455 -0.778083 -0.197595
-0.425128 0.0341664 -0.769603
-0.621298 -0.482024 0.323808
0.555584 -0.656967 -0.231697
-0.558439 0.0511971 -0.73151
-0.103444 0.926205 -0.106715
0.751386 0.233884 0.141408
-0.608814 0.54548 -0.216265
0.537776 -0.0957234 -0.746369
0.512671 0.368417 0.395751
-0.316097 0.551681 0.432567
-0.0353262 -0.357422 0.724509
0.121179 0.758446 0.189834
0.495519 0.604218 -0.403485
-0.240891 0.112095 0.773953
-0.402287 -0.56506 0.495032
-0.626373 0.438263 -0.425862
-0.119321 -0.00430012 0.829682
-0.162028 -0.00822781 0.82245
0.122029 0.377379 0.636918
-0.0730467 -0.674523 0.47195
-0.0893921 -0.555668 -0.662311
-0.612997 -0.632113 0.0222136
0.101537 -0.633126 0.454069
0.758825 -0.180854 -0.44805
0.449273 0.653421 -0.373336
0.0816317 0.683282 -0.668624
0.760779 0.0446076 0.24267
-0.618572 -0.618161 -0.12192
0.635507 0.0592329 -0.686368
-0.215196 0.47243 0.555859
-0.353515 0.300774 0.640079
0.479368 0.0546679 0.577594
0.631047 0.380258 0.193393
-0.545252 0.26146 -0.724292
0.126941 -0.292438 0.696211
-0.690685 0.272587 -0.36534
-0.51883 0.617737 -0.449614
0.433415 -0.326919 -0.701674
-0.460137 0.499649 0.40642
0.148882 -0.524608 -0.691606
0.564842 -0.649352 -0.00253179
-0.324726 0.378491 0.603587
0.67678 0.483603 -0.0892533
0.413676 -0.601399 0.284978
-0.488974 -0.0359857 0.670704
0.551394 -0.309004 -0.624235
-0.2475 0.877736 -0.0352494
0.899602 -0.047752 0.0852572
0.15809 0.430322 -0.846124
0.00128285 0.757131 -0.580617
0.534014 -0.372557 0.419267
-0.591848 -0.243529 -0.591751
-0.790267 -0.109135 -0.0932325
-0.195306 -0.728437 0.432393
-0.0221432 -0.601195 0.529225
-0.405308 -0.714258 -0.239734
0.169131 0.569747 0.403641
0.359681 -0.17051 0.658978
0.502313 0.427671 0.3342
0.458016 -0.542428 0.323341
0.237692 -0.462624 0.55724
0.515738 -0.588514 0.194817
0.39738 0.185305 0.636727
-0.569584 0.408886 0.388723
-0.729913 -0.116202 -0.332229
0.00525436 0.915037 -0.234927
0.382121 -0.443249 0.506622
0.000595428 -0.788225 -0.15426
-0.314145 -0.817555 0.14726
0.586673 -0.0300504 -0.734912
-0.0215295 0.454516 -0.850793
0.320995 -0.648636 0.30845
0.0394329 0.11933 0.814433
0.801842 -0.390907 -0.025626
0.717941 -0.270601 -0.463349
-0.377796 0.819426 -0.0405159
-0.756383 -0.0214284 0.321532
0.892003 -0.24493 -0.056797
0.833625 -0.0972459 0.174596
0.841434 0.112149 0.0976989
-0.0393381 -0.640304 -0.545999
-0.308936 -0.818778 0.154395
-0.0849082 -0.621307 -0.589765
-0.224802 -0.8251 0.0625309
0.157869 0.337374 -0.898688
-0.727271 -0.116224 0.363893
0.381818 -0.328031 -0.740613
-0.0965887 -0.489196 -0.701705
-0.641332 -0.236832 -0.543123
0.897543 -0.129204 -0.267526
0.0688672 0.014968 0.832226
0.890448 -0.255379 -0.0643461
0.670167 -0.298401 -0.515538
-0.690561 -0.246953 -0.422024
-0.408434 0.305109 0.607513
-0.137821 0.71563 0.274513
-0.251486 -0.430568 0.688773
0.0314646 0.289562 0.738859
-0.286122 -0.128691 0.793167
0.13585 -0.591679 -0.639953
-0.690302 0.35818 0.178285
0.935342 -0.134976 -0.080154
0.347936 -0.293333 -0.776296
0.573556 -0.567537 -0.380586
0.0766714 0.0508567 -0.893134
-0.746074 -0.128403 -0.264378
-0.30811 0.828929 0.0349896
-0.238474 -0.610397 0.550384
-0.453341 0.553338 -0.634068
0.846253 0.264051 -0.187731
0.840572 -0.28695 0.0356246
0.330782 -0.274256 0.623506
0.495006 0.0420208 -0.781838
-0.713683 -0.426665 0.203641
-0.217499 0.612365 0.393477
-0.547442 0.643667 -0.185012
0.742717 0.240459 0.150169
-0.110791 -0.75319 0.370713
0.270605 0.10766 0.755375
0.0402837 -0.150349 0.798673
-0.614195 0.262553 0.458869
-0.710272 -0.324125 -0.312548
-0.0412164 0.782542 0.196794
-0.486482 0.654514 -0.413109
-0.151544 0.674681 0.326553
0.702638 -0.137294 0.351322
-0.732975 0.246641 -0.175442
0.158105 0.645038 -0.687613
-0.621925 0.0831768 0.524654
0.114611 0.124116 0.797463
-0.638212 0.464065 -0.241939
-0.19315 0.658966 -0.699578
-0.149532 -0.713606 -0.355966
-0.7583 -0.168581 0.249844
-0.527334 -0.666281 0.191136
-0.13315 -0.625728 -0.571445
0.0866284 0.809395 0.119138
0.429324 -0.230203 0.589275
0.268831 0.667047 0.2318
0.631781 0.431987 -0.487602
-0.697968 0.336405 -0.168695
0.290854 0.241473 -0.858272
0.0893925 -0.673898 -0.468074
-0.782324 -0.146185 -0.106806
0.713873 -0.246068 -0.480582
-0.112663 0.914543 -0.239554
0.195592 -0.809893 -0.0620278
0.345149 -0.152873 -0.812264
0.349715 -0.76603 -0.0903422
0.38839 0.431662 -0.717077
0.951767 -0.0357492 -0.185832
0.785933 0.0107407 0.220657
-0.729562 0.000503095 0.397084
0.376474 0.641133 -0.517317
-0.214525 0.712034 -0.624489
0.41304 0.420676 -0.704792
-0.137328 0.013128 0.824726
-0.531696 -0.432392 -0.527675
0.552492 0.606195 -0.247512
-0.0903687 -0.69607 -0.403672
0.47792 -0.338957 -0.658278
-0.521563 0.631435 -0.376801
-0.791173 0.0881539 -0.0273317
0.581739 0.0822482 0.459245
-0.790045 0.117311 -0.0479022
-0.549818 -0.0779006 -0.720035
-0.503914 -0.67599 -0.228588
0.591062 -0.0909649 0.48191
-0.603284 -0.124655 0.549391
0.0701552 -0.765268 0.279175
0.353334 0.098916 -0.847259
-0.729764 0.173917 -0.279314
-0.384453 -0.684169 -0.377607
-0.728895 -0.34283 -0.227937
-0.726935 0.297551 0.0602616
0.48996 0.670616 -0.221779
0.900437 0.0740155 0.0106823
0.708817 0.244547 -0.521936
-0.79277 -0.00453846 0.0949033
0.604173 0.409486 -0.538466
-0.476712 -0.737597 0.00869233
0.656248 0.440005 0.0785206
-0.0167895 0.444815 -0.856199
-0.483585 0.609038 -0.531882
0.272671 -0.0327784 -0.855366
0.655621 -0.484703 0.171499
-0.301248 -0.771766 -0.0953038
-0.246104 -0.478967 -0.66531
-0.0843691 -0.828635 0.188842
-0.573962 -0.342414 -0.544512
-0.270077 -0.111726 -0.787631
0.0461435 -0.624629 0.482682
-0.728825 -0.0322699 0.393782
0.724361 0.134412 -0.551264
-0.46456 -0.409645 0.581623
0.403127 -0.718257 -0.282791
0.653371 -0.509794 0.147352
0.00906186 -0.767868 0.295004
0.776788 0.23994 0.0933381
-0.657358 0.0020351 -0.659769
0.657329 -0.00542488 0.395536
0.831352 0.276948 -0.0997044
0.624397 0.102546 0.403408
-0.0765265 0.687089 0.328079
0.196581 0.873434 -0.125956
-0.440266 -0.717511 -0.191713
-0.0983419 -0.743063 0.389159
-0.247401 0.535078 0.481376
0.365314 -0.755852 -0.0413612
-0.290691 0.528386 -0.76096
-0.41719 0.770541 0.0377815
-0.612756 0.591137 0.0816474
0.778399 0.245766 0.0854755
-0.421892 0.395472 0.539615
0.17571 -0.790009 0.114195
-0.187864 0.727613 0.245579
0.122204 0.546628 -0.769325
-0.131466 0.883572 -0.345239
0.102338 -0.276677 -0.808856
-0.693538 0.282369 -0.340808
0.484458 -0.553392 0.279206
0.525475 0.616997 -0.0411209
0.361987 0.481675 -0.705584
0.169596 -0.23919 0.705948
0.313671 0.57745 -0.68157
0.755633 0.25181 -0.447803
0.0727266 0.478332 0.543211
0.284811 -0.383351 0.586958
0.848191 0.21879 -0.293325
0.523684 0.30321 -0.681475
0.72629 0.085423 -0.571831
-0.390043 0.13646 -0.791256
0.291349 0.237465 -0.859489
0.00294253 -0.793983 -0.137262
0.417959 0.188921 0.613595
-0.591895 0.0971559 -0.723688
-0.508314 -0.333827 0.577802
0.154827 0.804293 -0.488263
-0.536015 0.0444963 -0.7375
-0.67405 -0.0793678 -0.561412
0.220577 -0.133209 0.738944
0.685364 -0.0274568 0.364074
-0.0767714 -0.100762 0.84482
-0.372364 -0.577816 0.504287
0.474762 0.32878 0.497823
-0.216438 0.863544 -0.317762
0.743877 0.203195 0.181187
0.850885 -0.318103 -0.205069
0.153146 0.340083 -0.898359
-0.372547 0.732081 0.182812
0.601113 -0.549807 0.159968
-0.631404 0.522103 -0.106068
-0.180487 -0.636877 0.539147
0.365388 0.65345 -0.508697
-0.358355 -0.22796 0.73235
-0.53468 0.246773 -0.729662
0.45919 -0.161695 0.585499
0.0760378 -0.824945 0.101608
0.333135 0.340811 -0.79217
-0.795425 0.0312122 -0.0458095
-0.33546 0.728494 0.200976
-0.190198 -0.467692 0.672797
0.205345 -0.176199 -0.831404
0.669463 -0.485991 0.152061
-0.272883 0.348158 -0.815181
-0.117156 -0.212342 0.81791
-0.158882 -0.812622 -0.0408302
-0.162551 -0.638674 -0.5414
-0.560543 0.0561753 -0.731422
-0.753716 0.0488267 0.304038
0.296494 0.199528 -0.870193
-0.286912 -0.817137 0.219623
0.639565 -0.459027 0.21644
0.0695468 -0.302489 -0.800269
-0.584779 -0.63339 0.152228
-0.24907 0.607288 0.38999
-0.0974462 0.3482 0.681486
0.558411 -0.663755 -0.171736
-0.276966 -0.664633 -0.469166
-0.751923 -0.377533 0.142375
0.417147 -0.520875 0.395906
0.663459 0.492448 -0.0578711
-0.478503 0.684825 -0.325173
-0.662278 -0.262557 -0.491311
0.484706 0.662707 -0.089786
-0.780469 -0.292407 -0.0319108
0.474842 -0.696516 -0.257205
-0.759652 -0.31935 -0.107294
-0.719824 0.139537 -0.351183
0.752359 -0.440606 0.0490775
0.651608 0.502341 -0.212532
-0.0750837 -0.482078 -0.712288
0.682033 -0.310486 -0.495067
0.940092 0.00135973 -0.211452
0.402685 0.0486785 0.652758
-0.214242 -0.108419 0.819263
-0.12613 -0.477424 -0.700586
0.478359 0.127944 0.562001
0.778147 -0.328831 -0.351431
-0.384898 0.719291 -0.424658
-0.46689 0.223373 0.617066
-0.645773 0.395749 0.269819
-0.169545 -0.750846 0.396721
-0.644515 -0.45405 0.326054
0.559386 0.341069 0.360113
0.360857 -0.123172 -0.811076
-0.33246 0.776298 -0.371084
-0.560671 0.663576 -0.0183145
0.765007 0.121527 -0.496098
-0.764937 0.0101643 -0.237747
-0.625654 0.483987 0.212436
-0.772163 -0.259075 -0.0870029
-0.517068 -0.291545 -0.635543
0.835598 0.243243 -0.0084732
-0.718668 0.138201 0.329141
-0.689632 -0.420954 0.283547
0.156 0.87951 -0.214309
0.785991 -0.427174 -0.0698813
-0.574632 -0.128597 -0.687219
-0.758684 0.207511 0.030451
0.458364 -0.542788 0.322447
0.756518 0.374837 -0.0503429
0.579786 0.235795 0.418354
-0.569287 0.632869 0.0939688
0.398707 0.380768 0.526477
0.785606 -0.407254 0.00517823
-0.540866 0.671903 -0.0761587
-0.676649 0.350353 -0.299593
0.233177 -0.409888 -0.753083
-0.302452 -0.81161 0.208197
0.765395 -0.0999068 0.266681
0.100951 -0.363765 -0.776936
-0.506882 -0.701192 -0.107841
-0.071788 0.903179 -0.0150983
0.664941 0.0823958 0.356587
-0.243805 0.0455047 0.796196
-0.209252 -0.120897 -0.8019
-0.00737033 -0.759819 0.319211
0.747686 0.303431 0.0797812
-0.38725 0.234934 0.659625
-0.751678 0.0168259 -0.293189
-0.777901 0.14555 0.0268278
0.281475 0.249692 0.675794
-0.509144 -0.690141 -0.1632
0.754338 -0.471896 -0.0743907
0.474788 -0.296324 -0.692864
-0.417383 0.20023 -0.777154
0.112955 -0.226763 -0.826885
-0.667424 0.344446 0.275912
0.947523 -0.0458553 -0.0997047
0.603653 0.49079 0.100359
-0.560143 -0.614473 -0.268199
0.563783 -0.521491 0.233662
0.815533 -0.374282 -0.158344
0.515997 -0.249961 0.507782
0.400004 0.711207 0.0214555
-0.0246801 0.250936 -0.913205
0.190954 0.862196 -0.226448
0.0935594 0.607745 0.393386
-0.11833 0.911056 -0.0209213
0.180986 0.200031 -0.929205
0.0585663 0.673694 -0.679348
-0.773803 -0.258605 0.146007
0.149461 0.876232 -0.252534
0.491305 0.0411446 0.567734
-0.128319 0.862574 0.0779763
0.393226 0.689242 -0.386698
0.882535 0.0606133 -0.347927
0.319299 -0.310372 0.609928
0.413335 -0.164715 -0.78464
-0.692902 -0.0246309 -0.514455
-0.198156 0.852084 -0.376672
-0.24608 -0.726989 -0.301344
-0.069623 -0.767395 -0.206373
-0.145362 -0.84858 0.126296
-0.291012 0.775375 -0.443068
-0.0139539 0.765948 0.219548
-0.0176116 0.923062 -0.216555
-0.104641 -0.660866 0.500024
0.462268 0.603949 0.156315
-0.237099 0.71402 0.250284
-0.451294 0.624056 -0.549728
-0.435666 0.726361 0.141312
0.49092 -0.442522 -0.56972
0.241703 0.852232 -0.113806
0.278626 -0.331611 0.615544
-0.123266 -0.179236 0.825567
0.507785 -0.299166 -0.66528
-0.712042 -0.0333367 -0.436522
-0.262861 0.186718 -0.834839
0.536494 0.611016 -0.30648
-0.142325 0.667461 0.338569
-0.352673 -0.602083 -0.512992
0.814446 0.290638 -0.303991
0.522253 0.0276427 0.537257
0.303248 -0.782198 -0.108697
-0.591602 0.567349 -0.274842
0.363293 0.258173 0.632988
-0.378081 -0.638743 -0.448957
-0.0427488 -0.578896 -0.660205
-0.631119 0.25618 -0.646984
0.131382 0.660034 -0.679707
-0.749112 -0.201546 0.262599
-0.0519098 0.249005 0.759438
-0.443462 -0.310226 -0.677814
-0.0167416 -0.809152 0.209606
-0.611979 0.535816 -0.222015
-0.779807 -0.18098 -0.0980262
-0.766455 -0.241013 -0.122114
0.0446948 0.274953 0.751319
0.907567 0.0568122 -0.00336031
-0.427613 0.735409 -0.311722
0.189088 -0.799943 0.0452272
-0.141273 -0.0609698 -0.829889
0.236054 0.8139 0.0437102
-0.00373844 0.904136 -0.319517
0.620582 0.54257 -0.1609
0.31619 -0.681771 -0.409322
0.0790767 -0.794699 -0.146676
-0.136863 0.320934 0.702108
-0.669935 0.450302 0.0932378
-0.715023 0.283319 -0.202999
0.921167 -0.044821 -0.279311
-0.378034 -0.211631 0.719845
-0.121829 -0.424241 -0.728218
0.704053 -0.109359 -0.558562
0.772928 -0.123155 0.255113
-0.132429 0.00734395 -0.843915
0.626986 -0.590784 -0.292363
0.206837 0.466484 -0.811981
-0.692921 -0.0447955 -0.505877
0.357367 0.776526 -0.144557
-0.251296 -0.104168 -0.793819
-0.691163 0.335912 -0.226867
0.104373 -0.748267 -0.287051
-0.362675 -0.291766 0.712263
0.362618 -0.669694 0.23578
0.656444 0.1377 -0.642274
-0.555179 0.469369 0.346327
0.151495 -0.624072 -0.578272
-0.601848 0.338066 0.407564
-0.334004 -0.81276 0.116185
-0.536347 -0.540466 0.377624
0.399369 -0.248598 0.604411
0.662211 -0.471298 -0.416332
0.518821 0.626168 -0.0568802
-0.086535 0.553633 -0.793004
-0.00819648 0.92796 -0.132028
0.170877 0.706397 -0.635583
0.277363 -0.733264 0.191678
0.0386149 0.516714 0.509936
0.334451 0.789726 -0.155377
-0.716791 0.285911 -0.179705
-0.510117 -0.712618 -0.0324978
-0.574155 0.464794 -0.597333
-0.671124 0.380746 0.222819
-0.652893 -0.167736 -0.566402
-0.178147 0.553406 0.4841
0.77477 -0.179977 -0.426061
-0.477115 -0.712806 -0.132133
-0.657999 -0.449514 0.310817
0.147734 0.815443 0.0908478
-0.763911 -0.326142 0.147538
-0.00766365 0.0636128 -0.886067
-0.49793 -0.00552438 -0.743465
-0.534435 0.65007 -0.218305
0.684759 -0.35138 0.263485
0.6317 0.130274 -0.664555
0.438016 -0.628064 -0.418376
0.396296 -0.0562523 0.660515
-0.535711 -0.554431 -0.392827
0.301988 0.33873 0.609165
-0.568334 -0.479922 -0.441627
0.421394 -0.156885 0.617847
0.494209 0.448444 0.319132
-0.552851 0.304062 0.504937
0.201324 0.831118 -0.385722
0.833746 -0.19973 -0.333936
0.483138 -0.410602 -0.600191
-0.28491 0.803963 0.115104
-0.33831 0.844133 -0.062246
0.412837 -0.741551 -0.0432214
0.69208 -0.0693343 0.359043
-0.108544 0.120415 -0.869538
0.349462 0.00417973 -0.8356
0.0955184 0.191219 -0.922826
0.213278 0.466461 -0.808154
-0.0904821 -0.295463 0.781986
-0.242443 0.696523 0.272504
-0.560152 0.585022 -0.41586
0.0482675 -0.677542 -0.459287
0.862976 -0.264559 -0.000833172
0.129585 0.0873292 -0.905052
0.166212 -0.408258 -0.758849
-0.348471 0.715814 0.212723
-0.58513 0.526621 0.227129
0.869679 -0.133828 0.0968599
-0.623248 -0.529679 -0.320633
-0.00332687 0.756401 0.233525
-0.0385204 0.281937 -0.907401
-0.0984161 0.453428 0.583212
0.436571 0.501587 0.33429
0.498628 -0.0206255 0.573861
0.102574 0.104581 -0.906135
-0.0721962 0.862219 0.0665136
0.501443 0.196075 0.521461
0.785871 0.0448123 0.209521
-0.660997 0.406203 0.229317
0.0561666 -0.126321 -0.855721
-0.489248 -0.19363 0.630064
-0.295551 0.668952 -0.631203
0.204077 0.694251 -0.635885
0.64447 0.364448 0.189134
-0.140858 0.882707 0.0470989
-0.779106 0.0729199 0.159491
0.141158 -0.736006 -0.320093
-0.623218 0.239759 0.462775
0.472988 0.642683 0.0477736
0.205347 0.0728789 0.78634
0.27059 0.545804 -0.726592
0.109522 0.484462 -0.818034
0.615355 0.44602 0.139934
-0.0319002 -0.248021 -0.817956
0.129954 -0.359076 -0.777874
0.22426 0.567953 0.378525
0.844202 0.248773 -0.267896
0.611578 0.361646 0.248422
-0.374423 0.758371 -0.345105
-0.288999 -0.722357 0.398851
-0.0876968 0.469878 0.566017
0.0479304 0.867075 0.0283887
0.0685467 0.816082 0.111976
-0.789112 -0.257068 0.0301995
0.468766 -0.718529 0.00703512
0.517182 -0.695766 -0.0414218
-0.354962 0.297182 -0.790284
0.697434 -0.183829 -0.532897
-0.585207 -0.302111 -0.559544
-0.347902 0.0605992 -0.795623
0.0770185 -0.11387 -0.860201
0.33965 -0.319075 0.597365
0.867613 -0.306649 -0.101482
0.793948 0.324894 -0.0600583
-0.10821 0.146177 -0.874046
-0.732039 -0.261322 -0.259356
0.596426 0.349755 0.287688
0.452569 0.572472 -0.530708
0.562119 0.440609 0.228244
0.176277 0.261341 -0.923777
-0.158589 -0.688565 -0.417686
0.809349 0.0488854 0.177224
0.181324 0.851371 -0.338475
-0.146686 0.772791 0.195032
0.281365 -0.73312 0.188329
-0.540725 -0.514367 0.403384
0.251557 0.841183 -0.156914
-0.64012 0.529317 0.104181
0.0647005 -0.819166 -0.0707423
0.243647 -0.735452 0.215748
-0.735871 0.0648452 -0.333091
0.103978 -0.584918 -0.652926
-0.218467 0.399785 -0.825367
-0.162734 -0.518246 -0.664694
0.732819 -0.0153403 0.298494
0.319537 -0.669877 -0.430391
0.756287 0.205375 -0.469072
0.0927293 -0.106614 0.798765
-0.311725 -0.791736 -0.00520696
-0.560815 -0.596529 -0.305456
0.312568 -0.465444 0.525327
-0.570165 0.657382 0.0383173
0.779408 -0.212294 -0.404373
-0.229099 -0.556651 0.59976
0.208609 -0.811677 -0.115191
0.0740942 0.0370316 -0.890147
-0.581269 -0.641241 0.131992
-0.661347 -0.00857333 -0.641721
-0.686692 0.334016 -0.270307
-0.445104 -0.576305 -0.4559
-0.636451 0.353389 0.329646
-0.474635 -0.480327 0.52006
0.011105 -0.495217 0.603358
-0.608341 -0.307232 -0.529848
-0.401769 0.131806 0.711219
0.404086 -0.472453 0.459812
-0.61643 0.333735 0.385689
-0.658201 -0.189781 -0.542906
-0.0822704 -0.0323956 -0.85016
-0.788703 -0.114784 0.142437
-0.0782244 -0.50757 0.618832
0.937448 0.0088723 -0.233599
-0.106447 0.219425 0.759911
-0.118646 0.0632475 -0.857098
0.715235 -0.391318 -0.410474
0.68319 0.233571 -0.561363
-0.0625349 -0.837157 0.161643
-0.620115 -0.266459 0.494402
-0.0355698 0.561583 -0.779822
0.799749 -0.0337014 -0.459646
0.755121 -0.0511663 -0.514142
0.945887 -0.177665 -0.141625
-0.160117 0.68759 0.306999
-0.35532 -0.798799 0.153715
0.283726 -0.031962 0.752949
0.327657 0.490661 -0.724548
-0.772293 -0.0304701 -0.203962
0.672791 -0.482575 0.150426
-0.409764 -0.762661 0.153434
-0.629041 0.366337 -0.552229
0.307165 0.682461 0.193386
-0.555928 0.244721 -0.722047
0.201546 0.223374 -0.922071
-0.644926 0.41055 -0.363595
-0.640133 -0.597172 0.0626085
0.0718264 -0.722605 0.356366
-0.632406 -0.491457 0.292651
0.38263 0.734481 -0.0166248
-0.390591 0.00620456 -0.776478
-0.686708 -0.395852 -0.364043
0.349274 -0.303204 0.601168
-0.619977 -0.550646 -0.293348
-0.459429 0.669183 -0.422835
0.0640452 -0.699161 0.391648
0.484964 -0.121114 -0.764479
0.757478 0.0558029 -0.53667
-0.595072 -0.142246 -0.656248
0.227349 -0.308513 0.647786
-0.738 0.0379075 0.351931
0.497836 0.654291 -0.105574
-0.192825 0.049186 0.809489
-0.616725 -0.0733233 0.545358
0.215637 0.824469 0.0409575
-0.557861 0.623758 -0.232651
0.384818 -0.303494 -0.756817
0.379384 0.471685 -0.698356
-0.269039 0.839288 0.0614559
0.511914 -0.123686 0.551316
0.0784048 0.774177 -0.56088
-0.624963 -0.114475 0.533252
-0.232489 0.209258 -0.843795
-0.0907128 0.886583 0.0287181
0.15 -0.287155 -0.803725
0.110543 -0.601568 -0.622814
-0.320388 -0.813302 0.173987
-0.527911 -0.462923 -0.505121
-0.0251707 0.810192 0.145374
0.830383 -0.192788 -0.34192
0.178321 -0.810039 -0.0151903
0.833059 -0.0852281 0.177672
-0.385312 0.760457 0.125228
0.181247 -0.444683 -0.73797
-0.42007 -0.748767 -0.0852665
0.582184 -0.147351 0.477917
-0.691087 0.354766 -0.164987
0.441455 0.0211304 0.620844
-0.190259 0.585614 -0.771707
-0.18743 0.879479 -0.316001
0.0748556 -0.611109 0.48611
-0.5942 0.385702 0.372956
0.817969 0.168439 -0.393687
-0.634809 0.225954 -0.655384
0.2866 -0.467398 -0.698539
-0.71656 0.162266 -0.347021
-0.17534 -0.628497 -0.557443
0.927503 0.042506 -0.218354
0.238125 -0.00299656 -0.869354
-0.148006 0.184052 0.766552
-0.54425 0.612098 0.173576
0.608746 -0.460998 0.24831
-0.708071 0.211944 0.283552
0.37181 0.397732 0.518662
-0.642047 -0.564255 -0.208036
-0.656041 0.280636 -0.515699
-0.607544 0.21378 -0.705836
-0.719838 -0.498984 -0.0285887
-0.754221 -0.340592 0.171797
0.258246 -0.753043 -0.283433
-0.677032 0.416065 -0.0785219
0.222982 -0.416701 -0.750126
-0.102946 -0.851038 0.14399
0.230757 0.472981 -0.794067
-0.168076 -0.740242 -0.273253
-0.734172 0.212669 -0.226508
-0.64543 0.477106 -0.138719
0.235531 0.229117 0.705418
0.553176 0.378791 0.321278
-0.00596821 0.702486 -0.65379
-0.201342 -0.389578 0.726312
0.417551 0.619177 0.198499
0.0403826 -0.602398 -0.624182
0.896306 -0.0805579 0.0852023
-0.253688 0.281156 0.691904
-0.787346 0.15008 -0.0438246
-0.411083 -0.457995 -0.615502
-0.563623 -0.259635 0.54931
-0.647558 -0.59631 -0.0507015
-0.339405 -0.582389 -0.544879
0.872295 -0.265476 -0.0255177
-0.693901 -0.33067 0.366468
-0.730351 0.293674 0.0416778
0.0336806 -0.153235 -0.848183
-0.312315 0.0920844 -0.809715
0.752623 0.384722 -0.0960863
0.370569 0.354083 0.565014
0.281677 0.415045 0.542095
-0.505059 -0.136047 0.631348
0.662435 0.352572 0.171489
0.297819 0.813102 -0.161873
0.118301 -0.676949 0.399529
-0.335253 -0.0139155 -0.787439
0.483874 -0.429689 -0.585072
-0.576927 0.439614 -0.61644
-0.607928 0.288454 0.447005
-0.120197 -0.491235 0.64355
0.278616 -0.67667 0.303494
0.0737954 0.136205 0.804925
0.491445 0.185053 -0.751013
0.193667 0.439615 0.555082
-0.435991 0.63162 0.277207
0.199862 0.182498 -0.920469
0.757723 -0.0441757 -0.513769
0.560798 -0.318463 0.434464
0.291981 0.510619 0.416978
-0.590489 0.586815 -0.218214
0.367935 -0.687077 0.204595
-0.0916439 -0.84981 0.0581767
0.611148 -0.413661 0.295897
0.799549 0.310865 -0.322974
0.551615 0.0619821 0.49713
-0.650828 0.498014 0.124935
0.817674 -0.351651 0.00946806
-0.258705 -0.564719 0.584579
-0.566237 0.397989 0.406297
0.701764 -0.528326 -0.206341
0.389512 0.532701 0.340395
-0.20917 0.348421 -0.83843
0.709469 0.282427 0.167742
-0.0701157 0.518925 0.515615
-0.711317 0.092791 0.38799
-0.26758 -0.825231 0.115589
-0.586065 -0.369552 -0.509845
-0.137965 0.45899 -0.839967
0.288018 -0.685417 0.282666
-0.578031 -0.0902199 -0.707298
0.64975 -0.593173 -0.0828356
0.144668 -0.0566777 0.799164
0.851022 0.0096009 0.134304
-0.633006 0.517729 -0.107256
0.00914094 0.91682 -0.21497
0.0462817 -0.842603 0.00270331
0.72953 0.0180312 -0.573436
-0.710169 0.310252 -0.154024
-0.184086 -0.754389 -0.228179
-0.595961 0.489861 0.255621
-0.506406 0.232458 0.584883
0.376849 -0.727379 0.11549
-0.362287 0.0533043 -0.790518
0.194014 0.718005 0.204834
0.148789 -0.584041 0.487062
0.827303 -0.345358 -0.0183045
-0.332954 -0.493342 0.596137
0.871742 -0.155322 -0.297584
-0.61975 0.55324 0.124759
-0.197428 -0.430174 0.702222
-0.607752 -0.0900723 0.553026
0.544936 0.341272 -0.649288
-0.520782 0.697161 0.0335291
0.403992 -0.503083 -0.589196
0.821422 -0.211533 -0.345708
0.137173 0.291144 0.70651
-0.0568029 0.858626 0.0689585
-0.223007 0.31873 -0.836337
-0.557587 -0.20804 0.567652
0.885646 0.0544301 -0.346194
0.917807 -0.0454751 -0.285011
-0.190372 -0.241091 -0.777098
-0.528284 -0.0484358 0.633576
-0.493974 0.690577 0.117283
0.34632 0.539561 0.353425
0.233465 0.576736 0.362912
-0.789987 -0.151318 0.0839542
-0.779526 0.12176 0.0623845
0.431956 0.555703 0.266857
0.518116 0.131111 -0.750296
-0.612221 0.543087 -0.195888
0.253328 -0.351366 -0.777374
-0.0376933 0.73859 -0.603938
0.0815743 -0.184115 0.769076
-0.594665 -0.393946 -0.481388
-0.520273 0.0240226 -0.739988
0.124991 -0.782473 -0.190508
0.370769 0.753298 -0.0559968
0.747764 -0.413088 -0.354555
-0.294238 -0.457543 -0.664885
0.399901 -0.347759 -0.711785
-0.319621 -0.782308 -0.0375645
0.672052 -0.0433745 -0.634498
0.608372 -0.297592 0.390621
-0.598818 0.196327 0.523146
-0.343387 0.783915 -0.333776
0.0949727 -0.226977 -0.827292
-0.113618 0.327079 0.698825
-0.585536 0.645721 0.0363049
0.165611 0.866568 0.000194407
-0.522064 0.371185 0.480802
-0.113268 0.811566 -0.496878
-0.66073 -0.54929 0.107374
-0.769216 0.14901 0.0759078
0.0782767 -0.829441 0.0835742
0.445546 0.693146 -0.0749877
-0.417091 0.367819 0.566568
0.17373 0.21454 -0.933883
-0.375318 0.794112 0.0399172
0.0945835 -0.0779485 -0.868969
-0.490908 0.608596 0.256135
-0.638799 0.423141 0.25456
-0.499408 0.451756 0.426762
0.073687 0.653749 -0.692747
0.0107035 0.717226 -0.63466
-0.532506 0.441615 -0.65659
-0.251183 0.6337 0.354885
0.427848 0.402753 0.469494
0.307809 0.371874 0.583183
-0.228746 -0.826571 0.0716828
-0.37645 -0.724089 0.313191
-0.228701 0.523939 0.502844
-0.358254 0.365329 0.597152
0.688165 0.387327 -0.468695
-0.705552 0.186477 -0.375786
0.553359 0.292551 -0.665606
-0.672236 -0.168915 -0.526719
0.472544 -0.71697 0.00869192
0.551482 -0.372524 0.400914
0.616812 -0.463553 0.23671
-0.709384 -0.518282 -0.0710035
0.454784 -0.667052 0.145754
-0.584454 -0.161123 -0.654919
0.493253 -0.632084 -0.363528
-0.0657252 0.595776 0.435495
-0.376216 -0.155132 -0.750682
-0.793221 -0.0442105 0.0704866
0.0266998 -0.627176 0.487079
0.0329869 0.88185 -0.384145
0.914549 0.0872117 -0.182134
0.606524 0.509616 -0.396675
-0.257557 -0.551107 -0.613217
-0.68878 -0.426244 0.275415
0.18299 0.461559 0.532792
-0.0690297 -0.364255 0.729177
0.0974614 -0.401877 0.64856
-0.721709 0.0912229 -0.379717
0.0218633 0.864727 -0.43427
0.358216 -0.114009 -0.81353
0.729219 0.351927 0.0559532
-0.48581 -0.493044 0.498004
0.0903003 0.318738 0.70059
-0.0430881 -0.81071 -0.079844
-0.526623 0.596426 0.229271
0.763952 0.182121 0.166077
0.5539 0.345181 0.363252
0.362045 -0.447934 -0.664096
0.294273 0.78948 0.0175821
-0.640852 -0.597824 0.0562105
0.6111 -0.0407045 -0.718469
-0.727597 -0.448996 0.119433
0.210655 0.314781 -0.881423
0.735933 0.169125 0.224688
-0.697793 -0.0603355 -0.480417
0.641993 0.277208 0.28702
-0.5182 -0.662181 0.218476
0.149484 -0.75008 0.25461
0.264931 0.806906 -0.296715
-0.342969 -0.669237 -0.442155
-0.605352 0.469528 -0.496867
0.262872 -0.733724 -0.326858
0.40108 -0.0587378 -0.806096
-0.61742 0.434625 -0.512322
-0.068588 0.783372 -0.540313
-0.721848 0.158852 -0.326502
-0.445784 0.161141 -0.770679
0.56449 0.311374 -0.649254
-0.698092 0.199551 0.331642
0.187122 -0.813682 -0.0731218
-0.464343 -0.587546 0.422508
-0.555156 0.0863367 0.605137
0.0755523 0.876747 0.00474276
0.566177 -0.627801 0.0771357
-0.0567804 -0.68641 -0.430021
-0.698756 0.207795 -0.388341
0.359991 0.560236 0.320628
-0.704733 -0.320601 -0.334898
0.159954 -0.616687 -0.592976
0.0737342 0.101488 -0.902993
-0.532089 0.612867 -0.417157
-0.327678 0.812854 -0.288237
-0.564776 -0.543916 0.327113
0.00180639 0.0761068 0.824056
0.15947 0.727018 -0.620025
0.374046 0.661658 0.186291
0.79903 0.290316 0.0061871
0.366054 0.218367 0.656974
0.0692453 0.739604 0.239506
0.400566 -0.497068 -0.596485
0.71027 -0.102255 -0.553163
0.547603 -0.331577 0.439439
-0.659015 -0.301707 0.428748
-0.466655 0.748717 -0.0104036
-0.239321 -0.0406461 0.807072
0.546674 0.355953 -0.641385
-0.702895 -0.403075 -0.30357
-0.16217 -0.7415 -0.270359
-0.392848 -0.398813 0.63023
-0.0759715 -0.435143 -0.736418
0.943871 -0.130182 -0.112656
-0.448059 -0.0432549 -0.753023
-0.651921 -0.312088 0.433185
0.776084 -0.435335 -0.119787
0.0546637 -0.0141585 0.834948
-0.00823914 -0.513241 -0.711292
-0.432353 0.285841 -0.763144
-0.73329 -0.315003 0.254408
-0.627133 -0.608393 0.0709879
0.704821 -0.536304 -0.061971
-0.684789 -0.548789 0.0329771
-0.0342182 -0.731388 0.382297
0.622146 0.474128 0.0934979
0.485968 -0.39829 -0.6073
-0.733662 0.256092 -0.13839
0.0875009 -0.775644 -0.205395
-0.064604 0.572827 -0.775151
-0.188119 0.413855 0.614187
-0.615782 -0.56185 0.212672
-0.166403 0.564468 0.472004
-0.472768 0.129777 -0.763951
-0.546429 -0.116158 -0.712971
-0.592626 0.587901 0.123123
-0.105243 0.274369 -0.883782
0.318506 0.132933 -0.865954
0.15676 0.446407 0.562368
0.0195164 0.916012 -0.201267
0.0965379 -0.327758 0.6906
-0.13412 0.654624 0.357935
-0.137837 0.041077 -0.848295
-0.251103 -0.646801 -0.50775
0.514967 -0.417002 -0.570823
-0.435469 -0.411257 -0.628879
-0.686809 0.274224 0.287375
0.0461877 0.273377 0.751675
-0.639029 0.277637 0.401952
-0.536155 0.495615 -0.606569
-0.38502 -0.45361 -0.636881
-0.0403028 0.0941077 0.816386
0.497363 0.65253 -0.0934208
0.649704 0.325713 0.222999
0.797859 0.291706 0.00657923
0.829501 0.125167 -0.397023
0.672929 0.482399 -0.182455
-0.231761 0.537041 -0.786633
0.136107 0.622068 -0.708608
0.565347 -0.659765 -0.0667889
-0.762034 -0.301447 -0.107078
-0.415996 0.452394 -0.743033
0.0416171 0.641616 -0.706724
-0.265952 0.0612017 -0.818379
-0.456379 0.0965433 -0.767031
-0.237198 -0.34885 0.741763
0.302655 -0.465131 0.529545
-0.354 0.785215 -0.312701
0.138678 0.78109 -0.537997
0.096236 -0.816011 0.109838
-0.690555 0.402021 0.0319815
0.928721 -0.0295099 -0.275493
-0.680815 0.417282 0.124556
-0.298748 0.862908 -0.180653
-0.730713 -0.0703182 0.373023
0.0435916 -0.141879 0.801015
-0.615139 -0.178818 0.525368
-0.703523 0.347679 0.113696
-0.103545 0.521217 -0.818292
-0.505272 0.715097 -0.0369203
-0.692335 0.246346 0.299383
0.0938503 0.251068 -0.934638
-0.159673 -0.291925 0.792026
-0.107916 0.322627 0.703346
-0.215494 0.57858 0.439533
0.572819 0.502901 0.131918
0.574534 0.144567 -0.703657
0.00663021 -0.0540529 0.84093
-0.778104 0.166442 -0.0148578
0.807242 -0.244668 -0.350071
-0.751926 -0.189257 -0.213911
0.191402 0.607733 -0.709107
0.576788 0.146051 0.450111
0.77516 -0.234548 0.188111
0.284424 0.253441 0.672465
0.186015 0.392834 0.611621
-0.162685 0.750619 -0.5768
-0.459356 -0.609798 -0.403426
0.347334 0.594903 0.283458
0.267291 -0.19328 -0.818115
0.664782 0.38479 -0.496283
-0.189356 -0.664546 -0.47538
0.578555 0.320325 0.350152
-0.742547 -0.237913 0.264896
-0.0149901 0.883806 0.0148384
0.797434 0.308023 -0.0129485
0.646834 0.302508 0.25295
-0.481436 -0.717075 0.14202
0.836328 -0.344707 -0.0589843
-0.119714 -0.441061 0.682953
0.147352 0.318865 0.686336
0.46561 -0.326789 -0.67695
0.457869 0.319412 -0.72006
-0.441433 0.0480625 0.718982
-0.600195 0.274311 0.469792
-0.212834 0.696486 -0.645777
0.383403 -0.75278 -0.20265
0.127146 0.0878728 0.803407
-0.590258 -0.238739 0.531617
-0.0352885 0.642545 -0.716858
-0.617003 0.274659 -0.694123
0.630318 0.221783 -0.632035
-0.558118 -0.612705 -0.277349
-0.192299 0.559107 0.472657
-0.685038 -0.273145 -0.430549
-0.0288424 -0.135405 -0.845815
0.00547217 -0.236717 -0.82344
0.0742921 -0.108157 -0.861088
0.247931 -0.334574 0.626374
0.543241 0.47045 -0.546986
-0.309692 -0.744064 -0.202069
0.432685 0.693221 -0.296944
-0.747427 -0.255867 0.239261
0.0192612 -0.341377 -0.787167
-0.0296232 0.427515 0.605142
0.0730483 0.349199 0.672679
0.158583 -0.804767 -0.128416
0.359119 0.756854 -0.0264626
-0.125578 0.588945 0.444448
0.145896 0.741692 0.198761
0.77598 0.162183 -0.460053
0.445737 -0.227402 0.576783
-0.375329 -0.70189 -0.319704
0.287884 0.772765 -0.376895
0.379194 -0.53735 0.414805
0.0248291 -0.0968806 -0.858647
0.784142 -0.112618 -0.44452
-0.474988 0.704355 -0.244679
0.0790264 0.905952 -0.10104
-0.467874 -0.545568 -0.469131
0.359157 0.448467 -0.729212
0.358977 -0.438963 0.524633
-0.629359 -0.520764 -0.325541
-0.39078 0.646851 0.284207
0.484127 -0.014224 0.586208
-0.386288 0.262955 0.643974
-0.781847 -0.149293 -0.10712
0.0846237 -0.832897 0.0367492
0.611353 0.254137 0.358953
-0.226453 0.582088 -0.756709
-0.333382 0.796632 -0.318979
-0.382448 0.609469 -0.63443
-0.737214 -0.168002 0.315132
0.741621 0.0924148 0.252189
0.387538 0.660858 -0.457083
0.0879142 -0.234203 -0.824831
0.428865 0.437464 -0.681539
0.874454 0.125601 -0.327594
-0.565669 -0.670839 -0.102316
-0.301668 0.362809 0.625635
-0.360458 -0.783416 -0.000652627
0.193623 0.523606 0.449497
0.431395 0.550104 0.275488
0.133906 0.803078 -0.501182
0.791535 0.127028 -0.453427
0.614276 -0.211538 -0.626802
0.412006 -0.00767185 -0.809341
0.46501 0.0222695 0.599716
-0.435534 -0.400496 -0.635235
-0.6515 0.49635 0.123702
-0.373542 0.223943 -0.790803
0.432025 -0.278786 0.570618
0.362677 -0.319072 0.587519
-0.457625 -0.201632 -0.710497
-0.368121 -0.291858 0.707616
-0.0889194 0.479955 -0.840857
-0.364254 0.666401 -0.579078
0.915048 0.0748629 -0.143736
0.192132 0.846965 -0.330767
0.39171 0.46604 0.422958
0.303859 0.0468071 0.736594
0.20252 -0.537941 0.514624
-0.0931009 0.659893 -0.707465
0.48801 0.67004 -0.230542
-0.591104 0.51862 -0.440901
-0.254737 0.105272 0.772478
-0.427011 0.729459 0.149804
-0.212321 -0.78186 -0.12446
0.224442 0.707963 0.202392
0.681718 -0.244652 -0.52642
-0.160755 0.14298 0.783376
0.474418 0.386924 0.426793
-0.514374 0.590953 -0.524288
-0.150165 0.000480805 -0.838118
0.399185 -0.738155 -0.24242
-0.171637 -0.311033 -0.758389
-0.221408 -0.309006 0.769322
0.0639267 -0.554773 -0.68454
-0.767286 -0.400535 0.00977279
0.763356 0.370056 -0.180387
0.0679801 -0.118285 0.80239
0.617801 -0.589749 0.0744651
0.89251 0.097168 0.00764373
0.083799 -0.357084 0.680616
-0.784008 -0.0319075 0.237794
0.196904 0.453185 0.536412
-0.665877 0.3251 0.302745
0.208368 -0.605593 0.439556
-0.249229 -0.076846 -0.799046
0.459257 0.495481 0.309171
0.25494 -0.768322 -0.247426
-0.747128 -0.0341115 0.342112
0.813392 -0.127047 0.189404
0.384041 -0.356268 0.558955
0.0634827 0.901715 -0.226014
-0.46707 0.557094 -0.618561
-0.611676 0.33631 -0.664691
0.189143 0.831832 0.0493128
-0.701404 0.143662 0.382417
0.326785 0.748052 -0.367297
-0.784122 -0.237737 0.110769
-0.338875 0.802502 -0.295149
-0.192666 0.725989 -0.608141
-0.714867 -0.425018 -0.242398
-0.382066 -0.452389 0.598791
0.151696 0.888702 -0.156284
0.608931 -0.323378 0.376445
-0.382163 0.804213 -0.209985
0.0807684 0.184184 0.782938
0.414534 0.535958 -0.624313
0.420877 -0.463713 0.450557
-0.335896 0.252614 0.67753
-0.0312457 -0.0527297 0.848578
-0.389818 0.491645 0.46679
0.159379 -0.139196 0.760496
0.138473 0.544521 -0.768668
0.793791 0.332433 -0.155457
0.698652 -0.500326 -0.361309
0.135965 -0.701289 0.359835
0.492024 -0.545806 0.282155
0.223194 0.856119 -0.153082
0.428811 -0.567375 -0.50815
0.0355777 0.845037 -0.463838
0.724691 0.326343 -0.458777
-0.760097 -0.341706 -0.0926691
-0.342394 -0.316313 0.716985
0.389895 -0.077951 -0.807276
-0.409285 0.371674 0.567914
-0.238608 -0.529946 0.621332
0.114427 0.875992 -0.324453
-0.750459 0.113405 0.247434
-0.0237561 0.931426 -0.166678
0.318468 -0.474526 -0.673283
-0.303256 0.254233 0.6891
0.843805 -0.284701 0.0294504
0.185705 -0.281829 -0.804715
0.574783 0.346459 0.328281
0.399338 0.400269 -0.724097
0.0681033 0.902734 -0.209406
-0.230957 -0.189325 -0.782548
-0.256452 -0.794695 -0.0369076
-0.140275 -0.298927 0.793825
0.206219 0.767804 -0.509384
-0.304442 0.631801 0.337966
0.249944 -0.131363 -0.836275
0.910326 -0.236819 -0.174172
0.0329517 0.83905 -0.47178
-0.522959 0.539368 -0.580382
0.656968 -0.550737 -0.325677
-0.078298 -0.615773 -0.60135
-0.140216 0.3372 -0.864514
-0.560165 -0.619555 0.22767
0.707736 -0.529927 -0.111917
-0.265996 -0.790001 -0.0485671
-0.191372 -0.798422 -0.0732344
-0.358226 0.308784 0.632876
0.127574 -0.151448 -0.848716
0.387674 0.156855 0.653729
-0.356446 -0.270703 -0.717306
0.15279 -0.809274 -0.11395
0.503895 0.472756 0.273598
-0.140378 0.296762 -0.868713
0.681833 -0.321536 0.285277
0.192497 -0.799536 0.0398378
0.870495 -0.276154 -0.0308553
0.0944681 -0.610055 -0.607873
0.252881 -0.489876 -0.69389
-0.698662 -0.521089 0.0518191
0.832619 -0.136735 0.153724
0.671106 0.285336 -0.550142
0.475472 -0.710973 -0.155304
0.493877 0.0186064 0.570078
-0.547017 -0.355754 0.539199
0.555988 -0.582874 -0.375181
0.227945 0.458048 0.514885
-0.41889 -0.677518 -0.353937
0.486341 0.49163 0.274736
0.379172 -0.600045 0.323179
-0.313476 -0.109422 -0.776722
0.23806 0.545591 0.399791
-0.246102 0.578499 -0.749133
-0.563406 0.569329 -0.476942
0.600711 0.392792 -0.557853
0.423904 0.632719 0.170531
0.558325 0.430952 0.246439
-0.271716 0.198803 0.724569
-0.0361332 0.14168 -0.892048
0.451702 0.152245 0.585366
0.787181 -0.250594 -0.375471
-0.136548 0.70811 -0.638342
-0.415446 0.38318 -0.759609
0.0999159 0.6157 -0.718677
-0.0440242 0.0390055 0.830204
0.889987 -0.123634 -0.284922
-0.456348 0.139277 -0.769001
0.333463 0.657039 -0.55242
-0.440688 -0.750487 -0.0273828
-0.308002 -0.295025 -0.723541
0.065253 -0.00720413 0.832786
0.0283676 -0.422615 -0.7573
-0.304625 0.642868 -0.658992
0.815557 0.107065 0.145709
-0.678816 0.152138 -0.521653
-0.675081 -0.244972 -0.477144
-0.614721 -0.633216 -0.00637255
-0.241302 -0.205357 0.798801
-0.503528 -0.645152 0.279977
-0.7931 -0.121688 0.0245857
-0.719267 0.189135 -0.313166
-0.564985 0.585575 0.176605
-0.558156 -0.0936338 0.59627
-0.173613 -0.810571 -0.037552
-0.0643759 -0.447032 -0.734971
0.133797 0.360569 -0.89014
0.0964897 0.590509 0.413602
0.478984 0.591747 -0.457857
0.233039 -0.460841 0.560309
0.743125 -0.473674 0.00278033
-0.13337 -0.743619 -0.26835
0.671695 0.433662 -0.433581
-0.438183 -0.756332 0.118165
-0.735291 -0.255226 -0.248804
-0.430758 -0.567942 -0.479513
-0.723896 -0.0530204 -0.382228
-0.533463 0.416254 -0.677495
0.13135 -0.144533 0.769058
0.153958 -0.498618 0.560364
0.292944 0.665008 0.222391
0.339059 0.154016 -0.856035
-0.36738 -0.707143 -0.306355
0.655293 -0.587661 -0.236669
0.0599449 -0.793212 0.208181
0.935417 -0.108849 -0.211715
0.305477 -0.557479 -0.608232
-0.432398 -0.263123 0.660444
-0.672815 0.123326 -0.571616
0.360049 0.314895 -0.785462
-0.662399 -0.182062 -0.539434
-0.0532382 -0.689528 -0.4225
0.0772204 -0.282676 -0.807332
0.150026 -0.638304 0.42835
0.455356 0.542745 0.251763
0.723152 -0.0966945 -0.537677
-0.161406 -0.625145 -0.566556
0.128081 -0.677174 -0.459293
-0.427407 0.45922 0.47241
0.412333 -0.675951 0.177145
0.145303 -0.345436 0.662102
0.323632 -0.650757 0.302674
-0.788048 0.0738683 0.0879136
0.654462 -0.271441 0.350528
-0.621539 -0.544508 -0.301459
0.836602 0.0650222 -0.415133
0.0392033 -0.612378 -0.605882
-0.624542 0.232669 0.466043
-0.617927 0.437631 -0.498138
0.647572 0.191803 0.343465
0.4739 0.306749 0.514015
0.358727 -0.00156153 -0.831186
0.778699 0.240073 0.0900071
0.201371 0.150231 0.759202
0.501465 -0.708715 -0.07193
0.40028 0.676151 0.143304
0.370573 -0.161839 -0.801265
-0.0411131 0.78537 -0.540167
-0.675262 -0.415015 0.331839
-0.776246 0.0232417 0.25907
-0.461083 -0.673508 -0.312616
0.543343 -0.0365427 0.528803
0.0370875 0.646665 0.369465
-0.607836 -0.603567 0.151158
-0.634947 -0.391819 0.41717
-0.0993528 0.820296 0.142328
0.293877 0.753491 -0.408766
-0.332999 -0.306328 -0.712213
0.835424 0.247871 -0.295004
-0.292016 -0.822773 0.178198
-0.175246 -0.633088 -0.549008
-0.379303 -0.727186 0.300383
-0.717919 -0.402875 0.238975
0.397684 0.351994 0.553036
-0.517863 -0.115326 0.625559
-0.0883042 -0.828939 -0.0180235
0.409774 0.00122181 0.649576
0.0828231 0.394899 -0.876074
-0.226498 -0.587988 -0.591705
0.354003 -0.107198 0.682792
0.863629 0.203427 -0.0693082
-0.480201 0.328237 -0.741435
-0.378098 0.275496 0.641217
-0.537419 0.410477 -0.67876
0.745573 0.39115 -0.058245
-0.320291 0.316258 -0.801046
-0.715948 -0.323899 0.306846
0.912219 -0.2065 -0.190529
-0.303719 0.850346 -0.0253177
-0.36655 0.590923 0.363295
-0.507826 -0.719049 -0.00205004
0.0396577 0.231761 0.775729
-0.279603 0.791019 -0.423354
0.0465022 0.784385 0.172546
-0.33927 -0.735055 -0.215518
-0.433574 -0.437815 -0.614519
-0.288389 -0.232292 -0.750743
-0.593702 -0.544372 -0.337904
-0.276913 0.000202544 0.79238
-0.711143 -0.440605 -0.249774
0.524868 -0.641889 0.107541
-0.67019 -0.026051 -0.600547
0.768299 0.361987 -0.0819547
-0.124136 0.92072 -0.0532894
0.0687157 -0.835885 0.0536405
-0.625172 0.577372 0.0384579
0.206148 -0.780655 -0.208325
-0.613897 0.223959 0.487047
-0.788768 -0.2327 0.0567586
0.93478 -0.0776633 -0.0527814
0.0466575 0.887283 -0.014781
0.406857 -0.488404 0.441535
-0.576594 0.535571 -0.491817
-0.736259 -0.356775 0.221792
-0.777485 -0.37504 0.0280697
0.201822 -0.416547 -0.751878
-0.365921 0.789617 -0.281712
0.24417 -0.222003 0.684675
0.845823 -0.0160057 0.148209
-0.65864 -0.316369 -0.463121
0.508738 0.162489 0.521201
-0.286052 0.532531 0.468605
-0.508059 0.712077 -0.0392485
0.156677 -0.555094 -0.670492
-0.00776958 -0.253619 -0.817012
-0.59208 0.062807 -0.722694
0.350537 -0.211084 0.646418
0.44286 0.699955 -0.0958521
-0.0128067 0.376268 -0.890824
0.450969 -0.525512 0.353714
0.672049 0.260784 -0.561583
-0.509571 -0.0140294 0.658496
0.717696 0.324056 -0.47043
-0.297502 0.165509 0.731136
0.631279 -0.438295 0.247571
0.339694 -0.77586 -0.152342
-0.150429 0.368252 -0.854651
-0.78733 -0.187364 0.122667
-0.288527 0.407639 -0.800325
0.169041 0.50965 -0.791511
0.468924 -0.72598 -0.0572413
-0.767401 0.173888 -0.112547
0.416596 -0.517912 0.399657
-0.475957 0.0396123 -0.754965
-0.706893 0.257846 0.236549
0.541754 -0.330743 0.446338
0.0664533 -0.676498 -0.46303
0.509663 0.528091 -0.518875
0.0360672 0.545924 -0.782015
0.245383 -0.801716 -0.150807
-0.738866 -0.450248 0.0848341
0.439832 0.055987 0.618902
-0.138906 -0.749692 -0.249204
0.511322 -0.190738 -0.741722
0.324046 -0.639795 0.318602
0.228512 -0.324158 0.639426
0.246074 0.746257 0.143185
0.129535 -0.127766 0.777623
0.494477 -0.461576 0.373619
-0.374573 -0.714779 0.340557
-0.506496 0.667607 -0.270801
0.452972 -0.0624984 -0.785421
-0.579196 -0.225732 0.544482
0.651563 -0.168909 0.404262
-0.40113 0.752757 0.122723
-0.143597 0.470813 -0.835629
-0.376516 0.0647186 0.747624
0.545026 -0.0672506 -0.747113
-0.340702 -0.267598 0.737136
-0.715687 -0.0713363 -0.406352
-0.471611 -0.738882 0.102175
0.819564 -0.135946 0.174659
-0.41439 -0.22425 -0.715752
-0.0450357 -0.609904 -0.613383
-0.0657627 0.260391 -0.899599
-0.604152 -0.479257 -0.401774
0.659505 -0.571547 -0.00279243
-0.0181608 0.0919506 -0.888195
-0.670606 0.0245485 -0.621707
-0.293801 0.864292 -0.183405
-0.222207 0.508694 0.521017
0.32107 0.112788 -0.862277
-0.328756 -0.449623 0.631216
-0.396214 -0.299687 -0.695544
0.780289 0.0156924 -0.503755
0.604535 -0.610528 0.0307604
-0.70628 -0.226827 0.377223
-0.144775 0.347918 -0.860765
0.0420261 0.734924 0.258707
-0.167847 0.576741 0.455051
-0.686593 0.211759 0.357593
0.300937 -0.643824 -0.493056
0.917644 0.0336414 -0.0298318
0.454531 0.064813 -0.801381
0.188825 -0.645499 -0.528584
-0.109498 0.535911 0.500896
-0.628749 0.482154 -0.260589
-0.725367 0.193302 -0.282875
-0.411186 -0.656961 -0.394023
-0.150893 0.902941 -0.280299
-0.212974 -0.794362 -0.0727368
-0.679703 -0.485123 -0.31013
-0.0493243 0.789232 -0.534017
0.42145 0.619105 -0.492212
-0.60433 0.455 -0.553536
0.622436 -0.461931 -0.454054
-0.792453 -0.0554742 0.0831294
-0.786751 -0.17235 0.139073
0.432692 0.617795 -0.476914
0.704128 -0.0961907 -0.564639
-0.0618198 0.702433 -0.651557
0.0360416 -0.42408 0.652381
-0.294152 -0.671937 0.463164
-0.230231 -0.755043 0.380096
0.486276 -0.702678 -0.17409
0.788917 -0.424188 -0.059928
-0.455648 -0.470491 -0.565504
0.397052 0.315974 -0.761
-0.250174 -0.678943 -0.435374
0.4838 0.134494 -0.774444
-0.719332 0.142029 -0.35132
0.65531 0.155487 0.34522
-0.787105 -0.195212 0.120583
-0.587459 0.532802 -0.420619
0.434355 -0.0712163 0.627236
-0.305322 -0.817918 0.109278
0.180074 -0.570079 -0.654437
0.355041 0.50885 0.387601
-0.289657 -0.199208 -0.761612
-0.205489 -0.832777 0.22153
-0.245549 0.806799 0.122223
0.0134556 0.196876 -0.914435
-0.680535 0.392239 0.175163
0.488962 -0.640924 -0.355203
0.263984 0.758695 -0.445805
-0.580794 0.315619 -0.704873
0.424388 -0.733054 -0.189583
-0.505168 -0.179588 0.620163
0.0271512 0.870319 -0.42443
0.166458 -0.0492906 -0.868775
-0.0688575 0.283693 -0.896143
-0.744231 0.223409 -0.158939
-0.59534 0.56244 -0.263531
0.507801 -0.208114 0.528322
0.146145 -0.0494637 -0.871633
0.840766 -0.000515791 -0.417605
-0.160235 0.373689 -0.850245
0.426753 0.72103 -0.136138
-0.448261 0.628289 -0.54434
-0.177504 0.268217 -0.857999
-0.389819 0.658392 -0.567794
0.608455 0.189599 0.395766
0.553002 0.573717 -0.362402
0.29284 0.743118 -0.432803
-0.313769 -0.365597 -0.697818
0.37285 0.259233 0.62756
-0.501027 -0.293001 0.594494
-0.349519 0.162575 0.715325
-0.10644 -0.807943 -0.0785562
0.0117427 0.339756 0.690943
0.768118 0.174996 0.165375
0.627855 0.191331 0.369616
-0.523373 0.0487129 0.650615
0.409712 0.244906 0.604218
-0.143441 -0.106753 0.83447
0.632704 -0.161718 -0.630479
-0.646411 0.308386 0.357414
-0.377197 -0.736292 -0.178523
-0.116331 -0.603868 -0.615248
-0.733145 -0.0815994 -0.334287
-0.628275 0.377358 -0.543464
-0.472029 -0.0664828 0.6774
-0.79193 0.0826843 -0.0390969
-0.541104 0.404701 0.431873
-0.748584 0.212395 0.0858634
-0.433641 0.655508 -0.501286
-0.0918321 0.457577 -0.852305
0.0707765 0.893976 -0.0494244
-0.0704064 -0.660978 -0.492402
0.185793 -0.669571 -0.474378
-0.399174 0.284666 -0.775382
0.648655 -0.320452 0.331601
-0.603208 -0.600424 -0.205111
-0.0432382 0.0282856 -0.870739
-0.436197 0.540137 0.382362
-0.140929 -0.849579 0.131143
0.566484 0.1699 0.456027
0.411382 0.388101 0.509568
0.259718 -0.67692 0.318857
-0.221292 0.882811 -0.00263421
0.362358 0.57767 0.29756
-0.650682 0.507827 0.0454553
-0.43085 -0.209988 0.675431
-0.164976 0.590708 0.436859
0.753261 -0.423297 -0.339386
-0.684786 -0.489869 0.159795
-0.225069 -0.0655998 -0.807269
-0.714026 -0.48061 -0.206404
-0.0498524 -0.598313 -0.631401
-0.0601533 -0.464174 -0.727709
0.440771 -0.215621 0.584785
-0.0280126 0.744586 -0.596276
-0.587529 0.343894 0.427446
-0.260154 -0.0883021 0.801948
0.763745 -0.00189907 0.25365
0.650219 -0.225759 -0.576671
0.662319 -0.294629 0.329194
0.400469 -0.735261 0.0428521
0.714897 -0.51147 -0.198562
0.454376 -0.249143 0.562475
0.707319 0.440725 -0.189864
0.405488 -0.0319691 -0.808679
-0.287412 0.639405 0.33428
-0.48067 0.473265 0.418443
0.383998 0.245233 0.626455
0.0184409 -0.739751 0.351788
-0.514194 -0.0387883 -0.734969
-0.0656553 -0.226146 -0.819521
0.547202 -0.158298 -0.734088
-0.5278 0.230337 0.571528
0.502614 -0.698572 -0.140409
-0.146951 0.427049 -0.8436
-0.296985 0.554503 0.436952
-0.789186 -0.207646 0.0640173
-0.259801 -0.591612 -0.572282
-0.301255 -0.188159 0.781417
-0.701588 0.30333 0.204196
0.466817 0.581877 -0.494243
-0.679109 0.209748 0.385557
-0.266077 0.610237 0.379965
0.62683 -0.11783 -0.660055
-0.571661 0.593344 -0.316078
-0.25251 -0.698528 0.446517
0.0605484 0.796798 -0.529728
-0.632046 0.409304 -0.474748
-0.479367 0.618767 -0.514776
-0.0984636 -0.223764 -0.810508
0.275728 0.77875 0.0764985
0.138844 -0.805571 0.101454
-0.706212 -0.359563 -0.311318
-0.3918 -0.635995 0.439811
0.432916 -0.417464 -0.63354
0.310816 0.00374891 0.730793
0.369416 -0.484163 -0.630332
-0.517581 -0.41453 0.541537
-0.0451975 0.910895 -0.0544693
-0.587988 0.189128 -0.715874
0.686714 0.46536 -0.198287
-0.441677 0.220572 -0.76625
0.59039 0.5117 0.0937757
-0.0519346 0.660269 0.362296
-0.439492 0.436848 -0.740173
0.348093 -0.580934 0.382491
0.252039 0.292894 -0.863385
-0.0553274 0.373973 -0.885241
0.0729777 0.440467 -0.84928
-0.783951 -0.358751 0.0274734
-0.11438 0.859867 -0.399839
0.905383 -0.237794 -0.0855625
0.150834 0.889003 -0.155643
0.667976 -0.477095 -0.407448
0.833025 0.258928 -0.288373
0.605662 -0.510841 -0.427033
0.74908 0.366457 -0.00240975
-0.586625 0.162354 0.547628
0.158431 -0.740706 0.273698
-0.601078 0.0326098 0.562803
0.125313 0.861169 0.0195397
0.480951 -0.283208 0.528399
0.543994 -0.130897 0.519916
0.499556 0.0974156 0.545974
-0.0704693 -0.434062 -0.738323
0.236422 0.140095 0.751829
0.383271 0.736338 -0.0276239
-0.45089 0.416398 0.49807
0.73022 -0.330588 0.203546
-0.59712 0.52311 -0.381413
0.0790972 -0.8159 0.126404
-0.0370238 0.029236 -0.872521
-0.554293 0.602863 -0.355666
0.319365 0.722834 0.136411
-0.644184 -0.601466 -0.040691
-0.448402 -0.313508 -0.675219
-0.478361 -0.702103 -0.189662
-0.739266 0.144397 0.251442
0.708449 0.440158 -0.16932
-0.00700253 0.846992 -0.457843
0.835805 -0.0557627 0.171525
-0.493144 0.576143 0.296582
-0.542726 -0.610543 -0.308787
0.0359734 0.295439 -0.930139
-0.0457299 -0.744762 -0.278229
0.450829 0.668241 -0.338866
-0.497106 0.662072 -0.345904
0.633561 -0.295605 -0.560582
0.0873968 0.80682 0.123426
-0.411695 0.388245 -0.760474
0.820005 -0.0108006 -0.441943
-0.131087 -0.358653 0.751104
0.940462 -0.168152 -0.115452
0.610443 -0.443013 0.265525
-0.172209 -0.159219 0.82351
-0.755908 -0.201629 0.240151
0.707375 0.389006 0.0493838
0.521976 0.143836 0.511097
0.0553638 -0.81458 0.151131
0.509412 0.360324 0.410957
-0.765857 -0.150383 -0.17571
0.103935 -0.320145 0.691471
0.795288 -0.36366 0.0800348
0.860411 0.0590914 0.106541
-0.265531 -0.8275 0.170769
0.111332 0.885937 -0.254614
0.0980849 0.651049 0.336689
-0.379962 0.602139 -0.642525
-0.245208 -0.832037 0.191744
0.0468695 0.881432 -0.377099
-0.526803 0.697332 -0.0171106
0.610281 0.558282 -0.123703
0.179972 0.863797 -0.254774
0.788588 -0.405759 -0.00469124
0.291264 0.588661 0.319221
-0.129478 -0.508934 0.632221
-0.1926 0.639574 -0.72265
0.567038 -0.475002 0.279411
0.0342651 -0.723844 0.368144
-0.513479 -0.578446 -0.386162
-0.67882 -0.557572 -0.0538573
-0.587066 -0.622726 0.172957
-0.160612 -0.843052 0.182321
-0.394392 0.419314 -0.762526
-0.655633 0.288735 0.36076
0.943018 -0.0431252 -0.229435
-0.502141 -0.26228 0.601454
0.891254 0.148998 -0.147757
0.102005 0.085266 0.810548
-0.28118 0.650819 -0.667245
0.201864 0.49486 0.481549
-0.740321 -0.46064 -0.0977264
0.411439 0.420036 0.469561
-0.315346 -0.738657 -0.219732
0.0946625 -0.415755 0.639885
-0.350513 0.589393 -0.674026
0.673329 -0.564278 -0.228091
0.272111 0.63081 -0.667521
-0.598094 -0.635669 0.0793841
0.050512 0.135971 0.810513
-0.0509142 -0.0299625 -0.858744
0.791591 -0.311057 0.117676
-0.317357 -0.481864 -0.642732
0.201647 0.145407 0.761164
0.808852 -0.289707 0.102727
-0.304833 0.699113 -0.58308
-0.760444 -0.255034 0.196793
-0.454897 -0.083869 0.68747
0.674209 0.468773 -0.286424
-0.0590968 -0.71573 -0.356866
0.19338 -0.623731 -0.577539
-0.651667 -0.128428 -0.592385
0.368631 -0.247985 0.620298
0.888126 -0.217132 -0.227539
0.697265 0.203149 0.259604
-0.691875 0.356579 -0.15243
0.191342 0.102404 -0.903253
0.3488 0.441483 -0.740216
0.371919 0.324352 -0.773833
-0.206427 0.147695 0.769202
0.456375 -0.0297333 -0.7883
0.199447 0.0140173 -0.879936
-0.167986 -0.0878444 0.829342
0.312508 0.266264 -0.834985
-0.506303 -0.487027 0.481849
0.873228 0.208912 -0.166407
-0.289734 -0.704851 -0.36144
-0.38573 0.784894 0.0507934
0.788552 0.3363 -0.223055
-0.483349 0.612589 -0.523401
-0.210129 -0.102963 -0.804749
0.59889 -0.533615 0.18211
-0.71674 0.16187 0.309445
-0.21478 0.492906 0.537284
0.00547989 -0.060519 -0.864101
0.353465 -0.244241 0.628677
-0.680164 0.351347 -0.267085
0.516608 -0.300532 -0.657447
-0.725741 -0.39392 0.220119
-0.0632084 -0.711929 0.419678
-0.717454 -0.37365 0.272134
0.492131 -0.249897 -0.714528
-0.192941 -0.625905 -0.558503
-0.0589901 0.910619 -0.047069
-0.372264 0.608168 -0.642622
0.464398 0.680143 -0.257915
-0.20171 0.795106 -0.505255
0.926606 0.0412081 -0.149853
0.257009 0.282859 -0.864049
-0.0855798 0.918761 -0.247314
0.0697284 0.402355 -0.873035
-0.337534 0.430162 -0.779271
0.45272 -0.0128477 -0.791998
0.0265935 0.229309 0.780905
0.159445 -0.752327 -0.280713
-0.727685 0.253229 0.141126
-0.176644 -0.0695642 0.82597
-0.713939 -0.37798 0.280278
-0.0534578 0.87744 0.0354129
0.375546 -0.172649 -0.797669
-0.0633717 0.0532858 0.825924
-0.348306 0.743516 0.176771
0.803719 -0.359678 0.0527612
-0.181453 -0.815423 -0.0114675
0.0550681 0.683462 0.317292
-0.197625 0.109669 0.789306
-0.11969 -0.354883 -0.755535
-0.417325 -0.721006 0.248477
0.00629777 -0.75281 0.330413
-0.710699 0.00160918 -0.456473
0.353393 0.744842 0.0498859
-0.421959 0.73303 0.148369
-0.503408 0.645496 -0.397514
0.430711 0.0911806 -0.814173
0.16694 0.479688 0.517966
-0.781922 -0.173489 0.160917
0.931229 -0.139135 -0.199663
0.297122 0.824206 -0.11141
-0.415009 0.468794 0.471713
0.603678 0.242454 0.382194
0.16275 0.640513 0.317832
-0.330701 -0.058096 -0.781043
0.880754 0.12827 0.0128483
-0.767765 -0.238392 0.181511
0.284791 -0.713764 0.237632
0.0995279 0.862938 -0.411908
0.61727 -0.0690427 -0.696541
0.251596 0.445386 0.519064
-0.283792 0.50415 0.504604
-0.189396 0.30066 0.698858
0.247256 -0.781836 0.0471635
-0.21572 -0.782121 -0.120696
-0.110818 0.244845 0.74635
0.560515 -0.565637 0.18028
-0.346414 -0.131467 -0.76436
0.0666176 -0.712249 -0.374138
-0.00466372 0.194112 0.789645
-0.151824 0.652857 0.356005
0.0816857 0.807031 -0.516842
0.933029 -0.141078 -0.195118
-0.356716 0.790037 -0.296145
-0.577294 0.306207 0.478551
0.814127 0.294946 -0.299588
-0.487562 0.628838 -0.475507
0.869562 0.223279 -0.178818
-0.360898 0.699224 0.229766
-0.743319 -0.212756 0.275736
0.680087 0.384938 -0.479643
0.316455 -0.734953 -0.305411
0.822168 0.0768405 0.15112
-0.29366 0.154884 0.737209
0.56379 0.273165 0.422093
0.240176 -0.613678 -0.58439
0.876909 0.111273 0.0388241
-0.0765139 0.491333 0.54376
-0.666719 0.387891 -0.257636
-0.446966 -0.618787 0.40996
-0.621647 0.498862 0.201464
-0.299176 -0.373422 0.701613
-0.0701989 -0.695757 0.443369
0.511524 -0.463199 0.353111
0.384095 0.674487 -0.433276
-0.306727 0.432008 0.569774
0.230635 0.856499 -0.123445
-0.324608 -0.721102 -0.284291
0.189692 0.148489 -0.915043
0.298019 -0.587709 0.416734
-8.7574e-05 0.775912 -0.555309
0.866487 -0.256506 -0.241393
0.0192115 0.861507 0.0451684
0.841554 0.267539 -0.153231
0.491802 -0.595773 -0.414755
0.833752 0.223773 -0.329883
0.600037 0.32523 0.308438
-0.274466 0.872672 -0.144459
0.275224 0.365416 0.604458
-0.610574 -0.379087 0.456134
0.615555 0.496681 0.0746109
-0.669279 0.449273 -0.032836
-0.511896 -0.00453194 -0.739388
-0.32861 -0.0137045 0.774543
-0.416816 -0.00361595 -0.767962
0.557129 0.576627 0.00863997
0.894552 -0.261365 -0.15764
0.604887 -0.224443 -0.631347
-0.455288 -0.657612 -0.34567
0.483858 0.232958 -0.738267
-0.50005 0.207462 0.603663
-0.31728 0.326843 0.644864
0.873212 0.0692571 0.0822139
-0.438265 0.764059 -0.129405
0.504793 0.108609 0.537747
-0.779573 -0.340924 -0.00828153
0.348479 0.558037 0.329155
0.872087 0.1586 -0.00556054
0.0626437 0.886995 -0.337678
0.483026 0.519767 -0.565656
-0.565253 0.567837 -0.468243
-0.216616 -0.58894 -0.595056
-0.385185 -0.4905 0.567713
0.447992 -0.568159 0.296657
-0.170955 -0.153466 0.824634
0.0659454 -0.775267 -0.203255
-0.310449 -0.136109 0.782691
-0.622418 -0.244394 0.501343
-0.149017 0.624117 0.395565
0.656818 0.285128 -0.568509
-0.374855 -0.250294 -0.718733
0.545391 -0.192377 -0.716871
-0.544721 0.637382 -0.23031
0.285492 0.382512 0.581015
0.340396 0.127336 -0.856261
-0.618816 0.410623 -0.550908
0.67613 -0.143386 0.385643
0.407288 -0.151136 -0.789082
0.490452 -0.578904 0.235752
0.56931 -0.650462 -0.0283073
-0.116823 -0.797678 -0.107919
-0.436467 0.113328 0.701406
0.912444 -0.212238 -0.18639
0.705084 0.175858 0.270602
-0.693106 -0.524347 0.0619202
-0.582798 -0.562881 -0.325391
-0.140348 -0.174837 -0.810591
-0.354698 -0.744326 0.296627
0.61539 0.0942782 -0.689674
-0.299221 0.0286977 0.783184
-0.121081 -0.751888 -0.245295
-0.094016 0.662833 -0.703474
0.867187 -0.27861 -0.22575
-0.773482 -0.168975 -0.132387
0.654151 -0.323502 -0.521704
0.328375 -0.779238 -0.151711
0.258599 0.427025 -0.801812
-0.198489 -0.237892 0.79896
0.238447 0.542759 -0.747962
0.658094 -0.144273 -0.606735
-0.344734 -0.150977 0.758723
0.186508 0.166645 -0.92005
0.803389 -0.301674 0.104434
-0.564249 -0.65938 0.126872
-0.766072 0.144733 -0.143095
0.261984 0.415111 -0.80604
0.415814 0.180155 -0.801109
0.583377 0.575583 -0.228578
0.845531 0.158079 0.050175
0.253467 -0.092984 -0.844814
0.46828 -0.450681 0.413216
-0.292838 0.480128 -0.783826
-0.358317 -0.578075 0.513671
-0.0257199 -0.685819 0.441411
-0.285889 -0.779116 0.310784
-0.253261 -0.60865 0.548834
0.743669 0.1239 0.239123
-0.020814 0.380215 0.652198
0.528025 -0.654396 0.0846656
0.916324 0.0570808 -0.0962387
-0.122725 -0.506006 -0.68376
-0.720052 -0.14989 0.370258
-0.497785 0.564746 -0.582571
0.0275147 -0.769739 0.284219
-0.170704 0.430874 -0.834868
-0.32218 -0.308324 -0.714774
-0.299811 -0.775538 -0.0809959
-0.691071 0.25885 0.289823
-0.311214 -0.4154 0.665267
0.947734 -0.158768 -0.146423
-0.167514 0.673261 0.324575
0.538347 -0.234209 0.492601
0.158483 0.0265022 0.80774
0.167571 -0.687527 -0.434516
-0.710106 -0.406083 0.254913
0.14594 0.677853 0.279227
-0.651493 0.138042 0.472635
0.632883 0.134065 -0.662227
-0.35813 -0.102837 0.756973
-0.50116 -0.677686 0.209
-0.000916545 -0.508875 -0.716053
0.11401 -0.182251 -0.842931
0.492172 0.663151 -0.249275
-0.420697 0.636823 0.280467
-0.78252 0.0191893 -0.152549
-0.609758 0.595497 0.0806858
0.709001 0.0056891 0.32375
-0.498312 0.208466 -0.746769
0.17759 -0.452602 -0.733888
0.838346 0.222329 -0.318076
-0.567365 -0.109992 -0.70726
-0.597456 -0.626833 0.123593
0.248071 0.168342 0.73305
0.322704 0.712559 -0.450387
0.300495 0.491507 -0.740593
0.761642 0.368795 -0.26175
-0.568447 -0.138257 -0.687342
0.0048307 0.765621 -0.569348
-0.615065 -0.118457 -0.64563
-0.613396 -0.48203 0.336485
-0.340524 -0.682815 0.423629
0.0227594 -0.727525 0.367178
0.584508 -0.210107 -0.662997
-0.0768486 0.230577 0.762052
0.269434 -0.671847 0.31815
0.556785 0.450903 0.223176
-0.117097 -0.721964 0.424969
-0.652708 -0.182622 -0.557817
-0.0639568 -0.0335331 0.842278
0.317454 0.594992 0.298258
0.591977 0.364531 -0.593771
0.00494149 -0.826149 0.161281
0.224916 -0.0694042 -0.855384
-0.650771 -0.345399 -0.450816
-0.657214 0.296218 0.35031
-0.348994 -0.658848 -0.451786
-0.331515 0.805282 -0.300611
-0.69162 0.0321704 -0.54339
0.0164951 0.593179 -0.747994
0.376666 -0.67652 -0.381054
-0.337495 -0.728517 -0.243703
-0.273442 0.526564 0.481171
-0.276345 0.864571 -0.0285433
-0.678736 -0.110672 0.474832
-0.282354 -0.740913 -0.236646
0.0459942 0.848578 0.0610358
0.762387 0.27339 -0.427267
0.427472 0.191172 0.602769
-0.536652 0.587898 -0.493692
-0.753462 -0.403415 -0.0851926
-0.0553686 -0.516227 0.60556
-0.661399 0.324473 -0.445865
0.766318 0.363684 -0.242345
0.656001 0.488107 -0.292501
-0.537324 0.555844 -0.545322
0.607493 0.495931 -0.423243
0.0272863 0.577807 -0.758442
-0.0468408 0.46501 -0.846991
0.0845226 -0.736105 -0.315971
0.49797 0.629337 0.0105796
0.57198 -0.453311 0.296983
-0.0133119 0.926235 -0.186228
-0.52681 -0.332356 0.562479
-0.355459 0.691002 0.242435
0.303637 0.032582 -0.857435
-0.0913993 -0.826149 0.197009
0.128639 0.899258 -0.120011
0.477669 0.630404 0.0761452
0.870072 -0.235149 -0.24874
-0.184715 0.222491 0.738318
-0.201762 -0.463168 0.677158
0.581083 -0.644706 -0.219744
0.520955 0.293288 -0.687903
-0.0423288 -0.243977 0.788409
0.175674 -0.784798 0.130184
0.0588394 -0.133737 -0.854487
0.143581 -0.62235 -0.582442
0.757054 -0.23943 -0.423036
0.857864 -0.228408 0.0458928
-0.210173 -0.826777 0.0578033
0.708491 0.013288 -0.602085
-0.361556 -0.700369 -0.339594
-0.626577 0.346235 -0.586519
0.136993 0.5989 0.382942
-0.789551 0.0834301 0.0276215
-0.540232 0.600183 -0.43993
0.314792 -0.785669 -0.20754
0.417916 0.727995 -0.132471
0.790382 0.164768 -0.437079
-0.520328 -0.671137 -0.208089
-0.433264 0.372004 0.55315
0.413228 0.718005 -0.243204
-0.281048 0.0829593 -0.818091
-0.629974 -0.574937 -0.208557
0.153714 -0.769139 0.196607
0.485618 -0.64898 0.139113
0.929756 -0.142208 -0.0606585
0.935308 -0.199187 -0.124972
-0.365169 0.835484 -0.133286
0.357394 0.3475 0.575935
-0.603389 -0.37996 -0.481441
-0.46857 -0.610764 -0.392418
0.471645 -0.406391 0.452326
-0.626237 -0.412537 0.405023
0.761473 -0.407397 0.0902387
-0.449414 -0.181202 0.667078
0.495468 -0.202515 -0.744443
0.190775 0.672238 -0.657389
-0.438155 -0.52928 -0.515925
0.401364 -0.0862444 0.649988
-0.408169 -0.293629 0.673162
-0.548046 0.641757 -0.191577
-0.798457 -0.00206325 -0.0722526
0.109988 0.834907 -0.456601
-0.664243 -0.164972 0.48335
-0.538495 0.258958 -0.727052
0.481728 -0.0283766 -0.778097
-0.792596 0.0150853 0.0643139
0.0541471 0.302255 -0.925504
0.319522 0.335718 0.602534
0.344044 0.702862 0.149424
-0.324522 -0.663692 0.456007
-0.737908 -0.157096 -0.283961
-0.374 0.504438 -0.730696
-0.251205 -0.822834 0.256248
0.199069 -0.538122 -0.673075
-0.142094 0.914015 -0.146156
-0.712476 -0.384301 -0.275501
-0.390654 -0.528031 -0.560915
-0.534603 0.501691 -0.60279
-0.00308228 0.0411886 0.833138
0.270795 0.762102 -0.427508
-0.547629 0.61757 -0.315277
-0.0522561 -0.669387 0.471673
0.894749 -0.0153296 0.0828786
-0.0469446 -0.764693 -0.217967
-0.454988 -0.569329 -0.454308
-0.348274 0.818591 0.0068107
-0.648792 -0.457675 0.314067
-0.0248915 0.862285 0.0547107
0.748985 0.265217 0.117724
0.390914 -0.74898 -0.201587
0.0982719 0.250634 0.745161
0.270821 0.458129 0.493459
-0.599611 -0.127346 -0.65938
-0.0298024 0.140705 -0.893529
0.858101 0.245939 -0.166233
0.020865 0.346719 0.683154
0.400716 -0.0883564 -0.801532
0.802936 -0.337378 0.0844262
0.0921016 -0.83275 0.0173568
-0.391811 0.731527 -0.38261
0.21657 0.435353 0.549069
0.0364804 0.460208 0.566937
-0.7788 -0.197061 -0.0932843
0.929128 -0.0135857 -0.0286716
-0.252381 0.620153 -0.713941
0.441412 0.257019 0.569874
0.215205 0.673345 0.250506
-0.156476 0.630398 0.385248
0.382648 -0.760366 -0.130366
0.269697 -0.289317 0.640466
-0.787379 0.0299519 0.18662
-0.346802 0.721653 -0.482835
0.567486 -0.515351 -0.453171
-0.383791 0.705279 -0.461355
-0.729812 -0.20593 -0.29421
-0.233497 0.601657 0.402979
0.624341 0.0915305 0.407109
0.0582878 0.871371 -0.409509
-0.283755 0.80963 0.107746
-0.168457 -0.84556 0.165054
-0.229696 0.779059 -0.529304
-0.608999 -0.154486 0.536863
0.31681 0.767964 -0.315209
-0.163195 0.669423 0.330821
0.414684 -0.0908013 0.63836
0.0808994 0.43201 -0.853612
0.0281889 -0.830692 0.128421
-0.698553 -0.134999 -0.443989
0.549162 0.0154356 0.510487
-0.00137015 0.0517084 0.830632
-0.452521 -0.214608 0.655845
0.00689239 -0.0893455 0.833456
-0.492697 -0.676565 -0.252874
-0.033069 -0.703726 -0.388533
0.295219 0.215016 -0.865321
0.621077 0.520574 -0.317864
0.322319 0.227414 -0.843462
0.76032 -0.0462265 0.268547
0.669735 0.329104 -0.529349
0.371165 0.743473 -0.0126559
0.122393 0.770212 -0.565755
0.597864 -0.323135 0.389493
-0.261804 -0.136334 0.802279
0.784257 -0.263126 -0.373695
0.444157 0.693886 -0.0729119
0.420034 -0.727078 0.0611136
0.438192 0.231627 0.581935
0.588297 0.157723 -0.688472
0.465782 0.373153 0.455317
0.391636 0.70525 -0.354753
0.230033 -0.633218 -0.554815
0.162139 -0.77255 -0.226067
-0.657371 0.0395764 -0.678896
-0.581592 -0.668519 -0.0356724
-0.671381 -0.107549 0.483191
-0.399885 -0.258611 0.689206
0.107967 -0.751594 -0.279014
0.153258 -0.727567 -0.34193
-0.598346 0.546688 -0.293766
0.319998 -0.762099 0.0251256
0.293204 -0.065515 0.740533
-0.798138 -0.0648764 -0.0840664
-0.715909 0.0713499 -0.418866
0.0628854 0.816815 0.112101
-0.656431 0.0558547 -0.68991
-0.336777 -0.647152 0.465798
0.331767 -0.554553 0.436872
0.613233 0.219379 -0.646419
-0.6906 -0.329718 -0.38354
-0.573734 -0.140815 0.570807
-0.259229 -0.291646 0.770396
0.838783 0.0976338 0.114998
0.535712 -0.644391 -0.307953
0.734017 0.127283 -0.540108
0.703644 -0.429205 -0.408369
-0.105662 0.499741 0.537054
0.261273 -0.78348 -0.20819
0.861048 -0.093711 0.133573
0.0825909 -0.11674 -0.860155
-0.560796 -0.0271438 -0.722273
-0.0928646 -0.668692 0.486171
-0.522221 -0.106015 -0.722937
-0.600019 -0.401457 -0.469403
0.772041 -0.226926 -0.407852
0.387073 -0.725732 0.110854
-0.515198 -0.129991 0.62413
-0.772983 0.156436 0.0373666
0.270955 -0.342978 0.612889
-0.476978 0.688772 -0.313009
0.365675 0.628886 -0.561046
0.737872 -0.0045536 0.288824
0.724431 -0.43224 -0.378342
0.590604 0.389554 0.249779
-0.604065 -0.437531 0.406229
-0.631635 0.100701 0.508407
0.781132 -0.301784 0.139623
0.544407 -0.0758397 0.535647
-0.205976 0.592379 0.423766
-0.200786 -0.0860657 -0.810082
-0.761955 0.128482 0.162217
-0.259481 -0.0929279 -0.793616
0.182401 0.454505 -0.828607
-0.792422 -0.100556 -0.0887146
-0.283081 0.781341 0.146264
0.373727 -0.1975 0.640165
-0.206866 -0.772371 -0.167646
0.248957 0.594424 -0.703399
-0.462842 0.40585 -0.74
0.843106 -0.302264 0.0148885
-0.11315 -0.833343 0.0077826
-0.166233 -0.0316792 -0.828414
-0.134232 0.321839 -0.868456
-0.664343 0.464273 0.102453
-0.604846 -0.057931 0.558911
0.0782922 0.801595 -0.524011
-0.15354 -0.840107 0.186685
-0.787236 -0.270174 0.0694168
-0.566498 0.632377 -0.14583
-0.101503 0.352653 0.677119
0.199097 -0.0704063 0.77748
0.078731 -0.827203 0.0921449
0.78706 -0.193477 0.192957
-0.735325 0.276305 0.047461
0.093026 -0.44166 0.622445
-0.542712 -0.640058 -0.243077
-0.00578653 0.773874 0.203746
0.942773 -0.0146214 -0.128427
0.549007 -0.669625 -0.0415922
0.604405 -0.287326 -0.599572
-0.676554 0.0885938 -0.583479
0.176274 0.471741 0.523323
0.465298 -0.328572 -0.675846
0.224562 0.754124 0.143918
0.555674 -0.358774 0.409743
0.508117 0.622749 0.000806324
-0.198869 -0.705105 -0.373753
0.28209 0.829662 -0.128551
0.758742 -0.46016 -0.119585
0.157211 0.202041 -0.930388
-0.423319 0.190453 -0.775961
-0.485058 0.725017 -0.0901063
0.228726 -0.484685 -0.704853
-0.686995 -0.538329 -0.116378
-0.268424 0.33935 0.655941
0.83084 0.102246 -0.405987
0.0883778 -0.436711 0.627483
0.213381 -0.527955 -0.676596
0.413059 -0.525509 0.395494
-0.40831 0.321202 -0.768399
-0.221142 0.781001 -0.528081
0.512316 -0.686933 0.00925358
0.489004 0.198833 0.534318
0.364113 -0.255334 0.618586
0.630961 -0.566435 0.103971
0.178455 -0.72373 0.295301
-0.222604 0.445496 -0.814488
0.131057 -0.815493 0.0644514
0.850311 0.0881955 0.103966
0.781849 -0.411885 -0.246138
-0.205995 0.641594 0.357079
-0.465228 0.737898 0.0406635
0.414127 -0.747381 -0.0995062
0.335299 -0.693051 -0.375151
-0.0104012 0.143025 0.804402
-0.617962 -0.630733 -0.0700791
-0.0593364 -0.572913 0.562008
0.816218 0.261872 -0.334473
0.599817 -0.100494 -0.701151
-0.778771 -0.23956 0.134627
0.869723 0.200785 -0.112544
0.403251 -0.679427 0.180971
-0.313373 -0.723199 -0.28461
-0.22532 -0.72428 0.424566
0.0776495 -0.643045 0.452636
-0.36459 0.723149 0.197321
-0.26664 0.292002 -0.823064
-0.61917 0.374564 -0.589785
0.355786 0.283537 0.619666
-0.163073 -0.803368 -0.0754109
-0.600456 0.37388 -0.648362
0.200487 -0.726508 -0.34538
0.101939 -0.194801 -0.83891
-0.237484 0.018579 0.800918
0.81676 0.301424 -0.20173
-0.655136 0.363472 -0.431704
0.286578 -0.780462 -0.219369
-0.0731089 0.0510544 -0.866866
-0.0132703 0.617295 -0.733414
-0.732428 -0.483459 -0.0793675
-0.303189 0.508557 -0.766971
0.153539 -0.577699 -0.656166
-0.102834 -0.00211434 0.832408
0.117764 0.764367 -0.575693
-0.715968 -0.13371 0.388215
-0.763896 -0.169124 -0.173813
0.747586 0.387102 -0.250365
-0.745304 0.236641 0.0600587
0.473931 0.64524 -0.351115
0.210368 0.552161 -0.748407
0.134693 0.748844 -0.597263
-0.0597154 -0.703322 -0.387716
-0.219708 0.0286657 0.804565
-0.121986 0.913226 -0.0267999
-0.184015 -0.792032 -0.105238
-0.402685 0.0456757 0.741123
0.0369458 -0.494533 0.596604
0.242637 -0.20848 0.692113
-0.136963 0.190343 -0.87296
-0.476553 -0.654304 -0.327075
0.668423 -0.536829 0.100421
0.0393452 -0.646018 0.463378
-0.541905 -0.390564 -0.54643
0.509021 -0.22281 0.522583
0.139966 0.795425 -0.511737
0.163497 -0.12064 -0.85131
0.81437 -0.28116 0.0989486
0.700489 -0.408748 -0.422652
-0.472508 -0.145565 -0.725105
0.362332 0.421424 0.493676
0.486799 0.345827 0.460941
-0.737005 0.240099 0.106659
0.595116 0.569726 -0.16843
-0.75143 0.182015 0.126313
-0.282304 0.773365 -0.462706
0.899564 -0.147127 -0.252192
-0.568337 0.520514 0.266751
0.346221 -0.655815 -0.440831
0.402074 -0.303059 0.576753
0.202308 -0.0241033 -0.86997
-0.260761 0.834497 -0.333568
-0.189181 0.898697 -0.155784
-0.515027 -0.197018 -0.694879
-0.364722 -0.00369412 -0.781517
-0.132759 -0.154463 -0.816063
-0.258071 0.838064 -0.327575
0.466148 -0.195019 -0.759662
0.413722 0.516308 -0.642617
0.337347 -0.1294 0.688298
0.153424 0.515488 0.479664
0.34058 -0.408905 0.55162
0.0377401 0.814591 -0.504863
0.0889105 0.0115184 0.826948
-0.0123545 -0.169643 0.808643
0.403102 -0.372561 -0.690602
0.303637 -0.165579 -0.817494
0.49381 0.214129 -0.738826
-0.347392 -0.374827 0.673058
-0.673637 0.292321 -0.42399
0.73149 -0.502098 -0.07675
0.518761 0.327155 0.440154
-0.237261 -0.596381 0.563003
-0.289983 0.81063 -0.357146
0.205873 -0.591093 0.456286
0.622425 0.383723 -0.542948
0.574177 -0.45616 0.291539
0.333453 -0.725381 0.162701
0.133021 0.833996 -0.446428
0.805551 0.172677 0.104484
0.339878 -0.368428 0.572376
0.0666574 0.679195 0.316904
-0.232242 0.488851 0.536603
-0.0494604 0.810859 0.150217
-0.755506 -0.235229 -0.173087
-0.31197 -0.099561 -0.778807
0.221505 -0.713813 0.282662
-0.257364 -0.715861 -0.333171
-0.202012 0.121325 -0.84535
-0.727749 0.256656 -0.185662
0.498843 0.655255 -0.264795
0.660493 -0.245741 0.356967
0.295942 -0.556769 -0.614914
0.283003 0.814561 -0.202446
0.113307 0.888658 -0.0523071
-0.276919 0.0141346 -0.807446
-0.161201 0.363522 -0.852035
-0.556162 -0.383449 -0.535082
0.507507 0.420675 -0.630575
-0.594872 0.60214 -0.134705
0.652453 -0.363297 -0.503253
-0.0202525 -0.643626 0.487227
0.111264 0.157064 0.784813
-0.176813 0.898437 -0.224959
0.12767 0.256725 0.730362
0.301282 0.635915 0.254832
0.34807 0.363727 -0.772965
-0.233187 -0.812796 0.0187866
-0.690076 -0.00578496 -0.53337
-0.661735 0.209981 0.429766
-0.721647 -0.331316 0.284114
-0.058729 -0.382349 -0.761436
-0.172901 -0.584225 -0.619031
0.873117 0.152584 0.00387893
-0.583897 0.625577 0.0820498
-0.137522 -0.594178 -0.62431
-0.0271882 0.465278 -0.84473
0.246729 0.648453 -0.660566
0.435212 0.49869 -0.636968
-0.49693 -0.0115034 -0.743114
-0.134516 0.877781 0.0543087
0.637846 -0.275384 0.367859
0.285152 -0.579157 0.436178
0.906339 -0.0683233 0.0666858
-0.613555 -0.390542 -0.461433
0.0595331 0.799967 -0.525426
-0.139688 -0.349244 -0.7523
0.545627 0.595272 -0.0210399
-0.544979 0.337942 -0.716203
-0.207117 -0.837245 0.134431
0.00232688 0.687444 0.328907
-0.0924956 -0.257885 -0.800286
-0.364252 -0.789083 0.0255675
0.541966 0.404403 -0.610297
0.113937 -0.747512 0.292365
-0.765319 0.13632 0.125459
0.0770094 -0.728366 -0.334723
-0.0585456 -0.576824 0.558703
-0.524798 -0.665935 0.196656
-0.184908 0.670622 -0.685095
0.398844 0.0777094 -0.825862
0.398905 0.532735 0.335184
-0.484145 -0.678809 -0.264623
0.187249 0.862148 -0.015965
0.740246 0.39054 -0.333401
-0.109263 -0.650394 -0.516094
0.546939 -0.277967 -0.651091
-0.728296 -0.167294 0.340232
-0.477455 0.638127 0.232165
-0.577738 0.599398 0.133079
-0.718828 -0.0640656 0.408638
-0.410396 -0.66713 -0.381621
0.934099 -0.0922674 -0.0564114
-0.401349 0.601508 -0.628244
-0.0623368 -0.777289 0.2986
0.469925 0.295652 0.523625
0.189189 -0.323057 0.65577
-0.702802 -0.284714 -0.358747
0.0645306 -0.195256 -0.839397
0.0945051 0.853584 0.0403435
0.488372 0.071275 0.564051
-0.751271 -0.0474634 0.325145
0.244151 0.629777 0.290915
0.441479 -0.564071 0.309543
-0.528586 -0.550774 -0.403981
-0.401098 -0.489557 0.559112
-0.598863 0.353821 0.396938
-0.370763 -0.508124 0.562566
-0.744441 -0.0727964 0.333821
0.0568549 0.893094 -0.0398467
-0.400776 0.577879 0.361462
-0.570668 0.279004 0.507296
-0.494309 -0.27608 -0.664371
0.657791 0.229455 -0.595942
-0.210148 0.832455 0.0973192
-0.706105 -0.435378 -0.274684
-0.442909 0.0134531 0.718611
-0.139303 0.0945972 -0.857097
-0.573335 -0.262188 0.54027
-0.468737 0.39253 -0.739197
0.248701 0.394355 -0.824739
-0.449636 0.759924 -0.0929465
-0.791207 -0.213933 -0.0296703
-0.630885 0.259153 -0.645589
-0.475348 0.439716 0.45702
0.214331 0.730884 -0.565537
-0.0161383 -0.755227 0.332782
0.3334 0.757996 -0.30923
0.214678 -0.633318 -0.555142
0.179508 0.186221 0.749022
0.601242 -0.0291703 0.46321
0.721004 0.0883679 -0.578398
0.574581 -0.556826 -0.394398
0.102378 0.513793 0.50304
-0.69933 -0.42791 -0.305399
0.48182 0.352637 -0.688192
-0.08893 0.466438 -0.847712
0.402141 0.0655568 -0.822928
0.190495 0.859336 -0.248491
0.641419 0.354032 0.205879
-0.776762 -0.314556 0.0974613
-0.788168 -0.265227 0.0488055
-0.485775 -0.0877188 -0.735569
0.835001 0.273501 -0.117899
-0.447595 -0.275606 -0.688348
-0.669961 0.063003 -0.631541
-0.618032 0.242208 0.468193
0.138003 -0.546096 -0.679167
0.461826 0.516945 0.277677
-0.148648 -0.403673 0.718909
0.80293 -0.400076 -0.0937765
0.0152082 0.561147 -0.773123
-0.113425 -0.598393 -0.62476
-0.739755 -0.265791 -0.223939
-0.148197 -0.847989 0.124591
-0.125792 0.365768 -0.8634
0.103285 -0.751712 0.289498
0.567236 -0.651972 -0.0272589
-0.624187 -0.536864 -0.309042
-0.658774 0.151475 -0.610533
-0.622693 -0.446912 -0.408459
0.853053 0.193805 -0.30996
-0.695215 0.378042 -0.0535098
0.407381 0.725882 -0.224571
-0.780978 -0.127197 -0.123445
0.698918 0.448308 -0.229045
-0.635764 -0.438734 0.361733
0.472368 -0.328379 -0.670541
-0.224296 -0.0328095 0.810232
-0.754429 -0.424136 -0.0622218
0.129674 -0.691813 -0.426206
-0.645436 0.398655 -0.398798
-0.0989725 -0.756908 -0.233523
0.420259 0.275581 -0.762683
0.428296 -0.591405 0.2839
0.453585 0.0376559 -0.798228
0.171384 -0.557705 -0.666328
-0.436698 0.5861 -0.617128
0.0101589 0.062252 -0.889175
0.554431 -0.634783 -0.302381
-0.0930017 0.495436 -0.833144
0.337332 -0.613132 -0.519266
-0.736789 0.108306 -0.300542
-0.17155 -0.151763 0.824753
0.607624 -0.627813 -0.106146
-0.309006 -0.496772 0.607528
0.632817 -0.609838 -0.153383
0.852083 0.170114 0.0285091
0.454915 0.515533 -0.599933
0.091316 -0.335918 0.68858
-0.133642 -0.837702 0.0418787
-0.772122 0.116968 0.119188
-0.248013 0.880583 -0.0790157
-0.193715 0.595556 0.422877
-0.150875 -0.0502192 -0.829232
-0.698089 0.106231 0.414352
-0.785085 0.0489226 0.167488
0.181211 0.319796 -0.89829
0.0186906 0.287108 0.743276
0.81568 0.227689 -0.368745
0.363998 -0.692755 -0.357452
0.438969 0.56167 0.248551
0.556992 -0.663156 -0.0421215
-0.552489 0.616111 -0.298141
0.398156 -0.414579 -0.662368
0.643894 -0.601993 -0.246108
-0.635193 0.429515 0.254583
0.163195 0.815268 0.085982
0.292145 0.654412 -0.624638
0.605245 -0.110642 0.466614
-0.135681 -0.804904 -0.0832688
0.310315 0.763619 -0.355611
0.114059 0.703242 0.263133
0.145366 -0.189567 -0.836618
0.511632 0.520671 0.200378
-0.494868 0.678498 0.139575
0.358744 0.434342 0.479259
-0.263613 0.876694 -0.125247
-0.140213 0.917979 -0.089667
0.32608 -0.373357 -0.749382
-0.139983 0.0156351 0.824001
-0.427109 0.622887 -0.586844
0.0302612 -0.417091 0.659519
-0.320844 -0.090333 -0.778079
0.427022 0.205878 0.599908
0.641392 0.381116 -0.524944
0.590599 -0.639931 -0.0736015
-0.679595 -0.0409743 -0.558456
-0.562145 -0.647989 -0.178274
-0.50226 0.642654 0.19075
0.13483 0.840283 -0.434271
-0.795607 -0.111024 -0.0327739
-0.270463 -0.0727431 -0.79422
-0.757443 -0.0919332 -0.23565
-0.0402984 -0.0285551 -0.861751
-0.0442921 -0.745049 -0.277583
-0.466128 0.545065 0.355097
0.0590716 0.695539 -0.662264
-0.147175 -0.439028 -0.715661
-0.629823 0.439005 -0.394733
0.633152 -0.478299 0.203055
0.115167 0.819721 0.0941286
0.330833 0.380065 0.561367
0.422066 -0.325643 -0.711386
0.667941 -0.364136 0.282131
-0.35975 0.26074 -0.79217
-0.685507 0.379297 0.168258
0.728737 0.0284321 -0.57495
0.0391777 -0.763656 0.294034
-0.641648 0.288535 0.386164
0.475122 0.0927692 0.573521
0.670653 -0.129982 -0.5958
-0.218208 0.623198 -0.729565
0.439298 0.220199 0.583338
-0.361363 -0.386701 0.656735
0.515259 -0.153162 0.539101
0.455179 0.672454 -0.322259
0.589664 0.540858 0.0278244
-0.0520877 -0.605001 -0.621049
-0.621983 -0.113033 0.536194
0.792815 0.31741 -0.334782
0.457282 -0.0146433 0.610202
-0.000999411 0.255743 0.76921
0.10186 -0.0623906 -0.872714
-0.770443 0.0384613 0.262093
-0.780258 0.154467 -0.00554153
0.659765 -0.280512 -0.537132
0.288874 -0.760527 -0.265446
-0.166112 -0.673221 -0.455374
0.360017 -0.730926 0.120568
0.391312 -0.63499 0.259049
-0.642276 -0.521821 -0.307194
-0.462845 -0.620291 0.382855
-0.713043 -0.260805 -0.331513
0.109461 -0.568797 0.516694
0.126931 -0.828016 -0.0364825
0.4594 0.671228 -0.31469
-0.645832 0.22676 -0.606143
0.372724 0.0538751 -0.833448
-0.684768 0.346227 -0.24581
-0.528783 0.272909 -0.729208
0.430824 0.332423 -0.732255
-0.702322 0.336375 -0.132609
0.466626 0.0151276 0.598969
0.51789 0.583551 -0.406664
-0.470024 -0.32362 -0.654634
0.329919 -0.640139 0.312265
-0.520922 0.267095 0.55497
0.236708 0.400321 -0.828854
0.411507 -0.534776 0.384072
-0.355824 -0.18462 0.745651
0.0343585 0.912897 -0.0986194
0.898045 -0.217053 -0.209509
0.114685 0.584399 0.412251
0.400943 0.392434 -0.726546
0.894976 0.0625574 0.0515458
-0.628559 -0.22158 -0.56729
0.347296 0.745303 -0.324236
-0.0535527 0.922296 -0.267774
0.809989 -0.18875 -0.372466
-0.140253 -0.737972 0.411272
0.460149 0.681041 -0.267083
-0.455719 0.68 0.201178
0.446872 0.0390361 0.614269
-0.780589 0.06868 0.158165
0.528926 0.551028 -0.4523
-0.154845 -0.546224 -0.649526
-0.133407 0.234605 0.745562
-0.46824 0.662332 0.210475
0.402952 0.422586 -0.711403
-0.0745895 0.921373 -0.241428
0.316442 0.0715157 -0.858774
0.105551 0.872122 -0.370822
-0.48226 0.421193 -0.718733
-0.57923 0.407399 -0.64196
0.189598 0.462349 0.528518
-0.574746 0.502866 -0.558728
-0.690166 -0.253364 0.401534
0.314801 -0.0447208 0.72742
-0.305113 0.859191 -0.0902902
-0.20234 0.311908 -0.844567
0.581533 0.585639 -0.125239
0.102116 -0.422473 -0.755362
-0.725539 -0.338631 -0.244737
-0.429545 0.635958 -0.556781
0.23575 0.852267 -0.135101
0.84197 0.118629 -0.381339
0.283202 0.670592 0.220207
0.232508 -0.71584 -0.368301
0.0567603 -0.199698 0.771178
-0.470715 0.00900445 -0.753203
0.638546 0.395671 0.162239
0.361008 -0.0492719 -0.82275
0.171422 -0.404623 -0.760042
-0.398492 -0.659987 0.410453
0.903549 -0.142839 0.00870548
0.95814 -0.0632635 -0.158876
0.00666187 -0.364302 0.705472
0.206473 0.169251 -0.915867
-0.660167 -0.586467 0.0166125
0.257035 -0.787514 -0.195387
0.695587 -0.274571 0.290394
0.280219 0.0748629 -0.873001
-0.389141 0.195217 0.681521
0.238115 0.841649 -0.0437192
-0.460394 -0.634779 -0.369927
0.531706 -0.686006 -0.0536936
-0.631977 0.429967 -0.406807
0.479386 -0.603331 -0.415448
0.452882 0.639986 -0.39647
-0.438855 -0.0563673 0.708166
0.0147983 -0.47306 0.619776
-0.0929177 0.56001 0.475653
-0.316907 0.550438 -0.730409
-0.591422 0.0824945 0.561958
0.621342 0.116503 0.40284
0.200284 -0.725841 0.275895
-0.275523 -0.224163 -0.757359
-0.153855 0.912369 -0.0295444
0.442325 0.563791 0.240819
0.254086 -0.666464 -0.478726
0.51837 0.145838 -0.745177
0.141387 -0.52083 0.546408
-0.060435 -0.468516 -0.724924
-0.269739 -0.486518 0.638459
0.444971 -0.414211 -0.626845
-0.313587 0.80704 0.0951351
0.83449 0.278252 -0.218002
0.551579 0.246716 -0.685098
0.072694 0.855955 0.041609
0.507737 -0.383655 -0.601561
0.0389496 0.512633 -0.807326
0.896846 -0.225886 -0.0514554
-0.598351 -0.629425 0.107323
0.429772 -0.735323 -0.0336579
-0.778706 0.117142 -0.105726
0.0830116 0.611457 0.393831
0.00258056 -0.129814 -0.849924
0.806425 0.31612 -0.157343
0.269062 0.796894 0.0402291
0.581033 -0.500535 0.236893
0.414569 -0.634535 0.235892
-0.253564 0.00685908 -0.81228
0.271045 -0.180175 -0.820497
0.223219 0.834002 -0.301838
0.815898 -0.365024 -0.230918
0.509486 0.132826 0.527145
-0.468573 0.746417 -0.063618
0.730823 -0.331663 0.201966
-0.35927 -0.414248 -0.667653
0.528181 -0.282624 0.486606
-0.6971 -0.366099 0.346008
-0.472774 0.213718 0.618637
0.882933 -0.22749 -0.230274
-0.520927 0.7045 -0.00271443
-0.366031 0.453174 0.524053
-0.792768 0.0312557 0.0300979
0.854404 -0.0410654 0.143615
-0.28961 -0.393927 0.692691
0.755726 0.378472 -0.210254
0.661675 0.0367229 -0.667226
-0.686152 -0.530977 0.0688198
0.380218 0.755682 -0.105486
-0.308401 0.345739 0.635588
0.672539 0.232504 -0.575525
0.5119 -0.334989 -0.635075
0.378556 0.735136 -0.00360287
-0.139194 -0.837141 0.188587
-0.655117 0.0627393 0.48941
0.76446 -0.431134 -0.292808
0.171734 0.792604 -0.497
0.859339 -0.242435 0.0290638
0.155017 -0.503712 0.556051
-0.220012 0.715923 -0.618377
0.248461 0.741212 -0.508404
0.690921 0.23748 0.239898
0.122455 -0.571654 -0.664759
-0.0496172 0.915625 -0.292933
-0.530534 0.657874 0.115504
-0.343454 0.710057 0.222034
-0.503677 -0.483516 -0.505743
-0.0487921 0.0195619 0.833487
0.461727 -0.704252 -0.251765
0.455729 -0.611062 0.226079
-0.415395 -0.578132 -0.482306
-0.0608891 -0.139136 -0.837413
-0.665463 0.41431 -0.180477
-0.527361 -0.611598 0.291569
-0.693765 -0.123888 -0.467046
-0.530702 0.425051 -0.672519
0.308018 -0.243834 0.648025
0.0094058 0.833739 0.0958813
0.0883187 -0.58943 0.503314
-0.504223 -0.700246 -0.121377
0.258121 0.818853 -0.261845
-0.582661 0.649595 0.0230739
0.90559 0.0682253 -0.0216882
-0.0770129 -0.848151 0.0397831
0.560835 -0.27712 -0.641017
-0.342941 -0.722355 0.370572
0.831929 -0.0320402 -0.415219
0.561511 -0.372045 -0.568864
-0.581309 -0.165314 0.55803
-0.17368 0.707418 -0.635751
-0.508979 0.343285 0.512949
-0.272031 0.555199 -0.753349
0.182943 -0.792804 0.098787
-0.409531 0.660189 -0.530185
0.63262 0.123847 -0.666104
-0.324787 0.130875 0.737815
-0.286867 0.148755 -0.823512
-0.706251 0.324478 -0.13941
0.660996 0.326732 0.202528
-0.508233 0.504381 -0.625329
-0.667289 -0.212495 0.458142
0.1499 -0.718467 0.325239
-0.192878 -0.474365 -0.6834
-0.449419 0.575187 0.334912
0.0371898 0.128303 0.811799
0.686325 -0.32425 0.276684
-0.156495 0.868772 -0.367674
-0.339021 0.427951 -0.779233
0.161669 0.370083 0.638167
-0.446907 -0.491258 -0.550352
0.601292 0.473351 0.126357
0.14624 -0.671691 0.393781
0.243061 0.453055 0.513659
-0.0253787 -0.769014 0.304516
0.302785 -0.721565 -0.340233
-0.540988 -0.211494 0.581113
0.422185 -0.278151 0.577841
-0.729092 -0.489568 -0.0872949
0.504742 0.118789 0.535485
-0.701262 0.302314 0.206448
-0.181289 0.572085 0.458068
0.607165 -0.629382 -0.133002
-0.000160611 0.623084 0.403274
-0.394592 -0.550618 -0.532155
-0.257023 0.746567 0.200637
0.270635 -0.400575 0.583514
-0.0376833 -0.53235 -0.69116
-0.384778 0.269704 0.640904
-0.180469 -0.53325 0.621603
0.758506 -0.273189 -0.405147
-0.0261052 0.759309 0.232359
-0.496162 -0.141109 -0.719538
0.460393 0.194487 0.566324
0.300431 -0.335227 0.604964
0.746173 0.0137431 -0.550444
-0.181758 0.327492 -0.850531
-0.159928 0.513194 0.526786
0.355994 -0.0132141 -0.830369
-0.4136 -0.126947 -0.747637
-0.681791 0.344653 -0.275761
-0.311734 -0.198261 0.773224
-0.473371 -0.103454 0.666748
-0.700291 0.319801 0.188338
0.77811 0.211363 0.116398
-0.52454 0.481426 -0.629757
0.550221 0.00264671 0.512244
-0.691947 -0.487289 -0.28944
0.538197 -0.365517 0.421644
-0.661174 0.213366 0.427337
0.414548 0.0410635 -0.814655
0.0275687 0.161881 0.801434
0.404311 0.281763 -0.77049
-0.445403 0.155578 0.670896
-0.715319 0.0634348 0.395602
-0.382167 -0.445529 -0.64592
0.741133 -0.23505 0.241391
-0.627623 0.417588 -0.484028
0.158302 -0.785929 0.14317
-0.0633204 -0.186913 -0.828581
0.799208 -0.39592 -0.0272215
-0.774755 0.144829 0.0484239
0.0740465 -0.425438 -0.755032
-0.539187 0.608848 -0.401625
0.59899 0.306701 -0.6256
0.435912 -0.402265 -0.642892
-0.590694 0.633374 0.0565996
-0.569395 0.539042 0.237509
0.0498711 -0.842652 0.0444639
-0.0507612 -0.369333 -0.768609
-0.601343 0.00603721 0.563214
0.816375 -0.371667 -0.170061
0.260797 0.678901 0.220883
0.323446 -0.647525 0.307675
-0.0552478 0.233148 0.76634
-0.506219 -0.473089 -0.515281
-0.147979 0.909568 -0.189758
-0.738288 0.0970036 0.307516
-0.197386 -0.600294 -0.590267
0.194216 0.563213 -0.744122
0.312436 0.810711 -0.12636
-0.610359 -0.297208 -0.534929
-0.0218276 0.900783 -0.0300249
0.0411016 -0.833793 0.1076
0.658443 0.233661 0.297887
-0.664918 0.189021 0.439823
-0.452917 -0.0307492 -0.753903
-0.288774 0.568266 -0.734235
-0.55776 -0.685055 0.0340074
0.292627 0.249275 0.671783
-0.732468 0.0524543 -0.356535
0.605748 -0.254177 -0.615024
-0.644037 0.51482 0.137111
-0.360066 -0.71047 0.374375
-0.47051 0.458729 0.440977
-0.0854005 -0.657613 0.496418
0.596215 0.046576 -0.721055
-0.731364 -0.394235 -0.188012
-0.631196 -0.5806 0.129562
-0.714238 0.316914 -0.0981202
-0.248866 -0.761592 0.362392
0.0638469 0.408337 -0.870015
-0.368161 -0.505147 0.566389
0.816187 0.214304 -0.374394
0.38774 -0.0359624 0.66758
-0.253338 0.810465 -0.411578
-0.655046 0.156852 -0.622575
-0.524287 -0.498086 0.444589
-0.033106 -0.642487 0.493004
0.34496 0.641247 -0.567849
0.0139851 0.0449651 0.833479
0.668707 -0.31277 -0.509885
-0.154973 -0.570865 0.59061
-0.504112 0.611403 0.237519
0.767191 -0.193551 -0.430335
0.811449 -0.382541 -0.138247
0.392952 0.503622 0.375168
-0.727513 -0.481623 0.0251076
0.0635 -0.642612 -0.539597
-0.715296 -0.50386 -0.119639
0.148458 0.837755 0.0538549
0.423721 0.680149 0.0701804
-0.305629 -0.307743 0.744023
-0.215697 0.838855 -0.387765
-0.348369 -0.585493 -0.534762
0.548827 0.611516 -0.112236
-0.48944 -0.40922 0.564693
-0.789018 -0.0710834 0.158656
0.944712 -0.0111858 -0.162146
-0.275745 -0.819508 0.0800139
-0.580443 -0.643725 0.124264
-0.152349 0.794658 0.164071
0.0869448 0.88923 -0.0403751
0.755081 0.112288 -0.515506
0.773115 0.0680484 -0.509494
-0.538419 -0.557713 0.349934
-0.410738 0.740664 0.143586
0.605726 0.521282 0.0438276
-0.519676 0.184301 -0.741375
-0.655198 -0.376444 0.400133
-0.331664 -0.536373 -0.597674
0.134766 0.840914 -0.433177
-0.331233 0.842655 -0.207021
0.889977 0.127361 -0.0618629
-0.588516 -0.381169 -0.498252
0.821439 -0.204814 0.132066
-0.15314 0.714109 0.272832
0.361562 0.506757 0.386961
0.597146 0.552888 -0.0367436
0.691378 -0.192351 -0.537404
0.0704833 0.512301 -0.803225
-0.236781 -0.598998 -0.573934
-0.766547 -0.402561 0.0259831
0.361743 -0.482296 0.491784
0.08572 -0.677077 -0.461032
-0.74326 0.154128 -0.235977
0.853836 -0.28985 -0.000996746
0.0519448 0.739107 -0.606941
-0.674263 0.286369 0.316993
0.327497 0.488289 0.427208
-0.113856 0.186653 -0.879482
0.325849 -0.504142 0.493582
0.406927 0.174843 0.62876
0.295702 0.798994 -0.235614
0.183798 0.869354 -0.0409601
-0.284113 -0.730481 0.389988
-0.0649489 -0.770089 -0.198966
-0.685838 0.400849 -0.0558068
-0.306536 0.207497 -0.816921
-0.531913 0.280023 0.537793
0.570875 0.251019 0.425091
0.667903 -0.0633456 0.389775
-0.315181 -0.360675 0.701409
-0.237157 0.13399 0.765278
0.137012 0.212667 -0.930743
-0.64628 0.420901 -0.31802
0.418468 0.528296 0.324354
0.279859 -0.782852 -0.212907
-0.391382 0.0210666 -0.778288
-0.198274 -0.087987 -0.810406
0.019504 -0.0170731 -0.87415
-0.561097 0.663416 -0.0169745
-0.460051 -0.747635 0.0153633
-0.650003 0.383004 -0.412741
-0.335168 -0.673442 -0.440688
-0.607484 0.534176 0.17523
-0.166639 -0.491625 0.652587
-0.242638 0.822847 -0.392775
-0.359864 0.232224 0.676181
-0.531633 -0.503412 -0.455583
-0.504149 0.686005 0.107792
-0.424208 0.617786 0.300555
0.17832 0.665586 -0.666294
0.0343608 -0.824111 0.141916
-0.589419 0.542393 -0.374154
-0.366701 0.728024 -0.433539
-0.19754 0.484232 -0.814817
-0.595792 0.0117449 0.56954
0.356753 0.620412 0.246724
0.247511 0.406305 0.570183
-0.712211 -0.510815 -0.0238387
-0.781934 0.0540608 0.177788
-0.410429 0.190107 -0.780704
-0.198257 -0.0155421 -0.822842
0.744633 0.0627558 0.257983
-0.578115 -0.0744879 -0.711928
-0.469891 0.436254 -0.718154
0.45483 -0.705771 -0.263077
0.650624 0.392045 0.146425
-0.708983 0.305645 -0.179158
-0.732579 -0.166349 -0.300734
-0.221593 -0.782939 -0.11269
0.912167 0.0556909 -0.0478327
-0.0375677 0.255465 0.759958
0.706723 -0.517584 0.019922
0.552875 0.43367 -0.57109
-0.39972 0.107081 -0.785157
-0.438057 -0.493971 -0.555476
-0.114759 -0.582104 -0.638628
0.208259 0.784473 0.113596
-0.288279 0.861303 -0.218222
0.194557 -0.0217591 -0.871665
-0.277721 0.00159244 0.792007
0.0165191 -0.425797 -0.756452
0.49398 -0.115342 0.569566
0.687587 0.231703 -0.556705
0.51348 -0.698774 -0.0412185
0.689976 -0.544527 -0.0153012
-0.269516 -0.259608 0.779909
-0.169589 0.66808 -0.690779
-0.666746 -0.524077 -0.25363
-0.724329 0.255442 -0.218104
-0.163283 -0.253398 -0.781024
0.0791873 0.885586 -0.318824
0.852334 0.000683772 -0.401918
-0.5185 0.0446597 0.655126
-0.0490636 -0.669061 -0.47374
0.949059 -0.127533 -0.158651
0.512826 -0.690171 -0.00391559
0.00337188 -0.528153 -0.704966
0.251886 -0.799621 -0.125024
-0.211999 -0.729014 -0.300423
-0.718248 0.11162 -0.380911
0.0137144 0.671211 0.346663
-0.771781 -0.172381 0.203382
0.462214 0.409511 0.415241
-0.493222 -0.462833 -0.539436
0.238915 -0.585121 0.449005
-0.50261 -0.281005 -0.654977
0.746595 -0.306919 0.191348
-0.635938 0.501517 -0.136657
0.702528 -0.399799 0.190564
0.871085 0.117377 0.0432155
-0.320348 -0.787998 0.239959
0.168304 0.380141 0.627063
-0.266904 -0.446523 0.668758
0.863994 -0.265404 -0.240155
-0.35386 -0.631456 -0.479211
-0.560081 -0.631319 -0.225453
0.92791 0.00177484 -0.0285099
0.807626 0.311179 -0.24511
-0.267893 0.566982 -0.746501
0.197813 -0.0210208 -0.871385
-0.584038 0.599299 -0.223823
0.332995 0.79365 -0.0919453
-0.441545 0.706538 -0.360056
-0.665113 0.36388 0.26224
0.0417131 0.182631 0.795957
0.737679 0.405195 -0.095591
0.0536006 0.438113 -0.852838
0.887157 -0.123476 -0.290184
0.0012407 0.246176 0.774467
0.705492 0.000398395 0.330118
0.69891 -0.308077 0.266131
0.0811192 0.187305 0.781501
-0.0789141 0.434282 0.601301
-0.655536 0.0545216 -0.692683
0.627084 0.417663 -0.506097
-0.323642 0.0369417 0.773084
0.315571 0.30446 -0.818434
-0.620717 -0.608778 0.0989869
0.257746 -0.726641 0.228822
-0.699868 -0.0744209 -0.466426
0.272583 0.00605429 0.76148
0.77671 -0.427346 -0.178733
0.52762 -0.078146 0.551563
-0.196508 -0.827908 0.0516036
0.40238 0.260098 -0.780006
0.806596 0.149207 0.123492
0.732376 0.398033 -0.342171
-0.620523 -0.36787 -0.470063
0.00390815 -0.786606 0.253932
0.387359 0.356584 0.555049
0.645806 0.0162472 -0.688142
-0.689076 -0.0994929 0.458497
0.473801 -0.570147 -0.466067
-0.689703 0.244985 -0.396909
0.76057 0.100717 0.224472
-0.678477 -0.0971878 -0.536599
0.109666 -0.791105 0.171635
0.148788 -0.809174 0.0717623
-0.564886 -0.229185 -0.63015
-0.240019 0.455114 -0.806672
0.0917656 -0.17252 -0.847361
-0.52011 -0.0995893 -0.72459
-0.75597 -0.428701 0.0717659
0.671909 0.127088 -0.63063
0.194835 0.0914052 -0.899997
-0.00317714 0.85512 0.0618061
0.945714 -0.0169149 -0.206546
0.493125 -0.62416 -0.374539
0.57347 -0.653601 -0.0738044
-0.248303 -0.790462 0.31768
0.559467 0.34547 0.354351
0.534694 0.082934 0.511013
0.820892 -0.170747 -0.365601
-0.02678 -0.505627 -0.7111
-0.240611 0.836551 0.0832853
0.149561 0.713178 -0.635751
-0.201674 -0.825933 0.0476082
-0.0802973 -0.271451 0.79001
0.426706 -0.481098 0.427584
0.0503157 0.235886 -0.927794
0.335184 0.711267 0.143194
-0.0388555 0.915992 -0.294883
-0.461195 0.742888 0.0331369
0.628347 0.410278 0.161647
0.735796 0.172496 -0.515753
0.135651 -0.442755 -0.742626
0.341288 0.476802 -0.724469
0.200523 -0.637864 0.407879
0.00388885 -0.093379 -0.857358
-0.202184 -0.651855 -0.506096
-0.586648 0.371623 -0.664093
-0.181435 0.405964 0.621875
0.0215397 -0.769979 0.285776
0.32493 0.787889 -0.0339236
0.200411 -0.702293 0.31867
-0.698991 -0.252679 0.383926
0.464346 0.661994 -0.330484
0.309086 0.709139 -0.479681
0.26307 0.52382 0.414747
-0.785439 0.117472 0.0327045
0.6106 0.530736 -0.00374212
0.0201648 0.849454 -0.457023
0.797513 -0.384945 0.0114158
-0.280611 -0.56245 -0.596703
0.0545351 0.495667 0.528608
-0.284685 0.184354 0.726833
0.341923 -0.498915 0.490653
-0.173709 -0.816019 -0.0151652
-0.756695 0.221573 0.0160412
0.370874 0.368848 -0.756041
0.283085 -0.784971 -0.207011
0.670644 -0.480764 -0.402557
0.464434 0.0502199 0.594798
-0.0590725 0.692767 0.32466
0.668544 -0.573547 -0.20267
0.840991 0.0329358 0.140758
0.496834 -0.712683 -0.0615733
-0.536002 0.659583 0.103149
-0.114524 0.49512 0.542237
0.213193 -0.0612566 0.776439
0.21921 0.181476 0.736894
-0.186075 0.464385 0.56922
-0.292829 0.793374 0.127246
-0.258499 -0.806339 0.0124046
-0.277891 -0.566014 -0.594542
0.197022 -0.652008 -0.513602
0.21858 0.509576 -0.779771
-0.754548 0.181023 -0.16396
-0.20328 -0.378965 -0.723641
-0.128779 -0.0597603 0.833536
-0.714892 -0.0957046 -0.399155
0.427524 0.676454 0.072115
-0.770372 0.142138 0.0817677
0.581137 0.558936 -0.334092
0.331479 -0.448968 0.52892
-0.47511 0.579329 0.312394
-0.330804 0.363941 0.611388
0.533687 0.468046 0.236332
-0.396233 -0.368039 -0.672298
-0.746838 0.148504 -0.224797
-0.342196 -0.759467 0.277965
0.335054 0.775731 -0.0181505
0.881938 0.192835 -0.217666
0.674452 -0.459473 0.17203
-0.38723 0.806729 -0.0175468
0.39395 -0.453324 -0.635506
-0.306472 0.0498994 -0.805886
-0.343753 -0.75388 -0.134862
0.320675 -0.111495 -0.827015
0.769277 -0.299534 0.159707
-0.146599 -0.564682 0.59312
-0.753668 0.0704974 -0.249132
-0.307688 0.546577 0.442337
-0.348811 -0.447753 0.621061
0.125388 -0.770187 -0.227601
-0.107902 -0.169154 0.829329
0.555616 0.0958184 -0.734486
-0.549974 -0.427902 0.490931
0.50298 0.627065 0.00127717
0.379862 -0.744304 -0.246796
0.810225 0.299103 -0.0329671
-0.146364 0.915486 -0.0991596
-0.130504 0.148979 0.788207
0.18044 0.170523 0.756742
0.000522181 -0.356578 -0.781301
-0.682739 0.420243 -0.0172477
-0.560351 -0.559402 -0.359642
0.0701199 -0.77041 -0.218528
-0.544449 0.644311 0.115928
-0.583779 0.630318 0.0738179
0.770591 0.0241701 0.236462
0.411145 -0.103678 0.638213
-0.125554 0.779326 0.191349
0.0554252 -0.320269 0.710886
0.332511 -0.619191 0.340919
-0.758227 -0.0217962 0.31625
-0.134115 -0.184131 -0.810619
-0.246844 -0.388148 -0.708317
-0.348069 0.467016 -0.768095
0.236393 0.35739 0.629009
-0.526632 -0.709788 0.00767967
-0.685419 -0.112568 0.461243
-0.151577 0.480135 0.558422
0.017053 0.127376 -0.902895
0.826728 -0.336614 0.00883032
0.242735 0.448698 -0.799909
-0.167849 -0.660661 -0.486522
-0.0505015 0.368959 0.66531
-0.764114 0.209809 -0.0180711
0.457145 0.688054 -0.244153
-0.676796 -0.0372499 -0.570652
-0.14099 -0.551078 0.602258
-0.131176 0.195171 0.765431
0.406353 -0.55433 0.361165
0.459956 -0.394935 -0.629886
0.90063 -0.211458 -0.0477041
-0.546475 -0.197442 -0.669784
-0.703172 -0.235212 -0.380292
0.923147 -0.0948905 -0.0131328
-0.1248 -0.495434 0.641539
-0.792483 0.0217854 0.0554009
0.399081 -0.725173 0.101195
-0.532868 -0.610601 -0.321541
-0.27532 -0.109883 -0.786581
-0.172136 0.344983 0.677261
-0.739954 -0.0204493 0.367638
0.868234 -0.282328 -0.0350068
-0.328843 0.78413 -0.357696
-0.321111 -0.495233 0.60162
0.42968 0.294116 0.559561
0.455642 0.672742 -0.319478
0.42007 -0.0649295 -0.797933
-0.113009 0.783142 -0.536382
-0.64876 -0.189549 0.492173
-0.297399 0.697329 0.255345
0.474588 0.33757 -0.700109
0.946848 -0.15531 -0.151829
-0.569039 0.596906 0.152416
0.331155 0.595468 0.290856
-0.779071 -0.212194 -0.0835152
0.671316 0.30761 -0.538401
0.0802966 0.30736 -0.921085
0.328863 -0.75472 0.0642906
-0.339155 -0.0245758 -0.784593
-0.789406 -0.0255477 0.174079
0.821063 -0.0554013 0.190605
-0.689276 -0.104913 -0.492627
0.418781 -0.0771154 0.638251
-0.60793 -0.624446 0.0858017
-0.0136976 -0.278056 0.759937
0.608389 -0.252231 -0.612879
0.830975 -0.258314 0.0859074
0.299161 -0.622284 0.365497
-0.195065 -0.541162 0.616623
0.386761 0.680259 0.156273
0.128708 0.356622 0.656713
0.252118 0.702572 -0.581056
-0.267493 -0.226597 0.788322
0.538799 -0.399857 -0.565387
-0.380071 0.00653105 0.75342
0.724617 -0.436 0.11802
0.119476 0.87688 -0.308021
0.620891 0.51408 -0.351132
-0.483547 -0.629812 -0.351461
0.734669 -0.492019 -0.1333
-0.754964 0.0907249 -0.23007
-0.379849 0.65905 0.273635
-0.300747 0.700843 -0.584055
-0.162435 -0.517065 0.632688
0.695621 -0.0645269 -0.591456
-0.535111 0.689726 0.0149442
0.421724 -0.530904 0.378797
-0.731739 0.0734217 0.34644
-0.701536 0.160222 -0.414912
0.628817 -0.493321 -0.424804
-0.191663 -0.781631 -0.141773
-0.533499 0.166219 -0.73813
-0.448734 0.121031 0.688593
-0.238791 -0.827551 0.0836622
0.232434 -0.65696 0.370593
-0.79222 -0.054312 0.0894789
-0.0833936 -0.746378 -0.26763
0.147268 0.179787 0.763762
-0.132117 -0.687716 -0.421612
0.301342 0.0819397 -0.866138
-0.353282 0.36398 -0.784233
-0.0789082 -0.0265263 -0.852043
-0.598661 -0.351644 0.483705
-0.620839 -0.286686 -0.530305
-0.497033 0.615361 -0.492977
-0.0548916 0.675168 -0.688502
0.347395 -0.00826396 0.700749
-0.425377 -0.698879 0.291617
-0.608602 0.563433 -0.158502
-0.293314 -0.625131 -0.51718
-0.173131 -0.509424 0.639382
0.572915 0.261131 0.417396
0.445319 -0.418053 0.468803
0.159152 -0.0121674 0.802963
0.223729 -0.033737 0.780142
-0.688568 0.202815 -0.437312
-0.374717 0.39019 -0.773788
-0.288903 -0.560835 0.569875
0.812973 -0.340313 -0.284473
-0.718383 0.255514 0.196436
-0.668942 0.313656 -0.422258
0.24101 -0.43944 -0.7336
-0.585408 0.525645 0.22806
-0.622291 -0.568356 0.181144
-0.119556 0.917673 -0.174435
-0.41347 -0.565018 -0.498736
0.501097 0.633792 -0.0220679
-0.496374 0.0800731 0.664395
0.203297 -0.661885 -0.491091
-0.467996 0.161673 -0.762512
-0.676659 0.196538 -0.494927
-0.69703 0.357024 -0.108121
-0.134236 -0.850743 0.128366
-0.716281 -0.353213 -0.27629
0.207625 0.856193 -0.208906
-0.219551 -0.0867462 -0.805077
-0.210812 0.626551 -0.728976
0.55332 -0.0261499 -0.749075
0.245726 -0.600127 0.429918
-0.210908 -0.605478 -0.577961
-0.664558 0.33447 0.296858
0.227414 0.627421 0.302188
0.90238 -0.251585 -0.145902
-0.217313 0.138142 0.769938
0.557969 0.313766 -0.652718
0.836634 -0.341823 -0.0523701
0.690087 0.344196 -0.495565
-0.788049 0.00799387 0.207216
0.468671 -0.606341 0.21913
-0.333646 -0.503289 0.588055
-0.599002 0.423965 0.322967
-0.588449 0.215903 -0.712831
-0.0738027 0.793511 -0.525732
0.582676 0.236287 -0.664355
0.459256 -0.421452 0.450861
0.184348 0.413882 -0.852952
0.075701 0.563378 0.454083
0.782019 0.242532 -0.412429
-0.26352 0.824723 -0.356788
0.404801 -0.537518 0.387244
0.0655081 -0.470733 0.6073
-0.697302 0.281001 -0.324499
0.105631 0.0424086 -0.893981
-0.628015 0.282806 -0.638582
-0.54136 -0.555101 0.348903
-0.629046 0.466309 0.226195
-0.0518796 -0.163772 0.824458
-0.638723 0.248643 0.431957
0.195701 0.769671 0.13858
0.376634 -0.486507 0.475171
0.318645 -0.501009 -0.651049
0.237966 0.815645 -0.341684
0.265331 0.696889 0.196015
0.407268 0.193314 0.624185
-0.681686 0.21211 0.374071
-0.0946291 -0.673908 -0.458555
0.825404 -0.357153 -0.183379
-0.132382 0.733219 -0.603866
-0.337114 0.786838 0.122829
-0.691833 0.249674 0.297409
-0.466641 -0.699557 -0.228071
0.895892 0.109396 -0.0608448
-0.370117 0.272466 -0.787213
-0.544207 -0.457891 -0.491923
-0.0830507 0.236657 -0.894159
-0.387009 -0.79751 0.0791736
0.425902 0.0224916 -0.807585
-0.0818836 0.681673 0.334098
-0.222735 -0.205742 0.802581
-0.395573 0.322135 0.604723
0.0166766 0.727859 0.278151
-0.01012 -0.358936 -0.780026
0.834202 -0.338417 -0.234506
0.759727 -0.399309 0.101449
-0.0664376 -0.760116 0.339299
-0.493163 -0.669332 0.245381
0.141095 -0.781547 0.172004
-0.497449 0.614087 -0.49545
-0.455223 0.17576 0.652538
-0.463199 -0.429491 -0.594806
-0.572761 0.276583 0.50614
-0.0123292 0.785596 0.184978
-0.168913 -0.652043 0.528188
0.152969 0.685401 -0.656903
0.773576 0.356838 -0.106359
0.502772 -0.493158 -0.521343
-0.0120395 0.57403 -0.766936
0.296648 -0.78837 -0.146844
-0.19436 0.875829 -0.315983
0.495272 -0.710463 -0.0836809
-0.693959 0.344178 -0.176228
-0.169868 -0.021873 0.822414
0.384176 0.691367 0.143928
-0.142705 -0.845147 0.0795561
-0.651604 -0.212186 0.478381
-0.566609 0.52959 0.256523
0.245332 0.48245 0.475572
-0.680655 0.255756 -0.427801
0.473136 -0.109061 -0.770864
-0.392657 0.239838 -0.782235
0.499402 -0.659977 -0.319682
-0.220043 0.841359 -0.374375
-0.571586 0.479902 0.30732
0.813655 -0.286909 -0.317944
-0.194957 -0.106239 0.826289
0.179427 -0.142421 -0.843574
0.839044 -0.259546 -0.289446
-0.621244 -0.576202 -0.225375
-0.536973 -0.613219 0.27385
-0.00180275 0.831645 0.102292
0.849474 0.177255 -0.33754
0.554415 -0.663907 -0.0347501
-0.0476264 -0.141561 -0.840451
-0.252321 -0.795653 -0.0362563
0.0220499 0.216161 -0.919983
0.448386 -0.201538 -0.765033
0.0691327 -0.0218475 -0.877912
0.0100419 0.85146 -0.453267
0.260727 -0.62214 -0.558944
-0.568313 0.183485 -0.72369
-0.435436 0.10012 -0.773696
0.278911 0.245218 -0.864461
0.0344754 0.42459 0.602968
-0.549144 0.638625 -0.201791
0.283931 0.401386 -0.798957
0.287472 -0.652734 0.330938
0.513271 -0.265255 -0.68664
-0.550557 -0.429203 0.488632
0.538779 0.619834 -0.25084
0.828434 0.280509 -0.0945076
0.280951 0.485994 0.45341
0.388179 -0.665243 -0.395721
0.626197 -0.272977 0.382722
0.585759 0.469507 -0.502032
0.214291 0.864474 -0.12574
0.584945 0.262458 0.395995
-0.144467 0.823054 -0.466147
0.675731 0.353227 0.147986
0.0393538 -0.388357 0.67768
0.484515 -0.700335 -0.197573
0.100491 0.576432 0.428939
-0.580427 0.380886 -0.662679
-0.698504 0.116592 -0.463882
0.426567 -0.742908 -0.0934419
-0.00772939 -0.676625 0.447352
-0.730903 -0.117961 0.353081
0.581624 -0.352405 -0.568178
-0.313 -0.494251 0.607133
0.111128 0.00834854 -0.887658
0.411719 0.084715 0.641193
0.786235 0.149486 0.157481
-0.149118 -0.422435 0.704505
0.57113 -0.650012 -0.220662
-0.77123 0.150784 -0.11542
-0.247153 0.796495 0.135737
0.957239 -0.0750706 -0.14276
0.904264 0.118095 -0.237799
0.419495 -0.333509 -0.707433
0.224149 0.75266 0.145977
-0.72058 -0.0403812 -0.400423
0.431179 -0.674683 -0.349927
0.132386 0.184605 -0.924732
0.301444 -0.748305 0.122824
0.40636 -0.198076 0.61681
-0.746852 -0.168353 0.287706
0.283817 0.041981 -0.866421
-0.194597 0.497989 -0.812943
-0.343463 -0.325474 -0.70257
0.103322 0.894656 -0.0705634
0.363532 0.755171 -0.226141
-0.651978 -0.492688 0.247621
-0.696356 0.194698 -0.409611
-0.703936 0.0809654 0.414611
0.1336 0.832399 -0.448982
-0.302558 0.753733 -0.477462
0.00367567 -0.76347 -0.229348
-0.0832179 -0.316877 0.768163
0.0407148 -0.680914 0.425316
0.41039 -0.253301 -0.763364
-0.0647295 0.135478 -0.883535
-0.3855 -0.207817 0.714488
0.243844 0.456514 0.508921
0.395308 -0.752236 -0.0914576
0.274896 -0.0136135 0.760235
-0.560638 -0.53641 -0.389304
0.723908 0.235098 0.186539
-0.691035 0.369333 -0.117119
-0.789076 0.00736001 0.178983
0.543602 0.200262 0.474337
-0.754589 -0.03331 -0.271452
-0.738609 -0.120943 0.330428
-0.184512 0.222386 -0.860011
0.641219 0.388558 0.166361
-0.375556 0.831168 -0.0844886
0.348565 0.743574 -0.328236
-0.191346 -0.206856 0.808469
-0.618629 0.591418 0.0176138
0.168597 0.669393 -0.666004
-0.375606 -0.0894532 -0.763966
0.141545 -0.816304 0.0296718
-0.354653 0.808496 0.0287456
-0.707227 -0.487042 -0.220885
0.714751 0.431394 -0.0576119
0.326597 -0.719002 0.188725
0.0454383 0.131365 -0.906394
0.51269 -0.689542 -0.00125453
-0.238656 -0.487412 -0.662181
-0.011651 0.891325 -0.00171198
-0.770669 0.101297 -0.152332
-0.501763 0.681718 0.122099
-0.552984 0.436045 -0.64209
-0.591173 0.513171 0.235936
0.19633 0.419058 -0.843098
-0.318102 -0.214614 0.766785
-0.28373 0.869246 -0.117676
-0.678734 -0.100219 -0.534233
0.153005 0.152081 0.773721
-0.631909 0.526587 0.141879
-0.53777 -0.47898 -0.477209
-0.50348 0.462003 0.412125
-0.71121 0.342574 -0.038204
0.625594 -0.353459 -0.533484
0.039062 -0.268483 0.743582
-0.206371 -0.401827 0.717797
-0.572173 -0.183307 -0.653146
-0.46802 -0.614846 0.382239
-0.403501 0.650693 0.27422
-0.204386 -0.663424 -0.477143
0.325733 -0.191784 0.666673
0.634527 -0.0796269 -0.670194
-0.0732637 0.455847 0.579265
0.876225 0.185492 -0.251686
-0.762466 0.00287031 -0.253658
-0.632953 0.12133 -0.706127
0.448886 -0.127261 0.602817
-0.276068 0.107859 0.76428
0.440052 -0.0284482 -0.79515
-0.644758 0.273412 0.395921
0.154883 0.136036 0.779946
-0.791831 -0.0832801 0.0831392
-0.757085 -0.307847 -0.125
0.397163 0.203221 0.632883
-0.129261 0.458087 0.580249
0.787076 0.33968 -0.187296
0.709481 0.435413 -0.0502121
0.668158 0.0170473 -0.657533
0.556613 -0.288742 0.455692
0.346433 -0.168109 0.669137
0.621304 0.330085 0.266818
-0.781085 0.0989354 -0.106899
0.409233 0.69894 -0.339912
-0.611309 -0.404823 -0.453444
0.869304 0.196062 -0.0948242
0.73173 0.404286 -0.0436743
0.480221 -0.249847 -0.723748
-0.170844 -0.626571 -0.561938
-0.224585 0.327295 0.676714
-0.0159125 -0.406253 0.68109
0.678075 -0.0644011 0.376767
0.720632 -0.492981 -0.295722
-0.217419 0.891535 -0.12769
-0.0808017 0.490986 0.544366
0.1111 0.754199 -0.589089
0.0128395 0.271269 0.759779
-0.545902 0.586591 -0.479716
-0.725777 -0.000854962 0.407834
0.625522 -0.549189 0.134825
0.414628 0.526891 -0.632714
-0.459065 0.716859 -0.261985
0.746682 0.374143 -0.389886
-0.591883 -0.57275 -0.299317
0.603231 0.398557 0.217793
0.111132 0.617462 -0.715721
0.114924 -0.570883 0.51261
-0.000561231 0.739044 -0.60486
-0.592209 0.141276 0.546153
-0.257919 0.645585 0.336983
0.0461056 0.217426 -0.923722
-0.474536 -0.0210087 0.686974
-0.1951 -0.77013 -0.179056
-0.00506465 0.87563 -0.402899
-0.507798 0.0572309 0.661905
0.512661 0.326768 0.449622
0.177831 -0.751039 0.227609
0.591863 0.246824 -0.653226
0.685752 -0.47054 -0.398755
-0.0888306 0.0251724 0.829154
0.0518069 -0.743149 -0.296194
0.482119 0.416987 -0.652898
0.0589937 0.391713 -0.87935
-0.312078 0.599074 -0.69226
-0.782279 0.0454256 -0.136489
0.119834 0.645791 -0.692429
-0.457588 0.561713 0.344238
-0.727016 -0.470911 0.075836
-0.505379 0.717429 -0.00618929
-0.257006 -0.668511 -0.460879
0.190843 0.874368 -0.140066
-0.210671 0.819804 -0.448341
0.300512 0.811423 -0.16121
0.0337022 -0.44203 0.638896
0.19674 -0.813386 -0.0972484
-0.0350072 0.834994 -0.471826
0.597484 -0.338999 0.380378
-0.22382 0.882104 -0.251997
0.812746 0.00675504 0.186045
-0.381171 0.755841 0.145897
-0.705303 -0.521355 -0.0176428
-0.375074 -0.755933 0.232539
-0.118064 0.587153 -0.771475
0.429438 0.681794 -0.344222
0.368408 0.142375 -0.84125
0.0495686 0.909679 -0.0958349
-0.706725 0.163051 0.342558
0.640994 -0.358367 -0.517907
-0.697334 0.0595185 0.437097
0.695165 -0.00593409 -0.619566
0.300513 -0.160822 0.692904
-0.373892 0.631206 0.310495
0.608068 0.551958 -0.0684987
0.149802 0.787499 -0.520836
0.687243 -0.0678801 -0.601652
0.495837 0.632312 -0.343578
0.498191 -0.637146 0.14289
0.834069 -0.292998 0.0466276
0.224369 0.755294 0.142533
-0.545983 -0.647244 -0.217271
-0.0170174 -0.210931 -0.831233
-0.798334 -0.0150625 -0.103617
-0.709724 -0.432022 0.204224
0.285238 -0.725684 0.20743
-0.65603 -0.304074 0.431513
0.718771 0.204628 -0.526046
-0.672124 -0.272843 -0.466111
0.813884 0.215381 0.0526911
0.343474 -0.763086 -0.0464916
0.117664 0.632411 0.350404
-0.696608 0.240091 0.291654
0.0137023 0.893973 -0.348556
-0.143762 -0.802823 0.268848
-0.00811449 -0.339132 0.726455
0.33143 -0.466899 0.516716
0.450241 -0.494447 -0.560524
-0.680062 -0.119313 -0.520422
0.293122 -0.0606371 0.741847
-0.351388 -0.256374 -0.723692
0.517121 0.313489 0.459945
-0.632506 0.291465 0.399658
-0.635391 -0.261387 0.477099
0.398324 0.26739 -0.779807
-0.64968 0.248786 0.412067
0.646069 -0.49097 0.175374
0.181452 -0.596131 0.460963
0.200304 0.857041 -0.0231409
0.440692 -0.736257 -0.0722393
0.536094 0.305709 -0.671669
-0.148141 0.82417 -0.462639
-0.217501 -0.630119 -0.54556
-0.523966 -0.63814 -0.290992
-0.234908 0.228404 0.722539
0.642327 -0.130786 0.424464
-0.244866 0.669413 -0.671573
-0.539793 0.650202 -0.190664
-0.710793 -0.15218 0.395085
0.318235 -0.48104 0.512406
0.119149 0.179497 -0.922553
-0.670138 -0.46291 0.25533
0.117511 -0.610673 -0.605786
0.63664 -0.437419 -0.461611
0.731994 0.149598 0.246056
-0.791272 -0.157098 0.0464327
-0.315353 0.823652 0.0405706
0.888203 -0.00843724 -0.347245
0.316427 -0.0192905 -0.844365
0.635197 -0.527007 -0.381278
0.661757 0.226861 -0.592211
-0.364967 -0.504918 0.568438
0.431872 0.355672 0.522125
0.182161 0.309402 -0.901657
0.561349 0.111548 -0.724996
0.862809 -0.10736 -0.336474
-0.330462 0.549847 -0.721792
-0.102257 0.275802 0.733399
-0.0492204 0.730667 -0.614116
0.195697 0.744836 0.170026
0.917822 0.0760062 -0.189639
-0.332292 0.532112 -0.735577
0.0539688 -0.310648 0.716325
0.134862 -0.617193 -0.593081
0.590316 0.466281 -0.500145
0.53528 0.443662 -0.580689
-0.248455 0.743662 -0.568683
0.704557 -0.181021 -0.524208
0.141159 0.20819 0.75181
-0.362253 -0.647664 0.447972
-0.362233 0.708663 -0.489186
0.120527 -0.647969 -0.525463
-0.672107 -0.0863296 -0.565456
-0.552283 0.498045 -0.589269
-0.759278 0.220241 -0.0444157
-0.0193007 -0.211547 0.79386
-0.0863121 0.638507 -0.727206
0.147279 0.175067 0.765765
-0.0804277 -0.103426 0.84431
-0.39387 0.782067 0.0460786
0.492163 0.653325 -0.29462
-0.120085 0.329168 -0.872893
-0.770015 -0.0744742 0.261284
-0.589642 -0.413152 0.45407
-0.464025 -0.753255 0.0675909
0.383975 0.0478591 0.669533
0.947906 -0.0922124 -0.182879
0.471562 -0.707159 -0.197468
0.53574 -0.458975 0.330908
-0.504001 -0.40654 0.555436
-0.469527 -0.109401 -0.736081
0.518884 -0.0134287 -0.764833
0.384289 0.442208 -0.713502
0.749316 0.38972 -0.101434
-0.637453 -0.0851894 -0.637528
-0.543529 0.668972 0.0695326
-0.59849 -0.228269 0.527169
-0.556134 -0.340977 0.535083
0.675103 0.253899 0.25197
0.477302 0.682015 -0.161732
-0.565758 0.660718 -0.0070729
-0.693063 -0.217 -0.426539
0.720898 0.423084 -0.199785
-0.178357 0.330571 -0.851466
0.476485 0.410555 0.393921
-0.539817 0.497751 -0.601274
0.380075 0.477031 -0.694367
0.721878 0.421217 -0.214567
-0.662474 0.289389 0.34777
-0.190633 0.337933 0.680158
0.505011 0.147225 0.528718
-0.438309 -0.0683123 -0.751262
0.325323 -0.369894 0.577481
-0.506694 0.551611 0.312845
0.556808 -0.65639 -0.231038
-0.180571 -0.457988 -0.697119
-0.135416 0.840894 0.105664
-0.470011 0.301903 0.56955
-0.2728 0.581388 0.413692
0.669131 0.371234 0.139383
-0.274359 -0.43357 -0.683363
0.165185 -0.479807 -0.718495
0.300607 -0.116093 0.715098
0.101998 0.831098 0.077597
0.425623 0.692524 0.00615106
-0.354277 0.532037 -0.720855
0.70285 -0.0134722 -0.605271
-0.504482 -0.562062 0.397436
0.0759196 0.0655784 0.822257
-0.371287 0.109952 0.731961
0.185457 -0.228878 0.704782
0.556459 0.514455 -0.471966
0.380197 0.705248 0.125199
0.312782 -0.0927117 -0.833071
-0.535756 0.195569 -0.734377
-0.0410105 0.600855 -0.750135
-0.645313 0.407082 0.259137
0.311046 -0.782101 -0.215973
0.176339 0.843827 0.0345601
-0.0565105 -0.833823 -0.00813671
0.138101 0.628062 0.345725
-0.297741 0.545822 0.447366
-0.0182765 -0.524213 -0.701596
0.508674 -0.694563 -0.14545
0.799943 0.318253 -0.308351
-0.1613 -0.792177 0.299394
0.0767429 -0.0443394 -0.874122
0.209291 0.781218 -0.483732
-0.148666 -0.270053 -0.779738
0.267548 -0.143527 -0.829943
0.0282658 -0.699432 -0.403421
0.0766474 0.885028 -0.0208852
0.266368 0.0760018 -0.878419
0.291253 -0.680656 0.28718
0.347124 -0.729392 -0.29673
0.462746 -0.0956436 0.599072
-0.284464 0.251839 0.696374
-0.630964 0.39756 0.294664
0.503718 0.423402 0.337676
-0.643489 0.389348 -0.445831
0.0919918 0.784417 -0.547672
-0.664925 0.293598 -0.463868
-0.228489 -0.380746 0.724925
0.299411 0.240315 -0.853256
-0.6467 0.094258 0.491696
0.178098 0.235978 -0.932307
-0.423634 0.519829 0.412637
-0.319834 0.671169 0.281185
-0.0280538 -0.663531 -0.488946
-0.274974 -0.249534 0.781342
-0.76854 0.154483 -0.124261
0.0209324 0.521377 -0.803063
0.383783 0.739764 -0.234336
0.105924 -0.779927 -0.195285
0.491921 -0.382077 0.4544
-0.592994 -0.575402 0.237341
0.672375 -0.291255 -0.516584
-0.623223 0.372535 -0.572845
0.055847 -0.782796 0.241409
-0.13516 0.622039 0.401757
0.864248 0.116813 0.0552108
0.101997 -0.677428 -0.459657
-0.787547 0.0489355 -0.110436
-0.486945 0.129414 0.655881
0.656111 -0.375823 -0.492453
-0.696777 -0.391325 0.322337
0.0219241 0.0417257 0.834882
-0.595831 -0.204179 -0.613895
0.388506 0.440551 0.456555
-0.359764 -0.0286907 -0.778519
0.506496 -0.170109 0.541522
0.342502 0.667171 0.195066
-0.142165 -0.49278 0.648531
0.758888 0.373808 -0.225714
0.105637 -0.172336 0.765356
0.0142842 -0.478957 -0.732207
-0.546928 0.522608 0.301605
0.0138621 0.865225 0.0400239
0.34896 0.533437 0.359789
-0.667926 0.382734 -0.264702
-0.790726 -0.0334009 0.137487
0.333342 0.675442 0.189214
-0.752204 -0.253703 0.224664
0.886206 -0.274198 -0.150191
-0.721484 0.145665 -0.338866
0.506283 -0.534748 -0.481431
-0.408985 -0.781783 0.104826
0.289026 -0.288342 -0.791091
-0.167482 -0.71608 -0.346176
0.043457 -0.584438 -0.655218
-0.558669 0.098983 -0.735643
0.306455 0.201306 0.694691
-0.606487 0.534869 0.176025
0.904473 0.103273 -0.129978
0.786806 0.222463 -0.414824
0.185274 0.309771 -0.899529
0.82428 -0.370565 -0.0852937
0.0982609 -0.828754 0.0365714
0.715479 -0.289344 -0.458008
-0.136422 0.378937 0.65031
0.192345 0.448215 0.544925
-0.48498 -0.689649 -0.222011
0.741404 -0.483985 -0.123801
0.568105 -0.534907 -0.430321
-0.665524 0.178896 -0.558405
-0.469915 0.0485973 0.696394
-0.605244 0.207081 0.511169
0.729253 0.416364 -0.104207
0.282453 0.812033 -0.216208
-0.484144 -0.292837 0.608869
0.513939 0.362574 0.401461
-0.7941 -0.140984 -0.0153086
0.94688 -0.0190663 -0.175492
-0.162948 0.573795 0.460232
0.465407 -0.620938 -0.403718
-0.248871 0.459257 -0.802853
0.256633 0.82587 -0.0279684
0.303317 -0.72974 -0.323948
-0.723824 -0.258731 0.315413
-0.121569 -0.00477958 -0.844663
-0.566905 -0.529148 -0.391565
-0.00911343 -0.194633 0.797321
-0.312355 -0.453608 -0.662153
-0.701781 -0.101726 -0.447327
0.350425 -0.478485 0.501146
-0.621407 0.506855 0.190118
0.717877 -0.520087 -0.059998
0.15954 0.00835536 0.805452
-0.192311 -0.573056 -0.62032
0.350351 -0.383263 -0.723195
0.0234042 0.763089 0.21529
-0.141242 -0.140564 0.831364
0.524403 0.426523 0.303538
0.0432554 0.586938 0.438439
0.14873 -0.531007 0.536316
0.0783042 0.86502 0.0244587
-0.621632 0.508607 -0.23202
0.221799 -0.481292 0.550961
-0.245052 -0.526947 0.621731
0.184885 0.338535 0.660453
-0.0530179 -0.0838705 -0.848946
0.326338 0.717141 -0.43467
-0.161908 -0.695518 -0.400149
0.691614 0.447429 -0.304969
0.281489 0.190454 0.709435
-0.757843 -0.424319 0.010389
-0.0158812 -0.364619 -0.777793
0.211009 0.228348 -0.914202
0.500134 0.223366 0.516665
-0.423381 0.607887 0.31262
0.338341 0.213225 -0.83844
-0.588686 -0.0426612 -0.712226
0.3143 0.684533 -0.524183
-0.30244 -0.570164 0.55474
0.650359 -0.56393 0.0787702
0.324183 -0.683182 -0.401479
0.100513 0.896578 -0.194263
-0.304874 0.770063 -0.432968
-0.633265 -0.300711 -0.505033
0.193114 -0.780637 -0.206398
0.78543 -0.416488 -0.165336
0.580036 -0.39623 -0.536332
0.40471 -0.729406 0.0811505
-0.528158 -0.140596 0.610236
-0.543181 0.683774 -0.00235525
-0.382672 -0.0355832 -0.77137
-0.0859062 0.619162 0.40947
0.240935 0.784607 0.0946295
0.0736268 -0.715371 -0.366845
-0.0699935 -0.830107 0.180408
0.596001 -0.523167 0.196381
-0.52222 -0.216169 -0.678699
0.302672 -0.35503 0.594074
-0.425908 0.729404 0.152343
0.108476 0.788246 0.14873
-0.118541 -0.494125 -0.692356
0.158516 -0.792061 -0.166703
-0.271824 -0.768894 0.339579
-0.468151 -0.418569 0.573306
0.322605 -0.692591 0.240879
0.302243 -0.484626 -0.674672
-0.437333 -0.724541 0.202816
-0.29221 0.49586 0.511381
-0.712998 0.287338 -0.206496
-0.727161 0.0598696 -0.375621
0.0918276 0.861313 -0.418753
0.252661 0.255357 -0.877333
-0.730316 0.281071 -0.0833735
-0.631593 0.199205 0.479863
-0.208527 0.56878 0.454808
0.371284 0.743219 -0.258011
-0.704741 0.0539108 0.429177
-0.478926 -0.0116541 0.685574
-0.645994 -0.364905 -0.441941
0.792993 0.104745 0.180398
-0.410488 0.772712 0.0450993
0.0934913 0.691874 -0.660259
-0.0644029 -0.671686 -0.466154
0.823928 -0.353154 -0.234146
-0.768068 -0.0271333 -0.221759
-0.713901 -0.0868222 0.412788
-0.566838 0.456041 0.341485
0.082086 0.639216 -0.70288
-0.552077 -0.669907 0.131955
-0.436682 0.745454 -0.230909
0.617258 0.545434 -0.167676
0.782319 0.114413 0.191288
-0.691642 -0.247894 -0.417545
0.351016 0.32657 0.593133
0.284821 0.551211 -0.714714
0.527384 0.215848 0.488671
0.430894 -0.331834 0.548385
0.408351 0.468756 -0.677486
0.508168 0.328255 0.454061
-0.589584 -0.0482618 0.575151
-0.714318 -0.149687 0.386294
0.650529 -0.344227 -0.515356
0.229789 0.0436784 0.781745
0.279596 0.754175 -0.430369
-0.0316374 0.257363 0.760552
-0.69701 0.199913 -0.402474
-0.00833747 -0.68564 -0.435253
0.199203 -0.648739 0.396656
0.438927 0.521737 0.304484
0.496079 -0.0128277 -0.774248
0.308954 -0.702364 0.237324
-0.13822 -0.730417 -0.307407
0.0857295 0.906809 -0.144624
-0.116102 -0.759401 -0.223405
0.693923 -0.173214 0.350628
-0.656774 0.201427 -0.578585
0.394713 0.431341 -0.712316
0.837893 0.275188 -0.187583
0.79171 0.328877 -0.304034
-0.280358 0.603963 0.382682
0.0896906 -0.812071 -0.0959268
-0.450101 -0.756904 0.0381116
-0.366931 -0.716758 -0.267865
-0.179398 -0.804206 -0.0590349
-0.556263 -0.689124 -0.0213501
-0.0482047 0.878078 -0.383783
0.0747821 0.903096 -0.193867
0.442841 0.471181 0.364485
-0.131037 -0.576798 -0.637294
-0.301734 -0.548942 -0.599098
-0.595752 -0.331378 -0.526811
0.585925 -0.441262 -0.49781
-0.623276 0.545808 -0.0950108
0.0564083 0.314356 0.710172
0.491978 0.0770217 -0.78166
0.0102746 0.592481 0.436774
0.192763 0.749677 -0.55217
0.272493 -0.014439 0.762205
-0.0303961 -0.349675 0.728209
-0.0109729 -0.841057 0.00674812
-0.78668 -0.29303 0.0640325
-0.0204325 0.706717 -0.647505
0.86336 -0.00656339 -0.383026
-0.542232 0.27006 0.536409
-0.762702 -0.392186 -0.0507263
-0.663094 -0.236057 -0.505655
0.0157982 0.353903 0.676466
0.351143 -0.0805622 -0.821513
-0.724957 0.268171 -0.170675
-0.244624 -0.559376 0.59411
-0.173017 0.862043 0.0675701
0.362833 -0.535975 0.434255
0.481222 0.658139 -0.0552193
-0.347821 -0.779523 0.216382
0.173482 0.874275 -0.203568
-0.0109829 0.693933 -0.665084
-0.290866 0.782102 -0.426588
0.77997 0.0505734 -0.505621
0.443646 0.174449 0.589044
-0.648479 0.327943 0.333822
-0.309046 -0.590309 0.535321
-0.328816 -0.287683 0.742058
-0.133924 0.890595 0.0324173
0.777016 -0.170061 0.222031
-0.114156 -0.655269 -0.503621
-0.418621 -0.690568 0.325626
0.669607 0.397414 0.10731
-0.678494 0.360573 -0.250376
-0.719465 0.15099 -0.34342
0.520079 -0.251936 -0.691442
-0.64891 -0.354915 0.417843
-0.384941 -0.728395 0.287867
-0.789603 -0.18724 0.0679606
-0.476661 -0.722876 -0.0758205
-0.420574 -0.610347 0.442683
0.438314 0.397109 -0.698314
0.648399 -0.596971 -0.236576
-0.619566 -0.448789 0.372114
-0.324468 -0.348392 -0.700465
0.00887473 0.321982 0.708997
-0.500182 -0.671033 0.228158
0.440804 -0.554629 0.32398
-0.475343 0.445467 -0.706703
-0.0931497 -0.20552 -0.817619
0.836744 -0.287219 0.0451654
0.113405 -0.178776 0.758988
0.32012 -0.398833 0.56497
0.868171 -0.152953 0.0881481
0.422149 -0.529766 0.379997
0.246234 -0.790356 -0.0246696
0.52615 -0.4457 0.355564
0.155771 -0.821498 -0.0775551
-0.661138 -0.575058 0.0480504
0.445002 0.315633 0.534289
-0.784182 -0.137838 0.172488
0.689506 -0.205348 -0.533931
0.507552 0.649909 -0.127966
-0.44122 -0.291741 -0.684771
0.737446 -0.486353 -0.00761838
0.627937 0.175833 -0.650794
0.108795 -0.227086 -0.826879
-0.284551 0.670691 -0.637758
0.0512579 0.320002 -0.916613
-0.405098 -0.50997 0.541015
-0.146502 -0.755106 -0.23173
-0.046534 0.447268 -0.855977
0.0267311 0.852153 0.0595765
0.261738 0.587303 -0.705482
-0.664216 -0.0203209 -0.625549
0.0295048 -0.131169 0.810176
-0.470649 -0.653413 -0.334596
0.227865 -0.177801 0.713522
0.144839 -0.759058 -0.262956
0.475687 -0.582421 0.246395
0.528896 0.617723 -0.312496
-0.0962614 -0.805422 0.246161
-0.673874 -0.0774957 -0.562938
0.0624505 0.82265 -0.495047
-0.527301 -0.330316 -0.601798
-0.368302 -0.198211 0.73156
0.356564 -0.406239 -0.700657
0.480258 -0.252907 0.538613
-0.333234 -0.683949 -0.417226
0.828616 -0.358395 -0.134882
-0.578039 -0.381543 0.496726
0.35945 0.0830495 0.687993
0.406527 -0.623523 0.260467
0.264752 0.332515 0.631713
-0.647028 0.241561 0.424186
0.485468 -0.681167 0.0925166
-0.685896 0.411958 0.0540259
0.567168 0.181152 0.452699
-0.682595 0.289835 -0.384308
0.273412 -0.792394 -0.118873
0.0605287 -0.322014 0.707957
0.52494 -0.357494 0.443322
0.358182 0.0770299 0.68971
0.889627 0.119592 -0.0355668
0.290776 0.498274 0.433075
0.26869 0.312658 -0.84521
0.78221 -0.414051 -0.223854
0.689775 -0.538842 0.0177953
-0.299584 0.257735 0.688725
0.216956 -0.669927 0.364614
-0.292188 0.865551 -0.108005
-0.125435 0.625054 0.400053
0.0740672 0.843916 -0.458906
-0.644629 0.138248 -0.683676
0.267445 -0.659353 -0.484091
-0.647291 0.381645 0.28141
0.205926 -0.121071 0.750951
0.772402 -0.165919 0.231626
0.743901 0.142 0.232858
0.675343 0.460257 0.000893465
-0.66315 -0.0557461 0.492793
-0.549264 0.100377 -0.73894
0.793987 0.274226 -0.376168
-0.753311 -0.126792 -0.23698
0.474699 0.234981 0.541594
-0.232534 0.788389 -0.503835
-0.593861 -0.431724 -0.454138
0.38859 0.369309 -0.744352
0.315479 0.0517251 -0.855996
-0.734578 0.247484 -0.159322
-0.391247 0.55434 -0.676252
-0.150264 0.0780303 -0.851399
0.787199 -0.345599 -0.328022
-0.251689 -0.18635 0.801128
-0.790678 -0.115623 0.0918252
-0.201024 -0.227289 -0.778602
-0.527391 0.326427 -0.72409
0.807369 0.314101 -0.148933
-0.579303 0.0246639 -0.722369
-0.334255 -0.675359 -0.437616
-0.691732 0.24138 -0.391018
-0.617986 0.530496 -0.189739
0.160686 -0.2219 -0.826324
-0.407991 0.644279 -0.572331
-0.363568 0.429193 -0.770773
0.173109 0.744299 0.181933
-0.582977 -0.150664 -0.663511
-0.550422 -0.655412 0.177492
0.422048 -0.734926 -0.0101197
0.819604 -0.376721 -0.0897041
0.686781 0.468919 -0.138955
-0.677054 0.171289 -0.513789
-0.42081 0.743394 0.117951
-0.723626 0.17373 -0.306521
-0.0413574 -0.787779 0.267196
0.569157 0.459854 0.192781
0.118532 -0.13513 -0.854099
-0.142827 0.898859 -0.309349
-0.745557 0.259264 -0.0135878
-0.747151 0.225136 -0.128953
-0.2038 -0.61626 0.552462
-0.118514 0.663126 0.350245
0.747079 0.168345 0.206636
-0.45799 0.246645 0.609681
-0.337837 0.222666 -0.803974
-0.536261 0.642619 0.132887
-0.687788 0.02309 0.459653
0.108757 0.893983 -0.0715869
-0.01491 0.717954 0.295024
-0.452696 -0.463995 -0.575485
-0.0513806 -0.186062 0.815171
0.244918 0.824145 -0.279056
-0.201933 -0.0571101 0.818972
0.871021 0.140474 0.0228887
0.773255 -0.433788 -0.166252
-0.753398 -0.387243 0.126548
-0.318852 -0.0948981 0.779548
0.632405 -0.469754 0.212948
0.526459 0.527673 0.169746
-0.620594 0.560133 -0.0697994
-0.523841 -0.514508 -0.450389
-0.498676 0.505365 0.369988
-0.734023 0.142598 -0.286102
0.248277 0.655119 -0.654761
0.407629 0.598882 -0.553969
-0.00495058 -0.362072 0.710964
-0.737441 -0.134603 0.328111
-0.198798 -0.398622 0.721555
-0.0448888 -0.296509 0.763151
0.580959 0.45709 -0.518852
0.0630294 -0.204197 -0.836293
0.363533 0.194307 -0.829299
0.00679608 -0.614562 0.507057
0.541988 0.412698 -0.602495
0.135952 -0.656893 -0.504773
-0.745088 0.171258 0.187831
0.12579 0.649348 0.325073
-0.431132 -0.483993 0.5458
0.832038 -0.264798 -0.298803
-0.308161 -0.225266 0.771666
0.768585 -0.434241 -0.217981
0.406843 -0.740928 -0.0213074
0.113682 -0.318307 0.688484
-0.244499 -0.403357 0.707561
0.848801 0.235439 -0.0410396
0.646525 -0.240208 -0.573637
0.333525 0.749254 -0.349155
-0.0819201 0.192127 0.779566
-0.124974 -0.37665 0.735196
-0.733334 -0.293426 -0.23622
0.509505 -0.159838 0.542101
0.741793 -0.264514 -0.432699
-0.320001 -0.195972 0.768225
-0.166432 -0.680339 -0.437631
-0.327288 0.818529 0.0386061
-0.00886141 0.381129 -0.888224
0.593396 0.564298 -0.230739
0.435555 0.55184 0.267152
0.107346 -0.759772 -0.256255
-0.0366415 0.0947703 0.816434
-0.104007 0.593609 0.438732
-0.71217 0.254379 0.222265
0.247727 0.647189 0.267246
-0.0467659 -0.0958997 0.84779
-0.571947 0.0568742 -0.728081
-0.344271 0.84377 -0.0892129
0.0944009 -0.696481 -0.415294
-0.659916 0.383263 -0.329512
-0.0545786 0.934875 -0.140098
-0.672473 -0.526664 0.121424
0.0780522 0.254545 -0.933949
-0.125503 0.82653 -0.465149
-0.613631 0.370833 -0.620249
-0.244042 -0.79011 -0.0655246
0.726603 -0.181483 0.294645
-0.638699 -0.531612 0.207749
0.601313 0.550245 -0.0408855
0.706473 -0.16711 -0.528048
0.611415 0.547449 -0.0632313
0.299962 -0.530867 -0.637419
0.455432 0.483939 0.329663
0.0216405 -0.0447064 0.838407
-0.793052 0.00241301 0.0742408
-0.67486 0.192022 -0.506545
-0.67717 0.0966131 -0.574221
0.723067 -0.489568 -0.296871
-0.182559 0.501685 -0.816197
-0.434746 -0.225349 -0.709283
-0.678906 0.397971 -0.122944
0.54401 -0.446662 0.334861
-0.243173 0.6952 -0.638215
-0.686205 -0.442692 -0.335969
-0.629505 0.495963 -0.208523
0.0167537 0.464378 -0.840532
0.86918 0.181644 -0.050431
0.302542 -0.780078 -0.220842
0.498705 0.626537 -0.351394
-0.635465 0.365956 -0.522194
-0.552092 0.335326 0.484309
0.202491 0.0136991 0.792779
-0.529007 0.626852 -0.362362
-0.523678 -0.429478 -0.5394
-0.786209 -0.172315 0.141624
0.27204 0.504481 -0.750228
-0.377815 0.611305 0.333471
-0.74629 -0.426583 0.110093
0.125632 -0.364014 0.660449
0.385928 0.588001 0.272784
0.0291697 -0.674901 0.437244
-0.0193283 -0.61547 -0.60261
0.910236 0.0918192 -0.151268
0.158092 0.257742 0.718153
0.597635 0.569982 -0.117431
0.112572 0.642179 -0.696268
-0.00608098 0.929011 -0.137977
0.94799 -0.0426014 -0.210222
-0.302678 -0.326974 -0.714272
-0.489086 -0.668622 -0.291169
-0.192689 -0.675436 -0.448039
0.233268 -0.802592 -0.100287
0.387855 0.639847 -0.501743
-0.266769 -0.814073 0.0506374
-0.284844 0.523927 0.479733
-0.117596 0.778472 0.194447
-0.42642 0.346495 -0.75926
-0.400802 -0.712389 -0.251797
0.297598 -0.531475 -0.638342
0.912066 0.0766937 -0.118695
-0.350769 0.630249 -0.638331
0.845349 0.209744 0.00476969
-0.121197 0.710784 0.285126
0.156489 -0.82122 -0.0566984
-0.62782 0.557952 -0.0169788
-0.256264 0.806209 -0.419151
0.837055 0.241262 -0.00916909
-0.0577379 -0.730719 0.391675
-0.575538 -0.510448 0.357114
-0.790926 -0.0238998 0.137795
-0.599647 0.501972 -0.433139
-0.730638 -0.273509 0.285222
-0.0596568 0.555237 -0.788051
0.0615848 0.0751251 0.823536
0.342251 -0.323256 0.594212
-0.0520346 -0.612337 -0.609351
-0.286617 0.690441 0.268225
0.702238 -0.10423 0.348937
-0.667628 0.19282 -0.537766
-0.165764 -0.655235 -0.500173
-0.181306 0.806278 0.140819
0.35347 0.324572 -0.785714
0.0556146 0.489143 0.534987
-0.703246 0.0365111 -0.498745
-0.37184 -0.37791 0.656914
0.800772 -0.317388 0.0994579
0.099475 -0.166833 0.770606
0.430289 0.0289006 -0.806624
-0.430041 0.386345 -0.753962
0.599065 0.193273 -0.667204
0.778441 -0.437207 -0.0762318
-0.178973 0.394927 0.631973
-0.119658 -0.81445 -0.0569329
-0.251206 0.597837 0.401498
-0.166322 0.789288 -0.522744
-0.232318 0.716044 -0.61621
-0.58227 0.639539 -0.0304183
0.0414002 -0.357059 0.697133
0.33386 -0.380829 0.568536
-0.509013 0.386151 0.47918
-0.729407 0.0405359 -0.378129
0.722395 0.0361608 -0.583961
0.667797 -0.0845645 0.391365
-0.726436 0.0845936 -0.362733
-0.177403 0.352304 -0.848951
-0.793483 -0.187801 -0.0331659
0.152897 0.893275 -0.119151
-0.123222 -0.504006 -0.684863
-0.454726 -0.67122 0.310432
0.00664137 -0.197173 0.790936
-0.245467 0.703663 -0.624963
-0.135103 0.828409 -0.45813
0.273741 0.478425 0.466523
-0.48406 0.643969 -0.443655
-0.648809 -0.532584 0.177012
0.858299 0.101757 -0.364783
0.0951099 0.354995 0.663489
-0.397213 -0.499356 -0.586882
0.587011 -0.492237 0.239111
-0.751099 -0.0274973 -0.287447
-0.20493 -0.81363 -0.000199382
-0.3429 0.443854 0.546655
-0.359575 0.821289 -0.213601
-0.107081 -0.231224 0.81409
-0.133325 -0.745856 0.395384
0.385443 0.720674 -0.318328
0.435305 0.49456 0.34522
0.44293 0.578168 -0.535645
-0.630389 0.238525 -0.664608
0.191262 -0.780364 -0.206939
-0.0980082 -0.59084 -0.637622
-0.19189 0.490523 0.5452
-0.700655 -0.475134 -0.275488
-0.169432 -0.277526 -0.770979
0.267106 0.746983 0.131812
-0.102088 0.252371 -0.887129
0.308311 0.246217 0.667593
0.675238 -0.393492 -0.460579
0.613734 -0.404921 0.302323
0.035422 0.694232 -0.666596
0.0807014 -0.773552 -0.210668
-0.577924 -0.604538 -0.252676
-0.574668 -0.13646 0.571108
-0.169468 -0.477982 -0.687843
0.053141 -0.257333 0.743554
-0.77003 0.0404897 -0.194955
-0.117431 0.727896 0.262899
0.325829 -0.650838 0.300374
0.0574123 -0.506979 0.581021
-0.120896 0.613359 0.416749
-0.691381 0.100747 -0.508207
-0.236326 0.243728 0.714676
-0.157021 -0.846059 0.116677
0.0339257 0.815238 -0.503837
0.145399 0.762534 0.172619
-0.180575 -0.587747 -0.612827
0.797196 0.0889435 0.180059
0.633528 0.435866 0.122077
-0.465412 0.678975 -0.388062
-0.307631 0.725909 -0.538112
-0.789496 -0.18007 0.0759061
0.137655 -0.732852 0.307783
-0.0848226 -0.29125 0.781839
0.833314 0.270771 -0.05915
0.371061 0.0110879 0.681368
0.191572 0.835455 -0.396285
-0.103614 0.787863 -0.530724
-0.53021 0.231189 0.569394
-0.755672 0.206409 -0.120241
0.136212 0.320253 0.689772
0.21539 0.738971 0.167663
-0.795151 -0.0251456 0.0337022
0.27428 0.589202 0.326974
0.311392 0.338919 0.604397
-0.0267285 0.389752 0.642959
0.301088 -0.765331 0.04683
-0.60296 0.278924 0.462645
-0.699182 -0.235999 0.389476
-0.190329 -0.673087 0.498821
0.229287 0.849948 -0.175025
0.381195 -0.319381 -0.747621
-0.714486 0.264838 -0.261189
0.274577 -0.71504 0.242591
0.153918 0.768417 -0.552798
-0.68551 0.405571 -0.0428697
-0.241673 0.545755 -0.775841
0.898683 -0.0313619 0.0820119
0.377785 0.420059 0.487645
0.513505 0.154133 -0.745983
-0.330649 -0.723566 -0.269408
0.704662 0.425359 -0.353578
0.613521 0.0906867 -0.692365
-0.578444 -0.527221 -0.380839
0.458643 0.692454 -0.218875
0.182715 0.63057 0.32042
-0.714272 0.0946786 -0.411001
0.0891196 -0.106898 0.799874
0.380248 -0.727808 -0.278728
-0.488556 0.718652 0.0521233
-0.309415 0.317875 -0.804857
-0.130555 -0.366253 -0.748213
0.839969 0.237561 -0.294352
0.00491645 0.907173 -0.0648324
0.49441 -0.247925 -0.714259
-0.237692 -0.578985 -0.597342
-0.603416 0.395808 -0.627259
-0.619322 -0.119978 -0.639541
0.274151 -0.287607 -0.793646
-0.434883 -0.736614 -0.119716
0.244876 0.707522 -0.578897
0.310657 -0.643502 -0.487495
0.628611 0.0513761 0.414573
-0.474275 -0.718492 -0.10822
0.393971 0.27819 -0.778457
-0.487352 0.709484 -0.156644
0.244822 0.702898 0.198642
0.663399 -0.116932 -0.612119
-0.228688 0.5972 -0.743964
0.259215 -0.718391 0.247443
0.320269 -0.701426 -0.368384
-0.0657548 0.42205 0.612815
0.0889827 -0.488907 0.586353
-0.722766 -0.127022 0.372027
-0.301801 0.427185 -0.791829
-0.121019 0.618447 0.410068
-0.742083 -0.23175 0.269706
-0.324185 -0.772679 -0.0733801
-0.624835 0.468694 -0.337741
0.82628 0.0324152 0.160324
0.0587395 -0.620891 -0.588779
-0.453308 -0.398539 -0.622816
-0.0299673 0.782606 -0.545072
-0.396065 -0.412468 0.618807
-0.46144 0.497287 0.407893
0.221217 0.590178 0.352092
0.580104 0.558444 -0.341888
0.439568 0.531769 -0.601252
0.549436 0.614406 -0.131373
0.32747 0.0718734 -0.854323
-0.335517 -0.808507 0.161335
0.590983 0.456168 -0.50891
0.466964 0.586521 0.174034
0.703633 0.427452 -0.348095
-0.763112 -0.0978267 0.271617
-0.103582 -0.213485 0.818755
0.203988 0.851813 -0.253299
0.767804 -0.187656 -0.432242
0.0376361 -0.683259 0.423172
