ply
format ascii 1.0
element vertex 10000
property float x
property float y
property float z
element face 0
property list uchar int vertex_indices
end_header
-0.392088 0.757399 -0.298404
-0.0972104 0.728386 0.385241
-0.190332 0.635985 -0.648962
-0.303181 0.429079 0.59453
0.364435 0.63487 -0.517166
-0.447103 -0.552507 0.472359
-0.348251 -0.669262 -0.189918
-0.445888 0.342366 0.628833
-0.763837 0.307888 0.308674
-0.412469 0.20823 0.73349
-0.377687 0.797706 -0.0885851
-0.075385 0.12111 0.864262
0.591536 -0.4025 -0.584185
0.698228 -0.466952 -0.37609
0.676051 -0.0680643 0.415834
-0.0405 0.367939 -0.842151
-0.68281 0.552612 0.0154229
0.192357 -0.636466 0.377966
0.41216 0.106407 -0.794338
-0.284472 -0.55477 -0.525745
-0.296574 0.660624 -0.58594
0.039161 0.796997 -0.542692
0.0206999 -0.695634 0.271047
-0.117172 0.362643 0.693728
-0.730838 0.0240753 0.476303
-0.110614 -0.151008 -0.836002
0.62225 -0.491973 0.19069
-0.792617 -0.375235 -0.0966537
0.482885 -0.0650228 -0.776116
0.341425 0.556967 -0.616396
-0.0566261 0.753341 0.374323
0.524804 0.131448 0.57175
0.590049 -0.310352 0.426034
-0.294638 0.513779 0.521432
0.142074 -0.777969 -0.0553283
-0.533608 -0.617811 -0.145284
0.332118 0.686244 0.348435
-0.48569 0.710503 -0.24891
0.307046 0.715846 -0.460688
0.302271 -0.588278 -0.618021
-0.780638 -0.201507 0.28717
0.241818 0.875014 -0.151126
0.859546 -0.208227 -0.322142
0.13984 -0.51122 -0.697789
0.213491 0.692004 -0.550234
0.39449 0.241234 0.65757
-0.0239195 -0.730289 0.147501
0.482468 0.297662 -0.686353
0.854965 0.0503617 0.135896
-0.0269336 0.926321 -0.354475
-0.00418395 0.689637 -0.687571
-0.572679 -0.062348 0.668307
-0.071432 -0.451955 0.656406
-0.826057 -0.246585 0.0571023
0.0909226 0.942771 -0.272398
0.0384151 -0.378627 -0.782684
0.167041 0.71549 0.407815
0.686528 -0.41681 -0.46276
-0.38027 0.797953 -0.0737219
0.323589 0.809458 -0.0258332
0.296665 -0.561282 -0.643566
-0.762144 -0.117699 -0.331852
-0.483155 0.33759 0.618795
-0.312258 -0.327976 -0.659146
0.003737 0.904262 -0.40208
0.640068 -0.0534029 -0.661677
-0.779094 0.337351 0.0929349
-0.811924 -0.260021 -0.117452
-0.183175 0.195179 -0.853282
0.0098718 0.892679 -0.429894
0.385824 0.474336 0.504421
0.368553 -0.7128 0.0846504
0.659213 0.500734 -0.0366919
0.282496 -0.771493 -0.189859
0.130098 0.940754 -0.134013
0.454364 0.416303 -0.650447
0.512878 0.650503 0.0974572
0.404481 0.00913112 0.685395
0.161739 -0.75093 -0.346534
0.720157 -0.426736 0.0744358
0.0413835 -0.203002 -0.83389
0.85303 0.100113 0.120822
0.577492 0.582639 0.0639822
-0.127168 0.840442 -0.446889
0.497742 -0.0514081 0.598249
-0.0825896 -0.768546 -0.099105
0.602376 0.522511 -0.373484
-0.0645963 0.111639 -0.859035
-0.73968 0.363263 -0.199871
-0.548689 0.677573 -0.0679222
0.717607 0.0931432 0.322586
-0.707409 -0.510139 -0.0698023
0.219751 -0.709583 -0.429589
-0.798893 -0.0341613 -0.173861
-0.0611565 0.923535 -0.343019
0.371057 0.601795 0.392424
-0.208571 -0.691883 0.284282
-0.06125 0.932038 0.13721
0.12208 -0.404229 0.680177
-0.152947 0.906577 -0.256391
0.301812 -0.174136 0.689516
-0.812993 -0.115045 -0.153355
0.460153 0.612091 0.27337
0.278121 0.843347 -0.238851
0.00526251 0.810744 -0.548595
-0.483027 -0.45934 -0.483267
-0.68399 0.299115 0.44745
-0.662413 -0.461128 -0.30072
0.2981 -0.547996 -0.655725
0.336389 0.274717 0.685841
-0.260313 0.173834 -0.83008
-0.631548 0.0629369 -0.534266
0.253419 0.644471 -0.579268
-0.444178 -0.678476 0.110532
-0.269686 0.694086 -0.577571
-0.0233994 -0.306439 -0.806201
-0.3387 0.722846 0.290344
-0.204504 -0.624382 -0.449418
0.646529 0.389859 -0.490665
-0.433338 0.754027 -0.172078
0.00865205 -0.724036 0.17589
0.746326 0.0848272 0.283805
0.821595 -0.284827 -0.350665
-0.485774 -0.509676 -0.408052
-0.0830732 0.737219 -0.617512
-0.609019 -0.197688 -0.532238
-0.144685 -0.630542 -0.493593
0.743076 -0.163068 -0.526918
0.0159065 0.260619 0.798357
0.645933 0.490129 0.0819381
0.253638 -0.0353938 0.754815
-0.413232 0.253523 0.703558
-0.454956 0.468131 -0.618548
0.301744 -0.590003 0.388339
-0.248897 0.786323 -0.454093
-0.461499 -0.625744 0.359082
0.656328 0.49231 -0.279117
0.204113 0.863851 -0.356165
-0.52559 -0.66336 0.0399868
-0.218384 0.867407 0.111306
-0.805133 0.252074 0.256415
-0.274306 0.220397 0.77676
0.449417 0.632499 0.258759
0.149493 -0.705386 -0.45531
0.036373 0.885681 0.265948
0.745766 -0.199784 0.29989
-0.13988 0.941654 -0.0836402
0.623863 0.493071 -0.389359
0.129722 0.846612 0.270283
-0.288278 -0.498784 0.573589
0.462891 -0.678236 0.0480074
-0.092382 0.947354 0.0474511
0.0602811 0.0750357 -0.847014
-0.576053 -0.354463 0.534915
-0.83117 0.103956 0.102277
-0.828186 -0.218921 0.100535
0.409634 0.683044 -0.404981
-0.408602 -0.362553 0.671742
0.636067 -0.397275 -0.544219
-0.231551 -0.392875 -0.669454
0.874538 0.139143 -0.302579
-0.097987 0.917168 0.134196
0.0423336 -0.721802 -0.417321
0.445294 0.517643 0.393672
0.766735 0.375314 -0.089637
0.383858 0.543547 0.439366
0.877662 -0.167102 -0.296463
0.0207822 0.705099 -0.662195
0.437488 0.0987546 0.651841
0.11331 0.735741 0.408121
-0.606077 -0.475811 -0.347947
0.436712 -0.663251 0.154
0.645815 -0.181361 -0.644966
-0.161952 0.687537 0.403554
0.389846 0.664243 0.303695
0.408739 -0.701871 0.0622226
-0.784961 0.233619 -0.0580811
-0.106938 -0.729093 0.148357
0.897967 -0.207623 -0.172849
0.475887 0.479342 0.387186
-0.728659 0.392647 -0.201281
-0.654706 -0.489319 -0.276158
0.529537 0.470651 0.326673
0.805907 0.251512 -0.309731
-0.000446309 -0.0272228 -0.848406
0.217143 0.758567 0.352221
0.278467 0.226273 0.736418
0.552902 0.270802 -0.642315
0.217363 -0.0427841 0.769332
0.75019 0.132314 0.258701
0.493943 -0.627567 0.17496
0.785432 -0.349741 0.0258845
0.318781 0.155206 -0.808011
-0.122504 0.41563 -0.818182
-0.772247 0.236836 -0.130746
-0.475568 0.74669 0.0755035
-0.462627 -0.590304 -0.275335
0.16659 -0.277936 0.721044
-0.765934 -0.369416 0.178996
0.311626 -0.534646 -0.666751
0.758497 -0.205392 0.26726
-0.135331 -0.517276 0.58732
-0.606208 -0.587412 0.166174
-0.723005 -0.41553 -0.249296
0.22444 -0.0686369 -0.822312
0.0146416 -0.71655 -0.408764
-0.384063 -0.115484 0.790546
0.619737 0.153019 0.44151
-0.497098 0.611321 0.312107
0.70389 0.0843885 -0.585973
0.344707 -0.723343 0.0768283
0.842976 -0.204058 0.0913446
0.350742 -0.496637 0.477627
0.0691895 0.582399 -0.733946
0.264878 -0.162194 0.71256
0.644168 -0.375866 0.282971
0.506539 0.159823 -0.723111
0.609349 -0.320377 -0.620949
-0.212503 -0.196997 0.826182
-0.769356 -0.241076 -0.322181
-0.244625 -0.580335 0.493116
0.00377173 0.711921 0.425426
0.329896 -0.401203 0.580275
-0.819424 0.0353495 0.221318
-0.468239 -0.0821825 0.746276
-0.308318 0.449306 0.575072
0.404369 0.717111 -0.330972
-0.120909 -0.356518 0.741896
-0.819817 0.101444 0.0336869
0.538779 0.505437 -0.505076
-0.780031 -0.0199836 0.388521
0.320822 0.309823 -0.781946
0.163116 -0.686064 0.27907
-0.0380891 -0.583733 0.51484
0.664233 -0.541421 -0.274159
0.892809 0.194417 -0.0389154
-0.00821958 0.77474 0.368752
-0.46973 0.716437 0.187935
-0.473868 0.74872 0.0717537
-0.250326 -0.67243 -0.279628
0.210048 0.51336 -0.714936
0.331367 0.78648 -0.312034
-0.0251895 0.506755 -0.802838
-0.297798 0.395035 -0.744796
-0.75981 -0.42615 -0.157927
0.114078 0.890664 0.166879
-0.430359 0.576071 -0.566615
0.301304 0.826974 -0.105539
-0.66539 0.566464 -0.045345
-0.200187 -0.680184 -0.308597
0.853819 0.122788 0.110386
0.731523 -0.481833 -0.245009
-0.564672 0.663752 -0.05679
0.918447 0.0918183 -0.149356
-0.0551885 -0.264452 0.818618
-0.397416 -0.31731 0.709547
-0.651715 0.580979 0.040118
0.579772 0.590138 0.00919834
0.314564 0.419171 -0.73049
-0.283701 -0.732984 -0.0422232
-0.68407 -0.373201 -0.366177
-0.111458 0.328034 0.723132
-0.333253 -0.537615 -0.509723
0.149546 -0.621159 -0.590758
0.123345 0.908154 -0.344796
0.126536 0.773364 -0.512829
-0.138343 0.63937 -0.6693
0.370988 -0.319255 0.599417
0.236646 0.546215 0.530988
-0.78687 0.157861 -0.106082
-0.506524 0.688297 -0.256057
-0.391955 -0.280134 -0.637955
0.924484 0.0775734 -0.0232947
0.507033 -0.147851 -0.757389
0.391537 0.534008 0.440459
0.12779 -0.66051 0.356566
0.81481 0.250893 -0.276379
-0.54601 0.693808 0.0187688
-0.336615 -0.547911 0.50669
0.29335 -0.0667801 0.728336
-0.682269 -0.391249 0.358925
0.114345 0.260335 -0.834351
-0.098817 0.773338 -0.561683
-0.717208 0.445045 -0.123258
0.671841 0.471524 0.0356789
0.709114 -0.368826 -0.468442
0.0381296 -0.479395 -0.715732
-0.395731 0.684045 -0.4672
0.421395 -0.679388 -0.386592
-0.785025 0.313283 0.182559
0.220567 0.587858 -0.653341
0.0939034 -0.738408 0.118844
-0.814923 0.221427 0.276644
-0.048805 -0.654452 0.388479
0.0493826 -0.666812 0.348658
0.843174 -0.333848 -0.0936433
0.943278 0.0130948 -0.102439
-0.599463 -0.573074 0.255996
0.330971 0.498689 -0.665229
0.0799646 0.695083 0.454692
0.105028 -0.489163 0.598713
-0.29003 0.526712 -0.669789
0.0927451 -0.728568 0.160069
0.399762 -0.387295 -0.724063
-0.559354 0.288606 0.598979
0.262711 -0.595031 0.408507
0.803929 -0.200958 0.179931
-0.617635 0.212821 -0.540827
-0.55669 0.359999 0.54756
0.467834 -0.710169 -0.186769
0.605505 0.0817707 0.491892
0.809506 -0.343602 -0.0229896
-0.376376 0.0982664 0.79893
0.27217 -0.773244 -0.15334
0.852027 0.221494 -0.17495
0.42768 0.201929 -0.768337
0.193723 0.761764 0.35738
-0.241439 0.39955 0.638063
0.50954 0.310534 0.485625
-0.388084 -0.626631 -0.266013
0.728703 -0.285563 0.232494
-0.155239 -0.284299 -0.762756
0.223608 -0.391945 -0.769734
0.577651 0.600563 -0.0920275
-0.703379 -0.513221 0.0168793
-0.573872 -0.59268 0.241415
-0.39058 -0.114792 0.787413
-0.614469 -0.053645 -0.54056
-0.781644 0.33675 0.130465
0.0919231 0.307993 0.760772
-0.342432 -0.0622748 -0.740372
0.303647 0.825668 -0.0273258
-0.648269 0.554884 0.117103
-0.362253 -0.564264 -0.428873
-0.352556 0.121337 0.803645
-0.799481 -0.32661 -0.143531
0.449685 -0.70198 -0.071674
-0.476265 -0.405738 -0.527178
-0.745465 -0.417402 0.179215
0.367402 0.625679 -0.525918
0.306673 0.820733 -0.216178
-0.0184171 -0.0222144 -0.848806
0.462232 0.69505 -0.105313
0.358367 0.387278 0.594914
-0.739978 0.177263 0.458402
0.324311 0.375308 0.629267
-0.748855 0.176875 -0.287452
-0.18437 -0.7334 0.12387
0.76427 -0.425502 -0.0488059
-0.512232 -0.64562 0.161157
0.104123 0.13301 -0.839661
-0.0218694 0.346175 -0.842899
0.854664 -0.0410987 0.162934
0.143479 -0.689607 0.272073
-0.533944 0.28052 -0.628454
0.815303 0.0317528 0.204204
0.51885 0.0407638 -0.758291
-0.233721 -0.458363 0.630741
0.574392 -0.193696 0.492766
0.826028 -0.0456433 0.214552
-0.492513 0.717003 -0.165044
-0.00890133 0.0876549 -0.856881
0.876732 0.0877345 0.0868293
0.106004 0.421908 0.683259
0.507181 0.241048 -0.690213
0.567138 0.60884 -0.114279
-0.733665 0.335627 0.334015
0.831324 -0.254655 -0.365639
0.352234 -0.426454 0.543467
0.157364 -0.342965 0.70142
-0.396366 0.0814714 0.792405
0.0581115 0.687621 0.45662
0.880559 -0.250624 -0.0816034
-0.759065 0.117842 -0.271831
0.245649 -0.613005 0.387614
0.267615 -0.355715 0.640461
-0.182295 -0.130667 0.856421
-0.619338 0.398389 -0.470797
-0.59017 -0.0583776 -0.565093
0.697999 -0.429685 0.123178
0.888298 0.158408 0.0451694
0.743912 0.388817 0.00252528
-0.828678 -0.110267 0.0176368
-0.466624 0.278787 -0.702577
0.73883 -0.477273 -0.220908
-0.730733 0.282066 -0.315058
-0.494538 -0.313431 0.636867
0.00438653 -0.762755 -0.242952
-0.528013 0.591972 0.297195
-0.322534 0.511434 0.515743
-0.0516682 -0.218904 0.833489
-0.720532 -0.231845 -0.396092
-0.488255 -0.495569 -0.429587
0.277871 0.652498 -0.553771
0.628458 -0.0883071 -0.671898
-0.7803 -0.277014 0.233897
-0.341407 0.325659 0.671768
-0.740674 -0.307816 -0.317999
-0.093863 0.876952 -0.403891
-0.424801 -0.459502 -0.521712
0.221039 -0.260576 -0.814842
-0.166524 -0.654276 0.399342
0.323091 0.329585 -0.77603
0.427535 0.645734 0.272944
-0.316114 -0.657871 0.335666
0.693172 0.420092 0.111482
-0.50969 0.709609 -0.105825
0.878005 -0.172032 0.0523605
0.479193 -0.610192 -0.461393
0.298945 0.828778 -0.120521
-0.63729 -0.528138 0.286049
0.637661 -0.55629 0.00130634
0.833548 -0.366859 -0.144122
-0.51558 -0.274487 -0.573769
0.685173 0.445399 0.0682822
-0.000141826 0.588563 -0.750807
-0.494001 0.127689 0.732531
-0.429831 -0.596972 0.423698
0.354163 0.492349 -0.658331
-0.697411 0.505854 -0.0966087
-0.000593126 -0.771303 -0.0368278
0.680515 0.219228 0.312969
0.0795406 -0.683562 -0.518246
-0.218169 0.714145 0.360193
0.152388 0.800169 0.33724
-0.700863 -0.161808 -0.432913
-0.564911 -0.630248 0.0978075
0.600475 0.579051 -0.0695027
0.436548 -0.642026 -0.453261
-0.263938 -0.333803 0.748049
-0.773134 -0.369394 0.160762
0.329934 0.484894 -0.676058
0.326103 0.298853 -0.783649
-0.489068 0.390352 0.577203
-0.613814 0.0688991 0.623115
-0.746715 0.407257 0.109056
0.603252 -0.255445 0.446548
0.7597 0.206699 0.207087
0.388985 -0.710611 -0.35462
0.0722992 0.603501 -0.715969
-0.616615 -0.237189 -0.520607
-0.693601 0.288227 -0.406088
-0.276829 0.811981 0.19395
-0.662495 -0.149956 -0.481853
-0.0999152 -0.75246 0.0423289
-0.616836 0.447456 -0.454953
-0.821837 -0.262236 -0.0232428
0.668676 0.0315378 -0.629395
-0.606005 0.0744413 0.631563
0.0825784 -0.454507 0.63666
-0.358199 -0.59792 -0.359374
0.675123 -0.212992 0.398386
0.339238 -0.73013 0.0644583
0.116422 -0.0741384 0.806832
0.44883 0.149655 0.637971
-0.455226 0.10888 0.758696
-0.785512 0.214479 -0.0716591
-0.588303 -0.5151 -0.296247
0.71157 0.393599 -0.340761
0.659188 -0.550814 -0.222374
0.206536 -0.732599 -0.380733
-0.00408715 -0.781492 -0.106215
-0.552823 0.458188 0.435067
0.289349 -0.134082 0.710195
0.0835098 0.070895 -0.8437
0.151961 0.53059 0.578025
0.693758 0.429512 -0.324894
0.133729 -0.410636 0.671402
-0.370656 0.340464 -0.731829
-0.427074 0.411024 -0.664011
0.266857 0.852239 -0.248492
-0.153938 -0.172911 -0.809814
-0.826439 0.219731 0.176107
-0.233733 -0.738473 -0.00231909
-0.800187 -0.341352 -0.127639
-0.218928 0.566616 -0.680477
-0.455136 0.568282 0.403249
0.305033 0.153198 0.743072
0.111192 -0.0944166 -0.837926
0.160678 -0.736043 0.126052
0.458827 0.66587 0.19211
0.0208454 0.742661 0.403002
0.687636 0.391306 -0.427984
-0.51218 0.566912 -0.486639
-0.590995 0.299519 0.558892
0.86336 -0.280477 -0.0636016
0.0513372 -0.150967 0.815829
0.190993 -0.549124 -0.665242
-0.0830411 0.296463 0.75446
-0.000791776 -0.753095 0.0484866
0.913547 -0.1323 -0.173572
-0.570047 -0.636528 0.0468293
0.282156 -0.445904 0.581696
0.107336 -0.151263 0.79028
0.115593 0.944322 -0.103088
0.624076 -0.00992091 0.474709
0.749749 -0.315345 -0.448862
-0.242485 0.59513 -0.652139
-0.421145 -0.221689 0.741915
-0.722093 -0.471627 0.162938
-0.0151154 -0.0793596 -0.844198
-0.460765 0.341762 -0.678698
-0.0411272 -0.738064 -0.283136
0.685697 0.348797 0.198204
0.68186 -0.221021 -0.596369
-0.0769086 0.208391 0.824216
-0.163192 0.715555 0.378153
-0.710933 -0.317665 -0.362932
-0.576244 0.327116 -0.556814
-0.306959 0.0845012 0.828655
0.322172 -0.662649 0.24047
0.28159 0.421835 0.61727
0.305163 -0.250735 -0.792084
0.77618 0.207805 0.181979
0.419077 0.719373 0.139181
-0.0686331 -0.370197 0.73453
0.534043 0.354962 0.415736
-0.5271 -0.280476 -0.565277
0.0473608 -0.419526 0.676587
-0.433486 0.608889 -0.533484
0.142561 0.0969822 0.82596
0.0187378 -0.438242 -0.745516
0.0627486 -0.0300764 -0.84614
0.585527 -0.594414 -0.333238
0.725777 0.422989 -0.194912
-0.240225 0.709716 0.354131
-0.0718087 -0.743036 0.0890825
-0.670963 -0.056846 -0.482147
-0.682529 0.449195 -0.327742
0.74113 -0.0485849 0.343688
-0.716753 -0.376299 0.293395
-0.5644 0.253501 0.615911
0.346763 -0.750803 -0.140245
-0.727175 0.157602 -0.362682
0.72626 0.10522 0.304936
-0.0194541 -0.770499 -0.194152
0.328986 -0.73076 0.0705418
0.634803 -0.425242 0.244156
0.177571 0.393763 0.67466
0.513897 0.653801 -0.0325472
-0.658746 0.329405 -0.440642
0.847544 0.192689 -0.286782
0.222745 0.664988 0.433837
0.281123 -0.33555 0.641125
0.0477386 -0.7402 0.108819
0.341785 -0.0799707 -0.805358
0.399811 0.720917 0.175581
0.244415 -0.611409 0.391032
0.155048 0.628527 0.489545
0.76402 0.0365509 0.277567
-0.049798 -0.681381 0.320741
-0.757255 0.365966 -0.0174859
0.508017 0.627628 0.167716
0.0167805 -0.656218 0.378228
-0.180807 0.0681994 0.866987
0.859826 0.010228 -0.378175
0.374119 -0.602758 0.313026
0.25064 0.808765 0.20978
0.801774 0.184167 -0.420211
-0.439358 0.759384 -0.0980365
-0.724814 -0.185442 0.461452
-0.257604 -0.721964 0.170713
0.775712 0.346583 0.0183981
-0.101326 0.827383 -0.485457
0.539155 0.633167 -0.0269152
-0.427733 0.692692 -0.399007
0.0776496 0.725733 0.428494
0.418147 -0.661687 0.171564
-0.295488 0.0497049 -0.801887
0.199522 -0.396751 -0.768098
-0.151662 0.441216 -0.789258
-0.108427 0.924351 -0.294941
0.488584 -0.366237 -0.676593
0.100238 0.874473 0.229959
0.542398 0.0107512 0.558263
-0.736095 -0.455291 0.116779
0.650444 -0.548654 -0.0553863
-0.515239 0.642247 0.249785
0.797861 0.127582 0.190618
0.309148 -0.137968 0.698743
0.669009 0.123729 -0.603151
-0.317773 0.74858 -0.446985
0.186111 -0.766966 -0.00387737
0.76143 -0.0237607 0.306047
0.283652 0.332325 0.671745
-0.152927 0.0695229 0.872742
-0.0121154 0.825117 -0.528204
0.875013 0.0714935 0.0945554
0.122598 -0.442342 -0.743283
-0.549541 -0.640495 0.0959472
-0.264783 0.393752 0.63672
-0.679728 -0.187333 0.527354
0.564071 -0.634201 -0.233583
-0.437359 -0.356667 0.653557
0.338535 0.797166 0.103887
0.368663 0.29316 0.647543
0.684215 0.0730828 0.37984
-0.155065 -0.208091 -0.797026
0.679614 -0.225822 -0.598559
-0.23182 -0.355421 -0.689881
0.745828 0.173404 0.248091
-0.580088 -0.310433 0.558578
-0.293147 0.15383 0.81985
-0.336859 -0.634535 0.389088
0.307564 -0.12832 0.703004
-0.700458 -0.21042 -0.425451
0.0852838 -0.0429088 0.82937
0.210703 -0.511868 -0.697648
0.631192 0.473492 0.165821
0.0615993 -0.528327 0.564725
-0.285758 0.00712277 0.842106
-0.0264876 -0.639055 0.416992
-0.34767 0.792754 -0.261651
-0.734683 0.182517 0.466179
-0.301585 0.766245 0.26082
-0.683541 0.134459 0.537803
0.230917 -0.744246 -0.348407
-0.267822 -0.51326 0.562766
0.0496467 0.832953 -0.493602
0.322063 0.811243 0.0450224
0.223906 0.422718 -0.768581
0.754066 0.29826 0.139634
-0.710167 0.460882 0.134655
0.0207508 -0.773907 -0.0470637
0.15257 0.590121 0.524676
0.386619 -0.672186 -0.445118
0.657622 0.394256 -0.470057
-0.732828 -0.309427 -0.332004
-0.364801 -0.558144 -0.438187
0.460949 0.630899 -0.419298
-0.551257 0.21821 -0.626675
-0.64315 0.56457 -0.170684
0.662505 0.460725 0.106035
0.568768 -0.464087 0.295846
-0.554533 0.62552 0.203773
0.32629 -0.737396 0.0564799
-0.307728 -0.0159716 -0.774287
-0.752664 0.171141 0.438208
0.535526 0.0914034 0.56429
0.575607 -0.609411 -0.00192901
0.465868 0.655484 -0.361193
0.442127 -0.385835 -0.696988
0.914253 -0.139995 -0.13525
0.623513 0.496329 0.144724
-0.693473 0.0478489 -0.466754
-0.60104 0.505279 -0.432885
0.708929 -0.403896 0.131845
-0.160593 -0.713361 0.21233
0.241196 0.873112 -0.0716157
0.895924 -0.196753 -0.0891525
0.0223973 0.139767 -0.851453
0.662075 0.481881 0.0446907
0.593602 0.0860662 0.507575
-0.258243 -0.459781 -0.617169
-0.615678 -0.108554 0.614129
0.300745 0.0407557 -0.811457
-0.0373684 -0.245288 -0.823618
0.772095 -0.253656 -0.467096
-0.134724 0.747785 0.357344
-0.246056 -0.676418 -0.27289
0.715761 0.0279105 0.351986
0.813756 -0.368884 -0.255569
-0.747027 0.37348 -0.0906011
-0.442193 -0.371021 0.64058
0.0568814 -0.4469 -0.740002
0.214232 -0.637377 0.363989
-0.834611 0.097735 0.133394
0.677978 -0.175471 -0.607197
0.142026 -0.36025 0.702767
-0.373418 -0.0403855 0.798809
-0.833918 -0.0558759 0.0812649
-0.785971 -0.163371 -0.268037
-0.301105 -0.713535 0.188468
0.228601 -0.786102 -0.185301
-0.0359664 0.00557626 0.894608
0.365204 -0.0463176 0.701143
-0.541041 0.536868 -0.492144
-0.136592 0.941982 -0.0972681
-0.595328 0.501261 0.32628
0.545392 0.626606 -0.119123
0.32197 -0.726466 0.0861422
-0.573015 0.669549 0.0318094
0.167253 -0.545054 0.526341
0.034849 0.928466 0.158578
5.6855e-05 -0.735349 -0.331415
0.472341 0.68911 0.0597753
0.729496 0.378637 -0.306233
0.434822 0.717539 -0.105295
0.520765 0.0844686 -0.741169
0.620351 0.179854 -0.626211
0.0077679 -0.730895 -0.353783
-0.308217 0.741479 -0.483063
-0.274733 -0.508027 -0.580987
-0.792178 0.229021 -0.019252
0.489691 0.672378 -0.114472
0.576952 -0.222339 0.481315
-0.591205 0.644481 -0.0149428
-0.559781 -0.14857 -0.586665
-0.000358664 0.799858 0.348561
0.539 -0.629534 -0.315061
-0.77349 0.147123 -0.18616
-0.823531 -0.007114 -0.0213667
-0.829426 0.180617 0.167521
0.271749 -0.768579 -0.0114654
-0.0676342 0.278719 0.771083
0.294528 0.130399 0.752001
-0.547837 0.341907 -0.589328
-0.312088 0.294929 0.705144
0.38747 -0.0165252 0.697965
0.406088 0.410157 -0.691556
-0.270267 0.226562 -0.83301
0.421394 -0.678945 0.127379
0.505031 -0.544148 0.269306
-0.27342 -0.567917 -0.50742
-0.760423 0.334496 0.251524
0.0949954 0.621447 -0.690565
0.245459 0.0357646 0.774139
0.836952 0.253732 0.0547819
0.73122 -0.286849 0.225831
-0.668207 0.353012 0.406201
-0.0270591 -0.722976 -0.34746
0.125623 -0.600431 0.451391
0.510619 0.648458 -0.213936
0.0732567 -0.792357 -0.12869
0.887152 -0.229664 -0.0883433
-0.160446 -0.640718 -0.454102
0.914589 -0.104545 -0.205935
0.450785 0.702307 -0.20376
0.493826 0.56431 0.287361
-0.683134 0.52382 -0.115644
0.848928 -0.31224 -0.220681
0.0573648 0.244613 -0.84461
-0.782673 -0.261145 -0.262558
0.352375 -0.518887 -0.670303
0.0728633 0.66872 -0.664971
0.214669 -0.534043 0.532175
0.172785 -0.797316 -0.14586
-0.33978 -0.63051 0.398581
0.638905 0.469305 -0.410091
0.0203515 -0.761799 0.00964415
-0.559731 0.634863 -0.249365
-0.1407 -0.309249 -0.759347
0.735003 -0.414411 -0.366176
0.714578 -0.461553 -0.347719
-0.736826 -0.24726 0.379246
-0.661604 -0.217932 -0.474233
0.609333 -0.010573 0.489451
0.0995543 0.932842 0.0388344
-0.424419 -0.601758 0.419254
0.611584 -0.0426726 -0.69186
-0.399326 -0.647777 -0.197984
0.438863 -0.669876 -0.382564
-0.0153809 -0.718776 -0.372737
0.871475 0.0659325 0.102383
-0.686148 -0.0489527 0.530207
0.159926 0.754545 0.375387
0.690636 0.0300226 0.388026
-0.696465 0.358818 0.361066
0.710156 0.447195 -0.174884
-0.0287368 0.159544 0.856036
0.711555 0.44269 -0.200022
0.200807 0.877931 0.0510267
0.724954 -0.325987 -0.480568
-0.726024 -0.439101 -0.213334
0.15843 -0.729691 -0.39723
-0.229927 0.736478 -0.555954
-0.621021 0.0244487 0.613097
0.573997 -0.622814 -0.145862
0.118089 0.55475 -0.730143
-0.584717 0.232912 0.613497
0.69567 -0.512317 -0.12205
-0.102311 0.733383 -0.614534
-0.431104 0.677294 0.289676
-0.165319 -0.470408 0.628687
0.146499 0.105589 0.823679
-0.701128 0.454784 0.176129
0.400057 -0.385149 0.539325
0.130649 0.879435 -0.386244
0.683796 0.0149607 -0.615049
-0.314075 -0.501002 0.564954
0.00316544 -0.776811 -0.0622923
-0.746677 -0.0348702 0.455145
0.931449 0.0817655 -0.0495785
0.215687 0.503984 -0.719114
0.00287162 0.128855 0.866394
0.458539 0.0565917 0.636777
-0.250573 0.881148 -0.0237148
0.0734134 0.867532 0.283748
0.107976 0.124729 -0.839238
0.165001 -0.282752 0.720067
-0.793485 -0.0646571 0.323859
-0.617559 -0.195971 0.591259
-0.00910097 0.00288283 -0.850795
0.652333 -0.10826 -0.64352
0.411582 0.0174144 -0.795003
-0.678439 0.129395 -0.485376
0.327716 0.0304912 -0.807483
0.385522 -0.263329 -0.764597
-0.340753 -0.648639 -0.254502
-0.54058 -0.479 -0.406568
0.455541 -0.59953 -0.503917
-0.592084 -0.0862025 0.643627
-0.821564 -0.213827 0.150022
-0.417093 -0.627052 -0.236221
0.116751 -0.714976 0.199446
0.00502983 0.469276 0.629436
0.877213 0.0488777 -0.33919
-0.476549 0.556923 -0.548288
-0.257583 -0.619372 0.444839
-0.766 0.0464827 -0.270518
-0.810708 -0.241504 -0.139476
0.145996 -0.491124 -0.711108
0.0269727 0.353414 -0.832566
0.904149 -0.00196913 0.0513083
-0.388116 0.680365 0.312666
-0.134591 -0.332344 0.763426
0.327092 0.785255 -0.33459
0.367877 -0.407712 0.546207
-0.107007 -0.428861 -0.717034
-0.0126005 0.954657 -0.278136
-0.770617 0.127545 -0.215319
0.197355 0.41125 0.655902
0.0910753 0.201414 0.824944
0.762361 -0.318906 -0.424208
0.333615 0.56881 0.47179
-0.727729 0.388142 0.24197
0.558581 0.371732 -0.59333
-0.808227 0.246735 0.255674
-0.2444 -0.723588 -0.139011
0.0760322 0.80449 -0.509887
0.080918 -0.677808 0.315953
0.294229 -0.602975 0.372457
-0.792858 -0.165708 0.270319
-0.607363 -0.549996 -0.209241
0.692213 -0.356955 -0.507238
-0.0239848 -0.718166 0.199069
-0.675607 0.460984 0.241213
-0.707794 0.28044 0.435914
-0.744556 -0.197151 0.397273
-0.146658 0.292347 -0.872768
0.515979 0.637625 -0.241013
-0.743754 0.381552 -0.0933863
-0.728478 0.250764 0.439143
0.672586 -0.447545 0.153931
-0.609262 0.443867 0.378603
0.753353 0.180375 -0.504914
0.00272558 -0.761697 -0.244949
0.221105 -0.779882 -0.0643233
0.0766893 0.32806 -0.828303
-0.650864 0.32762 0.459713
0.484251 0.507414 0.35329
0.226358 0.64741 0.448011
-0.631694 0.526835 -0.334033
0.694778 0.466938 -0.0903292
0.553074 0.602425 -0.25042
0.689793 -0.279255 0.317104
0.542505 0.533253 0.255862
0.81016 -0.160915 0.214927
0.680109 0.492046 -0.153444
-0.329876 -0.709758 0.150129
-0.274851 0.845985 -0.198853
-0.616711 0.539336 -0.350257
-0.373686 -0.280969 -0.647356
-0.629636 -0.537251 -0.211517
-0.767207 0.034429 -0.270181
0.157638 0.263314 -0.825849
-0.215699 0.0961362 0.856788
-0.613657 -0.219826 -0.525329
0.721387 -0.414866 -0.395195
0.603126 0.0880863 -0.673862
-0.344273 0.00770149 -0.761528
-0.550753 0.688558 0.0147683
0.756363 0.376568 -0.18869
0.404217 -0.727691 -0.0999117
-0.113705 0.732817 -0.610449
0.685959 -0.382322 0.204366
-0.0444426 0.182745 -0.860472
-0.595595 -0.0161325 -0.563599
-0.822816 -0.17168 0.154141
0.602544 -0.600027 -0.257291
-0.604921 -0.525814 0.347995
-0.43939 0.773316 0.0169067
-0.168814 0.286956 -0.866976
-0.323384 -0.122905 0.81511
0.208744 -0.0215276 -0.825509
0.747003 -0.305409 0.171548
0.122838 -0.676856 0.313507
0.10377 -0.116118 -0.838542
0.813682 -0.064475 0.241696
0.0578522 0.439101 0.665203
-0.418351 -0.284422 0.714801
0.345552 -0.726217 -0.363165
-0.0860065 -0.710377 0.228587
0.123426 0.684411 0.450479
0.307493 -0.301222 -0.77833
0.123034 -0.21727 0.764904
0.786848 0.27925 -0.318302
0.233806 -0.520369 0.548628
0.292724 0.14303 0.7523
-0.432909 0.0129828 0.770795
-0.805605 -0.256114 0.182693
0.539466 -0.646778 -0.0952907
0.133963 0.469386 -0.774876
-0.796487 0.0974252 -0.0957486
0.17867 -0.111414 -0.827964
-0.207226 0.887822 0.0617756
0.287759 -0.137223 0.709878
-0.667405 -0.510346 0.244098
-0.543595 0.35034 0.570796
-0.753582 0.173569 0.436211
0.844837 -0.225126 -0.357213
0.503127 0.115363 0.592539
0.131573 0.0548384 -0.836712
-0.817753 0.157179 0.0694306
0.18735 -0.581319 -0.635158
-0.776118 -0.00908997 -0.254166
-0.0434255 -0.406198 -0.755196
-0.275503 0.218035 0.778359
0.0994928 0.0517688 0.84443
0.37722 0.738294 -0.344582
0.0232763 -0.554181 0.543535
-0.717464 0.250937 -0.366377
-0.38147 0.752983 -0.328611
0.260491 -0.61902 0.368949
-0.331843 -0.502256 -0.551827
0.898923 0.00333148 -0.297954
-0.104511 0.32537 0.726659
-0.642482 0.59315 -0.023709
0.521357 0.266397 -0.668763
-0.127972 0.93765 -0.161764
-0.146551 -0.737091 -0.186316
0.304975 -0.75359 0.0331009
0.857119 -0.0278483 -0.380255
-0.404417 -0.531881 0.507508
-0.641963 -0.271279 -0.490756
-0.715374 -0.266164 0.410993
-0.149318 0.209851 0.811623
-0.503539 -0.554324 -0.305605
0.541696 0.336483 -0.622436
-0.76851 -0.148361 0.352518
0.89716 0.00358069 0.069729
0.7655 0.353979 0.0399109
0.781062 0.279526 -0.340273
-0.181794 0.896092 0.0778651
-0.522347 -0.666558 0.0268973
0.39579 0.736873 -0.276787
0.557006 -0.0434307 0.539405
-0.188111 -0.664959 -0.362854
-0.707716 -0.50924 -0.0999892
-0.0499042 -0.473535 -0.695116
-0.827679 0.154023 0.182922
0.182314 -0.719263 -0.417005
0.613682 0.487783 0.180724
-0.818164 -0.31087 -0.0388278
-0.748355 -0.379974 -0.237187
0.0150288 -0.663652 -0.537904
0.42598 0.384774 0.528652
-0.83134 -0.0840268 0.0488257
0.0256328 -0.710381 -0.44004
0.452632 -0.693519 -0.0233024
0.0470503 0.914138 0.186909
-0.731605 0.2779 -0.313465
-0.818832 -0.189005 -0.106249
-0.633481 0.294588 0.515437
-0.416914 0.784338 -0.00390664
-0.178133 0.343464 0.697573
-0.284845 0.709736 0.331967
-0.171175 0.919381 -0.0167878
0.466612 -0.685158 -0.0114982
-0.671663 -0.260699 0.495296
-0.69238 0.18023 -0.45079
0.355287 -0.73664 -0.309572
0.271085 0.33225 0.676812
-0.782193 -0.180374 -0.285372
-0.240715 0.452279 -0.74033
0.299152 0.312615 0.677584
0.197546 -0.529501 0.543081
0.825767 0.281389 -0.121765
0.466999 0.490043 0.389425
-0.799155 -0.00774063 0.318545
0.114911 0.742102 -0.556933
-0.513309 0.455627 0.488707
0.79848 -0.350424 -0.313438
-0.686526 0.0352091 0.531758
-0.665313 0.305272 0.464873
0.580773 0.163115 -0.663696
0.135664 -0.642089 -0.567206
-0.502812 0.168626 0.708233
-0.27466 -0.190377 0.815535
-0.0597255 0.9006 0.210063
-0.275881 -0.328958 0.75137
-0.319542 -0.652901 -0.264041
-0.826621 0.0284718 0.0200619
0.0793556 -0.632548 0.413049
0.557862 0.606158 -0.214592
0.665094 -0.54449 -0.186306
-0.358814 0.127629 0.798431
0.91239 0.0640276 -0.236637
0.298219 -0.628158 0.327723
-0.170515 -0.576508 -0.569325
-0.777043 0.324235 0.0251221
0.496757 -0.199762 -0.747488
-0.677599 -0.550961 0.00334169
0.0622741 0.957195 -0.228644
-0.700422 0.432579 -0.290851
-0.743591 -0.301444 0.306733
-0.496554 0.719858 0.12407
0.393781 -0.462821 0.47781
-0.201128 0.900868 -0.115491
-0.609692 -0.605563 0.0508249
0.808748 -0.221574 0.14555
-0.424597 -0.273241 -0.623579
-0.574185 0.369773 0.513718
0.247513 0.489773 0.575232
-0.292039 -0.54436 -0.538382
-0.377087 0.57688 0.432492
-0.606955 0.591889 -0.220914
0.176432 0.478248 -0.755384
0.0117087 -0.687951 -0.500192
-0.750383 -0.304329 0.286302
-0.394836 0.790151 -0.0656637
-0.219594 0.786815 -0.483321
0.603272 -0.554305 0.143098
-0.314226 -0.722227 0.0529451
-0.740911 0.0176642 0.463598
-0.741474 0.169086 0.45741
-0.771879 -0.191446 -0.322186
-0.246555 0.760471 -0.512546
0.366756 -0.724459 -0.342439
-0.0059192 -0.782076 -0.120352
0.51488 0.649516 -0.192188
0.0425418 0.916247 0.185107
0.460098 -0.640169 0.18666
-0.306949 -0.614055 -0.373273
0.326059 -0.373695 -0.753997
0.380543 0.763607 0.0366599
-0.3057 -0.425926 -0.610053
-0.339381 0.806089 -0.209761
0.210473 0.749708 0.362411
-0.724191 0.329581 0.358086
0.528806 -0.495373 0.306837
-0.172821 0.915653 -3.92949e-05
-0.796028 0.139646 -0.0689844
0.335098 -0.0316486 0.71876
-0.587255 -0.3904 0.501157
0.16876 -0.419029 0.65319
0.467554 -0.676277 -0.309086
-0.500552 0.356194 0.599217
0.575239 0.586007 -0.235385
0.501097 0.112482 0.594567
-0.579993 -0.612972 0.132213
0.733398 0.207179 0.245301
-0.059246 -0.681582 -0.446459
-0.00790173 0.986303 -0.0644638
0.870573 -0.116641 0.144519
0.197714 -0.0224378 -0.827062
-0.269971 -0.501774 -0.587122
0.739822 0.283268 0.172943
-0.766135 0.323841 0.252522
0.789987 0.242573 0.132956
0.486004 -0.646396 -0.364997
-0.32459 0.0200704 -0.776361
0.455437 0.693384 -0.23323
0.762879 -0.453732 -0.155184
-0.366021 0.788146 -0.225291
-0.722735 -0.2325 -0.393149
-0.359812 -0.664394 0.299496
0.107955 0.456569 -0.790269
-0.00598384 -0.178886 0.834411
-0.285392 -0.585259 -0.457606
-0.0241591 0.848885 -0.490748
0.677715 -0.506615 0.050149
-0.641587 -0.0867551 0.584804
0.494084 0.241634 0.56245
0.521611 -0.666834 -0.161942
0.561359 -0.453358 0.318195
0.323374 0.708145 -0.458884
0.0388277 0.972033 -0.118421
0.888242 -0.0761631 -0.318341
0.193748 0.539517 -0.703567
-0.155275 -0.528627 0.573182
-0.717185 0.469175 -0.0357715
0.690558 0.379814 -0.434216
-0.160558 0.0240118 0.87574
0.76357 -0.170274 0.298749
-0.788681 -0.0735701 -0.232516
0.46982 -0.708898 -0.184526
0.3781 0.707616 -0.408191
-0.0933978 -0.310952 -0.783895
0.699491 -0.450776 -0.394924
0.686955 0.239621 -0.540164
-0.228606 -0.636036 0.43153
-0.473605 0.731473 -0.151071
-0.391669 -0.58406 -0.357626
-0.674023 -0.0768204 0.544637
-0.79027 -0.0241695 -0.212656
0.193446 0.41998 0.651741
-0.737711 -0.277502 0.346223
0.521372 0.646882 0.0819041
0.778599 0.216357 -0.436349
-0.493703 0.491565 0.466037
-0.174298 0.126198 -0.848325
0.165162 -0.726217 0.155345
0.819444 -0.379157 -0.229487
0.364807 0.774667 -0.125443
0.0542974 -0.781297 -0.0786048
-0.152511 -0.639467 0.433731
-0.685378 -0.0309294 0.531602
0.567477 0.268184 -0.631777
-0.299026 0.169697 -0.819138
0.362776 0.450342 -0.685402
-0.0570484 -0.754936 -0.211027
-0.379558 0.637389 -0.55641
-0.0390238 0.627324 0.48797
0.205041 0.834044 0.202607
0.738665 0.405439 -0.187243
-0.827746 -0.102101 -0.00134198
0.5043 0.621312 0.186627
0.457202 -0.580437 0.271122
0.125718 0.267323 0.773679
-0.277461 0.503967 0.534967
-0.772364 0.33726 0.0265286
-0.599345 0.221578 -0.56202
-0.424703 0.234902 -0.751256
0.478571 0.527837 0.3434
0.316361 -0.758707 -0.0777165
0.809115 0.226607 -0.352214
0.149251 0.211163 0.796776
-0.039571 -0.032524 0.888941
0.566006 -0.501571 -0.526549
0.110838 -0.759902 0.0268738
0.515816 0.65247 -0.0170138
-0.728474 0.237654 0.452068
-0.175545 0.906833 0.0429267
-0.360349 -0.684229 -0.136355
0.0867699 0.960045 -0.105723
-0.287167 0.749996 -0.493819
-0.491591 -0.0522946 -0.658829
-0.477656 0.112946 0.745231
0.654029 0.185692 -0.594846
-0.746597 0.36299 0.239542
0.271465 0.845799 0.0113333
0.783915 -0.0141459 -0.495246
0.54964 0.273826 0.459942
-0.504829 -0.657213 0.112186
0.316005 -0.613915 -0.592743
0.60628 0.0397361 -0.687897
-0.716373 0.00352498 0.493825
0.717012 -0.356146 -0.466689
0.133766 -0.271605 0.739989
-0.307137 -0.594394 -0.41646
0.138632 0.686059 0.443806
0.436014 0.367118 -0.693952
-0.63321 0.461119 0.325771
0.371024 0.530573 0.468347
0.164261 -0.70259 0.228087
0.89694 -0.011194 -0.30502
0.39648 -0.733163 -0.242498
0.151999 0.117768 0.820475
-0.765512 0.361597 0.0477134
-0.641693 0.297022 0.502711
0.252668 0.752468 -0.453911
0.088739 -0.779528 -0.266392
0.441256 0.711338 -0.164132
-0.352886 -0.622088 -0.311196
-0.090466 0.951411 -0.207303
-0.554855 0.526417 0.346024
0.228752 0.22766 0.756733
0.0643068 0.293045 -0.837266
0.037076 0.877914 -0.448932
-0.207253 -0.275551 0.789307
0.777602 0.0637881 -0.51301
-0.677146 -0.543219 0.077373
-0.328396 -0.525398 -0.535221
0.371066 0.561791 -0.596543
-0.116616 -0.0949058 0.870787
0.182709 -0.797151 -0.145095
0.747137 0.126933 -0.532893
-0.726651 0.330698 -0.313236
-0.817439 -0.0643341 0.211232
-0.516233 0.230873 0.663145
-0.608629 0.0634066 0.629444
-0.585109 0.598366 -0.301868
0.72295 -0.386104 -0.427664
0.733771 0.275882 -0.459706
-0.546453 0.432765 -0.560406
-0.662837 -0.505733 0.260826
-0.728559 -0.0399126 -0.410425
-0.389287 0.782437 -0.15678
-0.498993 0.28256 0.644354
0.352184 0.287487 0.666851
0.50871 0.441888 -0.591155
0.418429 -0.0699399 -0.794545
-0.331406 0.099998 -0.797912
0.601605 -0.312357 -0.630176
0.0517594 -0.343868 0.74945
0.132455 0.875943 0.184602
0.684462 -0.23129 -0.591763
0.833674 -0.365836 -0.199842
0.386092 0.758599 -0.0277469
0.744718 0.171679 0.250434
0.159418 0.90074 0.0437463
0.246217 -0.66115 0.298723
-0.192844 -0.692694 -0.28138
0.902178 0.0637892 0.042411
-0.753027 0.221022 -0.246042
-0.737477 -0.0709423 -0.393685
0.212567 -0.489276 -0.7126
0.184569 -0.191509 0.742866
-0.761926 -0.0434194 -0.3105
0.284634 0.581353 -0.626081
-0.43055 -0.680448 0.125367
-0.658954 0.197489 0.556059
0.569464 -0.478043 0.278194
0.0652066 -0.786332 -0.101197
-0.227474 0.327233 0.701262
-0.685825 0.360556 -0.388703
0.246838 -0.759419 0.0304774
-0.62171 -0.201509 0.583782
-0.39198 0.4723 0.53125
-0.826496 -0.241953 0.0676932
-0.266065 0.786727 -0.424416
0.527462 0.474728 0.326284
-0.218795 0.376685 -0.797213
0.850379 -0.153663 -0.383011
-0.335684 -0.38436 -0.61689
-0.678147 -0.172827 -0.460345
0.0240192 0.491778 0.61431
-0.778476 -0.0371772 0.383737
0.455616 -0.177527 0.600767
-0.683468 0.285388 -0.42202
-0.303878 -0.479225 0.591115
0.531657 -0.148468 -0.749989
-0.446921 0.717905 -0.319614
0.0330249 0.733703 0.412942
0.854674 -0.200074 -0.347951
-0.336086 -0.694998 0.223424
-0.302111 0.190496 -0.820522
0.792601 -0.0327199 -0.481772
0.163472 -0.272748 -0.826844
-0.325588 -0.466519 0.599709
-0.129703 0.0610224 0.878109
-0.0866214 0.14829 0.856011
-0.00761003 0.073343 0.87751
0.434356 0.692962 -0.3193
-0.379891 0.647652 -0.549424
-0.0151118 0.0454445 0.883193
0.667496 0.267391 -0.545622
0.220486 0.484686 0.590341
0.23705 0.12762 -0.820388
-0.651603 0.45091 0.312694
0.131536 -0.533454 -0.683048
0.649301 0.0327308 0.447633
0.809244 0.209624 0.131936
0.0600371 -0.113663 -0.841125
0.112509 0.708304 -0.597905
-0.653907 -0.0666906 -0.498736
-0.711771 -0.295049 -0.377619
0.789464 0.274113 -0.320286
-0.0531057 -0.679291 0.326298
0.135698 -0.626307 0.409527
0.622369 -0.564144 -0.355142
-0.13785 0.565624 -0.716455
-0.0400636 0.503648 0.59162
-0.00442968 -0.691301 0.286942
0.42702 0.52902 0.403866
-0.00541333 -0.526302 -0.662519
0.916684 0.106108 -0.00764086
-0.106597 -0.661785 -0.452016
-0.538356 0.0348037 -0.627259
-0.578325 -0.586826 0.254966
-0.0186148 -0.490477 -0.689619
0.178678 0.551847 0.549161
0.154413 0.414448 -0.793743
0.864821 0.0586585 -0.365592
-0.762827 -0.244247 0.312779
0.2049 0.671026 -0.580352
-0.325098 0.530657 0.497897
0.469027 -0.40261 0.469443
0.0196875 -0.0437177 -0.846986
-0.595523 -0.117143 -0.553907
0.627226 -0.278282 0.407007
-0.25865 -0.0750919 -0.782761
-0.436042 -0.470535 0.568701
0.11148 -0.0386853 -0.83902
0.535827 -0.478401 0.321072
0.416304 0.7321 -0.145638
0.782795 -0.216538 0.204451
0.40343 0.7447 -0.00110785
0.728628 0.103352 -0.55748
0.752368 0.330642 -0.330929
0.635375 -0.567341 -0.282647
-0.516404 0.714546 -0.0327965
0.32572 0.500541 0.534555
-0.182723 0.838494 0.227932
0.205925 0.294722 0.725728
-0.649236 0.517064 -0.292754
0.164645 0.0481817 -0.8318
0.142982 -0.748505 0.0766277
0.597172 0.438525 -0.510852
-0.825775 0.165417 0.12434
-0.355378 0.689779 0.31867
0.0881778 -0.785555 -0.0954386
0.230103 -0.640493 0.349672
-0.207976 -0.42509 0.66721
0.732149 -0.0357357 -0.557295
0.352251 0.761113 -0.342165
-0.123304 -0.473437 -0.673754
0.226434 0.0188845 0.779279
0.783405 -0.200243 -0.470938
0.522073 -0.659918 -0.082787
-0.154942 0.917907 0.038091
0.0599729 -0.708953 -0.465827
-0.734037 0.051333 -0.371694
0.0149874 0.707682 0.431212
0.145362 0.916708 -0.0159325
-0.702442 0.187199 -0.432088
-0.532131 -0.622175 0.228832
0.293012 0.26139 0.71129
-0.229484 0.671026 -0.609673
-0.429873 0.028749 0.773182
-0.508604 -0.0342607 -0.649686
-0.0134177 -0.184109 -0.83563
0.866454 0.186169 -0.212186
-0.0401285 -0.553871 -0.628481
0.80459 0.00749741 -0.472006
0.738885 -0.299199 0.195494
0.477446 -0.696317 -0.123156
-0.656134 0.580764 -0.0178968
0.28603 0.775456 0.259489
0.599998 0.471845 0.222248
0.535559 0.173349 -0.695142
-0.0673739 -0.632912 0.433837
0.136974 0.717301 -0.57127
0.243577 0.778961 0.314091
-0.619834 0.616229 0.0465915
-0.384697 -0.708296 -0.00691997
0.544377 0.209247 -0.674165
0.706184 0.270046 -0.504277
-0.760454 -0.164611 -0.350701
0.421224 -0.183564 -0.774178
0.375282 -0.117577 -0.799819
-0.638655 0.46633 -0.402693
0.893577 0.151978 -0.175366
-0.738956 -0.45972 0.0277546
-0.410747 -0.127713 -0.680881
-0.300793 -0.523403 0.543775
0.0997742 -0.658497 0.364113
-0.0392314 0.752454 -0.615472
0.74173 -0.475475 -0.211215
-0.802463 0.039305 0.314634
-0.771635 -0.414558 -0.0121474
0.181501 -0.691505 0.258721
0.417892 -0.727692 -0.179237
-0.115392 0.949337 -0.0297264
-0.771978 -0.234034 0.295186
-0.498344 -0.636204 -0.130425
-0.399915 -0.676294 0.205257
-0.386048 -0.136277 0.785667
-0.717353 0.177243 0.491467
0.0194679 0.97556 0.0120905
0.423775 0.475985 -0.631052
-0.0372268 0.330488 0.735538
0.832045 -0.239526 -0.378741
0.516256 -0.22845 -0.729569
0.0847759 -0.421282 -0.757061
0.584665 -0.320525 -0.637086
0.145334 -0.276536 0.732346
-0.783137 0.312641 0.194588
0.426774 0.505744 -0.607171
0.633053 0.527404 -0.0068667
-0.0487401 -0.751982 -0.228893
-0.608545 0.169993 0.616992
0.0868144 -0.0994427 -0.841298
-0.703505 -0.515176 -0.0199446
-0.307971 -0.70527 0.212578
-0.4319 0.320361 0.65077
0.276137 -0.442447 0.588993
-0.528626 0.427922 -0.58559
-0.754342 0.12286 -0.285687
-0.197464 -0.678508 0.325555
0.0713528 0.700929 0.448073
-0.546817 0.1865 -0.632991
-0.345222 0.237401 0.742979
0.552432 -0.229885 0.500191
0.223259 0.395892 0.656038
-0.204842 0.905339 -0.0602193
-0.747749 -0.425168 0.165061
-0.333168 0.0454076 0.820518
0.504505 0.379325 -0.633484
0.499289 0.38524 0.436233
-0.778776 0.299025 0.258393
0.821789 -0.0778871 -0.438809
-0.694969 -0.0293165 0.519694
-0.0176847 0.986004 -0.0564785
-0.179643 0.261021 0.764679
0.335159 0.427552 -0.715003
0.89303 -0.131687 0.0343871
0.111473 0.938365 -0.0425652
-0.775731 -0.0875905 -0.278775
0.161132 0.655499 0.463387
0.262812 0.856844 -0.218334
-0.762451 -0.211045 -0.345546
-0.330536 0.385366 -0.732233
-0.368027 0.451115 -0.674318
-0.512513 0.0352464 -0.653077
-0.374732 0.639172 0.365083
0.75093 0.0101323 0.307602
0.916543 0.0524892 0.00452575
0.268717 0.22347 0.741534
-0.0521872 -0.642482 0.414327
-0.75029 0.324022 0.314693
0.576137 -0.373388 -0.613704
-0.83215 0.0987722 0.152333
-0.230405 0.804791 -0.432296
-0.057775 0.814894 0.318986
-0.274597 -0.554244 -0.536441
-0.00578379 0.977235 -0.160537
0.400013 0.745837 -0.121937
-0.478447 0.427399 -0.626338
-0.304656 0.779803 0.23912
-0.0628154 -0.374518 -0.771752
0.0829018 0.749973 -0.568892
-0.583985 -0.0878264 0.651697
0.0513245 -0.576531 0.505122
0.0361132 0.656927 -0.692679
0.414723 0.707169 -0.334119
0.564282 0.604031 -0.198473
-0.153779 0.876862 0.169834
-0.766179 0.161822 -0.215663
0.252816 -0.617987 0.375066
0.256036 0.631769 -0.592341
0.597364 -0.59479 -0.0442848
0.583828 0.241086 0.436831
-0.692653 -0.499461 0.189497
0.249248 0.554532 0.518829
0.130252 0.0209186 -0.837131
-0.299618 -0.727221 0.00988677
0.419194 0.137224 -0.790793
-0.821726 -0.331098 0.0148076
0.693726 0.105439 0.352633
-0.0909466 -0.733218 0.131547
-0.151088 0.483871 0.586186
0.456187 -0.673956 0.0991209
-0.748976 0.128943 -0.301316
0.180864 -0.770656 -0.0211345
-0.432107 0.14461 -0.744728
-0.315424 0.183207 -0.816133
0.475686 0.527093 0.347642
0.451535 -0.361149 -0.703556
0.683816 0.433625 0.106593
0.0898678 -0.793499 -0.132511
0.792726 0.290976 -0.26742
0.779236 0.355046 -0.0496639
-0.614836 0.237318 -0.536233
0.905454 -0.144612 -0.0634263
0.368596 0.168827 0.698044
0.417634 0.669006 0.25257
-0.588592 0.652738 0.0213975
0.719207 0.276263 0.208999
0.327983 -0.209239 0.663645
-0.044521 0.352939 -0.845756
0.509638 0.65882 0.0662564
0.652205 0.341341 0.253538
0.915317 0.136229 -0.044342
-0.480001 -0.139702 -0.637609
-0.645616 0.549869 -0.217649
-0.00549887 -0.16516 -0.83715
-0.63252 0.257162 -0.506159
0.284722 0.824084 -0.329856
-0.363197 -0.161079 0.787305
-0.714045 0.208128 -0.38949
-0.650995 -0.461563 -0.320917
-0.8221 -0.210555 -0.0429752
0.572295 0.503845 0.236451
0.719907 -0.471269 -0.322262
-0.195128 -0.738514 0.0963148
-0.303306 -0.470811 -0.586158
-0.488054 -0.194125 -0.615697
0.150139 -0.143401 0.772921
0.142616 -0.154165 0.773456
0.33409 -0.666953 -0.491691
-0.556977 -0.216747 0.639793
0.693373 -0.436712 0.124432
-0.148086 0.383257 0.670874
-0.319862 -0.566454 0.489737
0.714813 -0.496748 -0.147556
-0.817846 -0.0465678 0.213065
0.32571 0.796045 0.12841
-0.18382 0.468589 0.59252
-0.581451 -0.311368 -0.522546
-0.152716 0.929038 -0.019598
-0.377679 0.416644 -0.689488
-0.39796 -0.671622 0.234243
0.764761 -0.450859 -0.138408
-0.808668 -0.331349 -0.0823348
-0.0927356 0.666636 -0.671646
-0.516689 -0.645173 0.155233
-0.343977 -0.597106 0.447866
0.631774 0.253366 -0.586076
-0.117852 -0.233923 0.823948
-0.351719 -0.0699927 -0.732778
-0.0292931 -0.633361 0.427734
-0.267907 0.816757 -0.33594
-0.0478843 -0.655914 -0.525492
0.0551045 -0.793014 -0.139988
-0.767674 0.357291 0.144976
-0.410652 0.788441 -0.00120643
-0.265152 -0.713999 -0.149741
0.105258 -0.765501 0.000116334
0.82983 0.0435602 -0.436812
-0.378699 -0.411472 -0.577972
0.422388 -0.156277 0.634647
0.105067 0.0194979 -0.840913
-0.142764 -0.275218 -0.773504
0.554235 -0.637897 -0.133479
-0.0864303 0.261108 -0.865281
-0.342231 0.500967 0.519577
0.045478 0.350071 0.73359
-0.652747 -0.347556 -0.43357
-0.655849 0.573236 -0.0607567
-0.0111891 -0.651783 -0.543151
-0.255081 -0.556266 -0.550827
0.201707 -0.256758 0.710786
0.343587 0.792816 -0.0745763
0.611842 -0.594813 -0.216162
-0.828644 0.115256 0.178237
-0.754502 0.0122397 -0.318072
-0.62132 -0.596699 0.050788
-0.0933884 0.490937 0.591707
-0.182454 0.901728 0.0525543
0.64131 -0.557465 -0.0630832
0.578954 -0.409172 -0.591187
-0.516608 -0.0494171 -0.640115
0.409744 0.739434 -0.017971
-0.670281 -0.395511 0.382649
0.724081 -0.345686 0.170298
0.794966 -0.10949 0.271223
-0.817484 0.0737072 0.241996
-0.836103 0.0333416 0.116171
0.801129 -0.272314 -0.401218
-0.696379 0.405725 -0.355335
0.32624 -0.755701 -0.0878709
-0.585626 0.61138 -0.233352
-0.142987 0.174032 -0.861925
-0.322456 -0.507381 0.555989
0.49004 0.544445 -0.511703
-0.521382 0.715621 0.00491078
0.291791 -0.699407 -0.434042
0.352033 0.34018 0.632089
0.267081 0.840256 0.0698335
-0.204749 0.366693 0.673415
0.357391 0.68996 -0.451577
0.740808 0.164256 0.259244
-0.405586 -0.666563 0.247377
-0.311336 -0.728535 -0.0414607
-0.829969 -0.16739 0.0932773
0.404518 -0.622666 0.257273
0.375906 -0.0700455 0.689152
0.104719 -0.460127 0.628114
0.606508 0.194128 0.442371
-0.64372 0.518141 -0.31547
0.27586 -0.105919 -0.814225
0.730883 0.424256 -0.109764
0.570276 -0.554575 -0.448976
0.253303 -0.707162 -0.426726
0.20763 -0.555781 0.500597
0.294838 -0.64639 -0.544366
-0.524642 0.661294 0.196361
-0.658047 -0.574679 -0.0257623
0.0140128 0.391778 -0.827606
0.489692 -0.584633 -0.490238
0.620234 0.511883 -0.344503
0.816337 -0.226236 0.12402
0.498061 0.21128 0.579682
0.702477 0.00110659 0.382464
0.212778 -0.712551 0.187894
-0.210283 0.379025 -0.800269
0.00262855 0.0408157 0.877967
-0.597032 -0.273196 0.564451
-0.565898 0.655907 -0.0991101
0.682638 0.433945 -0.357874
0.90748 -0.00806189 0.043284
-0.244373 0.201109 -0.837316
-0.602797 0.229068 0.601532
-0.595359 0.578319 0.206192
0.0998682 -0.275611 -0.824668
0.500051 0.0761142 -0.760629
0.0286503 -0.750068 0.0653833
-0.168142 -0.366841 0.726962
-0.776784 -0.112421 -0.282739
-0.0321912 -0.374892 -0.782707
-0.767822 0.208609 -0.174325
0.760993 -0.457478 -0.213158
-0.245249 0.881711 -0.0117386
0.393714 -0.465084 -0.686255
0.510148 0.658385 0.0637241
-0.647641 0.21653 -0.499939
-0.705927 -0.506067 0.0523197
-0.51712 -0.317524 0.614299
0.0792742 0.744827 0.411655
-0.065299 0.958907 0.0583785
-0.0781367 -0.526976 -0.640687
-0.686934 0.443061 -0.324387
0.0386105 -0.675945 0.32661
0.879571 -0.258997 -0.178979
0.264195 -0.653253 -0.537398
0.65276 -0.504066 0.12702
0.00546708 0.826491 0.326407
-0.582697 -0.46514 -0.388929
-0.234631 0.620849 0.442737
-0.538295 -0.659319 0.0380903
0.892948 0.181626 -0.080555
-0.0777127 -0.329991 -0.78375
-0.396402 0.3139 -0.730438
0.0527218 -0.696375 -0.496911
0.903157 -0.172029 -0.0937383
-0.129305 0.948116 -0.0624666
-0.716587 0.0994223 0.495821
-0.438042 0.404638 0.578701
0.735019 -0.293699 -0.492826
-0.783221 0.0409211 -0.206918
-0.0517293 0.727721 0.39852
0.00145924 -0.587555 0.499837
-0.63275 0.273604 -0.500095
0.833001 -0.131576 -0.417201
-0.0912092 0.952813 -0.196849
0.269837 -0.421524 -0.753167
-0.812119 0.129637 0.288064
-0.155763 0.920802 0.0190869
-0.821432 0.11889 0.227224
0.00661373 0.795615 -0.565499
0.858238 0.0504342 -0.381985
0.416896 -0.683564 -0.382908
-0.72413 0.43345 -0.0974308
0.464141 -0.700478 -0.108388
0.251495 0.835013 -0.35579
0.0820853 -0.673788 -0.532775
-0.0316787 -0.692446 0.286985
0.138664 -0.569704 0.49531
0.753329 -0.464524 -0.213637
-0.404823 0.693692 -0.434516
-0.714029 -0.272518 0.407571
-0.760101 0.0234141 -0.296553
0.465454 -0.222031 0.577527
-0.369938 -0.665896 0.291141
-0.218282 -0.311039 -0.717029
0.188026 0.662113 0.448282
-0.775522 -0.326556 0.198889
-0.543482 0.652335 0.171593
-0.577585 0.0764917 -0.591076
-0.759933 0.31849 0.297183
0.317269 0.0442471 0.742782
0.330097 -0.74234 -0.320937
0.310662 0.654917 -0.529303
-0.594229 0.357485 0.501103
-0.819684 0.013978 -0.0276379
0.883766 -0.191165 -0.250998
-0.568435 0.381698 0.507406
-0.139097 0.0892543 -0.853928
0.465761 -0.515295 0.344131
0.0785621 0.206724 -0.842155
0.740218 -0.461468 -0.29082
0.0676025 0.244486 -0.843121
0.34531 -0.0383586 0.712326
-0.106375 0.961553 -0.0742533
0.492119 0.672756 0.0368658
0.0779226 0.950141 -0.256386
-0.077965 0.15619 0.854269
0.301425 -0.0881109 0.718943
0.571369 0.0666409 -0.708443
0.114016 0.107814 0.833976
-0.211254 0.787089 0.283083
0.59036 0.33465 0.349861
-0.235716 0.118919 0.850252
-0.580503 0.0867406 -0.589067
-0.377729 -0.25081 -0.658695
0.579867 0.457207 0.263907
0.36964 -0.425429 0.530993
0.24778 0.867758 -0.253896
-0.479645 0.187428 0.712497
0.100926 0.293406 0.766911
0.623209 -0.560032 -0.365939
-0.501182 0.717583 -0.107824
0.365127 -0.607967 0.31112
0.430547 -0.0710585 0.657564
0.658671 -0.0952737 0.433379
-0.512587 0.71519 -0.0523569
-0.451437 0.267554 0.678098
-0.814982 -0.240318 0.163361
0.188614 -0.670898 0.314777
-0.383872 -0.11254 -0.701023
-0.743947 0.221299 -0.290187
0.4191 0.305841 -0.732517
-0.386041 -0.587013 -0.356549
-0.514325 0.65644 -0.324381
0.423872 0.0615462 0.666311
0.45259 -0.420462 0.467094
-0.375655 -0.415681 0.642969
-0.151702 0.897146 0.124401
0.534251 -0.531078 -0.525822
-0.744112 -0.304617 -0.314131
0.362743 -0.42431 0.537129
-0.359843 0.308883 -0.75391
0.551719 -0.476533 -0.562649
0.575992 0.345289 -0.590972
-0.34116 0.759871 0.247827
0.925023 -0.0174627 -0.211232
-0.0381221 0.714152 -0.664975
-0.0230646 0.966909 -0.222398
-0.178102 0.25127 -0.860646
-0.791861 0.166735 -0.0728369
-0.509505 -0.504017 0.492391
0.676241 -0.260042 -0.598314
-0.079485 -0.63325 -0.543585
-0.135124 -0.188147 0.839861
0.907981 -0.163362 -0.122954
-0.630167 0.340436 0.47259
0.476692 0.57513 -0.48454
-0.781965 -0.219845 -0.290276
-0.0895717 0.130275 -0.860386
0.357019 -0.749039 -0.182277
0.172299 0.911637 -0.0849018
-0.72507 -0.44849 -0.202824
0.672581 -0.173428 -0.614233
-0.296412 0.0304534 0.836603
-0.112269 -0.500098 0.606165
0.394403 0.752469 0.0545089
-0.467875 0.317143 -0.684676
-0.188928 0.647133 -0.64246
0.722619 -0.155429 -0.55381
0.299232 -0.743094 0.0627696
0.506703 0.259893 -0.682875
0.0520674 0.385247 -0.821882
-0.607306 -0.360012 -0.474026
-0.101249 0.0692468 -0.855592
0.341606 0.631785 0.395253
-0.370989 0.646039 0.35938
0.642648 0.416715 -0.4717
0.0508866 0.971227 -0.0467056
4.75389e-05 -0.783596 -0.129541
-0.83148 -0.111922 0.0690007
-0.535893 -0.0492242 -0.620904
0.371753 0.770338 -0.0179773
0.201694 0.115402 -0.825742
-0.691207 0.165031 0.528971
0.685864 0.477903 -0.208714
0.14667 0.481002 0.622821
-0.808813 0.134448 -0.0031817
-0.793101 0.102324 0.378793
-0.792291 0.067119 0.373343
0.429616 0.0444395 -0.791352
0.12383 0.00934109 0.824278
-0.747192 -0.405209 -0.216516
0.209607 0.779461 -0.450882
-0.141417 0.924671 0.0378247
0.0347022 0.418321 0.677697
-0.0577211 -0.473903 -0.692514
0.812708 0.162549 0.154473
-0.623358 0.444267 0.35904
-0.539261 -0.645885 0.101304
0.51037 0.656559 -0.0412692
-0.729266 -0.426137 -0.224293
0.210758 -0.533826 0.533412
0.214932 0.0498364 -0.824255
0.443864 -0.715084 -0.229934
0.041803 0.508569 0.603741
0.344051 0.73269 0.26181
0.0217575 -0.349682 -0.796507
-0.629617 0.609828 0.00265988
-0.598629 -0.474748 0.43227
0.502872 -0.647283 0.122649
-0.357054 0.403105 0.602652
0.85888 -0.322533 -0.120326
-0.182297 -0.683916 0.314566
-0.366507 -0.693144 0.176496
0.62698 0.181481 -0.620249
-0.781441 0.304618 -0.0029944
0.626051 -0.566557 0.0049303
0.626782 0.129523 0.440904
-0.0113057 0.843539 0.306446
0.257983 0.46384 0.593386
0.524998 -0.664537 -0.167557
0.0291932 0.213364 -0.849235
-0.291931 -0.686745 0.268934
-0.727994 0.320067 -0.312655
-0.349628 0.00449955 0.812203
0.0570928 0.956486 -0.249634
-0.0823922 0.971126 -0.0607892
-0.798877 0.282651 0.199201
0.737649 0.342135 -0.361164
-0.211147 -0.744307 -0.0384119
-0.768182 -0.230027 -0.333847
-0.67756 0.459701 0.23803
-0.128425 0.662426 -0.658888
0.453782 -0.691587 -0.288705
0.306291 -0.561969 0.43141
-0.160708 0.90681 -0.229399
-0.163633 0.907057 -0.218317
0.204968 0.732696 -0.508441
0.726859 0.273862 0.199751
-0.153972 0.670477 -0.642699
0.280839 -0.154157 0.707329
-0.184961 0.840314 -0.406778
-0.400591 0.662021 -0.499354
-0.567789 -0.160981 0.65333
-0.612749 0.586378 -0.218628
0.515315 -0.650789 -0.295499
0.70048 -0.120562 -0.586155
0.160442 0.428721 0.658557
0.358643 0.506854 0.508242
0.564813 -0.0786781 -0.737184
-0.730757 -0.468134 0.0661003
-0.257006 -0.0827737 0.850848
0.88514 -0.157424 -0.278699
0.0391686 -0.773058 -0.241177
0.49541 -0.665299 -0.289296
0.156993 0.383071 0.68933
-0.547427 0.668185 -0.135489
0.310017 0.762583 -0.398289
0.134794 0.384988 0.696472
0.721214 0.431058 -0.179086
0.556799 0.618914 -0.0126494
0.740802 -0.267042 0.229891
0.257988 0.860969 -0.21083
0.342296 -0.6529 -0.518895
-0.586048 -0.224491 -0.550202
-0.404394 0.502077 0.50118
0.415749 -0.531319 0.373442
0.446167 0.366976 -0.685847
-0.647938 0.320456 0.471762
0.502244 0.545121 -0.494914
-0.235464 -0.660038 -0.328849
-0.565798 -0.583177 0.307579
0.0359529 -0.194812 0.811067
-0.684667 -0.541522 -0.045219
0.601976 -0.160475 -0.694773
0.410443 0.734994 0.108936
0.410243 -0.604324 -0.544555
-0.128887 0.401124 0.659995
0.854607 0.150566 0.0978637
-0.57132 -0.387224 0.518773
0.371035 0.249146 0.674461
-0.836914 0.011464 0.0986602
0.510996 0.296099 0.495828
0.12673 0.408139 -0.802146
0.740171 -0.471736 -0.118255
-0.0318301 0.0882195 0.875896
0.163657 0.822788 0.293597
-0.120604 0.802839 0.310939
-0.55154 -0.640441 0.0904235
-0.00921154 0.02854 0.883243
0.398989 0.49673 0.469231
-0.728765 0.434995 -0.0463081
-0.414472 -0.222229 -0.648196
-0.030128 -0.721759 -0.348657
0.0753651 0.943453 0.0517866
-0.382812 0.206086 0.747535
0.540935 -0.266098 -0.693917
0.362306 -0.386915 0.566738
-0.73204 0.117483 -0.358918
0.794091 0.258939 -0.338279
-0.0588466 0.314054 -0.855815
-0.110166 -0.257164 0.814043
0.699454 -0.0652147 -0.592638
0.533018 0.633244 0.0803237
0.308353 -0.632808 0.31243
-0.541891 -0.0783122 -0.611872
0.250742 0.491464 -0.710882
0.55649 -0.618732 -0.314568
-0.0665022 -0.0162762 0.898174
-0.607428 0.0320779 0.630207
0.108223 0.523345 -0.755733
0.235728 0.858728 0.0568064
-0.239457 0.501119 -0.711659
-0.175096 -0.1803 -0.795743
-0.66631 0.294278 0.474453
-0.79512 0.076815 -0.117452
-0.564088 -0.637967 0.0640551
0.139254 -0.661667 0.35287
-0.393744 0.655862 -0.519502
-0.519604 -0.532539 -0.331704
0.438622 -0.28183 0.573736
0.193768 -0.691269 0.257019
0.0280342 0.967448 -0.19419
0.274787 0.340771 -0.784665
0.155387 0.436218 0.655625
0.462723 0.68802 -0.228143
0.158447 0.45917 0.636927
0.839408 0.163818 -0.355862
0.542602 -0.632326 0.0487274
0.557627 0.21996 -0.659429
-0.0782301 -0.769513 -0.141671
-0.497209 -0.600802 0.399479
-0.750517 0.302539 -0.202022
-0.445182 -0.547676 0.478463
0.317723 -0.0216393 0.728846
0.381287 -0.662535 -0.469471
0.687476 0.475593 -0.210689
-0.736322 -0.216183 0.411419
0.720689 -0.0815666 0.365609
0.0986356 -0.568793 0.505978
0.394456 -0.712112 -0.339571
0.814525 -0.0592354 -0.450494
0.548217 -0.62544 0.0766917
-0.413788 -0.578336 -0.348893
-0.717665 0.406795 -0.257794
0.183314 0.840959 0.215731
0.455285 -0.445799 -0.655147
0.636995 -0.462076 0.201141
0.884671 -0.126175 -0.310678
-0.0566247 -0.665632 0.361012
-0.68046 -0.420001 0.332683
0.336967 -0.74524 -0.00142022
0.177414 -0.468356 0.610394
0.592302 0.457555 -0.494519
0.375014 0.570532 0.421058
0.166822 -0.749229 0.0734609
0.10313 -0.677952 -0.524286
-0.606296 -0.0672584 -0.54765
-0.128234 -0.464971 -0.679628
0.458005 0.361496 0.507849
-0.42962 -0.632707 -0.208983
-0.0812218 -0.0439018 0.888784
0.336661 0.487398 0.541122
0.107565 -0.0257522 -0.839842
-0.439734 -0.668316 -0.100542
-0.621234 -0.212552 -0.518239
-0.0855733 -0.416763 -0.733751
-0.264471 0.580769 -0.650718
0.286027 -0.767576 -0.08946
-0.0412305 0.989523 -0.0802116
0.24554 0.2368 0.744665
-0.40278 0.16265 0.765115
-0.548632 -0.488418 -0.382701
0.624319 0.0541657 -0.66691
-0.0271039 0.0247536 0.889497
-0.398682 0.414871 -0.678345
0.0768413 -0.406646 0.685799
-0.759197 0.254234 0.397088
-0.285846 -0.693995 0.252183
-0.0230245 0.15242 -0.857858
-0.732926 0.291406 0.391396
0.01926 -0.765909 -0.00971827
-0.109011 0.151385 -0.861951
-0.329386 0.80829 0.120287
0.273993 0.836584 0.0697356
-0.691313 -0.291659 -0.412599
0.302439 -0.651823 -0.531342
-0.44382 -0.54194 -0.389919
-0.00493076 0.0375399 0.880804
0.371861 -0.375395 0.56692
-0.723964 -0.180152 0.466664
-0.764697 0.353917 0.0117902
0.0253607 0.214515 -0.849774
0.137356 0.943744 -0.184936
0.370189 -0.386363 -0.737415
0.600072 -0.596288 -0.291068
0.475749 0.684277 -0.0851052
0.560995 0.481121 0.271833
0.422036 0.65673 0.264617
0.273853 -0.77043 -0.0732457
-0.409243 -0.125109 0.777933
-0.234871 0.82485 -0.36782
0.540046 0.355583 0.406412
0.359428 -0.462703 -0.711025
-0.0827128 -0.210115 -0.830863
-0.714237 -0.407765 0.265939
-0.132934 -0.245379 0.815974
0.197147 0.0853535 0.806798
0.112225 0.45579 0.658189
0.173192 0.865004 0.154698
-0.645179 0.588755 -0.0349587
0.595004 -0.598168 -0.0610827
-0.719664 0.468654 -0.0133233
0.922273 -0.108226 -0.132117
0.382205 -0.0368598 0.695948
-0.104187 0.963563 -0.0795655
-0.361203 -0.711613 0.030123
-0.823173 -0.284442 0.00885252
-0.542746 0.701469 0.0622346
-0.786021 -0.10928 -0.251783
-0.0292732 -0.63146 0.431189
0.100716 -0.64743 -0.562393
-0.636254 0.398197 -0.446162
-0.114008 -0.696553 -0.349982
-0.449187 -0.603831 0.409537
0.570918 0.55737 0.159385
0.134266 -0.431186 0.65356
-0.8086 0.0413054 -0.0688731
0.820909 -0.0297953 -0.44637
0.778658 0.177391 -0.47636
-0.236249 -0.282408 0.781264
-0.26033 -0.736829 -0.0441913
0.211954 0.794719 0.310418
-0.630814 -0.425704 -0.406725
-0.667787 0.222367 -0.469972
-0.621685 -0.403315 0.459179
-0.119556 0.00819248 -0.850574
0.700688 -0.350094 0.21273
-0.734661 0.43551 0.0134587
0.663208 -0.543949 -0.153981
0.703929 -0.139158 -0.579396
0.390516 0.736389 -0.300014
-0.243145 -0.300492 -0.708455
0.503423 0.640597 -0.27785
-0.110419 -0.416066 -0.723133
-0.349066 0.798909 -0.220818
-0.219095 0.880674 0.0661421
-0.447513 -0.565595 -0.340252
-0.275623 -0.35698 -0.665346
-0.467649 -0.613702 0.388601
0.552817 0.604065 -0.244106
0.836697 0.239847 -0.198979
-0.198537 -0.430293 0.663279
-0.0104863 0.348933 0.725615
0.328311 -0.604526 -0.60041
0.932789 -0.00901904 -0.169127
-0.0520523 0.869675 -0.442221
0.255209 -0.601755 0.401326
-0.746344 -0.185428 0.398366
0.902954 -0.0135868 0.0572156
0.400303 -0.13165 0.65469
-0.0951492 -0.533385 0.576332
-0.380764 -0.153309 -0.689816
-0.182567 -0.431901 0.663475
0.585487 -0.598438 0.030572
-0.816973 0.0472124 0.23933
0.103047 0.949848 -0.094451
0.0264919 -0.446772 0.651733
0.812624 0.288964 -0.169424
0.294083 -0.741215 0.0711391
-0.347454 0.490751 0.527224
0.7218 -0.151089 -0.555421
-0.284409 0.00404581 -0.793559
0.781673 -0.135165 -0.481854
-0.593173 -0.493869 0.415129
0.266013 0.38874 0.644357
-0.347155 -0.119052 -0.71976
0.480408 -0.17666 0.580219
0.592928 0.497874 -0.437813
0.544741 0.62798 -0.0654638
0.691044 -0.358225 -0.508042
0.741446 0.210076 0.23109
0.678932 -0.521085 -0.0301075
-0.200153 0.885564 0.081835
-0.628809 -0.55272 0.262903
0.210701 0.171527 -0.823494
0.292926 0.757306 -0.421552
0.597862 -0.408139 -0.573239
0.423808 -0.694186 -0.338125
0.75178 0.388339 -0.046516
0.519372 0.619442 0.15515
-0.44724 -0.483966 -0.488853
-0.206849 0.456849 -0.755292
0.112918 0.0508461 0.838082
-0.511741 0.166293 -0.667479
0.43033 0.67926 -0.378017
-0.245919 -0.705142 0.23573
0.786221 0.117095 -0.501728
-0.52186 -0.641346 0.166289
-0.685838 -0.286902 0.455575
-0.623794 0.594569 0.0920516
0.22774 -0.545611 0.511473
0.35445 -0.221592 -0.784756
-0.687384 -0.437986 -0.286172
-0.0778349 0.371339 0.694257
-0.128026 0.934078 0.0219683
0.668098 0.495132 -0.0651888
0.426864 0.617361 0.309925
0.900523 -0.15112 -0.0435013
-0.552913 0.648828 -0.214225
0.435356 -0.153136 0.625552
0.242304 -0.676384 -0.494734
0.782051 -0.349659 0.0340617
0.415191 -0.70493 -0.321819
-0.340801 -0.710531 0.106863
0.0577091 -0.476434 -0.720468
-0.668731 0.360455 -0.413716
0.337852 0.776711 -0.329859
0.122754 0.146057 0.826687
0.0344885 -0.725821 -0.396295
0.405755 -0.623968 -0.518422
0.345885 -0.752723 -0.177705
0.625832 -0.575942 -0.285137
0.278793 -0.385722 -0.76514
-0.326507 -0.698286 0.223277
-0.573631 0.303726 0.574623
-0.822062 0.229004 0.22095
-0.782399 -0.121131 -0.267081
-0.745212 0.0256958 -0.343871
-0.795642 0.290722 0.192592
0.588311 -0.0322417 -0.714932
-0.323219 -0.432805 -0.596541
0.834806 0.142426 -0.39226
-0.333776 0.453034 -0.691112
-0.0924713 0.961882 -0.140956
-0.82188 -0.289442 -0.00990309
0.718342 0.0995952 0.318868
0.796116 0.199056 -0.415753
-0.658712 0.379233 0.388056
-0.604734 -0.618658 -0.010898
0.120343 0.872802 -0.400749
0.0222232 0.537008 -0.777722
0.0582678 0.956706 -0.244204
0.16475 0.360001 -0.806033
0.501436 -0.460803 0.377069
-0.0786097 0.509211 -0.778026
-0.133546 -0.595156 0.504601
-0.195799 0.867275 0.148683
-0.81058 -0.101816 -0.157292
0.193086 0.879739 0.0651531
-0.82464 -0.20313 -0.00501457
0.144355 0.529904 -0.735176
-0.737649 -0.30468 0.318756
0.861171 -0.253185 -0.261832
-0.508833 -0.597873 0.388772
0.928004 0.0570574 -0.155442
-0.367756 0.699378 -0.484435
0.726858 0.0211486 0.338454
0.0336901 0.325102 0.751109
-0.232674 0.865819 -0.225208
0.575831 0.559903 0.135127
0.0994899 0.0728459 0.842764
0.673002 -0.501693 0.0794916
0.352846 0.663048 0.348668
0.312467 0.414475 -0.7347
-0.229361 -0.431173 -0.649146
0.312613 0.302007 0.678682
0.0625926 0.969242 -0.0908763
-0.628455 0.516177 0.248667
-0.573977 0.584522 0.237389
-0.202678 0.872175 0.121951
-0.768891 -0.294462 0.247837
0.881702 -0.167931 0.045589
0.59322 -0.544299 -0.439894
0.217214 -0.00166593 0.779145
-0.548097 -0.150376 0.676798
-0.18884 0.543585 0.524374
-0.236147 0.356645 -0.800156
-0.413416 0.180827 -0.767164
-0.172321 -0.692758 0.292299
0.487045 0.0622591 0.610383
0.585743 -0.0450678 0.510445
0.151506 0.812979 0.326107
-0.504934 0.439154 -0.604697
-0.384046 0.748395 0.224819
-0.754072 -0.314254 -0.285721
-0.776177 -0.406757 -0.082055
0.706759 -0.316214 0.240713
-0.297015 -0.592455 -0.430511
-0.575572 -0.0464851 -0.581258
-0.35871 0.206452 0.757572
-0.179163 0.832345 -0.429024
-0.665023 0.180438 0.556025
-0.205213 -0.311269 0.772483
-0.323099 -0.305967 -0.663215
-0.480488 0.472489 -0.602489
0.492983 0.596465 -0.430801
0.0669233 -0.266705 0.775708
-0.541966 0.390512 -0.580633
0.40673 -0.290272 -0.751237
0.569662 -0.477256 -0.544211
-0.111839 -0.113974 0.864829
0.0367439 0.159587 -0.849032
0.749261 -0.461229 -0.0873199
0.633967 0.193818 0.402318
-0.131219 -0.556367 0.548791
0.476558 -0.00687417 0.622957
-0.576705 0.653908 0.0821429
0.450177 0.385531 0.497644
-0.326401 0.378668 0.632559
0.199096 -0.142701 0.750842
0.31282 0.652784 0.406878
0.688425 0.469027 -0.059778
-0.785233 -0.145197 0.304331
-0.337783 -0.631445 0.396943
-0.141398 0.0515773 0.876994
0.339915 0.290682 -0.782531
0.74002 -0.246787 0.255614
0.758073 -0.361364 -0.386759
0.510493 -0.205778 0.54464
0.483042 0.329768 0.50286
0.278021 0.0161223 -0.815022
-0.0527552 0.60255 0.506048
0.763491 -0.0828203 -0.511863
0.367445 0.774183 0.0263985
-0.640903 -0.585963 0.0273396
-0.0907548 0.719898 -0.637797
-0.275879 0.853957 0.0590555
0.624307 -0.264541 0.424346
-0.828843 -0.156729 0.0419201
0.207205 -0.527713 0.543575
-0.308205 -0.14376 -0.733525
-0.525688 0.392346 0.552708
-0.522697 0.312197 -0.632588
-0.101189 0.100113 0.868739
0.43089 0.680077 -0.375438
0.0955033 0.287674 0.772463
0.502209 0.42601 0.39859
0.425979 0.500903 0.431871
-0.548816 -0.167564 0.671894
0.202731 0.806661 0.288764
-0.763784 0.300084 -0.125366
-0.398849 0.266388 0.70128
-0.490952 -0.603234 -0.219465
0.514573 -0.0513707 0.581364
0.147114 -0.308027 0.719722
-0.491072 0.367788 -0.646036
0.339613 -0.399487 0.574206
-0.216661 -0.540905 0.545015
-0.441374 0.680536 0.276718
0.562345 -0.559621 -0.449735
0.301728 0.768406 0.256629
-0.39173 0.54347 -0.606434
0.904821 0.101395 -0.255827
-0.831499 -0.0534624 0.0372233
0.210631 -0.489235 0.584986
0.359424 0.780684 0.023227
0.162331 -0.268494 -0.827093
-0.562846 -0.211668 0.636999
0.479773 0.102073 -0.766452
-0.177527 -0.750693 -0.0550542
-0.757748 0.227578 -0.215874
0.160591 0.282891 0.75065
0.735319 0.363283 0.108467
0.492451 -0.633277 -0.390501
0.15582 -0.806333 -0.196267
-0.459932 -0.338417 -0.574275
0.341732 -0.389132 0.580028
0.485579 0.448035 -0.604681
0.211763 -0.424113 -0.753792
0.219915 0.679528 -0.560532
0.783624 -0.335865 0.049502
0.558909 -0.0906702 0.533833
-0.681979 0.450418 0.244996
0.0822066 0.807113 0.355052
0.934568 -0.0562679 -0.123197
0.00970675 0.969145 0.051926
-0.378878 0.808181 0.0294464
0.891388 -0.140847 -0.272085
0.140361 0.240783 0.783739
-0.58744 0.466636 0.380213
0.123948 0.838342 -0.438815
-0.0954469 0.905277 0.163717
-0.612471 -0.283566 0.542444
-0.162192 0.929149 -0.0758643
0.732495 0.194351 -0.518157
0.571798 -0.368746 0.393678
0.259838 0.491296 0.569028
-0.560999 -0.64584 0.033477
-0.234966 0.393286 -0.77877
0.423092 -0.0991007 0.654026
0.356214 -0.487219 -0.695832
-0.390491 0.100757 -0.765148
-0.267213 0.0210148 -0.80847
-0.657644 -0.446759 0.355982
0.347758 -0.743597 -0.0252581
-0.336115 0.544475 -0.634973
-0.477001 0.296765 -0.687368
-0.118018 -0.306476 -0.772728
-0.462851 0.0260057 0.753466
0.0563806 -0.151889 0.813287
0.107127 0.738989 0.407337
-0.572109 -0.0270173 -0.586701
0.599254 0.52306 0.155786
-0.39706 -0.17372 -0.674034
0.827142 0.0689897 0.171581
-0.402831 0.790876 -0.0199809
0.36687 -0.722343 -0.351929
0.0169931 0.885345 -0.446173
-0.320408 -0.547502 0.511313
0.305134 0.146437 0.743507
-0.806175 0.0476475 -0.0776471
0.647182 -0.245143 0.411595
0.150952 0.177242 -0.832102
0.00130568 -0.62222 0.443747
0.630482 -0.369963 0.310289
-0.628115 -0.534316 0.296353
0.388576 0.741448 0.145442
0.106397 0.786597 0.365089
0.901094 0.122401 -0.229767
0.409818 -0.282694 -0.752265
-0.755316 0.395505 0.0708467
-0.738373 0.202232 -0.313976
0.796592 0.125044 0.193519
-0.78326 0.0876972 -0.174293
0.335019 -0.184179 0.669046
0.722799 -0.124319 0.362075
-0.199366 0.057869 0.864113
-0.500082 -0.0535327 0.728392
-0.123326 0.319673 0.727663
0.563529 0.587331 -0.276222
0.818528 0.124133 -0.452462
-0.76678 0.259062 0.382794
-0.764955 0.0412811 -0.275462
-0.603058 -0.622417 -0.0303924
-0.141761 0.881643 0.171009
-0.295736 0.446995 -0.714672
0.431954 -0.582541 -0.555736
0.577522 0.124485 0.515256
0.667633 -0.376654 0.246183
0.490397 -0.348413 0.499172
-0.20563 0.38255 -0.80059
-0.221872 -0.668288 0.347559
-0.705031 -0.0582998 0.506457
0.881891 -0.180471 -0.268161
-0.240605 -0.297139 -0.711317
0.280647 -0.12378 0.718307
0.372106 0.770512 0.0420436
0.842092 0.262791 -0.0930384
0.575771 -0.366942 -0.617614
0.711872 -0.128091 -0.570881
0.362909 -0.68306 -0.448008
-0.642223 0.566776 -0.164354
0.533003 0.427118 -0.582663
-0.638362 -0.0693408 0.589243
0.445351 0.676616 0.195909
0.196566 0.257357 0.751703
-0.173704 0.567566 0.507225
-0.580514 0.143069 -0.594501
-0.828041 -0.0185397 0.155278
0.0829863 -0.681571 -0.521552
-0.811095 -0.21459 -0.157994
0.692666 -0.365048 -0.49921
0.74327 0.286174 -0.436169
0.528299 0.605049 -0.337607
0.723884 -0.298291 0.227155
-0.0663679 -0.325788 0.777045
-0.798126 -0.0860304 0.298285
-0.811709 -0.181299 -0.177112
-0.671806 0.545852 -0.106714
-0.790965 0.171307 0.373761
-0.302252 0.710259 -0.553135
0.902806 0.117268 -0.22834
-0.705841 -0.260978 -0.410219
0.609157 -0.19608 -0.682988
0.181965 0.653418 0.458118
0.348461 0.786586 -0.207958
0.43909 -0.0152047 0.658836
0.379076 0.166385 -0.798904
-0.799227 0.204344 0.000898419
-0.0124374 0.970753 -0.200237
-0.333013 0.189175 -0.811999
-0.505494 0.461791 -0.593542
-0.390581 0.266034 0.705036
0.725331 0.407232 -0.254389
0.0305668 -0.763417 -0.265574
0.619258 0.0108365 0.481153
-0.294787 0.829489 0.108301
0.0642714 0.967261 -0.109214
-0.767919 0.195034 -0.183207
0.404419 0.593486 -0.537384
0.416443 0.585122 -0.537319
0.488256 0.621635 -0.397198
0.53729 -0.651562 -0.248122
-0.288478 0.725231 0.31294
-0.529974 -0.599203 0.338682
-0.0263942 -0.550104 -0.635821
-0.667881 0.572059 0.0128605
0.264637 0.343706 -0.786321
0.148259 0.833932 -0.427905
0.0100239 -0.351249 0.750457
-0.618062 -0.292531 -0.510304
0.483203 -0.643943 -0.377231
-0.480859 0.705346 0.195322
0.151074 -0.701056 0.235409
0.443425 -0.395341 0.497546
-0.171192 -0.0435426 0.878628
0.713178 -0.32676 -0.499472
0.316139 0.796959 0.141068
-0.242607 -0.734384 0.040868
0.294049 0.325663 0.671659
0.813593 -0.17645 0.189426
0.208903 -0.659144 0.329331
0.396541 -0.521078 0.404286
-0.636869 0.545262 -0.271379
-0.0824771 -0.667772 -0.460142
0.260136 0.208608 0.75022
-0.585878 -0.433151 -0.434413
-0.00464407 0.839339 0.312075
0.368849 -0.173755 0.65559
-0.371209 -0.698813 -0.0850965
0.231444 0.315409 -0.802027
-0.639555 0.395948 -0.442233
-0.126316 0.704147 -0.633193
0.715519 0.43172 -0.03923
-0.606804 0.341497 0.502763
-0.551589 -0.352571 0.560067
-0.214954 0.872475 0.100286
-0.520486 0.569514 -0.470061
-0.658135 0.565363 -0.088679
0.473825 0.439841 0.422695
0.465548 0.522806 -0.565745
-0.0834073 -0.0201353 -0.848709
-0.80133 -0.0529688 0.295364
-0.273969 -0.532835 0.539977
-0.698242 0.125258 -0.463091
-0.643956 -0.545776 0.224693
0.115529 0.744665 0.399395
0.0866474 0.683888 0.463529
-0.556049 -0.623783 -0.106754
0.00706009 -0.113124 -0.841359
-0.161967 0.83466 0.255045
-0.455672 -0.662433 0.175959
-0.200981 -0.283592 0.786472
-0.0346432 0.932898 0.157859
0.15119 -0.260157 -0.828827
-0.627062 0.534041 0.220125
-0.205839 0.0501838 0.863525
-0.632929 0.175067 -0.533403
0.439236 0.238373 -0.744394
-0.365268 0.0711301 0.805911
0.318055 0.69679 -0.475627
-0.117547 -0.0542652 -0.844451
-0.677661 -0.350792 -0.392449
0.599643 -0.529525 0.177523
0.303524 0.248266 0.714975
-0.534226 0.709124 0.0431836
0.945958 0.0264639 -0.073689
-0.746848 0.0388196 -0.334931
0.432254 -0.13664 0.633725
0.492356 -0.425368 0.429224
0.546104 -0.486797 -0.559758
0.0881262 -0.431939 0.658764
-0.45634 -0.485271 0.547767
-0.226665 0.733023 0.335197
0.726981 -0.0603691 0.359165
-0.790234 0.0337342 -0.173826
0.870666 0.0220197 -0.358793
0.464208 -0.356379 0.512913
0.323781 0.734193 0.300351
-0.354176 -0.247743 -0.672697
0.157885 -0.647672 -0.559933
-0.432861 -0.00411288 -0.707627
0.581419 0.597843 -0.0682972
0.132133 -0.676273 0.314057
-0.313767 -0.656633 0.339981
-0.739982 0.212569 0.45182
0.59841 0.0146358 -0.701948
-0.116845 -0.453549 -0.692827
0.518038 -0.66695 -0.128099
0.16452 0.870994 -0.37398
0.693872 0.443301 0.0411712
-0.0387352 -0.407036 0.700349
-0.692809 -0.305606 0.422906
0.929968 0.0599467 -0.131501
0.327563 -0.197391 0.668103
0.415458 0.248476 0.632987
0.649085 0.524953 -0.189005
0.516653 -0.551144 0.249091
0.412803 0.574852 -0.554618
0.786799 -0.295807 0.0976661
0.806408 -0.13103 -0.451131
-0.0199232 -0.287843 -0.812071
-0.780426 0.0266661 0.412909
-0.341861 -0.253175 -0.676851
0.511883 0.418758 0.392489
-0.0761955 -0.0541916 0.885674
-0.75497 0.299597 0.350357
-0.717606 -0.219805 0.451461
0.1089 -0.804225 -0.182627
-0.355836 -0.594712 0.447514
0.506414 -0.483013 0.344386
0.587967 0.394916 -0.559484
0.316581 0.583531 0.466703
0.64529 -0.256547 -0.630302
0.425903 -0.369019 -0.716329
0.0800454 -0.792398 -0.214664
-0.32634 0.599213 0.433073
0.529756 0.319606 0.45127
-0.722585 0.107261 0.488533
-0.0439234 -0.774113 -0.158711
0.0325157 -0.721646 -0.408523
0.778014 -0.106329 -0.490347
0.477745 0.607146 -0.434246
0.425362 0.217909 0.643769
-0.780831 0.185611 -0.119638
-0.760247 -0.289682 0.275774
0.31088 -0.244977 0.659534
0.806128 0.317731 -0.0277482
-0.19725 -0.701504 0.260171
0.63194 -0.457586 0.213717
0.242108 0.873821 -0.220989
0.18693 0.882191 0.0700271
-0.683083 -0.543858 -0.0630363
0.117798 0.376443 0.708093
0.591778 0.129674 0.492194
0.32064 -0.384392 0.597359
-0.696906 0.253444 0.47621
-0.547029 0.247784 0.631606
0.298289 0.765081 0.272959
0.517734 0.57565 0.238549
-0.554661 0.443393 0.45147
0.317812 0.814797 0.0580315
-0.44138 -0.668889 -0.0973004
0.187353 0.377115 0.681714
-0.814771 0.0879723 0.262186
-0.481971 0.724806 0.137548
0.00368202 -0.737729 0.117123
0.130815 -0.739259 0.115253
0.766259 0.286526 -0.378473
-0.365481 -0.44074 -0.56881
-0.69839 0.455028 -0.23738
0.16628 0.0635966 0.81633
-0.145651 0.102845 0.865524
-0.144591 0.653654 0.438627
0.633208 0.261147 0.347749
0.25423 -0.764804 0.0062021
0.382816 -0.73628 -0.0947836
0.230257 -0.75233 -0.329496
-0.154895 0.315638 0.724833
0.142365 -0.299811 0.725218
-0.802499 0.0390839 -0.103534
0.637187 0.517179 0.0203538
-0.631619 0.315527 0.497144
0.000347557 0.962581 -0.239533
-0.388441 0.741743 -0.348995
-0.219467 -0.163997 0.840894
-0.0163867 0.407298 0.67679
-0.717418 0.44594 -0.11794
-0.817988 0.187716 0.0977113
0.39316 0.695276 -0.407891
0.0215758 0.123996 0.862133
-0.0740467 -0.0684824 0.881147
0.061855 -0.0315362 0.843076
0.137227 -0.69414 0.259387
-0.0181788 0.887787 0.264949
0.53905 0.370708 -0.609492
-0.394929 0.170568 -0.784524
0.643728 0.50503 0.0420043
-0.518896 -0.666304 -0.00574631
-0.684585 0.409288 0.312917
0.599878 -0.0828633 -0.703934
0.63549 0.484966 0.134053
-0.763039 -0.0833618 0.404494
-0.251624 -0.553168 -0.560998
0.154792 -0.795238 -0.136129
-0.605282 -0.568276 0.260842
0.827771 -0.0333597 -0.434647
-0.206493 -0.537848 -0.593787
0.726808 0.164965 -0.537311
-0.529972 0.522357 -0.526997
-0.188518 -0.645129 0.423121
0.00254406 -0.174496 0.83171
-0.294642 0.753233 0.278755
-0.308159 -0.676758 0.288642
0.889981 -0.22261 -0.193591
0.91723 -0.0236074 -0.252431
0.606733 0.475339 -0.449548
0.0117343 0.950103 -0.282874
0.49907 -0.684075 -0.148298
-0.562676 -0.605327 0.216675
0.050934 0.792422 -0.540408
-0.266039 0.471065 0.567472
-0.494911 0.678951 -0.314895
0.245435 -0.194758 -0.816752
-0.297166 -0.011992 -0.781404
-0.11939 0.00243197 -0.850004
-0.275372 -0.579978 -0.47893
-0.614259 0.377691 -0.486401
-0.303491 0.579172 -0.631231
0.798293 -0.390021 -0.078494
0.290959 0.532939 -0.659708
0.94162 0.0421655 -0.0690447
-0.0394544 0.841881 -0.493757
-0.250657 0.115068 -0.826425
-0.221857 -0.733681 0.105601
0.587818 0.0916608 0.513744
0.828288 -0.353823 -0.0920631
-0.709288 -0.490418 0.148659
0.704174 0.344024 -0.446082
-0.525816 0.674777 -0.224024
0.580785 -0.431168 0.315513
-0.265651 -0.615082 -0.410886
-0.706847 -0.487188 0.174022
0.622711 0.531571 0.0388019
-0.0797793 0.109797 -0.858832
-0.823738 -0.0383206 0.177905
0.808538 -0.138409 0.23898
-0.484265 0.71114 -0.253689
-0.165706 0.769981 -0.53775
-0.769511 0.35181 0.051405
-0.818871 -0.149978 -0.123762
-0.746809 0.412526 0.0491865
-0.397243 0.538748 -0.606381
-0.752419 -0.437442 -0.164163
0.40969 -0.715562 -0.296685
-0.151339 -0.752321 -0.0139746
0.483251 0.0465028 0.614782
0.526688 0.424409 -0.58937
-0.36716 -0.626641 -0.286674
0.523724 -0.645068 -0.296875
-0.00220171 0.482735 0.616699
0.128586 -0.704098 -0.463047
-0.0551936 0.976541 -0.0142109
0.891452 -0.106424 0.0851594
-0.130188 0.916057 -0.277583
0.573833 0.604418 -0.0459347
0.583407 -0.0677122 0.511033
0.257441 0.849015 0.0429687
-0.469396 -0.205301 -0.622769
-0.656246 -0.22058 -0.480695
-0.458128 -0.332999 -0.578312
-0.279255 -0.717052 0.190899
0.613521 -0.560842 0.11773
0.0843316 -0.555495 0.529608
-0.72601 0.440482 -0.0534186
-0.774369 0.323867 -0.00246305
-0.267316 0.828168 0.15831
-0.749813 -0.273734 -0.330994
-0.0866754 -0.428115 0.677449
-0.708816 -0.399719 -0.29391
0.446564 0.58133 -0.51231
-0.757196 -0.420886 0.138072
0.507985 0.521468 -0.521743
-0.551516 -0.397546 0.53134
-0.705397 0.315201 -0.378136
-0.294982 -0.0651543 -0.765767
-0.73045 0.297308 -0.311445
0.551246 0.46893 -0.537259
-0.5218 0.539695 -0.514273
0.279163 -0.353995 -0.77323
-0.503963 0.286585 0.638743
-0.761953 -0.26572 0.294373
0.446403 -0.647919 0.183706
-0.0126755 0.500004 -0.808593
-0.652222 -0.0681929 0.572005
-0.531207 0.00343003 -0.631098
0.0710829 0.753187 -0.57295
-0.686777 0.40152 -0.371034
0.396817 0.112677 -0.796596
-0.767387 -0.099521 -0.309441
-0.653744 0.443161 0.319196
0.10038 0.903448 0.148593
-0.513561 0.67464 0.193314
0.181445 0.906088 -0.0799044
-0.776654 -0.189309 0.305753
-0.665475 0.110859 0.559752
0.55977 0.509013 0.250565
0.641068 -0.46879 -0.479026
-0.0757814 -0.755238 -0.192216
-0.821363 -0.139852 -0.0878478
-0.715194 0.467929 -0.0598499
0.842233 -0.29238 -0.0297752
0.923479 0.0494537 -0.0142988
-0.127438 0.306306 -0.869864
0.111284 -0.708567 -0.456446
0.407528 -0.358121 0.551978
0.314038 0.790563 -0.348332
0.455242 0.443262 0.443172
-0.119631 0.388021 -0.836928
0.475665 0.686456 0.0662589
-0.0947953 0.213112 0.81772
-0.170675 0.665354 -0.638739
0.191352 -0.492835 0.583838
-0.757747 -0.383441 0.184648
0.338953 -0.705805 0.123549
-0.295317 -0.563276 0.499671
-0.0427966 0.506315 -0.795476
-0.265283 -0.133412 0.837869
0.596537 -0.154031 -0.701242
-0.183683 -0.590752 0.496799
0.20355 -0.0260511 -0.826157
-0.725966 -0.393341 -0.269169
0.788347 -0.269818 -0.425526
0.48406 -0.392343 0.466103
0.444211 -0.173279 -0.769851
-0.533834 0.615404 -0.369065
0.542564 0.544219 -0.443989
0.649037 -0.462241 0.182519
-0.210174 0.43133 -0.768914
-0.830673 -0.0372588 0.134608
0.664594 0.500826 -0.0724645
-0.549096 -0.584122 0.34626
0.181659 0.617121 -0.650213
0.0573704 -0.202937 -0.833838
0.632307 -0.0808329 -0.668181
-0.252951 -0.440663 -0.630823
0.695992 -0.0243636 -0.600024
0.728816 -0.104361 -0.552733
0.287288 0.838074 -0.137736
0.0889782 0.958807 -0.143699
-0.663861 0.549495 0.0808969
-0.55546 -0.218426 -0.569559
0.876812 0.221871 0.0160108
0.536756 0.439705 0.34167
-0.687455 -0.524459 -0.144143
-0.262548 -0.636292 -0.364768
-0.300322 -0.34194 -0.65927
0.815005 0.273578 -0.207253
-0.788377 -0.0785216 0.331508
0.156444 -0.0491808 -0.832399
-0.721152 0.270456 -0.34913
0.260734 -0.773252 -0.047152
-0.020044 0.692504 -0.686604
-0.11941 0.583913 -0.71286
0.263261 -0.208981 -0.813921
-0.0677845 -0.723184 0.175611
-0.0380095 -0.446865 -0.721637
-0.655919 -0.413739 0.397256
0.0810256 -0.697915 0.256779
0.16003 0.170922 -0.830885
-0.27759 -0.48996 0.585771
0.864554 0.241112 -0.00377999
-0.29368 -0.538852 -0.546313
-0.715932 0.434239 -0.17506
0.077896 0.247005 0.804544
0.72335 -0.158479 0.360519
0.687464 0.0155234 0.398618
-0.434844 -0.493252 0.544139
0.143422 -0.486945 -0.713862
0.622646 0.562884 -0.140751
0.0850981 -0.731617 0.1474
-0.598228 -0.58126 0.222632
-0.421121 -0.051099 -0.699359
0.388364 -0.686874 -0.414555
0.642148 -0.480762 -0.46677
-0.473318 0.731352 -0.153863
0.3091 -0.727319 0.0936318
0.671933 0.140152 -0.594849
-0.829272 -0.0722984 0.00968196
0.587165 0.0984093 0.511907
-0.757389 0.317819 0.306535
0.470552 0.556041 0.32366
-0.435679 0.713006 -0.348443
0.474869 -0.342066 0.514361
-0.501776 -0.502383 0.500837
-0.834885 -0.0251543 0.110853
0.890264 -0.131931 0.0510929
0.272969 0.487994 -0.702323
-0.780123 -0.197643 0.290825
-0.618178 0.597813 -0.13253
-0.651499 0.482841 -0.350856
-0.174036 -0.667204 -0.370798
0.358694 -0.729772 0.0338654
0.648648 0.52951 -0.120974
-0.637913 0.459441 -0.413957
-0.0453712 0.555799 -0.762827
0.391624 0.34822 -0.733008
-0.291918 -0.645795 -0.310767
0.672492 0.497119 -0.104546
0.523485 -0.633975 0.129333
-0.42666 0.342505 -0.698712
0.628728 0.539221 -0.216295
0.300667 -0.57299 0.417348
-0.234504 -0.664114 0.354013
0.3976 -0.560043 0.355431
0.54589 -0.461849 0.327989
-0.625043 -0.0321689 -0.531761
-0.70531 0.0730628 -0.451787
0.00534031 0.402298 -0.827184
-0.169022 -0.571311 -0.574566
0.71652 -0.158362 0.36815
-0.211344 0.426029 -0.771485
0.0594504 0.601249 0.529417
-0.67808 0.340752 -0.407888
-0.811384 -0.231892 -0.142718
-0.762672 -0.0714435 -0.316412
0.427181 0.239704 0.627735
0.0106909 0.821874 -0.531979
-0.6906 -0.0629536 -0.46136
-0.410552 0.731603 -0.341091
0.907943 -0.0356939 -0.284371
0.270908 0.395303 -0.766853
-0.613834 0.548665 -0.343719
-0.309731 -0.726899 -0.0109272
-0.0077943 -0.145212 0.844266
0.401788 0.744883 -0.0898752
-0.359258 -0.694943 0.180323
0.583721 0.558238 0.11156
-0.291103 0.829892 0.113166
-0.312824 -0.707417 0.199679
0.198894 0.37593 -0.793456
-0.24892 -0.710429 -0.175937
-0.415707 -0.449457 0.596547
-0.412398 0.20789 -0.771017
-0.235123 -0.666517 0.34733
0.00202948 0.0419406 0.878031
0.0789608 0.604718 -0.711662
-0.452634 0.218326 -0.731987
0.396489 0.341435 0.589309
0.215657 -0.581382 -0.632946
-0.819115 0.0876893 0.234853
-0.74673 0.360437 -0.140919
0.658893 -0.304775 -0.596128
0.425443 -0.695736 0.0499234
-0.232101 0.138239 -0.833932
-0.368168 -0.317419 -0.633963
0.699255 0.436796 0.0404314
-0.40235 0.601559 0.392794
-0.192951 -0.114183 0.861293
0.164818 0.1621 -0.830335
0.698942 -0.141834 -0.585302
-0.222545 0.845965 0.171146
0.00813089 0.927256 -0.342178
-0.183619 -0.415716 -0.683018
-0.655171 0.172659 0.56871
0.134757 -0.300163 0.728964
0.797998 -0.0344636 -0.474714
0.187469 0.243346 0.763646
0.820276 -0.0410127 -0.445666
-0.299726 0.679027 0.358407
-0.419114 -0.0681987 -0.695059
0.671238 0.330996 -0.5043
-0.757432 -0.152734 -0.3568
0.66598 -0.406679 0.216077
-0.742835 -0.378597 -0.249325
0.0132798 0.958817 0.087888
0.862867 -0.190956 0.0621346
-0.45548 0.577104 0.393366
0.805011 -0.390506 -0.103555
0.224382 0.523854 -0.699902
-0.643867 0.507725 -0.333325
-0.751049 0.404072 0.0600957
0.717313 -0.247547 0.300995
-0.604952 -0.567848 0.263726
0.549661 -0.64189 -0.136702
-0.591885 -0.445508 -0.413289
-0.437133 -0.469891 -0.505902
-0.705157 0.460187 0.151678
0.677753 0.494881 -0.127152
-0.348939 -0.291645 0.750631
-0.228271 -0.742337 -0.0506526
-0.0506918 -0.0657375 -0.845292
0.936211 -0.0248285 -0.0591356
-0.651311 -0.153514 0.56621
0.0539675 0.971161 -0.0905729
-0.155738 -0.479797 0.620787
-0.779707 0.0655631 0.412391
-0.784658 0.2641 0.330525
-0.421264 -0.401882 -0.559918
0.0449787 -0.308205 -0.810751
-0.0936614 0.227345 -0.866897
-0.799289 -0.344185 0.117648
-0.374647 0.382248 0.616118
0.627606 0.370289 0.265709
0.328257 0.417678 0.601766
0.551897 -0.552376 0.21156
-0.776928 0.0626305 -0.226037
-0.016475 0.72709 -0.659662
0.742268 -0.152072 -0.529414
0.266005 0.163952 0.76278
-0.0129529 0.982994 -0.112458
0.649458 -0.54884 -0.342602
0.304791 -0.552584 -0.650818
-0.646583 -0.566167 -0.131775
-0.0372959 -0.758341 0.0205373
0.266782 -0.679919 -0.481507
-0.669167 -0.427102 -0.33405
-0.0138415 -0.106889 -0.841943
-0.548005 0.413891 0.497008
-0.297053 0.640343 -0.597869
-0.154775 0.545886 0.531824
-0.0596211 -0.251727 0.822541
-0.713847 -0.406056 0.268673
-0.536956 -0.0192751 -0.622985
0.425615 0.591566 0.338884
-0.398335 0.240523 -0.766237
-0.676967 0.363882 0.381485
-0.241398 0.42879 0.612017
-0.0287239 0.838185 -0.503356
-0.17736 -0.478312 0.619862
-0.167615 0.918925 -0.00399261
-0.319586 0.788083 0.201996
-0.116601 -0.559559 -0.600798
-0.392825 -0.558029 0.480267
-0.0733826 0.333604 0.725971
-0.773485 0.0157351 -0.255337
0.357632 0.750032 0.187931
-0.54435 0.479656 0.418672
0.718332 -0.27223 -0.539889
-0.735875 -0.35047 0.275616
-0.14166 0.523087 -0.741745
0.710059 0.398924 0.111058
0.863988 0.110515 -0.358329
0.537497 -0.548487 0.231847
0.731587 -0.233997 -0.531934
-0.261876 0.468634 -0.71942
-0.520059 0.509445 -0.556578
-0.600239 -0.287619 0.552303
0.0224942 -0.690955 -0.502678
0.811645 0.303795 -0.125041
-0.221661 0.383248 -0.79177
0.560077 -0.582254 0.165154
0.358587 0.264886 0.675781
-0.76575 0.335741 0.219265
-0.201433 -0.507457 -0.621527
0.305834 0.111132 0.745659
0.385313 0.755272 -0.229336
-0.00882126 0.955611 -0.274633
0.105388 0.561311 0.566536
0.83261 0.0901038 -0.433154
0.425429 0.540045 0.393997
-0.324883 0.517692 0.509511
-0.542454 -0.596466 0.315008
0.582282 0.104213 -0.685337
-0.326626 0.600976 0.43099
0.129762 0.914276 0.056291
-0.62563 0.580302 -0.182311
0.558711 -0.627764 -0.0549718
-0.489088 -0.601946 -0.224105
0.483879 -0.6318 0.179381
0.063906 -0.642542 0.398105
0.0735506 0.931596 -0.307471
-0.833214 -0.0344583 0.0563372
-0.553031 -0.565553 -0.233853
0.376955 0.628842 -0.515596
-0.696721 0.456117 0.186786
0.569174 -0.0262949 0.528525
-0.745986 0.112113 -0.316041
-0.246452 0.558133 -0.673754
-0.0435044 -0.729466 0.150015
0.415076 0.348915 -0.718033
0.457356 -0.685476 0.0164215
-0.759203 0.151846 -0.260445
-0.494596 -0.662089 0.104923
0.906332 -0.14209 -0.214559
-0.430728 0.475105 0.517889
-0.22145 0.803996 -0.449438
0.147633 0.758356 -0.51639
0.161362 0.845865 0.231873
0.340023 0.566411 0.466777
-0.824484 0.0933221 0.0533968
-0.0319596 -0.739163 0.109168
0.625273 -0.555524 -0.374721
0.492653 -0.168114 -0.756809
-0.788416 -0.163089 0.285016
-0.817363 -0.100435 -0.119513
0.116814 -0.76803 -0.0106673
0.429923 0.566128 -0.54983
-0.562115 0.25488 0.61673
0.0867311 -0.10409 0.812303
-0.370896 -0.604128 0.431665
0.59497 0.543333 -0.332348
-0.726083 0.398738 -0.204429
-0.729273 -0.395224 -0.260934
0.469377 0.00102344 0.630157
-0.541795 -0.249589 -0.567425
0.169685 -0.780313 -0.0663102
0.753395 0.0629792 0.282361
-0.327756 0.572655 0.459632
0.823027 -0.0637007 -0.439145
-0.109377 -0.508748 -0.64731
0.182283 0.92296 -0.214141
-0.489609 0.418044 0.551546
-0.0854253 0.0810617 -0.856574
-0.797395 0.257996 0.280336
0.570397 -0.605291 0.0992052
0.933191 -0.059585 -0.128913
0.762921 0.348042 -0.248265
0.754048 0.373846 -0.211456
-0.53746 0.696226 -0.0188393
0.319431 -0.46959 0.534543
-0.360596 0.170123 -0.802483
-0.016158 0.828423 -0.521985
-0.607702 -0.0736677 0.627334
0.454453 -0.387153 0.495691
-0.0826836 -0.710537 -0.33666
0.381141 0.623612 -0.518702
0.0709223 -0.341525 0.7447
0.330285 0.158276 -0.806267
0.758844 -0.410681 -0.31928
0.47893 0.654178 -0.314878
0.767682 -0.198508 0.256736
0.718788 -0.00615432 0.361477
0.315141 -0.631038 0.310283
0.143233 -0.773649 -0.296728
0.237136 0.141976 0.782542
-0.733502 -0.177648 -0.388296
-0.688158 -0.0999842 -0.45942
-0.316707 -0.570686 0.485666
0.836651 -0.0445393 -0.417185
0.416767 0.586352 -0.535337
-0.431379 -0.151065 -0.661693
-0.626444 0.597618 -0.0904929
-0.823452 0.0334573 0.0063137
-0.403477 0.273436 0.6947
0.105667 -0.00637264 0.829269
0.419217 0.187968 0.658058
-0.802803 0.249881 0.0622361
0.199173 0.876376 0.0662813
0.288646 0.172379 0.750254
0.183859 0.909741 -0.116579
-0.0286885 -0.715321 -0.37177
0.674896 0.129419 -0.595961
0.325447 -0.714479 -0.393682
0.566551 0.0614818 0.537648
0.0116371 0.462227 -0.814573
0.351953 -0.573363 0.378347
0.87914 0.167082 -0.205226
-0.284334 0.415865 -0.739342
-0.835224 0.0202405 0.0636845
-0.184298 -0.720644 0.180495
0.329287 0.805327 0.0397986
-0.724017 0.115809 -0.384681
-0.225174 0.767676 -0.513157
0.323092 0.764894 0.22154
-0.467091 0.685607 0.248189
0.129444 0.939241 -0.120195
-0.782645 -0.396657 -0.0729616
-0.650444 0.0564438 0.577198
-0.060755 0.973649 -0.0134648
-0.338311 -0.684786 0.254264
-0.570719 0.348631 -0.556829
-0.179143 -0.178634 0.840468
0.263994 -0.103276 0.731899
-0.299639 0.0473509 0.834501
0.440991 -0.250288 0.587661
-0.0741036 -0.684308 -0.423979
0.126916 0.885399 -0.381663
-0.490002 -0.159954 -0.625465
-0.363688 0.814752 -0.0176665
-0.27498 -0.364201 -0.661644
-0.0181172 0.043051 0.884448
0.173624 -0.278056 0.717427
0.805948 -0.245925 0.121403
0.850803 0.00510794 0.156323
-0.0327721 0.627627 -0.722471
0.624626 -0.56499 0.0396687
-0.514238 -0.478938 -0.432428
-0.104776 0.485707 -0.781511
0.164267 -0.3862 -0.774634
-0.0944776 -0.707054 -0.337226
0.282713 -0.128505 -0.812788
-0.70392 0.287686 0.433646
-0.362123 -0.507248 0.546568
0.489465 0.231263 -0.708059
-0.164256 -0.429995 0.66727
-0.0776602 0.605101 -0.717413
0.136728 0.778192 0.362215
0.210541 -0.654078 0.337667
0.918439 -0.111018 -0.167063
0.633497 0.00656718 -0.666753
0.881 -0.139146 -0.311433
0.257759 -0.768585 -0.27846
0.496538 -0.650085 0.129948
-0.480799 0.718281 -0.224091
-0.43851 0.282976 -0.720297
-0.737794 0.336333 -0.247853
-0.71408 -0.275278 0.404602
-0.634986 0.301512 0.506721
-0.368643 -0.520713 0.529643
0.675604 0.0894572 -0.609242
-0.686139 0.296852 0.446977
0.460131 -0.484275 0.388474
-0.693038 -0.410302 -0.310503
-0.828151 -0.155459 0.0300508
-0.404802 -0.277677 -0.632182
0.708773 -0.272076 0.289185
0.695587 0.128419 0.340424
-0.364681 0.517879 0.498222
-0.311578 -0.675846 -0.208585
-0.540162 0.66773 -0.183416
0.910773 -0.0170891 -0.274661
0.00534161 0.967334 0.0627733
-0.156684 0.270393 -0.868498
-0.233261 0.865567 0.0923507
-0.575379 -0.0858272 0.660991
0.168958 -0.75539 -0.334582
-0.360459 0.559385 0.459998
0.63881 -0.516978 0.139251
0.574906 0.13703 -0.678398
0.532693 0.0115834 -0.754531
-0.152344 0.43166 0.629781
-0.0390354 -0.27383 -0.81488
-0.219307 -0.610726 -0.465245
0.815555 -0.209355 0.146229
0.915152 0.131372 -0.0609266
0.39303 -0.293242 0.598896
-0.744174 -0.00593557 -0.356259
-0.640376 -0.547427 0.234743
-0.473441 0.332002 0.626589
-0.238229 -0.295236 0.774777
0.00880941 0.343893 -0.837714
0.385783 -0.74069 -0.221192
-0.145178 0.889637 -0.332602
0.662696 -0.0595697 0.430984
0.240195 -0.772411 -0.0293782
0.838347 -0.181277 0.133215
0.16802 -0.178736 0.755312
0.140694 0.625458 -0.664395
0.446392 -0.318486 -0.728966
-0.763171 -0.343011 -0.241611
0.877101 -0.257947 -0.191101
-0.394222 0.237319 0.722254
0.632429 0.528717 -0.00974389
-0.0408041 -0.247886 -0.822579
0.352206 -0.332871 -0.756666
0.368841 -0.718034 -0.367743
-0.772918 0.036734 -0.250933
-0.251877 0.503273 -0.703857
0.165399 0.903906 -0.000195579
0.152093 0.31529 -0.816929
0.86764 0.063944 0.109695
0.00134244 0.668686 -0.699938
-0.319633 0.838787 -0.0384398
-0.549846 0.663792 -0.148445
0.0765308 -0.253698 -0.829547
-0.32916 0.662848 -0.567529
0.753077 -0.200866 0.283698
0.415161 -0.676231 0.138576
-0.11673 0.838207 -0.457185
0.775457 -0.428121 -0.259863
-0.698918 -0.106426 -0.444511
-0.26439 -0.725234 0.132585
0.472684 0.688987 0.0799887
-0.237024 -0.397094 -0.664069
-0.430507 -0.573246 -0.342552
-0.0660013 0.956782 -0.257568
0.271059 0.617341 0.456131
0.589525 -0.208866 0.474701
-0.385544 -0.403841 0.65347
-0.0900601 0.866386 -0.424591
0.141372 0.657617 -0.637824
0.0239822 0.0299943 0.872287
-0.748208 0.349712 -0.165396
0.609195 0.556917 -0.00722992
-0.105589 -0.671646 0.350198
-0.0715591 0.476612 0.608071
0.510644 0.328945 -0.650733
0.768259 -0.298673 -0.433034
0.30737 0.684604 -0.496882
0.546302 0.47976 -0.530729
-0.536921 -0.607775 0.279962
0.400417 0.747066 -0.0121361
-0.582455 -0.636842 -0.0298449
-0.239163 -0.367711 -0.679397
0.307671 0.291335 -0.790145
-0.134406 -0.552363 -0.602227
-0.770944 0.161673 -0.189898
0.123841 0.731578 0.408234
0.41724 0.13695 -0.791534
0.135766 -0.34696 -0.795516
-0.748997 -0.133372 -0.373651
-0.306389 -0.509069 0.558027
-0.0349263 -0.745307 0.0818369
0.433861 -0.187899 0.614839
-0.166878 0.00694429 -0.837605
0.184127 0.288426 -0.816195
-0.460142 -0.640798 0.284852
-0.594647 0.630267 -0.0840563
-0.725332 0.377149 -0.285949
-0.811069 0.124929 0.293617
0.510974 -0.654903 0.031947
-0.455846 -0.687934 -0.0030705
0.279659 -0.173375 -0.81231
-0.562495 -0.559394 0.363273
-0.294732 -0.278869 0.773384
-0.267901 0.700507 -0.574248
0.633743 0.283022 0.328872
0.0189794 0.21503 0.834238
0.428248 0.525354 -0.59181
-0.782216 0.0378626 -0.214489
0.662414 -0.542511 -0.28064
0.787908 -0.260605 -0.434534
-0.677217 0.483913 -0.255165
-0.768427 -0.180703 0.33503
0.362995 0.70069 0.2901
0.381681 -0.315273 -0.752328
0.0201786 0.896496 -0.417126
0.356245 0.598116 0.413837
-0.686665 -0.445789 -0.277299
0.702138 -0.297968 0.271867
-0.301966 -0.280872 -0.685778
-0.00260962 -0.507085 0.594506
0.752266 -0.161042 0.320886
0.391136 -0.31387 0.588493
-0.813978 0.220059 0.102364
0.398629 -0.542382 -0.623944
-0.494408 -0.494256 -0.4258
-0.787154 0.229002 0.367025
-0.0694371 0.0957424 0.871714
0.640078 0.512538 0.0260459
0.698138 0.288941 0.229444
0.74457 0.384842 0.0193299
0.223557 0.46781 -0.740235
-0.560757 -0.0698784 0.679198
-0.528984 0.715943 0.0669655
-0.29198 -0.671853 0.308683
-0.342191 0.289534 -0.773757
-0.778602 -0.172611 0.309092
-0.0689779 -0.575819 0.533582
-0.342514 -0.544043 -0.488064
0.559539 0.250217 0.464935
-0.64504 -0.510014 -0.248871
-0.229871 0.80925 -0.4205
-0.385632 -0.491977 0.55752
-0.475554 -0.602243 0.403949
-0.550568 -0.410038 -0.474803
0.777082 0.0285451 0.261658
0.726332 0.0311494 -0.56956
-0.412139 0.167635 0.758915
-0.777946 0.34567 0.115412
-0.499656 0.34683 0.60572
-0.685739 0.120602 -0.477057
-0.429288 -0.458679 -0.519346
-0.313241 0.742425 -0.472024
-0.772496 0.0482234 -0.248888
-0.0617901 0.917674 -0.352818
0.829623 -0.0768523 0.217282
0.390268 -0.547104 0.378585
0.920419 0.0801873 -0.0124472
0.750596 0.0459263 0.293449
0.0619727 -0.256059 0.782037
0.034913 0.536837 -0.773525
0.0774011 -0.458896 -0.732149
0.618542 -0.29339 -0.628846
-0.705841 0.147092 0.510323
-0.438216 -0.146926 0.75945
-0.570632 -0.29636 0.576827
0.92089 0.0501673 -0.20101
-0.585172 -0.582718 -0.168082
0.337094 0.475042 0.551633
0.0265366 -0.779206 -0.0713615
0.776619 -0.430947 -0.253512
-0.793717 -0.000631873 -0.178729
0.00521137 0.956431 0.0945344
0.266205 0.53205 0.531437
0.618958 -0.518331 -0.452644
0.338099 -0.603054 -0.600808
-0.679761 0.121302 -0.483717
0.722623 0.285662 -0.467693
-0.600926 -0.554704 -0.206592
-0.684164 0.524143 -0.10993
0.354088 0.770367 -0.293417
0.159012 0.573216 0.537562
-0.497059 0.354925 0.601536
0.735205 -0.132994 -0.540904
-0.569855 -0.233848 -0.556449
0.744416 0.400689 -0.153042
-0.0777231 -0.44378 0.663507
0.574105 -0.609223 -0.30989
-0.591821 -0.146053 0.631469
-0.314875 0.0358102 0.828619
-0.268669 0.526811 0.517061
0.277829 -0.196128 0.693825
0.0960124 0.322919 0.749829
-0.781516 0.190839 -0.112299
0.326352 0.207691 0.72158
0.567515 -0.625975 -0.120157
-0.184126 -0.385302 -0.699824
-0.19497 -0.544409 0.546432
-0.221442 0.0813406 -0.830748
-0.803844 -0.339282 0.108683
-0.216437 -0.592727 -0.507719
0.687333 0.471177 -0.0640378
-0.65926 -0.270002 0.503534
0.451025 0.701566 0.10429
-0.0682802 0.0648357 -0.85538
-0.820333 -0.083216 -0.091459
-0.737036 0.409193 0.155213
0.824902 -0.213978 0.120647
0.693536 -0.489741 -0.354639
0.803986 -0.244501 0.127945
-0.252686 -0.716922 0.19278
0.477058 0.0678964 -0.772558
0.0914383 0.249527 0.797803
-0.158154 -0.284145 -0.761266
-0.729259 0.334818 -0.296227
0.278888 0.844793 -0.148845
0.345345 0.503214 -0.654636
0.115143 0.913776 0.0920725
-0.526037 0.610488 0.276255
0.556556 0.59725 -0.259673
-0.215193 -0.508928 0.580173
0.667422 0.0515537 -0.629419
0.289201 -0.428766 0.589739
-0.541146 0.372846 -0.587694
0.0470341 -0.742663 0.0982595
-0.0999684 0.251749 -0.867409
-0.572796 0.661738 -0.0192524
0.0989707 0.914815 -0.338486
-0.13371 0.921218 0.0755707
0.336492 -0.372039 0.593374
-0.825258 -0.264237 0.0519832
0.523431 -0.0200443 0.574905
0.25981 -0.676013 -0.491377
-0.30366 -0.380691 0.698414
-0.249268 0.812219 0.220979
0.423263 0.706426 -0.303342
0.823146 0.281394 -0.136264
0.44161 0.609784 -0.477924
-0.520472 -0.135743 0.708212
0.50987 -0.589571 -0.460197
-0.802749 -0.0217194 0.296679
-0.319265 0.162355 -0.812865
0.588099 0.57525 0.0336913
-0.824254 -0.286188 0.0451964
-0.00816841 0.101538 -0.856543
0.0777488 -0.226372 0.783593
0.768595 -0.426923 -0.0677832
0.934313 0.0194573 -0.0381579
-0.588518 -0.626797 -0.0635572
-0.320454 -0.0881242 -0.744365
0.891542 0.167197 -0.136176
-0.825613 -0.255649 0.117977
-0.71232 0.435555 -0.205747
-0.310901 0.832436 -0.134127
0.660446 0.077701 0.412864
0.234913 -0.657389 -0.535746
0.268454 -0.178454 -0.813803
-0.217457 0.877132 -0.211007
0.443386 -0.649998 -0.429158
0.449931 0.576051 0.326696
-0.216073 -0.240794 -0.749714
0.595427 0.567092 0.0289833
-0.657369 0.220728 0.547579
-0.546302 -0.0617903 -0.609206
0.522248 0.636242 -0.222173
0.0705561 -0.297061 0.762843
-0.833574 0.0747707 0.0908623
0.648538 0.533498 -0.148322
-0.300975 0.79449 -0.344321
-0.224532 0.40398 -0.777816
-0.33974 0.105116 0.812722
-0.570543 0.38935 0.495502
0.570812 -0.575651 0.15926
0.128016 0.696748 0.437897
0.425933 -0.179214 -0.773824
-0.585285 -0.631758 0.00393004
0.0771705 -0.308381 0.755235
0.91761 0.133983 -0.0282008
0.535976 0.00384601 0.564171
0.265782 -0.457032 0.585474
-0.199711 -0.282967 0.78698
-0.726831 -0.293456 0.356104
-0.800732 -0.363681 0.0539712
-0.519805 -0.51094 0.477008
0.828995 0.0463596 0.178117
0.104341 -0.648409 0.381824
-0.656894 -0.527485 0.240792
-0.664359 0.561048 0.0534804
0.231161 0.787558 0.305896
-0.182255 0.890715 -0.24994
0.586755 0.337251 0.353001
-0.333468 0.798735 -0.274498
-0.247454 0.348181 -0.798542
0.0390426 -0.289767 0.781614
0.339692 0.796757 0.0261593
-0.678489 0.354213 -0.401941
-0.34307 0.193512 0.772698
-0.459681 0.359385 0.611033
0.542462 0.355771 0.402709
-0.504162 0.64297 0.262996
0.0067569 -0.754088 0.0445281
-0.40108 0.761465 -0.263482
-0.777179 -0.114437 0.345241
0.472814 0.373718 0.479072
-0.0114987 0.0266061 -0.852631
0.467873 0.40234 0.461421
0.713017 -0.471525 -0.337436
-0.560935 0.407279 0.487316
0.609238 0.0799735 -0.671276
-0.608384 0.243291 0.58418
0.0471421 0.709559 -0.639596
-0.662831 0.0897602 -0.50179
-0.580487 -0.207819 -0.558677
-0.748972 0.407867 0.0951436
0.380208 0.737223 0.174061
-0.0430388 -0.316923 -0.801577
-0.0808465 0.70519 0.410478
0.798637 0.236752 -0.364777
-0.0172423 -0.105858 -0.842039
0.352611 -0.750256 -0.174864
-0.318962 0.126294 -0.809096
0.0228511 -0.752057 0.055531
0.826637 -0.194959 -0.41698
-0.442065 0.221259 -0.742835
0.399797 0.730865 0.149583
0.519486 0.386804 0.409574
0.765437 -0.412686 -0.302259
0.119495 -0.52865 -0.686177
-0.502059 -0.0153059 -0.6582
-0.0914209 -0.0399905 -0.847133
-0.563438 0.639307 -0.207591
0.691576 -0.37396 -0.493019
-0.254403 0.858717 -0.193856
0.0256179 -0.63078 -0.573592
0.109169 -0.251054 -0.829721
0.173938 0.416267 -0.788531
0.327675 0.802627 -0.234525
-0.43382 -0.671886 -0.0966129
0.646726 0.183564 -0.602049
-0.367996 0.305487 -0.750946
0.0475761 -0.62424 0.433106
0.44267 -0.678285 -0.350573
0.235511 0.641514 -0.594536
0.75176 0.303286 -0.394276
-0.458407 0.762291 0.0291531
-0.60616 0.0244105 0.631606
-0.0727547 0.748011 0.374574
-0.466669 0.662285 -0.391804
-0.192944 -0.333895 -0.720338
0.36102 0.194814 0.701386
-0.633078 0.540113 -0.303507
-0.0943636 -0.69021 0.301415
0.626788 0.552845 -0.102457
-0.397675 0.731894 0.247988
-0.821038 0.125917 0.231256
-0.306907 -0.368274 -0.641774
-0.536517 0.627593 -0.340388
-0.731837 0.396926 -0.154522
0.584041 -0.602539 -0.00397249
-0.682704 0.543882 0.0351419
-0.374688 0.799153 -0.0915651
0.882141 -0.0606972 0.12035
-0.276914 0.586367 0.461674
-0.00413453 0.0589514 0.878055
0.718089 -0.1993 0.356884
-0.0426939 -0.379011 -0.77748
-0.221779 0.751627 0.31714
-0.829567 -0.175677 0.0897824
-0.560627 -0.615406 -0.124882
0.0189872 0.929329 0.161096
-0.450845 -0.55826 0.464708
0.720946 -0.186486 0.361806
0.655724 -0.153743 0.431803
0.325079 -0.755683 -0.265701
0.806823 0.141021 0.171955
0.630362 0.364767 0.26623
0.909869 -0.136174 -0.0770295
0.4921 0.0658679 0.605544
0.0176429 0.237941 -0.850507
0.481112 -0.110049 0.600953
-0.284372 0.25286 0.747356
0.153398 -0.132988 -0.831126
-0.776301 0.118033 -0.191055
0.107221 0.490912 0.628751
0.510878 -0.626943 -0.376131
-0.63027 0.0961245 -0.538127
-0.366911 0.65887 -0.550137
0.454643 0.0378024 0.641482
0.743048 -0.450481 -0.0375888
0.813636 -0.389051 -0.228923
0.110372 0.948238 -0.111497
0.258164 -0.300792 -0.793316
-0.707935 -0.33 0.362451
0.657185 0.158894 -0.601378
-0.0919751 0.933536 0.103074
-0.550083 -0.581619 0.348567
0.453043 0.0896323 -0.780463
-0.35513 0.255906 0.725051
0.0823418 -0.73507 0.132517
-0.522441 0.710404 -0.0217287
0.538591 0.23485 0.508397
-0.457103 0.682167 -0.370599
-0.112734 -0.753203 0.0376642
-0.564113 0.654746 -0.117569
-0.404974 0.789893 -0.0174425
-0.00092238 0.368596 -0.834774
0.302767 0.652872 -0.536899
-0.614756 -0.615385 -0.0702478
-0.367527 -0.65596 0.31871
0.537378 0.49612 0.2941
-0.00747849 0.633052 0.489422
0.546205 -0.324712 -0.660187
-0.00538436 -0.770501 -0.0335092
-0.795079 -0.376486 -0.0601428
0.222569 0.880928 -0.0559037
0.526575 -0.552291 0.237866
0.426094 -0.667244 0.152216
0.286505 0.679825 0.396241
-0.472759 -0.634154 0.297232
0.287445 -0.146715 -0.811743
0.112624 -0.727898 0.160577
-0.762949 0.292346 0.345417
-0.476247 -0.671222 -0.0540571
0.643735 -0.315241 0.348658
-0.778071 0.244793 -0.089173
-0.737065 0.361118 0.273152
0.432914 -0.553888 0.328284
-0.0168894 -0.135841 0.850916
0.0525014 -0.792472 -0.13793
0.578213 0.600246 -0.0828238
0.261614 0.794804 0.236909
0.807003 -0.304623 -0.356002
-0.0780728 -0.0623652 0.882952
-0.449915 0.0347792 0.761483
0.150828 0.124082 0.820121
-0.511966 0.518579 0.410656
-0.297175 -0.120432 0.826723
-0.705158 -0.266194 0.434558
0.551617 -0.471522 -0.566888
0.473192 -0.657711 0.140335
0.444481 0.70996 -0.0831845
0.759762 -0.336739 -0.411798
0.0762381 -0.154744 -0.83771
0.911963 -0.00596647 -0.269997
-0.291382 -0.104903 -0.755166
-0.780368 -0.176785 -0.290235
0.373273 -0.737737 -0.0680914
-0.473041 0.639771 -0.423092
0.128878 -0.0988798 0.794532
-0.436141 0.47909 -0.621826
0.150904 0.00940674 0.811884
-0.0661255 -0.666393 -0.479933
-0.26405 -0.581648 -0.48618
0.270116 0.572926 -0.639957
0.70216 0.428607 -0.294138
-0.687478 -0.0284156 0.529048
-0.638518 -0.510903 -0.253727
-0.194257 0.460605 0.596812
-0.149278 0.900502 -0.294887
-0.121704 -0.0148119 0.887879
0.816439 0.306729 -0.0368994
-0.774918 0.267277 0.363054
-0.476005 -0.281005 -0.592588
0.558993 0.0568851 -0.721917
0.695952 -0.30881 -0.544271
0.689265 0.139207 -0.579839
-0.515037 -0.0148371 0.720921
0.272194 -0.738804 -0.352949
0.343005 -0.745298 -0.0214558
0.488862 0.510936 0.344566
-0.189612 -0.700775 0.263608
0.628215 -0.574113 -0.281024
-0.190309 0.118689 0.858617
-0.731692 0.208275 -0.333842
0.264913 -0.651645 -0.540553
-0.682327 -0.138758 -0.460558
0.823762 0.207454 -0.34059
0.507214 0.103183 0.589515
0.801391 -0.340436 0.000769089
0.0137465 -0.725269 0.170882
0.782515 -0.421581 -0.253232
0.46396 0.695313 0.00196897
-0.641592 -0.554504 -0.165137
0.90144 0.153072 -0.128205
-0.801652 -0.366833 -0.0451427
0.562133 -0.601496 -0.356382
-0.487644 -0.39204 -0.528892
0.331453 -0.0384162 0.718613
0.527244 -0.249001 0.515576
0.109656 -0.70156 -0.472973
0.619589 0.442748 0.217552
0.077089 -0.263611 0.771651
-0.139961 0.914913 -0.251789
-0.366865 0.320917 0.668524
0.0517769 -0.247846 0.789646
-0.812256 0.215428 0.0880606
-0.431962 -0.296527 0.696566
-0.375064 -0.620067 -0.294239
0.488467 -0.0463367 0.607948
0.0327432 0.701756 -0.658194
-0.280792 -0.333674 0.74635
-0.196272 -0.664849 0.364765
-0.424105 0.200438 -0.758561
-0.470959 0.420796 0.555122
0.0401753 0.261497 -0.846832
-0.672681 0.238454 -0.456429
0.839449 0.010666 -0.416274
-0.756905 -0.405151 0.163403
-0.824936 0.0345239 0.186532
-0.123858 0.396606 0.664665
0.670698 -0.319842 0.302654
-0.39204 -0.20105 -0.668043
-0.289227 0.116328 -0.816098
0.677417 -0.138434 -0.61204
-0.783327 0.246762 -0.0562139
-0.428408 -0.174615 0.754535
0.470632 -0.700482 -0.129526
0.192775 -0.633403 -0.575021
0.468634 0.510916 -0.57208
0.598195 -0.209359 0.46698
-0.232871 0.874293 0.0640904
0.78691 -0.0792302 0.291315
0.288397 -0.765143 -0.0287407
0.232393 0.792823 0.289567
0.206241 0.306474 0.71845
-0.133336 -0.325089 -0.756184
0.649494 0.490802 0.0672562
-0.0745482 -0.201424 -0.834093
-0.641018 -0.245571 0.537058
-0.415386 -0.648397 -0.180119
0.934388 0.056745 -0.0465524
0.663491 -0.538146 -0.0742434
-0.188113 -0.732229 0.129011
0.0721591 -0.608935 0.450791
-0.0750205 -0.348124 0.754849
-0.0152333 0.41754 0.66864
0.133145 -0.512223 0.571759
0.139971 0.94209 -0.206574
-0.445648 -0.351207 0.650749
-0.683345 -0.0867895 -0.466516
0.183906 -0.682016 0.287387
0.909147 -0.159691 -0.167442
-0.585465 0.204864 -0.586009
0.46147 0.681868 -0.260678
0.14593 0.847988 0.24568
0.829775 -0.239192 -0.382991
-0.666252 0.482683 -0.309778
-0.0556247 0.808498 -0.532268
-0.454888 0.489976 0.489578
0.820084 0.215598 -0.337818
0.27183 0.791138 0.232075
0.826437 -0.272668 -0.356353
-0.225665 0.879653 -0.168424
-0.696642 0.0122154 0.518615
-0.0132463 0.619673 0.499513
-0.678153 -0.458357 -0.275851
0.454975 -0.39247 -0.685123
-0.451082 0.762876 0.065459
0.0626826 0.95359 0.0296355
-0.00266322 0.120454 -0.855425
-0.539697 0.533106 -0.500221
-0.396477 0.71846 -0.401862
-0.192675 0.376947 0.667376
-0.0123461 0.90992 -0.392192
0.29012 -0.208152 -0.806952
0.506705 -0.0632688 0.588336
0.152 -0.682203 -0.503982
0.233283 0.560101 0.520377
0.582334 0.476776 0.244101
-0.0714597 0.274214 -0.862881
0.510898 0.575808 0.249143
-0.208327 0.657905 0.417003
0.834989 0.25033 -0.173681
0.226021 0.0123704 -0.822837
0.116228 0.727758 0.414248
-0.178715 -0.134206 -0.808344
0.303089 0.794185 -0.359337
-0.0598832 0.0151727 -0.851549
0.744168 -0.0269505 -0.543602
0.683863 -0.492935 0.0634345
0.519074 -0.0483176 0.577085
0.136852 0.92314 -0.029996
-0.487664 0.396587 -0.635623
0.4508 0.231938 0.610594
-0.16226 0.742237 -0.576951
0.279393 0.660862 -0.543019
-0.738608 0.365765 -0.201305
0.129194 -0.379806 -0.779053
-0.663947 -0.342822 0.449488
-0.332245 0.729998 -0.475789
-0.649213 -0.353335 0.462224
-0.375833 0.744391 0.247762
0.603993 0.322418 -0.578521
-0.730231 -0.144582 0.467308
-0.0742871 0.455207 -0.814129
0.510179 -0.029097 -0.764863
-0.373717 0.791116 0.102545
-0.33731 0.799613 0.135698
0.106665 0.509155 0.612656
-0.773594 -0.184109 0.317739
-0.51728 0.128175 0.72039
-0.0219303 0.86879 -0.462259
0.5523 -0.318528 -0.659376
-0.164753 0.799762 0.292388
0.21195 -0.177155 0.734095
0.270417 -0.774692 -0.186286
0.292451 0.770304 0.265634
0.247627 0.86271 -0.30527
0.134965 0.626451 0.49827
-0.340115 -0.398299 0.670458
0.565021 0.210863 -0.657375
0.0563874 -0.757778 -0.30914
-0.085798 -0.677879 -0.430001
-0.0485548 0.664356 -0.692218
0.772797 0.0307201 -0.515236
0.0458122 -0.459967 -0.731313
-0.355672 0.159263 0.788489
-0.823948 -0.000400359 -0.0144514
0.330382 -0.755108 -0.10762
0.69095 -0.522193 -0.202531
-0.268171 0.545332 -0.670061
0.317547 0.562374 -0.624236
0.574817 -0.369274 -0.616942
-0.734785 0.0801105 -0.36104
0.279092 0.844382 -0.00832903
0.531043 0.270465 0.490021
-0.502393 -0.522862 -0.367865
-0.735285 -0.399001 0.224847
0.826351 0.292523 -0.0264187
0.47364 -0.69301 -0.246363
-0.330678 0.764644 -0.379851
0.46934 0.688694 -0.138824
0.621242 -0.528348 -0.433239
0.564054 0.56501 0.16036
0.400313 0.531275 0.433006
0.766272 -0.0983326 0.314238
-0.565123 -0.553981 0.367479
-0.776827 0.241654 -0.0993253
-0.467917 -0.0898674 -0.660357
-0.251256 0.860309 0.0794711
-0.133619 0.702197 0.398416
-0.0927086 -0.632946 -0.53848
0.856362 -0.0199807 0.15383
-0.0444586 -0.501607 0.605457
0.671088 -0.535205 -0.272773
-0.274988 0.697899 0.349899
0.803551 0.246946 -0.329806
-0.168029 0.087252 0.86765
0.0855006 0.707849 0.442533
-0.73636 -0.126343 0.459265
-0.503641 0.655456 -0.344155
0.525856 -0.525933 -0.543208
-0.4835 0.704027 -0.286915
-0.50975 0.238099 0.663194
0.590933 0.532477 -0.382434
-0.742436 -0.11936 0.445477
-0.667214 0.268331 0.498885
0.746268 -0.209073 0.287801
0.243896 -0.219797 0.702589
0.748681 0.111533 -0.536886
-0.324452 0.330391 -0.763371
0.679759 0.491457 -0.122115
-0.418078 -0.139759 0.770842
0.430658 0.471768 -0.628966
-0.154986 -0.567662 -0.582054
-0.747537 -0.233215 0.364747
0.00262484 -0.223592 0.818506
0.908199 -0.0716469 0.038067
-0.357238 0.677854 0.330974
-0.65598 0.0801799 0.57086
-0.458136 0.246742 -0.722715
-0.51135 0.586748 -0.455846
-0.407345 0.773063 -0.144329
0.122897 -0.606922 0.442107
0.289867 0.771973 -0.404643
-0.268607 -0.725773 0.113027
0.153735 0.553542 0.55693
-0.196531 -0.39216 0.699792
0.74851 0.373512 -0.244051
0.118747 -0.56257 0.510824
-0.384516 -0.475692 -0.536483
-0.755105 0.190649 -0.255805
-0.757766 -0.426876 0.0738989
0.692102 -0.429554 -0.437219
0.304893 -0.478195 -0.719677
0.107098 -0.167468 -0.83656
0.349402 -0.383182 0.578084
-0.624199 -0.38703 -0.442962
-0.438356 -0.0680099 -0.684156
0.852587 0.116296 -0.381587
0.159948 0.511388 -0.740482
-0.329496 0.0835928 0.819727
0.755049 0.13161 -0.524264
-0.614752 0.315153 -0.509698
-0.277841 0.840044 -0.222854
0.0973104 0.36508 -0.817448
-0.486034 0.72433 -0.139391
0.385505 0.091435 0.692311
0.166005 -0.213373 0.744467
0.0724341 -0.0272398 -0.844818
0.583028 -0.420153 0.324511
0.204864 -0.256977 0.709104
-0.0582245 -0.629307 -0.553465
-0.322263 0.443147 0.576671
0.0400548 -0.724045 -0.407579
0.632713 0.532564 -0.0320474
0.263161 -0.511388 -0.693062
0.39879 0.0488095 0.686198
-0.124703 -0.735194 0.120958
-0.300317 0.197439 0.788278
-0.218104 0.164473 -0.840529
0.109455 0.365689 -0.815106
-0.346766 -0.696923 -0.114902
0.290041 -0.0596938 -0.813146
-0.457875 0.345067 -0.679244
-0.288689 0.822994 -0.283664
-0.145356 -0.474805 -0.666127
-0.0260294 0.744896 -0.631376
-0.315009 -0.475025 -0.577345
-0.731182 -0.474135 -0.130647
0.399355 -0.686999 -0.403094
0.021061 0.0348297 -0.853398
-0.776707 0.239452 -0.101981
0.228888 0.884932 -0.205232
-0.258357 -0.34144 0.741384
0.63734 0.120675 0.42908
-0.52319 0.455933 -0.58329
-0.47213 0.377869 0.59241
0.627364 -0.197814 0.445232
0.354081 0.738987 0.224284
0.545295 -0.0902378 0.547526
-0.0857562 0.869691 0.254153
0.0424922 -0.75697 -0.298676
0.601329 0.529538 0.129945
0.91242 -0.0319695 0.0346522
0.717526 0.250971 0.232384
-0.192121 0.625665 0.450315
-0.292433 -0.225281 0.796509
-0.330571 -0.561293 0.492894
-0.0156408 -0.551563 -0.637703
0.343822 0.735286 0.255501
0.00212387 0.163223 0.856702
0.279727 0.0347524 -0.814645
-0.0929286 -0.237693 -0.817001
-0.315699 0.294091 0.704819
0.75747 0.376191 -0.183658
0.560474 0.343117 -0.60441
0.664762 0.497337 -0.228199
0.546025 -0.334456 -0.655273
-0.761665 -0.391964 -0.200032
-0.617619 -0.424617 -0.419669
0.437896 0.491579 0.42468
-0.249235 0.87666 -0.0760295
-0.175538 0.00573588 0.874427
-0.323497 -0.0556027 -0.752985
0.726133 -0.298998 0.221728
-0.304788 -0.7209 0.0986379
0.156615 -0.190674 0.757297
0.381502 0.663648 -0.464323
-0.831584 -0.116656 0.080465
0.537298 -0.206379 -0.727145
-0.530395 0.688635 0.123202
0.38501 -0.607439 0.297116
-0.212973 0.455259 -0.753078
0.730565 -0.405714 -0.387436
-0.793509 -0.376862 -0.0794214
-0.730964 0.377667 -0.233098
0.234503 -0.576308 -0.635785
0.886317 0.172947 -0.14604
-0.802903 0.172828 0.348552
0.380068 0.302442 0.630633
0.641482 -0.56611 -0.189576
-0.0748613 -0.316926 -0.791135
-0.733235 0.427243 -0.0305934
0.78578 -0.247828 -0.449556
0.193094 0.896442 -0.0544121
0.912655 -0.0100226 0.029173
0.56842 -0.48362 -0.540191
-0.761924 0.021442 -0.291214
-0.469415 -0.566883 -0.315649
0.561229 -0.0840977 -0.740513
0.104923 0.947424 -0.0838823
0.498399 -0.031208 -0.769352
0.716557 0.235608 -0.513961
0.457048 -0.235628 -0.750191
-0.342765 -0.616855 0.423793
0.390593 0.754735 -0.0473207
0.633791 0.0517048 -0.659384
0.708022 0.30198 0.20415
0.474011 0.685079 -0.124919
0.0151974 -0.734326 0.132254
0.0652846 0.838516 0.33133
-0.382142 -0.499514 0.550159
-0.491672 0.739108 0.0246214
0.591213 0.0110629 0.509309
-0.0727685 -0.624871 -0.553298
-0.0234547 -0.713833 0.21725
-0.109569 -0.33015 0.768221
0.437428 0.714697 -0.150182
-0.435337 0.407219 0.577155
0.000690939 -0.704498 -0.436229
-0.561374 -0.338462 0.559435
0.457722 0.23814 -0.730047
-0.30896 0.223476 -0.822185
-0.00557532 -0.260678 -0.821337
-0.544785 0.620884 -0.338171
-0.25353 0.543376 0.506521
-0.071727 -0.271774 -0.811343
0.855915 -0.322109 -0.108727
-0.831124 -0.121521 0.0693852
0.775255 -0.0740154 -0.49817
-0.7183 0.478994 0.0484765
0.0500134 -0.744822 0.0891866
0.130654 0.126259 -0.835909
0.605845 0.0258662 -0.693108
0.0857905 -0.778961 -0.265509
0.297939 0.357264 -0.774591
-0.758605 -0.432437 0.00570443
0.0903115 -0.694709 -0.49218
-0.118784 -0.18624 -0.82508
-0.21249 0.523943 0.535284
-0.0790421 -0.487967 0.621305
0.807045 0.313572 -0.117372
0.566402 -0.625804 -0.268709
0.294294 0.419708 0.613848
0.297756 0.169955 -0.81084
-0.469446 -0.591331 -0.266485
-0.386056 -0.320232 -0.623129
-0.634733 -0.204821 -0.505103
0.317476 -0.555298 0.434098
0.608676 -0.453217 -0.525264
0.334991 -0.718172 -0.383181
0.866658 0.197908 -0.172138
0.290194 -0.764893 -0.0369586
-0.110427 0.487449 -0.777943
0.278287 0.476408 -0.708313
-0.427449 0.782063 0.0296685
0.649759 -0.550138 -0.0677902
-0.491707 0.576292 0.362369
-0.529405 -0.413429 -0.486324
0.0961263 0.700908 0.445094
0.312635 -0.68213 -0.465844
-6.52125e-05 -0.129741 0.8449
-0.658619 -0.234371 -0.475376
-0.720714 0.273055 -0.349761
-0.246792 -0.71517 -0.164963
-0.484637 -0.633898 0.276372
-0.521358 -0.632168 -0.118447
0.636597 0.50794 -0.299052
-0.813691 -0.299719 0.121753
-0.109065 -0.758219 -0.000466763
-0.822951 -0.282324 0.00425683
0.468862 -0.301348 0.54166
0.261623 -0.698611 0.197108
-0.230634 0.696261 -0.593082
-0.578729 0.615551 0.168923
0.0769711 0.542576 0.582166
0.46994 0.664409 -0.304992
-0.254722 -0.450698 0.634019
-0.528711 -0.493156 0.484378
-0.707101 0.502364 -0.014145
-0.342949 0.434382 0.578714
-0.306153 0.567343 -0.63694
-0.68978 0.450426 0.220873
-0.765823 -0.421458 -0.110535
-0.810509 0.0859341 -0.02759
-0.0739735 -0.765348 -0.0253034
0.245473 0.590684 0.489225
0.30352 0.824925 -0.126959
0.296537 -0.170489 0.693503
-0.475041 0.74647 -0.0103581
-0.0469892 -0.680962 0.321548
-0.511524 -0.603452 0.372759
0.106238 0.0820106 0.839505
0.855633 0.16591 -0.315139
0.230657 0.651328 -0.586303
0.912713 -0.121331 -0.195894
-0.138048 0.862834 -0.401289
-0.797966 -0.113373 -0.214178
-0.42685 0.595086 0.387769
-0.382887 -0.675706 0.240337
0.0385935 0.343872 -0.832261
-0.152066 0.899048 -0.294387
-0.232887 -0.64295 -0.376609
-0.553785 -0.0871254 0.683093
0.00885014 0.893505 0.252352
0.376767 -0.740041 -0.133156
0.288015 -0.748949 -0.325878
-0.227239 0.42746 -0.762296
-0.798573 -0.265002 -0.18757
0.449354 -0.520038 -0.61514
0.376301 0.701651 0.267511
0.114612 0.882564 -0.393004
-0.710269 -0.00343358 -0.446691
0.321195 -0.744085 -0.323128
0.332832 0.745062 0.252988
-0.532568 0.65435 -0.292193
-0.10368 0.743551 0.369863
0.0506887 -0.0305369 0.848423
0.784248 0.347814 -0.0441014
-0.0640037 0.71027 -0.656252
-0.066751 0.787532 0.340926
-0.731841 0.129982 -0.355942
0.30005 -0.622372 0.335944
-0.556139 0.0478728 0.68822
-0.07048 -0.668967 0.353838
0.137541 0.0517379 -0.835838
0.703019 0.314255 0.201342
0.525852 -0.566715 0.220543
-0.734308 0.345872 -0.260162
-0.246537 0.874947 -0.103537
0.0252587 0.940133 0.132923
-0.736144 -0.0737606 -0.396718
-0.666188 -0.314886 -0.436155
0.612349 0.157081 -0.641303
-0.291254 -0.141596 -0.743608
-0.310908 -0.571232 0.486561
-0.32781 0.827634 0.0588355
0.0602381 -0.189055 0.801565
-0.235192 -0.463005 0.625334
-0.409057 -0.671322 -0.123075
0.760581 0.3214 0.110932
0.222252 -0.702798 0.214095
-0.503378 -0.616072 -0.179148
-0.499674 -0.621727 0.314177
-0.358134 0.476535 0.536915
0.55004 0.0374144 0.552664
-0.663607 -0.0631516 0.557945
0.294771 -0.507667 0.517483
-0.473862 -0.0117121 0.745527
-0.707561 -0.180567 0.499487
0.0297236 0.552747 0.564244
-0.529103 0.215041 -0.653347
0.0377765 -0.690093 0.28521
-0.832822 0.0135316 0.0433778
-0.31068 0.180064 -0.817084
0.0731828 -0.359334 0.730543
0.924075 0.0706625 -0.157799
0.678894 0.461871 0.0407137
-0.246592 -0.694998 -0.220961
-0.470486 0.131186 -0.705047
-0.781186 -0.297534 -0.241942
0.62506 0.258657 -0.589654
-0.113686 -0.459278 -0.688799
0.437523 0.380103 0.518055
0.00298854 0.689512 0.444088
-0.642559 -0.071451 -0.509948
-0.388606 -0.174675 -0.678546
0.717426 0.130195 0.307651
0.64227 -0.107456 -0.65487
0.369631 0.461426 0.535169
-0.708896 -0.269475 -0.400313
0.759129 0.379834 -0.152477
-0.586393 0.424609 0.432345
0.674003 0.108946 -0.603877
0.835754 0.118005 0.138877
-0.297734 -0.715698 0.18306
0.088547 0.103718 -0.842419
-0.729961 0.32289 -0.300677
0.272089 -0.696763 0.194377
0.341115 -0.156242 -0.803901
0.519041 0.478153 -0.558173
-0.583712 -0.143423 -0.56334
-0.686887 -0.131941 0.527279
0.758889 0.302274 0.129234
-0.25413 -0.522967 -0.58394
-0.118084 -0.0993509 -0.839492
0.387829 -0.439085 0.50467
-0.0902129 -0.762576 -0.0223204
-0.82522 -0.0789734 -0.0532631
-0.630538 0.207092 -0.525723
0.317612 -0.144172 0.692221
0.0581407 0.432088 -0.811814
-0.700403 -0.446652 0.257323
0.217537 0.888439 -0.091747
-0.684783 -0.271525 0.470765
0.162641 -0.733685 -0.386977
0.827748 -0.186941 0.148075
0.136394 0.0815381 0.829761
-0.0574601 0.222442 0.816386
-0.341076 0.708269 -0.511483
0.356259 -0.276874 0.624796
0.525955 0.125175 -0.721331
0.3624 0.192744 0.700539
-0.0648974 0.782042 0.346356
-0.735895 -0.36877 0.255856
-0.592257 -0.208566 0.60919
0.175297 0.613259 0.496246
-0.0609463 0.986064 -0.107286
-0.102623 0.121746 -0.859671
0.110963 0.250771 0.789367
-0.599975 0.280744 0.563854
0.333109 0.798631 -0.222871
0.536459 -0.443 -0.601291
-0.362838 -0.333413 0.725578
-0.589762 0.647848 0.0570641
0.560889 0.133981 0.535725
-0.594333 0.103333 -0.576446
-0.672118 0.296046 0.465406
-0.227931 -0.720779 0.177682
0.70023 -0.280383 0.296704
-0.527699 -0.637338 0.173224
-0.283153 0.773411 -0.433892
-0.0412905 -0.611802 -0.574606
0.104615 -0.062873 -0.839506
0.328499 -0.176075 0.675261
-0.751118 -0.444844 -0.12815
0.208803 0.896594 -0.117711
-0.267218 0.866247 0.0144579
0.888899 -0.092801 0.114099
-0.367622 -0.5845 0.45624
-0.326548 0.760429 -0.398702
-0.79347 0.0454881 -0.148112
-0.679701 0.394357 0.341748
-0.772026 0.123731 -0.210312
0.854867 0.0678095 -0.38657
-0.146549 0.0630242 -0.849107
-0.602157 -0.582976 0.203554
0.703072 -0.0171495 0.387058
-0.0554684 0.524958 -0.778127
-0.497794 -0.170325 -0.617724
-0.810316 -0.264212 -0.124259
0.414441 -0.714023 -0.294164
-0.804665 -0.0373446 -0.144729
-0.722324 -0.398173 0.257029
0.937393 -0.0447779 -0.118277
-0.144507 -0.733603 -0.200038
0.126591 0.415581 -0.800159
-0.746505 -0.437604 -0.177457
-0.822434 -0.195113 -0.0447067
0.0248966 0.854005 0.307271
0.189948 0.883945 0.0489259
-0.470056 -0.598109 0.410712
0.599203 0.295129 -0.594391
0.487422 0.166012 -0.735686
0.0915553 0.7812 0.374985
0.554438 -0.614849 -0.330346
-0.0965571 -0.190266 0.840826
0.439433 0.296252 -0.720555
-0.591677 -0.11604 -0.557969
0.916223 -0.0904009 -0.0420009
0.938054 -0.0404756 -0.11947
0.446007 0.697795 -0.251144
-0.418613 -0.255623 0.731592
-0.345752 -0.271285 -0.666647
-0.410969 0.687003 -0.436876
0.444027 0.499804 0.410129
-0.151696 -0.753331 -0.0312029
0.399601 0.434931 0.519968
0.735185 -0.0703329 -0.549194
0.367787 -0.642197 0.252384
-0.326606 0.273942 0.718266
0.860219 -0.104921 -0.368441
0.2844 -0.461458 -0.731293
0.394375 -0.232223 -0.769969
-0.639838 0.0479769 -0.524292
0.826721 0.273111 -0.143934
0.504597 -0.676915 -0.116142
0.633917 0.493908 0.114293
-0.625498 -0.0431256 0.605902
0.565406 0.530082 -0.432313
0.695875 -0.507101 -0.0497436
0.27637 -0.734786 0.0990708
-0.432787 -0.41087 -0.548524
0.0333639 -0.698943 0.259723
0.452886 0.696279 -0.230464
0.751713 -0.466281 -0.210768
0.241571 -0.458138 0.59905
-0.62935 0.454534 -0.433858
0.464971 0.379888 0.483776
0.394769 0.751543 -0.0274934
-0.59174 0.000556077 -0.569177
0.643544 -0.344538 0.317657
0.625229 -0.330435 -0.604555
0.691666 0.453933 -0.000842544
0.776797 -0.251998 0.174438
-0.286822 0.852469 -0.088669
0.824571 -0.16259 0.183556
-0.102802 -0.412488 -0.729337
-0.757415 -0.386045 -0.213798
-0.0279817 0.743171 -0.63289
0.244243 -0.549057 -0.660054
0.367726 -0.745341 -0.183066
0.745568 -0.00621758 0.322168
-0.147358 -0.374994 -0.725863
0.592781 0.234735 0.428939
0.759669 0.213959 0.201127
-0.277206 -0.195851 0.812655
0.156712 0.88888 -0.358179
0.521584 -0.66438 -0.131979
-0.50415 -0.629543 0.263433
0.725493 0.118148 0.300773
-0.234263 -0.732696 0.0895918
-0.405883 -0.594714 0.433412
-0.444518 0.338501 0.632381
0.0531218 0.506549 0.607684
0.341984 0.779592 -0.300466
-0.54849 -0.0250411 -0.610878
-0.316221 -0.564992 -0.472541
-0.828069 0.102732 0.181982
-0.806047 0.0570148 -0.0718516
0.0572857 0.691572 -0.65386
-0.578188 -0.423194 0.489236
-0.248537 -0.503001 -0.598237
0.875499 -0.28825 -0.111404
0.276875 0.847175 -0.0627151
0.916634 -0.124007 -0.0991038
-0.273315 -0.624434 -0.382858
0.330527 0.0189313 -0.807137
0.786993 0.337239 -0.00592163
-0.317744 0.616419 0.418394
0.326104 -0.408106 0.577764
-0.520209 0.662782 -0.300279
-0.645773 -0.324948 0.483231
0.120803 0.0547742 0.835301
0.742776 -0.0191201 0.331547
0.697174 0.297364 -0.494701
-0.387802 0.784552 -0.146729
0.520566 0.396749 0.39993
0.404452 0.48988 0.468082
-0.528748 -0.238577 0.654725
-0.259969 0.261503 0.747111
0.200915 0.623931 0.477956
-0.387439 -0.412352 0.643751
-0.286489 -0.599609 0.460119
-0.604518 -0.200805 -0.536566
-0.542813 -0.598088 -0.180736
-0.55551 0.616029 0.21849
-0.596897 0.632286 -0.0572566
-0.0468277 -0.761424 -0.198814
0.341424 -0.458294 0.526284
0.0874674 0.0863834 0.845096
-0.791531 0.236154 0.357169
-0.294867 -0.727456 0.0183143
0.912701 0.0387534 0.0183375
0.101911 0.78409 -0.516585
0.88638 -0.249482 -0.136968
0.300087 0.63303 0.431091
0.239431 -0.687518 -0.471863
0.919104 0.125513 -0.0392097
-0.361674 0.529677 0.488519
-0.539216 0.380253 -0.587737
0.0168443 0.529129 -0.783602
0.297088 0.829615 -0.164492
-0.290264 -0.62587 0.42758
-0.394197 0.0752219 0.793498
-0.341746 -0.301397 0.750509
-0.719045 0.467411 0.0788846
-0.112781 0.930306 0.0806971
-0.688612 -0.282515 -0.423378
0.582977 -0.566374 0.154736
0.336119 -0.287432 0.631109
0.546725 0.100189 0.553521
-0.587632 -0.527126 0.37335
-0.446924 0.198459 0.725188
-0.15248 0.902211 -0.282835
-0.165965 -0.706239 -0.270944
0.665555 -0.209708 0.407948
0.306927 0.350522 0.65134
-0.243421 0.336533 0.690298
-0.407915 -0.531586 -0.446261
-0.351088 -0.619097 0.41859
0.575802 -0.245602 0.474126
0.0755532 0.462755 -0.798018
-0.119705 0.321174 0.727139
0.109703 -0.575449 0.493245
0.57645 0.55853 -0.349153
0.621874 -0.47085 0.214473
-0.0109113 0.861479 -0.479265
-0.408809 0.628102 -0.539014
-0.594322 -0.0299872 0.645058
0.101531 -0.432677 0.656285
-0.271406 -0.232885 -0.723652
-0.335048 0.0963769 -0.794745
0.740671 0.309846 -0.414011
0.937473 0.0188402 -0.132346
-0.796981 -0.103414 -0.214419
0.448344 -0.61207 0.239456
0.603079 0.0233104 -0.696446
0.61105 -0.592561 -0.173472
-0.398724 -0.563672 -0.393219
-0.0474117 0.709436 0.416019
-0.713535 0.19916 -0.393685
0.691513 0.466616 -0.0672146
0.0853171 -0.763433 -0.317509
0.54659 0.627063 -0.0271198
-0.418663 -0.19064 -0.65634
-0.798137 0.0840915 0.34852
0.536318 -0.49992 -0.558653
-0.188066 -0.467626 -0.65141
0.49564 0.427676 0.405447
0.561373 0.606148 -0.200617
-0.706894 -0.102547 0.503066
0.506456 -0.210912 -0.741682
0.869702 -0.234476 -0.256327
-0.0225485 -0.741727 0.0986924
0.0385729 -0.489984 -0.706755
0.0453465 0.134168 -0.848203
0.111681 -0.23403 -0.831103
0.787078 0.272528 -0.333387
-0.228917 -0.687115 -0.260538
-0.497805 0.036265 -0.667851
-0.489856 0.499711 -0.581295
0.635567 -0.353203 -0.581106
-0.0577254 0.598086 0.508809
-0.739014 0.297445 0.376009
-0.0278297 -0.585849 -0.602537
-0.769841 -0.212703 -0.334985
-0.296293 -0.72497 0.0547861
-0.337811 -0.662013 0.315298
0.0326936 -0.685955 0.298022
0.232496 0.805394 0.250231
-0.270002 0.487628 0.551607
0.899986 -0.0980595 -0.28233
0.162121 0.336758 0.717293
-0.665122 -0.490908 -0.255013
0.680122 -0.312239 0.296405
-0.386409 -0.594798 0.438903
0.221983 0.455116 0.615186
-0.0847647 -0.627944 0.445283
-0.0370739 0.364722 -0.842139
0.433381 0.299974 0.581962
0.269828 0.237841 0.734472
-0.431064 0.120454 0.766933
0.148285 0.0442923 0.820483
0.355607 -0.737248 -0.00730013
0.573584 0.596291 -0.195968
0.522637 -0.195194 0.537437
0.84268 0.0551408 0.154424
-0.0472097 -0.249517 0.823786
-0.0344908 -0.466321 0.63985
-0.493508 0.226767 -0.692078
-0.112876 0.398313 -0.833352
0.535422 -0.130103 -0.752173
0.303434 -0.684923 0.20046
-0.312346 0.241408 0.748902
0.177846 -0.742117 0.103047
0.75536 -0.23685 0.236181
0.524936 -0.663613 -0.233473
0.0159182 -0.75388 0.0463477
-0.145171 -0.278864 -0.770581
0.332216 -0.753318 -0.268927
-0.744139 -0.441511 0.133162
-0.576258 -0.0379636 0.667369
-0.211528 -0.413745 -0.668756
0.627129 0.484471 -0.404344
-0.207041 0.876271 -0.250359
-0.0886319 0.932365 0.109076
0.847058 -0.133298 -0.390808
0.454078 -0.687729 -0.299916
0.19903 0.347007 -0.801278
-0.261648 -0.0552268 0.852422
-0.400036 -0.705587 -0.0249961
0.625103 0.350571 -0.546894
0.316102 -0.438543 0.561565
-0.210188 0.286636 0.737808
0.307216 0.0400263 -0.810493
0.393363 0.752031 -0.0748244
0.572179 -0.627671 -0.186705
-0.322345 -0.593169 0.45813
-0.209607 0.537784 -0.702809
0.603167 0.312963 -0.583348
0.692638 -0.475047 0.0728476
0.477451 0.541231 -0.530355
0.158502 -0.47663 0.604472
-0.406383 0.713945 0.263645
0.455362 -0.507168 0.364553
-0.640349 0.242791 0.549504
-0.820723 -0.00941125 0.203242
0.808581 0.312665 -0.111722
-0.797039 -0.119795 -0.219103
0.313121 0.578773 -0.613717
0.808741 0.250867 -0.300177
-0.673223 -0.548836 0.072193
-0.141467 0.104369 -0.854899
0.0103322 -0.484751 -0.703025
-0.607706 0.340828 -0.509847
-0.0526821 0.551325 -0.762517
0.238118 0.110893 -0.820385
-0.654465 0.388149 -0.42355
-0.270067 0.607093 -0.631977
-0.612813 -0.528175 -0.246121
-0.1792 0.169926 -0.851664
-0.488979 -0.662486 -0.0671467
-0.608231 -0.618852 -0.065849
-0.599486 0.582235 -0.308621
0.189392 -0.296573 -0.815144
-0.00126878 0.381029 -0.832461
-0.118527 -0.298446 -0.776057
-0.755958 0.166221 -0.267536
0.178484 0.652064 0.460517
0.13504 0.93857 -0.246895
0.482159 0.11217 0.611835
0.388188 0.35369 0.589025
0.463717 0.414895 0.456175
0.166785 -0.504102 -0.702607
0.269766 -0.591195 0.410295
-0.314941 -0.65627 -0.259349
0.15532 0.717039 -0.559463
-0.797516 -0.299079 0.166059
0.72278 0.405853 -0.267676
-0.511382 0.104568 -0.661474
0.837386 -0.0684582 0.201213
-0.572663 0.531766 -0.452804
-0.229545 -0.711287 0.217553
-0.0819165 0.291665 0.758601
-0.751485 0.29392 0.363289
0.828555 0.183899 0.122384
0.482673 0.0290563 -0.772326
0.277148 0.294616 0.697361
-0.213043 0.229701 0.7838
0.384144 0.432157 0.540863
0.544282 -0.473998 0.315472
-0.800172 0.0171031 0.320155
-0.782754 0.236089 0.372025
0.234153 0.870796 -0.0265479
0.37106 -0.474225 0.48556
0.62248 0.320447 -0.563486
0.0939331 0.934376 0.0477394
-0.426978 -0.625569 0.374362
0.246017 -0.780101 -0.143236
-0.338914 -0.395239 -0.609001
0.288738 -0.688035 -0.458981
0.681183 -0.408961 -0.478867
0.18136 -0.25563 0.721529
-0.454981 -0.273331 -0.60728
0.480769 -0.590868 -0.490212
0.690467 -0.407121 -0.465069
0.698301 0.44208 0.0186194
0.541033 0.174485 0.548081
-0.0650318 -0.0829693 0.87685
-0.234165 -0.701485 0.249541
-0.629973 -0.14876 -0.515418
0.480689 0.104629 -0.764744
-0.307666 -0.698802 0.229983
0.0395999 -0.723371 0.180316
0.712285 0.222011 -0.524379
0.280883 0.616514 -0.593715
-0.819206 -0.106326 0.190978
0.875753 0.155537 -0.262258
-0.774375 -0.199019 -0.316326
0.531282 -0.609302 0.16184
-0.264023 -0.731861 0.0265252
0.60442 -0.0156275 -0.697688
0.467521 0.169839 0.620094
0.172827 0.847389 0.212095
-0.00498476 0.333569 0.738414
0.0610762 -0.619578 0.4371
-0.727482 0.424758 -0.0961098
0.37025 0.575687 -0.582295
-0.232382 0.366258 -0.796356
-0.0913694 -0.733991 -0.249186
-0.137259 -0.753696 -0.13905
0.447812 0.564081 0.341953
-0.620157 -0.303791 0.522186
-0.375133 -0.016989 0.798943
-0.310933 0.271572 -0.800702
-0.108757 0.316579 -0.864477
-0.0155369 0.344802 -0.842001
0.271357 0.849867 -0.216511
-0.795697 0.126141 0.372178
0.0845008 0.350937 -0.822499
0.529023 0.641563 -0.0216088
0.403792 0.580651 -0.554367
0.619236 -0.581313 -0.29314
-0.0939751 0.85128 -0.448439
-0.0276899 -0.67388 0.337677
-0.615495 0.078064 -0.552238
0.279227 0.657592 -0.546939
-0.798499 0.299281 0.145932
0.00413715 -0.168624 -0.836833
-0.290943 -0.131028 -0.74713
-0.133969 -0.612709 -0.543276
0.321742 -0.311042 0.629598
0.656309 0.198854 -0.588248
-0.173746 0.33586 -0.845336
-0.306958 -0.721591 0.081903
-0.23239 0.59929 -0.653905
0.556034 0.207984 -0.665575
-0.236284 -0.704562 -0.204872
0.539332 0.528818 0.264189
-0.429397 0.69455 0.268923
-0.676685 0.175732 -0.475289
0.0210199 0.442558 0.655048
0.351786 -0.00570175 -0.804112
-0.22661 0.848442 -0.314449
-0.231523 0.812762 -0.407765
-0.26308 0.773563 -0.466818
0.443321 -0.554128 -0.588351
0.19279 0.816621 -0.41868
0.0417721 -0.752016 0.057466
0.616692 -0.160422 0.466527
0.586635 0.585206 -0.00959777
0.349489 -0.444572 -0.727508
-0.186468 0.790037 -0.498068
-0.649523 -0.420772 -0.378206
0.54895 -0.411032 0.382117
0.629206 0.515635 -0.299854
0.508044 -0.662445 -0.273833
-0.724873 0.253135 0.441342
0.827378 -0.0758296 0.220929
0.235087 -0.159882 -0.818937
-0.818316 -0.0934348 -0.109488
-0.520556 -0.493832 -0.400955
0.0920447 0.677743 -0.647028
0.659055 -0.392768 -0.525082
-0.302689 -0.057517 0.832417
0.213436 0.569843 0.519876
0.680232 0.491078 -0.161364
0.242073 0.869888 -0.295324
0.55584 0.489344 0.272601
0.669008 0.184912 -0.581861
-0.312688 -0.575985 -0.451704
0.323926 0.106797 0.733535
-0.58656 0.401925 0.458941
0.708312 -0.156507 -0.57163
0.0249001 0.817578 0.339814
0.33959 0.429838 -0.711341
0.842382 0.109853 0.132478
0.779682 0.228647 -0.419115
0.274659 -0.564679 0.450591
-0.309345 0.140058 0.817205
-0.7864 0.284913 -0.00436775
-0.210583 0.867238 -0.28762
-0.0374566 -0.591975 0.502104
-0.347819 0.705337 -0.505914
0.91939 -0.0802313 -0.204524
-0.707885 0.360204 -0.356616
-0.457885 -0.309941 -0.589308
0.813306 -0.354888 -0.0477569
0.74932 0.122637 0.263939
0.892284 -0.224384 -0.117513
-0.783712 0.115586 -0.152518
-0.436258 -0.483573 -0.496416
-0.772954 -0.244219 0.285456
0.526867 -0.183567 0.537474
-0.815144 -0.176337 0.19247
0.293257 -0.741554 -0.342246
0.329032 -0.749307 -0.00347508
-0.169077 0.816842 -0.462163
-0.0941438 -0.767175 -0.106684
-0.681585 -0.479399 -0.24079
0.267817 -0.769588 -0.0161845
0.40439 -0.657326 0.19233
0.489462 -0.579725 -0.498252
-0.405249 0.651323 0.336295
-0.365692 -0.563248 -0.427374
-0.304376 0.780352 -0.378882
-0.735489 -0.153388 -0.389722
-0.324444 0.397618 -0.729282
-0.478528 0.594161 -0.492788
-0.598356 -0.456902 -0.38761
-0.763952 0.0161008 0.434858
-0.712454 0.47811 0.0824705
-0.0830216 0.882867 -0.400269
0.568734 0.315479 0.397463
0.19712 -0.582297 0.462525
-0.271167 0.30107 0.711572
0.634412 0.242775 -0.588533
0.906998 -0.11915 -0.0316332
0.441032 -0.716908 -0.227272
-0.414801 0.758852 -0.224383
-0.395106 0.722567 -0.392461
0.431875 -0.678813 -0.369616
-0.0249035 0.82967 -0.516563
-0.0282239 0.411062 -0.831658
0.524667 0.350276 -0.630059
-0.391409 0.195833 -0.790683
-0.571124 -0.058988 -0.584624
0.403421 0.0091854 -0.796279
-0.483667 0.281211 -0.68963
0.0453275 0.904204 -0.387401
0.26581 0.847946 0.0177794
-0.806429 -0.356951 0.0368358
0.326849 -0.183731 0.673358
0.0101453 -0.419429 -0.757984
-0.497662 0.634986 0.281402
0.33345 0.80193 0.0385466
0.59171 0.529015 0.165924
-0.672381 -0.530747 0.153112
-0.62752 0.207109 -0.529704
0.534699 0.208637 0.535789
-0.825593 -0.241556 0.0306276
0.499656 0.493589 0.345473
0.0188024 0.171331 -0.85145
-0.269965 0.621973 0.431792
0.463219 -0.524095 0.335636
0.0928445 -0.714841 -0.445364
0.728601 0.330451 -0.417831
-0.547241 0.439356 -0.557134
0.00183004 0.679841 0.45198
0.164833 -0.804074 -0.203272
0.01009 0.974247 -0.15849
-0.533609 -0.14857 -0.604245
-0.811834 -0.11179 -0.157396
-0.625113 0.616758 0.0284781
-0.616372 0.605151 0.0872009
-0.0997578 0.130033 0.860415
-0.800967 -0.230177 -0.197259
0.793971 0.314825 -0.186962
-0.286544 0.378673 0.643715
0.0684431 -0.436833 0.65636
0.310783 0.0121608 0.739195
-0.208836 0.363819 -0.810158
-0.525628 0.706495 -0.0268425
0.322564 -0.249664 0.651919
0.249765 0.17542 -0.817739
-0.761588 0.0932344 0.436815
-0.0563385 -0.428819 0.68006
-0.0650901 -0.691029 -0.414453
0.804733 -0.371741 -0.0544754
0.0119281 -0.736196 0.124096
0.780968 -0.439701 -0.189083
-0.834155 0.107201 0.122866
0.32754 -0.548603 -0.652261
0.740754 -0.219861 0.286191
-0.389185 -0.55308 -0.423416
-0.206443 0.881337 -0.223445
-0.639152 -0.352433 -0.450669
0.116839 -0.477012 0.609473
0.903766 -0.13976 -0.0451108
0.0949242 -0.705455 -0.467057
0.591782 -0.60507 -0.11135
0.265912 -0.163398 -0.814472
0.592321 0.43442 -0.522498
-0.0697951 0.899481 0.202529
0.290934 -0.247749 -0.797147
-0.724695 -0.118635 0.4805
-0.483891 -0.622798 -0.181346
0.226606 -0.385624 0.650164
0.628802 0.488337 0.148462
-0.289506 0.826623 0.12669
0.113582 0.90388 0.126526
0.0979789 -0.265039 0.760525
-0.193321 -0.643746 0.425661
0.117928 0.915736 0.0812109
0.118047 -0.4879 -0.713128
0.181126 0.528498 -0.718134
-0.540565 0.69703 0.00552019
-0.11928 -0.547304 -0.611099
0.0961609 -0.101237 -0.839929
-0.0762744 -0.734291 0.127717
0.37191 -0.481924 0.475383
-0.362777 0.575575 -0.602325
0.279846 0.386283 -0.768488
-0.00563025 -0.514571 0.587327
-0.0816641 0.269235 -0.864451
-0.0962745 0.52265 0.564504
0.195628 -0.604786 0.428514
-0.18094 0.750646 0.338474
0.352562 -0.511664 0.457608
-0.174386 -0.334395 -0.730044
0.0496851 -0.486464 0.608598
0.341614 -0.424081 -0.736281
-0.0692226 0.905381 0.189715
0.0422552 -0.00588782 -0.849554
-0.243817 0.824609 0.19832
0.507455 0.555788 0.280345
0.741377 -0.37218 0.0997341
0.23385 -0.587733 -0.625272
-0.0593517 0.877203 -0.424653
-0.168214 0.85364 -0.396705
-0.443243 -0.0102062 -0.699772
-0.306883 -0.723923 0.0444477
-0.0915597 -0.543284 -0.622673
-0.506048 0.671877 -0.308933
0.397656 -0.380629 0.544694
-0.354234 0.692872 -0.51853
0.312799 -0.652786 0.2713
0.392247 -0.345087 0.569988
0.00829553 0.757088 -0.609693
0.386703 0.546471 -0.601266
0.195429 0.389431 -0.790626
0.126823 -0.747833 0.0795314
0.0889994 -0.380675 0.709124
-0.0465016 -0.753353 -0.226387
-0.74615 0.338523 -0.196283
0.490864 0.406874 0.42878
0.680843 0.47324 -0.0324465
0.671337 -0.136652 0.417462
-0.293014 0.724251 0.311748
0.594653 -0.579271 -0.362
-0.805108 -0.211907 0.208416
-0.643062 0.0456612 0.58614
-0.67891 -0.438305 -0.301407
-0.788476 -0.181238 0.274887
0.264842 -0.16049 0.713188
-0.373659 -0.632217 0.379487
-0.681057 -0.0699929 0.53604
-0.139064 -0.668054 -0.403448
0.871206 0.146731 0.0750518
0.215231 0.184989 -0.82261
0.928065 0.0891892 -0.060768
0.849402 -0.107125 0.184896
-0.138278 0.933812 -0.149572
0.382088 -0.0958638 0.676763
0.231906 0.542311 -0.682333
-0.555264 -0.314343 0.580714
-0.26844 0.172586 -0.827742
-0.709139 0.393725 -0.341464
-0.74773 -0.301901 0.295605
0.418511 0.635512 0.300451
-0.608817 -0.331939 0.516264
0.803862 -0.354091 -0.296836
0.357639 0.753258 0.179476
0.386889 0.22547 0.673927
-0.786967 -0.0826282 -0.240781
-0.583384 -0.484849 -0.354783
-0.745569 -0.342587 -0.276704
-0.798411 0.249474 0.300185
-0.198949 -0.347302 0.742229
-0.443535 -0.6518 0.256321
-0.823865 -0.24325 0.130484
0.564815 -0.552303 -0.458586
0.114387 0.0798644 0.837107
0.899658 -0.170432 -0.0695094
0.617479 0.309356 0.330969
-0.029293 0.774277 -0.590028
-0.347215 -0.699847 0.176298
-0.569978 0.586469 -0.35972
0.772826 -0.0211326 -0.508332
-0.818724 -0.144706 -0.128608
-0.823928 -0.20981 0.138707
0.767761 0.102053 -0.523299
-0.110405 0.767689 -0.564428
-0.294185 -0.625775 0.426572
0.0894079 0.954394 -0.192809
-0.741195 -0.30547 0.308814
-0.484874 0.673631 -0.341114
0.60214 0.236273 0.413928
0.0532428 -0.276095 0.779296
-0.583175 0.438771 0.419959
-0.0181819 -0.436412 0.667986
-0.532377 0.0884479 -0.638729
0.187087 -0.792969 -0.125531
0.393341 0.367926 0.574731
0.728315 0.298212 -0.449126
0.749242 -0.0862404 -0.529422
0.40287 0.745055 -0.0141246
-0.242324 -0.735362 0.0258047
-0.739725 0.125126 0.464803
0.701935 -0.0258686 -0.593031
-0.036053 0.0425635 0.888486
0.729694 -0.281775 -0.512403
0.0553534 -0.0647883 0.837115
-0.837453 0.0443222 0.0898488
0.165417 0.741336 0.385299
-0.19594 -0.121831 0.858694
-0.20273 0.120791 -0.840036
0.425624 0.590866 -0.52035
0.477312 -0.679291 -0.281214
0.127137 0.695623 0.439202
0.310624 0.0523605 -0.809902
-0.0703998 0.362817 0.702667
-0.339878 -0.450933 -0.577184
-0.329522 0.798129 -0.286532
-0.686676 -0.176243 -0.448804
0.165037 -0.691266 0.262712
0.0761962 0.891914 -0.404967
0.0190235 0.214005 0.835041
-0.10549 -0.677396 0.335707
-0.338128 0.397772 0.612683
0.550544 0.133495 0.548067
-0.0249442 -0.752308 0.0499473
-0.52719 0.508126 -0.549367
-0.0524795 0.382689 0.689901
-0.23401 0.266012 -0.847056
-0.42526 0.730682 0.214998
0.0397255 0.142059 0.854133
0.734005 0.0424784 0.31923
-0.483509 -0.104641 -0.646771
-0.0371967 0.545818 -0.77273
0.0980303 0.0846398 -0.841356
0.681925 -0.52524 -0.128796
0.62767 -0.101062 0.464036
0.00505525 0.953553 0.102015
0.140112 -0.795387 -0.246145
0.285346 0.826652 -0.316023
0.368578 0.29309 0.64767
-0.570668 -0.611823 -0.123543
0.330281 -0.663994 0.231195
-0.0163821 0.977731 -0.00415147
0.317903 -0.0234037 0.728389
0.0364555 0.921128 -0.349073
-0.4824 0.554228 -0.54451
-0.287807 -0.721102 0.139055
0.0574979 -0.562798 0.52467
-0.666432 -0.300161 -0.446198
0.035187 -0.395835 0.702118
-0.655684 -0.544548 0.17402
0.399449 -0.676564 -0.423445
0.125089 0.400201 0.690315
0.598811 -0.161276 -0.698134
0.741982 0.199308 -0.506837
0.207142 -0.687723 -0.479141
0.915777 -0.088998 -0.0369679
-0.087486 -0.674324 0.341852
0.197252 0.879213 0.0546859
0.51656 0.057083 -0.755074
0.346926 0.686528 -0.466092
-0.451433 0.758285 0.0802768
0.28229 0.225741 0.734963
0.309572 -0.12906 -0.808949
-0.460447 -0.430736 -0.519265
-0.510417 0.541292 0.383852
0.137853 0.620375 -0.66978
-0.168131 -0.541625 0.555935
-0.824536 0.131261 0.208833
0.375111 0.330472 -0.749807
0.539327 0.352373 0.410121
0.347274 -0.560292 0.402095
-0.665518 0.514382 -0.224304
-0.829418 -0.0470362 0.000309825
-0.684317 0.549635 -0.0286512
-0.229202 -0.338111 0.747706
0.661002 -0.538368 -0.0450391
-0.71185 0.0286072 -0.441053
-0.199534 -0.692343 0.285592
0.0487577 0.972982 -0.0513069
-0.760111 -0.412121 0.147768
-0.0594294 -0.667944 0.355437
0.140106 -0.671148 0.328139
-0.208004 -0.28598 -0.733767
0.0368893 -0.181327 0.814257
0.133472 0.942002 -0.223789
-0.753046 0.400275 0.0958252
-0.660978 -0.554445 0.106706
-0.290072 0.616274 0.431233
-0.204835 -0.422392 0.670118
0.129504 -0.511693 0.572765
0.822854 -0.348385 -0.263125
0.156988 -0.0867925 0.784989
-0.521523 -0.151956 0.704002
-0.380343 0.487078 -0.646267
0.52101 -0.439057 0.384947
0.28374 0.799097 0.186993
-0.37893 -0.556231 -0.427646
-0.696624 -0.516675 0.0847648
0.753146 -0.0699412 -0.526672
-0.286726 0.0811896 -0.813025
-0.226297 0.542483 0.514911
-0.129639 -0.740217 -0.191814
-0.135443 -0.432072 0.668409
-0.499043 0.154234 -0.678986
-0.784696 -0.0828726 -0.248234
0.526991 -0.245851 -0.713531
-0.0338477 0.248406 -0.857833
-0.205186 -0.606917 0.472769
-0.557918 0.563474 -0.424032
0.471264 -0.332685 -0.705296
-0.179619 -0.683915 0.315343
-0.654904 0.552554 0.101777
-0.232922 -0.390162 -0.670222
0.762494 0.0192916 -0.526664
-0.589607 0.147889 -0.584531
0.408636 0.262532 0.630114
0.805681 -0.291536 -0.375096
-0.642972 0.177344 0.57949
-0.528025 0.640381 0.229881
-0.781355 0.312098 0.0233463
-0.34808 0.16104 -0.804908
-0.798662 0.0116334 0.326269
-0.143205 0.775235 0.330119
0.563378 0.598766 -0.225647
-0.290635 0.197593 0.790863
-0.430582 0.768956 -0.062761
0.235029 -0.248597 -0.813568
0.774806 -0.0266747 0.287591
0.796152 -0.0981186 0.273455
-0.495658 0.337042 -0.656492
0.00666918 0.311063 -0.844382
-0.00289234 0.643472 0.481583
0.299866 -0.445396 -0.740039
-0.172947 -0.0939464 -0.824301
0.197073 -0.579887 0.466217
0.191114 -0.276918 -0.819706
-0.75467 0.384822 0.0256769
-0.359204 0.612267 -0.582162
-0.770814 -0.200443 0.31708
0.150781 0.938155 -0.224357
0.387811 0.75747 0.00736193
0.125369 0.626801 -0.671081
-0.0163057 -0.598325 0.487501
-0.807158 -0.108064 0.251127
-0.574106 -0.361687 -0.494783
0.418872 -0.700166 0.0409465
-0.42316 -0.0352721 0.774816
-0.186313 0.83382 0.234947
-0.0574646 0.862176 -0.45193
-0.0332809 0.968376 0.052443
0.441993 -0.579358 0.287478
-0.366655 0.598072 -0.586783
0.510325 0.101225 0.586781
0.606681 -0.00611092 -0.69483
0.11153 -0.573508 -0.647038
0.623907 0.381422 -0.530862
-0.26364 -0.379786 0.704312
0.778627 0.314122 -0.267515
-0.617982 0.567064 -0.289074
-0.829865 0.172996 0.16468
0.356292 -0.0410642 0.706606
-0.409587 0.644133 -0.514831
-0.621215 0.21509 -0.53533
-0.105847 0.959199 -0.0591947
-0.32453 -0.527912 -0.534731
0.29968 0.784546 0.207924
0.25048 0.198196 0.757863
0.488871 -0.675479 -0.0210178
0.321933 -0.662115 0.241939
0.210311 0.796235 -0.43087
0.22215 -0.413266 0.639385
-0.748887 -0.153606 -0.37244
0.538885 0.250315 0.495175
0.772409 -0.438283 -0.252232
0.364619 0.589715 0.412898
0.316478 0.378781 0.630276
-0.0983593 0.880105 -0.395649
0.91292 0.0547075 0.0142207
-0.712307 -0.491197 0.109313
-0.304751 0.661679 0.375013
0.34761 0.790286 0.0222713
0.181216 0.496073 0.596137
-0.804417 0.262305 0.229885
-0.250895 -0.722901 0.166941
0.407095 -0.515907 -0.64235
-0.783741 0.30257 0.0121419
0.872827 -0.12056 0.135256
-0.110484 -0.764699 -0.127306
-0.164862 -0.71305 0.21342
0.35666 -0.736361 -0.00465067
0.542458 -0.556533 -0.476531
0.568271 0.609213 -0.0183569
-0.505972 0.621914 0.287367
0.0785237 0.0908839 -0.844093
0.649304 0.0306035 -0.649164
-0.350955 -0.016067 0.810711
-0.158204 -0.622523 0.465334
-0.495447 0.310947 0.630144
0.487249 0.167837 -0.735114
0.651317 0.00977804 -0.648419
-0.0876787 0.188923 0.837627
0.108454 0.398248 0.697475
0.651184 -0.396551 0.249955
-0.0711615 0.142752 -0.86143
-0.611832 -0.472786 -0.347458
-0.200601 -0.560115 0.527562
0.276722 0.814886 -0.359135
-0.649796 -0.521422 -0.221628
-0.543982 0.56667 0.308889
-0.49513 -0.190399 -0.612852
0.645495 -0.0945778 0.446653
-0.428936 0.779979 0.0464661
0.285418 0.836151 0.0277329
-0.360768 -0.182956 -0.691734
0.0140948 0.891091 0.257299
-0.523228 0.414989 -0.597097
-0.297423 -0.651327 -0.290636
-0.434719 -0.0658994 -0.6869
0.379528 0.590372 0.394588
0.00470772 0.891552 0.258055
0.567148 0.593198 0.0716874
-0.457806 0.479696 0.499447
0.14344 0.913134 0.01821
0.142869 0.938784 -0.169941
-0.518856 0.701819 -0.0985783
0.355141 0.564279 0.451193
-0.0793712 -0.657435 -0.490363
0.272446 -0.0132301 0.75138
-0.42102 -0.558959 0.471759
-0.758257 -0.433418 0.00115748
-0.342446 -0.652675 -0.241633
-0.521279 -0.53296 0.45542
0.827326 0.20831 0.106478
-0.649558 0.404354 0.37075
0.0546891 0.554334 -0.757823
-0.356684 -0.0682162 0.805779
0.867375 -0.114235 -0.354346
0.164762 0.558151 0.549043
-0.755999 0.0262779 -0.309031
-0.602184 0.169847 0.623503
-0.518792 0.681357 0.166363
0.433596 0.580579 0.341164
0.380133 0.625337 -0.517327
0.550477 -0.563671 0.199826
-0.825176 -0.245475 0.0233961
0.487016 0.673394 -0.180139
-0.161765 -0.627102 0.457502
-0.0562833 0.504369 -0.790828
0.835461 0.164214 -0.364685
-0.796532 0.166689 -0.0475157
-0.30274 0.294089 -0.794071
-0.489369 -0.502631 -0.416503
-0.725676 0.19761 -0.355873
-0.420258 0.0966431 -0.746879
-0.10739 -0.494782 0.611752
-0.722808 0.410916 -0.192318
0.299678 0.827652 -0.154139
-0.119479 0.669459 -0.658274
0.37254 0.715064 0.248134
-0.668344 -0.248886 -0.460473
0.101208 0.909927 0.127201
0.300739 0.793849 0.176201
-0.127274 -0.639347 0.430447
0.701803 -0.504598 -0.0909603
-0.46424 -0.0724366 -0.668001
-0.53314 0.393358 -0.591326
0.137585 0.336884 0.726363
0.889125 0.09607 -0.303822
0.543679 -0.630879 0.0556198
0.568619 0.523981 0.219802
0.0983264 -0.525538 -0.68815
-0.318328 -0.0184603 -0.767621
-0.345583 0.492318 0.52635
-0.758219 -0.329368 -0.263791
-0.233816 0.292916 -0.834154
0.619752 -0.20403 0.449881
0.721055 -0.138201 -0.55804
0.0986907 0.144604 0.834676
0.728537 -0.250135 0.275032
0.57975 0.144621 -0.671663
0.0568655 -0.0214504 0.84805
-0.0501675 0.921948 -0.352527
0.438608 0.42734 -0.654953
-0.107917 0.729823 0.380945
-0.592116 0.278806 0.574005
-0.360446 0.729629 -0.429974
0.570531 -0.569588 0.166902
0.898669 0.0332481 -0.29325
-0.771989 0.082885 -0.238816
0.336801 0.363128 0.63043
-0.722416 0.41992 -0.163445
-0.711858 0.428923 -0.23438
-0.685254 -0.155756 0.528455
-0.543828 -0.426186 0.519247
0.646939 0.486258 0.0893246
0.379784 -0.347446 0.577298
-0.179014 -0.716272 -0.225812
-0.570644 -0.427997 -0.448294
0.0768909 -0.651334 0.380316
-0.590646 0.158587 0.639099
-0.396289 0.781376 0.0968113
-0.679949 0.158125 0.542831
0.199166 0.899301 -0.0996656
0.450213 -0.218716 -0.756624
0.462263 -0.623481 -0.459035
0.421315 -0.118385 0.648765
0.767047 -0.137879 0.305627
-0.392394 -0.458751 0.592053
-0.1348 0.401126 0.658845
-0.0892869 -0.622073 0.456587
-0.0623316 0.245202 0.797944
0.184206 -0.46246 -0.730224
0.795536 -0.223873 0.169743
-0.343993 0.420914 -0.705048
0.111355 0.786177 -0.507919
0.892177 0.0564764 0.0687589
0.232103 -0.550892 -0.659552
-0.76641 -0.420066 0.0116131
-0.0310554 -0.391602 0.714963
-0.700359 -0.0997089 -0.443759
-0.233871 -0.516645 -0.598648
0.546483 -0.460437 0.328922
-0.666676 -0.0533184 0.554359
0.0157077 -0.454672 0.645139
-0.646762 -0.468825 -0.318684
-0.288532 0.185825 0.800974
-0.723401 0.435489 0.15017
-0.746702 -0.442882 0.0808189
-0.685971 0.197101 0.527379
0.53603 -0.640363 0.0162617
-0.503243 0.705429 -0.172386
-0.14458 -0.239532 0.816875
-0.184364 -0.0340666 0.876594
0.31423 0.813315 -0.244286
0.157441 0.3892 0.685204
-0.268199 -0.533673 0.540458
0.354702 0.461835 0.548985
0.352607 0.139214 0.711382
-0.362361 -0.350686 -0.621116
-0.444224 -0.622849 0.374226
0.220413 0.819981 0.222893
0.274402 0.112492 0.767185
0.103599 -0.685156 -0.509282
-0.756798 0.265238 0.389263
0.793261 0.0430935 -0.491104
0.497899 0.665649 -0.114092
-0.754234 -0.44315 -0.0353998
0.679063 0.385336 0.177725
0.345117 0.103152 0.719226
-0.137942 -0.610223 -0.544924
-0.773908 0.29597 0.293571
0.235029 0.823706 -0.382538
0.69981 0.347263 0.178756
0.072008 0.854977 0.315816
0.208192 0.527478 0.558406
-0.3159 0.19267 -0.817014
0.485035 -0.42215 0.438292
-0.715078 0.262185 -0.370654
-0.586743 0.0549137 0.654229
-0.67868 -0.49521 -0.220418
-0.570909 0.492079 -0.504039
0.841226 0.257962 -0.113846
-0.242423 0.664709 0.401329
-0.249589 0.259394 -0.841978
-0.0748136 0.550366 -0.753552
0.356306 0.278231 -0.781952
-0.225132 0.867402 0.0999575
-0.281271 0.852689 0.0523127
0.555833 0.506386 -0.47949
-0.598664 0.487434 0.339546
-0.152307 -0.702656 -0.294589
0.765394 0.0895573 -0.527356
-0.499567 -0.457398 -0.47374
-0.600826 -0.201161 0.605103
0.493532 0.0866078 0.603013
-0.311414 0.662854 0.370414
-0.619785 0.585528 -0.186305
-0.68833 0.522823 -0.0941986
0.467606 0.530399 -0.55536
-0.648546 -0.553886 -0.154593
-0.271326 -0.439194 0.642536
0.0587828 0.362511 0.726037
-0.467962 0.387619 0.585523
0.352116 0.420844 -0.711575
-0.504264 0.525167 0.412132
-0.0267515 -0.632706 -0.558341
-0.356885 0.56614 -0.611079
-0.745265 -0.256865 0.347738
-0.180861 -0.336254 0.754701
-0.0161729 0.672793 -0.700271
0.515405 0.592482 -0.407368
0.534984 -0.447578 -0.599699
0.897238 0.0299083 0.0637295
-0.53632 0.688103 -0.0775956
0.674477 -0.343767 -0.548605
0.43496 -0.633843 0.21596
-0.790849 -0.359551 -0.160648
0.893766 0.190558 -0.0464118
0.83931 -0.325011 -0.0682058
0.0874553 0.410513 0.693307
0.636727 0.532682 -0.0589828
-0.14967 0.934368 -0.095051
-0.523818 -0.0197451 -0.636036
0.875377 0.201421 -0.112213
0.0984298 -0.524584 0.563747
-0.486192 -0.490081 -0.440924
0.135677 -0.648638 0.375417
-0.357295 0.785304 -0.272307
-0.0575505 -0.417805 -0.741039
0.622414 -0.348719 0.344867
-0.757987 0.311521 0.318677
-0.402107 0.261041 0.703387
0.498209 0.201774 -0.713295
0.285744 0.0505078 0.758804
0.113737 -0.783023 -0.278324
-0.486221 -0.336553 0.62896
-0.73606 -0.458756 0.082365
0.678423 0.132424 0.363946
0.690036 0.426563 -0.346517
-0.747738 -0.270847 -0.337487
-0.736918 -0.232336 -0.374918
-0.308059 -0.00122608 0.832134
-0.012027 -0.663478 -0.531198
-0.0148259 0.981985 -0.127838
-0.376116 0.726509 0.267471
-0.818522 0.104195 0.242237
-0.374116 -0.0976607 -0.711317
-0.819453 -0.211825 -0.0855253
0.714101 -0.165602 0.370652
-0.646879 0.525428 -0.280297
0.480425 0.31801 0.515945
-0.114593 -0.669491 -0.423871
0.838836 0.119122 -0.410606
0.558785 0.485871 -0.504078
-0.824096 -0.000220143 -0.0135226
0.331881 0.783273 -0.324337
-0.633425 0.226566 0.569904
0.215945 0.0220323 -0.824284
-0.39599 -0.356702 -0.599216
0.151342 0.902989 0.0562582
-0.244792 -0.582104 -0.50377
-0.0943719 -0.742395 -0.217946
0.539204 -0.418478 0.387522
-0.0275902 0.569719 -0.761644
-0.476658 0.61415 -0.463296
-0.701823 0.499197 -0.0774861
-0.752343 0.312571 0.333227
-0.642478 0.390877 0.396274
-0.0684955 0.578698 0.522952
-0.104187 0.680925 -0.657579
-0.0937711 -0.577426 -0.590983
0.659694 0.272153 0.299765
-0.0603324 0.79524 -0.548294
-0.543381 0.129419 -0.631372
-0.155232 -0.682472 -0.347477
-0.691013 -0.368575 0.3621
-0.266884 0.774166 -0.458779
0.457947 0.68438 -0.263502
0.426156 0.335135 0.565489
0.718025 0.21164 -0.523789
0.568 -0.258115 -0.680261
-0.395148 -0.602298 -0.314038
-0.606875 -0.493737 0.39099
0.141148 0.316901 0.737847
-0.190981 -0.743122 0.0325821
-0.445435 0.493723 0.49014
0.64582 -0.545045 0.0566909
-0.693558 0.197784 0.518979
-0.488888 0.119272 0.738037
-0.797215 -0.353815 -0.136544
0.619187 -0.585502 -0.177981
0.423687 -0.72456 -0.153428
0.568669 0.397636 0.329612
0.367366 0.362327 0.602951
-0.353746 -0.153751 -0.705068
-0.50416 -0.048163 0.726164
-0.283737 -0.0788231 0.840212
-0.619576 -0.0158558 -0.538961
0.614098 -0.563999 -0.37076
0.407261 0.464882 0.48539
0.835347 -0.0415102 0.196983
-0.190442 -0.681932 0.317848
-0.706456 0.12908 -0.436191
0.548075 0.436471 0.327728
0.180976 -0.434419 -0.748761
0.681886 -0.011656 -0.617379
0.406789 0.735815 0.117505
0.0701892 -0.778669 -0.251679
0.77642 0.312346 0.0950489
0.416706 -0.713837 -0.290451
0.835231 0.213918 0.0902351
-0.0948384 -0.0190705 0.893779
-0.180099 -0.21127 0.824634
0.541373 -0.648235 -0.131745
0.697122 -0.481573 0.0455441
0.298407 -0.128581 -0.81055
-0.387486 0.385095 0.610191
0.192756 0.372918 -0.795757
-0.224297 -0.435911 0.655145
-0.21235 -0.489573 0.601925
-0.114525 0.928213 -0.260048
-0.0653502 -0.481304 -0.68389
0.130246 0.844736 0.274867
0.484145 0.544182 -0.519103
0.617609 0.0256628 0.483686
0.0538693 0.872038 -0.44491
-0.294409 -0.653907 0.355568
-0.792516 -0.285864 -0.2029
0.316931 -0.661926 -0.507041
-0.29145 -0.570733 0.492119
0.14171 0.892616 0.116989
-0.509877 -0.565938 -0.276653
-0.321068 -0.72225 0.0349685
0.426102 0.595169 -0.514001
0.801791 -0.150108 -0.454412
0.905124 0.176633 0.00936187
-0.216022 0.734526 0.338821
-0.794549 0.236199 0.00115075
-0.209647 0.902938 -0.0561339
-0.478405 -0.21997 -0.612968
-0.192944 -0.734653 0.117207
-0.166163 0.261748 0.766702
0.557134 0.464654 -0.534331
0.348287 0.651429 0.366433
-0.527476 -0.648686 -0.0666051
-0.0434538 -0.365643 0.741587
0.751561 -0.443707 -0.0504091
0.393438 -0.176145 -0.784125
-0.125171 -0.371045 0.727608
-0.0470989 -0.693085 0.287036
0.337511 -0.572746 -0.628925
-0.632275 -0.289635 -0.499431
0.0928039 0.507976 0.614364
0.495009 0.585863 0.258753
-0.0786535 0.95491 -0.226406
0.138695 0.704069 0.427708
0.692426 -0.491175 0.037585
0.787658 0.213965 -0.417867
0.829784 0.137224 0.139784
-0.266264 0.245103 0.758779
0.54946 -0.611583 -0.349842
-0.31052 0.0118551 0.83148
0.282842 0.838731 -0.255972
0.936818 0.0546774 -0.0529288
0.387462 0.706302 -0.395223
0.854415 -0.182182 -0.366228
-0.606651 -0.133292 -0.5409
0.125714 0.816395 -0.463225
-0.138033 0.524443 0.554707
-0.588632 0.523535 -0.43531
0.374514 -0.687157 0.142297
-0.365386 -0.186527 -0.687923
-0.519589 -0.504694 -0.383452
-0.79068 0.107448 -0.120327
-0.561613 -0.414204 -0.464423
0.749944 0.368953 -0.249288
-0.535707 0.666359 -0.215114
-0.365074 -0.620049 -0.303927
-0.263705 -0.671954 0.320547
-0.308477 0.805774 0.163489
0.841907 0.0196945 0.167722
0.769209 0.366121 -0.146357
0.659019 -0.540155 -0.340861
0.330299 0.752484 -0.392768
-0.812951 -0.113374 -0.152424
0.45959 0.364941 -0.675947
-0.48905 -0.324206 0.634601
-0.674264 -0.0285814 -0.481484
-0.571172 0.00624772 -0.590882
0.496511 -0.328946 0.506793
0.158825 0.20373 -0.830513
-0.22793 0.88479 -0.114849
-0.228081 -0.167641 -0.770379
0.534629 0.621676 0.105721
0.634535 -0.529866 0.131823
-0.630511 0.37003 -0.465745
-0.558839 0.115846 0.679546
0.0947844 -0.663283 0.353528
-0.756626 0.302054 -0.166155
0.0410903 -0.734984 0.130771
0.363673 0.433086 -0.697719
0.833228 -0.0648663 0.207476
-0.83179 -0.0392186 0.0353412
0.477831 -0.461062 0.399942
-0.516217 -0.4227 -0.488238
0.262887 -0.205746 0.697972
-0.410163 0.485204 0.514644
-0.624398 0.616765 0.0144505
-0.194631 -0.551489 0.538807
0.352782 -0.550577 0.410042
0.420694 0.556752 0.381789
-0.385793 0.402078 -0.692165
0.293976 0.831236 -0.215615
0.73383 0.416588 -0.0788894
-0.0012941 -0.374501 -0.786106
0.255955 0.741085 0.354548
0.240482 -0.779904 -0.0850002
-0.502194 -0.111357 0.723788
-0.278271 -0.685713 -0.214786
-0.346234 -0.639572 -0.273404
-0.227894 0.89062 -0.0669947
-0.263046 0.607104 -0.635588
-0.159764 0.735602 -0.587038
-0.833182 0.04913 0.138004
-0.229188 0.453198 -0.745818
0.115144 -0.503081 0.583331
-0.0875343 0.566421 0.529482
-0.133956 -0.747593 -0.1628
0.697721 -0.431634 0.121128
0.196805 -0.366215 -0.783698
0.493176 -0.0777787 0.600772
0.791916 -0.0382646 -0.481895
-0.208082 -0.198772 -0.771175
-0.0563686 0.778928 -0.572167
-0.700977 -0.00650188 0.512761
-0.355511 -0.719297 -0.0382901
-0.80419 -0.353726 0.0734465
-0.442015 0.251257 0.692768
-0.508063 0.0883409 0.726207
-0.6439 -0.549715 0.208214
0.599135 0.406452 0.277597
0.465219 0.544227 -0.53999
-0.444013 0.762457 -0.0496048
-0.287023 -0.704261 0.224262
-0.00989239 -0.00927893 -0.849846
0.720249 -0.0159134 -0.572689
-0.24439 -0.475392 0.609633
-0.459104 0.283669 -0.705646
-0.531697 0.39684 -0.592054
-0.783284 -0.18019 0.290961
-0.781408 -0.204722 0.283107
-0.362791 0.30271 0.684576
-0.733612 -0.132596 0.46388
-0.447415 0.694207 -0.364107
0.808351 -0.399055 -0.137307
0.0597326 -0.273421 -0.822346
0.0421558 0.0195946 0.863884
0.407963 0.737831 -0.199463
0.0354603 -0.779001 -0.0695818
0.264635 0.430772 0.617901
0.802933 0.266715 -0.285202
-0.823698 0.0934537 0.207361
0.392226 -0.639799 0.238069
-0.753169 0.318179 -0.1725
-0.527024 -0.490506 -0.40028
-0.59114 0.457415 -0.488533
0.718481 -0.494371 -0.161141
0.289188 0.553884 -0.644945
0.226227 -0.597617 0.424833
-0.375232 0.80968 0.0312419
0.292724 0.390707 0.632486
-0.798602 0.275518 0.0598477
-0.395068 -0.68076 0.190126
-0.339133 -0.488587 -0.556442
-0.71983 0.432093 -0.144588
-0.525596 0.536189 -0.514153
0.376442 0.358342 0.597026
0.54067 0.235783 0.504572
-0.652469 0.501645 0.220887
-0.518188 0.402318 0.550032
0.524938 0.645847 0.0379807
0.118887 -0.187089 0.775418
-0.612599 -0.507516 0.361497
-0.685922 -0.432272 0.306766
0.557287 0.17627 0.523497
-0.820608 -0.125893 -0.106637
-0.180859 0.699595 -0.612495
0.399102 -0.718748 -0.0220315
0.559643 -0.322728 -0.652384
0.289418 0.366268 0.648724
0.0294775 -0.297073 0.783774
-0.173429 -0.744735 0.0516854
-0.073023 0.559474 0.538197
0.025391 -0.577657 -0.625715
0.698507 0.431378 -0.301839
-0.364358 0.379401 0.62133
0.137553 0.765473 0.373287
0.0981252 0.0848059 0.841817
0.254615 0.673028 -0.545199
0.0355411 0.612875 0.514907
-0.707071 -0.39153 0.300082
-0.144156 0.872807 0.188661
0.203191 0.580463 -0.667857
0.149132 -0.0503894 -0.833416
-0.829198 0.157778 0.137949
-0.189229 0.105811 -0.842098
0.148238 0.666117 0.458321
-0.453161 -0.595928 0.418302
0.20804 -0.253352 0.708789
-0.553636 0.637086 -0.269847
0.220825 0.65282 -0.591055
-0.243128 -0.627368 -0.405535
0.0391995 0.891759 -0.420902
0.168041 -0.368462 -0.783517
0.712393 -0.349427 0.189665
0.629403 -0.397137 0.282686
0.347681 0.624433 0.395911
-0.0746659 0.872107 0.257355
-0.617839 0.549265 -0.333892
0.678907 0.232125 0.304663
0.890495 0.145457 0.0459237
-0.708982 -0.308778 0.381916
0.256832 -0.399394 0.629606
0.288595 -0.767412 -0.107766
-0.170385 0.248649 0.776591
-0.533737 -0.380365 0.558298
-0.114137 -0.132557 0.858725
-0.448679 0.273225 0.675567
-0.625887 0.392594 -0.463533
0.106944 0.0835236 0.8391
-0.782889 -0.129043 -0.267841
0.0759618 0.173975 0.838645
-0.828489 -0.139477 0.028125
-0.095814 0.719341 0.393693
-0.802631 -0.212076 0.215718
0.230364 0.834318 -0.373252
-0.419799 -0.692855 0.055665
0.330057 0.154145 -0.806328
0.104922 -0.651788 0.3756
0.340018 -0.0327555 0.716236
-0.112622 -0.633611 -0.517785
-0.0168185 -0.400587 0.704037
0.392296 0.549336 0.423232
-0.614861 -0.0763588 -0.537961
-0.694821 -0.520623 -0.136766
-0.343886 0.822519 -0.0520231
-0.359223 0.091415 0.806738
0.541118 0.228586 0.509867
-0.684519 0.429831 0.27667
0.797287 0.0206575 0.235206
-0.0568672 -0.120477 0.865077
-0.137404 -0.758912 -0.0845397
-0.0437187 -0.413762 0.694191
0.826212 -0.356107 -0.244394
-0.761783 0.348542 0.202537
-0.278688 -0.255155 0.787404
-0.652569 0.502018 -0.319398
-0.14606 -0.625428 -0.503546
-0.0878657 -0.629853 0.442242
0.56685 -0.421155 -0.592933
0.919407 -0.107109 -0.088817
0.308643 -0.497297 0.516899
0.35238 0.16588 0.709548
-0.464268 0.102162 -0.708205
0.00233888 -0.756918 0.0308564
-0.305948 0.437352 -0.715112
0.190395 0.530343 -0.712105
0.201016 0.802411 -0.429808
-0.216824 0.427749 -0.76758
-0.111342 0.538422 0.548267
-0.231689 0.816964 0.227799
0.625611 0.543194 -0.0419519
0.322946 -0.744242 -0.320533
0.0361976 0.703361 -0.654043
0.373511 0.769233 0.0243876
0.0304385 -0.321524 0.773492
0.562795 0.134201 0.532838
-0.698397 -0.229364 -0.424993
0.466898 -0.101041 -0.780334
0.415831 0.00283218 0.677568
-0.475357 0.498508 0.470033
-0.572524 0.425412 -0.527328
0.0890985 0.286206 -0.834031
0.470279 0.237483 -0.720504
-0.619884 0.586669 -0.180014
0.878126 -0.162044 0.06597
0.737426 -0.0253278 -0.552058
0.353324 0.41022 0.584475
0.352649 -0.634196 0.276977
-0.677628 -0.517691 0.183606
-0.796104 -0.255604 -0.204427
0.144386 0.931517 -0.122
0.68937 0.410923 -0.386389
-0.303823 0.364261 0.650679
-0.226497 -0.281674 -0.725803
-0.0944521 0.154619 0.853802
0.558059 -0.596823 -0.377364
0.680469 -0.460839 0.121638
-0.461392 0.21855 -0.723277
0.426257 0.72679 0.0847572
-0.590085 -0.378764 0.505766
0.244355 0.014221 0.770076
0.0199022 -0.382171 -0.781502
0.0501455 0.0578277 0.860547
0.524863 0.60855 -0.335661
0.693762 -0.463121 -0.390917
-0.774688 -0.347262 0.180032
0.408208 -0.73224 -0.22308
0.539632 0.632725 -0.0301311
-0.789483 -0.158338 0.284438
-0.0281689 0.149654 -0.858653
-0.660801 -0.572012 0.0058057
0.345933 0.537133 0.490993
-0.794248 0.0748449 0.365587
-0.372161 -0.623576 -0.289303
-0.0394812 -0.0665662 0.87977
-0.376836 0.372671 -0.712088
0.829446 0.0267572 -0.436216
0.587793 0.0924932 -0.685563
0.111747 0.299481 -0.827344
-0.0145138 -0.650139 0.395174
-0.142222 0.195579 0.823827
0.156102 0.846579 0.236604
-0.267055 -0.307805 -0.692381
-0.149664 -0.290636 0.791494
0.129445 0.854191 0.249403
0.258104 -0.537039 0.508803
-0.261678 0.871324 -0.0581952
0.567516 0.607304 -0.00233745
0.126387 -0.701357 -0.469406
-0.250673 0.861279 0.0772385
-0.386611 -0.428687 -0.563944
-0.153935 0.902566 0.103324
0.045903 0.969973 -0.0184817
0.183527 0.916845 -0.168004
0.056922 0.831516 0.335548
0.28112 -0.745237 -0.336006
-0.536484 -0.456951 0.505453
0.130459 -0.437785 0.647379
0.417041 0.734302 0.0868299
0.27248 0.842559 -0.29621
0.0728289 -0.382337 -0.77965
-0.472496 0.667168 -0.373262
-0.0471305 0.102705 0.870986
-0.156746 -0.600059 -0.549186
0.0850984 0.822351 0.340461
-0.404667 -0.44239 0.606901
0.668441 -0.319182 0.306822
-0.785253 0.278201 0.285475
-0.7994 -0.0338305 -0.170875
0.720088 -0.304523 0.227469
0.0236103 0.502905 0.604885
-0.469974 0.354996 -0.666409
-0.218705 0.253545 0.763207
0.259095 -0.379781 -0.772616
-0.434243 0.749164 -0.207642
0.0787324 0.334678 -0.826664
-0.665943 0.56347 -0.057611
0.1942 -0.749022 0.0741541
-0.825674 0.172659 0.197074
-0.643591 -0.580144 0.0483778
-0.0889857 0.170224 0.84972
0.375287 0.765152 -0.183918
0.26363 0.372959 -0.778619
-0.764942 -0.425902 -0.0725324
-0.0803243 0.823538 -0.501291
-0.400546 -0.649233 -0.192729
0.172144 0.843943 0.223457
0.633571 0.0058505 0.465313
0.111207 -0.683808 0.294507
0.187668 -0.337055 -0.798813
0.884452 -0.00346794 -0.331102
-0.726155 -0.278498 0.373119
-0.489193 0.27476 0.655338
0.427469 0.248851 0.621404
0.383604 -0.738843 -0.160669
-0.593768 -0.226139 0.59681
-0.300274 0.104843 0.828608
-0.799461 0.26776 0.058124
-0.774638 0.189586 0.397816
-0.750082 -0.213746 0.371678
-0.0984001 -0.489603 0.617654
0.152124 -0.765403 0.00345526
-0.713708 -0.487176 0.129701
0.651963 -0.548702 -0.0758654
-0.12858 0.204007 0.819442
0.882706 -0.16827 0.0388308
-0.0998379 -0.760419 -0.0122559
0.55058 0.550854 -0.423992
-0.476931 -0.131318 -0.642027
-0.0426461 0.859093 -0.466388
0.304263 0.748873 0.302983
-0.315798 -0.503476 0.561845
0.198515 0.402651 0.661015
-0.254904 0.86531 -0.141388
-0.574237 -0.411561 -0.458006
0.573157 0.604818 -0.0557818
0.65814 0.509085 -0.0740186
0.706968 -0.359619 0.188583
0.0135015 -0.554154 0.544827
-0.333535 0.829729 0.0350542
-0.591978 0.561263 0.242745
0.614107 -0.290874 -0.633058
-0.289969 0.816113 0.160301
0.145565 -0.476713 0.606061
-0.0714807 0.887567 -0.39919
-0.680587 0.47906 0.185676
-0.143734 0.941311 -0.067329
0.269275 -0.645688 -0.55184
-0.12252 -0.420577 -0.713935
-0.319331 -0.711227 0.166843
0.361198 0.760056 0.154218
-0.0114891 0.168064 -0.855917
0.487678 0.513002 -0.555806
0.343475 0.476711 0.54738
-0.786826 0.303891 0.200781
-0.304112 0.846902 -0.0486644
0.583066 0.596541 -0.0485643
-0.388589 -0.520273 -0.485074
-0.40908 0.255205 0.704228
0.239755 -0.77632 -0.0476658
0.239161 0.515118 0.556743
0.463141 0.694262 -0.108008
0.823607 0.11224 -0.449681
0.534258 0.63559 -0.128706
-0.587351 -0.44796 -0.413557
-0.547372 0.248823 -0.621445
-0.0757604 -0.119272 -0.841027
-0.786081 -0.191524 -0.276052
0.551015 -0.0468532 -0.747403
-0.674603 0.227696 0.523835
-0.549939 0.674794 -0.0778645
0.0715931 -0.124778 0.81364
-0.819489 -0.22905 0.156085
0.19977 0.569645 -0.677994
-0.369365 0.772917 0.170186
-0.462437 -0.651526 0.222403
-0.107853 -0.749293 -0.181845
0.342802 0.758893 0.195873
0.106093 0.683703 -0.630809
0.0386429 0.558005 0.5616
0.498422 0.199218 0.587331
0.065722 0.960059 -0.0225192
-0.530779 0.312053 -0.621962
-0.069566 0.826133 0.30562
-0.215713 -0.68157 -0.289153
-0.436805 -0.0267155 0.767016
0.610314 0.223001 -0.617019
-0.189811 -0.265254 -0.752797
0.624415 -0.0588066 -0.678799
-0.269228 0.76811 0.275013
0.567358 -0.627817 -0.25428
0.821891 0.278744 -0.151995
0.0164738 0.117839 -0.852681
0.109943 -0.652318 0.373938
0.178149 0.0538578 -0.82974
-0.334333 0.816481 -0.149213
-0.752169 0.402962 0.0670547
-0.679615 -0.26203 -0.443806
-0.0666803 0.973354 -0.028703
0.661027 0.239312 -0.564905
-0.293973 -0.635997 0.403583
0.603826 -0.599613 -0.180766
-0.0123045 0.878352 0.275037
-0.518368 0.0480189 0.719795
-0.0456813 -0.776755 -0.148117
-0.267666 -0.536228 -0.569036
-0.26906 0.0907994 -0.818842
-0.270278 0.536593 0.507895
0.712028 0.425062 -0.263944
-0.123906 -0.547299 -0.609752
-0.504244 -0.11598 -0.631349
0.178782 -0.421004 0.648301
-0.312753 0.410282 0.608612
0.227428 0.601006 0.48751
0.480738 0.571556 -0.484476
-0.689607 -0.503218 0.188044
0.458369 -0.606569 0.2367
-0.371241 0.742136 -0.376462
0.149667 -0.779078 -0.0605219
-0.210523 -0.0890463 0.864395
0.586195 0.143222 0.494774
0.107592 0.895449 0.161772
0.752074 -0.424898 -0.315041
-0.54823 -0.125335 0.681484
0.00752034 -0.00772268 -0.849972
0.179387 0.803642 0.324902
-0.475084 -0.376172 0.612098
-0.196151 -0.623754 -0.458869
0.419306 0.552836 0.387601
0.936402 0.0525411 -0.0896039
-0.348515 0.82511 0.0188175
-0.454203 -0.605424 -0.250118
-0.0394265 0.940246 -0.322482
-0.433199 0.303323 0.662492
-0.291957 -0.167268 0.815714
0.0253292 -0.724589 -0.391759
0.339427 0.00821977 0.725232
0.919816 -0.113616 -0.101912
0.669408 0.465314 -0.317436
-0.693847 -0.289502 0.436559
-0.342412 0.811892 -0.146895
-0.591676 0.0875384 0.646097
0.418082 -0.722374 -0.108583
-0.574088 -0.011147 0.67072
-0.307483 -0.343859 0.733768
0.331231 0.074252 -0.806672
-0.835299 0.0847325 0.109879
-0.568579 -0.465772 0.471401
0.0355283 0.364809 0.720572
-0.0304688 0.966394 -0.226693
-0.0684162 -0.399303 0.706848
-0.439608 -0.680631 0.107412
0.413578 0.698124 0.20632
0.543733 0.12121 -0.708943
-0.464894 -0.439143 -0.510135
-0.802058 0.219758 0.0312848
0.183815 0.539908 -0.708258
-0.0501192 0.511584 -0.788945
-0.609467 0.407926 -0.481427
-0.00641189 -0.286691 -0.813424
-0.0576622 0.96662 -0.229038
-0.293206 0.64359 -0.597935
-0.294653 0.576601 0.465417
0.44789 -0.619175 -0.481147
-0.627104 0.305143 -0.496006
0.271814 -0.150288 0.7133
0.204316 0.854259 0.138607
-0.667099 0.270944 0.496456
0.562656 0.430525 -0.557564
-0.595546 0.518474 -0.426838
0.718729 -0.389762 -0.431747
-0.368975 0.414541 -0.695533
0.55417 0.619349 -0.122602
0.178647 0.906765 -0.0738603
-0.0679867 0.189805 0.840058
0.306132 -0.761181 -0.058998
-0.336947 0.323906 -0.759473
0.491335 -0.468463 -0.617658
0.451321 0.6189 -0.450813
-0.806279 0.086172 -0.0503867
-0.477851 -0.663083 0.130895
0.359701 -0.28326 -0.767231
0.511523 0.291067 -0.666351
-0.816934 -0.0542402 -0.0898347
-0.804204 -0.172156 -0.211392
-0.445418 0.687885 0.263797
0.288879 0.0881238 0.759042
-0.258895 -0.179764 -0.749453
0.669861 0.478579 0.0111831
-0.0592691 0.0852809 -0.857006
0.740927 0.201913 0.238604
0.488921 0.160698 -0.736571
0.165616 0.926484 -0.16866
0.748068 0.0929765 -0.543887
-0.185009 0.724264 -0.591702
-0.648496 -0.232711 0.537441
0.543671 0.629308 -0.0366849
-0.786947 0.307407 0.189696
0.0436508 -0.780073 -0.221736
0.406958 -0.706947 0.0332475
0.699766 -0.511365 -0.161697
0.427117 0.591405 0.337282
0.0591155 0.300502 0.774232
-0.228504 -0.569678 -0.546907
-0.591647 0.14021 0.64169
0.0305833 0.229314 -0.848766
-0.394756 -0.42337 -0.562446
0.596695 -0.579994 -0.355886
0.670202 0.360171 -0.4817
-0.627844 0.539953 0.207907
0.228409 -0.12299 0.742797
-0.589714 -0.396695 0.494757
0.00284039 -0.589902 0.495932
-0.666769 -0.408321 -0.361106
0.356872 -0.525421 0.436762
0.139747 -0.579041 -0.639595
0.46083 -0.525123 -0.604289
0.739501 0.208377 -0.504944
0.327994 0.463526 -0.693001
0.794929 -0.242418 0.14889
0.198917 0.125376 0.804343
0.346674 -0.11346 -0.80398
0.662004 0.509123 -0.0995554
0.262369 0.490206 -0.705988
-0.830754 -0.0883656 0.122775
-0.241801 0.30899 -0.821494
0.233843 0.841241 0.132444
0.851293 0.251032 0.0246858
0.319209 -0.218468 -0.795932
-0.789183 0.0827352 0.393204
-0.620287 -0.233216 -0.517215
0.0169734 -0.754345 0.0442634
0.821385 -0.0409278 -0.444274
0.260425 0.117599 -0.816999
-0.61578 -0.431201 -0.414225
0.487902 0.224961 -0.71186
0.0876299 -0.528863 -0.685907
0.143351 -0.378623 -0.779181
0.355986 0.710637 0.285795
-0.474169 -0.66799 0.111193
0.164519 0.908162 -0.0283155
0.0345747 -0.0714729 0.844773
-0.54884 0.288144 -0.606198
-0.512948 0.562336 -0.492885
-0.580939 0.204565 -0.592089
-0.199797 -0.573245 0.512726
0.350576 -0.425181 -0.733295
-0.44899 0.610046 -0.511156
-0.151644 0.423692 -0.800369
0.0675993 -0.491027 0.601667
0.24641 0.733194 0.364857
-0.120704 -0.320547 0.776157
0.192885 0.0490031 0.801042
0.600151 -0.484357 -0.507073
0.926729 -0.0858016 -0.140266
0.829633 0.20306 0.107433
0.636716 -0.569384 -0.246676
0.0872449 0.0637654 -0.843275
-0.0494548 -0.709538 0.233942
-0.289696 -0.0978133 -0.758347
0.607286 -0.349806 0.364269
-0.700485 0.462643 0.160662
0.271913 0.825321 -0.348769
-0.0533951 0.0194251 -0.851906
0.90527 -0.147741 -0.214472
0.631977 0.465933 -0.426269
0.25118 -0.471842 0.585018
0.260374 -0.667823 0.272749
-0.530156 0.688962 -0.110344
-0.153072 -0.151046 0.851085
0.131194 0.904672 0.095259
0.150505 -0.602365 -0.612347
-0.454539 0.696248 0.24523
-0.792058 0.058716 0.372241
-0.597069 -0.296473 -0.520787
0.584862 -0.215242 0.476726
0.171937 0.655005 -0.620784
0.134277 -0.454659 -0.735182
-0.529858 0.686672 -0.126758
-0.339733 -0.0406608 -0.748719
-0.313985 0.258156 0.734728
-0.727391 -0.465268 0.147769
-0.346664 0.119656 0.807022
-0.595788 -0.548978 -0.222898
0.631579 -0.221571 -0.654954
-0.0581646 0.66727 -0.686202
-0.101715 0.151857 0.854178
0.692479 0.264846 -0.523113
-0.39487 0.796511 -0.0130971
-0.784215 0.095807 -0.16349
0.378004 -0.20503 0.639736
-0.811586 -0.0482395 -0.114709
0.775014 -0.138971 0.29247
0.244243 -0.24124 0.694732
-0.131086 0.672862 -0.651081
-0.436678 -0.581163 0.44155
0.564361 0.559349 0.1734
0.358273 0.700599 0.297729
0.11514 0.0169012 0.829864
0.36281 -0.340262 -0.751558
0.530335 0.445037 -0.572394
-0.627628 0.107869 0.60515
0.118018 0.576511 0.548647
-0.53543 0.432471 0.489835
0.346874 0.782666 -0.267181
-0.529343 0.611527 0.270722
-0.660722 0.541077 -0.17182
-0.321783 0.376215 0.635861
0.898996 0.164507 0.0254681
0.472884 -0.43009 0.441316
0.674835 -0.29267 0.325573
-0.767288 -0.120502 0.371443
0.45274 -0.554938 0.30741
0.511986 0.654785 -0.0698691
-0.754597 -0.387712 0.188037
-0.479093 -0.43072 -0.506927
0.146769 -0.649689 0.371241
-0.466745 -0.119886 -0.651469
0.190193 -0.434667 0.634152
-0.780291 -0.190948 -0.294699
0.348034 0.790014 0.0317046
-0.73748 0.122929 0.468234
0.106162 0.95085 -0.191313
-0.00596842 -0.752435 0.0511016
0.130322 -0.0512555 -0.836079
0.380939 0.2229 0.679943
-0.618685 0.568996 -0.275647
-0.444685 0.0422889 -0.715661
0.122543 0.391781 0.696659
-0.237924 -0.169599 0.835179
-0.239472 0.0206718 -0.81938
0.145511 -0.227641 0.749769
0.218374 -0.710582 0.192834
0.0422913 -0.790294 -0.18592
0.0405646 0.661279 -0.68705
-0.816669 -0.257689 -0.089563
-0.0875462 -0.339376 0.761821
-0.431896 -0.0563532 0.768844
0.591953 0.287491 -0.603586
-0.508311 -0.273334 0.651149
0.544815 0.112187 0.554564
-0.786021 0.0236992 0.393139
0.0369586 0.954896 -0.263516
-0.0469355 -0.449058 0.658915
-0.558675 0.369664 0.534852
0.424327 -0.0827358 0.658639
0.346155 0.735831 -0.400273
-0.62385 0.155182 -0.546647
-0.248022 0.541705 -0.682797
-0.26342 0.696561 -0.578704
-0.280168 0.853168 -0.115956
-0.691686 0.404572 0.305443
0.732867 0.104673 -0.553269
0.301077 0.756962 -0.414319
-0.217818 -0.459868 0.632938
-0.463911 -0.60719 -0.23685
0.218421 0.867765 0.0570341
0.581853 0.171643 -0.659545
0.524601 0.566462 -0.435034
0.609559 0.541617 -0.281973
-0.631586 0.139014 -0.53767
-0.577966 0.0399638 -0.587153
0.77124 -0.345177 0.0660831
0.266168 0.798027 -0.391855
-0.000465791 0.916184 0.19777
0.343178 0.723569 0.286059
-0.513336 0.101006 0.72289
-0.168315 -0.549048 -0.595264
0.886992 -0.173738 0.0034461
0.642745 -0.150931 0.445043
-0.426864 -0.226792 -0.639715
0.324402 0.367369 0.634076
-0.186907 -0.666305 -0.360341
0.0440619 -0.594837 -0.614359
0.344267 0.500399 0.526516
0.432935 0.0797093 0.6573
0.862033 0.23196 -0.0848475
0.289876 -0.569109 0.431858
-0.653028 -0.467591 0.336757
-0.616028 0.553734 -0.331731
-0.525957 0.275383 -0.640741
0.64025 0.462355 0.162754
-0.00418252 -0.773868 -0.0491768
0.3688 0.162593 0.698449
0.568636 0.540208 -0.413398
-0.780306 -0.364635 -0.181726
-0.436866 0.00487875 0.768143
-0.726084 -0.291944 -0.357024
0.741666 0.381963 -0.250718
-0.0963422 0.622216 -0.698414
-0.0591526 -0.0538346 0.886518
-0.551673 -0.265375 0.615122
0.250355 0.278688 0.717783
0.701488 0.177254 -0.555577
0.197687 -0.0974939 0.763608
-0.781566 -0.398068 0.0028505
0.00550299 0.544406 0.56644
-0.0193082 0.00355754 0.888651
-0.71971 0.258123 -0.357227
0.69191 -0.519234 -0.236724
-0.36183 0.102798 0.804162
0.321644 0.0622939 0.738425
-0.708982 -0.488718 0.157343
-0.58131 -0.275427 -0.536687
0.261879 0.763644 -0.434806
-0.451609 -0.579051 0.439907
0.517105 -0.519891 0.287724
0.041982 0.726048 0.421149
-0.639944 0.533693 0.189895
-0.803406 -0.0495887 0.285834
-0.0320628 -0.0906075 -0.843339
0.053789 0.383522 -0.821896
-0.532541 0.466858 0.44995
0.635318 0.240075 0.362078
-0.44073 0.752487 -0.148053
-0.0849176 0.768829 -0.573738
-0.178302 0.873301 -0.324021
0.416696 -0.699787 -0.334639
0.132442 -0.733667 -0.393075
0.262225 0.858781 -0.103302
-0.269942 -0.666938 0.331265
0.346173 -0.737183 0.0238241
0.00948203 0.72279 0.417433
-0.259656 -0.733667 0.00860533
0.835613 0.0526372 -0.426718
-0.130384 0.8726 0.202909
0.0944454 -0.579934 -0.640296
0.647122 -0.518645 -0.416923
0.352187 0.366669 -0.747404
0.135811 0.904077 0.0896499
0.828921 0.291286 -0.046127
0.367016 0.772245 -0.16433
-0.287266 -0.357024 0.723424
0.200684 0.732706 0.380937
-0.784716 -0.30962 0.190435
0.120963 -0.178228 -0.834827
0.252416 -0.684314 0.238183
-0.689924 0.487517 -0.185771
-0.69812 -0.3744 0.339392
-0.685569 0.508798 -0.146409
-0.405695 0.736201 0.228866
-0.659044 -0.388126 0.416479
0.327787 -0.487348 0.510783
0.729454 0.202118 0.255276
0.113907 -0.675738 0.317913
0.84327 -0.211889 -0.377112
-0.690466 0.384334 -0.372475
-0.409676 -0.210899 0.750759
0.36157 -0.179044 0.657395
-0.439597 0.706904 0.244294
-0.369454 -0.272104 -0.653597
-0.580049 0.517216 0.32555
0.651018 -0.193132 0.426096
0.150328 0.894449 0.0970296
-0.621422 -0.125055 -0.526504
0.703242 0.307674 -0.477442
-0.551257 -0.557644 -0.251004
-0.426914 -0.571719 0.455421
-0.822256 -0.242746 -0.0254633
0.23405 -0.691155 0.234235
0.828692 0.269359 -0.145456
0.592146 -0.152332 -0.706154
-0.67141 0.458465 -0.34011
0.45094 -0.505058 0.371556
-0.739655 0.368079 -0.182612
0.180915 0.403326 0.667223
-0.0875434 -0.765321 -0.0597753
-0.780618 0.323048 0.055912
0.73012 0.419005 -0.173049
-0.834222 0.0932672 0.136722
0.476032 -0.366465 -0.68472
-0.716877 -0.0353799 0.492255
0.0730732 0.219232 -0.842745
-0.421326 -0.272732 -0.625558
0.0400985 -0.711113 -0.451303
-0.126356 -0.204197 0.835049
0.783844 -0.25348 -0.4477
-0.651271 0.528111 0.167299
0.242307 -0.598591 -0.613188
0.171618 0.27055 0.753666
0.639864 0.530723 -0.0691444
-0.65236 0.568938 0.070313
0.636119 0.528346 -0.0319647
-0.0615753 -0.769138 -0.054604
-0.586171 0.287855 -0.556989
-0.697774 0.340999 -0.37902
0.672803 0.0746676 -0.616867
-0.408496 0.161921 0.762691
0.887174 -0.0486322 0.108012
0.283541 0.76009 0.313095
-0.270617 0.0334652 -0.810529
0.510897 0.299743 -0.66329
-0.37312 0.00301436 -0.743931
0.434132 -0.239202 0.597022
-0.793807 -0.110859 -0.226948
-0.345451 0.78994 -0.283351
-0.234542 -0.0766318 0.861553
0.48295 0.657863 0.16548
0.613177 -0.289792 0.41479
0.0600693 0.676303 0.466513
-0.342519 0.00217869 0.815556
-0.419428 0.158475 -0.758825
-0.366241 0.518051 -0.635056
-0.272167 -0.119227 -0.76128
0.183259 0.0844761 0.812977
0.443746 -0.642482 -0.445022
-0.440332 0.0962914 -0.731458
0.63368 0.410208 -0.491082
0.183993 0.916386 -0.166442
0.912907 -0.121993 -0.0727912
-0.683229 -0.543894 -0.0940457
0.539057 -0.0129905 -0.753286
-0.563562 0.450563 0.431032
0.367614 0.425457 0.560899
-0.269769 -0.588533 0.477281
0.381211 -0.716418 -0.350205
0.811014 -0.122169 0.240914
-0.333496 0.0764361 -0.789286
-0.574314 -0.515986 -0.308643
-0.638304 0.477064 -0.388527
0.251209 -0.756318 0.0433817
0.271518 0.356263 -0.781247
0.501877 -0.551469 0.263264
-0.481216 -0.438756 -0.499609
0.436146 0.216004 -0.755963
0.151195 0.115247 0.82103
-0.300123 -0.640369 0.389269
-0.460095 0.642742 -0.438704
-0.546421 0.664098 0.139028
-0.0883919 -0.0344279 -0.847578
-0.0907193 -0.30234 0.795527
0.829928 0.27618 0.0298673
-0.27686 0.424386 0.606052
-0.48101 0.713908 -0.256254
-0.060363 0.636379 0.476129
-0.796246 -0.0770454 0.308825
0.545292 0.0892806 -0.720094
0.256788 -0.119976 -0.816657
-0.0347041 0.682934 -0.686364
0.144626 0.439772 0.657393
0.322301 0.237336 0.71394
0.476343 0.675666 0.120192
-0.18223 -0.153543 -0.800267
-0.452172 0.499921 -0.600915
-0.258075 0.604017 0.451192
-0.103205 0.520374 0.565039
-0.678322 -0.0440975 -0.47581
-0.255104 -0.721918 -0.134488
-0.209686 -0.0223434 -0.822867
-0.783007 0.175027 -0.115157
-0.37663 -0.697852 0.132019
0.449986 -0.0847443 0.636218
-0.234612 -0.684817 -0.261168
-0.378504 -0.574603 0.464839
0.386555 0.747978 0.132599
0.284817 0.84053 -0.0868253
0.809481 0.222096 0.121273
0.444742 0.625494 -0.449198
-0.312715 -0.565592 -0.474602
-0.248973 0.151059 -0.830724
0.133314 -0.344571 0.713076
-0.813425 0.186561 0.290712
0.0989802 0.44695 0.666771
-0.555987 -0.635365 0.100486
-0.142653 -0.752542 0.0047985
0.327635 -0.61001 -0.5954
0.720811 -0.362124 0.157382
-0.515991 -0.0127146 -0.64458
0.350752 0.78778 0.102281
-0.21691 0.874807 -0.226075
0.514202 -0.657114 -0.278324
-0.112875 0.931914 -0.244397
0.170295 -0.715876 0.186088
-0.290783 0.632541 -0.60584
0.208482 0.890768 -0.321153
-0.181839 0.843501 -0.402901
-0.829538 -0.182361 0.0988953
0.664558 -0.492303 -0.415524
-0.0874118 0.748609 -0.600174
0.151726 0.0802013 0.824934
0.8377 -0.321242 -0.251714
-0.771786 0.262419 -0.11099
0.822428 0.289975 -0.111323
0.159443 0.150421 -0.831313
0.116155 -0.73926 0.115343
-0.823911 0.0542111 0.0231886
0.563276 -0.61321 -0.31844
0.285859 0.828917 -0.303836
-0.0393772 -0.372052 0.735808
-0.22232 0.855581 0.143304
-0.39386 0.52802 0.477962
0.47255 -0.275579 -0.73394
-0.566292 0.153395 -0.610126
-0.575615 0.407779 0.466843
0.487544 0.671895 -0.201195
-0.292894 0.856188 -0.0010448
0.022303 -0.679257 0.319032
-0.543969 -0.407376 -0.481131
0.243762 0.855544 0.048646
-0.241446 0.773078 -0.493772
-0.0907923 -0.678055 0.332746
-0.550719 -0.567437 -0.232528
0.235225 -0.112556 -0.819881
-0.383742 0.660831 0.33655
-0.764368 -0.0618127 -0.308035
0.605839 0.106168 0.481299
-0.540554 0.592744 0.280222
0.0296245 -0.549157 0.547795
-0.20057 0.808826 -0.45675
0.481921 0.478756 0.3801
-0.039465 -0.446817 -0.721254
-0.0891053 -0.599297 -0.57214
0.0731457 0.54765 -0.755039
-0.158612 -0.102527 0.866529
-0.508711 0.423875 -0.60885
0.318085 -0.620606 -0.584965
0.324563 -0.60751 -0.598017
0.109161 -0.10555 -0.837989
-0.763852 -0.0837655 -0.316243
-0.759616 -0.230028 0.334286
0.762353 -0.155815 -0.503515
-0.808795 -0.307262 -0.100281
-0.345013 -0.255434 -0.674151
-0.474673 -0.509433 -0.419319
0.109914 -0.771424 -0.0272101
0.370901 -0.725512 -0.329239
-0.465552 -0.605353 -0.239316
-0.0209813 -0.709574 0.235221
0.124799 -0.605322 0.444111
0.374854 0.598681 0.391257
0.742153 -0.475125 -0.192779
-0.320781 0.396325 -0.731978
-0.519189 0.545374 -0.510023
0.705548 -0.0736616 -0.584895
0.642586 -0.387067 -0.546165
-0.786276 0.21506 -0.066606
-0.412425 -0.00119028 0.781502
-0.733448 0.420916 -0.0515025
0.487715 -0.0926663 0.600764
-0.30387 -0.721428 0.0924818
0.776758 -0.341607 0.0578877
0.660745 -0.108544 -0.633783
0.0110181 -0.0291715 0.866832
-0.563123 0.381342 0.515021
0.0359245 0.0805119 -0.850471
-0.819043 -0.00331468 -0.0430996
0.595201 0.27371 -0.607043
0.228069 0.319059 -0.801852
0.0875782 0.0202438 0.843204
0.843042 -0.0382419 -0.405739
0.901833 -0.0837908 -0.289454
0.600286 -0.0431119 0.496004
-0.724338 -0.344973 0.308733
0.388953 0.331028 0.603314
-0.171582 -0.543251 0.553332
-0.169116 0.724076 -0.59873
-0.594812 -0.478936 -0.353654
-0.753897 -0.338998 -0.26355
0.515799 -0.0259208 -0.762618
0.283334 -0.765524 0.00282124
0.0762676 -0.296103 -0.816729
-0.464439 0.725197 -0.255144
-0.781701 -0.00480252 -0.234743
-0.818867 -0.141636 -0.12769
0.335719 0.601218 0.434775
0.0294227 0.353076 0.728716
-0.750478 -0.447701 -0.0242313
0.488981 0.479182 -0.579923
0.492107 -0.660103 0.0765259
-0.654191 -0.179284 -0.487559
0.108275 0.705128 0.437171
0.316394 -0.761818 -0.176167
0.574027 0.0852951 -0.699133
-0.171693 0.11726 -0.848077
0.871977 0.18437 -0.18757
-0.136503 -0.703711 0.253979
0.757234 0.375174 -0.188551
0.174998 -0.333744 0.695885
-0.808659 0.0315524 -0.0753098
-0.599046 -0.073615 0.637411
0.380851 0.759821 -0.208702
-0.439327 0.58955 -0.551791
-0.722461 0.463193 0.0730843
0.897588 -0.115489 0.0324978
0.473618 0.68744 0.00521964
0.155266 0.0904594 0.82259
-0.295509 -0.517175 0.551828
-0.164721 0.224804 -0.86145
-0.193664 0.331482 -0.837528
0.850093 0.0322201 0.149712
-0.168564 -0.594968 0.495843
-0.371059 0.441287 0.564722
0.876685 0.0459867 0.0990115
-0.369268 -0.355724 0.706236
0.366386 -0.565804 0.377785
-0.624502 -0.46103 0.405586
0.129454 -0.688974 -0.495038
-0.161453 0.439154 0.621679
-0.773098 0.353979 0.0945034
-0.789894 0.0294159 0.375199
-0.837458 0.0505078 0.0941607
-0.606141 -0.559399 0.294133
0.544409 0.189247 0.537015
-0.194907 -0.387689 0.704224
0.23176 -0.777981 -0.0554333
0.341959 0.230359 -0.798377
0.234108 -0.352667 -0.78716
0.637363 0.120313 0.429196
0.59892 -0.23235 0.458492
0.199397 -0.0397859 0.778307
0.532232 -0.102704 0.55871
0.851889 -0.23136 -0.324988
0.559064 -0.478294 0.291282
-0.752243 -0.426626 0.152097
0.358794 0.73573 0.222915
0.41415 0.736006 0.00237446
0.0575475 -0.398851 -0.771773
0.148109 -0.0363396 -0.833848
0.0661529 0.223137 0.823509
-0.145625 -0.716391 -0.257116
-0.60814 -0.56214 0.280275
0.0909959 0.873411 0.244766
-0.709556 0.0934298 -0.4367
-0.14666 0.917501 0.0640981
0.878512 -0.163833 -0.296545
-0.0312045 -0.614194 0.462854
-0.213252 0.0625542 -0.830964
-0.721904 0.354878 0.326125
-0.055123 -0.53315 -0.642076
-0.524038 0.707754 -0.0286883
0.797542 0.296213 -0.228894
0.008449 -0.299042 -0.810801
0.185615 -0.108107 -0.827041
0.672937 -0.0182512 0.420684
0.432256 -0.0673512 0.657261
-0.613788 -0.404976 0.465936
0.0362042 -0.777954 -0.0646071
0.776613 0.357728 -0.046714
-0.574493 -0.327188 0.553741
-0.778711 -0.401986 0.00675427
0.0547673 0.510949 -0.780176
0.192093 0.0249277 0.796298
0.544586 0.166819 -0.690602
0.786554 -0.171306 -0.470836
-0.122289 0.944982 -0.024379
-0.42948 0.709893 0.249103
-0.445146 0.760726 -0.0582383
-0.116651 0.929734 -0.244342
0.494826 -0.169088 -0.755938
0.824012 -0.397321 -0.189063
-0.404857 -0.316431 -0.614773
-0.812957 0.00285143 -0.0718663
0.748799 -0.0926397 0.333909
-0.120389 -0.634257 0.438747
-0.0309832 -0.765262 -0.200896
-0.645899 0.0799425 0.58341
0.761179 -0.429106 -0.289617
0.0873186 -0.476861 0.613443
0.339976 0.693337 -0.463464
-0.278773 0.505574 0.533169
0.579898 0.0225801 0.521555
0.432993 -0.196542 -0.767548
-0.59402 0.330847 -0.532073
0.343931 0.531734 0.499108
-0.782836 -0.398888 -0.0369616
0.123977 -0.373737 0.702457
-0.35977 0.299369 -0.758737
0.717102 0.117105 -0.562894
-0.135089 0.518952 -0.74723
0.716791 -0.0911654 -0.569541
-0.0629007 0.975826 -0.0321248
0.133861 0.357575 0.714486
-0.520571 -0.348354 0.590962
-0.122961 0.149566 -0.861754
0.320944 0.769842 0.213106
0.170753 -0.205309 0.744943
-0.496813 -0.570091 -0.28177
0.583921 -0.518682 -0.490695
0.369935 0.0917183 -0.80076
-0.332453 0.450689 -0.693214
-0.108405 -0.6833 -0.392275
-0.414572 0.459591 0.536275
0.668657 -0.119348 -0.623745
0.591903 -0.460471 -0.535954
0.28205 -0.253748 -0.798275
0.0105236 -0.237521 0.811178
-0.412381 -0.408142 0.639378
0.0298659 -0.694319 -0.498315
-0.228785 -0.64255 0.414055
0.0720688 -0.0181142 0.84203
0.194296 -0.158575 -0.824776
-0.82421 -0.281965 0.0369362
0.352157 -0.644936 0.259104
0.077245 0.775772 0.384726
0.130865 -0.57147 -0.648646
0.451005 -0.344164 -0.712675
-0.687203 -0.193238 -0.445336
0.00952722 0.34766 0.729771
-0.646975 0.22548 -0.497789
0.48808 -0.652628 -0.341998
0.0077961 0.887 -0.44497
-0.638253 0.261997 0.536649
-0.437412 -0.472553 0.566175
0.386992 -0.148214 -0.792661
0.479489 -0.548903 -0.557976
0.317381 -0.666515 0.234667
0.636217 -0.558092 -0.00578342
0.340958 0.0926892 0.722868
-0.460429 -0.40203 0.606586
0.110801 0.951041 -0.177568
0.352498 0.0968371 -0.803339
-0.35666 -0.456186 0.603463
-0.111455 0.415035 -0.823377
-0.10922 -0.26981 0.808123
0.658571 0.135286 0.391884
0.661043 0.346359 0.236414
0.259168 0.860194 -0.0468523
0.743459 -0.294477 0.191794
0.508681 -0.477063 -0.600928
-0.778323 0.0826461 0.411537
0.232082 0.858736 0.068933
0.589688 0.58799 -0.0457801
-0.489609 0.32929 -0.664146
-0.173883 -0.227288 -0.778347
-0.445345 -0.572753 -0.328536
-0.574267 -0.0755518 0.664121
0.832671 0.0451087 -0.431626
0.340521 -0.461141 0.524466
-0.0875877 0.694905 -0.655845
0.934758 0.0435715 -0.1267
0.326682 -0.243161 -0.787553
-0.574603 -0.0658421 0.665643
0.280657 0.331507 -0.785763
0.676475 -0.278151 -0.595652
-0.312108 -0.478748 0.58965
-0.60061 -0.141407 0.62327
-0.696061 0.529612 0.00842328
0.0978719 0.175363 -0.839865
-0.0893471 -0.24054 -0.81764
0.672353 0.503161 -0.151102
0.229438 0.513708 0.561817
-0.077878 0.322023 0.734566
-0.620423 -0.43084 0.443037
-0.518452 0.504897 0.41972
0.448901 0.690311 -0.273081
0.252627 0.434081 -0.749585
-0.510761 -0.051585 0.722111
-0.301808 -0.550293 0.512881
-0.833102 0.00632284 0.0399003
0.0731854 0.872742 0.26944
-0.28489 0.850741 -0.1125
0.612813 0.485878 -0.425929
0.238701 0.157303 0.7767
0.699799 0.100843 -0.583867
-0.632368 0.155055 -0.537178
0.605243 -0.200611 0.463634
0.737377 0.148282 -0.534101
0.25986 0.834055 0.113202
-0.522869 0.694454 0.12821
-0.23983 -0.213701 -0.74832
-0.0435481 -0.129269 0.862805
0.212908 -0.727184 -0.392212
-0.160592 0.800944 -0.495006
0.61337 0.327765 0.321776
-0.721168 0.393499 -0.271733
0.280935 -0.212673 0.686321
0.265669 -0.656587 0.296388
0.468672 0.468614 0.405184
0.722038 0.303603 -0.453719
0.613602 -0.381612 0.323603
0.668201 -0.0372819 -0.631071
-0.646793 0.572364 -0.112303
0.617223 -0.181431 -0.676383
0.473693 -0.329119 0.522532
-0.686781 -0.104312 0.528079
-0.470737 0.251123 -0.711994
0.729753 0.36374 -0.340661
0.353204 0.600551 -0.564574
-0.643038 0.0410419 -0.520331
0.275025 -0.770577 -0.089153
-0.149847 0.649544 -0.657834
-0.506531 -0.644666 0.177006
-0.639892 0.586541 -0.0765186
0.505522 0.551675 0.287011
0.60121 -0.331158 0.390661
-0.579744 0.0540745 0.661938
-0.522728 0.527241 0.385956
-0.0415386 0.974567 -0.18701
-0.195002 -0.399325 -0.685957
-0.0822931 0.974211 -0.101404
-0.702517 -0.34027 0.364486
0.647662 -0.16976 -0.643825
-0.721516 0.113329 -0.393279
-0.574465 0.497398 0.357783
0.433581 -0.107202 0.642747
-0.805276 -0.311488 -0.119022
-0.454787 -0.678484 0.0906187
0.582206 -0.594014 0.115005
0.213833 -0.38445 -0.773867
0.0854161 0.118381 0.84204
-0.807734 -0.295662 0.141765
-0.281806 0.852955 -0.109572
-0.382853 -0.353885 -0.608034
-0.25857 0.769477 -0.485932
0.191159 0.914202 -0.178587
0.182416 -0.689454 -0.481362
-0.270144 0.0910222 -0.818572
0.375621 0.764965 -0.178412
0.194961 -0.360785 0.67559
-0.176562 -0.553418 -0.58889
0.813677 -0.38965 -0.132083
-0.57742 0.468475 0.390662
0.409048 -0.717505 -0.289054
0.0948882 0.531197 0.595278
0.523566 -0.252585 -0.712304
0.639388 0.448103 0.182032
-0.350253 -0.686409 0.243446
0.231682 0.01895 0.776887
0.824579 -0.217382 0.116682
0.379832 0.527513 -0.619173
-0.534527 -0.600069 0.321637
0.286424 -0.599331 -0.609351
-0.0824145 -0.207607 0.835826
0.355461 0.781106 -0.200887
0.379216 0.646045 -0.490242
0.853461 0.217712 -0.179544
0.604598 -0.20856 0.461649
-0.683984 0.047155 -0.477283
-0.512857 0.140013 0.718305
-0.0999126 -0.172996 0.846263
-0.836124 0.0373575 0.0778073
0.221711 0.602393 -0.641461
-0.614096 -0.609713 0.00280446
-0.765474 -0.281924 0.269193
0.878897 0.176799 0.0514535
0.726894 -0.320754 0.194261
0.71436 0.436125 -0.222203
0.36594 0.77192 -0.213652
-0.551067 0.243935 -0.618219
0.445948 0.70964 -0.0267666
0.114803 -0.791144 -0.251903
-0.362575 -0.621077 0.412806
-0.176925 -0.496758 -0.637933
0.408217 0.534841 -0.597402
-0.107914 -0.622881 0.457703
0.697706 0.411609 -0.35215
0.0689394 0.174736 -0.84409
0.233032 0.631639 -0.60768
-0.361355 -0.713523 0.00815803
0.166267 -0.548473 0.521347
-0.35662 0.776061 0.180763
-0.788563 0.0552142 -0.168013
0.685066 0.221147 0.304702
0.655606 -0.51465 -0.403646
-0.377223 -0.578133 -0.38465
0.444772 -0.703019 -0.271048
0.868354 0.221749 -0.0836994
-0.581224 -0.073191 0.657374
0.759252 0.128854 0.246806
-0.750597 0.0434487 -0.321479
-0.314101 -0.608391 -0.378862
-0.157696 -0.00719688 0.879505
0.510415 0.292392 0.499646
0.603165 -0.124129 0.486834
-0.728414 -0.480731 -0.037665
-0.306224 0.378833 0.638073
-0.0748789 -0.450278 0.65763
-0.609445 -0.618412 -0.0376024
-0.32531 -0.471418 -0.573699
-0.131062 -0.302212 -0.76766
0.574381 -0.0711133 -0.728247
-0.097696 -0.377106 -0.751927
-0.70276 0.29244 -0.391034
-0.589633 0.0498802 0.651499
0.245242 0.275195 0.721881
-0.278424 -0.102526 -0.763103
-0.435656 -0.693687 -0.0038766
0.0194803 0.0896086 -0.852714
-0.351049 0.742495 0.262324
-0.795697 0.0668496 -0.121223
0.639714 -0.397227 0.266795
0.486351 -0.481848 0.365638
-0.0480273 0.16662 0.852987
-0.615515 -0.545734 -0.209291
-0.098187 -0.753097 -0.178174
0.565846 0.506356 0.243842
-0.118724 -0.133769 0.858137
0.242764 -0.574113 0.455433
-0.0539324 -0.689222 -0.430671
0.774419 0.290204 -0.34086
-0.248854 0.795369 -0.428436
0.0565737 -0.688642 0.287125
0.297064 0.829202 -0.192124
0.434508 -0.402557 0.498509
-0.372464 0.262918 0.714454
0.662424 -0.487832 -0.426133
0.217929 -0.332041 0.674644
0.270381 -0.381622 -0.768737
-0.0748641 -0.509261 -0.656951
0.129192 -0.736388 0.127238
-0.450243 -0.569237 -0.330421
-0.802745 0.222448 0.338583
0.0034429 -0.300648 0.795704
-0.366046 0.808363 -0.0585987
-0.61725 -0.157188 0.601581
0.25837 0.697491 -0.514213
0.318935 -0.110675 0.703546
-0.372132 -0.693599 -0.0985878
-0.0772094 0.729207 -0.630907
-0.131413 -0.562525 0.542041
-0.316347 -0.690142 0.249385
0.502626 -0.674546 -0.0742769
0.905422 0.0942417 -0.257319
0.107593 0.0490752 0.840146
-0.0198792 0.189896 -0.856775
-0.056992 -0.0111261 0.900413
0.304603 0.779771 0.215297
0.132514 0.263557 -0.830406
0.675073 0.44618 0.102283
0.412029 -0.510751 -0.644099
-0.284541 -0.588357 -0.451593
0.676236 -0.531325 -0.14219
-0.163691 0.34906 -0.842404
-0.760939 0.362281 0.00529898
-0.340668 -0.25709 -0.675734
0.525993 -0.37669 0.445027
-0.0111759 0.817581 -0.538853
0.55266 0.526866 0.245957
0.150806 -0.299534 -0.819102
0.74776 -0.414137 0.0261313
-0.517157 0.401967 0.551791
0.640399 0.310544 -0.551125
-0.715893 0.436679 0.170725
-0.291188 -0.573599 0.488902
0.790771 0.343374 -0.0632795
0.713385 -0.244105 0.313103
0.253234 -0.194129 0.707038
-0.0916018 -0.739253 -0.231192
0.106284 0.157796 0.830674
0.326009 0.531689 -0.643057
-0.173187 -0.744412 0.0575222
0.875329 0.185707 0.0530172
0.104876 -0.644817 0.388282
-0.341466 0.813882 0.0814131
-0.33841 0.805956 0.112825
-0.272321 0.324616 0.691966
-0.338479 -0.677763 -0.176231
0.394184 0.447719 -0.671603
-0.454655 0.385506 0.591048
0.319482 -0.671183 0.221807
-0.432046 -0.466333 0.574239
0.605013 0.46961 -0.460092
0.193484 0.859087 0.140699
-0.131562 -0.0662423 -0.839371
-0.570519 0.283733 -0.579058
0.134236 -0.103475 0.790862
-0.216339 -0.179599 -0.773099
-0.302254 0.481216 0.548327
-0.364408 0.35877 -0.726201
-0.205861 0.437646 -0.767381
0.28434 -0.64058 -0.558851
0.225639 0.652572 -0.588166
0.0417228 -0.534226 0.561329
0.0631137 0.897931 -0.395513
-0.0453466 -0.713695 -0.361447
0.191997 0.753281 0.365543
-0.703165 -0.177779 -0.427326
0.641061 0.403016 0.21889
-0.422255 -0.386173 0.64603
0.773864 -0.421411 -0.0723373
0.165904 0.366891 0.696412
-0.113212 0.919187 0.114385
-0.795063 -0.378468 -0.0412749
0.396551 -0.106192 0.665715
-0.155698 -0.725701 0.160353
-0.622255 0.494853 -0.399779
-0.0496478 0.845919 0.293532
-0.639444 -0.58312 -0.107832
0.517295 -0.612381 -0.404925
0.486952 -0.614046 -0.446751
0.398281 0.32159 -0.740482
0.544946 -0.307444 -0.66993
-0.49576 0.246297 -0.69047
0.196146 -0.649796 0.353131
0.599175 0.239074 0.415965
-0.762491 -0.418246 0.0888681
0.33385 0.644515 -0.526118
-0.454039 -0.663796 0.171629
-0.734124 -0.157365 0.449431
0.229366 0.594166 0.492625
-0.233563 0.103326 -0.829808
0.216841 0.884671 -0.0610237
-0.794913 -0.377213 -0.0565842
0.0122549 0.292202 -0.846965
0.511711 0.645345 0.113503
-0.461588 0.496531 0.479038
-0.747846 0.00970374 -0.340181
0.617924 -0.302106 0.396369
-0.0450483 -0.645229 -0.541119
-0.307465 0.29302 0.708001
-0.052307 -0.714473 0.213119
-0.831665 -0.129928 0.104143
0.531504 -0.435155 0.378564
-0.259275 -0.519385 0.558161
0.241266 0.861757 0.0124013
0.892743 -0.00363559 -0.313211
-0.631328 -0.459973 0.394953
-0.128445 0.554858 0.53107
-0.0770555 -0.329824 0.772048
0.748162 -0.361516 0.0983892
0.0464481 0.356338 -0.828438
0.230775 0.603941 0.483655
-0.103893 0.821662 -0.4938
-0.00162974 -0.711452 0.2273
0.300956 0.756392 0.290248
-0.18806 0.754063 -0.549875
0.487711 -0.457566 0.394659
0.421267 -0.60832 0.26852
-0.200049 -0.587176 0.496702
0.898483 -0.190749 -0.0952272
-0.103485 0.932609 -0.271483
-0.561346 0.520047 -0.489047
0.10781 -0.670283 -0.535827
0.727881 -0.169542 -0.545263
0.790121 -0.124262 -0.472634
-0.543013 -0.660203 0.0244639
0.239062 -0.0125144 0.766832
0.0498031 -0.268178 0.783879
-0.407426 -0.58878 -0.332001
-0.066291 -0.698292 -0.393157
-0.218582 -0.742048 -0.0210678
-0.0705335 -0.206652 -0.832813
-0.668123 -0.325946 0.455912
-0.799597 0.287417 0.112747
0.820178 -0.30001 -0.333491
0.587801 -0.604295 -0.0624156
0.144973 0.868015 0.190791
0.107945 0.265859 -0.834468
-0.75327 0.290991 -0.195833
-0.78728 -0.024379 0.364472
-0.492554 -0.621437 -0.176354
0.804901 -0.177167 0.206289
-0.342429 -0.348367 0.724247
0.502503 -0.653296 -0.312362
0.396302 0.736138 -0.278031
-0.467278 -0.672581 -0.0610464
0.105754 -0.667345 -0.539286
0.654459 -0.552814 -0.248393
-0.0905074 0.00483699 -0.850624
0.0348667 0.953429 0.0924144
0.618559 0.3394 -0.558333
0.686724 0.19015 0.327863
0.656785 -0.551402 -0.177458
0.676454 -0.04053 0.416142
-0.00307183 -0.517502 -0.670808
-0.345563 -0.349529 0.722226
0.902574 -0.18326 -0.109833
-0.541967 0.141279 0.694506
0.616988 -0.0552626 -0.687047
-0.752677 -0.442434 -0.00478363
-0.749971 0.363709 -0.0972025
-0.22992 -0.3239 0.761154
-0.476454 0.663763 -0.373111
-0.75552 0.382595 0.13504
-0.42471 -0.00901451 0.774862
-0.0119922 0.885998 -0.438458
0.142108 -0.794307 -0.248291
0.26987 -0.773394 -0.137019
-0.384515 0.364431 0.627947
0.561708 0.181234 0.514956
0.143205 -0.756491 0.0433306
-0.383801 -0.438759 0.615886
-0.273747 0.807377 -0.352913
-0.316367 0.711811 0.31382
0.226456 0.650253 -0.590329
-0.833344 0.104267 0.115464
-0.79963 0.0493874 -0.11197
0.695919 -0.106732 -0.593283
0.163256 -0.397963 0.670899
-0.388058 -0.638051 -0.236043
0.131679 0.866691 -0.400554
-0.352122 -0.550487 -0.465853
-0.817119 0.00362925 0.228754
-0.787418 0.258347 -0.0217112
-0.542509 -0.291483 0.607699
0.797615 -0.295541 -0.385275
0.20732 0.580369 0.513249
-0.530723 0.675523 -0.192337
0.281915 0.0911059 0.763611
0.209915 -0.458671 0.609405
0.183213 0.554918 -0.697343
-0.0958333 -0.766355 -0.0977897
0.757212 0.124691 0.251506
0.474235 -0.534258 0.312059
-0.180246 0.208837 0.807224
0.208407 0.803172 -0.424043
0.0316503 0.273734 0.790668
-0.575195 0.269773 -0.577607
-0.189823 -0.731484 0.132345
0.280618 -0.276156 -0.792914
-0.134941 0.53757 -0.735498
0.398717 0.26317 0.639051
0.320536 0.54775 -0.6338
0.536172 -0.514346 0.275844
0.25763 -0.127015 0.728427
0.519164 0.647819 -0.138616
0.435862 0.718929 0.0786329
0.409393 -0.71613 -0.294674
0.755983 -0.0626919 0.326711
0.451208 0.704839 -0.0577873
-0.188287 0.906178 0.0102779
-0.461147 -0.287005 -0.597848
-0.487066 0.195021 0.703198
-0.647729 -0.561258 0.135566
-0.179227 -0.0718333 0.872008
-0.803202 -0.110303 -0.196248
0.211823 0.522646 0.561122
0.742447 0.398658 -0.0401416
0.462221 0.236347 0.596896
0.119725 0.362615 -0.813812
-0.328378 -0.682466 -0.17338
0.359437 0.4958 0.519081
-0.136711 -0.44264 0.658213
-0.820948 -0.152287 -0.0888332
-0.385002 0.40465 0.593482
-0.6841 0.347783 0.390861
0.0819948 -0.632352 0.412737
-0.0740327 0.359376 -0.849933
0.277772 -0.671611 -0.496245
0.820748 0.147056 0.149034
-0.674695 -0.527231 -0.164655
0.420225 0.0864106 0.666815
-0.0767421 -0.669291 0.353578
0.621564 0.498451 0.145685
0.643309 -0.283545 -0.617661
-0.648686 0.288924 -0.471425
0.806096 -0.187065 -0.444011
-0.30677 0.499734 -0.677219
-0.713124 0.0353832 -0.437864
-0.343168 -0.252675 0.765861
-0.682886 0.53108 0.0630186
0.141977 0.51856 0.592179
-0.472144 -0.679609 -0.0243447
0.543657 0.0977864 0.556471
-0.0506372 -0.328713 -0.795281
0.114251 -0.33872 -0.80042
0.314003 -0.711381 -0.403242
-0.682895 0.333812 0.409011
-0.464989 0.752621 -0.0165147
-0.255401 0.0513565 0.850905
-0.809162 0.224003 0.302868
-0.489781 0.70485 0.17813
-0.557709 -0.420858 -0.462113
-0.181349 -0.292977 0.78518
-0.649042 -0.53035 0.256704
-0.335245 0.439064 0.57669
-0.583133 0.0829364 -0.585994
-0.430114 0.759816 -0.140388
-0.44516 0.190817 0.730936
0.348988 -0.326643 -0.759246
0.364624 -0.688329 0.146799
0.347624 0.191242 -0.80322
-0.53371 -0.649958 -0.0525205
-0.27025 0.0968042 -0.819161
-0.109019 0.484783 0.593772
0.06925 0.440952 -0.807125
-0.443956 0.718536 0.220271
0.267124 -0.776745 -0.225472
0.194646 0.876501 0.0804832
-0.0379157 0.471817 -0.819462
-0.699972 -0.14722 -0.436455
0.549524 -0.141381 -0.745887
-0.571693 -0.0501862 -0.584889
-0.0463896 -0.426292 -0.736966
-0.790298 0.106101 -0.123337
0.318379 -0.21983 0.664732
-0.280752 0.554367 0.489135
0.726843 -0.231421 -0.538278
0.575402 0.0490117 0.528116
-0.376147 -0.249784 -0.659932
-0.434484 -0.652667 0.268573
-0.276459 0.731234 0.312317
-0.675361 -0.517267 0.196214
-0.762735 -0.336174 -0.248692
-0.504632 -0.48055 -0.439082
0.305063 0.820285 0.0677572
-0.0547614 0.184372 -0.861948
0.72699 0.189492 0.269065
0.337896 0.763382 -0.36317
0.633674 -0.246839 0.422861
-0.417579 0.715864 0.251597
0.718309 0.00240951 0.358677
0.113187 -0.214564 0.770642
-0.680208 0.281068 -0.428498
0.808799 -0.138166 0.23865
-0.500178 0.598884 -0.452899
0.538239 -0.629566 0.0969642
-0.583502 0.269789 -0.566629
-0.387583 -0.686054 0.175453
0.872147 0.0760839 -0.345887
-0.814322 -0.0597399 -0.107824
0.0786756 -0.774367 -0.0438788
-0.0167939 0.354353 0.719995
0.767584 -0.31514 -0.418729
0.0568595 0.257652 -0.844466
0.572265 0.553615 0.164743
0.316412 -0.25111 0.654527
0.757653 0.0481856 0.28216
0.27445 -0.221451 0.686471
0.408175 -0.563384 -0.600261
0.552162 -0.630238 -0.0203125
0.528673 0.298993 -0.649421
0.9146 -0.119585 -0.0793486
0.209192 -0.460905 -0.731354
-0.0631068 -0.731838 -0.283297
-0.785959 0.278114 0.281948
0.0742759 -0.274363 -0.823143
-0.215188 -0.522428 0.56548
-0.770407 -0.172631 -0.321373
-0.377212 -0.562767 -0.416685
0.726274 -0.221124 0.314203
0.110881 0.483541 0.634078
0.863834 0.175036 0.0742998
0.423626 0.0194979 -0.793185
-0.325595 0.217341 -0.817018
-0.711182 -0.278361 0.408178
0.0381611 0.266854 -0.847036
0.442941 -0.528643 -0.611202
-0.0312326 0.898073 0.244299
-0.431974 0.739154 0.17664
-0.754905 0.200181 0.42903
0.636218 0.295805 0.314667
0.206242 0.638448 -0.617431
0.888175 -0.125899 -0.298228
-0.735619 -0.349841 -0.289721
-0.341949 0.457343 0.558531
-0.268739 -0.192631 -0.739566
0.393192 -0.205993 0.631674
-0.821571 -0.24296 -0.0365352
0.529335 -0.210507 0.526686
0.606089 0.323702 0.335824
0.891054 -0.0480526 0.0982222
0.333554 -0.29063 -0.77321
-0.805807 -0.150564 0.239968
0.0346125 -0.275965 -0.81971
0.873775 0.0291433 -0.350477
0.912853 -0.0789353 -0.00255071
0.590502 0.566862 0.0624932
0.154964 0.165422 0.80977
-0.823062 0.17022 0.217431
0.309169 -0.581988 0.396068
0.696651 -0.492658 -0.343321
-0.767945 -0.0395085 -0.289776
0.0596417 -0.794106 -0.145946
0.231068 0.385813 0.659598
-0.164169 0.903524 0.082916
-0.639687 -0.0343457 0.58844
-0.292947 -0.30787 0.759745
-0.36494 -0.463881 0.59309
-0.688904 0.417234 -0.358274
0.879572 0.215742 -0.0415046
-0.589847 -0.630317 -0.0124307
0.432995 -0.475804 0.424683
-0.422126 -0.667128 0.213341
0.406291 -0.549116 0.360519
-0.675262 0.246567 0.508221
-0.196069 0.893581 -0.187916
0.67064 -0.276429 0.349484
-0.825174 0.200931 0.198916
-0.281178 0.827037 -0.284648
-0.231173 0.202939 -0.841091
0.128247 0.378096 -0.809291
0.138191 -0.349311 0.708816
0.75312 -0.216775 0.264659
-0.168022 0.570293 0.50638
-0.218155 -0.627964 0.445277
0.806585 0.230607 -0.353394
0.0510273 -0.777065 -0.238901
0.372627 -0.684802 -0.434676
0.146915 0.927718 -0.282683
-0.228117 0.464057 0.584293
-0.657208 0.431287 0.328544
0.179185 -0.389534 0.671824
-0.547707 0.605562 -0.363625
0.126525 -0.804296 -0.179734
0.0540552 0.411375 0.687132
0.785919 0.086834 0.224829
0.312623 0.684349 0.37348
-0.0711782 0.926024 -0.332538
0.345789 -0.744493 -0.289767
-0.778969 -0.218118 -0.304998
-0.0239578 -0.317559 0.788919
0.587723 -0.433346 0.303431
0.336282 0.798702 -0.0818487
-0.390157 0.12842 0.783408
0.254989 0.653418 -0.567804
0.0508543 -0.503167 0.591556
0.729056 -0.379521 0.118905
-0.764484 0.142847 -0.238014
0.449952 0.698439 0.119354
-0.590786 0.523786 0.303533
-0.451398 0.291533 0.66244
0.590258 0.373651 -0.567006
-0.328136 0.540474 0.4883
0.75724 -0.451848 -0.0914737
-0.392034 0.572309 0.430111
-0.812861 -0.0721523 0.232153
-0.618747 -0.00257427 0.615294
-0.281295 0.859861 -0.0552128
0.867638 0.199057 -0.162901
0.240842 -0.0818966 -0.819705
0.0212325 -0.100776 0.842982
-0.614761 0.342517 0.490993
-0.159948 0.12339 0.858967
0.832043 -0.213695 -0.403227
0.547226 0.49273 0.282446
-0.168016 0.337844 0.704132
-0.170442 0.857039 -0.383335
-0.568895 -0.561295 -0.226114
-0.391086 0.786793 -0.111958
-0.324005 0.270996 -0.793501
0.00638035 -0.585001 0.502598
-0.250453 0.760482 0.292918
-0.819294 -0.185146 -0.100517
-0.574031 -0.366122 0.529501
0.255804 0.855317 0.00266958
-0.248842 0.429808 0.609033
-0.0278377 -0.0964921 0.866449
-0.29494 -0.731033 -0.0396318
-0.343419 0.582418 -0.608359
-0.735708 -0.426688 -0.211672
0.27143 -0.309504 -0.787064
0.547107 -0.404168 0.39209
0.870568 0.143829 -0.306332
0.502065 -0.648495 0.117375
-0.409107 0.544695 0.452043
-0.242357 0.0584416 -0.822631
0.0589271 -0.613573 0.446771
-0.600651 -0.530932 -0.25304
-0.793124 -0.260566 0.215168
-0.452774 0.761776 0.0660908
0.342382 0.792547 -0.158557
-0.105123 -0.318808 0.779498
0.182374 0.8836 0.0761954
-0.673704 0.300421 0.4591
0.632094 0.534466 -0.0380896
-0.540788 -0.21587 -0.578731
-0.155389 0.0676501 0.872411
0.901971 -0.151288 -0.0527266
-0.0777172 0.700755 0.415303
0.480711 0.592342 -0.453488
0.195875 0.609327 -0.649102
-0.751619 0.142302 -0.288755
0.789006 -0.186311 0.227797
0.334741 0.61963 0.416312
0.489202 0.0376705 -0.769481
-0.575372 0.430621 -0.521287
0.36114 0.202306 0.700626
0.0468623 -0.465587 0.630073
-0.574529 0.2405 0.616307
-0.669882 0.551371 0.0581239
0.552871 -0.62568 -0.300282
-0.349721 -0.030207 -0.746494
0.0600186 -0.244576 -0.830426
-0.211917 -0.393469 0.696882
-0.825475 0.0425514 0.184926
-0.667182 0.496418 -0.266917
-0.248332 -0.73891 -0.0469266
-0.161691 0.206848 0.811996
-0.543159 -0.484004 -0.395549
-0.0318591 -0.512876 0.592432
0.228652 -0.785692 -0.171832
-0.615548 -0.0399435 -0.540775
-0.448376 0.654784 0.303876
0.813225 0.21003 -0.362335
0.0667175 0.457458 0.651608
0.893313 0.0236259 0.0761401
0.387304 0.542493 -0.60393
0.149307 -0.6781 0.306262
0.73291 -0.132553 -0.543865
-0.579514 0.606426 -0.290221
0.302275 -0.00268092 0.739947
-0.503293 0.438184 0.522259
-0.81668 -0.193533 -0.139219
0.388353 0.255058 -0.774138
0.68119 -0.0283099 0.411189
0.292945 0.684192 -0.506885
0.485292 -0.479409 -0.615571
0.331542 0.745956 -0.400406
-0.0939168 0.952598 -0.189124
-0.348019 -0.653693 0.333134
-0.487975 -0.57496 -0.281231
0.70168 0.125499 0.332694
0.638275 0.497148 0.0894614
-0.275255 0.600477 0.449525
-0.576084 0.263322 0.601861
0.00785277 -0.321436 0.780885
-0.659901 -0.277152 -0.4667
0.00716303 0.709156 0.428421
-0.421904 -0.27935 -0.622281
0.484578 -0.391307 0.466605
-0.347171 -0.000540636 0.813187
-0.286467 -0.545829 -0.541153
-0.717206 -0.0695228 0.491019
0.388962 0.0261054 0.694806
0.872816 -0.215156 -0.266669
0.0211433 -0.754371 -0.287184
-0.151105 0.525089 -0.736359
0.178773 0.828277 0.258866
-0.021594 0.923051 0.182695
0.077924 -0.43952 -0.744969
-0.699503 -0.48784 -0.192626
-0.53193 0.0307515 -0.633243
-0.818233 -0.277478 0.130996
0.17305 0.292494 0.740013
0.385689 -0.231651 0.626297
-0.179296 0.921308 -0.055519
0.561077 0.598444 0.0785555
0.400743 0.740715 0.118497
-0.535067 -0.663417 0.0219239
0.804965 0.304424 0.0391563
-0.546392 0.479385 0.416411
-0.430192 -0.0307814 0.7708
-0.25066 -0.642752 0.404129
-0.0022956 -0.715593 0.21094
0.180726 -0.513663 -0.696339
-0.420962 -0.694261 0.0361687
-0.726616 -0.0933707 0.47872
0.687448 -0.121414 0.401637
-0.00566538 0.518682 -0.795881
-0.74048 0.428288 0.0443423
-0.782099 0.243398 0.370618
-0.0412143 -0.747357 0.0716531
0.757894 -0.437546 -0.285502
0.429586 -0.431422 0.476507
-0.117247 0.547079 -0.737188
0.126167 -0.682043 -0.510401
0.411592 0.66476 -0.431612
-0.566213 0.668131 -0.0193786
-0.181642 0.613179 0.464364
-0.707174 0.333682 0.376284
0.241634 -0.614223 -0.595226
0.734814 -0.405886 -0.377961
-0.17018 -0.323346 0.768143
-0.555675 0.671665 -0.0622089
-0.573455 0.606886 -0.311704
0.368226 -0.55446 -0.630368
-0.189797 -0.306136 -0.734471
0.338096 -0.703959 -0.412457
-0.487842 0.0943277 0.738869
0.605899 0.553484 0.0326184
0.85942 -0.314562 -0.101811
-0.695208 0.44466 -0.281303
-0.0270167 0.639192 -0.717587
0.422973 -0.690104 -0.352184
-0.681757 0.196271 -0.459934
-0.825823 0.175556 0.13355
0.166609 0.664306 -0.613462
0.639594 -0.564978 -0.148727
-0.138289 0.943795 -0.0738991
0.640809 -0.474683 0.181726
0.349448 0.747252 0.212381
0.793982 0.118236 0.200138
0.585412 0.537172 0.165337
-0.641208 0.455863 -0.411544
-0.506968 -0.466904 -0.459976
-0.110191 -0.505039 -0.650277
0.340267 0.697119 -0.458085
0.710547 0.0797519 0.338435
0.241106 0.875938 -0.106166
0.0655203 -0.393745 -0.7741
0.180397 -0.686734 -0.487635
0.0094837 0.182233 0.851768
0.892312 0.205075 -0.00614123
-0.281216 -0.728347 0.0390376
-0.167194 0.530195 -0.726109
-0.820324 -0.326877 0.0332983
-0.00334438 -0.626105 -0.570919
-0.172558 -0.296446 -0.748041
0.4737 0.0612326 0.62266
0.464209 -0.684746 -0.289636
0.506502 0.656199 -0.195734
0.351681 -0.719659 0.0805697
0.311468 -0.699944 -0.428197
0.794664 -0.272728 -0.412029
-0.278234 0.805135 -0.351834
-0.0644921 -0.650782 0.399112
-0.791381 -0.0130381 0.356228
-0.0947439 -0.208754 -0.829007
0.030097 0.685946 0.452465
0.570154 0.248185 -0.63809
-0.346583 -0.0871024 0.809901
0.0023097 -0.164921 -0.837142
-0.395087 0.720505 -0.398357
-0.583454 0.615711 -0.222755
0.476502 -0.560072 -0.543608
0.0528756 0.93496 0.12111
0.552698 -0.165197 0.520826
-0.595717 0.60581 -0.208995
-0.807683 -0.242272 -0.157808
0.534917 -0.656633 -0.169721
-0.801061 -0.0531529 0.296666
-0.243115 -0.733443 -0.106942
-0.292073 0.238752 -0.828017
-0.377407 0.78645 -0.182719
-0.0982055 0.962056 -0.0537943
0.930771 0.0143628 -0.168496
0.254653 -0.726543 0.134071
-0.22302 -0.663063 -0.332993
-0.599616 -0.383202 -0.46206
-0.509593 0.0600421 0.72528
0.893814 -0.175909 -0.0422643
-0.246909 -0.722075 0.171172
0.104783 -0.467609 -0.726497
0.139913 -0.711843 -0.442986
0.0500291 0.915116 0.180355
-0.741914 -0.0627516 0.460403
-0.618093 -0.275262 -0.51523
-0.822933 -0.277946 0.00191663
0.851962 -0.133777 0.162044
0.682277 -0.46153 -0.418029
0.849924 0.220871 -0.188659
0.47134 0.086809 -0.773783
0.521676 -0.454797 0.364609
0.498201 -0.535133 -0.559131
0.455613 0.462321 0.426823
0.907214 -0.107741 -0.0144503
-0.775834 0.278467 -0.0728115
-0.494777 0.104351 0.734513
0.664133 0.265278 0.298934
0.428135 0.587391 0.340357
-0.702425 0.0634 -0.45717
-0.54607 -0.590769 0.330271
-0.0142296 -0.764422 -0.00583597
-0.019671 0.942352 -0.311525
-0.277019 0.768968 0.270145
0.359107 -0.438489 -0.724331
0.233843 0.807455 -0.40226
-0.449624 0.522372 -0.588768
-0.621786 0.405042 0.40755
0.729269 0.0509459 -0.566528
-0.572299 0.113883 0.665022
0.294795 0.297995 0.688248
-0.824305 0.104758 0.0621972
0.336687 -0.749647 -0.0318505
0.601992 0.546352 -0.294182
-0.501451 -0.303099 0.637586
-0.189559 0.0682322 0.865135
0.440106 -0.049872 0.656015
0.169879 -0.477946 0.60167
-0.605687 0.0487971 -0.559496
0.473828 -0.664869 0.103991
0.69322 0.144644 0.337177
0.690736 0.46881 -0.229382
0.521151 0.442379 0.361167
-0.353913 0.29368 -0.764954
0.596725 0.575267 -0.197653
0.343328 0.572381 0.456512
0.208904 -0.476754 -0.720869
0.535854 0.0705442 -0.734746
-0.764879 0.334813 0.226688
-0.275125 -0.12801 0.83469
-0.661693 -0.0804587 0.559909
0.236005 -0.106584 -0.819891
0.201391 -0.639719 0.367298
0.560067 -0.0429673 0.53637
-0.068817 0.96457 -0.203844
0.626552 0.551068 -0.0907679
0.83547 0.185421 -0.339329
-0.45851 0.432214 -0.63534
-0.472228 0.746717 0.0814745
0.158579 0.0617147 -0.832621
-0.161171 -0.138439 -0.816729
0.190356 0.666345 0.443707
-0.65912 -0.320669 -0.443314
-0.800227 -0.0038287 0.314212
0.450857 0.68164 -0.30408
0.493764 0.386742 0.441917
0.604623 -0.581969 0.0364052
-0.174578 0.888805 -0.286112
-0.237893 -0.389759 0.697604
0.37614 0.480861 -0.65589
0.548608 0.387838 0.367165
0.153934 0.914322 -0.0321426
0.559848 -0.118848 -0.741562
-0.203905 0.874315 0.112796
0.773995 -0.443569 -0.233771
-0.531922 -0.362266 0.571813
-0.584859 -0.250217 0.590945
0.895444 0.196771 0.0160224
-0.405341 -0.572098 -0.370177
0.379525 -0.322853 -0.751018
-0.776348 -0.12463 -0.287787
0.707875 -0.277782 0.284218
-0.509897 -0.357795 -0.535874
0.388434 0.48162 -0.649154
0.57916 -0.501876 0.237093
-0.730278 0.410427 -0.12075
-0.519435 -0.654069 -0.0579881
-0.820471 -0.0935809 -0.0978918
-0.368643 0.457565 0.55089
-0.405024 0.534845 0.464911
0.886739 -0.159001 0.0289371
-0.463513 -0.568841 -0.3178
-0.396181 0.249938 -0.762736
-0.337077 0.533572 -0.641017
-0.363848 -0.539526 -0.475308
-0.64974 0.560342 -0.15771
0.00809047 0.067898 0.873041
0.0164975 0.207233 -0.851187
-0.348471 -0.566784 -0.437446
-0.200849 0.810194 0.262663
-0.750471 -0.185373 0.386076
0.378487 0.764051 -0.0866693
-0.703066 0.23736 -0.412476
0.899963 -0.104457 0.0357256
0.0645983 0.442584 -0.807806
-0.829962 -0.0727933 0.131199
-0.70073 0.126981 -0.45484
-0.191718 0.90729 -0.10932
-0.820005 0.0193545 0.214121
0.0639563 0.720807 -0.615388
0.766275 0.332221 -0.272777
0.78167 0.352095 -0.109546
0.862649 0.203766 0.0583818
0.107949 -0.452721 -0.736358
0.14 -0.460157 0.623522
-0.692691 0.303536 -0.401333
0.112344 -0.8001 -0.161373
0.571326 0.220665 0.472073
-0.660925 0.0738328 -0.503535
0.042339 0.702045 0.441376
0.738071 -0.365536 0.116862
0.356178 -0.677829 0.178484
0.314923 0.449666 -0.709429
0.0247628 -0.0308968 0.860118
0.700392 -0.142884 0.386589
0.154118 -0.707994 0.213497
-0.0653455 0.925412 -0.337184
0.118282 0.153201 -0.837262
-0.417375 0.509431 0.486764
0.417591 0.301615 -0.735425
-0.0728714 0.759554 0.36422
-0.275466 0.393109 0.634313
-0.415747 0.744308 0.186879
0.0425939 0.803818 -0.532439
-0.510359 -0.570684 0.422371
0.643649 0.436374 -0.449483
0.728413 -0.0175151 -0.563122
0.356653 0.221207 0.701317
-0.716223 0.342768 0.353285
0.59633 -0.583903 0.0959746
-0.132556 0.926558 0.052296
0.566289 -0.623997 -0.0841248
0.0231342 0.894481 -0.42089
0.270493 0.404639 0.632561
-0.215582 0.182022 -0.843087
0.0930657 0.550731 0.578513
-0.0788491 0.782887 -0.557204
0.590814 -0.605534 -0.107238
0.0656676 0.894427 -0.403148
0.372923 0.544649 -0.609833
0.594162 -0.415326 0.314283
0.618451 -0.532032 -0.429842
0.39952 0.440124 -0.674429
-0.0185686 0.59837 -0.747276
-0.0592956 0.972217 -0.191715
-0.218595 0.655533 -0.624266
-0.710024 0.403022 -0.328939
-0.364966 0.245613 -0.782798
-0.126781 -0.450708 -0.692377
-0.352924 -0.512186 -0.53056
-0.255901 -0.280109 0.779149
-0.435348 0.207296 -0.748069
-0.307049 -0.171116 -0.725496
0.310213 0.463189 -0.702174
-0.74898 -0.442898 0.0463198
-0.794901 0.297465 0.176553
0.344246 -0.748904 -0.0757833
0.741418 -0.47332 -0.157261
-0.470572 -0.578738 0.434849
0.854818 -0.270082 -0.261415
0.249313 0.0546292 -0.819073
-0.827469 -0.0782369 -0.0169522
-0.557106 -0.586453 0.317887
0.928223 0.0727226 -0.109778
-0.287419 0.616108 0.432126
0.413564 0.203584 0.658581
-0.256391 -0.630041 0.432086
-0.788414 0.258677 0.326479
-0.191757 -0.341088 -0.717747
0.565714 -0.21832 -0.702313
-0.141804 0.74503 0.357816
-0.455934 0.11752 -0.718126
0.793612 0.220672 -0.395826
-0.0282608 -0.72593 0.165904
0.373283 0.74565 0.166547
0.411539 -0.69692 -0.353256
0.205626 0.697909 -0.548545
-0.66289 -0.226689 0.526614
0.198039 0.212296 -0.824658
-0.140035 -0.141263 -0.827552
-0.0408394 -0.686411 0.305889
-0.409774 0.282956 -0.73834
0.914764 -0.112597 -0.192892
-0.355507 -0.691422 0.206432
-0.751865 0.095049 -0.302011
0.00579924 0.596278 -0.74494
-0.42922 -0.379786 -0.567949
-0.540865 -0.221063 0.653411
0.756325 0.284582 0.14763
0.403995 -0.21221 0.623959
-0.0842811 -0.127258 -0.840372
0.115203 0.0880493 -0.838797
-0.474255 -0.626162 0.337747
-0.0450777 -0.0522112 -0.846366
0.741812 0.220615 0.221837
-0.731383 0.121767 0.47706
-0.232078 0.729696 0.336175
-0.117981 0.710288 0.395579
0.321794 -0.620601 0.322607
0.902227 -0.12391 -0.249156
-0.539794 -0.0899663 -0.612742
-0.337308 -0.683662 0.257696
0.736335 0.317993 -0.414493
0.245804 0.798658 0.250256
-0.364999 -0.081801 -0.721559
0.610325 0.374209 0.287835
-0.230686 -0.301143 -0.71483
0.0527289 0.96815 -0.12789
-0.232485 0.259299 0.755828
0.316152 -0.493224 -0.704653
0.681604 -0.525519 -0.128629
0.172491 0.0704023 -0.83048
-0.362474 -0.317618 -0.63692
0.432503 0.109817 -0.787148
-0.775283 -0.332621 0.193382
-0.608697 -0.39702 0.475966
-0.742313 0.345151 0.292406
0.165732 0.0699821 0.817935
-0.0180432 0.202024 0.838477
-0.659477 0.452851 0.291708
0.617634 0.541009 -0.252854
0.547377 0.25348 0.48009
0.515637 -0.490025 0.326518
0.391846 -0.138372 -0.79357
-0.69886 -0.505157 0.135693
-0.225399 -0.699921 -0.228654
-0.151131 0.088219 -0.850554
-0.45856 -0.0887712 0.75179
0.415567 0.400639 0.528502
-0.745113 -0.0778935 -0.374045
-0.715778 0.419801 -0.229048
-0.110338 -0.35122 -0.756771
-0.208076 0.430386 -0.770581
-0.699031 0.511426 -0.0604423
0.609787 -0.184368 0.464876
0.281569 -0.303598 0.652858
0.204263 -0.53642 -0.675695
-0.0945866 0.228262 -0.867017
0.0336327 0.932627 -0.321267
-0.161522 0.586008 -0.693219
0.205937 0.773471 -0.460285
-0.2166 -0.530704 -0.597007
0.0104723 -0.4702 0.630114
-0.237193 -0.514374 0.568941
0.111821 -0.471942 0.615248
-0.727089 -0.330481 0.317287
0.824267 -0.381732 -0.149337
0.040585 0.436957 -0.8141
-0.142734 0.376523 -0.834141
-0.146442 0.021182 0.879008
-0.755782 0.0835646 -0.292695
-0.762674 -0.366764 0.190116
0.722562 -0.486506 -0.284626
0.286359 0.233761 0.730391
-0.289718 0.814063 -0.307355
-0.357454 0.119213 0.802109
-0.403981 -0.00737316 0.785343
0.2867 0.117004 -0.813066
-0.77935 -0.402309 -0.00611498
0.431824 -0.491158 0.407112
0.721333 0.355118 -0.39299
-0.0405029 0.925527 -0.352244
0.701651 0.225907 -0.532643
0.140155 -0.712384 0.202775
0.150304 -0.779214 -0.282201
-0.827564 -0.094786 0.141375
-0.104023 -0.611126 -0.556835
-0.0645887 -0.0705108 0.880896
0.0481292 -0.469386 0.626068
0.862817 -0.254572 -0.25316
0.0647204 -0.777164 -0.0582737
-0.241306 -0.648643 -0.353332
0.691543 -0.485471 0.0553341
-0.691762 -0.527324 0.0484594
-0.405355 0.369872 -0.697155
-0.151239 0.671151 -0.643452
0.10406 -0.747354 0.0811396
-0.287871 0.488098 -0.69411
0.335452 -0.451565 -0.731034
0.557579 0.240124 0.47616
-0.480191 -0.182313 0.72847
0.227843 0.0999545 0.795827
0.649252 -0.0174459 0.447158
-0.134213 0.219687 -0.867164
-0.124775 -0.739573 -0.198609
0.914671 -0.121353 -0.180882
0.696874 0.267657 0.248901
0.165523 -0.314538 -0.810989
0.206154 -0.012214 0.781977
0.393178 -0.292731 -0.754688
-0.0685223 -0.506871 0.603245
-0.271318 0.831042 0.142676
0.533738 -0.655948 -0.239043
-0.540855 0.544892 -0.479465
0.666531 0.0645356 0.409311
-0.2119 0.852926 -0.326139
0.17865 -0.695907 -0.468524
-0.0432509 -0.739703 -0.275584
0.333875 -0.504751 0.483809
0.837632 -0.318941 -0.0557579
0.896521 -0.0232957 0.0774252
0.601802 0.128903 0.477807
0.582732 -0.402686 -0.592569
-0.0994269 -0.757191 0.0201994
-0.274873 0.567837 -0.653034
0.664552 0.456235 0.111447
-0.536877 0.414558 0.510687
0.754145 -0.09376 -0.522215
0.319106 0.657627 0.394293
0.742051 -0.441659 -0.0114445
0.355776 -0.312677 0.611641
0.542082 0.626525 -0.186458
-0.103568 -0.539687 0.569423
0.116277 0.910913 -0.340909
-0.445505 0.769343 0.0145408
-0.836313 -0.00440683 0.0988273
-0.579329 0.650945 -0.0474331
0.920293 -0.0359423 -0.242912
-0.0544432 0.783246 0.348221
-0.600439 -0.486978 -0.334493
0.881433 -0.172724 0.0394703
-0.795938 0.234217 0.346663
0.883005 0.148038 -0.246966
-0.746165 -0.303419 0.298094
0.746068 -0.164672 0.329495
0.0486984 0.331779 0.748301
-0.807672 0.235749 0.284262
0.387828 -0.736217 -0.245929
-0.75765 -0.419341 0.144895
0.476536 0.685834 0.0775067
-0.179709 0.856714 -0.368861
-0.489294 0.556332 -0.533057
-0.012168 -0.431517 0.672158
0.504958 -0.598963 -0.450759
-0.780409 -0.399722 -0.0798307
-0.514036 0.723029 0.0172256
0.801014 0.294736 -0.214569
0.912819 0.116172 -0.131073
0.000842576 -0.159943 0.836387
-0.408124 0.037816 0.785198
-0.612002 0.448902 0.368939
0.568937 0.502689 -0.465738
-0.190695 0.200319 0.812159
0.408429 0.197717 -0.785103
-0.135448 -0.28415 -0.773414
-0.366384 0.789751 -0.210261
0.154934 0.281339 -0.822899
-0.136473 -0.674361 -0.388774
0.0937825 -0.676774 -0.528893
-0.692866 0.505695 0.0885681
0.472079 -0.687198 -0.0432539
0.821315 0.196028 0.12546
-0.314291 0.824982 -0.17871
-0.836598 0.00963272 0.091014
0.311297 0.81943 -0.0293392
-0.244857 0.346325 0.681878
-0.130589 -0.458869 -0.684213
0.195717 -0.564137 0.490592
0.10413 -0.801797 -0.170085
-0.763212 0.15278 -0.238037
0.394752 0.55597 -0.588168
-0.111415 0.40098 -0.832299
0.109031 0.297916 -0.82814
0.621959 0.00168525 0.477733
-0.238626 -0.231625 -0.741758
0.100813 -0.246596 0.765691
-0.751817 0.352266 -0.120668
-0.166724 -0.16616 -0.804865
0.0512328 -0.791811 -0.189286
0.544302 0.626955 -0.153894
-0.332454 -0.503532 -0.550484
0.495401 0.3702 -0.644825
-0.749029 0.210164 -0.275272
-0.0703757 -0.708545 -0.355076
-0.185278 0.190699 0.820801
0.692341 0.0462113 0.378898
0.913048 -0.0327178 0.0330506
0.603287 -0.602503 -0.222635
0.396887 -0.66065 -0.457244
0.291544 0.263127 0.71083
0.0875796 -0.142212 0.801693
0.168628 0.888272 0.087111
0.722148 -0.36188 -0.452989
-0.115448 0.860267 0.245833
-0.305793 -0.524886 -0.552432
-0.517881 -0.638167 0.19097
-0.817155 -0.159417 -0.147333
0.603261 -0.600651 -0.18832
0.00365855 0.543248 -0.778802
0.81481 0.188943 -0.383792
-0.683107 -0.538021 0.0699923
0.428663 -0.701794 -0.305613
-0.203199 -0.344554 0.744385
-0.365212 0.209406 0.752869
-0.0771783 0.0312292 0.889405
0.553064 0.619986 -0.13986
0.640797 -0.468999 -0.479114
0.540677 0.114721 -0.71385
-0.82618 0.145235 0.108977
-0.731042 0.0711294 -0.375425
-0.520887 0.19645 0.680145
0.799198 0.292764 0.0768916
-0.37821 0.757597 -0.320903
-0.689722 -0.258581 -0.431362
-0.569682 -0.611118 0.170334
-0.762115 0.299277 -0.135995
-0.828001 0.198839 0.166989
0.0590425 -0.573654 -0.639283
0.447469 0.562999 0.34351
-0.263373 0.355095 0.669511
-0.310578 -0.267976 0.774772
-0.65814 0.105686 0.568766
0.853386 0.202912 -0.229026
0.484563 0.642422 -0.344997
0.0427569 0.113132 0.856513
0.698703 0.39675 -0.383593
0.0946374 0.952661 -0.199469
-0.017037 0.0296311 -0.852844
-0.213424 -0.488956 -0.625462
0.692565 0.221889 -0.543144
0.289729 -0.037531 0.737827
0.215314 0.115925 -0.82375
-0.730532 0.159077 0.474487
0.195186 -0.247136 0.717546
-0.120863 -0.666079 -0.426634
-0.617625 0.519474 0.26554
-0.220254 -0.647998 -0.375843
0.639196 0.522972 -0.234533
-0.820359 -0.204099 -0.0743548
-0.810621 -0.241031 -0.140384
-0.515548 -0.611593 0.324426
-0.0627519 0.0272511 -0.852478
-0.183126 0.883642 -0.28659
-0.299228 0.115706 -0.813319
-0.302018 0.341218 0.670055
-0.0565036 -0.69063 0.295438
0.347796 0.519318 -0.641371
-0.573902 0.415978 0.459469
-0.296609 -0.684129 0.273913
-0.786199 0.229665 -0.0542046
0.301973 0.8263 -0.120284
0.241054 0.875162 -0.191705
0.653024 0.310046 -0.539381
0.111508 0.000494009 -0.839814
0.76046 0.228061 0.188303
0.46815 -0.494345 0.367971
-0.454392 -0.682181 0.0662435
-0.666201 -0.0158492 0.555857
0.390251 0.208 0.676958
0.875535 0.0332805 -0.345754
0.522439 -0.132027 0.557855
0.311859 0.818771 -0.055737
0.435913 0.718213 -0.0051015
-0.463378 -0.363638 -0.55821
-0.364877 -0.388623 -0.598419
-0.78563 0.319565 0.160665
0.198172 0.839479 -0.388489
0.211433 0.153667 -0.823685
0.186642 0.607136 0.497831
-0.0465737 0.499251 0.59402
0.310898 -0.70725 0.140876
-0.788619 0.268061 0.297521
0.315674 -0.76175 -0.167148
-0.0608917 -0.0258615 -0.848353
-0.237885 0.20972 -0.839995
0.445601 0.462724 0.439056
-0.272697 0.824643 0.160891
0.414089 0.70693 -0.337716
-0.435208 -0.0206806 -0.701016
0.440695 0.220721 0.627559
-0.643584 0.383644 0.40333
-0.273139 -0.725772 -0.104347
0.606558 0.471562 0.212852
0.161328 -0.372562 -0.781659
-0.202788 0.0951203 0.859617
0.124452 0.560523 0.560717
0.865408 0.021393 0.125948
-0.067222 0.839004 -0.485839
-0.143083 -0.721671 -0.241695
0.389116 -0.599673 -0.574346
-0.641154 -0.55816 0.180547
-0.767702 0.259394 -0.137918
-0.617481 -0.476537 -0.335565
0.850821 0.107288 -0.388784
-0.736007 -0.260397 -0.36357
0.333363 0.243368 -0.796965
-0.743722 0.393556 0.165775
0.747216 0.12813 -0.532407
-0.681144 0.134838 0.540797
0.27967 -0.420039 0.603841
0.119253 0.531687 0.588236
-0.279186 0.625427 -0.616189
-0.789609 -0.0694669 0.332795
0.142553 -0.549961 -0.669244
0.775863 0.335284 -0.219394
-0.143354 0.0808761 0.87182
0.252647 -0.762925 0.0149965
0.218419 -0.787849 -0.149973
0.555352 0.617834 -0.157402
0.0345837 -0.214506 0.806407
-0.222795 0.839776 -0.345435
0.90866 -0.130592 -0.213453
0.721225 -0.489352 -0.124752
-0.0522495 0.422037 0.657733
0.294021 -0.20247 -0.807153
-0.0678994 0.133841 -0.860749
0.0730263 0.657225 -0.673826
-0.0832853 0.0466269 0.884745
-0.471184 -0.680345 -0.0227163
0.711293 -0.378565 0.157199
0.333824 -0.453507 0.536331
0.483579 0.634079 0.202139
0.369621 0.420606 0.562218
0.0989355 0.530467 -0.755195
-0.783505 0.194522 -0.0989461
-0.347652 -0.661364 -0.212367
0.252485 0.138677 -0.817956
-0.0187448 -0.731118 -0.327854
0.846487 -0.200845 0.0874405
0.101466 -0.354994 0.724197
-0.280574 0.778548 0.257722
-0.0216149 0.744232 0.392204
-0.750703 -0.0354786 -0.344202
-0.208039 0.362578 -0.811321
-0.514563 0.211566 0.675492
0.495931 -0.681479 -0.238908
0.85319 -0.043356 -0.386384
-0.301025 -0.412628 0.664289
0.160142 0.728665 -0.542731
0.00488956 0.976593 -0.143965
0.79248 -0.415073 -0.240233
-0.102536 0.488568 0.59188
0.382507 0.226244 0.677394
-0.746361 -0.0105194 -0.350689
-0.330486 -0.0747478 0.81822
0.0875961 -0.255169 0.769336
-0.77068 -0.147326 0.346608
-0.645087 -0.575429 0.0681869
0.0582198 0.799688 0.362533
0.510049 -0.519665 -0.567875
0.382857 -0.165952 0.651268
0.0618238 -0.148925 0.811607
-0.754807 -0.128073 -0.357963
0.399772 0.223394 -0.781049
-0.631653 0.155384 -0.53798
0.141131 -0.702683 0.232377
-0.651472 -0.454563 0.358688
-0.379827 0.795783 -0.0938045
-0.485337 0.433005 -0.61957
-0.442674 -0.173254 -0.648195
0.610161 -0.105113 -0.690811
0.0844387 -0.490976 0.599541
-0.130007 -0.182911 -0.819913
-0.576906 -0.455429 -0.411084
-0.810254 0.132331 0.30037
-0.0024185 0.555768 -0.771908
-0.794069 -0.380783 -0.0313482
-0.451034 -0.650553 0.249036
-0.764491 -0.324064 -0.25625
0.553877 0.618001 -0.177502
0.693864 -0.517811 -0.232508
-0.0912685 -0.752236 0.0441733
0.582553 0.541773 -0.382906
0.350094 -0.303568 -0.764878
-0.604082 -0.620442 -0.021022
-0.75421 0.228054 -0.234749
0.10501 -0.093785 -0.83882
-0.808638 0.266088 0.196023
-0.677433 0.497764 0.153871
0.223814 0.888476 -0.231562
0.29986 -0.661509 0.259787
-0.130736 -0.463107 0.639377
-0.527374 0.397121 -0.597668
-0.572488 0.0677814 -0.595477
0.00858664 0.54519 0.566394
0.268781 0.852993 -0.154679
0.568184 0.320277 0.394302
0.0196459 0.690778 -0.674664
0.0483933 0.922718 -0.340106
-0.429063 0.706114 -0.371992
0.589026 0.023214 0.512445
-0.3288 -0.685133 0.257418
0.0691889 -0.170296 -0.836464
0.514336 0.0580784 0.585647
-0.198514 0.760003 -0.537343
-0.319771 0.837227 0.0312465
-0.651512 -0.365838 -0.421583
-0.33863 -0.29948 -0.657814
0.159591 0.58099 0.530424
-0.45332 0.186669 -0.727983
-0.511191 -0.0302403 0.722642
-0.610236 -0.579973 -0.148122
-0.00645465 -0.50905 -0.677123
0.727413 -0.379406 0.122985
-0.637631 -0.435009 -0.381611
-0.319699 0.751411 0.268183
-0.257872 -0.210184 -0.739506
0.264602 0.850791 0.00144112
-0.28428 -0.0307504 0.842452
0.75513 0.379214 -0.0200017
0.152893 -0.773029 -0.0322233
0.292191 0.613244 -0.59006
0.264125 0.419245 0.625536
-0.0684229 0.288825 0.763113
-0.834729 0.0903513 0.111445
-0.419004 0.554017 -0.585809
0.530838 0.316344 -0.640039
0.20032 -0.46509 0.607838
-0.196716 0.567963 0.500454
0.826087 -0.37885 -0.148401
0.101547 0.788096 0.365411
-0.373704 -0.683717 -0.12434
-0.300308 0.364726 0.651282
-0.142699 -0.57443 0.525999
-0.677754 -0.551355 -0.0759223
-0.196781 0.865665 -0.315032
-0.108422 -0.70012 0.270435
-0.240954 -0.58953 0.483524
0.922923 -0.0943791 -0.0898904
0.638168 0.288328 0.317987
0.332664 -0.757314 -0.250094
0.0335072 0.782563 -0.563338
-0.514478 0.561955 -0.49122
0.844959 -0.261281 -0.314102
0.0598612 -0.374928 -0.783847
0.270968 -0.53495 0.502639
-0.761547 0.336771 -0.0814616
0.227164 0.669975 -0.566879
-0.675902 -0.406083 0.358213
-0.324692 0.10971 0.818149
-0.711759 0.0239984 -0.441574
-0.59641 0.343893 -0.5245
0.368425 0.285014 -0.772747
-0.00159023 0.487278 -0.811415
-0.704084 -0.501001 -0.157017
-0.503921 -0.580382 -0.25461
0.1685 -0.073979 0.783189
0.403612 -0.607461 0.283158
0.224714 -0.483575 0.585653
0.678288 -0.52742 -0.112777
0.184308 0.837895 0.223992
0.86485 -0.132389 0.137425
-0.518119 0.716845 -0.0075295
-0.424025 0.537435 -0.593136
0.681625 -0.49636 -0.371796
-0.0515816 -0.402066 0.706039
-0.666279 -0.56177 -0.107548
-0.289662 -0.554032 0.51171
0.707924 -0.499459 -0.291059
0.41571 0.315635 0.588262
0.0701313 0.887294 0.232577
0.562629 -0.605809 -0.342268
-0.357818 -0.430635 0.630993
-0.641381 0.551231 -0.233587
-0.252459 -0.112078 0.84731
-0.541724 0.0183959 0.705195
-0.730135 -0.478507 -0.0726537
-0.448437 -0.645081 -0.156058
-0.0544265 -0.731001 0.142892
0.48136 -0.431193 -0.645627
0.505609 -0.655113 0.0538413
0.234501 -0.627484 0.36931
0.582288 0.295683 0.393937
-0.642142 0.292673 -0.479446
0.827765 0.269171 -0.151213
-0.128223 0.858039 -0.415656
0.0559078 0.931561 -0.314971
-0.803583 0.0810185 -0.0685952
0.369475 -0.52362 0.426958
-0.787901 -0.156304 -0.259662
-0.216302 -0.148472 0.84887
0.0399146 0.927305 -0.332271
-0.825239 -0.0178119 -0.0195086
0.820767 0.242314 -0.273482
-0.613433 0.30829 0.52715
-0.743261 0.202023 0.448269
-0.439127 0.562696 -0.570053
-0.752124 -0.0947951 -0.356826
0.567808 -0.62131 -0.0665836
-0.107632 -0.733945 -0.233899
0.531341 0.576793 0.209653
-0.549553 0.120975 0.689247
-0.672795 0.476521 -0.296527
0.443655 0.632822 -0.439169
-0.804471 -0.271674 -0.155039
-0.704641 0.509281 -0.0131533
0.350786 0.317176 0.648504
-0.282443 -0.172702 0.817999
0.749693 -0.0475779 0.333031
-0.437986 0.110539 0.766858
-0.188797 -0.218612 -0.774257
0.740839 0.369661 0.0838044
0.558879 0.044165 0.544318
0.377779 0.0747284 0.698873
0.255252 -0.729011 0.127663
0.514085 0.373884 0.427123
0.695471 -0.45252 -0.401344
0.461464 -0.421045 -0.664978
-0.72768 0.457129 0.0630981
-0.749688 0.393338 0.134431
0.0522006 0.733762 0.416699
-0.61028 0.62395 -0.0273433
-0.544521 0.604199 -0.372381
0.477087 -0.660243 0.125075
0.124736 0.596856 0.528187
0.607768 0.42129 -0.51713
-0.42774 -0.207517 0.743717
0.0954279 0.240713 -0.839131
0.0362979 0.779021 -0.565686
-0.0763417 0.946247 -0.283455
0.655538 0.499265 -0.00479774
0.0756835 -0.690666 0.278777
-0.0900713 0.761053 0.358042
-0.662301 -0.32453 -0.435514
-0.126696 -0.726295 -0.241636
0.721748 0.106669 0.31097
0.415491 0.365667 0.555327
0.222378 0.646727 -0.59713
-0.0664879 0.686398 0.431229
-0.456622 0.695584 -0.346544
-0.37154 0.558411 0.455575
-0.666982 -0.492327 -0.249684
-0.708558 0.0659037 -0.445393
-0.262943 -0.112192 0.842828
-0.249066 0.0728016 0.850901
-0.107442 -0.704421 0.252464
0.584064 -0.618843 -0.199827
-0.67611 0.545352 -0.088034
-0.463666 -0.581058 0.433926
-0.310945 -0.554858 0.50531
0.55179 -0.53708 -0.497007
0.52803 -0.517434 0.280017
0.191686 0.910205 -0.151005
-0.260988 0.628207 0.428744
-0.120225 0.29649 -0.869613
-0.289108 -0.0584006 0.838969
0.447718 -0.518725 0.357645
0.258841 0.256849 0.727465
-0.502794 0.58018 -0.479202
0.908901 0.0993279 -0.222211
0.779455 -0.429894 -0.1139
0.614304 0.221943 0.407922
0.297178 0.81904 0.100779
-0.453406 -0.272523 -0.608485
-0.199139 0.757584 -0.540366
-0.627096 -0.591739 0.0538599
0.0202298 0.516798 -0.78882
0.497289 -0.273586 -0.71872
-0.261555 0.485882 0.555519
-0.287962 0.252346 -0.823535
0.507816 0.173428 -0.71684
-0.0398634 -0.484185 -0.688847
0.467887 -0.160567 0.5963
-0.30486 -0.575644 -0.460016
-0.82902 -0.102356 0.0195378
-0.784479 0.066838 -0.182129
-0.47032 0.513334 -0.583351
-0.670244 0.319017 0.443638
0.00318663 -0.461847 0.639503
0.340913 0.793774 -0.157182
-0.111944 0.0599205 -0.854824
0.214636 -0.677952 -0.498012
-0.564778 0.612648 0.20618
0.289112 0.539673 0.515783
-0.72809 -0.249091 -0.38353
-0.215314 0.482499 0.571428
-0.657533 -0.463111 0.333058
0.574941 0.55031 -0.383045
-0.727808 -0.201508 0.444437
0.0556598 -0.675945 0.3246
-0.829177 0.100973 0.0878106
-0.0343236 -0.670894 -0.499556
0.124961 -0.70685 -0.457749
-0.379688 0.543826 0.46759
-0.077001 0.383998 0.68407
0.686967 0.451307 0.0439063
-0.248164 -0.735155 0.014131
-0.736337 0.396579 -0.111597
0.555616 0.453938 -0.546875
-0.788294 0.156509 -0.0992862
-0.0622183 -0.410752 -0.74577
0.676044 -0.0456074 -0.621318
0.337045 0.366631 -0.755411
-0.0945005 -0.740531 0.0987296
0.12462 -0.665602 -0.540572
0.626085 -0.0704975 -0.675989
-0.243247 -0.383207 -0.668443
0.862867 0.117443 -0.355998
0.517219 0.090763 0.581085
0.367415 -0.113844 -0.801016
0.748277 0.213724 -0.490134
0.341178 0.783833 -0.2847
0.30854 0.512811 -0.66593
-0.482769 0.731595 -0.0949961
0.360371 -0.713162 0.0898453
0.548984 -0.648133 -0.205595
-0.821191 -0.080339 0.184586
0.921214 -0.0541019 -0.228538
0.669886 -0.00603119 -0.630516
-0.230902 0.814267 0.234706
-0.69409 0.535429 -0.0217142
0.36912 0.344502 0.613103
0.428788 0.538033 0.392174
0.199822 -0.103938 0.760909
0.196896 -0.410318 0.650181
-0.29339 -0.465776 -0.594446
0.555412 -0.640305 -0.174246
0.669282 0.435536 0.141916
0.480219 0.0868292 -0.770475
0.864704 0.184936 0.0689242
0.267156 -0.176901 0.706135
0.492384 0.0902962 -0.761138
-0.130436 -0.75301 0.0286566
0.784113 0.351221 -0.0835893
-0.328082 0.205153 -0.815042
0.410796 -0.387484 0.529304
0.329323 0.761491 -0.3813
0.528927 0.31772 0.454048
0.837648 0.115078 0.137294
-0.704102 -0.514113 -0.106012
0.19045 -0.0362826 0.783316
-0.358065 -0.0741522 -0.727941
0.502054 0.575172 -0.451625
-0.260016 0.0330542 0.851156
-0.137012 -0.337663 -0.748577
0.357751 -0.747063 -0.142317
0.565484 0.0257799 -0.728858
0.0505989 0.808883 0.353299
0.90514 0.113972 -0.21501
-0.589184 0.18391 -0.585847
-0.664418 0.493832 -0.287069
-0.107797 0.66077 -0.66887
0.607469 -0.405857 -0.56557
0.251484 -0.112143 -0.817572
0.446252 -0.134385 -0.778492
0.62063 0.0226645 0.480229
-0.085639 0.0042417 -0.850597
0.11177 -0.793276 -0.241822
0.576408 -0.0204344 0.521721
0.178201 -0.704885 -0.449517
0.0413553 0.97127 -0.120789
0.719984 -0.00363349 -0.574013
-0.0164022 0.660642 0.464482
-0.389783 -0.0822704 0.789141
0.461665 -0.386013 -0.684062
0.243056 0.660423 -0.567519
-0.762688 0.343329 -0.0464177
0.833921 -0.360895 -0.206386
-0.750052 0.117485 -0.301229
-0.671521 0.513597 -0.198496
0.286069 -0.446882 -0.739745
-0.11235 0.540049 -0.743777
-0.484418 0.242271 0.677406
-0.824118 -0.294509 0.0525229
0.80441 0.206775 -0.386991
0.322309 -0.663585 -0.502212
0.524824 0.491197 0.315872
0.457045 -0.314077 0.542631
0.315547 0.812332 0.085294
0.92124 -0.0513853 -0.232287
-0.275138 0.497946 -0.694867
-0.577617 0.056436 -0.589105
0.622282 0.398078 -0.519274
0.237052 0.736857 0.364789
0.637911 0.0876393 0.441898
0.0129883 0.537432 -0.780621
-0.275446 -0.574191 -0.491625
-0.74722 -0.380996 0.213974
0.510945 -0.0756554 -0.763878
-0.485441 0.692194 0.219206
-0.680661 0.109885 -0.482448
-0.746778 0.158058 -0.299798
0.259082 0.801021 0.220988
-0.411336 -0.613321 0.408517
-0.119232 -0.663596 -0.434766
-0.736871 0.416709 -0.0331793
-0.553525 0.134783 -0.621458
-0.329237 0.328958 0.672474
-0.693289 0.502365 0.0946608
-0.510543 0.723386 -0.000601144
-0.30032 0.598761 -0.621128
0.864292 -0.183234 0.0694793
0.4525 0.705125 0.0434588
0.562815 -0.162921 -0.732824
-0.415322 0.557621 -0.585574
-0.049922 0.265784 0.783929
0.87486 -0.201679 -0.273132
-0.121445 0.329908 0.719661
0.485373 -0.665429 -0.308103
0.00663225 -0.510811 0.589544
0.430486 0.309735 0.578229
-0.125646 -0.258047 -0.790365
-0.0395126 0.107243 0.870131
0.559065 -0.381434 -0.620798
-0.39484 -0.643047 0.341476
0.385691 -0.172674 0.64742
0.0615704 0.923758 -0.331982
0.0943438 -0.274241 0.759076
0.75626 0.259184 -0.437812
0.328696 -0.0483304 0.717208
-0.80817 0.158708 0.0138469
0.801611 -0.332955 0.0106521
0.562624 0.591617 0.0924006
-0.0332224 -0.556107 -0.628441
-0.0799939 0.0729753 0.877527
0.178234 -0.0392918 -0.829495
-0.716418 -0.403072 -0.276007
-0.411792 -0.596617 0.429328
0.738343 -0.44472 -0.00614142
-0.655485 0.548695 -0.17489
0.513004 -0.0427661 0.583605
0.148415 0.407944 0.67651
0.454983 0.700069 -0.164605
-0.186447 -0.188783 -0.786686
-0.403976 0.649152 0.339345
-0.0300771 0.852814 0.292872
-0.331813 -0.482346 0.580982
0.416006 0.299433 0.598716
-0.0278985 -0.279346 0.814971
-0.524611 -0.612722 0.293174
0.692517 -0.42235 -0.44512
-0.00157961 0.114248 -0.855371
0.0487494 -0.77996 -0.226958
-0.729367 0.220624 -0.337609
0.289032 -0.28407 0.656364
-0.372693 0.780332 -0.249751
-0.569137 0.29417 -0.577351
-0.332762 -0.525587 0.533253
-0.591616 -0.251717 0.583189
-0.0155623 0.722286 0.412883
-0.801821 0.250939 0.277549
-0.33058 0.397228 -0.726241
0.639871 0.174047 0.403265
-0.567218 0.66208 -0.0516563
0.84647 0.151469 0.109447
-0.063789 0.961944 -0.235445
-0.310221 -0.360848 0.717302
-0.750693 -0.0568447 -0.350394
0.838729 -0.290361 -0.294641
-0.368426 -0.586354 0.45388
-0.466332 0.398669 -0.647731
0.000148766 -0.350917 -0.794527
-0.414254 0.757706 -0.236544
0.359699 0.493484 0.52124
0.808658 -0.168946 -0.443202
0.440562 0.391134 -0.677811
-0.457486 0.742122 -0.150234
0.168253 -0.310842 -0.812776
-0.370052 0.537767 0.478929
-0.777947 0.194583 -0.12908
0.549911 0.555278 -0.41845
-0.81431 0.232167 0.25885
-0.416401 0.314566 0.659855
-0.0835797 -0.510597 -0.65325
0.562467 -0.597459 0.14382
-0.0276856 0.556989 -0.769721
-0.168454 0.30493 0.730954
-0.597899 -0.0923582 -0.55386
-0.23333 0.881612 -0.114221
0.612977 -0.179541 0.46364
-0.298828 -0.575321 -0.466552
0.257321 -0.585354 0.428036
-0.701028 0.509275 0.0512366
-0.535028 0.424901 -0.578157
0.0351783 0.48307 -0.801171
-0.00751733 -0.654765 0.384038
-0.396394 0.0373148 0.790868
-0.382958 0.651477 -0.540497
-0.540161 -0.265831 0.626267
0.313835 0.380954 0.630006
0.084231 -0.181131 0.792778
-0.371299 -0.627304 0.393619
0.460553 -0.286761 -0.735915
0.140734 0.84136 0.270903
-0.798246 0.292216 0.116926
-0.0720683 0.740112 -0.618267
-0.176833 0.20189 0.813449
-0.591888 0.294726 0.561694
0.277131 -0.75756 0.0369288
-0.344803 0.811189 -0.140816
0.652498 0.193758 0.375163
0.732135 -0.423524 -0.360258
0.28918 0.160154 0.753229
0.803051 -0.190865 0.193743
-0.467514 -0.376826 -0.548524
0.408053 -0.0418448 0.682855
0.533693 -0.632449 -0.316318
0.18307 0.0554041 0.806897
0.198188 0.392542 -0.789114
-0.713656 0.217214 0.489014
0.66193 -0.464831 -0.455322
0.90761 0.00408433 -0.278103
-0.223747 0.035064 -0.825182
0.527825 -0.459486 -0.597829
0.796135 -0.425969 -0.189207
-0.465587 -0.678967 0.0669582
0.905317 -0.126368 -0.0329587
-0.56092 0.269845 0.608831
0.199593 0.906589 -0.276311
-0.427914 -0.329699 0.678215
-0.311756 0.482241 0.544763
0.253281 -0.779221 -0.2344
0.269369 0.489156 -0.703261
-0.00615909 0.429835 0.660336
-0.748598 -0.0715781 -0.361242
0.813928 0.142936 -0.440836
-0.429754 0.481145 -0.623938
0.597145 0.584643 -0.087313
-0.424692 -0.649267 0.305343
0.530277 0.488545 -0.540516
0.187561 0.341611 0.704465
-0.193229 0.550393 -0.70196
0.182642 -0.766767 -0.00294199
-0.36566 -0.398743 -0.592303
0.368085 0.582957 -0.575251
0.273766 -0.446376 0.587726
0.0255449 0.0900383 0.864793
-0.287088 -0.458389 0.617843
-0.744129 0.288817 -0.247373
-0.596208 0.213157 0.614665
0.471179 -0.511623 0.343378
-0.461384 0.125655 0.749766
-0.475059 -0.566755 0.448483
-0.794951 -0.302974 -0.181625
0.019014 -0.697261 -0.478073
-0.0337481 0.513037 -0.795128
0.823524 -0.137791 0.215202
0.627226 0.482897 -0.408805
-0.250245 0.393101 -0.770875
0.370122 -0.652041 -0.50143
-0.781863 0.325943 0.0786598
0.84384 -0.201114 0.0933782
-0.603851 0.55145 -0.361153
-0.058788 -0.354382 0.750647
0.0618291 0.956783 0.0122534
0.53017 -0.0332416 0.567121
0.640806 -0.43055 -0.512032
-0.552243 0.597405 0.257569
0.14787 -0.785417 -0.0901788
0.579997 0.389264 0.319907
0.698134 0.00407014 0.38763
0.365693 -0.0484938 -0.802307
0.110547 -0.0273587 0.82205
-0.161335 0.0304155 0.874927
0.356628 -0.556592 -0.634981
0.273309 0.64484 -0.565706
-0.354241 0.817871 0.0441034
0.349693 -0.409234 -0.737683
-0.416266 0.408114 0.581676
0.545223 -0.489161 0.296056
-0.477647 0.700984 0.213029
-0.815503 -0.266044 -0.0903641
-0.206182 -0.746108 -0.0547204
-0.724457 -0.453933 -0.196841
0.174698 -0.328961 0.697829
0.502577 -0.274705 -0.714668
-0.354201 0.292584 -0.765341
-0.439492 -0.38742 -0.558004
-0.808309 0.0305185 -0.0779277
-0.617082 0.543233 -0.343994
-0.46122 0.575573 0.392205
0.299581 -0.691751 -0.448479
0.00647007 0.145328 0.861966
-0.525582 0.625495 -0.363841
-0.571194 0.621251 -0.258549
-0.14258 -0.756631 -0.124082
-0.693198 0.484175 0.135347
0.836537 -0.0804388 0.206176
-0.632847 -0.58377 -0.117701
-0.317923 0.120915 -0.808804
0.582634 -0.607294 -0.0466958
0.193876 -0.0327748 -0.827398
0.0717195 -0.438837 -0.745395
0.0166579 0.714665 -0.65377
0.907771 -0.116654 -0.23606
-0.668908 0.488179 -0.281972
-0.157122 0.371174 -0.831256
-0.0785817 0.952047 -0.242975
0.763913 -0.402368 0.00398103
-0.57315 0.368476 0.516654
0.332224 0.749634 0.242301
-0.409792 -0.612945 0.409432
0.314201 -0.763567 -0.215274
-0.818139 -0.244601 -0.0905453
-0.660345 -0.18462 -0.480714
0.139768 0.15843 0.818628
-0.0343367 0.543066 0.559655
0.423685 -0.241261 -0.758794
-0.279623 0.733832 0.307842
0.00617826 0.951871 -0.279935
-0.576464 -0.639328 -0.00220833
0.1849 -0.746536 -0.35224
-0.626998 -0.131703 0.597589
0.0992006 0.692751 0.451323
-0.787188 -0.272085 0.22006
0.423746 0.728271 0.0115903
-0.505235 0.70682 0.141175
-0.0249383 -0.743736 -0.279348
-0.561713 0.381305 0.516974
0.119454 0.645487 -0.659535
-0.272969 -0.327702 0.75288
-0.1175 0.955883 -0.0775573
0.891077 -0.17936 -0.235898
-0.590793 0.629986 -0.109728
-0.484843 -0.399841 -0.525835
0.174817 0.433794 -0.779442
-0.654557 -0.427237 -0.36086
-0.642471 0.59015 0.0448049
-0.0191324 0.275513 -0.855237
0.0617127 -0.584654 0.490305
0.86264 0.197383 -0.196123
0.0825599 -0.522222 0.568188
-0.345149 -0.679235 0.266155
-0.823833 -0.253712 0.00533317
0.659092 0.448645 -0.40368
-0.347174 0.162626 0.791138
-0.183577 0.0709639 0.866122
0.314996 -0.761218 -0.142749
0.43416 0.142737 -0.784955
0.231176 0.830036 -0.377706
-0.824946 0.177498 0.130055
0.729311 0.32654 0.152587
-0.446942 0.0767352 0.764512
-0.0997819 -0.660111 -0.463152
-0.191719 0.543947 0.52325
-0.799045 -0.0108524 -0.156883
0.195455 0.0958315 0.808906
-0.253223 -0.566274 -0.530546
-0.27143 -0.719412 0.181294
0.0242897 0.765177 0.384778
0.406014 0.283405 0.618761
-0.320241 -0.448564 0.620542
-0.0599094 0.583009 0.521037
0.120825 0.775226 0.370304
-0.337628 0.761518 0.247624
-0.0940506 -0.267345 0.811792
-0.199268 -0.735951 0.110541
-0.0337431 -0.348469 -0.792747
0.159178 0.936282 -0.215921
0.367513 -0.74128 -0.087047
-0.568573 -0.577475 0.325294
0.801851 -0.113733 0.258655
-0.378089 0.806231 -0.0163556
-0.0570052 0.920793 -0.350336
0.576504 0.224768 0.461077
-0.465278 0.467184 -0.613708
0.727131 0.365433 -0.346891
-0.117511 0.33725 -0.862129
0.210572 -0.78942 -0.130394
0.120138 0.940429 -0.254555
0.924123 0.0667072 -0.16947
0.549608 0.0518786 -0.731207
0.363276 0.673865 -0.467744
0.443972 -0.6901 0.0282715
-0.231839 0.00590015 -0.819874
-0.285785 0.743404 0.294119
0.108814 0.280768 0.772199
-0.150849 0.744139 0.356068
0.289435 -0.466971 0.55965
0.329055 -0.679184 -0.467402
-0.691081 0.190805 -0.448485
-0.557873 0.240962 0.627882
0.225282 0.733549 0.371769
0.699075 -0.347559 -0.504258
-0.666298 -0.146253 -0.4783
-0.354902 0.428126 0.580955
0.811038 -0.312906 -0.336173
-0.36871 -0.657902 -0.200765
-0.0665313 0.952611 -0.279601
-0.746944 0.0457264 -0.332638
0.807159 0.293996 -0.182999
0.801814 0.241663 0.116346
-0.788749 0.156242 -0.0970006
-0.793987 -0.0128457 0.343166
0.103166 -0.80407 -0.19488
0.889089 -0.219482 -0.201907
0.171791 0.83117 0.259698
0.526297 0.381064 -0.615189
-0.0606068 0.980394 -0.0518568
-0.132382 0.354552 -0.852575
-0.0853067 0.973604 -0.0833811
-0.488119 0.445583 0.521968
-0.163443 0.920445 -0.141363
0.0802962 0.526796 0.596077
0.723532 -0.346449 -0.46455
0.248053 0.76015 0.340233
0.814535 -0.0591891 0.238664
0.086434 0.0827936 -0.843075
0.58295 0.216607 0.458364
0.704106 -0.507107 -0.24598
-0.668303 0.525123 -0.181191
0.235616 -0.206576 0.711531
-0.113488 0.942308 -0.183091
0.287406 -0.625533 0.340167
-0.561852 -0.0786618 0.676373
-0.507383 -0.621061 0.303349
-0.311676 -0.543448 -0.520339
0.463911 0.693054 -0.144848
-0.821444 -0.213577 -0.0522651
-0.478344 -0.540677 0.477832
0.052232 -0.118145 0.824225
-0.159603 0.162246 0.846749
0.86748 0.162194 -0.281337
0.821998 0.0294417 0.195317
-0.693066 -0.529854 -0.0441969
0.508329 -0.509359 -0.578691
0.0818302 -0.788083 -0.230933
0.0511109 -0.713712 0.214047
0.529145 -0.586954 -0.443098
-0.279214 -0.706405 -0.156605
0.0500334 -0.48792 -0.71182
-0.0476063 0.913264 -0.369193
-0.10234 -0.385488 0.71633
0.442684 0.691355 -0.293241
-0.557882 -0.42737 -0.457208
0.373024 -0.0656598 0.692187
0.213299 0.898019 -0.17637
0.108459 -0.674135 -0.530923
-0.783204 -0.0786559 0.346875
-0.107322 -0.669163 -0.431923
-0.00942302 0.881748 -0.447421
0.204588 -0.0917601 0.762007
0.0833862 0.057643 0.849766
0.389536 -0.388492 -0.730161
-0.144613 0.93691 -0.0417372
-0.00766428 0.968051 0.0570179
0.916853 -0.111625 -0.178318
0.0614593 0.160487 0.844927
0.370622 0.589541 -0.565905
-0.712366 0.492674 0.034905
-0.148303 0.55369 0.526675
-0.200263 -0.371976 -0.698423
0.427088 0.704442 0.161435
-0.753146 0.347371 0.252332
-0.488495 0.634084 0.293676
-0.394918 -0.346741 -0.605403
0.0151375 0.347641 0.730674
0.335961 0.503601 -0.659055
-0.663998 0.0256775 0.559594
-0.45336 -0.686223 0.0240438
-0.653506 -0.257848 0.516855
0.404256 -0.591375 -0.571299
-0.195994 -0.0190317 -0.826935
-0.00864817 -0.300532 0.801909
0.265197 -0.258047 -0.802245
0.789206 -0.309105 0.0734234
-0.591251 -0.043729 0.648551
-0.357398 0.0729446 0.809133
0.0150477 -0.737238 0.119802
0.498304 0.665379 -0.110179
0.013189 0.724112 -0.645052
0.188888 0.242491 0.763596
-0.437557 -0.679757 0.115989
0.503668 0.178103 -0.718277
0.311534 -0.676166 -0.478806
-0.05162 -0.210463 0.836219
-0.767939 -0.381722 0.160657
-0.515511 -0.375022 0.577856
0.43729 -0.695604 -0.307999
-0.757062 -0.102769 0.411696
0.356021 -0.206569 0.650355
0.627406 -0.349815 0.336693
0.235605 -0.51839 -0.689297
-0.785656 -0.199344 -0.279758
0.0969657 0.949337 -0.0665896
-0.636885 -0.455047 -0.353091
0.451213 0.668711 -0.36052
0.683684 0.294135 0.246368
-0.222304 0.566141 0.494942
0.360608 0.112782 0.707848
0.17415 0.701689 -0.56492
-0.247423 -0.716313 -0.160717
-0.762576 0.346439 -0.0362083
-0.564646 -0.608522 0.196577
0.714399 0.100529 0.324277
0.511064 0.183261 0.581071
-0.215592 -0.331031 0.755916
0.698975 0.078236 0.356052
0.0687533 -0.326028 -0.807139
-0.686577 -0.113199 0.528118
-0.401428 0.0624783 -0.746732
-0.340561 -0.438679 0.6264
0.280117 0.844818 -0.0261799
-0.474538 0.245944 0.681757
-0.356779 -0.430351 -0.579438
-0.516031 -0.664546 0.0514608
0.941669 0.0424667 -0.063879
0.210651 -0.684534 0.266457
-0.169097 0.171988 -0.854624
0.394789 0.64557 -0.476177
0.606752 -0.0162156 -0.695351
0.484037 -0.688399 -0.0937534
0.532362 0.363977 0.410749
0.615291 -0.585 -0.120042
0.845376 -0.343491 -0.186888
0.299355 0.172068 0.744855
-0.254108 0.263902 -0.83712
0.30184 -0.506825 -0.693473
-0.460619 0.734838 -0.194683
-0.441434 0.297901 -0.711634
-0.183115 -0.422326 0.67253
0.92129 -0.107136 -0.100505
0.827629 -0.0997455 0.222449
-0.0812387 0.499055 0.587303
0.42653 0.645125 0.275481
0.153194 0.914156 -0.0279799
-0.830926 -0.0828305 0.0415335
0.57041 0.10005 0.531848
-0.220396 0.59455 0.470158
-0.82281 -0.309368 0.0225577
0.351181 -0.204929 0.653402
0.85367 0.251588 -0.0658048
-0.174391 -0.749818 -0.0328524
-0.441878 0.469364 0.518721
0.192378 0.809962 -0.426712
-0.325427 -0.222121 0.783448
0.677062 -0.292469 -0.589992
-0.685189 -0.31404 -0.406497
-0.0598945 -0.705539 0.250171
0.229861 -0.10864 0.745985
-0.220341 -0.645466 0.409892
0.174392 0.343969 -0.80736
0.763854 -0.406199 -0.314361
0.780616 -0.380922 -0.00601541
-0.825228 0.238332 0.185996
-0.362581 0.297266 0.689092
-0.618346 0.566655 -0.289252
0.232134 0.830077 -0.377026
-0.405884 -0.69515 -0.06036
-0.137003 0.93838 -0.0284425
-0.136245 -0.305422 0.786589
0.614322 0.0139475 0.486346
-0.0675127 0.803142 0.326755
-0.679593 -0.128833 -0.465707
0.404039 -0.334125 -0.740712
0.207115 0.53911 -0.697164
-0.814342 -0.0306118 0.235943
-0.824306 -0.26739 0.0193936
0.242129 0.593252 -0.63827
0.581055 -0.167034 0.495498
-0.650796 -0.543125 0.203366
-0.749147 0.301689 -0.21091
0.5292 0.162539 -0.704311
0.758824 -0.210531 0.26047
0.400737 0.199566 -0.790356
0.14566 0.797429 -0.472159
0.00384898 -0.183117 0.828805
0.478105 0.660575 -0.289546
-0.365307 -0.177091 0.78116
-0.090264 -0.200566 0.837765
-0.729634 0.447019 0.0826277
-0.638536 -0.0311087 0.589952
0.524702 -0.324772 0.489599
-0.820412 -0.0281758 -0.0528912
-0.807442 0.177304 0.0258918
-0.364104 0.578882 -0.599643
-0.106582 -0.761855 -0.0527811
-0.80548 -0.117448 -0.19097
0.299713 0.799344 -0.354595
-0.757916 0.353786 0.207711
-0.745039 0.398237 -0.0201292
0.563627 -0.619663 -0.00539219
-0.660738 0.484748 -0.327455
-0.832109 0.0528182 0.145558
-0.824341 -0.168371 0.145298
-0.406253 0.765743 -0.210066
0.617795 0.289604 0.34684
-0.18037 0.174895 0.833847
0.872564 -0.0473925 -0.349877
-0.342994 0.601447 -0.597154
-0.356955 -0.555978 0.492098
-0.490729 -0.602452 -0.221404
0.108513 -0.720275 0.184801
-0.199706 0.260654 0.761084
0.81287 0.025445 0.21036
0.479812 0.374112 0.469958
0.728457 -0.195418 0.340373
-0.75237 -0.203782 0.370309
-0.726456 0.292289 -0.325919
-0.206081 -0.593104 0.488365
-0.725265 0.371196 -0.291591
0.0671247 -0.441475 0.651836
0.650961 0.306504 0.284175
-0.595008 -0.434144 -0.427636
0.0169424 -0.572554 0.519165
0.455244 -0.390417 -0.686006
0.00452471 0.242415 -0.852344
0.848032 0.212411 -0.227182
0.197746 -0.377807 0.667799
-0.183742 -0.688514 -0.302094
0.771398 0.252549 0.151994
0.380809 0.501558 0.487704
-0.713657 -0.443767 0.2291
0.260949 -0.720517 0.144366
-0.766002 -0.270655 0.278666
-0.103658 0.945775 -0.195827
0.732063 0.402727 -0.236977
-0.815492 -0.181926 -0.155883
-0.499755 0.735523 0.0657466
0.0801805 0.445745 -0.803181
0.435073 -0.71218 -0.261007
0.259284 -0.676524 -0.490443
0.794684 0.118863 0.198851
0.529128 0.446731 0.347056
0.575632 -0.20682 -0.701737
-0.526028 -0.595933 -0.201698
-0.785281 0.136553 -0.12947
0.352836 0.414557 -0.715541
-0.481171 0.265053 0.666265
0.877087 -0.248554 -0.0567742
0.731123 -0.273694 0.241699
-0.193691 -0.730933 0.134572
-0.633348 -0.226793 -0.504403
-0.124255 0.733595 0.372977
-0.386222 0.747757 0.223356
-0.434235 -0.439586 0.602336
0.568242 -0.270135 0.472119
0.365446 0.690442 -0.44332
-0.199512 0.677784 0.401709
0.267725 -0.774214 -0.144948
-0.818058 -0.170872 0.17929
-0.033656 0.912816 -0.378542
-0.0302754 0.112406 0.869189
-0.82718 -0.242576 0.0962975
-0.657113 0.500874 -0.301404
-0.563341 0.18599 0.656127
0.0743662 0.232497 0.814689
-0.140515 -0.758046 -0.0785636
-0.184663 0.908235 0.00880263
-0.332115 -0.716989 0.0617072
-0.722967 0.0923255 -0.394759
-0.765631 0.320398 -0.096508
-0.451457 -0.251391 0.710841
-0.0688876 0.429758 -0.832607
-0.723088 0.0678877 0.486984
0.29304 0.132096 -0.812018
0.441343 0.71175 -0.133263
0.0551375 0.417832 -0.81509
-0.772917 -0.366536 -0.198045
-0.341157 -0.385681 -0.613135
-0.802187 -0.205145 -0.206519
-0.542371 -0.590986 0.339967
-0.0847995 0.95385 -0.212127
-0.0737633 -0.341965 -0.780493
0.427976 0.155656 0.654833
0.729638 0.362234 0.120353
-0.740388 0.332392 -0.235912
-0.740266 0.0411122 -0.355012
0.376688 0.702033 -0.417059
0.0614857 -0.709586 -0.464031
-0.0494644 0.984333 -0.138425
0.0819118 0.260854 0.794314
0.674681 0.402047 0.170338
0.387173 -0.057193 0.688031
-0.368399 -0.41527 -0.581511
-0.678256 -0.15024 -0.463913
0.471852 0.385108 -0.657203
0.251784 -0.724894 -0.389338
-0.487108 0.70571 -0.269053
-0.442411 0.283227 0.671701
0.69934 0.0151954 0.381309
0.274249 0.68733 -0.515571
-0.817453 0.0157049 0.229335
0.407076 0.437901 0.508109
-0.128197 0.596965 0.493717
-0.753365 -0.196505 -0.359631
0.586253 0.130558 -0.672019
-0.493462 0.276384 0.651587
-0.130076 -0.645702 0.417711
0.478401 -0.669338 -0.309512
0.677133 -0.241838 -0.599576
0.484512 0.183521 -0.731181
-0.307497 -0.525308 0.540047
-0.720342 0.24032 -0.360367
-0.719871 0.38945 -0.299188
0.46297 -0.633001 0.196393
-0.066608 0.512513 0.578906
-0.684843 -0.390991 -0.348201
0.190956 -0.777901 -0.0550397
-0.666207 0.542226 -0.143007
0.314442 -0.642432 0.291754
-0.464574 -0.673999 0.0965947
0.0653605 -0.577441 0.500479
-0.33247 0.000357349 0.820356
-0.34014 0.0519487 -0.777842
0.0486987 -0.0342438 0.848333
-0.292515 -0.157908 -0.73774
0.250289 0.767802 -0.437612
-0.327218 0.663861 -0.567938
-0.214783 0.694576 0.382399
0.178953 0.27248 -0.820191
-0.755948 0.271476 -0.19523
-0.780231 -0.402266 -0.0189615
0.0935857 -0.72212 0.182088
0.18392 0.401992 0.66695
0.755343 -0.238098 0.23473
-0.275079 -0.208076 0.809559
-0.219991 0.525522 -0.70605
-0.712798 0.46482 -0.0946773
-0.80779 -0.352953 0.0521379
-0.538033 -0.0417457 0.705947
0.793591 0.300635 -0.236113
0.753242 -0.460786 -0.255464
0.474353 -0.544951 -0.569784
0.46565 -0.488656 -0.623739
0.501285 0.610737 0.210244
-0.151392 0.810411 0.287282
0.162421 0.34377 0.712653
-0.800878 -0.30108 -0.154648
-0.617248 0.502984 0.295193
0.657256 0.106523 -0.619541
0.443125 -0.676842 0.116343
-0.0593136 0.855577 0.282178
-0.682421 -0.02173 0.535509
-0.754641 -0.442366 -0.0796858
-0.539848 0.644685 -0.299389
-0.0786258 0.571257 -0.738579
-0.524926 0.318635 0.605909
-0.403718 -0.314566 0.706503
0.744616 -0.258505 -0.508475
0.475452 0.641138 -0.379343
0.545386 0.290667 -0.639645
-0.227633 0.74999 -0.538555
-0.363806 -0.603556 0.434419
0.474679 0.656605 -0.320994
0.464822 0.439185 0.434544
-0.75564 -0.435629 -0.140132
-0.374052 -0.0568856 0.797821
0.587916 -0.155374 -0.710469
0.0722056 -0.64753 -0.563366
0.274745 0.848686 -0.0916751
0.857371 0.252434 -0.0303112
0.45593 0.544571 -0.549823
-0.476367 0.686132 0.239579
0.600706 0.575073 -0.182624
0.11827 -0.760031 -0.333812
0.268703 -0.518457 0.529168
-0.323536 -0.71948 0.0608407
-0.0336491 0.920319 0.190462
-0.212007 -0.0991646 0.862216
0.927198 -0.0653562 -0.166393
-0.317361 -0.588246 -0.420147
0.0607944 -0.718149 0.199778
-0.245007 0.175408 -0.8344
0.762179 -0.271576 -0.4675
0.482505 0.00940842 0.617647
-0.51021 0.52746 -0.545063
0.437258 -0.548435 -0.597082
0.588101 0.534556 0.163126
-0.460587 -0.40762 0.602851
-0.605759 0.154669 0.625071
-0.191839 -0.746417 -0.0228285
-0.192691 -0.726024 -0.179886
-0.768892 -0.407161 0.102144
0.26214 -0.239 0.686441
0.106612 0.861783 0.257357
0.518187 -0.314067 -0.684088
0.477046 -0.463435 0.397803
-0.349849 0.604589 0.415496
-0.25109 0.574927 -0.661188
-0.6025 0.381131 -0.501771
0.442664 0.217922 -0.750085
-0.599053 0.580497 -0.316218
0.284348 0.713721 0.367935
-0.765303 0.245297 0.398216
-0.494569 0.596006 -0.465904
0.377289 0.673524 0.308637
0.162933 0.219079 -0.829659
-0.233639 0.8515 -0.294068
-0.70569 -0.317631 -0.371306
0.889028 0.132393 -0.265489
0.38044 0.653128 0.326647
-0.6972 0.130842 -0.463377
0.0565369 0.871986 -0.443235
0.81334 -0.333246 -0.304026
0.601991 0.357241 0.314104
0.624754 -0.431684 -0.527057
-0.79598 0.0715674 -0.116415
-0.0682869 -0.552637 -0.621364
0.285409 0.75936 0.312403
-0.802254 0.230376 0.0417992
0.530453 0.083967 0.569371
-0.677668 -0.55147 -0.0753671
-0.0811414 0.65324 -0.685206
-0.561841 -0.262193 0.606811
-0.197574 -0.719802 -0.196265
0.198904 -0.69188 -0.472258
-0.316964 0.420004 0.598773
-0.652817 0.216819 0.55415
-0.316805 -0.67868 0.2798
0.441126 -0.650608 0.181328
0.168767 -0.133349 -0.828928
-0.307704 -0.317289 -0.666375
0.690627 0.238278 0.28237
0.424763 -0.0888084 0.656202
0.596275 -0.388822 0.340515
-0.383916 0.587428 0.417492
0.15299 0.727719 0.401706
-0.223358 -0.719154 -0.17397
-0.524848 -0.560241 0.418773
-0.453588 -0.0704537 0.755422
0.838373 -0.0180857 0.18488
-0.720361 -0.350693 -0.319031
0.421895 0.646437 0.280797
-0.529423 0.0238514 -0.635019
0.421908 0.326004 -0.722071
0.055433 0.745492 0.407492
-0.414614 0.738825 0.206169
-0.235339 0.02474 0.859662
-0.445552 -0.0663651 0.760353
-0.698955 0.346713 0.372007
0.485608 0.465313 -0.592531
0.459362 -0.608272 -0.4861
-0.504931 -0.313067 0.627961
-0.591283 -0.140436 0.633452
-0.813064 0.0489284 0.263901
0.209621 0.690027 0.415977
0.492322 0.65684 -0.249487
-0.706471 0.377925 -0.35164
0.519271 -0.590166 0.197714
-0.0540878 0.15431 -0.862351
0.0461378 -0.686402 -0.519632
0.12924 -0.627478 0.409234
0.444811 0.692874 0.154502
-0.601447 0.0702703 -0.565933
-0.787342 -0.0324028 0.359887
0.811357 0.302707 -0.130485
0.460059 -0.681602 -0.307172
-0.0434326 0.50707 -0.79472
0.780471 -0.268266 0.147571
0.433029 -0.622953 -0.49101
-0.557742 0.267127 0.61268
0.137613 0.258236 0.774412
0.499535 0.412367 0.413316
0.597809 0.445743 -0.501236
0.146615 -0.578589 0.479894
0.619494 -0.486531 0.200529
0.0716319 -0.666063 0.348578
0.682803 0.450125 -0.317691
-0.612906 0.494664 -0.421031
-0.22429 0.161043 -0.838485
0.113721 0.7453 0.399448
0.56667 0.549509 0.186534
0.805203 0.309945 0.0196776
-0.307172 -0.720621 -0.0891707
0.0961286 0.926646 -0.31028
-0.710537 0.457309 0.141449
-0.591295 0.62531 -0.133388
-0.654783 -0.342607 0.462183
0.607033 -0.384045 0.330759
0.837484 -0.0605197 0.19874
0.905505 0.0471684 0.0367113
-0.404595 0.160411 -0.773819
0.482872 -0.658646 0.117199
-0.532879 0.557299 -0.471317
0.0680923 -0.671221 0.335898
0.529711 0.600863 -0.350703
0.445037 -0.102858 0.63473
-0.527931 -0.0075623 0.71352
-0.374396 -0.319293 0.725869
0.578555 -0.224488 0.47915
0.273669 0.398615 -0.763925
-0.407281 0.0656276 -0.7444
0.863658 -0.0241707 0.142229
0.187197 0.837819 0.219524
0.186428 0.0344558 0.800916
-0.500487 -0.586515 -0.246164
0.695023 -0.139553 -0.590515
-0.441063 0.624714 0.347834
-0.494721 0.698114 -0.267841
0.366814 0.13227 0.702125
0.260528 0.711965 0.378904
-0.700285 -0.519849 -0.0465638
0.329253 -0.684718 -0.455691
-0.671441 0.173187 0.551833
0.231134 0.832248 -0.375156
-0.468905 0.199542 -0.713792
0.619871 0.373139 -0.541292
-0.784221 0.272493 0.307952
-0.166866 0.882216 -0.317669
-0.592044 -0.597318 -0.132793
-0.676232 0.530268 -0.129766
-0.140372 0.940695 -0.0513985
0.744241 0.357773 -0.298187
0.482151 -0.648031 -0.367379
-0.12252 0.950423 -0.0976117
0.361503 0.0326513 -0.802407
0.198103 -0.382166 0.665985
0.787212 0.346916 -0.0825923
0.146737 0.504409 0.602656
-0.0274967 0.402752 -0.833114
-0.377847 -0.19006 0.771554
0.818705 -0.0985616 0.237172
-0.208192 0.13488 0.853085
0.295382 -0.591717 0.390258
-0.387779 -0.118265 0.788576
-0.107441 -0.752737 -0.170603
0.787882 -0.432563 -0.213609
0.205079 0.287852 -0.812466
-0.456762 -0.677954 0.089793
-0.247493 -0.385988 0.700156
-0.609892 -0.0630552 0.624862
0.744516 -0.00529078 -0.545525
-0.239785 0.857523 0.108019
0.699216 -0.513191 -0.180784
0.603489 -0.398205 0.320117
0.802247 -0.332213 0.0101691
-0.774726 0.16354 -0.168072
0.684394 0.482948 -0.183494
0.166157 0.834869 0.256545
-0.221304 -0.00729437 -0.821323
-0.812258 -0.0103875 -0.0848337
0.413077 0.735865 -0.0742739
-0.781894 0.292993 0.259581
-0.263954 -0.523727 0.552307
0.808873 -0.0625606 -0.457195
0.636498 -0.554845 0.0372237
0.625307 -0.178644 -0.667865
0.582074 -0.000344443 -0.719506
0.228082 0.527493 0.550495
0.490377 -0.0678641 0.604362
-0.0389314 0.528869 0.570666
-0.512442 0.220686 0.671571
0.580924 -0.189343 -0.707285
0.487693 -0.69607 -0.181268
0.305027 0.708573 0.356641
0.677303 -0.213899 0.396152
-0.5418 -0.634739 0.144249
0.309373 -0.594664 -0.611408
0.187606 0.748885 0.370969
-0.779084 -0.216308 0.283691
0.629113 0.486801 -0.390425
-0.738416 -0.106612 0.463699
0.695805 0.136574 -0.574967
-0.289068 -0.144125 -0.744019
-0.360113 0.336223 -0.740003
0.398497 -0.570997 0.340849
0.486256 0.677935 0.0786246
-0.761403 0.337929 0.236079
-0.203598 -0.0552854 0.871932
-0.644704 0.495821 0.24851
0.45565 0.147446 0.632196
-0.821018 -0.133467 0.173896
-0.64796 -0.490635 -0.28182
0.165462 -0.111795 -0.829838
-0.635419 -0.542329 0.27011
-0.740669 0.413949 0.121612
-0.138045 -0.759191 -0.0907009
0.222508 -0.758978 0.03247
-0.441005 -0.0646481 -0.683717
0.486707 0.170421 0.603316
0.438695 -0.311866 0.556623
0.0207144 -0.178581 0.82235
0.706454 -0.1683 -0.572418
-0.0485342 0.846726 -0.4833
-0.341776 -0.502171 0.557001
-0.675208 -0.295116 -0.435797
-0.196342 -0.683326 -0.303775
0.135037 0.579855 0.539838
0.225918 0.749317 0.357476
-0.579309 -0.445454 -0.425676
0.806215 0.274633 0.0826191
0.375239 0.761186 -0.250044
0.792873 -0.407375 -0.103758
-0.16595 0.39313 0.659335
0.384927 0.555911 -0.59415
-0.549234 0.330579 0.580202
-0.162684 -0.753199 -0.0573318
0.214697 -0.531464 -0.679255
-0.491046 0.294528 0.642602
0.147079 -0.740875 -0.373161
-0.393778 0.176552 0.762166
-0.132622 0.718209 0.38438
-0.182812 -0.669544 0.355307
-0.0221852 -0.722126 -0.354958
0.883982 -0.00511369 -0.331852
0.252572 -0.0796439 -0.818079
-0.622775 0.0365284 0.611195
-0.120273 -0.721052 0.182034
0.146729 -0.727877 -0.40385
-0.198996 0.197175 0.813117
-0.643674 0.109493 0.586874
-0.608073 0.362775 0.476098
0.245024 -0.00294453 -0.82009
-0.573676 0.494437 -0.499207
0.7531 -0.332853 0.126429
-0.709871 -0.490152 -0.166852
0.237219 -0.0584167 0.756108
0.455492 0.213816 0.61817
-0.237382 0.665356 0.402169
-0.0576482 -0.337028 0.76729
0.525737 -0.19163 -0.740852
-0.304184 0.312365 0.693078
-0.642966 -0.128839 0.580318
0.472001 -0.43928 0.432001
0.050007 0.781559 -0.55378
-0.756448 -0.255752 -0.334277
-0.10314 0.919518 0.123711
-0.763578 0.357194 0.0127205
-0.688349 -0.470794 0.253444
-0.346857 0.258323 -0.786781
0.0266758 -0.737122 -0.350701
0.527804 0.549992 -0.454746
-0.338289 0.830063 0.0195416
0.453446 -0.713981 -0.215669
0.715692 0.137835 0.307031
-0.448911 -0.638186 -0.174652
0.739012 -0.4513 -0.0253812
0.0820888 0.924833 0.110306
-0.586558 0.656957 0.0356354
-0.773949 -0.173355 -0.310078
0.109803 -0.609711 -0.605448
0.524326 -0.539164 0.256499
0.675765 0.466767 0.0352257
-0.510868 -0.494423 -0.409423
0.216273 -0.761129 0.0234172
-0.140826 -0.603371 0.493324
-0.419544 -0.660035 -0.143749
-0.2203 -0.613355 0.461521
-0.367648 0.687906 -0.50585
0.910281 -0.0648733 -0.277119
-0.365827 0.0936064 -0.776803
-0.474381 0.745261 -0.0249669
0.390955 0.246916 0.657141
-0.77172 -0.233186 -0.3247
-0.822531 -0.317195 0.0415581
-0.324267 -0.643361 -0.285173
0.631081 -0.359445 -0.580412
0.770529 -0.282803 -0.443515
-0.591735 0.561427 0.242934
0.611104 -0.575119 -0.343195
0.820626 0.263465 -0.209659
-0.420014 0.395794 0.59161
0.404938 -0.710223 0.0173838
0.100143 -0.0367408 -0.840676
-0.623598 0.618285 0.029185
-0.411119 0.651715 -0.500306
-0.268228 -0.0680335 0.848701
0.328363 0.564813 -0.616885
-0.0874443 -0.715307 0.207856
-0.265314 -0.091253 0.845729
-0.569378 0.562345 -0.408777
0.576219 0.406019 -0.563912
0.3035 -0.764357 -0.142572
0.101136 0.917556 0.102719
-0.445349 -0.460034 0.577886
0.283458 -0.601134 -0.607974
0.19976 0.898445 -0.0956654
-0.531263 0.286136 0.620399
0.548657 0.624558 -0.0788112
-0.789018 -0.138489 0.296709
-0.014701 0.579269 -0.759113
0.662693 -0.255312 0.381424
0.285547 -0.762403 -0.277128
0.393315 -0.707505 0.07379
-0.455271 0.0807342 -0.71493
0.0599774 -0.135107 -0.839373
0.91264 -0.0216107 0.0317593
0.00769029 -0.632418 -0.567389
-0.747066 0.186106 -0.290519
-0.720373 0.0984711 0.491082
0.148647 -0.696151 -0.475172
0.359097 0.453547 -0.684853
-0.328956 -0.00449253 -0.766155
-0.103072 -0.277905 -0.793539
0.541838 -0.643894 -0.265797
0.252463 0.849231 0.0610677
-0.268363 -0.279774 -0.704252
-0.439704 -0.69152 0.00768551
0.159164 0.164902 0.808149
0.231129 -0.414378 0.635498
-0.535879 0.670339 0.150209
-0.354857 0.634268 -0.571228
0.125234 0.0659413 -0.83759
-0.694254 0.393661 0.319049
-0.431028 -0.582068 -0.324014
0.593652 0.29479 0.377993
-0.361728 -0.410091 -0.588093
-0.7708 -0.0454981 0.402087
-0.166813 0.862693 0.188945
0.711611 0.360422 -0.415855
-0.402886 -0.698114 0.0500368
0.036629 -0.772576 -0.240391
0.115417 0.910204 0.103141
-0.43795 -0.232397 -0.631598
0.150152 -0.0483399 0.79841
0.854724 -0.102691 -0.37888
0.532772 -0.643158 0.0145783
0.71831 0.293725 0.195874
-0.268824 0.707602 0.342275
-0.633563 -0.338053 0.487478
-0.233285 0.124767 -0.832172
0.770577 0.0765345 -0.522186
0.324772 0.608073 -0.574577
-0.576117 0.501049 -0.493139
0.637507 -0.54958 -0.369936
-0.164844 0.583101 0.495852
0.088748 -0.418726 0.672044
0.825449 0.216736 -0.316006
-0.311146 0.784135 -0.35687
0.88271 0.203902 -0.0633835
-0.448641 0.41116 0.569933
-0.255255 -0.465176 -0.615784
-0.0111042 -0.473617 -0.706382
-0.664644 0.49097 -0.294041
-0.16682 0.909674 -0.192851
0.64298 0.0270174 -0.655824
0.641506 0.271041 0.327385
0.236888 0.307347 -0.802902
0.485405 0.313282 -0.677666
0.133431 -0.476138 -0.720971
0.431229 -0.414432 0.490511
-0.689284 -0.44943 -0.267701
0.913754 0.00939911 -0.254634
-0.731831 -0.253921 -0.374808
-0.225525 0.887912 -0.101075
0.0909249 -0.776219 -0.279644
-0.00876033 0.463446 -0.818077
0.0387855 -0.788778 -0.115092
0.67041 -0.273582 0.352901
-0.0591337 -0.597239 0.49756
-0.156896 0.735623 -0.588232
0.775466 -0.258553 -0.457086
0.283355 0.842162 -0.0291066
-0.535025 0.684611 -0.10784
0.527646 -0.194901 -0.739412
-0.39377 0.404271 -0.686491
0.669266 0.406255 -0.441619
-0.59078 0.562242 -0.368309
0.362932 0.0308033 0.712366
0.535294 -0.555273 -0.486417
0.111493 -0.775815 -0.297991
0.3402 0.784885 0.133328
-0.676259 0.250375 0.504123
-0.13808 -0.717242 -0.261406
-0.651441 0.532826 0.156299
-0.0294894 0.262031 0.790077
0.488124 0.215661 -0.715492
0.861952 -0.117445 -0.364225
0.399923 -0.594778 0.306641
-0.373826 -0.516652 -0.505658
0.636162 0.110822 -0.636713
-0.567079 -0.569972 0.339655
-0.184841 0.616608 0.460416
0.427149 -0.0592346 -0.793169
0.696937 0.393626 -0.397931
-0.361287 0.120099 0.799987
-0.703506 -0.46942 -0.214534
-0.0774527 0.901529 0.190222
0.25143 0.451148 0.606907
-0.821831 -0.155862 -0.0727747
-0.109144 0.113585 0.864517
-0.371723 0.320702 -0.741158
0.114059 -0.790537 -0.253247
-0.111776 0.880654 -0.386455
0.0927019 -0.361603 -0.789517
0.418845 0.406718 0.519321
0.17986 0.405539 -0.790014
0.108983 0.794353 0.357282
-0.375476 0.0717311 -0.764463
-0.270808 0.0294076 0.847393
0.731263 -0.413664 0.0661364
0.58756 0.522586 0.186242
0.328854 -0.294491 -0.773629
0.613938 -0.00089515 -0.68712
0.85399 0.0716648 -0.387879
-0.759273 0.17519 0.426337
0.48819 -0.0742773 0.606059
-0.339962 -0.586801 0.460864
0.759125 0.365273 0.0278598
0.752421 0.373869 0.0261481
0.593972 0.549564 -0.313658
0.425828 -0.172632 0.626586
0.277018 -0.238323 -0.803642
0.604043 0.138489 0.47055
-0.0663891 0.497249 -0.790934
-0.826717 0.189678 0.187803
0.279667 0.602002 -0.610859
0.202315 0.130796 0.801206
-0.483226 0.0199053 -0.680674
-0.0453661 0.298045 -0.856405
-0.323849 -0.702933 0.203334
-0.190536 -0.131064 0.855941
0.785554 0.339457 -0.150496
0.850289 -0.00467535 0.160062
-0.0565256 0.493261 -0.797761
-0.216802 -0.598283 0.479685
0.645132 -0.165917 -0.646971
0.627912 -0.252284 -0.643918
-0.575448 0.225994 -0.592089
-0.537136 0.421887 0.501071
0.601626 -0.129164 0.487988
-0.68963 -0.530839 0.0445866
-0.369216 -0.702159 -0.0778448
0.127491 0.0149977 -0.837583
-0.373713 0.198404 0.756436
-0.0402941 0.659948 -0.698604
0.251197 0.845436 0.0898037
-0.0387769 0.251988 -0.858491
0.52872 0.33131 0.443112
-0.47415 0.666532 -0.371743
0.0080131 -0.577909 0.513053
-0.0294547 0.922314 0.185049
-0.215403 -0.719133 0.185357
-0.312121 -0.282462 0.768777
-0.220709 -0.701934 -0.227802
-0.631247 -0.573583 0.13695
0.038876 0.8686 0.298154
0.697182 0.42189 -0.329676
-0.4645 0.27086 -0.707575
-0.276146 0.35527 -0.778536
0.484257 -0.111513 0.59774
-0.0966849 0.942934 0.0605851
-0.0959107 0.772841 0.345859
-0.751197 -0.3664 -0.243936
-0.139648 0.536349 -0.73422
0.081258 0.886561 0.220389
-0.384443 0.413139 0.586073
-0.526353 0.622888 0.260141
-0.818423 -0.191576 -0.111724
0.210417 0.814796 0.255907
0.168682 0.666133 0.451312
0.152468 0.412671 0.671929
-0.295026 -0.715054 0.191617
0.335618 0.10996 0.725254
0.528489 -0.663985 -0.19531
-0.307363 0.405979 0.613949
0.521178 -0.659669 -0.0709399
-0.230322 0.875009 -0.180573
-0.549376 -0.658262 0.0130059
0.706961 0.395248 -0.354867
-0.0377439 -0.762331 0.00179602
-0.715606 0.32733 0.372376
-0.773331 0.345848 0.148603
0.712785 0.140142 0.310341
0.316144 0.297404 -0.786449
-0.567298 0.591367 0.238532
0.28831 0.792949 -0.377801
0.723221 0.305735 0.178733
0.529003 -0.230377 -0.720201
-0.30586 0.592749 0.447825
-0.773129 -0.358624 -0.20488
0.453253 -0.313786 -0.726886
-0.199887 -0.746308 -0.0417604
-0.482285 -0.628681 0.309053
-0.0305686 0.701959 0.426974
-0.719629 -0.0574005 -0.425901
-0.813892 -0.251468 -0.111789
-0.0806948 -0.660896 -0.479963
-0.111143 0.780037 -0.547321
0.136431 0.766972 0.372332
-0.150095 -0.642812 0.426763
0.856876 -0.180229 -0.359187
0.229161 0.854079 -0.351018
0.464336 0.369348 -0.670189
-0.373992 0.782699 -0.230584
0.733259 0.419981 -0.118722
0.381182 0.56342 0.421352
-0.689168 -0.335003 0.401054
0.33011 -0.27274 0.63967
0.652038 0.498648 0.0214248
0.208266 -0.543142 0.519757
-0.0236912 0.622558 -0.729633
0.906161 -0.00447395 -0.282902
0.742614 0.135688 0.268424
0.910329 0.0868121 -0.235581
0.161018 0.908918 -0.020067
-0.101131 -0.735501 0.121272
0.161058 0.862634 0.182124
0.761387 -0.446361 -0.0920468
-0.651565 -0.10874 0.571842
-0.737003 0.30938 -0.271812
-0.599849 0.60559 -0.188605
0.363602 -0.279174 -0.767111
-0.14063 -0.51186 0.591901
-0.527522 0.706277 -0.0164935
-0.00342486 -0.591924 0.494294
-0.355885 -0.172261 -0.697957
-0.710407 -0.373696 -0.317725
-0.676251 0.407834 -0.383902
0.781828 0.0532928 -0.506861
-0.35688 -0.575489 -0.410125
0.442989 -0.649811 -0.430352
0.153715 0.406855 0.675213
-0.783043 0.0233625 -0.220047
-0.81817 -0.182515 -0.120059
-0.527254 0.387664 0.556123
0.0980507 -0.769199 -0.0178759
0.260592 -0.769303 -0.014846
-0.303586 -0.41919 -0.615001
-0.118756 0.797798 0.317118
-0.0496793 0.271779 0.779313
-0.118188 0.598016 0.495571
-0.156261 -0.753777 -0.0501365
-0.742872 0.29551 -0.249561
-0.40262 -0.302906 -0.622035
-0.281174 0.548916 0.493875
-0.408556 -0.316932 0.701273
-0.631145 -0.604149 -0.0727032
-0.23977 0.647348 -0.620237
0.626043 -0.564811 0.0276761
0.45075 -0.0260979 -0.786856
0.178656 -0.740977 0.107341
0.723107 0.330759 0.158205
-0.671625 -0.53923 0.120648
0.0639636 -0.775164 -0.0489714
0.437685 0.250011 0.610997
0.166297 -0.441163 -0.74424
-0.296417 -0.727342 0.0161666
-0.201642 -0.686776 0.30082
0.348811 -0.263002 -0.775751
0.0559132 0.606968 0.523912
-0.574734 0.0732538 0.665789
0.498051 0.0881592 -0.757528
0.486657 0.23603 -0.708302
-0.442918 -0.229251 0.729494
-0.0417164 -0.726126 -0.322902
-0.446127 -0.586343 -0.300006
0.122258 -0.451817 0.63425
-0.811798 0.131425 0.0113786
-0.595216 0.523658 -0.420355
0.797356 0.246145 -0.353748
0.852087 -0.290356 -0.241419
0.753956 -0.422363 -0.00419687
0.563105 -0.618614 0.0124501
-0.00699036 0.90846 -0.394401
0.0264124 -0.737624 -0.348755
-0.784084 -0.12267 0.320113
-0.622428 0.609831 0.0555152
-0.317955 0.806685 0.144854
0.555459 -0.6316 -0.0693241
-0.324246 0.0237032 -0.777703
0.600707 0.499132 0.190827
-0.0938245 -0.143763 0.855972
0.734725 0.388133 0.0532557
-0.766128 0.258556 -0.148009
0.557159 0.597738 -0.255085
-0.726586 0.130078 -0.372473
-0.330386 0.382573 0.628245
-0.437817 0.41607 -0.655318
0.848164 0.220238 -0.200501
-0.04896 -0.0622707 0.884227
-0.699715 0.294054 0.43266
0.295634 0.760561 0.290512
-0.716936 0.325256 -0.346617
-0.724643 0.227522 -0.350505
-0.555279 -0.617493 -0.124691
-0.194837 0.405853 0.643015
0.130896 -0.52431 0.559827
0.313082 -0.495182 0.515247
-0.275984 0.842535 -0.214784
0.295597 0.602961 -0.599795
0.527811 -0.654285 -0.0711878
0.758939 -0.0523643 -0.521704
-0.264372 -0.159092 0.830178
0.1964 0.745896 -0.498716
-0.0636248 -0.23694 0.827149
0.527804 -0.611497 0.162429
0.144371 0.235019 -0.832097
-0.489919 0.731766 -0.0505758
0.92134 -0.110323 -0.11647
-0.114829 0.253696 -0.869541
-0.462018 -0.65092 -0.126249
-0.52059 0.720336 0.0743781
0.375412 -0.708816 0.089202
0.316191 -0.117698 -0.808238
-0.573965 -0.401833 0.506918
0.402699 0.434267 0.516632
0.70938 0.452456 -0.133344
-0.827316 -0.0582374 -0.028744
0.631157 0.472716 0.166849
0.517888 0.0246822 0.583935
-0.116811 0.181804 0.838543
-0.0259264 0.882585 -0.43583
-0.435701 -0.364333 0.649868
-0.621012 -0.48241 0.381787
-0.626231 0.121035 -0.543199
-0.700018 0.0551837 0.515422
0.037645 0.373297 -0.826809
-0.383539 0.340153 -0.724604
0.416369 0.41406 0.51631
0.675142 -0.0369635 0.417705
-0.291645 -0.706309 0.216811
0.0770967 0.661159 -0.668714
-0.749418 -0.127466 -0.372335
-0.45107 -0.638186 -0.17248
0.562453 -0.475249 -0.553036
-0.531728 -0.564697 0.403804
-0.63504 -0.46195 0.384867
-0.810497 0.0794005 0.285059
0.36265 -0.403537 0.553463
0.175705 0.223573 -0.827723
-0.529192 0.387217 -0.59862
0.691893 -0.520664 -0.221232
-0.401635 0.653056 -0.512274
0.295937 0.250688 -0.802923
-0.0342115 0.544187 0.55874
-0.0397314 -0.465326 0.641534
-0.226527 -0.670358 0.340318
0.548836 0.489966 -0.512707
0.698691 0.0150226 0.382332
-0.411779 0.696411 -0.418139
0.461373 0.210561 -0.73848
-0.0606967 -0.72015 -0.325066
-0.524558 -0.58057 -0.23342
-0.796495 0.279037 0.0518335
0.185906 -0.751108 -0.341268
-0.655189 -0.371582 -0.411596
-0.831408 -0.0104178 0.135944
-0.267534 0.835036 0.135813
-0.073361 -0.593063 0.50713
-0.103223 0.818706 -0.498105
0.150812 -0.742015 -0.369726
-0.208427 -0.669016 0.349385
-0.288642 0.480649 0.552628
-0.821929 -0.069149 0.182434
0.303329 0.312646 -0.785407
0.150648 -0.648483 0.372184
0.105067 0.506949 0.615172
0.240136 -0.440308 -0.744618
0.867467 -0.179043 -0.321896
-0.22859 0.458131 0.589441
-0.527683 0.229813 0.655868
0.811715 -0.235506 0.122144
-0.573418 -0.20002 -0.565187
0.351215 0.538326 -0.62545
-0.612334 0.0367945 -0.551499
-0.0132394 0.87173 -0.462489
-0.126793 0.49392 -0.766708
0.31522 -0.179908 -0.80627
0.0409581 -0.211522 0.804309
0.598188 -0.587618 0.0331202
-0.43719 0.689122 -0.390195
-0.765319 0.37399 0.099663
-0.593371 0.582038 -0.323962
0.118452 0.557818 -0.727668
0.122554 -0.741451 0.106169
0.338549 0.153321 0.720002
0.00232792 0.237431 0.814211
0.62972 0.188062 0.412354
0.35058 -0.400159 -0.739762
0.270709 -0.356621 -0.775101
0.356494 0.671914 -0.476782
0.12593 -0.770769 -0.306982
0.2321 0.403008 0.648107
-0.778738 -0.146008 0.323276
-0.525632 -0.59694 -0.199858
0.0068889 0.283383 0.779257
0.563282 -0.536869 -0.484678
-0.750461 -0.397796 -0.216816
0.0884705 -0.648272 0.384276
0.45087 0.414548 0.472592
-0.244066 -0.685594 -0.249511
-0.332406 -0.698326 0.21228
-0.095454 0.701947 0.409294
-0.125769 -0.697007 0.282607
-0.412678 -0.452355 0.594124
-0.156685 0.678503 -0.636407
-0.157706 0.900249 -0.276742
-0.133761 0.831964 0.272216
-0.047199 0.0720334 -0.856023
0.411633 0.0205901 -0.794974
-0.758921 -0.436263 -0.0659528
-0.304729 0.717797 0.313024
-0.0146229 -0.277751 0.811825
-0.455426 0.214287 0.711217
-0.200547 0.247883 0.771361
0.495868 0.0541816 -0.766208
-0.79711 -0.0794059 -0.206856
0.0590951 -0.641671 0.400357
-0.084455 -0.481665 0.626718
0.850833 -0.173523 0.115091
0.016519 -0.733745 -0.352465
0.333447 0.422106 0.594237
-0.410667 0.739022 -0.319799
0.575407 -0.398735 -0.599815
-0.0669352 0.8231 0.309072
0.580121 -0.471886 0.271609
0.697753 0.421089 -0.32935
-0.252015 0.81693 -0.361856
0.299864 0.813746 0.113471
0.255686 0.136243 0.776544
0.860617 0.202144 -0.191539
-0.438252 -0.521433 0.510695
0.496948 0.667256 -0.0613418
0.254443 -0.341655 0.652436
0.486734 -0.0410283 -0.774167
0.531241 0.502029 0.298221
0.449982 0.69279 0.140302
0.422098 -0.0929713 -0.793648
-0.586376 0.614626 0.152955
-0.624055 0.60305 -0.0749433
0.674821 0.222694 0.318462
-0.71334 0.487678 -0.00626475
0.378963 -0.116944 0.6708
-0.201387 -0.642521 0.425889
0.0546401 0.188282 0.843909
-0.617871 0.152833 0.612008
0.212522 -0.766969 -0.00390338
-0.83269 0.110473 0.117047
-0.489803 -0.670483 -0.0351259
0.816449 -0.0127952 0.220747
0.362714 -0.558692 0.390712
-0.144078 0.928395 0.00879017
0.0523693 -0.644844 0.39552
0.437204 -0.265078 0.584236
0.762987 -0.194236 0.271395
0.0262145 -0.763981 -4.1486e-05
0.600725 -0.370597 0.35288
0.882523 0.179873 0.0448701
-0.030359 0.583707 0.526317
0.546895 0.626095 0.033377
-0.552525 0.305856 0.593752
-0.0706164 -0.259664 -0.81665
-0.691096 0.144452 -0.466836
-0.603205 -0.533277 -0.245908
-0.80398 0.0748407 -0.0707183
-0.787324 -0.0891695 -0.241564
-0.257821 -0.161122 -0.755956
-0.281954 -0.718078 -0.121562
-0.294968 0.801729 -0.333714
0.0334789 0.708356 -0.650018
-0.759172 0.184056 -0.238298
-0.307446 0.617509 0.422302
0.161236 0.303155 -0.817573
-0.775778 0.155454 -0.167967
-0.12937 0.780035 -0.539559
-0.529545 -0.625664 0.220555
0.0845676 0.141223 0.839659
-0.631509 0.177331 0.591139
0.254018 -0.667095 -0.511179
-0.134319 0.913352 -0.27935
-0.0248633 -0.72526 0.168939
-0.160056 -0.180987 -0.803863
0.397906 0.415725 0.538101
-0.806437 -0.314384 -0.109499
0.166274 -0.315209 0.707269
0.818215 0.0210449 0.204308
-0.767369 0.241456 -0.154025
-0.713694 -0.254412 0.42704
-0.280785 0.446887 -0.722572
-0.000944914 0.812434 0.337172
0.357042 -0.741053 -0.0380267
-0.38478 -0.633724 -0.25065
-0.437374 -0.524911 0.506898
-0.27008 0.818681 0.184094
-0.455927 0.56499 -0.559871
-0.200508 -0.746368 -0.0443319
0.388293 -0.253747 -0.766239
-0.782315 -0.381882 0.124035
-0.650273 0.233157 0.546218
-0.763975 -0.115052 -0.325151
0.328441 -0.752236 -0.025244
-0.0764638 -0.516512 -0.650218
0.582065 0.432968 -0.538373
0.20149 -0.503493 -0.70315
0.70469 -0.04045 -0.588638
0.88956 -0.177375 -0.0183369
-0.649842 0.18676 -0.507108
-0.632794 -0.441185 0.41871
-0.36125 0.394603 0.609058
0.528032 0.500332 -0.526395
-0.0476518 0.962279 -0.2517
0.792116 -0.429589 -0.203277
0.0743901 0.957398 -0.0370779
0.512477 0.573853 -0.440033
-0.771068 -0.27074 0.264899
-0.744647 0.417441 0.0899144
-0.0232089 0.194047 0.843852
0.117495 0.506475 -0.761304
-0.224873 0.563564 0.496522
0.509577 0.570569 0.259359
-0.208122 0.830162 0.22143
-0.164235 0.796641 -0.500247
0.408838 0.740409 0.0129895
-0.291231 0.175145 -0.821834
0.0513474 0.294486 -0.839365
0.0185809 0.318214 0.754066
0.31782 -0.473331 0.532511
-0.600378 0.576502 0.1995
0.375888 0.200823 0.689734
-0.446057 0.73499 0.166721
0.671995 0.190803 -0.577167
-0.190107 0.411677 0.639064
-0.682329 0.235861 -0.443365
-0.82376 0.141495 0.0913097
0.225449 0.433377 0.631011
-0.831202 0.111158 0.108807
-0.0304703 -0.368181 -0.786021
-0.122107 0.671766 0.428757
0.904118 0.0862407 0.0320304
-0.55745 0.0270493 0.688545
0.0418972 0.136626 -0.848665
-0.0510849 0.0695613 0.880077
0.409327 0.685512 -0.400529
-0.489051 -0.61329 0.379805
-0.450279 0.340535 0.629103
-0.0304154 -0.00557092 -0.850053
-0.184394 0.881921 -0.289378
-0.0907769 -0.35744 0.744277
-0.335308 0.794692 -0.286691
-0.475342 0.256569 0.675038
0.408131 0.0910066 0.675445
0.16833 0.0071883 -0.831515
0.0720547 -0.100007 -0.842199
0.70444 0.168762 -0.556123
-0.778722 -0.239934 -0.293195
0.78249 -0.43767 -0.179709
0.332639 -0.670922 -0.483755
0.854806 -0.16754 -0.373658
-0.380579 -0.221048 -0.667462
-0.0399557 0.930108 -0.344618
0.275783 0.846589 -0.196789
-0.255646 0.0446593 -0.817555
0.795817 0.183379 -0.435185
0.651651 -0.12761 -0.642715
-0.736785 0.167566 -0.329449
0.396504 -0.516387 -0.647844
-0.793132 0.127597 -0.0930567
0.257898 -0.768319 -0.010242
-0.677663 0.447811 -0.340915
0.780945 -0.177732 -0.477067
0.149592 0.0391578 -0.834114
-0.0362023 -0.474307 -0.698452
-0.557048 -0.620831 0.162981
0.831982 -0.044743 -0.425891
-0.786687 -0.368403 0.127466
0.477885 -0.524194 0.321041
0.110289 0.00657751 -0.840112
0.941571 -0.0255825 -0.0935075
-0.61995 -0.603976 0.0125102
-0.0260504 0.125622 0.865711
0.765223 0.26895 -0.40503
0.232671 0.827853 0.177525
-0.0373349 0.25081 -0.858301
-0.721104 -0.481143 0.0788803
0.189215 0.56221 -0.688882
-0.485125 0.726285 -0.127626
-0.644222 0.562126 -0.177466
-0.297131 0.770772 0.258033
0.309246 -0.546026 0.455336
-0.449458 -0.655664 0.224286
-0.127033 0.512908 -0.754572
0.102023 0.88035 0.21121
0.85282 -0.161266 0.127406
0.613202 -0.255934 -0.651696
-0.678924 0.0478257 -0.482922
0.154834 -0.602223 0.441884
0.825053 -0.328578 -0.284768
-0.0948323 -0.47526 0.631693
0.103462 0.727839 -0.581113
0.717524 0.355314 -0.405837
0.884852 0.0791728 -0.316504
-0.443707 -0.543434 0.483767
-0.485843 -0.0601498 -0.659604
0.167991 -0.683437 -0.497618
0.729349 0.281043 0.190157
-0.803813 0.075825 -0.0709424
-0.779427 -0.212012 -0.303771
0.883665 -0.0169158 0.104983
0.352574 0.530695 -0.630471
0.0354017 0.898645 -0.405387
-0.441583 -0.62197 -0.225354
0.342658 0.792039 -0.176465
-0.116516 0.839199 -0.455592
-0.0659993 0.968164 0.00310802
0.601551 -0.254417 0.448404
0.70946 0.447303 -0.183685
0.405108 -0.724266 -0.265952
0.0742461 -0.257168 0.775404
-0.402463 0.741858 -0.325365
-0.0416555 0.233739 0.810116
0.312737 -0.763412 -0.196364
-0.733806 -0.105618 -0.399734
0.550796 0.441393 -0.559197
0.566989 -0.471266 0.289518
0.93609 0.00208362 -0.147833
-0.435054 0.775239 0.0112113
-0.739803 -0.4501 0.112736
-0.370202 -0.135127 0.792813
0.228588 0.122023 -0.821714
-0.376487 -0.57812 0.461295
-0.558246 -0.549143 -0.260461
-0.559137 0.60382 0.232758
-0.293365 0.186484 -0.822466
0.0711487 0.588929 -0.72788
0.303134 -0.76164 -0.0467035
0.308015 -0.263913 -0.787818
0.785607 -0.353703 -0.337071
-0.340741 0.509713 0.512199
0.455518 -0.641018 -0.432853
-0.153677 -0.718805 0.18987
-0.822212 -0.248922 -0.0233196
-0.168067 -0.106594 0.86481
0.427047 0.709026 0.149526
-0.247178 0.870866 0.0451555
0.0663315 0.0513373 -0.84651
0.347807 -0.561857 -0.635307
0.44729 0.334493 -0.698766
-0.00730257 0.894311 0.253621
-0.121214 -0.440243 -0.703048
-0.579299 0.0968518 -0.591282
-0.633056 0.200007 -0.524795
-0.184227 0.383446 -0.811267
0.250729 -0.763077 0.0142836
0.902282 0.12582 0.0285016
0.534572 -0.649414 -0.0789249
-0.206523 0.864556 0.140106
0.0647605 -0.281642 -0.820238
0.344111 0.792661 -0.039223
-0.159514 -0.591443 -0.55875
0.342687 -0.0542339 -0.805754
-0.693545 -0.528586 0.00785678
0.503881 0.267111 0.528918
0.0951739 0.349813 -0.820758
-0.396219 -0.3334 -0.611785
0.456538 0.697701 -0.200353
0.638209 -0.0489857 -0.664117
-0.200773 0.23786 0.779512
0.527497 -0.112943 0.559559
-0.172509 0.323479 -0.85342
-0.673975 0.0592709 -0.488691
0.339785 0.590132 -0.585575
-0.383902 -0.0832669 -0.710323
-0.549365 0.108752 -0.62322
0.372663 0.705125 0.267894
0.0704103 -0.190704 0.796497
-0.50807 0.474348 0.471669
-0.198034 -0.347103 0.742517
0.321604 0.0656912 0.738199
-0.349839 0.425494 -0.699235
0.472131 -0.251911 -0.741433
0.576413 -0.617571 -0.10736
0.0725468 0.0707189 0.851767
-0.784873 -0.100512 -0.252905
0.45405 -0.432151 -0.663738
0.702738 -0.129828 -0.582111
0.307528 0.307062 0.677628
0.61631 0.275125 0.360995
-0.748829 -0.440487 0.0726851
0.327591 0.590123 0.456148
-0.0771013 -0.671795 -0.454891
-0.282418 -0.571009 0.494116
0.754417 -0.435895 -0.0405106
0.773117 0.315546 0.0972356
-0.292209 -0.720379 0.13941
0.452846 -0.390709 0.493822
-0.109127 0.957567 -0.105265
-0.0550665 0.984402 -0.059087
-0.523632 0.308618 -0.632564
-0.516471 -0.462987 -0.457336
-0.725711 0.382573 -0.266841
0.14572 0.728611 0.403397
0.253827 -0.606849 -0.603246
-0.165758 0.370082 -0.828183
-0.78661 -0.38168 -0.123001
-0.215132 -0.586452 -0.52282
0.540142 -0.172408 -0.741478
-0.489309 -0.500976 -0.419372
0.858951 -0.307559 -0.187836
-0.830154 -0.137206 0.0543416
0.348336 0.118556 0.715862
0.336261 -0.485738 -0.708268
0.64741 -0.55022 -0.038387
0.0181535 0.390222 -0.827145
-0.74703 -0.386351 0.208689
-0.78662 0.264161 0.319816
-0.55899 -0.622315 0.150685
-0.767918 0.264392 -0.132235
-0.688251 0.507464 0.0988986
0.110649 -0.746633 -0.366902
-0.293554 -0.725135 -0.0871115
0.454539 -0.700013 -0.0739812
0.834753 -0.283831 -0.320431
0.265999 -0.151783 0.71572
-0.631003 0.566518 0.144343
-0.153591 0.905254 -0.261803
-0.172719 0.779019 -0.522471
-0.475902 -0.166599 0.735725
-0.448851 0.769147 0.0484014
0.634712 0.493632 0.112227
0.82099 -0.127897 0.222855
-0.720705 0.142049 0.490253
0.0901635 0.810381 0.349413
-0.801523 -0.0827111 0.286345
-0.51695 -0.65437 -0.0607404
0.808039 -0.339402 -0.0136488
0.537943 -0.361413 -0.64659
0.0677523 0.445776 -0.806176
-0.817016 -0.085912 -0.11133
0.186232 -0.669584 0.319611
0.437272 0.340258 -0.704234
0.416107 -0.375682 -0.719322
0.332221 0.774673 -0.349929
0.850091 0.160343 -0.334843
0.866518 0.119017 0.0932761
0.544885 0.20115 -0.677065
-0.813941 0.0872947 0.267245
0.831448 0.0517211 -0.434429
-0.155531 0.697307 0.396625
0.221185 -0.739321 0.104015
0.527072 -0.163332 -0.747765
0.309315 0.506935 0.535926
-0.477983 -0.00989331 -0.68008
0.234857 0.857366 0.0684154
-0.0044388 -0.403348 -0.768563
-0.006372 -0.341334 0.762604
0.807386 -0.415848 -0.190245
-0.496634 0.209842 0.688275
-0.120931 -0.572725 0.533467
0.506967 -0.462682 0.369263
0.488813 0.657171 0.1494
-0.172985 0.33339 -0.847219
0.410371 0.708754 -0.344403
-0.736818 -0.21638 0.409831
-0.20945 0.414877 0.632537
-0.104789 -0.608874 -0.55869
0.68942 -0.0622385 -0.604481
0.570102 0.60308 0.00375586
0.579107 -0.149688 -0.720525
0.405235 -0.704989 0.0522584
-0.438179 -0.442072 0.597713
-0.292846 0.71822 -0.552158
0.136787 -0.63981 0.388646
0.517699 -0.663166 -0.0789509
-0.0288628 -0.412546 -0.753956
-0.259207 -0.0580459 0.85349
-0.340695 -0.42513 -0.591228
0.658413 0.34123 -0.51433
-0.734565 -0.47222 -0.0412847
-0.201787 0.191764 0.816999
-0.593185 -0.129143 0.634216
-0.391189 0.563353 0.440389
0.501627 0.61108 -0.396097
0.196558 0.569446 0.52692
0.780327 0.278917 -0.344599
-0.0549244 0.966123 0.0465071
-0.64706 -0.370159 0.453729
0.794098 0.309232 0.0644666
0.852839 -0.294413 -0.232246
-0.112583 0.952462 -0.128173
-0.143984 -0.383255 -0.72308
-0.482905 0.716629 -0.226
-0.377824 0.662006 0.33822
-0.514274 -0.237969 0.669188
-0.435158 0.550441 -0.579491
-0.324529 -0.603103 -0.380454
0.469551 0.59905 0.278682
-0.247986 -0.704559 -0.193114
-0.274308 0.544521 0.499706
-0.699298 0.27833 -0.401698
0.737741 -0.434337 0.0219203
-0.276825 -0.596625 0.466124
-0.190196 0.654149 0.425462
-0.17681 -0.578708 -0.565447
0.167249 0.551643 0.553874
-0.0265555 0.108178 0.870582
-0.752147 -0.25399 0.332203
-0.398479 0.740251 -0.336557
-0.444892 0.619165 -0.502538
-0.640696 -0.591524 -0.0153219
-0.300998 0.66613 -0.580315
0.44537 0.0752293 -0.78401
-0.383769 -0.129514 -0.695678
-0.614137 -0.17251 0.601053
0.783244 0.154244 -0.488791
0.0355881 0.589011 -0.744552
-0.132643 0.521866 0.557942
0.39019 -0.143878 0.655448
0.549797 0.622721 -0.136389
-0.494074 -0.644174 -0.112673
-0.450134 -0.611261 0.399949
0.419508 0.726267 -0.229539
0.596665 0.510009 0.184872
-0.630879 -0.579104 0.107902
-0.759326 0.034937 -0.295644
0.330016 -0.513405 0.47695
0.540468 -0.655178 -0.206875
0.871538 -0.25533 -0.0481157
0.473874 -0.187911 0.582313
0.388948 -0.719116 -0.322204
0.0657701 -0.68314 0.302163
-0.683092 -0.54409 -0.0948151
-0.501023 0.30278 -0.664402
0.442783 -0.619709 0.233537
-0.685831 -0.534864 0.0610383
0.143845 0.0317309 -0.835024
0.777016 -0.180053 0.259692
0.258267 0.112967 -0.817352
-0.162027 0.767579 -0.542584
-0.249258 0.0134634 0.856345
0.267695 0.831632 -0.343115
0.353821 0.753991 -0.35546
0.436952 0.691756 0.173923
0.397835 0.479368 -0.645635
-0.371747 -0.672507 -0.157315
-0.214136 -0.6356 0.43726
0.84301 0.261395 -0.0925826
0.773471 -0.0231285 0.288101
-0.803334 0.088517 0.323571
0.455646 -0.462803 0.418943
-0.475211 -0.0470706 -0.669825
-0.298977 -0.612823 -0.383689
0.193013 -0.325651 -0.804427
-0.397789 -0.628314 0.379556
0.391708 0.586058 -0.556043
0.46641 -0.699763 -0.110868
0.145071 -0.284217 -0.825431
-0.31435 -0.4539 0.616154
-0.663982 0.27752 0.493895
-0.0108903 0.790453 0.354006
0.56801 0.571702 0.129654
-0.819567 0.127925 0.0544492
-0.451291 0.426258 0.55574
0.725438 0.361863 -0.362003
-0.285192 0.398376 0.626907
-0.743355 -0.0653393 -0.375965
-0.621269 0.265256 0.552712
0.0735395 -0.232601 0.783837
0.0194734 0.732586 -0.631028
0.139133 0.893924 -0.363691
-0.745383 0.25712 -0.262529
-0.54771 0.124646 0.690949
-0.824055 0.104421 0.20755
0.723653 -0.167444 -0.550892
-0.275694 -0.722468 0.148157
0.457608 -0.154696 0.606983
0.143433 -0.793336 -0.127226
0.349226 0.788618 -0.0238897
0.307363 -0.478489 -0.719162
0.411527 0.393036 0.53991
-0.708673 0.178484 -0.414965
0.402132 0.733804 -0.265198
-0.742512 -0.0809479 -0.383121
-0.802572 -0.206834 0.218768
-0.508314 -0.668303 0.0455494
-0.0149342 -0.775066 -0.183018
0.546229 0.627205 -0.0369666
-0.117166 -0.469169 -0.679235
-0.339608 0.824168 -0.0596839
-0.337375 -0.670789 0.292045
-0.828598 0.100268 0.0837525
0.89241 -0.202661 -0.208487
0.323355 0.724237 0.316459
-0.711001 0.485677 -0.0365093
-0.458485 0.667186 -0.396076
0.0673588 -0.71096 -0.459618
-0.586127 0.178909 -0.589127
0.689878 0.0808321 0.368352
-0.253275 0.325124 0.696883
-0.308012 -0.719088 -0.0925643
0.586459 -0.0619771 0.508415
0.54456 -0.145803 -0.746822
0.848307 0.0363216 -0.401733
-0.661361 -0.540856 -0.160494
0.579046 -0.175473 0.494546
-0.006523 0.685468 0.445596
0.757654 -0.0778598 0.324426
-0.207319 0.477048 0.578515
0.908477 -0.163347 -0.167255
-0.513578 -0.629868 0.244016
0.807644 0.22997 0.117458
0.327615 0.316679 0.663733
-0.232629 0.0519302 -0.824574
-0.770106 0.290972 0.326881
0.6287 -0.446843 0.230246
-0.0126734 0.702401 0.430155
-0.265693 -0.0645485 -0.782197
-0.744332 -0.0412013 -0.36593
0.148985 0.122626 -0.8333
0.374034 -0.366561 -0.741375
0.683915 -0.417309 0.166856
-0.652163 0.0625322 0.5752
-0.150029 -0.447487 -0.683669
-0.00464376 -0.0185665 0.876799
-0.798633 0.29516 0.163379
-0.553037 -0.28751 0.599912
0.824022 0.276184 -0.148687
-0.436594 -0.68499 0.0894237
0.517026 -0.0313485 0.580456
0.892432 -0.122352 0.0532358
0.561485 0.115786 0.539093
0.613934 -0.472178 0.224092
-0.461523 -0.559806 0.460102
0.359077 -0.623369 -0.568884
0.89309 -0.176918 -0.0394242
-0.415892 -0.0170042 0.779168
-0.650705 -0.479886 -0.296359
0.845128 -0.310567 -0.0619852
0.308042 0.775098 0.224759
0.293794 0.658491 -0.536275
0.836633 -0.155304 0.167646
0.437769 -0.203273 0.606399
0.79801 -0.272595 0.103224
0.38137 0.762618 -0.00455436
0.0293372 -0.711991 0.221838
0.293025 0.270524 0.705723
-0.0610796 0.623774 0.486573
0.837161 -0.213205 -0.394843
0.14652 0.307321 0.741624
0.206192 0.854965 0.13327
0.221928 -0.544609 -0.666372
-0.0339951 0.835767 0.307012
0.0319968 0.236963 -0.848433
-0.576304 0.63847 -0.144858
-0.749252 -0.0819893 -0.362182
0.0402144 0.329843 -0.834646
0.0271393 -0.197462 -0.834394
-0.0793466 -0.668386 -0.461626
0.0864059 -0.0812448 -0.841727
-0.601579 0.399995 -0.495841
-0.131688 -0.587403 0.51396
0.893371 -0.0322183 0.088234
-0.3843 0.37608 0.618467
-0.791037 -0.0860454 -0.22857
0.135575 0.67221 -0.62474
0.531589 0.638741 -0.0673358
-0.768725 0.103413 -0.242313
-0.717502 -0.49522 -0.100261
-0.0387317 -0.776954 -0.122042
0.0804714 -0.503864 -0.702415
0.451176 0.41322 0.473314
-0.532311 0.673129 -0.197733
-0.167675 0.4847 0.582197
-0.0120375 0.350529 -0.840265
0.398445 0.746936 -0.13391
-0.827113 -0.248422 0.102572
0.889802 0.191898 -0.063913
-0.714478 0.334358 -0.351737
-0.414857 -0.413329 0.63413
0.481089 -0.203444 0.57104
-0.79497 -0.336469 -0.161684
0.460051 0.663708 -0.347618
0.536459 -0.15765 0.537412
-0.0184839 0.118176 -0.857768
-0.11514 0.137289 -0.86083
0.716027 -0.491047 -0.0814202
0.27379 -0.34197 0.642459
0.120405 -0.433707 -0.748986
0.890524 -0.0792801 0.106566
0.884364 -0.167789 -0.271474
-0.555339 0.433667 -0.548364
0.36639 0.116219 -0.801131
-0.612874 -0.608722 0.0180672
0.00338713 0.548268 0.562777
-0.263285 -0.420947 0.664336
-0.411512 -0.33865 -0.600809
0.927846 -0.0600087 -0.0645298
-0.359913 -0.686674 -0.130031
0.21741 0.810817 -0.40919
-0.58835 0.179636 0.634186
0.0450904 0.90599 0.209686
